pixel,year,lon,lat,zone,igbp,area_km2,A,E_I,E_K,E_R,E_K_loo,E_R_loo,E_early,E_late,E_annual,E_centroid,E_q10,E_q10_null,E_q25,E_q25_null,E_q50,E_q50_null,E_q75,E_q75_null,E_q90,E_q90_null,E_centroid_advance,E_q10_advance,E_q10_null_advance,E_q10_gap,E_q25_advance,E_q25_null_advance,E_q25_gap,E_q50_advance,E_q50_null_advance,E_q50_gap,E_q75_advance,E_q75_null_advance,E_q75_gap,E_q90_advance,E_q90_null_advance,E_q90_gap,Et_I,Et_K,Et_R,Et_K_loo,Et_R_loo,Et_early,Et_late,Et_annual,Et_centroid,Et_q10,Et_q10_null,Et_q25,Et_q25_null,Et_q50,Et_q50_null,Et_q75,Et_q75_null,Et_q90,Et_q90_null,Et_centroid_advance,Et_q10_advance,Et_q10_null_advance,Et_q10_gap,Et_q25_advance,Et_q25_null_advance,Et_q25_gap,Et_q50_advance,Et_q50_null_advance,Et_q50_gap,Et_q75_advance,Et_q75_null_advance,Et_q75_gap,Et_q90_advance,Et_q90_null_advance,Et_q90_gap,En_I,En_K,En_R,En_K_loo,En_R_loo,En_early,En_late,En_annual,En_centroid,En_q10,En_q10_null,En_q25,En_q25_null,En_q50,En_q50_null,En_q75,En_q75_null,En_q90,En_q90_null,En_centroid_advance,En_q10_advance,En_q10_null_advance,En_q10_gap,En_q25_advance,En_q25_null_advance,En_q25_gap,En_q50_advance,En_q50_null_advance,En_q50_gap,En_q75_advance,En_q75_null_advance,En_q75_gap,En_q90_advance,En_q90_null_advance,En_q90_gap,centroid_Et_minus_E_advance,centroid_Et_minus_En_advance,qdiff_Et_minus_E_q10,qdiff_Et_minus_En_q10,qdiff_Et_minus_E_q25,qdiff_Et_minus_En_q25,qdiff_Et_minus_E_q50,qdiff_Et_minus_En_q50,qdiff_Et_minus_E_q75,qdiff_Et_minus_En_q75,qdiff_Et_minus_E_q90,qdiff_Et_minus_En_q90,Et_fraction_annual,Et_fraction_early,Et_fraction_late
1065,2020,119.32554582618189,44.975205728326259,3,10,21.915321088134764,10.25,160.81110443901707,154.132122290197,6.6789821488200687,153.84173014022235,6.9693742987947189,166.7800253404348,153.34883020602865,447.0599072817713,193.5527091103051,142.36010622172603,136.51438664677886,161.83631819877974,158.21575762585624,192.65768158741864,187.96984992106087,222.7739677180505,218.37065791095509,248.10589779659864,244.14222328923211,0.17618104246497523,-1.7129193988809845,3.7212895464134021,5.4342089452943867,0.89991120997183316,4.8595602592358489,3.9596490492640157,1.1332807197637749,5.8938734689012051,4.7605927491374302,0.68630265747489716,5.1678749957995933,4.4815723383246961,-0.64379094781540402,3.3400598043536434,3.9838507521690474,104.10133790403779,96.549227505067392,7.5521103989703988,96.220876175168087,7.8804617288697045,109.01305131048139,89.814732375263702,218.02444097906118,189.86879137934844,141.89686383106462,139.85348138995656,164.97210921401771,161.40551958625795,191.7616559578791,188.25065468656035,213.19865596218571,214.05146141194436,235.70662862189343,236.59583415171448,5.0561354522795909,3.6497808441828852,5.1424309191898487,1.4926500750069636,2.8807974966074426,6.9858769024887977,4.1050794058813551,3.9777215352803239,7.8216987290719544,3.8439771937916305,8.645213335299502,7.7166555693322891,-0.92855776596721284,6.1096719061587237,6.4220857734951835,0.31241386733645982,56.709766490275797,57.582891798934725,-0.87312530865892768,57.620854450831757,-0.91108796055596031,57.766973985249933,63.53409784194082,229.03546632267535,199.59111576354522,142.43350017924638,131.89761221401136,159.65543502787648,152.27908577663732,201.90650456001197,187.13832605555456,239.99580704785626,229.10028628888338,259.14764376624692,253.59358326638363,-8.321330888110765,-5.7615200348654412,1.5510275731517424,7.3125476080171836,-4.6450291456098967,0.96555346664206354,5.6105826122519602,-13.616256824951307,0.70288453187609434,14.319141356827402,-12.8072859100497,-0.80009912054401866,12.007186789505681,-6.1562794748288354,0.43514912821979124,6.5914286030486267,4.8799544098146157,13.377466340390356,5.3627002430638697,9.4113008790483264,1.9808862866356094,7.5258266422173392,2.844440815516549,17.593978360231631,7.9589106778246048,21.452499245349202,6.7534628539741277,12.265951380987559,0.48768506732062089,0.6536337375411817,0.58568906104203711
1066,2020,119.57554696975237,44.975205728326259,3,10,21.915321088134764,8.8095245361328125,166.95068389688095,167.59574371661438,-0.64505981973343296,167.6237885035589,-0.67310460667795269,174.75369029285548,143.73903798546235,459.72999894618988,196.22089480769347,146.04619870317993,141.80949428749608,164.73784093601654,162.82934411430833,195.87135656807101,191.58303317785061,224.49351346508348,220.82247689191684,249.04984349897228,245.0963510187363,0.032325367070200173,-2.0558276261394326,2.0057637851799655,4.061591411319398,1.5530737130319778,3.7848615486883546,2.2317878356563767,0.52428454899020949,4.8039228380081909,4.2796382890179814,0.80266199723220666,4.5715251988871728,3.7688632016549661,-0.93578914588277939,2.9934840637224056,3.929273209605185,106.01979466764169,110.56454391462466,-4.544749246982974,110.76214229235484,-4.7423476247131475,111.90520530347953,80.298346345742175,216.91177688409516,193.78721023297763,150.44257379355943,146.07532565533631,169.21331752540209,166.69724708408896,194.59826073539486,192.45200590295499,215.72125719687418,217.48319140357825,235.66141539001501,238.21247787238963,4.9435337255182219,1.2819333637033878,4.8020670370271148,3.520133673323727,4.0308860812288287,6.528637651524889,2.4977515702960602,4.6626823384521288,7.1661135864179926,2.5034312479658638,9.0280317851518816,7.1325267008697608,-1.8955050842821208,7.8899122081928965,6.2243100975769607,-1.6656021106159358,60.930889139832288,57.031198990232951,3.899690149599337,56.861647587787957,4.0692415520443319,62.84848489996898,63.440691520510882,242.81822182238102,199.92479748402337,142.88109120720074,136.83324389270666,159.98759414773369,154.53426620238412,202.61422997152059,188.35342142728533,240.10751346522611,231.32433669287258,259.5936314835505,256.10891473995605,-9.0170850291374904,-6.0648293395900623,-2.2714551611259992,3.7933741784640631,-5.6123121724077407,-1.7839217094516755,3.8283904629560652,-15.914022921042545,-2.8455320535280748,13.06849086751447,-13.471697277675361,-3.2282227613832788,10.243474516292082,-6.2640859386811485,-0.8876836113444142,5.3764023273367343,4.9112083584480217,13.960618754655712,3.3377609898428204,7.3467627032934502,2.4778123681968509,9.6431982536365695,4.1383977894619193,20.576705259494673,8.225369787919675,22.499729062827242,8.8257013540756759,14.153998146874045,0.47182428247299146,0.64035961195409785,0.55863979244012674
1067,2020,119.82554811332282,44.975205728326259,3,10,21.915321088134764,13.782608032226562,172.2674143445729,168.3457319154877,3.9216824290851946,168.17522529937196,4.0921890452009393,175.63230838527215,124.08988438066808,449.31869998667389,199.54391522176522,150.50118249336225,151.38333973843197,166.99257688353174,168.59962672973629,197.85030126147066,193.79812015535893,228.58290624474532,220.65196492799939,252.37831106739202,244.36935082785598,1.792969195335786,4.0669758898131647,2.7267471798435281,-1.3402287099696366,7.1286469258480452,5.688165730804343,-1.4404811950437022,3.1946668860099692,7.2203896148462832,4.025722728836314,-0.91129289727155083,7.0997311850318852,8.011024082303436,-3.569154229929751,4.3197911424007316,7.8889453723304825,89.426797918762531,100.65515056215008,-11.228352643387552,101.1433378589536,-11.716539940191069,89.675613397198504,44.001981675255593,152.60372140721302,199.70133297600444,166.21379793474662,156.15086978861174,182.83695472870349,172.83891062275848,197.53106950918547,193.84418678903245,217.55010896979337,215.24988645949043,237.01331519555831,233.76657430648132,4.4684458460758663,-2.994579512116843,6.6043302819152245,9.5989097940320676,0.62870779409325905,10.097057021965696,9.4683492278724373,7.245316590591699,11.043195123112838,3.7978785325211391,8.7964210226103035,11.176885959571706,2.3804649369614026,6.3864209496981914,10.285419334077318,3.8989983843791265,82.840616374587626,67.690584890743594,15.150031483844032,67.03188808311188,15.808728291475745,85.956694826954845,80.087902566645425,296.71497835963964,199.41718283264362,144.6993772109285,146.91616674413078,160.5032622521563,160.86722167547507,199.83278890631036,193.64480933487866,240.66398871389191,234.30854872284138,258.84624090027455,255.94154397431177,-3.0739557016314905,4.9502813996223551,0.5119845562693115,-4.4382968433530436,2.39755889657377,1.9325063546404238,-0.46505254193334622,-9.2368399544139663,-4.0293161809466085,5.2075237734673578,-10.22209065921632,-3.2023969275933837,7.0196937316229366,-5.1429203159574683,-0.335927461849991,4.8069928541074773,2.6754766507400802,7.5424015477073567,-7.0615554019300077,-7.9448609117391982,-6.4999391317547861,-1.7688511024805109,4.0506497045817298,16.482156545005665,9.7077139198818543,19.018511681826624,9.9555751796279424,11.52934126565566,0.33963358616442851,0.51058722749622731,0.35459765229751994
1069,2020,120.32555040046375,44.975205728326259,3,10,21.915321088134764,12.25,199.32403122656979,193.46145726546456,5.8625739611052268,193.20656365676405,6.1174675698057399,203.05407718592323,123.51246831542812,473.78990293096285,197.18978376866161,146.04892628982941,143.24620168606921,166.04240376485862,163.54855101328241,197.48710639454384,191.55192917663896,224.92740229742847,221.08299974452575,250.02750792620009,245.66245095653369,1.3905175327500956,0.17821133863807859,2.7774630545112586,2.59925171587318,3.3064238674637068,5.8008185526118723,2.4943946851481655,0.92213585600475767,7.0873254066075617,6.165189550602804,2.8626770112627469,6.7263051029343899,3.863628091671643,0.2254188884415953,4.576813986641298,4.3513950981997027,136.13196291446548,128.64118751522255,7.4907753992429207,128.31550104702183,7.8164618674436497,139.38547765135627,64.025461589821134,222.08702306239866,195.51024201682762,150.46764796750412,147.493703164994,172.00100471950978,167.54933525995011,197.22997252086665,192.06681453273984,217.43655888300984,217.20837064323004,235.5712436827925,237.68462612448084,6.0855599825681566,4.6189293048432489,7.6986881421915712,3.0797588373483222,5.4077676732093778,9.2666385023072166,3.8588708290978389,4.4427527717884061,10.082755574828752,5.6400028030403462,9.7030703349375926,10.025275548505164,0.32220521356757104,10.370050419323377,9.1222993666225705,-1.2477510527008064,63.192068050751914,64.820271031741868,-1.6282029809899541,64.891062490532931,-1.6989944397810177,63.668599273214568,59.487006571938764,251.70287955924869,199.96381235336005,142.69973859177503,136.43274834073594,154.97538601451424,154.42417745234383,200.42809550897002,189.55370695309585,245.2629148348376,234.40188230827636,261.61294106332906,259.03823301229664,-7.9602351178115782,-4.846905453399728,-0.63502353984162596,4.211881913558102,-0.044877720290259049,-1.6611658131600961,-1.6162880928698371,-13.157743148167128,-4.2717442938482861,8.8859988543188422,-17.436636263600917,-4.7256945908392538,12.710941672761663,-6.6970247252645265,-1.7407547915391888,4.9562699337253378,4.695042449818061,14.045795100379735,4.4407179662051703,9.4658347582429769,2.101343805745671,5.4526453934996368,3.5206169157836484,17.600495919955534,6.8403933236748458,27.13970659853851,10.144631530881782,17.067075144587903,0.46874579151755275,0.68644510656011193,0.51837245634434159
1070,2020,120.57555154403421,44.975205728326259,3,10,21.915321088134764,3.5263137817382812,173.92072911243304,169.97485097665049,3.9458781357825501,169.80329134249769,4.1174377699353499,201.48137726166533,151.39800078753251,473.958779938519,190.86922685106612,130.88577745948211,135.62620779493705,156.23579903805032,161.69495932705755,190.3075135111427,193.5401137709629,224.29134903970188,225.78554653660325,252.67252449859421,250.81810825888962,4.6054719589189688,6.9440998443399451,1.1192359345757836,-5.8248639097641615,7.3161797690496542,1.8942712691141423,-5.4219084999355118,5.3004843651355031,2.2912034321098815,-3.0092809330256216,3.6510027479125142,2.1237426588418202,-1.527260089070694,-0.38993138855235543,1.4530517737823061,1.8429831623346615,102.34227150454535,101.42225279822014,0.92001870632520877,101.38225143402815,0.96002007051720284,106.72061909138574,81.692530456695749,205.3111009967979,193.62275467960461,144.48648999829814,145.59604840528797,171.37725550492942,170.59807914050498,194.18198213491252,197.73797117465955,215.75419484453278,224.84217703994688,237.51758923173045,245.77749098796787,6.1024316419378977,4.38137691787054,2.7888904005636732,-1.5924865173068667,2.4954294132105304,3.0835181868567645,0.58808877364623413,6.125267721811781,3.079565488998071,-3.04570223281371,11.849738161185854,2.9538587723601495,-8.8958793888257048,9.84858493800931,2.5702165710393672,-7.2783683669699428,71.578457373194396,68.552598683501856,3.0258586896925408,68.421039750046475,3.1574176231479214,94.760757767948235,69.705470444458115,268.64767875429243,187.71477485417282,117.4017597130894,125.84682241388835,144.40788466370606,146.27707041214177,173.61167891108283,181.34520348627754,240.03541694811085,228.26202264158795,261.48881526037195,259.06616721468043,0.83201193098693693,12.642612938062655,0.27439415119211219,-12.368218786870543,5.8753819794388278,0.72685369421745349,-5.1485282852213743,9.0902923750002458,0.39133486717912547,-8.6989575078211203,-11.630282631168996,-0.042730239075268628,11.587552392093727,-4.5043975954839652,0.29963283736788071,4.8040304328518459,1.4969596830189289,5.2704197109509607,-2.5627229264694051,-8.2612360201921149,-4.8207503558391238,-3.3799525662282974,0.82478335667627789,-2.9650246531884648,8.1987354132733401,23.48002079235485,10.238516326561665,14.352982533493275,0.43318345326028235,0.52967981727059021,0.53958790757970865
1074,2020,121.57555611831606,44.975205728326259,3,10,21.915321088134764,2.75,191.08776937486255,164.52856986187908,26.559199512983469,163.37382406452161,27.713945310340932,221.95924715758883,131.71169982076026,529.51701111346483,206.17067072675894,162.51290436474565,163.77046954685702,180.20743150955471,181.17110904905024,203.0771522108416,206.90098706024722,230.70363928341405,233.53079483113825,254.07918263270398,254.51558039429099,3.0626721371822043,2.2851926950078223,0.80596784045823711,-1.4792248545495852,2.2822165681512843,1.3918069742018702,-0.8904095939494141,5.3252827216413436,1.5618494487089549,-3.7634332729323887,4.3725299388565304,1.5653731596468958,-2.8071567792096346,1.5961706549790904,1.1412753882590891,-0.45489526672000125,159.51712276162107,116.91585602225314,42.601266739367929,115.06362600000648,44.453496761614588,170.48263895632226,98.059617326033731,311.75437801890075,207.96290618556546,171.25156601332665,171.13723516590682,186.80114367709885,188.01995974210186,204.17915879809297,210.35909613723493,229.08507378185007,233.09028860909052,249.82583516726064,251.35959949124509,4.4064718071662696,1.5884029017343835,1.5526099448752575,-0.035792956859125979,3.1948576593941596,2.0251245846065444,-1.1697330747876151,7.8797995493021062,2.1088103784957184,-5.7709891708063878,5.9728940526634631,2.1238988824971727,-3.8489951701662903,2.5626370084040673,1.7365742804493323,-0.82606272795473501,31.570646464229867,47.612715111192301,-16.042068646962434,48.310197627414254,-16.739551163184387,51.476608186365411,33.652082410286312,217.76263303309679,200.51698385712012,153.77314124552387,156.11222846595217,161.51773493626445,166.98272585114324,185.95457171446836,190.73272613160199,242.92866510838513,236.05072972493397,262.83818940757646,263.17923119582389,0.96832145309559792,3.899772995437786,-0.19063240148415161,-4.0904053969219376,5.9902399672943432,0.79763384762907208,-5.1926061196652711,7.090815174176214,-0.51234305724932483,-7.6031582314255388,-8.959435039944708,-1.8348753221229401,7.1245597178217679,-2.1879032639919274,0.11774372865772875,2.3056469926496561,1.3437996699840653,3.4381503540706717,-0.69678979327343882,-2.3113700937034025,0.91264109124287529,-2.7953823079001836,2.5545168276607626,0.78898437512589226,1.6003641138069327,14.932329092608171,0.96646635342497689,4.7505402723959946,0.5887523374619178,0.76808081275965634,0.7445019497848564
1075,2020,121.82555726188653,44.975205728326259,3,10,21.915321088134764,20.826080322265625,199.28830989682683,184.89260839821873,14.395701498608105,184.26670885378553,15.021601043041301,195.69001712432146,129.0770360516799,485.08966337516904,200.88303526263996,151.25416377600448,148.03604611353302,170.17185177453021,164.54674803547078,199.93260628235808,191.05702692281434,229.50818415768899,219.71416208640764,252.59718404675246,243.57328650646642,1.6245154141392959,2.6616818826107362,5.1658429635238292,2.504161080913093,4.1939392085891996,9.6885931510863088,5.4946539424971093,2.0495379705663481,10.780878895149755,8.7313409245834066,1.2431408415434362,10.985171301858287,9.7420304603148509,-0.94974747858080377,8.084978044198607,9.0347255227794108,106.78477410732557,82.052190779066223,24.732583328259352,80.976861057228234,25.807913050097341,104.28103846877457,59.85905448347512,221.24660435458645,205.67940521208763,165.43124284093074,151.86710579724169,183.7301257990496,170.23341470989266,202.93892817010223,194.66332873797546,228.98365693455577,218.44861213193826,252.9923111166801,239.86985309814787,1.9619896042275968,-4.6654650515601475,8.236692250849984,12.902157302410131,-0.35500708622217303,13.115492651949751,13.470499738171924,6.8444954985719733,14.804993812908378,7.9604983143364052,4.1550173701484994,15.309763953930428,11.154746583781929,-1.6389942655908385,12.608839693797421,14.247833959388259,92.503535804402418,102.84041686631645,-10.336881061914028,103.2898481373395,-10.786312332937086,91.40897867044805,69.21798134468736,263.84305945411325,195.98176203957104,143.90777964063031,145.33490224738824,160.24972026370978,159.51992167875298,188.25353135813398,186.04492506407996,229.90425409018698,221.67528484077516,252.4160765026607,247.64567890489801,1.0025494771848855,7.1725895519712708,3.4422236326966811,-3.7303659192745897,6.6577174054484942,7.6823274714987235,1.0246100660502293,4.4039270095623237,6.704350848781047,2.3004238392187233,-3.5239402221868659,4.7253834737804539,8.2493236959673197,-2.93864300810597,3.1494189844532343,6.0880619925592043,0.33747419008830093,0.95944012704271131,-7.3271469341708837,-11.838054603531418,-4.5489462948113726,-7.0127244916706672,4.7949575280056251,2.4405684890096495,2.9118765286050632,7.6789575923353652,-0.68924678701003472,1.2996487425151315,0.45609424619603572,0.53288890256739585,0.46374673849427978
1077,2020,122.32555954902745,44.975205728326259,3,10,21.915321088134764,8.7272796630859375,186.56581831260701,163.87352105596437,22.692297256642632,162.88689777966647,23.678920532940538,191.09720771885441,140.39847484319762,488.83951269462705,199.08227210529503,149.37907803597332,147.49326513155648,168.77388117721574,167.6819281941271,198.27515104045369,194.92940347727207,227.47306240207675,224.74760841976561,250.78788473761443,247.52854303451969,1.0623173734351496,0.82888203418528406,2.2892775666961427,1.4603955325108586,2.8814141371074697,4.138588413337601,1.2571742762301312,1.3530765164720151,4.753320690755487,3.4002441742834719,1.43341242649484,4.2619728019821537,2.8285603754873136,-0.6551501724202069,2.5147056191483443,3.1698557915685512,94.314775171835208,76.21523708991117,18.099538081924038,75.428301691641536,18.886473480193672,97.932532774352694,54.884570995302056,182.42900735791773,198.35254544240576,159.27627438501409,152.47995535521665,182.18749290520378,174.92842124709668,198.77562403082908,199.96742786004586,214.73831165154687,225.32628373654441,235.5639327546844,245.97721740546592,6.4930372436641903,-3.1952132362963823,4.1005523946244864,7.2957656309208687,-1.2283924039492433,5.2854193331831709,6.5138117371324142,7.7511070165971034,6.184765005222232,-1.5663420113748714,15.946786549459034,6.1451569911046988,-9.8016295583543354,14.181457060235772,4.5298463696956048,-9.6516106905401671,92.251042914460413,87.658281270295447,4.5927616441649661,87.458596237036545,4.7924466774238681,93.164674718190327,85.513904257677495,306.41050557419658,199.70638019030912,144.05730162592326,144.14283507583565,161.67317057407826,161.41906223185168,190.76251836124626,188.1029746371278,240.35041074506714,223.76733347828508,257.70836487772038,249.94771486347344,-4.5480415223659065,4.1017357235490124,1.0781585017671773,-3.0235772217818351,3.0326938570805737,3.3490632503901168,0.31636939330954306,0.10716057090485265,2.9190607169388727,2.8119001460340201,-14.61473930181603,1.9349182595709635,16.549657561386994,-8.6938789570989172,-0.35629028053583056,8.3375886765630867,5.4307198702290407,11.041078766030097,-4.0240952704816664,-7.2969489598453947,-4.1098065410567131,-4.261086261029817,6.3980305001250883,7.6439464456922508,14.513374122964194,30.561525851275064,14.836607232655979,22.875336017334689,0.3731879330954968,0.51247495420463063,0.39091999437030384
1078,2020,122.57556069259792,44.975205728326259,3,10,21.915321088134764,17.833328247070312,246.2281142642787,222.18436083741835,24.043753426860349,221.13898250134298,25.089131762935722,243.6279737817913,125.70787981953617,572.63238186389208,200.11040221589644,151.1576833882813,150.20320893278387,169.5008488833555,167.02426727696457,198.56807403006255,194.05962610632463,227.83695034800283,224.68947312709747,252.80707681294737,249.36917952253779,2.9953801870053951,1.9020860916957076,2.6585501330880845,0.75646404139237688,3.7980005764710256,6.2165420007039813,2.4185414242329557,2.9948294036266816,7.4136894410859497,4.4188600374592681,4.5663065205804401,7.8731944775021816,3.3068879569217415,2.2851710260235336,5.8053129463660014,3.5201419203424678,111.61564041134625,88.253278222522567,23.362362188823681,87.237522777100821,24.378117634245427,110.28781193459417,46.778394113220202,197.78389116330072,203.10670846272421,167.30448174272087,155.92030548105916,185.1040750409874,174.00695681428692,202.14256229456569,198.28959512763205,222.08320354420832,222.43243130115931,239.41637838294,243.90679427722137,5.3575082342861151,-6.7474600791151147,3.4840778221142443,10.231537901229359,-1.5262439550886029,10.144719288634747,11.670963243723349,7.7445427861125609,11.975758024779992,4.2312152386674313,12.082455233362026,12.689618036711494,0.60716280334946759,13.087831391358122,10.412252821832595,-2.675578569525527,134.61247400939465,133.93108549578756,0.68138851360708941,133.90146014147467,0.71101386791997356,133.34016200365932,78.929485949702212,374.84849121421576,197.89332384655646,145.57520337241391,147.50368677163411,161.00036965556512,161.83070378912922,189.30640980282382,189.08020845626405,233.23336087208025,226.97254135711776,260.12910389322855,253.6067549607007,0.70572676381681276,5.0641940695562084,2.5141514128810059,-2.5500426566752026,5.6523498930746712,5.0352586759755127,-0.61709121709915848,3.6946305456707762,4.1194309042234352,0.42480035855265896,-3.7276211065511973,2.2129242945348153,5.9405454010860126,-4.5241773574952902,2.4768950457956862,7.0010724032909764,2.36212804728072,4.6517814704693023,-8.6495461708108223,-11.811654148671323,-5.3242445315596285,-7.1785938481632741,4.7497133824858793,4.0499122404417847,7.516148712781586,15.810076339913223,10.802660365334589,17.612008748853412,0.34539417858194338,0.45268944375564585,0.37211982399491877
1079,2020,122.82556183616838,44.975205728326259,4,10,21.915321088134764,17.416671752929688,191.67237922829372,175.05329694927423,16.619082279019494,174.33072745309983,17.341651775193895,188.04945184526514,126.05090667507466,486.86879204213619,202.941366066792,154.82821158006442,153.95408260054111,173.90309314953629,169.7001947814031,201.81865159074275,195.1617856836061,229.57713347443041,223.64195953603672,252.07743268643432,247.02738969488703,1.1610772568746768,2.9557850196440256,3.4877354915657577,0.53195047192173206,2.7168295300783711,6.9641093543226305,4.2472798242442593,0.98506935189175238,7.4288302875307579,6.4437609356390055,1.7871312517899298,7.7351424483637743,5.9480111965738445,0.016972659331202067,5.0095172607483391,4.9925446014171371,86.135195060619481,69.681863619973228,16.453331440646252,68.966500456068388,17.168694604551092,86.068931457709823,35.804273813899272,152.05433371872641,202.40254053360366,168.44701752580096,159.49585321224075,188.3813085527031,177.1385594922603,201.99026496337726,200.55723379514689,217.83487859006203,223.17355219641317,235.32025351120387,243.25752763797973,8.0989726025109405,-2.892455823004326,5.1531145871698811,8.0455704101742072,-0.67530147532673368,10.459185241827868,11.134486717154601,10.276762527172195,11.819049734108972,1.542287206936777,16.837241281180553,12.050121049799145,-4.7871202313814081,16.117588202961088,10.002890829566155,-6.1146973733949324,105.5371842266577,105.37143449159157,0.16574973506612878,105.36422613276409,0.17295809389361239,101.98052043412099,90.24663279908782,334.814457770437,203.28298478687361,152.19788002747865,150.82668807788687,166.08198002266334,164.12754796816878,201.59494135444399,188.22343631890351,238.9313413800329,224.11794879662224,258.377502829457,250.15646235031221,-4.9740816349935528,2.9739191532309519,3.1412028631056046,0.16728370987465269,3.0043142126393434,5.8308860788361301,2.8265718661967867,-8.3080598354690096,4.9866586861729445,13.294718521641954,-13.369094424454232,1.8141602196934343,15.183254644147667,-9.3530589594023752,0.59557767043966692,9.9486366298420421,6.9378953456362638,13.073054237504493,-5.8482408426483516,-5.8663749762352779,-3.3921310054051048,-3.6796156879660771,9.291693175280443,18.584822362641205,15.050110029390623,30.206335705634785,16.100615543629885,25.470647162363463,0.31231070096102365,0.45769307282283861,0.28404614261278627
1080,2020,123.07556297973883,44.975205728326259,4,10,21.915321088134764,14.791671752929688,177.65360317813611,167.03625208974336,10.617351088392752,166.57463151820411,11.078971659931995,178.98523701133126,117.8156277110902,481.48113962262869,205.98483756968366,162.27447595775649,159.96359749255387,178.28794372170694,174.79936439388786,204.16285352333912,199.03467169615692,231.55630528594389,226.97433145738367,254.16652642999006,249.03697018695345,1.2003368755601969,1.4868005658125867,3.5663374215055796,2.079536855692993,2.4099134449734549,5.6509670933134828,3.2410536483400278,1.394299700642307,6.2965492358762845,4.9022495352339774,1.5785927092255463,6.1940815685221366,4.6154888592965904,-0.48674190798499239,4.6176277927579861,5.1043697007429785,80.624264556176968,69.606118227546176,11.018146328630792,69.127066803408525,11.497197752768443,81.789953854055057,29.644407818583659,140.79785519838333,203.31994197783959,170.16657136472472,165.86829972427188,191.06165626999973,182.26011639025975,203.16406743603062,203.47423165185688,217.31309290913069,225.5908184722102,234.86656554953129,245.07336316928607,10.534160042113285,3.5917027579877754,7.7647622416641866,4.1730594836764112,2.4102218355953937,10.37561491515126,7.9653930795558665,11.13188818005969,11.06291757573652,-0.068970604323169482,18.367461663123066,10.502722464600907,-7.8647391985221589,17.818045303318144,9.3812607034259372,-8.4367845998922064,97.02933867349202,97.430137532850495,-0.40079885935847415,97.447564267760754,-0.4182255942687334,97.195283208809087,88.171219854943047,340.68328442052007,207.58685805078522,159.09081822365124,156.48896496518586,172.59009589812325,168.56484980564571,212.08030648729905,192.10548288028801,242.38472653327878,228.49699322930516,260.00462835171095,252.93112570816439,-6.8681463188559633,1.228883081118596,2.6555846116519319,1.4267015305333359,0.11916318830665773,3.6189174127408137,3.499754224434156,-17.067454877065245,1.8790101732837741,18.946465050349019,-15.311416274619546,-0.71405575102122043,14.597360523598326,-8.6080220258455427,-0.074025125605885478,8.5339969002396572,9.3338231665530884,17.402306360969249,2.1049021921751887,2.3628196768691794,0.00030839062193876998,2.291058647288736,9.7375884794173828,28.199343057124935,16.78886895389752,33.678877937742612,18.304787211303136,26.426067329163686,0.29242652226987897,0.45696480458260963,0.2516169407616981
1082,2020,123.57556526687976,44.975205728326259,4,10,21.915321088134764,6.9166717529296875,174.54185763219721,147.60475897366996,26.937098658527248,146.43358254328268,28.108275088914525,201.98948478472084,119.59625663377665,523.92878647521138,201.62650790075921,158.58827310400977,160.52202754471497,177.00960709802874,176.98714330532283,200.60511597042395,202.66086073006483,223.95049330695326,229.77171539353606,246.3969430686507,250.20458045989932,4.4907063079689067,3.4235472116903622,1.1272418331834047,-2.2963053785069576,1.9220441340200409,2.0135166001126947,0.091472466092653804,4.7048419989299646,2.6278806777533816,-2.0769613211765829,8.5091388261290319,2.8245000317768074,-5.6846387943522245,5.349482484693624,1.5539711014340298,-3.7955113832595941,106.62576402886043,62.876572397173732,43.749191631686699,60.974432753730071,45.65133127513036,109.13762871693632,68.358871617594559,193.04304166696966,206.66679634665581,181.78840147477717,170.87150770250284,192.87598743048954,189.49309477367567,205.50641458769724,210.18385799286972,220.68425583541884,230.12531777701426,234.78711229599136,247.05788526992146,7.4418794151680459,-6.2687979935023179,4.3608827355947994,10.629680729097117,1.2678672304773215,5.2140186476352994,3.9461514171579779,9.8400263616759958,5.4581823375657734,-4.3818440241102223,14.849701598280831,5.5409435234867033,-9.3087580747941274,15.536699722241934,4.1831936612656477,-11.353506060976287,67.91609353255626,84.728190199962228,-16.812096667405967,85.459149551134033,-17.543056018577772,92.851855893937682,51.237385052503669,330.88574469462037,195.41762271062061,153.7941100006268,156.0685642515173,163.30394040893745,167.45589735711886,179.39067535336093,189.67864553498703,230.77911905236184,228.77414935450273,256.60323559447113,254.05816186143215,2.6379278479223274,4.0105194699755202,0.77611292841606883,-3.2344065415594514,5.8070861122928932,1.5414579638905366,-4.2656281484023566,10.48596668183626,0.24353758299082529,-10.242429098845435,-5.0585895081985086,-2.951761340006982,2.1068281681915266,-5.33792266076793,-1.6142387770258608,3.7236838837420692,2.9511731071991392,4.8039515672457185,-9.6923452051926802,-10.279317463477838,-0.6541769035427194,-4.5392188818155716,5.1351843627460312,-0.64594032016026404,6.3405627721517988,19.908291106479339,10.18721723754831,20.874622383009864,0.36845282536523327,0.54031341697442581,0.57158036164058745
1084,2020,124.57556984116161,44.975205728326259,4,10,21.915321088134764,16.541671752929688,208.43498489260674,200.97625049948692,7.458734393119812,200.65195569396019,7.7830291986465454,207.54260048268952,125.22283065319061,498.53396130353212,199.34021588167701,152.00660871086151,147.29542984202268,172.50070863282627,164.53243324031234,199.61645267186734,192.03450906001433,224.1508920931077,223.30845486508653,246.29862084995364,248.36455216105784,0.36648964646022364,-2.5732645898004307,2.0205526728061898,4.5938172626066205,-3.327815106578754,4.6613263884820526,7.9891414950608066,-1.1183312314608145,6.5171644870246439,7.6354957184854584,5.2233017156302424,5.975248688721706,0.75194697309146363,5.6627749973914661,3.6889947032476016,-1.9737802941438645,122.7944826297462,90.783948600292206,32.010534029453993,89.392186209559441,33.402296420186758,122.4825199743218,79.321017056703568,221.33335276619255,204.45030305431013,165.65486385054194,152.02045392010197,190.3141927653854,170.73007482276435,204.27061175054047,192.41447205109634,221.12468388784461,216.15495470690362,238.1132102495948,239.07312179969358,0.46972956771875829,-4.9543047100924582,7.4848910252196958,12.439195735312154,-8.3982690218991536,11.010194640240911,19.408463662140065,0.20748244191321419,12.847821160722248,12.640338718809033,7.7767506721349093,12.462517968272323,4.6857672961374135,9.8871412172752287,9.0983912422480273,-0.78874997502720134,85.640502125024796,110.19230078160763,-24.551798656582832,111.2597693502903,-25.619267225265503,85.06008040281813,45.901813536882401,277.20060820132494,191.46591264748477,144.32853199460592,144.57950199261879,154.71108248544502,158.89750669263105,176.17943089154878,191.27520912535908,230.30524197721286,232.67256307784027,256.53680588839131,255.37391181007158,2.8824496114502836,0.86973366513947781,0.27999106381543015,-0.58974260132404765,5.6645399486009183,0.77462611818202731,-4.8899138304188909,10.415884839731945,-4.3600975558659627,-14.775982395597907,-1.2611450331473577,-2.208629807974603,-0.94748477482724525,-2.2231675360024781,-0.554087875679528,1.6690796603229501,0.10323992125853465,-2.4127200437315253,-2.3810401202920275,-5.824038375231936,-5.0704539153203996,-14.062808970500072,1.3258136733740287,-10.20840239781873,2.553448956504667,9.037895705282267,4.2243662198837626,12.110308753277707,0.44396845540365076,0.59015604357591966,0.63343893955237396
1098,2020,128.07558585114811,44.975205728326259,4,4,21.915321088134764,0.70833587646484375,194.95838403701782,208.2167983353138,-13.258414298295975,208.79324916005135,-13.834865123033524,216.60959334699328,150.5310854071904,483.3563302308321,192.51164209572713,132.67898568862719,132.6383064267732,159.28475916020707,156.85879175041259,194.39624630365438,190.08125894341495,223.79509091815774,223.69202983457205,249.40045206002836,249.68382567417797,-1.4812569961711688,0.22331405966548346,0.11755815980015427,-0.10575589986532918,-2.0425449904818151,0.31268062355874804,2.3552256140405632,-3.9305105730204843,0.40968940805018406,4.3401999810706684,0.34696736504298542,0.39156248498062496,0.044595119937639538,0.49885515632348643,0.31337262503959096,-0.18548253128389547,132.5399643778801,142.83840242028236,-10.298438042402267,143.28616064786911,-10.746196269989014,141.57594363543694,106.16018005274236,263.29725993005559,195.95782405865586,142.20497598156533,142.4911467872713,170.02772073905075,165.02899663496163,198.23149751793895,194.00477103232743,221.54450330204077,223.48486917772655,246.25746798194933,246.60541810982409,-1.2385352661669629,1.3148738288882669,0.55564801014560317,-0.75922581874266371,-3.9250821236676643,0.58688359703791093,4.5119657207055752,-3.7282323864811815,0.60778663680247291,4.3360190232836544,2.2946498469934795,0.58079618426182833,-1.7138536627316512,0.92080245528447335,0.54453645514513482,-0.37626600013933853,62.418419301509857,65.378393448889256,-2.9599741473793983,65.507087357342243,-3.088668055832386,75.033649359516403,44.370905255727848,220.05906988680363,185.36163211971362,124.28535302890998,121.34888693243049,143.71312460807195,140.08749047186876,174.14502401610113,178.40150927491078,230.22752702469484,224.24483926413532,259.26396251026557,258.02605844303076,-1.5445385390511603,-1.7026059894262886,-0.088497534166776859,1.6141084552595117,-2.0113126678524225,-0.072185721608974518,1.9391269462434479,3.616327564821546,-0.054382791332017177,-3.6707103561535632,-6.3784092812805113,-0.11360931706065003,6.2647999642198613,-3.3993974748565563,-0.31738633657590754,3.0820111382806488,0.24272173000420594,0.30600327288419749,1.0915597692227834,3.0174798183145555,-1.8825371331858491,-1.9137694558152418,0.20227818653930285,-7.3445599513027275,1.9476824819504941,8.6730591282739908,0.42194729896098693,4.3201999301410297,0.54472703358268859,0.65359960031244912,0.70523759106350947
1101,2020,128.82558928185949,44.975205728326259,4,4,21.915321088134764,-0.0454559326171875,207.07276606604864,200.60624048387399,6.4665255821746541,200.32508787808183,6.7476781879668124,233.13427207107816,144.88596724556555,494.81724112294614,189.88188195408648,132.21267342842395,132.60531741372816,155.07187477566379,156.7864504308576,191.10900025383236,190.94829822668765,221.81558948841226,225.21910870780869,248.62982898088603,250.72138666774512,1.5028434966701241,0.80916341403030856,-0.013563261478594768,-0.82272667550890333,1.6845503156955317,-0.020064848105107558,-1.7046151638006393,-0.091296476813397476,-0.024534176991153345,0.066762299822244131,3.3624880292089472,-0.024750895066972589,-3.3872389242759198,2.1357908745221437,-0.018555048251528206,-2.1543459227736719,142.26502377865836,135.50900125141197,6.7560225272463867,135.21526272270421,7.0497610559541499,152.81137308829057,93.283262143848333,266.06934942677617,191.32376643443811,138.67360823526943,141.24329581355454,161.24474726665449,163.87478403587338,193.41409714565233,194.65699855132087,215.45929357725623,225.74659904290229,244.97662155776163,249.45556564933642,3.4191289272418715,2.9733723572506108,-0.030435687545292467,-3.0038080447959032,2.0489078952334694,-0.035696265527576543,-2.0846041607610459,1.1884980274838313,-0.036300565884147318,-1.2247985933679786,9.9449990832762012,-0.035392704998997715,-9.9803917882751989,4.3716844555998478,-0.030776410878019078,-4.4024608664778668,64.80774249600654,65.097238639125862,-0.28949614311932237,65.109824835679319,-0.3020823396727792,80.322898982787592,51.602705375356891,228.74789193831384,187.19218409634888,125.36006433797989,122.44726030118366,144.88252399901725,143.09339983502892,180.16095040819275,181.6351671579516,230.31307888932614,224.17903840441318,253.0453583289802,253.80337911121529,-2.3658868391892725,-2.1324966571918225,0.00346751126937761,2.1359641684612001,-0.9466343048195256,0.015807629033275816,0.96244193385280141,0.042267268304783556,0.0049643651046835657,-0.03730290320009999,-6.7285740974286341,0.0035791941903369207,6.732153291618971,-0.21090503035628672,0.011940240633123267,0.22284527098940998,1.9162854305717474,5.7850157664311439,2.1642089432203022,5.1058690144424332,0.36435757953793768,2.995542200052995,1.2797945042972287,1.1462307591790477,6.582511054067254,16.673573180704835,2.2358935810777041,4.5825894859561345,0.53771236592919469,0.65546507482907235,0.64383917861240214
1102,2020,129.07559042542994,44.975205728326259,4,4,21.915321088134764,0.6086883544921875,121.50890946388245,118.2432713508606,3.2656381130218506,118.10128617286682,3.407623291015625,147.72158135045356,211.88439921697136,485.91637891437858,189.74704424469036,135.26063786253349,136.43617211771442,158.10413654074247,159.4736782748252,190.18868321499593,190.94478561910478,222.29916997044717,224.30841263253865,245.42389407002159,247.08538211038294,2.0505420965378676,1.3527550221699869,0.083365883319004297,-1.2693891388509826,1.6364922351360178,0.26027872149094833,-1.3762135136450695,1.0988148237175608,0.31510892937231461,-0.78370589434524618,2.1406337982981825,0.2967999004190176,-1.8438338978791649,1.8336562381096826,0.26583763524621418,-1.5678186028634684,77.821014761924744,79.999600291252136,-2.1785855293273926,80.094321966171265,-2.273307204246521,89.706610660751721,145.01238132632716,265.44067973271012,190.3457986375623,140.92534312761751,142.10336648804125,161.15884484291993,163.34897541002974,192.0847839929271,193.1117864142785,215.86709570284398,225.71960537804662,243.05377354780506,247.46995678590062,3.9843481601388078,2.1429889886814806,0.43156732113246221,-1.7114216675490184,2.5939784169685538,0.47392452162915788,-2.1200538953393959,1.360700113801272,0.44215516254871545,-0.91854495125255653,9.3126182957885817,0.4045767164888332,-8.9080415792997485,4.4511813410897787,0.3375607042305262,-4.1136206368592525,43.687894642353058,38.243669867515564,5.4442247748374939,38.006964147090912,5.680930495262146,58.014970525789067,66.872018047106394,220.47569933440536,188.62171479467196,128.66420647141297,126.99335332746539,149.98067312517472,150.41252190791201,184.02900471266148,185.93565838102305,227.77802726363342,221.76410494794101,248.33164919577814,246.0924159458219,-1.8802553577909009,-0.58638851841877226,-0.27794280992296194,0.30844570849581032,0.073145867722075764,-0.30723176360950788,-0.38037763133158364,2.0807694429602464,0.081114358453703517,-1.9996550845065428,-6.1265137761813833,0.033782131170653429,6.1602959073520367,-2.3979595684306503,-0.13218374616494089,2.2657758222657094,1.9338060636009402,5.8646035179297087,0.79023396651149369,2.7293775071002528,0.95748618183253598,2.520832549246478,0.2618852900837112,-0.72006932915897437,7.1719844974903992,15.439132071969965,2.6175251029800961,6.849140909520429,0.54626822896102123,0.6072681448483308,0.68439385751016668
1108,2020,130.82559843042318,44.975205728326259,4,4,21.915321088134764,0.263153076171875,135.04818331319257,138.10796582046896,-3.0597825072763953,138.24100284226006,-3.1928195290674921,163.61711554454087,229.54875145963888,528.1487437710166,190.85623197084857,133.13922167248674,134.42887804679864,157.20334514017648,157.57544929754118,191.28769177792938,190.31999660205335,223.7094544785943,224.38243283620784,248.37535593106793,249.50883189484341,0.54024993620109285,1.3651400897968813,0.075297112986902448,-1.2898429768099788,0.5040484367790441,0.13745695187230922,-0.36659148490673488,-0.82912679432331515,0.15490828599288875,0.9840350803162039,0.63398985431268784,0.1468239203931887,-0.48716593391949914,1.1074607638736325,0.11704227964335701,-0.99041848423027545,90.657915044794208,98.40568357394659,-7.7477685291523812,98.742542325722752,-8.0846272809285438,99.404046087905954,165.26341917775108,281.72983367787674,192.48203158317617,142.98257208322937,140.77336025832682,160.96932564283208,161.50063778593815,194.54725679413494,192.26000011718421,218.77431602672957,224.24154192558649,244.16419937832796,248.44463286205939,0.98909529949503394,-1.5891628930731656,0.20171318991856424,1.7908760829917298,0.70977546354666288,0.21252833077565469,-0.49724713277100818,-2.0436459822103075,0.21564350061140658,2.259289482821714,5.4117957723400423,0.20469250872500311,-5.2071032636150392,4.2519646736084553,0.18451589761278342,-4.0674487759956719,44.390268328003003,39.702284018974751,4.687984309028252,39.498459186412219,4.8918091415907838,64.213069455850928,64.285332092485987,246.41890988498926,187.50758117363955,123.37831902817889,123.47139973765303,144.39340593452005,146.03323624601319,180.33944691308281,184.62488354067489,231.45453463621718,224.72530995786417,255.49997880168533,252.41637555711671,-0.75227348922882697,1.845384041619198,-0.038551616575688286,-1.8839356581948863,2.0303286773717275,-0.096008277441598011,-2.1263369548133255,3.9216481344309955,0.052226712629590111,-3.8694214218014054,-7.4831264152022356,0.010324188652418798,7.4934506038546544,-4.0118814871069901,-0.089194467472310635,3.9226870196346795,0.44884536329394109,1.7413687887238609,-2.9543029828700469,-3.4345469346923636,0.20572702676761878,-1.3205532138250646,-1.2145191878869923,-5.9652941166413029,4.7778059180273544,12.894922187542278,3.1445039097348229,8.2638461607154454,0.53342895727879103,0.60754063385774315,0.71994910940218737
1111,2020,80.325367429189697,44.725204584755794,1,10,22.009363430004118,19.631576538085938,91.610341077646808,82.121952563329614,9.4883885143171938,81.70941451699764,9.9009265606491681,88.136086844488091,83.020643112502057,211.06249126326293,188.47347287136029,146.90748615240977,142.54715040517164,160.79217786055932,158.29210528373758,187.17106974193334,181.43141339575635,214.53263551662425,207.55412127683087,234.84393625452412,229.42477929159114,3.8243441742535254,2.3668598824622507,6.5590558360447062,4.1921959535824556,7.0496218624581104,9.6580003512986252,2.6083784888405148,5.3284686388968794,11.068617252416175,5.7401486135192954,2.4631715006625541,9.4343695428817398,6.9711980422191857,0.55999966997237038,6.0596724487812992,5.4996727788089288,23.646763230175566,20.500697590094205,3.1460656400813605,20.363912247510598,3.2828509826649679,23.646763230175566,25.374101989175273,50.682615099358372,189.99936237716562,154.90349209655224,152.44713459268777,174.19450195607223,165.12381108342734,190.4130448991547,180.17986899900069,207.1235642830809,198.1100043046653,221.05555645315567,214.03202044062093,10.234266964616552,16.848281451981791,18.749993794985073,1.9017123430032825,10.058558791693827,19.044882578842902,8.9863237871490753,8.9682782860996326,18.8934969585695,9.9252186724698674,9.0988406711124981,18.244155217192286,9.1453145460797884,8.6400814190689061,17.094805840211336,8.4547244211424299,67.96357781766892,61.621255716822816,6.3423221008461041,61.345502699439749,6.6180751182291715,64.489323584510203,57.64654129766177,160.37987637054175,187.86103678342988,145.05834236425429,138.90676338260158,156.92296652737099,152.95681605123397,185.2313125193356,182.93698701466246,218.75831593384041,215.28125339822176,237.07580934772128,235.27690270704377,-0.039655027254326569,-1.5781581757431695,4.5348196801041922,6.1129778558473618,1.6459362826299468,5.4641708529294419,3.8182345702994951,-0.93054773265862423,1.1885099061348114,2.1190576387934357,-1.402208941121728,2.3062817988373183,3.7084907399590463,0.6727762747949555,2.6316924229141989,1.9589161481192434,6.4099227903630265,10.273921991870878,14.48142156951954,18.42643962772496,3.0089369292357162,8.4126225090638798,3.6398096472027532,9.8988260187582569,6.635669170449944,10.501049612234226,8.0800817490965358,7.9673051442739506,0.24013084843266075,0.26829831090526118,0.30563605674302702
1113,2020,81.325372003471543,44.725204584755794,1,10,22.009363430004118,8.625,85.572627414256203,87.9629530319271,-2.3903256176708965,88.066881451351946,-2.4942540370957431,93.080569092422593,116.77046742638959,253.13847369654104,179.54289666458359,121.56909308158686,122.64065435171014,146.43345946795654,144.58867089902483,181.0552966425781,177.30086158907326,212.49002399876846,208.96024438474598,234.86823897621898,232.39926487754573,0.9898447418400167,3.7254487693955554,2.4872227827389821,-1.2382259866565732,1.448064938299666,3.3250001465353591,1.8769352082356932,0.38333646086857698,4.124187055618421,3.740850594749844,0.24214537420965598,3.7941657739803532,3.5520203997706972,-0.011630861852722774,2.4997107424176193,2.511341604270342,21.102988427166565,15.465803385398431,5.6371850417681344,15.220708380586075,5.8822800465804903,21.120655744231044,62.084407508711593,89.705990289570764,196.38032841493947,155.15060600819899,151.61041032869235,173.33014729221668,170.01406793598636,197.83085214911196,192.74538359336233,220.02220847748498,216.05356961538848,235.61955259664083,233.80349632206571,3.4470782415612291,5.4980800093624111,8.0227868251625125,2.5247068158001014,5.4928828393502727,7.7469066851091952,2.2540238457589226,3.21595851882077,7.2738198693068625,4.0578613504860925,2.4279667314024493,6.5988257011657652,4.1708589697633158,3.0359969346998241,5.1578570511871931,2.1218601164873689,64.46963907090867,72.497151158065208,-8.0275120871565377,72.846172932930131,-8.3765338620214607,71.959913440625314,54.686059824545737,163.43248342676088,168.480882297324,116.03502486820832,117.33387410672982,129.4940590474049,133.18662760869393,163.98441627710923,163.57148272658313,203.80182254433893,201.80208809958339,233.85056084073992,231.13991103592812,1.9044326143279875,3.3856658566079005,1.644385199594339,-1.7412806570135615,6.4172329009575435,2.716447571279673,-3.7007853296778705,1.0870015356174179,1.9304323500622331,0.84343081444481527,-0.39921621457443734,1.3901998997755811,1.7894161143500185,-4.5469595109362331,0.23733138093271577,4.7842908918689488,2.4572334997212124,1.5426456272332416,1.7726312399668558,2.1124141527545106,4.0448179010506067,-0.92435006160727085,2.832622057952193,2.1289569832033521,2.1858213571927934,2.8271829459768867,3.0476277965525469,7.5829564456360572,0.35437517252754352,0.22690724766905634,0.53167901847998256
1119,2020,84.825388013458024,44.725204584755794,1,10,22.009363430004118,1.0833282470703125,76.659982871868124,109.87698430562887,-33.217001433760743,111.32120303145712,-34.661220159588993,89.300293123270421,122.53909447337355,336.69034289009869,204.80982178727101,155.64184169973325,153.07228579117645,181.40697826849615,173.10310996234162,204.4696723222574,199.81223207331468,228.93057002764436,228.15835688442255,249.79455067311869,250.47600382536137,-3.4740259594678662,-2.2170932659847153,0.13766682027247157,2.3547600862571869,-7.8543927773200153,0.44030313546593902,8.2946959127859543,-4.3520653307790269,0.55874728305408894,4.9108126138331158,-0.32424346421382211,0.5182670467662831,0.84251051098010521,0.8568421131150501,0.2750113512528003,-0.5818307618622498,56.302713944049174,86.33981548445081,-30.037101540401636,87.64577545611246,-31.343061512063287,65.571680261608435,88.351831052195848,167.99502002567169,203.05647025529754,154.82126683515952,158.98403480216427,182.24641260066235,177.44826516828499,202.74472199483168,201.87625010907104,225.11402841295336,228.03886034291534,244.3888792343925,248.51763637930074,0.25822649449727919,5.0336415166351287,0.64402956873541939,-4.3896119478997093,-4.2209634599678623,0.76917806273235101,4.9901415227002133,-0.36357403474707439,0.82305770424159164,1.186631738988666,3.4251478739818424,0.74601797352065091,-2.6791299004611915,3.6347154948853699,0.61455467757181736,-3.0201608173135526,20.35726880860966,23.537170983089254,-3.1799021744795937,23.675427806313564,-3.3181589977039039,23.728612769771644,34.187263555288155,168.69532297924161,209.46971906415308,157.75287079498111,141.94310161936124,179.16623747567536,156.61121480755793,210.01468103726853,188.325235735636,244.6800173460438,228.67866646620476,254.04005522465707,256.80911493276386,-14.968596236146226,-12.451647537161563,0.29768208423931242,12.749329621400875,-19.425309615701309,-0.61267173061352764,18.812637885087781,-19.887398035405198,-0.4292949210061181,19.45810311439908,-17.075471853605961,-0.48690085262015259,16.588571000985809,-0.91394257566969372,-0.26639812872775792,0.6475444469419358,3.7322524539651454,15.226822730643505,7.2507347826198441,17.485289053796691,3.633429317352153,15.204346155733447,3.9884912960319525,19.523824000658124,3.7493913381956645,20.500619727587804,2.7778733817703198,4.5486580705550637,0.4989600194161436,0.73428292302571807,0.72100933528110711
1120,2020,85.075389157028496,44.725204584755794,1,10,22.009363430004118,1.2272796630859375,83.174456619264674,114.51225661746503,-31.337799998200353,115.87477176517132,-32.700315145906643,95.783199726720341,154.62150103540262,374.19411620870233,208.17233753408621,158.34741030531711,155.23304726175249,186.99005809784049,175.03655509564987,209.46813097235221,200.8858959400601,233.05430839100046,227.87332800851607,250.19923745906021,248.49625358057301,-6.0889221099802739,-2.7968890096060193,0.24560571925840691,3.0424947288644262,-11.333911208463661,0.58636232443765834,11.920273532901319,-7.9568690169536467,0.67396158896963243,8.6308306059232791,-4.3659173074029525,0.62379900384740949,4.989716311250362,-1.5064306572919577,0.4949659497392247,2.0013966070311824,63.820494900677659,92.841331067200372,-29.020836166522713,94.10310543236119,-30.282610531683531,73.980560252120085,121.02595030308476,213.6300500704383,207.15229699530997,158.45575038447387,161.11641005698138,188.35504903406502,178.98596955110966,208.55239174344254,202.8636713744321,228.72628565187046,228.0364641189048,246.6805312989394,247.15093437354059,-2.7847374212304885,3.4822627648860021,0.82627795924301495,-2.6559848056429871,-8.4643491383610865,0.94912559407592312,9.4134747324370096,-4.6474018783847271,0.94387551601312225,5.5912773943978493,0.19444491919412599,0.86553459398675159,0.6710896747926256,0.67803124497206113,0.67524753508948265,-0.0027837098825784778,19.353961804268693,21.670928523725706,-2.3169667194570138,21.771666454727892,-2.4177046504591999,21.802639560281932,33.595550791922506,160.5640660263598,211.7629700730138,157.9845015115676,142.38120652614589,180.72166421072407,156.15719385396045,212.33581253248326,187.54517664028836,248.16187785177516,227.00938843474637,254.34345106604567,254.52924292123839,-18.698066850593932,-12.552928875636724,0.21172576935643406,12.764654644993158,-21.837964932221581,-0.72916159323776242,21.108803338983819,-25.8568974376835,-0.55225993050856914,25.304637507174931,-21.814032512125351,-1.0560767981318975,20.757955713993454,-3.4780078630781475,-0.21861476276501435,3.2593931003131331,3.3041846887497854,15.913329429363444,6.2791517744920213,16.035191640522726,2.8695620701025746,13.373615793860495,3.3094671385689196,21.209495559298773,4.5603622265970785,22.008477431319477,2.1844619022640188,4.1560391080502086,0.57090702610430322,0.77237511863452557,0.78272393873200263
1123,2020,86.3253948748808,44.725204584755794,1,10,22.009363430004118,4.4761962890625,81.554240498520812,116.17129428492626,-34.61705378640545,117.67638288694434,-36.122142388423526,95.975521817545086,154.54163552436148,327.85168831888586,209.60376976389071,162.10645251252544,158.0377100099993,187.71810752588635,175.70539090606638,211.79997976442559,200.61780747429984,234.87134187976562,226.60077305259742,250.00478137487522,247.79320777969028,-5.9454774811025572,-2.8983328139175057,1.1429748562329394,4.0413076701504451,-9.8809741420994612,2.2856095174684015,12.166583659567863,-8.877609838172333,2.5137094798203634,11.391319317992696,-5.9431264949272702,2.4242849513506712,8.3674114462779414,-0.90689612952957077,1.5588047382732384,2.4657008678028092,68.559346717574954,99.530684089470014,-30.971337371895061,100.87726263248624,-32.317915914911282,80.203817960831657,137.84369340770718,248.41419272075291,210.85258650260636,168.04638270352044,159.62136124998401,191.00682085313241,177.2382742711124,213.24840310081532,200.96602990273658,234.94902149265977,225.46397814346199,250.12525158900385,245.36199556659943,-6.3986369648985431,-5.5300367985016692,2.4324308917434223,7.9624676902450915,-10.93652187283638,3.1939804992440486,14.130502372080429,-9.1409515759772262,3.2444101533551191,12.385361729332345,-6.6109509205483903,3.1441083072323863,9.7550592277807766,-2.5610578513939117,2.5136585518866639,5.0747164032805756,12.994893765113375,16.640610789374023,-3.645717024260648,16.799120096931802,-3.8042263318184268,15.771703869751946,16.697942116654303,79.437495700083673,201.21743307233243,157.09890707207506,150.60609083617865,172.21078826623753,166.8689784554991,202.72041375663829,196.89266954895066,234.60792419618699,237.092981139145,249.83823152084619,259.08820391041519,-2.6275166629606304,-6.732297683594453,-2.4594526418121916,4.2728450417822614,-5.9235385788161921,-2.6720165100846316,3.2515220687315605,-9.914467242092968,-5.2140129694059851,4.7004542726869829,-3.718932030310441,-4.7259347609272879,-1.007002730616847,5.8616755461072216,-1.9723457284000006,-7.8340212745072222,-0.45315948379598581,-3.7711203019379127,-2.6317039845841634,1.2022608850927838,-1.0555477307369188,-5.0129832940201879,-0.26334173780489323,0.77351566611574185,-0.6678244256211201,-2.8920188902379493,-1.654161721864341,-8.4227333975011334,0.75770295402332088,0.83566951699729919,0.89195182217401803
1124,2020,86.575396018451272,44.725204584755794,1,10,22.009363430004118,5.9583282470703125,89.819388435571454,109.81141375327206,-19.992025317700609,110.68063193350099,-20.861243497929536,101.70557861959242,105.92205709010523,285.41124554770067,198.42459557720531,154.98477035573433,153.8706285345466,173.80317882772783,171.34382171345473,198.77319108928893,196.64530887037719,222.06059569667832,222.99062672667466,240.71255561343102,245.95109551721578,1.7071343431747721,0.13923865375110722,1.2746308805617161,1.1353922268106089,-0.40575432591154481,2.5032892580912289,2.9090435840027737,0.55409023011785052,3.0483369601574566,2.4942467300396061,3.4684566346356576,2.5832809441410518,-0.88517569049460576,5.9239224211273154,1.0851686236245826,-4.8387537975027328,77.097121312503077,90.934255263371597,-13.83713395086852,91.535870763858838,-14.438749451355761,86.191621430067244,87.569654157932746,204.39497935614781,197.68192477840941,154.50587498864795,155.17156032960639,174.089185220856,172.8891584581562,198.04795487111986,196.79211385620025,220.36517835976969,221.38926670900753,238.21182183460758,243.26344591565328,3.5511446081934537,4.2979556641212469,3.2910483605866432,-1.0069073035346037,2.0131880177977166,3.7767478958966763,1.7635598780989596,2.6398460114331215,4.2197483300847978,1.5799023186516763,4.4743324337426316,3.787486143713835,-0.6868462900287966,6.7418787888128975,2.4505459078089871,-4.2913328810039104,12.722267123068377,18.877156942663987,-6.1548898195956099,19.144761045466112,-6.4224939223977344,15.513957189525172,18.352402812963192,81.016266107559204,202.23508551503627,157.10800364219065,148.54654860403303,172.43050949571781,165.10995117960488,204.77704014893638,195.27236128332109,234.97187870285933,233.62960033648571,249.81112125931887,255.26348192144027,-6.9541142324055158,-9.6479493909966436,-4.0588719275928895,5.5890774634037541,-9.8817863998500002,-4.7201346390613139,5.1616517607886863,-14.188566416161251,-6.540707045686446,7.647859370474805,-6.9482775636016356,-5.2622230354472492,1.6860545281543864,0.29807494935459999,-1.9594296959668611,-2.2575046453214611,1.8440102650186816,10.50525884059897,4.1587170103701396,13.94590505511789,2.4189423437092614,11.894974417647717,2.085755781315271,16.828412427594373,1.005875799106974,11.422609997344267,0.81795636768558211,6.4438038394582975,0.71614199701177284,0.84746208221722275,0.82673672097813811
1131,2020,114.32552295477265,44.725204584755794,3,10,22.009363430004118,-3,102.34207786704064,109.65460627954599,-7.312528412505344,109.97254214990971,-7.6304642828690703,150.21348799849511,104.73462050054513,428.995899874717,197.86396500422092,143.07680459691434,147.93704443031996,162.10363332882571,171.91879343967423,199.86936959109218,201.17084807151596,228.92571495924315,227.93742519552791,253.03412205818771,250.70066791508231,1.745321448044507,5.7550086632451212,0.10755346206923377,-5.6474552011758874,9.4334816728581643,-0.41951490695461757,-9.8529965798127819,-0.014756487529723472,-1.23205904170959,-1.2173025541798665,-2.3206273300308169,-1.1559687052164236,1.1646586248143933,-3.3493756005687487,-0.77998210369889875,2.56939349686985,51.58541140372472,53.28398054761783,-1.6985691438931099,53.357831865301705,-1.772420461576985,53.706084814319183,50.406560018227538,116.97582597186556,209.36373612710187,159.42235695756239,152.99802696656195,181.99536406237337,176.40795813851147,206.97074570485145,205.35218251198009,235.55389417938764,228.11218809288917,258.1217167743319,248.414893210657,-7.9243190888218749,-7.2785117504471373,-1.9465196545470178,5.3319920959001195,-6.2888793348679428,-1.775865478592749,4.5130138562751938,-4.2725067869349687,-2.3082572484472905,1.9642495384876781,-8.7617785844070681,-2.0470373914730828,6.7147411929339853,-12.035813356381198,-1.1495227929137002,10.886290563467497,50.756666523127933,56.370624092800426,-5.6139575696724933,56.614709940226021,-5.858043417098088,96.507403355746646,54.328060754676699,312.02007426694036,189.92636497279352,138.01262314413785,142.99383085813471,148.3634206724559,167.42706520316432,187.4762077493298,196.13395569340906,226.01738921892738,227.71117648780174,248.98210906901892,252.28255581686034,8.1375332706939218,9.8973168404851322,3.1167326024380202,-6.780584238047112,20.95968829915401,1.8684884280360166,-19.091199871117993,8.597564667757382,0.64632920564267238,-7.9512354621147097,2.2322173003512091,-0.25444377391548301,-2.4866610742666921,0.6666873148825232,-0.34640491120617867,-1.0130922260887019,-9.6696405368663818,-16.061852359515797,-13.033520413692258,-17.175828590932269,-15.722361007726107,-27.248567634021953,-4.2577502994052452,-12.870071454692351,-6.4411512543762512,-10.993995884758277,-8.6864377558124488,-12.702500671263721,0.2726735290617624,0.35753170723828226,0.48127887204179232
1133,2020,114.82552524191357,44.725204584755794,3,10,22.009363430004118,10.149993896484375,143.48377728462219,128.99449098110199,14.489286303520203,128.36451983451843,15.11925745010376,158.9399213980505,92.338593339103682,426.3414252512157,194.09897915543195,144.39774079040501,148.65791066172758,160.77441913079636,167.98508816974643,193.28955296233229,193.3657553113255,223.525954916893,220.49170495497307,248.10898430163215,243.83126273749789,3.7929466294926613,4.1902749372056576,-0.64313600107206526,-4.8334109382777228,10.128839591550644,3.117166808563951,-7.0116727829866932,4.6037124500662969,4.7191411233175984,0.11542867325130146,1.0612878749532797,4.2749622673888439,3.2136743924355642,-1.8439269699698286,2.98891333239348,4.8328403023633086,55.094288751482964,63.934316575527191,-8.8400278240442276,64.31866466999054,-9.224375918507576,55.094288751482964,35.320818679174408,107.43095701641869,201.51286431869704,158.55136378470621,148.37856929444305,173.43131559207745,169.42024524228012,202.15762410352818,194.25644084280256,222.34693983700416,218.06248237365529,250.68054450680935,239.609300513607,-1.9677417565103781,-6.4252021904451055,2.6918261916079018,9.1170283820530074,1.0840734974370889,4.5725603655789371,3.4884868681418482,-2.2725845701120022,6.5004796556818008,8.773064225793803,3.253819625184974,6.5400686918959821,3.286249066711008,-6.9728506608840632,5.1028475599850083,12.075698220869072,88.389488458633423,65.060172468423843,23.329315990209579,64.045855730772018,24.343632727861404,103.84563257206173,57.017774645028112,318.91046805307269,189.93192071006317,139.22400141243858,148.98978560185409,149.63606733531083,166.64709893512639,188.27946949114997,192.36656231766716,224.33134255108808,223.132086960191,247.97273762101491,248.1087495394714,6.4369237890578006,8.5613701436691372,-3.2908123747450873,-11.852182518414224,18.867944911421148,2.1093213123106693,-16.758623599110479,6.359420067577588,2.6365176408207844,-3.7229024267568036,0.93496964091659152,1.8719073785455578,0.93693773762896626,-2.1963398614230414,0.90031218583422401,3.0966520472572654,-5.7606883860030393,-8.4046655455681787,-10.615477127650763,-14.986572334114243,-9.0447660941135553,-17.783871413984059,-6.8762970201782991,-8.6320046376895903,2.1925317502316943,2.3188499842683825,-5.1289236909142346,-4.7765107994610219,0.25198338855558433,0.3466359380756478,0.38251415147144868
1137,2020,115.82552981619543,44.725204584755794,3,10,22.009363430004118,-1.100006103515625,106.18005722352973,99.050948926094861,7.1291082974348683,98.7409855950973,7.4390716284324299,140.86458086176572,95.443336981719767,390.00879220497495,201.7558898273883,151.87046275801418,158.01563278152045,173.50270541563725,178.73873661278014,201.24658888105566,204.76986532900162,228.4503196903969,230.29399227195725,251.62060841793166,251.10742970024802,2.7497205045378621,6.5183161549154249,0.13781597369009546,-6.3805001812253295,5.4260158682861572,-0.31888323848585287,-5.7448991067720101,2.8891746292961784,-0.5015098641903819,-3.3906844934865603,1.2244548143936527,-0.46460732032042529,-1.689062134714078,-0.91825415277503453,-0.089920521773166229,0.8283336310018683,47.786562960380252,42.864136030169902,4.9224269302103494,42.650118157132965,5.1364448032472865,59.047529130893054,41.000074371910159,130.25419103552122,203.83340562352876,158.32666477191231,158.83478037216085,172.53487541216495,183.57245575806616,204.37249227686516,208.4160628269594,230.00544524429893,230.80144971296312,254.98344416731754,248.9367956304707,2.2849142626538423,2.5341106874912214,-0.08240568112861979,-2.6165163686198412,10.990641238471426,-0.088666451363081933,-11.079307689834508,3.4138446987406326,-0.55673041449495031,-3.9705751132355829,0.40443685496120452,-0.65233097568290077,-1.0567678306441053,-6.8045200014705927,-0.54968611394031086,6.2548338875302818,58.393494330204703,56.186808914335415,2.2066854158692877,56.090867277031066,2.3026270531736373,81.817051627309411,54.443262688040704,259.7546012831915,200.23049733910585,148.13041329248861,157.1338817856298,174.37072055468758,176.34702556498632,195.07810397539319,201.78161576323001,228.37039902977924,229.76952718210677,250.83155469235697,253.21480920383675,2.7445725675160304,9.9728600405438783,0.43611428183930911,-9.5367457587045692,1.6478056349631629,-0.52230087239558998,-2.1701065073587529,5.3327906303753991,-0.44290982243458643,-5.7757004528099856,0.88010073353655116,-0.26078095448292515,-1.1408816880194763,-0.39020418505984367,-0.27939989938326448,0.11080428567657918,-0.46480624188401976,-0.45965830486218806,-3.9842054674242036,-7.4387493530526569,5.5646253701852686,9.3428356035082629,0.52467006944445416,-1.9189459316347666,-0.82001795943244815,-0.47566387857534664,-5.8862658486955581,-6.414315816410749,0.33397757599029765,0.41917939037378044,0.42957503025866428
1138,2020,116.07553095976587,44.725204584755794,3,10,22.009363430004118,35.521743774414062,177.12189116012814,168.28373667156484,8.8381544885633048,167.89946831717316,9.2224228429549839,152.45365810585645,97.357552878883325,386.06297291442752,201.10881733390011,150.279349562714,147.13038549459242,172.47568435115161,161.05206758471002,200.32138366306725,183.95654884745511,227.66345753397039,214.30783716707739,252.97116213964298,242.63451422558484,1.6237523508386573,2.9104919114980419,5.4337769023834142,2.5232849908853723,2.9749751825895316,14.344669881739065,11.369694699149534,1.7440296624887992,18.223701642797607,16.479671980308808,1.9781782147256024,15.449383656045683,13.47120544132008,-0.4094619929423402,10.042445388655011,10.451907381597351,79.847910696691542,70.711537426070208,9.1363732706213341,70.314304232246286,9.5336064644452563,66.550298272934015,42.102778761774971,145.24164334387751,201.09699727828104,155.3426077190652,149.11264869177197,170.09437623203243,161.6332835372842,204.14983419216478,182.05984277676546,222.32007712816474,205.93731941532977,253.66885097960116,228.95917447371076,3.5481602624300876,1.0589913569085638,5.4220337168742674,4.3630423599657036,9.5837022568250632,18.474276680005403,8.8905744231803396,2.36004297260871,23.96653911813641,21.6064961455277,8.112749067286785,24.642756732093119,16.530007664806334,-3.8322735270879207,21.444316095047441,25.276589622135361,97.273980599409697,97.57219797695052,-0.29821737754082278,97.585164767789138,-0.31118416837944096,85.903359872037981,55.254774124558935,240.82132963836193,201.11791554045749,148.04840263781026,145.95395991739957,175.13443353822163,160.477681184755,194.41429832706947,186.56736820558893,230.68652803043716,224.21135250476144,252.86665073446571,251.27403171999794,-0.36827312514353139,4.6148049741212844,5.2004311610353966,0.58562618691411217,-3.7697993322672119,11.593107618598594,15.362906950865806,3.2589672234468878,12.199919960336757,8.9409527368898694,-2.4642045605427825,4.7328671562832199,7.1970717168260023,-0.44653747823377898,3.2924879857500855,3.7390254639838645,1.9244079115914303,3.916433387573619,-1.851500554589478,-3.5558136172127206,6.6087270742355315,13.353501589092275,0.61601331011991078,-0.89892425083817784,6.1345708525611826,10.576953627829567,-3.4228115341455805,-3.3857360488541417,0.37621231129065291,0.43652805121097654,0.43245518726371956
1139,2020,116.32553210333634,44.725204584755794,3,10,22.009363430004118,-2.899993896484375,114.27619447566394,116.98902094846562,-2.7128264728016802,117.10696975035535,-2.8307752746914048,153.31655165496704,91.187606503493953,384.30729820393026,201.65211995945603,151.9357755845752,156.04688013675135,173.35064022676929,177.90310314125944,200.39294678926248,204.00611408301538,227.90850925521241,231.12611541980152,252.86694039895343,252.89245119584979,2.2245724012938695,5.3528771247352722,0.49921585176389272,-4.8536612729713795,3.8076015496872628,-0.89170763741762471,-4.6993091871048875,2.265851889655039,-1.1985745103862939,-3.464426400041333,1.9888779989161094,-1.1242291424683799,-3.1131071413844893,-0.55429395072249577,-0.38241617518087878,0.17187777554161698,50.771626783476677,55.448664459294378,-4.6770376758177008,55.652013862025342,-4.8803870785486652,65.898444766938155,36.19392789855101,141.9484426882118,201.58633507609164,158.37562222404642,158.16517722140969,171.4388973887942,181.89155401012997,204.48694545156832,206.88417343370782,222.88665185199895,231.8850329390811,240.75763097592841,250.94309984290396,3.326893618555971,0.65560213042496684,-0.1877910784850485,-0.84339320891001535,9.2037088748952556,-0.90295358915480506,-10.106662464050061,0.60286269587092534,-1.7319820184677326,-2.3348447143386579,7.2196901761295749,-1.5634691262733611,-8.783159302402936,7.9929542662158326,-1.3867976849508921,-9.3797519511667247,63.504567518961267,61.540356441484619,1.9642110774766479,61.454956543981098,2.049610974980169,87.41810690553757,54.993678504360105,242.35885541327298,201.6992798527595,148.4069156713521,154.60897396800621,174.93605405639511,174.83195391088711,198.39202139328435,201.27422920963616,235.09234812607357,230.46809473192221,257.28582965809198,255.05191925255392,0.77107850869350614,8.7473323056748029,0.53417073650749103,-8.2131615691673119,-1.0193162502009159,-0.19186627622272567,0.8274499739781902,1.2027596184338449,-0.93346574417307693,-2.1362253626069219,-6.2599149587492491,-0.77268769779379909,5.48722726095545,-4.7566419917641554,-0.082524575803176958,4.6741174159609784,1.1023212172621015,2.5558151098624649,-4.6972749943103054,-8.0917301752498361,5.3961073252079927,10.223025125096171,-1.6629891937841137,-0.5998969225629196,5.2308121772134655,13.479605134878824,8.5472482169383284,12.749596257979988,0.3693618189183796,0.42981950778047795,0.39691718300736623
1140,2020,116.57553324690682,44.725204584755794,3,10,22.009363430004118,3.149993896484375,129.33226642770023,126.01204226017944,3.3202241675207915,125.86768562580255,3.4645808018976822,159.10955071069475,92.603583035990596,400.21920202346519,201.84614069483709,154.18848204282756,158.72874230265541,173.49578295578928,176.60048145165797,200.0979278314185,201.28941907517302,227.82713552470514,228.13921908891876,252.5604781620298,250.78137103186739,2.2690905794607943,5.1221028970955729,0.2770543005134698,-4.8450485965821031,4.3820243285251763,1.2579249461990969,-3.1240993823260794,2.5472700386184215,1.4491042899947786,-1.0981657486236429,1.4869746611628614,1.2918354591491834,-0.19513920201367796,-1.1781659298147815,0.48606742621169019,1.6642333560264717,62.517535601269628,59.73249074274645,2.7850448585231788,59.611401616062722,2.9061339852069068,70.710077081873351,31.588391620076436,142.79565482842736,199.94370736751361,158.34547986512925,160.11903780565888,171.09865284254809,180.2297814401301,203.53089448725407,203.557401238659,218.3938667738764,227.461455792587,239.74186132432663,247.0667443156521,4.9662176131030833,3.0605579883267637,0.13617590021723913,-2.9243820881095246,10.18027581314081,1.0873749580641459,-9.0929008550766639,1.1341408253447867,1.7350353595815591,0.60089453423677242,10.951532217195052,1.8463276863295164,-9.1052045308655352,7.3599771368977258,1.3145388522935946,-6.0454382846041312,66.814730479978607,66.279552328054706,0.53517815192390117,66.256284581944783,0.55844589803382405,88.399473477202264,61.01519132185058,257.42354709701613,203.1486635277887,149.64235353554088,157.75536845181765,174.71256101820231,174.15126896776789,199.41738109578134,199.04784466611599,236.88239919111876,229.23787939491501,258.03035596892641,254.41733789239279,-0.11593034673867919,8.6450824340125791,0.089528872334568632,-8.5555535616780105,0.71856177484988848,1.4314280880436456,0.71286631319375715,0.96482966129178749,1.3053596494523561,0.34052998816056856,-8.2472845218312045,0.31535686200689383,8.5626413838380984,-5.4629839797285342,-0.70651514067429844,4.7564688390542358,2.697127033642289,5.0821479598417625,-2.0615449087688091,-5.5845244456858154,5.7982514846156334,9.4617140382909213,-1.4131292132736348,0.16931116405299917,9.4645575560321902,19.198816739026256,8.5381430667125073,12.82296111662626,0.35679361236659285,0.444411267369134,0.34111414034378706
1141,2020,116.82553439047726,44.725204584755794,3,10,22.009363430004118,6.350006103515625,129.30124665534095,125.90502821825066,3.3962184370902833,125.75736318122654,3.5438834741144092,143.26761731057741,112.49474249043124,423.58912821672857,198.87856608071829,148.66134507942007,148.55502243779168,171.15327156326433,168.82830098894593,198.91591600003619,194.361776579783,226.61290411260529,221.94825001811188,249.64318955381788,244.95694710536395,-1.0463146595891146,0.60464530294913743,0.34750122847904663,-0.2571440744700908,-0.1425932389586535,2.1842970893339384,2.3268903282925919,-1.68082830698404,3.155995708776544,4.836824015760584,-2.1357261040459719,2.5415994775259207,4.6773255815718926,-3.2330639965990429,1.5904009255818039,4.8234649221808468,49.722133244489669,62.894243338789238,-13.172110094299569,63.466944308605889,-13.74481106411622,57.74357910892104,49.092189822244109,140.08699003754191,195.24504010247045,151.82508586522974,149.82853780428925,167.55415986653571,170.67494051158562,200.97949896524483,195.56561744297306,217.95042592650466,220.34814093893939,237.42938857936369,241.60633406239305,3.0107319924143496,-0.2030449984915208,1.4064776859533765,1.6095226844448973,6.0434424810317182,2.8149477784085093,-3.2284947026232089,-2.1362273793078828,3.8374827705336543,5.973710149841537,5.7597795412842174,3.4741003783248061,-2.2856791629594113,5.5083346265060129,2.7273036863656728,-2.7810309401403401,79.579113105377473,63.010781470078655,16.568331635298819,62.290419200446195,17.288693904931279,85.524038015391852,63.402552495892451,283.50213786028326,201.48515586542985,147.89363103577682,147.07326770980711,174.47809726384486,167.0905505856085,198.7461365468499,193.21431720853337,233.22817202546716,223.32546228950031,256.6316929793249,248.24750424141979,-4.9234140032299933,0.91700160811700471,0.2269281450935523,-0.6900734630234524,-5.8158257104988991,1.0210392521944414,6.8368649626933404,-3.9113140817900103,1.675510692703881,5.5868247744938913,-9.3822046447392893,1.9725249302116481,11.354729574950937,-10.626557821603427,0.48277636263847512,11.109334184241902,4.0570466520034643,7.934145995644343,-0.80769030144065823,-1.1200466066085255,6.1860357199903717,11.859268191530617,-0.4553990723238428,1.7750867024821275,7.8955056453301893,15.141984186023507,8.7413986231050558,16.13489244810944,0.33071431891393271,0.40304697036835446,0.43639541489167705
1142,2020,117.07553553404773,44.725204584755794,3,10,22.009363430004118,16.600006103515625,151.87227641112258,154.5035751906471,-2.6312987795245135,154.61797950303298,-2.7457030919104,150.8301752514235,104.25746943835111,390.11063275125343,198.99128068006283,147.52404264233124,146.93281508184319,170.23824647527749,164.17120690083397,198.55072507939434,190.07480058117477,227.40112574506165,219.23694265348254,252.14875325816647,245.42732040632504,-0.69924538903711664,0.42111641874254246,0.7044855418823488,0.28336912313980633,-0.1014784182270887,5.9221414807476549,6.0236198989747436,-0.96229505130821735,7.6694022340353172,8.6316972853435345,-1.1992487238461251,6.9287951514614292,8.1280438753075543,-3.2331704826731027,3.5530107667482582,6.7861812494213609,60.850760806835751,75.390207683605695,-14.539446876769944,76.022358596983395,-15.171597790147644,60.165557651547715,40.575580977067148,146.32224654103629,196.11868557350391,144.88750537763005,147.49072361120929,167.05719379244806,165.69968055505325,200.27764046455175,190.40171365807277,218.65481159333217,216.0335444722183,240.4813503748255,238.93572954143269,3.04679304009872,6.2353628231415996,3.3071264422889612,-2.9282363808526384,5.8759709510087816,7.6318363555276392,1.7558654045188575,-1.279538290852031,9.6783675883976628,10.957905879249694,7.4790980564546601,9.9294883600034609,2.4503903035488008,4.5307409399246126,7.423901622186122,2.8931606822615095,91.021515201955481,79.113365474524471,11.90814972743101,78.595621072941867,12.425894129013614,90.66461719754443,63.68188837048001,243.78838573337998,200.86620817194492,147.55251676556406,146.3370733053934,173.66118714066809,163.15935545922159,198.52231296551244,189.72673136149419,231.27392450522296,224.43726731567762,257.35754184175534,250.23714022783736,-4.0881491051356136,-0.91714063411845359,-1.3240459302838019,-0.40690529616534832,-6.3305111696054439,3.4987134322298914,9.8292246018353353,-3.2890879096823653,4.7321609640592044,8.0212488737415697,-6.0533331454801385,1.9522393894581853,8.0055725349383238,-8.4037518452788333,1.2100608432455715,9.6138126885244048,3.7460384291358366,7.1349421452343336,5.8142464043990572,7.1525034572600532,5.9774493692358703,12.206482120614226,-0.31724323954381362,2.0095496188303343,8.6783467803007852,13.532431201934799,7.7639114225977153,12.934492785203446,0.37507884752871085,0.39889602694723308,0.38918632109193912
1143,2020,117.3255366776182,44.725204584755794,3,10,22.009363430004118,23.958328247070312,141.74273148179054,165.72890874743462,-23.986177265644073,166.77178794145584,-25.029056459665298,129.12725298720216,95.185583686732571,363.972974576056,199.4780134780703,148.03680141883018,146.28087040056559,168.2028307084972,161.88337779822746,199.13873703791725,187.81560860672798,229.21160682895007,217.34884989446695,252.21518365726433,242.66934910064074,-0.98278245070358139,1.2027120727408942,2.6979162177507021,1.4952041450098079,1.8271487948659058,8.308663593512307,6.4815147986464012,-1.3920926479703155,10.102322441208827,11.494415089179142,-2.6419558077419651,9.2321928406676648,11.87414864840963,-3.7730816702186019,5.7228847071348525,9.4959663773534544,58.408966090530157,82.499823346734047,-24.09085725620389,83.547251284122467,-25.13828519359231,49.596260492402507,27.789067793553386,122.19616450241301,191.0021441921285,143.49213094048437,146.66837372657568,163.05259072724198,162.61792613591842,192.43203162789194,186.86495277901815,216.29265876158345,212.20765208284357,238.42666789943655,234.94780460310585,7.7237365785346412,8.2174962685119795,4.6016219623721781,-3.6158743061398013,9.13618021779439,9.508867166005416,0.37268694821102599,5.9091967024277778,12.81379896552005,6.9046022630922721,9.5248102111087007,13.942268895777374,4.4174586846686736,6.1842708587571451,11.66180528574489,5.4775344269877451,83.333765536546707,83.229088053107262,0.1046774834394455,83.224537178874016,0.10922835767269135,79.530992640085969,67.39651589938876,241.77681013382971,203.94217358141324,148.1608147956388,145.8346090926471,174.3992697067861,161.16011966651612,201.7779969843489,189.1501783351371,237.06887942152036,223.71013732376861,257.4615413850679,248.41602873256781,-6.5050985929187277,0.84766204303798531,1.5977628462009079,0.7501008031629226,-6.0778976604543118,6.659760614206391,12.737658274660703,-6.1669000851850626,6.2922799645860721,12.459180049771135,-11.164668839236214,3.345211690896889,14.509880530133103,-9.8643192199373004,1.7937488319599311,11.658068051897231,8.7065190292382226,14.228835171453369,7.0147841957710853,7.3698342254739941,7.3090314229284843,15.214077878248702,7.3012893503980933,12.07609678761284,12.166766018850666,20.689479050344914,9.957352528975747,16.048590078694446,0.33572867503347786,0.38408824895638422,0.29194618257540572
1145,2020,117.82553896475912,44.725204584755794,3,10,22.009363430004118,18.227279663085938,139.73464432113542,167.60820760444403,-27.873563283308613,168.82010144113883,-29.085457120003412,134.78846655887355,104.23775391600793,370.72738757077605,199.05308350571025,145.12124389094203,139.58181680442689,164.23878676615087,159.6003759490745,198.55616908921681,187.73333711511881,234.15768480109966,218.84923355077927,255.55882469839045,246.01508339191849,-2.1902275344753264,-1.67488644151382,3.5454672578748614,5.2203536993886814,2.0457315881957356,6.9058247853905641,4.8600931971948285,-1.8894332462039642,9.0185952351845344,10.908028481388499,-7.0006987850505595,7.8231922783406276,14.823891063391187,-5.2022494090008138,4.3550978227952157,9.5573472317960295,49.251844346528742,85.162157377026233,-35.910313030497491,86.723474461668957,-37.471630115140215,48.53213880897647,15.36145199084892,79.379258366301656,176.25745780504442,135.30316190927462,138.86372857204941,155.11010055304354,158.43907985344021,171.04856008934041,185.23042412500726,206.85959360014698,211.48839398148581,216.41153054313702,235.29108049240932,19.797106113198282,12.894186412885119,9.6754358306202164,-3.218750582264903,14.002182332550404,12.163597420889204,-1.8385849116612007,24.912497657807961,13.316894927996515,-11.595602729811446,16.317836699349471,13.121767295826146,-3.1960694035233246,26.333497578595797,11.215592730616294,-15.117904847979503,90.48279974736397,82.446049933457289,8.0367498139066811,82.096626472830394,8.3861732745335757,86.256327522654374,88.876301880709434,291.34812888596207,207.3696056573614,147.49293248867303,140.66843493705929,175.35503067201782,161.07795273362117,210.48705522625522,191.15704388421025,241.94667330208586,228.61259702687124,259.3842947328389,254.10625363546302,-12.190151297675612,-7.6536379052094219,-2.1804940572625355,5.4731438479468864,-13.103949918658174,1.2030425093683164,14.30699242802649,-16.220886938315147,2.6817391875063379,18.902626125821484,-14.537311760981993,0.57901334379781133,15.116325104779804,-7.5495190887680224,-0.10157082290729136,7.447948265860731,21.987333647673609,31.987257410873895,14.569072854398939,20.547824318094541,11.956450744354669,27.106132251208578,26.801930904011925,41.133384596123108,23.31853548440003,30.855148460331463,31.53574698759661,33.883016667363819,0.21411759969081665,0.36006151006828446,0.14736936871478235
1146,2020,118.07554010832959,44.725204584755794,3,10,22.009363430004118,17.86956787109375,125.11632044141516,154.82441923086299,-29.708098789447831,156.11607605985046,-30.999755618435302,124.07819345437747,87.729948030730156,325.20201838295907,198.07209272675911,147.95332132150943,145.98958962462711,166.20142006207388,164.09424411935862,197.08162039954385,190.02871402204624,227.02832745119062,218.02759272717191,251.4938029475426,243.44871721682341,0.20935336001650739,0.48337486166258259,2.419962144323307,1.9365872826607244,3.5757999864212593,6.0539452166632373,2.478145230241978,1.4626151175682196,8.3240261768709445,6.8614110593027249,-1.1752069736438386,7.7124214169172092,8.8876283905610478,-3.8652824041687381,4.3046596185612884,8.1699420227300266,52.120660810576737,82.030061583036513,-29.909400772459776,83.330469919474126,-31.209809108897389,51.877314487249578,32.115575471960256,105.12706181698013,193.68594143532223,154.81568826317755,145.49023013939427,167.71903661409948,164.37893870742164,194.93932269845334,188.53448800372155,215.71560660038199,211.89156792796291,236.81543983600579,233.61424152903615,6.0871562295050978,-1.5701387842808288,7.7689737733559809,9.3391125576368097,6.3875782085810613,9.7777207704083082,3.3901425618272469,6.4558794048010952,12.481325215070314,6.0254458102692183,9.5447135192821406,12.820497494677198,3.2757839753950577,6.1518578978519827,11.153872906222773,5.0020150083707904,72.995659804064417,72.794359654300024,0.2013001497643927,72.785606354175798,0.21005344988861907,72.200879150072069,55.614372487989385,220.07495661231223,200.95442105776581,146.19247823367661,146.46349712295523,165.36611635308995,163.78613469394435,199.16658010864774,192.02423576005091,236.85694920104282,228.18689545293006,257.82661850637402,252.27089365549872,-5.0105899641277176,-1.1425228773735796,-3.3541512879711775,-2.2116284105975978,-0.81052657285317764,1.1635865412092699,1.9741131140624475,-4.5477349020188456,1.7983263705495744,6.34606127256842,-10.860889960268736,-0.78200170532164748,10.078888254947088,-10.107292185146378,-1.2808952823294248,8.8263969028169527,5.8778028694885904,11.097746193632815,-2.0535136459434113,-0.42761590690724915,2.811778222159802,7.1981047814342389,4.9932642872328756,11.003614306819941,10.719920492925979,20.405603479550877,10.017140302020721,16.25915008299836,0.32326694139143419,0.41810178761447264,0.36607311634005268
1148,2020,118.57554239547051,44.725204584755794,3,10,22.009363430004118,18.136367797851562,131.95344319457945,159.73455551696316,-27.781112322383706,160.94243083002948,-28.98898763545003,130.89712337300807,130.05735015301798,372.61686915619498,201.23043904455929,148.95761364673314,143.94173893875805,171.46732035130998,162.92519797195496,205.39782602486943,189.81792729952565,228.53547954503978,217.47985113589408,249.39142447354934,242.18899942195117,-2.9504830550834242,-1.9364498653509088,2.8703113125043842,4.806761177855293,-1.7275102917710683,6.6506517361860347,8.378162027957103,-6.3317082532582276,8.9876138290284189,15.319322082286646,-2.2554464533128851,8.8399786649746943,11.095425118287579,-1.5577817319189933,5.7135684683500756,7.2713502002690689,55.10063165055908,90.758281504051411,-35.65764985349233,92.308614731007765,-37.207983080448685,54.571600772233012,65.543229099856035,137.74831589870155,202.49946807165293,155.84975774035007,146.02739719256948,185.53862787373689,165.40213891427075,207.62591114277598,189.20142910540486,224.39124700235962,212.15815114640378,238.8182769412424,232.72186694797449,-1.2471111164740023,-1.9399777972793402,6.9378873848895068,8.877865182168847,-7.3334372338046876,11.074808331240661,18.408245565045348,-5.0500410720648858,13.411890909150173,18.461931981215059,1.9366110329227695,13.628737610695964,11.692126577773195,4.9065122784985817,12.232942199722629,7.3264299212240473,76.852811364275112,68.976274668561928,7.8765366957131846,68.633816269707495,8.2189950945676173,76.325522420521793,64.514120792391623,234.86855279276347,200.14815000472166,146.3884235365486,141.8961692152896,162.87526184641789,159.41585986347172,200.60395813955296,191.10075283947751,233.52605159128498,229.22112746738711,256.98394707001023,252.99967056378222,-6.5512350824746477,-5.2005289422407088,-1.6456257482412298,3.5549031939994791,-3.0378723959549632,0.50562120992802306,3.5434936058829862,-10.203711139228687,-0.51607435363825971,9.6876367855904277,-7.4340852345980295,-1.7223669269501443,5.7117183076478852,-6.634854571131541,-0.88497463104988583,5.7498799400816551,1.7033719386094219,5.3041239660006454,-0.0035279319284313715,3.2605511449613687,-5.6059269420336193,-4.2955648378497244,1.2816671811933418,5.1536700671638016,4.1920574862356546,9.370696267520799,6.464294010417575,11.541366849630123,0.36967815281857158,0.41690450764700354,0.50395636250270859
1149,2020,118.82554353904098,44.725204584755794,3,10,22.009363430004118,13.375,178.47472155094147,173.7923279106617,4.6823936402797699,173.58874398469925,4.885977566242218,181.55168046057224,134.7361483016939,438.0428515624119,196.22269521564766,146.47026511106461,142.85228645942479,164.99580976311034,162.56611290252462,197.37056501472273,190.04331437182623,223.386117534167,218.57762465854282,246.90716841221342,244.01905846249227,1.1708514221787141,-0.2595592756082965,3.1718334472750485,3.431392722883345,3.7093445986485847,5.9985195597339782,2.2891749610853935,0.18273953501042683,7.4989209695640113,7.3161814345535845,2.0026598835497964,6.7890893719096823,4.7864294883598859,1.1038906116138776,4.0610865585847762,2.9571959469708986,111.97635603323579,115.99378356337547,-4.0174275301396847,116.16845199465752,-4.1920959614217281,114.1377184279263,74.419924476038432,215.40844457216735,193.98617530243331,149.54979912752924,145.36117883208311,168.02788976925245,164.6608234756888,196.56930262224978,189.22472156002087,216.44454904619238,213.03713506327895,235.55446485590906,234.58301031474747,4.8884794980365029,2.6506709018225081,6.7517881153378596,4.1011172135153515,6.0504361996788134,9.3295571603897827,3.2791209607109693,2.9689429624465618,10.548141718318618,7.5791987558720564,7.4535436036723013,10.412807901543459,2.9592642978711581,7.1223191291536239,9.1189092249825023,1.9965900958288785,66.498365551233292,57.798544906079769,8.6998206451535225,57.420292630791664,9.0780729204416275,67.413962066173553,60.316224015645275,222.63440724721681,199.52428696656946,145.09995557437242,138.54280061408249,160.92944299883888,156.69795117275103,201.09308152684704,192.90086755811927,235.76220752994288,233.86349964359835,257.69533710866961,256.47867547480348,-5.9847603457547507,-5.3698408039506944,-0.34372639091964174,5.0261144130310527,-5.0239232369330011,-0.7309843239621614,4.2929389129708397,-11.347565645198927,-3.2786786999779736,8.0688869452209531,-5.9355123066169142,-2.8512219793974509,3.0842903272194633,-3.13904786699959,-0.46209012309282116,2.6769577439067689,3.7176280758577889,10.873239843791254,2.9102301774308046,8.0205117057732025,2.3410916010302287,11.074359436611815,2.7862034274361349,14.316508607645488,5.4508837201225049,13.389055910289215,6.0184285175397463,10.261366996153214,0.4917519913950158,0.62867894220738818,0.55233822113870557
1150,2020,119.32554582618189,44.725204584755794,3,10,22.009363430004118,0.619049072265625,147.52863307327789,136.46668440147187,11.061948671806022,135.98572797451197,11.542905098765914,170.55080748549517,186.66298349035424,474.61479462683201,192.28431212729589,139.92503435609663,138.8636695770802,160.95722198642616,162.56017015481135,191.38545016311747,193.6312095609735,221.97204095204964,223.90774369819641,248.61986447065024,248.1605463879263,1.5888069911223681,-0.58295131221888141,0.23933613708641133,0.82228744930529274,1.8251307603015903,0.29678940065531378,-1.5283413596462765,2.6620976221355193,0.3675891879608173,-2.294508434174702,2.2217129128931674,0.29151958582340853,-1.9301933270697589,-0.29426093025841737,0.19147808615059603,0.4857390164090134,103.40190421903026,96.824072309147596,6.5778319098826614,96.538078404773842,6.8638258142564155,116.48869814836871,138.83124421214779,275.39941233652644,192.16882137087666,144.34090450414845,145.952891868184,164.24736384711647,168.29025481454539,192.37232966088223,196.05970451138893,216.90201807463387,222.88451081792513,241.02333364048246,244.5308683096425,3.9062632587721566,2.1783720365708916,0.43921596085704095,-1.7391560757138507,4.2845403293459867,0.49256178071038903,-3.7919785486355977,4.0425371447842622,0.52502610126467175,-3.5175110435195904,6.5414629224665646,0.50929642210201109,-6.0321665003645535,3.4099158074913589,0.46141535860277827,-2.9485004488885806,44.126729003259243,39.64261179713958,4.484117206119663,39.447650311957659,4.6790786913015836,54.06210948613807,47.831739442119215,199.21538259834051,192.57370242098085,132.38294670564457,128.71028096979089,151.57022617970617,146.2319826606201,184.70133499123963,184.1307568060945,236.13193748758181,227.73746103927806,259.2079065851222,257.24991827754309,-3.8039366173719316,-0.45896951052208124,-0.06323147046447275,0.39573804005760849,-1.576232583373212,-0.058040287330953788,1.5181922960422582,-1.2619026260600776,-0.13418007724811787,1.1277225488119598,-9.4606654999718955,-0.38865278311797624,9.0720127168539193,-4.4050737556065656,-0.33146991698396278,4.0736038386226028,2.3174562676497885,7.7101998761440882,2.761323348789773,2.6373415470929729,2.4594095690443964,5.8607729127191988,1.3804395226487429,5.3044397708443398,4.3197500095733972,16.00212842243846,3.7041767377497763,7.8149895630979245,0.58025880241061689,0.68301463866288481,0.74375348350371706
1151,2020,119.57554696975237,44.725204584755794,3,10,22.009363430004118,12.13043212890625,180.45458723243064,181.8279228401916,-1.3733356077609642,181.88763231444318,-1.4330450820125407,184.09941047179927,133.61581319035031,456.72952493280172,197.56828660704244,146.10530649557253,141.29420269677445,164.75633123458368,162.25884398495492,197.10303872399655,190.90896172309908,226.4326277906039,220.50675981284959,251.73704777692967,245.33051693462303,0.46552847986490065,-1.0573789300389649,3.5220083192234881,4.579387249262453,3.5101355392717721,5.9835148704345045,2.4733793311627323,0.93559199821444849,7.3010890226778997,6.3654970244634512,1.0293822796214158,7.0057057431404814,5.9763234635190656,-1.4524423940679583,5.0232973094916815,6.4757397035596398,111.34763192396349,118.43687717492139,-7.0892452509579016,118.74510589232159,-7.3974739683580992,114.26194244851649,76.066274094218898,214.39898883015849,198.32817989697818,153.60828072791915,146.06213973123226,171.81241856988677,166.93218158857769,198.14300888484317,192.07685306407097,221.62326930029175,217.1414219088982,242.35571605898366,237.75556272467227,2.8154021257174122,0.36655743597165724,7.5248788387889647,7.1583214028173074,4.5320746003036163,9.03370022056518,4.5016256202615637,3.6665082684482115,10.018572235067069,6.3520639666188572,5.4044858441426697,9.9201822927143155,4.5156964485716458,3.4309964789802905,8.9171548249841237,5.4861583460038332,69.106955289840698,63.391044184224484,5.7159111056162146,63.142527125715787,5.9644281641249108,69.83746800465633,57.549538816572749,242.33053586259484,196.43293416705143,142.77848249809787,135.11827132286811,154.62534688311257,152.42233612658248,186.14542813217531,186.48371461380285,236.13647252180914,232.64929825365527,259.03121930014936,258.90459261715279,-4.9634993431038481,-5.2668390842900124,0.11739398550270153,5.3842330697927139,-0.92381026064273897,-0.22503783894768503,0.69877242169505394,-0.81374440458225195,-2.1923664838552384,-1.3786220792729864,-8.8101486424336315,-3.494365226705213,5.3157834157284185,-2.6671007442124051,-0.61742613595060902,2.049674608261796,2.3498736458525116,7.7789014688212603,1.4239363660106221,5.6333965202616696,1.0219390610318442,5.4558848609463553,2.730916270233763,4.4802526730304635,4.3751035645212539,14.214634486576301,4.8834388730482488,6.0980972231926955,0.46942222283900487,0.62065349452066476,0.56929095649669992
1152,2020,119.82554811332282,44.725204584755794,3,10,22.009363430004118,14.5,173.55041604885628,172.48373096487921,1.0666850839770632,172.43735035274585,1.1130656961104251,174.57750767120888,125.02802653814797,432.97589932847768,197.51415059522282,145.85461626778823,142.09252274600095,164.98488322216599,162.44832553709935,197.77730221425512,190.12854095158622,225.77347959164445,219.30424399992734,250.50328958675163,243.98181651485493,0.62000562235121492,-0.044598241274258044,3.3514945200575994,3.3960927613318574,4.0626982835754859,6.3149409406279915,2.2522426570525056,0.66855413066713254,8.2922497076301624,7.6236955769630299,1.4767493852446307,7.883123500298268,6.4063741150536373,-1.2463658358053635,5.2361367360473707,6.4825025718527343,99.603350089171727,102.23346092517386,-2.6301108360021317,102.34781406416005,-2.7444639749883208,100.4514963191541,59.686592496679168,176.61760719283484,197.59815993964344,156.04669999126878,147.02974250748878,178.83888698265278,167.95135300274634,198.32703040467837,191.05198195688732,218.67152921945163,215.20231240442919,237.23489413575643,235.18160567761464,4.5595661593181092,-0.044980763661669698,8.4910447675666774,8.5360255312283471,0.7182631697776003,10.780441399393084,10.062178229615483,4.6260247587931644,11.934661166669628,7.3086364078764632,8.2023723525826995,11.781172653106864,3.5788003005241649,7.9477308435598957,10.502834213801464,2.555103370241568,73.947065770626068,70.25026674248511,3.6967990281409584,70.089536730201871,3.8575290404241969,74.126011162996292,65.341434134939846,256.35829214099795,197.41769023381991,142.77614186697068,136.46221157088343,154.79705885293095,153.07759551946663,186.6435293334828,187.12273765553167,238.78359552708852,230.83737969363244,259.20612818312838,255.43635702578123,-6.3665148122187247,-4.6760171150869496,-0.2043488390960988,4.4716682759908508,-0.075948643384577963,0.72660097392844136,0.80254961731301933,-1.3409920432725357,-2.6220841210243577,-1.281092077751822,-11.908247546710356,-3.1392740243767889,8.7689735223335674,-6.6045016062287232,-0.11503843932959512,6.4894631668991281,3.9395605369668942,10.926080971536834,-0.00038252238741165456,4.6310363514252799,-3.3444351137978856,0.79421181316217826,3.9574706281260319,5.9670168020657002,6.7256229673380687,20.110619899293056,9.1940966793652592,14.552232449788619,0.40791556173625193,0.57539769961855425,0.47738570422422744
1153,2020,120.07554925689328,44.725204584755794,3,10,22.009363430004118,7.9166717529296875,173.94351914525032,172.29653254151344,1.6469866037368774,172.22492334246635,1.7185958027839661,187.13088687340996,109.58050879132134,439.45646124414634,200.60636855246045,150.85921812863629,151.56899173249735,167.12308225970406,171.30506391793583,200.7095760037646,197.78611420037467,229.45327602246206,225.45866826306505,253.17025026369689,247.78921291555821,2.0225984830674406,3.4338931733138338,1.8300073275460136,-1.6038858457678202,7.9797190615370539,3.7918067638742343,-4.1879122976628196,1.6997368479663919,4.5690103768499455,2.8692735288835536,0.58216179582024097,4.5592618946647008,3.9771000988444598,-2.5333304709237154,2.9499530073012465,5.483283478224962,89.225762687623501,109.33964139223099,-20.113878704607487,110.21415728330612,-20.988394595682621,91.864279141829229,53.308998526230425,163.09647504368331,206.39218765394486,167.96394209694557,158.90324537038072,187.93231731443004,178.52031717323098,205.39246618097388,200.77910395597692,227.63161320988453,223.63580228070444,247.1030447793604,241.57747789307564,0.11887332950081486,-5.0849703799305246,3.7362086686165412,8.8211790485470658,-2.9105478237535181,6.1833495091890143,9.0938973329425323,2.0453602705976834,6.5427113270596067,4.4973510564619232,2.4619899666433014,6.553902560404623,4.0919125937613217,-0.10054213018534597,5.8896870921642517,5.9902292223495976,84.717756599187851,62.956890590488911,21.76086600869894,62.010766074061394,22.706990525126457,95.266607910394669,56.2715103843002,276.35998650453985,195.06356301589176,144.12704204204977,144.6917890653495,159.01712414708388,159.09766352280553,181.41159131805199,187.7141370261418,231.30946299736328,232.5188772467765,257.34127128040097,257.3163341624882,0.41007188321478338,3.8288420310507547,1.1354894415312629,-2.6933525895194919,3.3228767827930596,2.7294622528904995,-0.59341452990256016,6.4491266521179398,-0.45099388057084866,-6.9001205326887884,-2.2192126036862589,-3.0868536662822521,-0.86764106259599316,-1.6417067795393905,-0.14042844902905927,1.5012783305103312,-1.9037251535666257,-0.29119855371396852,-8.5188635532443584,-8.9138124109812793,-10.890266885290572,-6.2334246065465777,0.34562342263129153,-4.4037663815202563,1.8798281708230604,4.6812025703295603,2.4327883407383695,1.5411646493540445,0.37113227231189289,0.49090922763580686,0.48648248775472419
1158,2020,121.3255549747456,44.725204584755794,3,10,22.009363430004118,13.166671752929688,212.44966128715896,185.55686795073052,26.89279333642844,184.38761594301104,28.062045344147919,220.27195768900856,129.20232015600777,497.07809855043888,201.28324112873838,152.94404276281332,153.79761731670223,172.21906088846643,171.52836010178191,199.68243959792306,197.5714819326123,228.74565802557282,225.37676677995083,252.22004675941611,248.17830134394174,4.3150266400994894,4.5723216642893476,3.7883186883995563,-0.78400297588979129,6.0740938646498535,6.8262515964624129,0.7521577318125594,5.4985451623967094,7.6339770286399471,2.1354318662432377,4.3176873928366035,7.7611117129328875,3.443424320096284,1.5384584806284352,5.5586796501987976,4.0202211695703625,130.85775382640531,105.12601236878618,25.731741457619137,104.00723906877101,26.850514757634301,131.22532481855751,86.324464307997914,257.33976497501135,208.37397837075559,170.39199086349916,160.50012718056684,189.60599992452538,178.13634097199693,205.17252709409112,200.70440842175651,229.51474512262661,223.76297224380377,250.03790534890408,243.01452482407973,2.1795863480391517,-1.3571642874383656,8.2517070247664037,9.6088713122047693,-1.1667469805476003,10.168516643384834,11.335263623932434,5.8811757786537555,10.575836556680457,4.6946607780267016,4.4538099993166895,10.6551618961918,6.20135189687511,1.6035614753995162,9.0144778902624694,7.4109164148629532,81.591907691721644,80.430856163092358,1.1610515286292866,80.38037564737806,1.2115320443435849,89.046632967309051,42.877855825658116,239.73833362013102,189.59027636955793,142.27935054172968,148.16202303299485,154.27015600886267,161.59733611725343,174.54081554071152,188.49632085097312,226.62213110960934,230.19598292043739,255.75888645794757,255.97670480605831,7.817485633980823,8.1971719718299028,0.8849695428727955,-7.3122024289571073,10.567116737916677,3.6934510857826695,-6.873665652134008,16.455111758673837,1.6385865967785378,-14.816525161895299,2.4111308699897052,-1.1897378015423783,-3.6008686715320835,-0.35623970930447513,1.1029928201215284,1.4592325294260036,-2.1354402920603377,-5.6378992859416712,-5.9294859517277132,-9.5543362592682683,-7.2408408451974537,-11.733863718464278,0.38263061625704609,-10.573935980020082,0.13612260648008601,2.0426791293269844,0.065102994771081057,1.9598011847039913,0.51770489531817276,0.59574230962176433,0.66813401031625297
1159,2020,121.57555611831606,44.725204584755794,3,10,22.009363430004118,13.208328247070312,193.07693639855643,172.13502629218056,20.941910106375872,171.22450893722635,21.85242746133008,194.56779594136424,124.8063330008481,459.16653421521187,199.40389602749192,150.53171699161925,149.41298433409628,167.32664714346572,167.4993361777691,198.01360404272873,195.09271363737275,228.86934121692747,224.55148803407266,251.91676951694836,247.12027404400501,2.9804610630687876,2.3225430645921676,2.6749302955465453,0.35238723095437763,6.8022882840079717,6.5405528435320264,-0.26173544047594532,3.9055619593481481,6.6726843688099677,2.7671224094618196,2.374142694670752,6.6483873096548791,4.2742446149841271,0.17716718349251437,4.9065262042508664,4.729359020758352,96.590405605846172,78.667926045629429,17.922479560216743,77.888688426004592,18.70171717984158,97.811671094735175,50.413443811125035,189.06051318906248,202.82700671945091,160.67763421069327,155.09574871291125,182.87686445010218,174.01871491575142,201.73950726607904,199.73291478532548,223.36411309895215,224.85584815425639,243.5964620222137,245.21402370870388,5.0590559403610484,1.5265575285444584,5.5050186360303996,3.9784611074859413,0.97189902322159583,9.1313560532882434,8.1594570300666476,7.2135903278585545,9.4728501715639766,2.2592598437054221,10.126549396235959,9.536037397564769,-0.59051199867118953,7.6613084193803331,7.6624759331020584,0.0011675137217252995,96.486531839516829,93.467099566065372,3.0194322734514571,93.335820749640334,3.150711089876495,96.756125893435637,74.392889215800096,270.10602204501629,196.43928061337093,143.72133576283159,145.93362018633724,160.595424639404,161.78645111203519,186.80056611671924,188.42184436449182,231.85997231888817,224.07056345772435,255.55690854280164,248.77764907544287,0.035149759745166875,4.5999586300409874,1.0283011031439457,-3.5716575268970416,5.6371572021565726,4.1374351757118575,-1.4997220264447151,6.0977792299799773,4.3823107427861601,-1.7154684871938173,-5.6337195175799764,2.590082048561186,8.2238015661411623,-6.1794797716128755,2.2668406474574851,8.4463204190703607,2.0785948772922609,5.0239061806158816,-0.79598553604770927,-3.073401101496529,-5.8303892607863759,-4.6652581789349767,3.3080283685104064,1.1158110978785771,7.7524067015652065,15.760268913815935,7.4841412358878188,13.840788190993209,0.41174715294135439,0.5027125410014518,0.40393337901196458
1160,2020,121.82555726188653,44.725204584755794,3,10,22.009363430004118,18.291671752929688,201.85217116891181,177.13025446777829,24.721916701133523,176.05538946453453,25.796781704377281,200.61778790243716,128.65748585642541,465.42481848038733,199.82265810278921,149.95194185803609,147.17108839626638,168.55930098926146,164.79950045567315,198.83022901523515,191.40852623469496,228.53077059219572,220.73242076627781,252.39735836670931,243.97610280002635,1.90016273227954,1.5278349439792862,3.7872364994243526,2.2594015554450664,4.7961539385194385,8.3254980775898844,3.5293441390704459,2.3164771233538488,9.6162165884614978,7.299739465107649,2.0156531077010413,9.7859869424939632,7.7703338347929218,-0.85154085240353083,7.5175269836443874,8.3690678360479183,105.5667917217138,68.359029994127923,37.207761727585876,66.741302122940397,38.825489598773402,104.53486936455784,29.66861547473718,172.64879346184898,197.05778866097614,158.46770014939847,152.87482580359406,180.79594775759406,172.2918878157586,197.49970404419065,196.15861310138314,209.42493109572342,219.78668215501551,235.65841203447806,239.96344675317144,10.510668567614033,2.3355656776444391,6.9554610398401451,4.619895362195706,3.3059772939728873,11.765423844843667,8.4594465508707799,12.686263852739188,13.533330458729893,0.8470666059907046,22.45264337364128,14.090000482556007,-8.3626428910852724,14.946318202956576,12.191638788264783,-2.7546794146917932,96.285379265900701,108.77122418556064,-12.485844919659939,109.31408793764058,-13.028708671739878,96.082918356582013,98.988870719913393,292.77602545171976,201.72480469140697,145.18121547892662,144.60566135219619,162.91743940153265,159.71858669583455,212.13932373648771,185.95259342530082,240.82196709672741,221.79569299368069,256.70424563747935,247.17118982083997,-5.1741693948240197,3.3988588129249422,2.4160965199824034,-0.98276229294253881,3.5241637267807278,6.6491815168753874,3.1250177900946596,-18.580635569305571,6.7576234155132511,25.338258984818822,-13.980856905057891,4.8232172337099257,18.804074138767817,-6.94837924476127,3.7501786275121276,10.698557872273398,8.610505835334493,15.684837962438053,0.80773073366515291,-1.0632931352805031,-1.4901766445465512,-0.21818643280784045,10.369786729385339,31.266899422044759,20.436990265940238,36.433500278699171,15.797859055360107,21.894697447717846,0.37094883342394058,0.52106480914541042,0.23060154857872556
1161,2020,122.07555840545699,44.725204584755794,3,10,22.009363430004118,18.454544067382812,211.32149704568292,198.76728603895026,12.554211006732658,198.22145164405811,13.100045401624811,208.8781131466676,128.92342198142796,474.99686700850725,200.11050864424473,147.18346114892731,143.44040290302527,167.25045675820886,162.0250591567368,198.79784327443272,189.83385215722373,229.80672032898394,220.5577896842882,254.93849704805723,245.41316229687226,0.6259676354573287,2.2374074388670238,4.4313717368974324,2.1939642980304086,3.9798165194264357,9.1363478484378504,5.1565313290114148,1.4324268970520393,10.367021689450183,8.9345947923981441,0.82351875279593401,9.9715210340218903,9.1480022812259563,-1.8756353002431467,7.5958766512785019,9.4715119515216486,99.233148783213892,73.215072471884923,26.018076311328969,72.083850370792788,27.149298412421103,98.085899135168347,23.958597083611039,152.62930622138083,194.90263677950642,152.72571351931285,148.19516604942257,178.2526548603727,168.83232519619938,196.7081871041467,194.78250583751887,208.53962752352439,219.82714481765004,235.15988883896893,241.7689075307797,10.632005250956155,1.5993561475810623,6.9493027809782859,5.3499466333972236,2.2746468708178895,11.177468962130064,8.9028220913121743,11.401366875698102,13.23320894963183,1.8318420739337284,22.96915955353586,13.994657675230116,-8.9745018783057446,16.671950858453613,12.16106334357616,-4.510887514877453,112.08834855439636,125.55221406557757,-13.463865511181211,126.1376008560328,-14.049252301636443,110.79221430342659,104.96482451461998,322.36756039038301,203.05637812620867,145.53882186543768,141.42432180235772,163.38843686331862,158.21375112206647,212.71009501811443,185.36803630112814,242.10752317222813,221.2996560440796,260.16244458208877,247.9513996622145,-6.28707774155572,1.7905169074637683,3.1244444334746788,1.3339275260109105,2.098226025587536,7.724512625172423,5.626286599584887,-18.516258178040658,8.3156346239318566,26.831892801972515,-14.43715483953585,6.1155338884609591,20.552688727996809,-8.9856822283362021,4.2074119093116735,13.193094137647876,10.006037615498826,16.919082992511875,-0.6380512912859615,-0.19116075988270609,-1.7051696486085461,0.17642084523035351,9.9689399786460626,29.91762505373876,22.145640800739926,37.40631439307171,18.54758615869676,25.657633086789815,0.32132697460222875,0.46958437941411091,0.18583587617665306
1162,2020,122.32555954902745,44.725204584755794,3,10,22.009363430004118,19.708328247070312,240.85316721239724,210.36458228068295,30.488584931714286,209.03898772780667,31.814179484590568,237.80582989393952,109.16032738593276,498.72430250048637,199.59009269979407,150.80763367475294,150.14487843085971,167.80832874160575,166.4858498298029,197.23228179457064,192.95293891316715,227.92678704012798,223.13526972446834,255.09888730290288,247.72537538179739,4.8442090473740222,4.5472944085212816,4.3427862426504191,-0.20450816587086251,7.1476202300008822,8.477053591329252,1.3294333613283698,5.5970824772703054,9.7284433191224764,4.131360841852171,5.4681452141045099,10.24958400295364,4.7814387888491297,0.84397022693687518,8.2339739295075844,7.3900037025707093,103.27376677938628,83.834110835101455,19.439655944284823,82.988908691180768,20.28485808820551,100.98483468937775,29.722645829362591,173.7782081910409,201.45364178088053,165.27856082529127,155.7183063957871,184.3478531873856,174.35731255963685,200.85900081504104,198.65463075592405,216.23917968229264,223.20245320233937,238.19802968641608,244.16255665372051,9.3746467587745599,-2.1663821620568626,6.0249011835347517,8.1912833455916143,1.7009815546659297,11.863364068778765,10.162382514112835,11.584821220833476,14.011329320117028,2.4265080992835522,20.236812598645656,14.096284919316247,-6.1405276793294092,17.054660644947774,12.358680109051193,-4.6959805358965809,137.57940025233438,126.53046918060591,11.048931071728475,126.05007903662499,11.529321215709388,136.82099502388519,79.437681325447556,324.94609415531158,198.46375724264854,145.78121314444218,147.11149043806122,161.96624307788827,160.80785028182024,188.36626184616085,185.91922985269187,234.91558718059989,223.04304740124832,260.70840552790139,251.24017421531781,0.50555524658670947,6.9801562238450288,4.2872197308076636,-2.6929364930373652,5.731687831035714,7.6857582235525683,1.9540703925168543,5.4665104525547861,7.5110760248844599,2.0445655723296738,-6.8744138199316467,4.5200594952952997,11.394473315226946,-6.356850528937656,3.8769025954522363,10.233753124389892,4.5304377114005376,8.8690915121878504,-6.7136765705781443,-9.1465383859018914,-5.4466386753349525,-4.0307062763697843,5.9877387435631704,6.1183107682786897,14.768667384541146,27.111226418577303,16.210690418010898,23.41151117388543,0.34844543833087305,0.424652476915375,0.27228432289580035
1163,2020,122.57556069259792,44.725204584755794,3,10,22.009363430004118,6.1666717529296875,188.25164758110986,169.00850095050191,19.243146630607953,168.17184101143357,20.079806569676293,212.45429014675938,112.08900194918169,503.69010882079601,206.34981732644053,161.73057181472106,162.30458975608181,178.13331612555345,178.39643304838378,203.78879598623149,203.87375612406007,232.260049270054,232.60752041536372,256.2608823235775,254.59004043030217,2.3368223671299972,2.3326212533746684,1.5494071111461949,-0.78321414222847352,2.8455766381718206,2.4732698974529512,-0.37230674071886938,2.9263581711060453,2.6401661985271119,-0.28619197257893347,3.1470190546130823,2.9277955967717162,-0.2192234578413661,0.49657685920408312,2.1530122325635261,1.656435373359443,107.22732767409434,73.935024499995052,33.292303174099288,72.487532734352499,34.739794939741842,111.5020259607245,47.322554506894448,201.19899118936155,207.695805081885,172.73865226138551,169.82080552301295,190.93307035872499,187.84251292900512,205.16345613297318,212.44586046028039,225.62492920707277,235.35841109268043,244.86892326070307,253.54549214401726,7.5732506608136134,-0.24356975253488145,3.1368929647310608,3.3804627172659423,1.8410777505978331,4.2433091040026909,2.4022313534048578,11.527015463204947,4.507945281911816,-7.0190701812931309,12.876415945890614,3.8885302250849065,-8.987885720805707,10.682895181461419,3.4456506975009233,-7.2372444839604952,81.024319802707396,95.073475149138176,-14.04915534643078,95.684308455895007,-14.659988653187611,100.95226405937501,64.766447792464533,302.49111777171493,205.05982472068837,155.3207927275229,158.60936315818981,166.85539787654989,171.34301197596176,191.43724187923809,193.43508247797823,243.87368862287965,227.63615352223593,263.44964497034698,255.57171442753142,-3.1406644117241171,5.6543947060042399,1.1860263574662042,-4.4683683485380357,6.3403539887633542,1.6051988103436088,-4.7351551784197454,4.0355042729540571,1.8730919739043088,-2.1624122990497483,-15.193213393407746,0.68882622422560758,15.882039617633353,-8.3848621064936424,0.69432724276870772,9.0791893492623501,5.2364282936836162,10.713915072537731,-2.5761910059095499,-5.8979644585391213,-1.0044988875739875,-4.4992762381655211,8.6006572920989015,7.4915111902508897,9.7293968912775313,28.069629339298359,10.186318322257335,19.067757287955061,0.39944995477555539,0.52482830957991489,0.42218731261742604
1164,2020,122.82556183616838,44.725204584755794,4,10,22.009363430004118,9.1666717529296875,183.73380141558664,162.4432043761044,21.290597039482236,161.51752612474593,22.216275290840713,198.21118071760611,105.95362723765356,498.94181552529335,207.27552304768804,165.59144523683798,163.7648153245307,181.74014525230001,178.85709646772077,204.88194433923258,203.44096007928061,230.40290520580714,230.9363761135404,253.2080669159395,252.84129728420339,2.2228028510298543,1.2231633993149273,2.6816552947295236,1.4584918954145962,1.3181806553423314,4.1302886302407842,2.8121079748984528,2.7034934898496488,3.9944804839705057,1.2909869941208569,4.6823850568730734,4.1969269758526195,-0.48545808102045385,2.4926465848363364,2.8276396540216524,0.33499306918531602,112.29818941085614,75.045061921866363,37.253127488989776,73.425361672079816,38.872827738776323,115.71558676297548,39.266398351723183,213.28964933753014,205.23607370604594,175.72859752189444,169.15719648596297,190.21425000404557,185.62855479536992,203.37012064889302,208.45176185482339,220.23003554670873,230.79945658979852,238.12658624018385,250.28862523848008,9.1491256632652096,-1.6618413641652978,4.4121488314953297,6.0739901956606275,2.1892264162518984,5.7927668345868994,3.603540418335001,11.506782711177294,6.200868861201144,-5.3059138499761502,16.594358618399582,5.9784320963383095,-10.615926522061272,15.364671947510772,5.0444747688598568,-10.320197178650915,71.435611883658567,87.398139558447838,-15.962527674789271,88.09216319600182,-16.656551312343254,82.495593814932363,66.687229087096057,285.65216615051031,209.39425171511544,162.12116549422919,160.70477816908783,172.6297129821825,173.20174738659364,214.28150326893049,196.33357494450121,244.78178185671072,231.10766464083827,261.66567988434917,255.40733298432016,-4.630430157163886,1.6451389483675314,2.6320930473042949,0.98695409893676356,3.5786398772482357,3.0165165074657807,-0.56212336978245503,-14.606398745346212,2.4672246405053784,17.07362338585159,-13.323997178392005,0.72536070879058911,14.049357887182595,-6.3933686066139046,0.80164353801248467,7.1950121446263893,6.9263228122353553,13.779555820429096,-2.8850047634802252,-3.3069803125328292,0.87104576090956698,-1.3894134609963373,8.8032892213276455,26.113181456523506,11.911973561526509,29.918355796791587,12.872025362674435,21.758040554124676,0.42748401256562474,0.58379949276341214,0.37059984991027073
1165,2020,123.32556412330931,44.725204584755794,4,10,22.009363430004118,16.166671752929688,195.00662815570831,171.48573696613312,23.520891189575195,170.46308851242065,24.543539643287659,194.06392355859134,109.46427524066894,480.47945112362504,205.99437641171517,163.5199808392172,161.63412853308566,180.34828000314346,175.95066919467575,204.3079573536414,200.30200826143172,229.19016955653933,227.77388568582191,252.17848617783508,250.06766564615086,2.6597069804810189,1.747992474614847,3.2707198827814352,1.5227274081665882,1.2080897134978272,5.6181766414636911,4.4100869279658639,2.6483699622397125,6.708787762696744,4.0604178004570315,5.6010327597160483,6.874384499743428,1.2733517400273797,3.2540045656254506,5.2737856901075872,2.0197811244821366,101.26600876357406,72.185880959033966,29.080127804540098,70.921527922153473,30.344480841420591,101.26600876357406,25.005729587748647,159.99316224548966,200.65042699242625,170.78965726044049,165.80905496385168,189.41898834877281,181.31629762135796,201.16475187161524,202.07993370377096,212.30498535820971,224.15115253573083,225.86812156194495,243.44526159286454,13.00752548854814,2.8193676002769337,7.7643267735991515,4.9449591733222178,1.983579097065558,11.115904989669758,9.1323258926042001,12.777265514331901,12.181517111481782,-0.59574840285011987,24.298815660344843,12.139957249099325,-12.158858411245518,27.245781644254151,11.701530533433271,-15.544251110820881,93.74061906337738,99.29985499382019,-5.5592359304428101,99.541560530662537,-5.8009414672851562,92.797914466260409,84.458545356759714,320.48628825321794,209.80123217611649,159.46558856216282,159.31847156812208,173.26687726591348,171.04819216734242,215.44373013501479,197.61689304640421,244.36202191800385,231.76385205748542,260.74016337644593,256.51525225409932,-6.2057879028400009,2.9072836077922659,1.9016657020159187,-1.0056179057763472,1.7415492016288283,3.3338797043483339,1.5923305027195056,-17.610515261534374,-0.010168262774698178,17.600346998759676,-12.937947105740903,0.11168642370219573,13.049633529443099,-7.0071692331442819,-0.92784003524565151,6.0793291978986304,10.347818508067121,19.213313391388141,1.0713751256620867,-0.08791600751533224,0.77548938356773078,0.2420298954367297,10.128895552092189,30.387780775866275,18.697782900628795,37.236762766085747,23.991777078628701,34.252950877398433,0.33298648229666783,0.52181779542862872,0.22843735577448324
1166,2020,123.57556526687976,44.725204584755794,4,10,22.009363430004118,11.166671752929688,195.88547810948512,179.51701056125967,16.368467548225453,178.80533878219285,17.080139327292272,208.49811418862737,105.78330224389356,477.58548647165298,200.51363434499001,154.57995623590347,155.41105458940751,172.17174360209813,172.87454126079936,199.16317621468633,199.37527942602804,225.07684553124844,227.926477709339,249.19272976725691,250.92987113332981,4.7471452368919245,2.9342403299297928,2.2199811957221698,-0.71425913420762299,3.8843351090256135,3.5185147734962641,-0.36582033552934945,5.3328483466343641,5.1662297835189861,-0.16661856311537804,8.2830246683722351,5.3080235535682903,-2.9750011148039448,5.2168394482947065,3.5273456224563517,-1.6894938258383547,101.13216776176341,84.621696853981121,16.510470907782292,83.903850603564933,17.228317158198479,101.34904630787855,39.022678357465338,164.97461268946063,202.91837789314692,175.34610931032682,162.68246247806039,191.82099043010916,182.68285523659148,203.61974559781626,203.99865067860577,217.74582756060158,226.29022235640693,229.95066325223604,246.01023075647385,8.7233562141727816,-6.8103447393490057,4.590258569540083,11.400603308889089,-1.7254488338667784,7.4375457504654605,9.1629945843322389,9.1146520901074837,8.582011183395764,-0.53264090671171971,17.41649838834681,8.7309764701580264,-8.6855219181887833,21.754110009917696,7.1161481091278915,-14.637961900789804,94.75331005528642,94.895313004440141,-0.14200294915372069,94.901487296975574,-0.14817724168915447,107.14906768082437,66.760623898069753,312.6108730956912,198.57263852057366,151.38511586563791,151.63354259875203,163.20993226035577,164.37740789095392,186.4785503083495,190.4606247994943,236.63501090453713,230.98006554027904,260.36902884308375,256.26512808028485,0.089190570392673862,2.4974977198707506,1.2103321934246765,-1.2871655264460742,4.0869960096991917,2.693591187583678,-1.3934048221155138,5.0712940457602258,0.39029312579481257,-4.6810009199654132,-7.3678852352849447,-1.1751879804760961,6.1926972548088486,-5.9215745718002779,-0.46892433444628523,5.4526502373539927,3.9762109772808572,8.6341656437801078,-9.7445850692787985,-9.3078424592197564,-5.6097839428923919,-5.8124448435659701,3.7818037434731195,4.0433580443472579,9.1334737199745746,24.784383623631754,16.537270561622989,27.675684581717974,0.34543472815364262,0.48609094956220322,0.36889260903856835
1181,2020,127.57558356400716,44.725204584755794,4,4,22.009363430004118,-4.4583358764648438,158.14264714339151,185.64096300668825,-27.498315863296739,186.83654291266794,-28.693895769276423,189.18141330257322,166.12257934772788,466.79178089927882,194.33247598720638,132.21625897031805,132.4948670697429,162.69488399150535,159.25572669161735,197.99661671828011,194.11219004108179,224.23316218415439,227.90738401548589,248.80196674973843,253.21109824099224,-2.4467190305045392,-0.47349985117497795,-0.75409141512466249,-0.28059156394968454,-5.3127020617171752,-2.0742837059100054,3.2384183558071697,-6.1449292005019345,-2.4300635573032991,3.7148656431986353,1.5830445501286192,-2.2339333333310378,-3.8169778834596571,2.8416622232567761,-1.5408385974079408,-4.3825008206647169,91.473522781172505,115.87015406244063,-24.396631281268128,116.93087723857388,-25.457354457401379,98.423939162352326,110.153332771024,219.99674507696182,201.78771078414468,157.08370230053148,148.88442469576106,183.95731701924348,172.25183630364009,204.15565323637895,201.70540538973486,223.76971793994068,230.51053278307521,244.18973332282621,252.45653802612702,-3.9157207589746292,-11.14048923782255,-3.3590580199943929,7.7814312178281568,-14.219248793382633,-3.6075274802016395,10.611721313180993,-5.9856740884731607,-3.7503204423138072,2.2353536461593535,3.2907282947791714,-3.4185571178112752,-6.7092854125904466,5.0638975108315378,-2.9573445870557293,-8.0212420978872672,66.669124502848717,69.770810061835618,-3.101685558986901,69.905665609522657,-3.2365411066739398,90.757474249185634,55.969246614888107,246.79503599833697,183.73459358616262,123.96069505308357,120.37195151617399,139.95966440269351,139.71805405223921,173.12166105936922,175.61283514831888,225.31763469639628,221.44818688154714,259.13501755340349,254.65691427779356,-1.0858317266340407,-2.1334384251089205,0.33153291286646436,2.4649713379753848,0.28260068049667098,-0.18122974539386405,-0.46383042589053503,2.5053496031951283,0.86125345500374806,-1.6440961481913803,-2.6271498278258321,1.034192846965027,3.6613426747908591,-3.1322344001440001,1.9279265756544817,5.0601609757984818,-1.46900172847009,-2.8298890323405885,-10.666989386647572,-9.0070508127136293,-8.9065467316654576,-14.501849473879304,0.15925511202877374,-8.4910236916682891,1.7076837446505522,5.9178781226050035,2.2222352875747617,8.1961319109755379,0.47129524143106372,0.52026220464340711,0.66308465233043956
1183,2020,128.32558699471855,44.725204584755794,4,4,22.009363430004118,-0.86363983154296875,110.61726766297943,119.93243157705001,-9.3151639140705811,120.33743575320113,-9.7201680902217049,137.13861234682372,243.20450271821755,505.83959434181452,192.4140435208065,134.54999837567888,133.08198931843248,160.16388283888605,157.37157526485154,193.875756831274,191.50455208024553,223.84104585275179,226.36619220038276,248.79458630756849,251.05164184353731,-0.8492107708119363,-1.2966849744265971,-0.16039229870551708,1.1362926757210801,-3.1750000110824885,-0.36098731286332963,2.8140126982191589,-2.7903035438127404,-0.46255312711264196,2.3277504167000984,2.0208760969092907,-0.38042203450558532,-2.401298131414876,1.9001471145338655,-0.33998449199515335,-2.2401316065290189,70.92537907591759,80.730758739126031,-9.8053796632084413,81.157080007746117,-10.231700931828527,82.715126535185618,170.81516900487622,290.65161272045225,193.75909000892028,141.52885319710151,139.5690108892,163.980412630036,161.64461497403747,195.06684827060002,193.96182341857391,219.16365163252354,227.88069876179199,248.13890823961438,251.76038386592981,0.32886887470857573,-2.509370594928356,-0.57447190345089894,1.9348986914774571,-3.1958363563290391,-0.61645502894612036,2.5793813273829187,-1.5554263449583061,-0.59825241928444939,0.95717392567385673,7.4879976248257663,-0.53174214390477914,-8.0197397687305454,3.0882990947316671,-0.44745588994769037,-3.5357549846793574,39.691888646666484,39.201669638237945,0.49021900842853938,39.180356279186526,0.51153236747995834,54.423485867178897,72.389333728242491,215.1879817545414,189.72496179567557,125.96751178373589,123.76984111552092,148.89645305346403,148.00597596048482,186.90156784138082,185.47835231925492,230.63642065487977,223.76947156022783,251.51303628676661,249.25546588696642,-3.2601586497049766,-0.85060115638012235,0.046084456617251135,0.89668561299737348,-0.84404094261086016,0.17019211232670273,1.0142330549375629,-1.5450805666625058,-0.16863713303703776,1.3764434336254681,-7.3092327404325204,-0.18142178426461442,7.1278109561679059,-2.8130761390177099,-0.048890354128673152,2.7641857848890368,1.178079645520512,3.5890275244135523,-1.2126856205017589,-1.6587694385482337,-0.020836345246550536,-2.3517954137181789,1.2348771988544343,-0.010345778295800301,5.4671215279164755,14.797230365258287,1.1881519801978015,5.901375233749377,0.57459245178037255,0.6031497994598265,0.70235200045941049
1185,2020,128.82558928185949,44.725204584755794,4,4,22.009363430004118,-1.2608718872070312,120.57103091667159,120.69597068262374,-0.12493976595214917,120.70140132537199,-0.13037040870040073,148.51444951976191,213.13543341984405,477.92720785178244,189.6449798433556,132.84252162480632,133.75738200877774,156.8249098727938,158.2380684600441,190.25544665627925,191.00623572460503,222.05828958469715,225.44731797768492,246.73721685017364,249.3493890599191,1.334191994711972,0.80878677931025322,-0.28571814553711761,-1.0945049248473708,0.77111261093207872,-0.5761746457119159,-1.3472872566439946,0.12068129843152064,-0.69650888207576145,-0.81719018050728209,2.6204026071855253,-0.64008525347438194,-3.2604878606599073,1.9999301589350296,-0.51729529217766412,-2.5172254511126937,78.8651119138799,84.76721252898642,-5.9021006151065194,85.023826288830605,-6.158714374950705,91.296789651824838,154.99611625279931,275.46644183248281,191.38231700124456,138.79531296876496,141.80373724318667,161.24732712268263,163.66115325736439,192.82351168464729,193.79239378493773,217.9240381764393,226.85719286259553,244.87830515798504,249.64898059878325,2.4309244076455627,1.9634894625564812,-0.85649069032436387,-2.819980152880845,1.1411476563523593,-0.94737727725632226,-2.0885249336086815,0.08015494044380489,-0.95317323370656482,-1.0333281741503697,7.426328228440326,-0.76731756483849267,-8.1936457932788187,3.8600248987784482,-0.72290514382041238,-4.5829300425988606,41.70591908183269,35.928756357723614,5.7771627241090755,35.677575211468138,6.0283438703645515,57.21765996252725,58.139317199762445,202.46076620556414,185.93567822534985,125.07628527223666,122.69505959823876,146.17087415767159,144.58006960202934,178.80987503602046,183.89900031961184,227.01490797826054,222.38041433149147,249.17571254006793,248.52416378501476,-1.2158416657606494,-1.1498011715733867,-0.13270623407520077,1.0170949374981859,-1.1000595305761465,0.17725185145357614,1.2773113820297226,4.0712893489834414,-0.24220461486908107,-4.3134939638525225,-4.8479102686229112,-0.1372407890365821,4.7106694795863291,-1.4427956617759889,0.059982899021292724,1.5027785607972817,1.0967324129335907,3.6467660734062122,1.1547026832462279,3.1132906341298678,0.37003504542028054,2.2412071869285057,-0.040526357987715755,-3.9911344085396365,4.8059256212548007,12.274238497063237,1.8600947398434187,5.3028205605544372,0.57637740079847488,0.61473338080599715,0.72721890380132514
1186,2020,129.32559156900041,44.725204584755794,4,4,22.009363430004118,-2.4285736083984375,124.73714929550624,118.39079662641234,6.3463526690939034,118.11486720141693,6.6222820940893143,155.05444314282795,243.18706000209932,510.33514085412025,190.5162627851559,132.4453933158311,133.28103929290509,156.7450186880495,158.10381919056243,191.01554805030318,192.30853339282046,223.69416111963022,225.93538514588207,248.31404318182456,251.26907272860066,0.5527119074557163,0.2733491123874785,-0.7552624453661565,-1.028611557753635,0.16797853706157184,-1.2820868709871434,-1.4500654080487152,-0.18114345691782319,-1.4869129122363063,-1.3057694553184831,0.66731693065347031,-1.4891849753936981,-2.1565019060471684,1.6713696015491735,-1.1725939197740729,-2.8439635213232464,80.826624257673757,81.000758139518439,-0.17413388184468204,81.008330563945492,-0.18170630627173523,93.368422186595126,172.1424868869326,287.31594575103372,191.69214618272812,141.10366650259124,142.1255406461365,161.57684542141712,164.00082171006505,193.36246247883437,195.29809845229224,217.83615971702591,226.04662582008359,243.47548240532606,249.88925560442686,1.6445129398498466,-0.60240636644351753,-1.8648440113269373,-1.2624376448834198,0.21393797877749421,-2.0162475593259899,-2.2301855381034841,-0.18477871267978685,-2.0878909385739064,-1.9031122258941195,6.1034983399713667,-2.0219774586428514,-8.1254757986142181,4.2058916047113257,-1.9107314898186019,-6.1166230945299276,43.910525037832485,37.390036860539112,6.5204881772933732,37.10653693549466,6.8039881023378257,61.686020747616567,71.044573219829545,223.01919505745173,188.16405560574353,124.78564276157708,121.45629827538062,144.37865861349542,142.99571256506641,179.07057830697164,183.95057192033974,231.22077903753865,225.61722042231662,257.02212806946955,254.64992053936427,-2.0582743141262654,-2.0024506498063204,0.30844263301655417,2.3108932828228745,-0.062795586150429017,0.71042562841023482,0.77322121456066384,3.8455846702250369,-0.1371397487653212,-3.9827244189903581,-5.9250618963541797,-0.22570023165940256,5.6993616646947771,-2.889646622388085,0.52759174133257147,3.4172383637206565,1.0918010323941303,3.702787253976112,-0.87575547883099603,1.4000442833628028,0.045959441715922367,0.27673356492792323,-0.0036352557619636627,-4.0303633829048238,5.4361814093178964,12.028560236325546,2.5345220031621523,7.0955382270994107,0.56299463382076453,0.6021654090917542,0.70786038897565762
1187,2020,129.57559271257088,44.725204584755794,4,4,22.009363430004118,-1.111114501953125,134.14080678812752,127.74471767497744,6.396089113150083,127.4666253961841,6.6741813919434207,159.98649514736098,255.64768864381767,531.35899307206273,191.69396311220862,132.27195985909819,131.94268188021371,156.56882527269138,157.43723289497134,193.11229000374925,192.46668589145196,225.14226551460621,226.83460351562053,249.39184675020186,252.76236034085517,0.21300700539836726,-0.6099992802823806,-0.30922289606559161,0.30077638421678898,0.33391227108768362,-0.56018014228109791,-0.89409241336878154,-1.3624745589253848,-0.64841749360431322,0.7140570653210716,1.0185363983787852,-0.65116096303881932,-1.6696973614176045,2.7415965131837368,-0.50959208040376325,-3.2511885935875,85.296241195643233,85.420157424850913,-0.12391622920767986,85.425546617851069,-0.12930542220783536,97.466404304428579,185.09185886288014,296.9823249373585,193.0294939778334,140.99572764429087,142.68583027884083,161.83623303302792,164.73192069789044,195.76699153469238,196.36704781434094,221.56237357122387,227.04077730343786,244.07253930292487,250.78659191868633,2.2042424444507844,1.1272124078432455,-0.91265751699231146,-2.039869924835557,1.8167029280537292,-0.95006431985206063,-2.7667672479057899,-0.6198864967826978,-0.9650398661416375,-0.3451533693589397,4.4892557429722615,-0.93509320219737901,-5.4243489451696405,5.6527170172144565,-0.87170909402320262,-6.5244261112376591,48.844565562681964,42.324557594409271,6.5200079682726937,42.041078467063926,6.8034870956180384,62.520090798228921,70.555829900560639,234.37666813656688,188.85824896506648,124.66170594788593,119.38556070586041,144.0792966641412,139.27962472809963,178.9568782010632,180.75784562940447,232.38876914138262,226.3078687289966,262.35085750687847,258.08775954266531,-4.0698711104332119,-3.3688547769640849,0.11618495926263961,3.4850397362267245,-3.9058901041534,0.16298896418925324,4.0688790683426532,0.79077068511301718,0.22715419481366439,-0.56361649029935279,-6.5532554578280156,0.078189011250316298,6.6314444690783318,-5.2675002779182591,0.60300491729498162,5.8705051952132408,1.9912354390524172,6.2741135548839964,1.7372116881256261,4.4960671848073304,1.4827906569660456,5.7225930322071292,0.74258806214268702,-1.410657181895715,3.4707193445934763,11.042511200800277,2.9111205040307198,10.920217295132716,0.5589108847492148,0.60921644801740205,0.72401147002255994
1190,2020,131.07559957399366,44.725204584755794,4,4,22.009363430004118,1.5555572509765625,106.53848481178284,105.65644896030426,0.88203585147857666,105.61810100078583,0.92038381099700928,133.5210569576393,224.30838504381609,498.38955465331674,190.80063220436435,134.12783512535401,136.07603660672277,158.75242047588824,159.43205390504201,190.25621931995857,192.28312612327704,223.6497580685855,226.71125646608684,248.35012613572192,250.4754864758161,2.8424467566587737,2.2924062530446463,0.3063682702724293,-1.986037982772217,1.478596780851916,0.72034270457743332,-0.75825407627448271,2.8352497772521303,0.81538706131982508,-2.0198627159323053,3.8026643118271863,0.8056366748220114,-2.9970276370051749,2.6344609509051793,0.60793341147982005,-2.0265275394253592,69.574123650789261,72.50584077835083,-2.9317171275615692,72.633306622505188,-3.0591829717159271,76.0983112110913,155.35471021016383,253.41249601636082,193.48522201152656,147.14948250079004,141.70254457725827,163.16497350959349,163.3527304450981,194.03150491058875,194.72713440770605,220.14896836618794,227.81196901582726,244.61988105750623,250.32687828127541,2.8680305233498586,-3.8743517012202631,1.0607506435956395,4.9351023448159026,1.0773426983393506,1.1412310003258312,0.063888301986480656,1.8017762855713499,1.1763981026463739,-0.62537818292497604,8.2839892199855854,1.11377894672259,-7.1702102732629953,6.1777593907939661,0.97414643398326461,-5.2036129568107015,36.964361220598221,33.150609135627747,3.8137520849704742,32.984793901443481,3.9795673191547394,57.422745834299349,68.953674692091226,244.97705860808492,185.88392049783428,123.91100454114574,126.14280305815468,143.61083820719506,149.39356104284096,178.43113165821745,185.79318349172584,227.9948746393716,224.08137157789218,252.22339579687602,250.91269938595363,1.848830910652282,4.1782192837008409,-0.2835345323993721,-4.461753816100213,5.4194113907845747,-0.67068842236196247,-6.0900998131465371,7.5031342298055108,0.021297278991767143,-7.4818369508137437,-4.5384668321557911,0.081240674698278781,4.6197075068540698,-2.4678445118817933,-0.46579885713916269,2.0020456547426306,0.025583766691084975,1.0191996126975766,-6.1667579542649094,-8.052570984921104,-0.40125408251256545,-4.3420686924452241,-1.0334734916807804,-5.7013579442341609,4.481324908158399,12.822456052141376,3.5432984398887868,8.6456039026757594,0.50846269479430872,0.56993490723514972,0.69259430573590486
1192,2020,80.825369716330627,44.475203441185336,1,10,22.102975813274384,9.6521759033203125,136.39423902006456,129.0645927935293,7.3296462265352602,128.74591283615518,7.6483261839093757,142.27688687154932,189.28804644288357,375.298559053801,178.58387590666797,123.96246243705863,123.19714662506206,147.78380116453093,146.29382125395594,176.33932540597337,176.62612283110158,208.04280981259814,207.9838981898352,238.32015356681407,233.33831432939644,4.6179949603891544,4.1759624396325421,4.6676417776229897,0.49167933799044761,4.9954281279856332,6.4043581916403127,1.4089300636546795,6.9858473071938079,6.8039016739057274,-0.18194563328808044,6.2260196712958589,6.3713812198380708,0.14536154854221195,-0.26268836371724547,4.7330147771386351,4.9957031408558805,76.669258140234888,53.245000638587953,23.424257501646935,52.226556218851329,24.442701921383559,76.669258140234888,139.79884140162085,225.75262809824198,184.38986296740089,144.9931270792716,142.17276545908601,157.94421974443074,159.42788854023192,181.72955868141716,183.68274193045329,207.64379926289456,208.79518162157652,232.97432727316078,229.79040971648431,9.0535807610536381,7.1990019109283878,9.3766706359012062,2.1776687249728184,11.088059960438983,9.2597210238579635,-1.8283389365810194,10.848281206873736,8.9735088306043735,-1.8747723762693624,9.7316464208529112,8.5659581207522706,-1.1656883001006406,3.8838275774666613,7.4340939043844401,3.5502663269177788,59.724981051193026,75.819591034421137,-16.094609983228111,76.519356425814294,-16.794375374621268,65.607628902677789,49.489205125162698,149.54593127872795,167.66427938916627,110.38370419249526,110.40428684598503,123.97124325331838,126.01225493315164,156.67945137406383,157.63707808305034,209.63550726655478,205.64365104275484,243.26436039172717,239.83674298684537,0.1116068377052386,2.9233402173894518,2.6961251799202159,-0.22721503746923588,5.9026909768964657,4.0918323061232229,-1.8108586707732428,2.0591198765016543,1.5629722177783094,-0.49614765872334488,-5.8885408311765275,-0.8762389492821967,5.0123018818943308,-5.5696586053576596,-0.23192892737358761,5.3377296779840719,4.4355858006644837,8.9419739233483995,3.0230394712958457,4.275661693538936,6.0926318324533497,5.1853689835425172,3.8624338996799281,8.7891613303720817,3.5056267495570523,15.620187252029439,4.1465159411839068,9.4534861828243208,0.60152809716990996,0.53887359940236512,0.73855081727944316
1193,2020,81.075370859901085,44.475203441185336,1,10,22.102975813274384,10.608695983886719,87.686147085918492,85.160638705598103,2.5255083803203888,85.050834018198657,2.6353130677198351,91.339153578885316,137.58029311952669,267.65699735470116,176.37034593279407,125.3257571381875,122.78901077655161,148.28361296714985,144.45389493824118,175.67812494959722,173.2885817571302,205.26619453783323,201.66712509819087,227.7966964640697,224.34394039952753,2.1666597242996488,2.5959481345400519,4.9192358301983177,2.3232876956582658,2.4911285150161859,6.1742963685189238,3.6831678535027379,4.1436706652671944,6.4909173320903903,2.3472466668231959,1.8658975043694568,5.5340324693410423,3.6681349649715855,0.012860879419804405,3.5757278081476613,3.5628669287278569,44.875108567342977,27.295384006900349,17.579724560442628,26.531048494698553,18.344060072644425,45.063991111979703,104.28072189041222,162.78221469791606,183.81648225477485,147.09794912838885,143.08051432888846,160.17558400897795,159.77830868202852,183.07542078384492,181.94774348515699,207.17809521891945,204.73058276149945,224.51702321561999,224.72446081043344,6.9007636437007704,6.6480771396126386,9.924347034311495,3.2762698946988564,9.7059136827861892,9.4745847750236578,-0.23132890776253134,7.7556474201153662,8.7580030031597289,1.0023555830443627,4.9965413637603717,7.37814471470125,2.3816033509408783,4.3014168236803414,4.8401715685464524,0.53875474486611097,42.811038391915645,57.865253264218154,-15.054214872302509,58.51978476781278,-15.708746375897135,46.275162355146904,33.299571172263313,104.87478245049715,162.39554464269412,113.04993291284232,113.02821162723484,125.14733435743018,126.91185229416496,147.39429158193204,154.55253155781341,202.28267177688221,194.18246992391695,232.45471613737774,223.75231821619604,1.7023687315970051,3.5481323623659762,3.3071230372550815,-0.24100932511089468,6.7360032183798495,4.9802088941011959,-1.7557943242786536,9.1383975514276585,2.8480531881184561,-6.2903443633092024,-7.0136595655442306,1.7568896992398493,8.7705492647840799,-8.7617040721247292,1.6087918154605063,10.370495887585236,4.7341039194011216,5.1983949121037654,4.0521290050725867,3.0999447772466624,7.2147851677700032,2.9699104644063397,3.6119767548481718,-1.3827501313122923,3.1306438593909149,12.010200929304602,4.288555944260537,13.063120895805071,0.60817470234934967,0.4933699223855853,0.75796263785988205
1194,2020,81.325372003471543,44.475203441185336,1,10,22.102975813274384,13.954544067382812,101.10296220105374,100.02763874851735,1.0753234525363951,99.980884924720158,1.1220772763335845,103.59667584684939,106.27726068972152,249.37729668058455,183.86268635515913,135.88072516640645,133.39788080470225,155.39525528310986,150.78394463528241,183.42334352774637,176.4834353942239,210.76346551487399,204.39661396925189,233.50508869112085,228.17279665610957,0.87656818391337765,1.1567947238254419,3.670066951126131,2.5132722273006891,2.1718516843644124,6.9013790934593828,4.7295274090949704,0.95572347020359416,7.964251038651355,7.0085275684477608,0.72438508928931356,7.123535589445936,6.3991505001566225,-0.39404124410089025,4.9231379179003341,5.3171791620012243,72.805557675392265,51.184452871850226,21.621104803542039,50.244403891789261,22.561153783603004,73.267071115903946,72.566841670548456,156.60070063371677,183.60930006524464,146.31184023382679,139.98591472999672,158.42868735006442,155.23433458370653,182.58081652697555,177.1295940942228,207.19833607886414,200.35745946370901,225.17041842140378,222.1712110169716,6.3910492545182933,6.2889129915390924,12.057789933604425,5.768876942065333,9.1215407550806447,12.32406884117492,3.2025280860942757,6.5491817813972943,12.102790705416908,5.5536089240196134,4.5494888719610174,11.28878953208303,6.7393006601220122,4.6351233714134992,8.7300560128198867,4.0949326414063876,28.297404512622961,48.843185871245623,-20.545781358622662,49.736480430450683,-21.439075917827722,30.329604763965108,33.710419017310414,92.776596040930599,184.43970538732944,125.93998125940405,126.61924712958421,140.20579776175074,141.90694356378609,188.36910007405027,175.05491161662667,226.56852659340367,212.31661955903289,243.8569742327868,234.97285919070518,-7.2488640371933002,1.8676649603807931,1.2333390355674965,-0.63432592481329664,1.8675250333041618,-0.020257211264919306,-1.8877822445690811,-15.366083339176754,-1.7217522846975442,13.64433105447921,-15.400341833406344,-1.1337534422827105,14.266588391123634,-10.681738759156104,0.77995328688805898,11.461692046044163,5.5144810706049157,13.639913291711594,5.1321182677136505,4.4212480311582993,6.9496890707162322,7.2540157217764829,5.5934583111937002,21.915265120574048,3.8251037826717038,19.949830705367361,5.0291646155143894,15.316862130569604,0.62796695095423671,0.70723380375850309,0.68280685068096303
1201,2020,86.3253948748808,44.475203441185336,1,10,22.102975813274384,-0.9130401611328125,108.68754696623728,119.51789576773081,-10.830348801493528,119.98878096616681,-11.301233999929536,134.37678792159932,163.37064817735882,417.05562542192638,209.72454927823793,162.81405438559497,159.29124805298156,183.81136807881592,176.63776874651433,209.706564547835,203.06794183516584,236.17982053492881,232.58389486632061,254.8310726866751,255.42545808343337,-4.8744803703955597,-3.7038973455948678,-0.1960548818472887,3.5078424637475791,-7.6319393720332585,-0.42248937956372856,7.2094499924695299,-7.2373177089117746,-0.41516967620930245,6.8221480327024722,-4.0200743502592502,-0.39908803913124302,3.6209863111280072,0.28172940431815618,-0.225859586219741,-0.50758899053789719,90.163594591533183,92.776979446081896,-2.6133848545487126,92.890603481211656,-2.7270088896784728,106.49967780722545,135.86857959556801,262.79953529697377,211.257206881683,166.40109412870078,162.60473386365359,186.52395385629572,179.24972199000257,211.11920897477341,204.51135907124461,236.49640571617044,232.27537862555783,255.66727221481645,253.79083816273899,-5.6156049288510701,-3.8531937646134509,-0.65607517944295068,3.1971185851705002,-8.227907863058789,-0.66442249939541398,7.563485363663375,-7.5208781951207584,-0.68010187454129323,6.8407763205794652,-5.1352626457089627,-0.58725512751144038,4.5480075181975224,-2.6523082450851234,-0.42554149663496332,2.2267667484501601,18.523952374704095,26.740918604766193,-8.2169662300620985,27.098178240379184,-8.5742258656750892,27.877110026829541,27.502068581790809,154.25609022565186,203.01683787904187,155.6473015475631,150.21600640977454,172.41420299749342,168.50413162639299,204.03284598981642,197.19190757759389,234.58215400701627,233.81410107944103,251.75216751729266,259.93115639910781,-0.69675182403693725,-2.8773307180220513,0.5638798555842186,3.4412105736062699,-2.1895690749302332,0.53971711340437878,2.729286188334612,-5.6586087213072176,0.42166737756360817,6.0802760988708258,-0.84118994196802532,0.59438678647870802,1.4355767284467333,6.217140605346799,0.21200420826011168,-6.0051363970866873,-0.7411245584555104,-4.9188531048141328,-0.14929641901858304,-0.97586304659139955,-0.59596849102553051,-6.0383387881285557,-0.28356048620898378,-1.8622694738135408,-1.1151882954497125,-4.2940727037409374,-2.9340376494032796,-8.8694488504319224,0.63013065710624339,0.79254519664037171,0.83165844728770399
1202,2020,86.82539716202173,44.475203441185336,1,10,22.102975813274384,10.041671752929688,78.542444198585144,114.08083893582443,-35.538394737239287,115.62598641809745,-37.08354221951231,85.268476889559679,107.72987302408728,303.84170958958566,201.79412757822143,152.6107777280094,151.89730211631382,178.74778488652044,169.80530852170602,202.23724392272752,195.21428737576349,224.63894450852217,222.41015717821134,248.94919086267419,246.07981387780987,-0.73399653457815361,1.468347449977415,1.9053701557065494,0.43702270572913449,-4.4663169668092166,4.5988793268096231,9.0651962936188397,-1.8694209889056879,5.2149883691820378,7.0844093580877256,3.0210055138667542,5.1510516549950296,2.1300461411282754,-0.3631899434120669,2.7834444568624406,3.1466344002745075,64.099090320749383,89.562032140471274,-25.462941819721891,90.669117633213318,-26.570027312463935,69.810128715681458,82.958414545979394,176.21500214855769,200.37365876216461,152.99026461179784,153.6691097840849,178.95101934456659,171.13818278441585,200.76316329988569,194.65246874188952,221.64633371360526,219.94120936592878,243.60805913813743,241.33618135010875,2.1619082295604812,7.4485331606524028,6.1724603644144338,-1.276072796237969,-0.99521243719007657,7.3679145091754208,8.3631269463654974,1.2640762128159508,7.5415585074887304,6.2774822946727795,5.2449695562947056,7.2361168389407169,1.9911472826460113,2.4613430082710579,5.4631549033089186,3.0018118950378607,14.443353847102117,24.518806194339504,-10.075452347237388,24.956869226952222,-10.513515379850105,15.458348143144576,24.771458548888404,127.62670745700598,207.18821156962642,147.32964223147519,145.05260125695912,176.72132889972684,162.89204285925734,211.11533472935275,198.9180679921453,240.83634643665567,237.85203446045554,253.76633258936522,258.96982589219022,-12.596903339677567,-2.6950867754243575,-2.6743137894367806,0.020772985987576931,-17.786591575712919,-7.7755847915365734,10.011006784176345,-19.978994414378207,-11.449032437400945,8.5299619769772619,-13.852070421021068,-7.9178699105518717,5.9342005104691964,-0.74458390276780051,-2.9709121021049327,-2.2263281993371322,2.8959047641386348,14.758811569238048,5.9801857106749878,10.14361993607676,3.4711045296191401,16.791379138522842,3.1334972017216387,21.243070627194157,2.2239640424279514,19.097039977315774,2.8245329516831248,3.2059269110388584,0.57995659116906695,0.81870969509752145,0.77005952218500018
1203,2020,87.575400592733118,44.475203441185336,1,10,22.102975813274384,-5.4583282470703125,80.197190433740616,91.167931765317917,-10.970741331577301,91.644922584295273,-11.447732150554657,107.54270555084349,106.44301553815603,304.52976948278956,197.74102870104903,151.62792024147856,152.1201964166533,167.79382507836445,172.8869941375055,199.17195166421121,200.42857411969564,223.36452028637376,228.51873184496483,248.10363134303526,249.14036332627083,0.72200865944725479,-0.24807157038594596,-1.1541970022271073,-0.90612543184116134,2.6297582135735809,-2.2629056927480917,-4.8926639063216726,-1.5014022379143057,-2.6274154828834355,-1.1260132449691298,2.5291418405928994,-2.308230914316141,-4.8373727549090404,-0.48166499417692421,-1.528418021188827,-1.0467530270119028,70.570637345314026,73.741354629397392,-3.1707172840833664,73.879213899374008,-3.3085765540599823,92.479070484691874,79.688674360513687,193.12924748667865,195.76611837357888,152.1460228190316,156.74250133293617,166.9135681371842,175.50855302404486,196.20184913400678,201.95796812693297,220.87329824490519,228.7298939958396,247.41945269813067,248.62276134704979,3.1328963187498289,2.4297501933337458,-3.0538240740723381,-5.4835742674060839,4.7105913616595956,-3.4154124475357435,-8.126003809195339,2.0713255145318499,-3.3874032908304059,-5.4587288053622558,4.1640571967034532,-2.7856012595198649,-6.9496584562233181,-1.6978203096692255,-1.9313715716180582,-0.23355126194883269,9.6265531480312347,17.426576625555754,-7.800023477524519,17.765708245337009,-8.1391550973057747,15.063635140657425,26.754341311752796,111.40052243461832,205.87188248259304,145.33492685114837,143.55625575167468,182.40136748296072,160.51992926845543,209.91786233589795,191.81331552356954,238.577711648502,227.73555185516139,251.02746350626069,250.58247227194713,-9.6822000275807625,0.17649639365862413,-0.31324774503815433,-0.48974413869677846,-17.156400302978653,4.1642810503893202,21.320681353367974,-14.747895631086436,1.9822802189203799,16.730175850006816,-11.413818886319802,-0.75336527907967366,10.660453607240129,-2.4257321586427167,0.16545389499745511,2.5911860536401718,2.4108876593025741,12.815096346330591,2.6778217637196917,2.2532537996751216,2.0808331480860147,21.866991664638249,3.5727277524461556,16.819221145618286,1.6349153561105538,15.577876083023256,-1.2161553154923013,0.72791184897349126,0.63418840074219185,0.8599288069888672,0.74865104072467892
1216,2020,116.07553095976587,44.475203441185336,3,10,22.102975813274384,-4.8000030517578125,107.29238943395831,111.12206342686113,-3.8296739929028263,111.28857065124612,-3.9961812172878126,150.61888365541745,98.934161598725041,396.10570139717311,202.90090056690698,152.2011144248718,156.29521424089171,174.97896480054123,178.82892285954634,203.50811986423483,205.63301760371684,229.10864010352958,231.93954870901939,252.86152477015676,253.2215459005032,1.0181976196523976,4.5996359113853487,0.18003951582119271,-4.419596395564156,2.3890129173155401,-1.6334740536812831,-4.0224869709968232,-0.13547157181244529,-2.1537328559623177,-2.0182612841498724,0.74004577096590651,-1.8059547009679875,-2.546000471933894,-0.60269202501928021,-0.76356828223347861,-0.1608762572141984,46.129087915836863,50.049492056510644,-3.9204041406737815,50.219945544755319,-4.0908576289184566,64.463887893208721,32.907478133722179,136.28043245873414,200.33081631329804,156.2570382565014,158.04233714150476,169.36388450403777,183.01535004526497,204.66454688847904,209.06725645415094,218.22676540539572,232.7429109203544,240.9258772293343,251.50589026184224,4.5519249855352939,2.060522081533577,-0.68230473041245432,-2.7428268119460313,11.972012953695014,-1.5878950238897289,-13.559907977584743,1.6096813983207028,-2.8216542426215483,-4.4313356409422511,11.180480815460641,-2.4937806049958624,-13.674261420456503,6.8356438720394408,-2.0264840083824254,-8.8621278804218662,61.163301309505187,61.072570762383293,0.090730547121893323,61.068625404514023,0.094675904991163407,86.154995559552844,66.026683882933867,259.82526928279549,204.54533388803182,148.83469873871746,154.90032709172908,176.82174713031549,176.13832499563455,202.66070823232485,202.45315583067705,230.4890105513777,231.21126797035876,257.15864267682679,254.6885757839849,-2.0352903361188339,7.522468172946418,0.58666241679819109,-6.9358057561482269,-1.9757883411313912,-1.0834184015004666,0.89236993963092459,-2.365719912265007,-1.761831565600545,0.60388834666446201,-1.331243386459704,-1.213281422374024,0.11796196408567994,-4.9457404165371486,-0.10785101600004054,4.837889400537108,3.5337273658828963,6.5872153216541278,-2.5391138298517717,-5.461946091412841,9.5830000363794738,13.947801294826405,1.7451529701331481,3.9754013105857098,10.440435044494734,12.511724201920345,7.438335897058721,11.781384288576589,0.3440506712678858,0.42799339849502388,0.33261997273696264
1217,2020,116.32553210333634,44.475203441185336,3,10,22.102975813274384,4.68182373046875,92.50280185291922,104.49629631488642,-11.993494461967202,105.01775223962613,-12.514950386706914,116.68546813872672,81.535020325100049,361.62543461006135,202.19906602290172,159.28634643763621,162.84586010991737,175.97515021932193,177.91278185182503,200.57972410905469,200.91775082835596,226.55810158734397,225.40580915892741,249.67529482739621,244.95661090821733,1.4641600766006206,4.0234521950592068,0.32875879621556692,-3.6946933988436399,3.402843353006233,1.5412661461410551,-1.8615772068651779,2.1414848968024671,1.9070598144737119,-0.23442508232875525,0.40141788413046697,1.7403906771888842,1.3389727930584172,-3.8417076876190492,0.99377296587891806,4.8354806534979673,42.355569690269476,52.286221749462129,-9.9306520591926528,52.717989420169033,-10.362419729899557,58.959108904913592,27.746666783663386,125.92422843445092,192.52218270739127,157.62771481339311,165.00017941077903,166.23337610726128,181.52098663301899,192.46254351308727,203.07812035658765,214.4182057014749,224.90348471839633,234.3552323113681,242.3495901626074,12.158998594949054,7.7507102883556627,-0.82414001732388442,-8.5748503056795471,16.505309116887219,1.571160945583614,-14.934148171303605,11.989215513116818,2.0683078921495053,-9.9209076209673128,12.918644992426721,2.1863741975027153,-10.732270794924005,9.0000434291197848,2.0841090471109851,-6.9159343820087997,50.147232032264583,52.210074045236979,-2.0628420129723963,52.299762721922889,-2.1525306896583061,57.726359058724483,53.788353636431566,235.70120582915843,209.72311069748363,166.38551656818848,161.47443368510375,183.65446515642873,175.00499534623239,203.74195616093519,198.74286488273901,238.91302017702503,225.9423034996428,253.96860136711794,247.59078759391514,-7.5666597521151289,-3.5339080457617911,0.78729096587235858,4.3211990116341497,-6.3659285323799111,1.6349304885246738,8.0008590209045849,-4.2534953914139351,1.5001792980147854,5.7536746894287205,-13.520353002940595,1.2551347663538195,14.775487769294415,-8.3970489024905532,0.36305202127294933,8.7601009237635026,10.694838518348433,19.725658347064183,3.7272580932964559,11.284618334117454,13.102465763880986,22.87123764926713,9.847730616314351,16.242710904530753,12.517227108296254,26.438997995367316,12.841751116738834,17.397092331610338,0.34821728889239856,0.50528236159465401,0.34030367163742214
1219,2020,116.82553439047726,44.475203441185336,3,10,22.102975813274384,26.666671752929688,157.51403603539802,170.52235109485628,-13.008315059458255,171.08793045478524,-13.573894419387216,146.87864691009781,99.789767321522959,384.52346189328819,203.37365192371649,152.26177921861253,149.32881515587243,175.30042482454874,163.60466953720032,202.71324535205389,187.52568805431383,230.62773005327665,216.19762777921571,254.19935991789694,242.74900223897998,-1.7923133318121813,2.1550040409303506,4.6127320750032936,2.457728034072943,-0.95386991922660513,10.934070249856887,11.887940169083492,-2.2925068070293548,13.003718539715095,15.29622534674445,-2.8198655718879309,11.828615037737165,14.648480609625096,-3.5833214921682384,7.8260706866018666,11.409392178770105,69.13626885026315,81.357682228066551,-12.221413377803401,81.889048696830287,-12.752779846567137,63.373394334087607,34.717063766582214,136.20845133703551,202.05798995925102,158.08380597029299,149.58549426566421,172.61145680751969,164.26410868880745,205.3617789690264,186.43347877511371,227.10107885005368,210.25496390815007,241.84033187337789,234.12367980006013,-0.18870872559361374,-1.0515463352425627,6.4435002771681695,7.4950466124107322,4.1444517402315171,12.64939246905368,8.504940728822163,-3.4502103982761696,16.090405861321329,19.540616259597499,0.26665244805977295,16.797519998814806,16.530867550755033,4.5851022421643108,13.65074516637236,9.0656429242080492,88.377767446836515,89.164666893215326,-0.78689944637881126,89.198881698350306,-0.8211142515137908,83.505252738370473,65.072703891148194,248.31501114182174,204.24224570989625,148.38334213433663,149.14669951936492,175.79153441087834,162.77552520361803,201.16735653927606,188.94734912140669,235.98279689872928,223.01374824096061,258.00023587929184,248.18117173962534,-3.6301415609265746,5.9548128797184177,3.1638179991575726,-2.7909948805608451,-4.5275428070496275,9.2337476633504423,13.76129047040007,-3.0564688745530475,9.5263373032651089,12.582806177818156,-8.2581349096163876,5.7657355224110631,14.023870432027451,-7.123076238169773,4.8091653173051157,11.932241555474889,1.6036046062185676,3.4414328353329608,-3.2065503761729133,-7.0063592149609804,5.0983216594581222,8.6719945472811446,-1.1577035912468148,-0.3937415237231221,3.0865180199477038,8.5247873576761606,8.1684237343325492,11.708178480334084,0.35422663331486304,0.43146771615398594,0.34790204144603043
1220,2020,117.07553553404773,44.475203441185336,3,10,22.102975813274384,15.350006103515625,134.23647722768146,157.42378986229596,-23.1873126346145,158.43193560857617,-24.195458380894706,134.54688888345117,101.02543943954151,372.16411402262747,202.02093640290582,149.19744194411302,148.90224110981762,172.10553443093869,165.59200137258864,201.30704711187528,191.68196740670237,231.22185240280749,221.18584875781079,254.24854776698589,246.70424880564101,-2.6170017941354047,0.93988435543317905,1.0113455765090009,0.071461221075821868,-1.1673958258097912,5.4601715071727881,6.6275673329825793,-3.0671274697774038,6.6326325457949338,9.6997600155723376,-4.0022927437184137,6.1253065632265873,10.127599306945001,-4.1882779696008754,3.1616664494617055,7.3499444190625809,50.201484166580485,77.847485563197552,-27.646001396617066,79.049484608567582,-28.848000441987097,50.511895822350198,30.671561261609895,116.43122683500405,197.19165446892777,155.22944890289631,148.69224262010255,167.42660550278299,165.9416346277979,196.60955372859388,191.13370015236424,218.66408069265171,216.97467850985399,241.31153590283327,239.7419449685616,2.4236358732176484,-2.2557811592918995,4.638882547340927,6.8946637066328265,6.0899881921436361,7.4204400774620751,1.3304518853184391,2.6476304994975806,9.1268341607747345,6.479203661277154,7.925106838929338,9.3861601506458783,1.4610533117165403,4.5926336074087715,7.4161649294124743,2.8235313220037028,84.034992763077753,79.576306641562041,4.4586861215157114,79.382451178822521,4.652541584255232,84.034992763077753,70.353878221238119,255.73288693092763,204.56035398262037,148.19980252440234,149.08866459877737,175.78826004130048,165.37311669493684,202.07466625707372,192.26407381071962,235.70607110895654,227.50318650423702,257.81308272930039,252.85362069643188,-6.3283376434933132,0.95883984662216903,-1.5636905733416313,-2.5225304199638003,-7.5442201585486828,2.8259102836499324,10.370130442198615,-6.3774516853279977,3.5834582773749446,9.9609099627029423,-8.5862587711344815,0.68871521510470757,9.2749739862391891,-7.5111443571592815,-0.46465592195349359,7.0464884352057879,5.0406376673530531,8.7519735167109616,-3.1956655147250785,-3.2146210059140685,7.2573840179534272,13.634208350692319,5.7147579692749844,9.0250821848255782,11.927399582647752,16.51136561006382,8.7809115770096469,12.103777964568053,0.31284915027547516,0.37542225049963973,0.30360235433536753
1221,2020,117.3255366776182,44.475203441185336,3,10,22.102975813274384,27.13043212890625,150.24758583643415,173.27903434231121,-23.031448505877052,174.28040082528605,-24.032814988851896,131.69145220725477,103.87349812736647,379.25406374596059,200.43857732735978,146.80318787088996,142.91565983843324,168.2659037732349,158.96023542609149,201.56689945611058,184.80756480947872,230.0208806610303,214.16683025160839,253.49313058420199,240.61763940261272,-2.1580849786468264,0.68807022327504797,4.4648049675352297,3.7767347442601817,0.77588858651847659,10.374434379252136,9.5985457927336597,-3.7836657929712771,13.074084850221169,16.857750643192446,-3.1460382841564751,12.599100562229665,15.745138846386141,-4.1655849778578329,8.6832593134816705,12.848844291339503,54.139587603072869,83.67936572391045,-29.539778120837582,84.963703038331005,-30.824115435258136,50.849042672747601,27.270870245498372,96.292286040115869,189.40213468001551,139.61840527062003,143.5325021837441,162.28681787767644,159.87594961941477,192.9483991396155,183.54756899085021,215.32279834165172,207.71470999027113,236.19047268714411,229.67761007141436,9.8115950731423425,11.716215458610549,8.0472062307600822,-3.6690092278504665,10.405738116358407,12.841216301928597,2.4354781855701901,7.3399655995957289,16.62274363985361,9.282778040257881,11.011452251912573,18.480733707576945,7.4692814556643725,9.0129132459525465,16.436238769913928,7.4233255239613811,96.107998397274059,89.599668709750404,6.5083296875236556,89.316697890615615,6.7913005066584446,80.84240966861762,76.602627746826329,282.96177788265049,205.91455768336235,148.06922100147924,142.02880953078494,175.3900299646171,158.0045201720678,203.98498436263606,186.54589442943143,240.96467721253259,222.95353884928434,258.72557766189948,248.23878397857175,-9.3470847911358987,-2.616797283544571,1.2526133862523352,3.8694106697969062,-10.305844565946984,7.5158775898506747,17.821722155797659,-9.1454743147591842,7.5752261256762665,16.720700440435451,-14.045818425102652,4.4346403013873328,18.480458726489985,-9.3295269943103278,3.722999756686562,13.05252675099689,11.969680051789169,19.158679864278241,11.028145235335501,14.33301274215512,9.6298495298399303,20.711582682305391,11.123631392567006,16.485439914354913,14.157490536069048,25.057270677015225,13.178498223810379,18.342440240262874,0.25389915427410226,0.3861225753112803,0.26253924954043306
1222,2020,117.57553782118866,44.475203441185336,3,10,22.102975813274384,19.826080322265625,111.96124767519996,157.70050775928758,-45.739260084087618,159.68917171116846,-47.727924035968499,109.29368194053768,84.059163552185964,307.50340463964471,199.53830846943384,146.6701539838449,145.38861690761362,165.34117217344874,163.58530071857911,199.01016904989072,189.01507520863038,230.47210117068255,216.29779034477127,254.01907334046149,242.79004057885174,-0.779447890305903,1.6449188937338022,2.8528573590975554,1.2079384653637533,5.0941842231122507,7.2172556173966598,2.1230713942844091,0.19282282221180935,10.09741878541837,9.9045959632065603,-4.4221787416160794,9.6273674589804443,14.049546200596524,-6.0547766366651388,5.4207089948836256,11.475485631548764,41.129784705680322,85.130345050996766,-44.000560345316444,87.043411355429271,-45.913626649748949,40.524408595686964,21.288037782293941,80.077382336254232,190.42854955056575,150.22284064263042,146.19621248534008,164.03593480149436,165.34677020191694,192.68122455727925,187.66005386416086,213.49922792494723,209.86632275232003,236.00436668342837,231.12833228216297,10.14737486930602,4.1854282429127636,7.3664102602478749,3.1809820173351113,12.354467413307447,10.825593794771066,-1.5288736185363803,9.8598768821625526,14.480173396794868,4.6202965146323152,10.85811827175894,14.787815857179282,3.9296975854203424,6.5154775926477555,12.893233769040791,6.377756176393035,70.831463232152601,72.570165014083614,-1.7387017819310131,72.645760396555488,-1.8142971644028876,68.769273610480013,62.771125716968527,227.42602244215757,203.81909577325385,146.48290250859239,144.77531171299276,166.16875817047159,161.84542288845552,203.2115787898887,191.31258974179937,243.12970756139799,228.76984567468494,258.24464557099191,252.79970698608992,-7.6471615335219099,-2.6068714337965559,-2.4084197119439068,0.19845172185264914,-1.1933650546766046,2.2586874579860705,3.4520525126626751,-9.6118368776425314,2.0919814637931609,11.703818341435692,-15.5800229013619,-0.82074538127727692,14.759277520084623,-7.6748591168387463,0.085920917512538608,7.7607800343512849,10.926822759611923,17.79453640282793,2.5405093491789614,6.7922996767093196,7.2602831901951959,13.547832467984051,9.6670540599507433,19.471713759805084,15.280297013375019,26.43814117312084,12.570254229312894,14.190336709486502,0.26041136822564565,0.37078454926364979,0.25325064969362693
1224,2020,118.07554010832959,44.475203441185336,3,10,22.102975813274384,13.666671752929688,155.20304599404335,164.31346774101257,-9.110421746969223,164.70957478880882,-9.5065287947654724,158.43368130528506,127.60795036550189,410.74752432963578,198.5046477643244,148.18763657967267,145.48841072409442,169.30001571587101,165.09060281000211,199.61631345168519,192.11384739441539,225.74556175948592,219.71671141779532,247.84238580708848,243.24566833119187,-0.27274011304163537,-1.0289206423510961,1.6420230826895477,2.6709437250406438,0.60420205524798121,4.7113763499638708,4.1071742947158896,-0.9028131593777573,6.4119392503808399,7.3147524097585972,0.6031878728010156,6.5839779257408964,5.9807900529398808,-0.35198737534312841,4.4934204326532665,4.8454078079963949,88.887486132793128,101.3802132755518,-12.492727142758667,101.92337420582771,-13.035888073034585,90.705876389504738,65.053676537079809,179.11927128548268,194.81382837228284,151.66447960254763,146.6220846684929,171.12217706515227,167.19588541909235,197.1575039064027,191.90476883665161,216.98427950955463,215.32455840882815,233.97817901318734,235.30022903806704,5.6621149607121595,1.9463279025318059,5.8155233141070823,3.8691954115752765,5.4650236530500536,8.3176375037157868,2.8526138506657333,4.5595743806636619,9.8590009276063029,5.2994265469426409,9.1749306032684501,10.191652155723631,1.0167215524551807,9.0627300307070584,9.1819214401992895,0.11919140949223106,66.315559536218643,62.933258675038815,3.3823008611798286,62.786200694739819,3.5293588414788246,67.727804590748747,62.554273928384646,231.62825277860975,202.91723008585478,146.19608694421422,143.95326006161275,163.73538273681751,161.42097242053762,203.829902398972,192.60268834001823,241.65517028306195,231.16853501262085,257.70039807211606,253.48364317836715,-8.8577133096196974,-4.5742355732746773,-3.563419233935889,1.0108163393387883,-4.284966201014953,-0.87128621284946917,3.4136799881654838,-13.186730979512447,-1.5629589632440002,11.623772016268447,-14.582477988718239,-2.9637321813246444,11.618745807393594,-6.4247237507527473,-0.6781642675031776,5.7465594832495697,5.9348550737537948,14.519828270331857,2.975248544882902,6.5205634758064832,4.8608215978020723,9.7499898540650065,5.4623875400414192,17.746305360176109,8.5717427304674345,23.757408591986689,9.4147174060501868,15.487453781459806,0.43608119507918136,0.57251637178539105,0.50979328757142006
1225,2020,118.32554125190005,44.475203441185336,3,10,22.102975813274384,4.6666717529296875,154.7088685631752,134.46909403800964,20.239774525165558,133.58910548686981,21.119763076305389,171.7530271725409,157.02472652494907,454.82082990370691,193.51814615253141,147.15766523245986,144.12948591879641,164.64803560074009,165.33610097560779,193.38513275261823,193.28780501440923,219.90402898882479,220.5868886637891,241.8003462933402,243.10531013603517,2.0365132822549299,-1.4369390485938141,1.4778156638853659,2.9147547124791799,2.8171727702270459,2.104979975672677,-0.7121927945543689,2.6186117424174711,2.5951973604529428,-0.023414381964528275,3.0016347499680762,2.2991406375639372,-0.70249411240413906,2.6782707157862546,1.5307668462248785,-1.1475038695613762,114.559959217906,99.896944165229797,14.663015052676201,99.259420394897461,15.300538823008537,126.49752433755748,106.08686908148229,258.24375642091036,190.94827765943484,149.81023047596651,148.32896369982694,166.24401416823792,168.21794922643062,192.34211639429998,193.90656269442073,214.31325000118045,218.00843972513775,233.21369293578124,238.49490181918196,6.0405015318346216,1.8500713660183692,3.106014018283247,1.2559426522648778,5.6605105735381471,3.6727272422717476,-1.9877833312663995,5.3615733519041271,3.6847849807188595,-1.6767883711852676,7.4438224318953132,3.5161239728271312,-3.927698459068182,7.3726358294508429,2.9944356645852395,-4.3782001648656035,40.148909270763397,34.57215341925621,5.5767558515071869,34.329686008393764,5.8192232623696327,45.255502790279934,50.937857374548912,196.57707334402949,199.73179026475606,143.40708616743927,136.04524728558323,161.26075175534203,155.91841627530567,200.58585513288014,190.54512087755936,237.9611875460821,229.96187963834632,255.82258313878549,252.48216048223725,-8.2656883861367874,-5.6901914658459987,-0.12966074214321566,5.560530723702783,-6.7203252325514029,-2.6185471053852893,4.1017781271661136,-11.010208437112027,-1.5181347251702277,9.4920737119417993,-11.32229569686703,-1.8272250725805463,9.495070624286484,-5.9157213075631319,-0.86379422824467156,5.0519270793184603,4.0039882495796917,14.306189917971409,3.2870104146121832,7.5402628318643679,2.8433378033111012,12.38083580608955,2.742961609486656,16.371781789016154,4.442187681927237,18.766118128762344,4.6943651136645883,13.288357137013975,0.56779228091990608,0.73650826666641334,0.6756061381493732
1226,2020,118.57554239547051,44.475203441185336,3,10,22.102975813274384,4.565216064453125,162.28916144787217,142.31019058352831,19.978970864343864,141.44153985418234,20.847621593689837,178.99427053350155,143.50908688383788,439.5926024466753,192.89419647239043,146.06102416269519,142.77882596305676,163.41425642755956,164.43174882240484,192.6377775874596,193.05769827822803,219.27621914200273,221.24390285849418,242.58888384180833,244.45200817291254,2.4674430045543829,-1.8902744529890469,1.199431137530155,3.0897055905192019,3.2991954196837696,2.0422908807457247,-1.2569045389380449,2.9973932121855285,2.5368746541194866,-0.46051855806604181,4.13533449705713,2.219981308568606,-1.915353188488524,3.2037244042327018,1.4625551808798605,-1.7411692233528413,117.40384269505739,102.59106758155394,14.812775113503449,101.9470337226594,15.456808972397994,130.66842602009274,91.645725330246023,241.06235022109468,189.81434957368859,147.47846669788416,148.62018286547027,164.50920038915194,168.30348307139747,191.73654604132986,193.91840634235689,212.91065691160719,218.10040459614106,233.89507637310362,239.03418493673902,7.2038368178376686,4.2621635296935665,2.9290756312485371,-1.3330878984450294,7.3786350695809517,3.5502059857330437,-3.828429083847908,5.7575328225837836,3.6226552484453691,-2.1348775741384145,9.0561626287791626,3.4520143449631746,-5.604148283815988,7.3018848757659782,2.9840386609434404,-4.3178462148225378,44.885318752814783,39.71912390122634,5.1661948515884433,39.494506661485502,5.3908120913292805,48.325844513408811,51.863361261075624,198.53025187365711,199.72820144917955,144.93626855065762,133.7111956221305,161.14485326349916,152.99232604578282,200.31850823156449,189.63765231006303,237.93581126160933,231.00462544505822,257.35137456797838,253.71952637098735,-8.4528143285408532,-9.0571738088935376,0.46574286230131179,9.5229166711948494,-8.0169821325758619,-2.020905675846933,5.9960764567289289,-12.357941860416929,-1.2802032712537255,11.077738589163204,-9.3934450782194006,-0.95209480829956306,8.4413502699198375,-5.9877943147708947,-0.40317994654714084,5.5846143682237539,4.7363938132832857,15.656651146378522,6.1524379826826134,13.319337338587104,4.0794396498971821,15.395617202156814,2.7601396103982552,18.115474683000713,4.9208281317220326,18.449607706998563,4.0981604715332764,13.289679190536873,0.54837672171777896,0.73001457326331642,0.63860573096968987
1227,2020,118.82554353904098,44.475203441185336,3,10,22.102975813274384,2.142852783203125,138.44065666928873,130.94434854036081,7.4963081289279216,130.61842152280587,7.8222351464828535,154.11237409852038,172.68784556738319,442.38979917764664,193.67316556327,144.90400413654925,139.78654114702255,163.71893470236446,162.47251226728812,192.99615177000109,192.54408162507696,221.1253164006134,222.33076411789145,245.85592405484724,246.18795318667733,0.1118095775997574,-4.2918971363136222,0.5398803708054345,4.8317775071190567,-0.41944522811439811,0.93003306276162334,1.3494782908760214,0.87091797370590029,1.2298018535466042,0.35888387984070391,2.2917984536961171,1.1161777211731305,-1.1756207325229866,1.1109432693763779,0.92947411872339103,-0.18146915065298685,97.676421656513412,93.664195088891574,4.0122265676218376,93.489751122273447,4.1866705342399655,109.9653804506197,123.95977950194083,249.67445015441626,191.37094822198401,145.37446445885789,147.70254455775378,164.98051573312844,167.79011208192247,192.51941269662032,194.67509636677244,215.64075888497388,220.85317681971509,238.12001868899947,242.48500433886085,4.9214184000545913,4.0398392977556057,1.6089645027928157,-2.43087479496279,4.5421336009490858,1.7237392381389611,-2.8183943628101247,3.9027066315337322,1.7606644772655216,-2.1420421542682107,7.0657510867469284,1.7039816254064419,-5.3617694613404865,5.0793312325653801,1.4812575781730857,-3.5980736543922944,40.764235012775316,37.280152250859828,3.4840827619154879,37.128670575088108,3.6355644376872078,44.146993647900672,48.728066213123384,192.71534906327724,199.4717789948717,144.39018282970511,129.73274523943422,161.37698162866164,145.97526207490137,199.0092565812181,184.79524518149543,238.393333372835,227.38228558457396,258.47319637666715,254.68919664606389,-11.462027938473511,-12.106307280423891,0.28977375301030861,12.3960810334342,-11.403931506945185,-0.5227065402537221,10.881224966691462,-15.732803931728199,-0.71068919396816455,15.022114737760035,-12.580841603404821,-0.93591537881493991,11.644926224589881,-7.2472134097040737,-0.74832768085354928,6.4988857288505244,4.8096088224548339,16.383446338528103,8.3317364340692279,16.146146578179497,4.9615788290634839,15.94606510789427,3.0317886578278319,19.635510563261931,4.7739526330508113,19.646592690151749,3.9683879631890022,12.326544642269454,0.56437659868860734,0.71354024032049146,0.71782573402695815
1228,2020,119.07554468261144,44.475203441185336,3,10,22.102975813274384,8.4782562255859375,176.56081564183114,172.86916482486049,3.6916508169706503,172.70865643450452,3.852159207326622,185.35999376691507,122.95161611630101,448.3618697412312,198.7462835851029,149.25110710326635,146.9273682144827,167.14372491366069,166.69016773091218,197.68516228509142,194.46927711984301,226.95648238067244,222.90636097636909,250.88845998632635,246.07913516603824,0.21047892208400754,-0.56734580924594979,1.5153952514622233,2.0827410607081731,2.7853510373649328,3.321680706204944,0.53632966884001121,1.3026345383728142,4.4701937285992415,3.1675591902264273,0.1723370833361173,4.2243117982760623,4.051974714939945,-1.7264076343848558,3.0486018675673279,4.7750095019521837,102.6947295121081,112.98564253724908,-10.290913025140981,113.4330737832679,-10.738344271159804,108.67065716996331,64.265581030444537,192.89313484157901,199.42581906418857,157.59521115259022,150.61996823917121,175.90338479895962,170.65009406725781,198.7101283984567,195.721459808834,220.65126096140403,219.76732175486094,241.33537569739985,239.48849102599144,2.0353880055837408,-2.0663254917277527,4.7766190399614743,6.842944531689227,1.0579114173140738,5.7903325113361745,4.7324210940221008,3.4066682212633737,6.6476742470241845,3.2410060257608109,5.9721451693255574,6.607094074870588,0.63494890554503058,3.2357940098586369,6.0838692959151501,2.8480752860565133,73.866086383042784,59.883521193994966,13.982565189047818,59.275583648965949,14.590502734076836,76.689336850271502,58.686035253767841,255.46873549092561,197.87820613515422,145.93212477497158,141.64623113333474,160.05547101997985,158.84201090841668,188.42930139026996,190.57114790206359,236.10717597384237,232.03322622972067,259.70015041646855,256.28881392211918,-3.6374409333263884,-3.7542897369867774,-0.74783676439250257,3.0064529725942748,-1.4853906263398073,-0.37610099882377312,1.1092896275160342,1.6316780130106849,-1.4803502084983506,-3.1120282215090356,-7.8185419265495568,-2.623909701959235,5.1946322245903218,-6.6010102608066745,-0.48575172705355385,6.1152585337531207,1.8249090834997332,5.6728289389101292,-1.4989796824818029,1.6879642452590247,-1.727439620050859,2.5433020436538811,2.1040336828905595,1.7749902082526887,5.7998080859894401,13.790687095875114,4.9622016442434926,9.8368042706653114,0.43021752709012895,0.5862681313348207,0.52269000652789432
1231,2020,119.82554811332282,44.475203441185336,3,10,22.102975813274384,13.304351806640625,185.81161351001356,181.76583136175395,4.0457821482596046,181.58992599733392,4.2216875126796367,187.33272776687772,115.96497085089504,431.03963110711607,199.40521643477595,151.18043209927583,147.5531049331621,169.31833888886331,165.81483776403218,199.25929440841895,192.99401740715376,225.95751816322746,220.93140893448285,249.21797048531465,243.82827466807774,1.6598140808113442,0.32194058926771163,3.5788454248074686,3.256904835539757,3.9316804676319634,6.8394036875042161,2.9077232198722527,1.9421182881742709,8.1100046009798632,6.1678863128055923,3.0692787223377422,8.0740553681413303,5.0047766458035881,0.54889035366650774,5.8936672864855666,5.3447769328190589,104.90148425894222,115.74301265915346,-10.841528400211246,116.21438323384791,-11.312898974905693,105.68066757515498,66.561637509103093,192.71203270278056,205.37890308270866,169.07082581238572,151.71646918427825,187.64172112271174,170.20677470012856,204.59280844476768,193.67653938432611,224.58867291755232,217.22257602704184,242.99542525295266,236.30515955007547,-1.609719553774994,-10.004096003031634,6.4946071111444326,16.498703114176067,-6.7406218991580431,9.2631974156815033,16.003819314839546,0.25306343325249259,10.65465521491069,10.401591781658198,3.5916232568978614,10.921965184697058,7.3303419277991964,2.7906550087460857,9.9860610115647717,7.1954060028186859,80.910129643158143,66.022816459652859,14.887313183505285,65.37554238382927,15.534587259328873,81.652060583809543,49.403333174153886,238.32759859106568,191.55417308434883,144.45105168869389,141.83434904391419,154.43838396592432,157.9435902270468,176.83425016321624,191.28649532591001,228.55522525799466,231.45121008820919,254.97322517597678,255.42792361734496,4.5790274938564153,0.20133144732767505,2.0627283091583308,1.8613968618306558,7.5005022252659899,4.2891489543520152,-3.2113532709139747,14.428805516377452,0.53757317663465187,-13.8912323397428,2.099411472403574,0.021246466843194867,-2.0781650055603791,-1.1272740852481604,0.79347714991507701,1.9207512351632374,-3.2695336345863382,-6.1887470476314093,-10.326036592299346,-10.205427450359309,-10.672302366790007,-14.241124124424033,-1.6890548549217783,-14.175742083124959,0.5223445345601192,1.4922117844942875,2.241764655079578,3.9179290939942462,0.44708657579305139,0.56413350104348592,0.57398054792499742
1233,2020,120.32555040046375,44.475203441185336,3,10,22.102975813274384,18.875,193.67946909192688,189.82998119443073,3.8494878974961466,189.66261150969149,4.0168575822353887,191.4416579139579,118.10904194589966,443.45428854878992,201.81121412776901,151.03355075179664,151.00970832586748,166.90638535844974,168.10304967523396,201.92909784746334,194.31376168606823,232.53760079306119,221.8393866346311,255.94621359159419,245.38641934371049,3.2092098713482926,4.5014587446017629,4.206666505740003,-0.29479223886175987,9.7424727144731946,8.5817753868652176,-1.1606973276079771,2.9923080897864338,10.589196514462373,7.5968884246759387,0.70134021219999454,11.339386401115064,10.638046188915069,-1.8523999660404513,8.6821991997350381,10.534599165775489,81.227841200199691,102.88571291356129,-21.657871713361601,103.82736061096148,-22.599519410761786,79.445760795739261,49.434778391607324,159.52409539290238,208.16974231876148,169.82142729068582,155.41884178486987,189.63605245483996,173.14258344878817,206.27776962491689,196.28593735399977,228.75778075240032,219.1554748150356,247.06724703744462,238.1446126000007,0.77041266617294468,-6.890053820610035,7.1417099530147539,14.031763773624789,-2.8900060861847123,12.486136778190939,15.376142864375652,4.0212327308320823,14.426523298655894,10.405290567823812,5.1075542888779637,14.895952407407208,9.7883981185292441,3.4805371223561963,13.47207009511763,9.9915329727614335,112.4516279412037,86.944266192221221,25.507361748982476,85.835250851542696,26.616377089661,111.99589716769515,68.674264101910012,283.93019386194646,197.27537652009633,145.41265504317664,146.99312849877404,160.21465020610995,160.96482098524436,183.7951969546038,190.06807018561895,236.4402594481179,228.26733282018293,260.31663514651967,254.06359185916341,1.7029809646441834,6.112610019620945,2.6018337090048931,-3.5107763106160519,6.2105813000008538,5.4948318043366839,-0.7157494956641699,9.4991567280696074,3.5526410974071041,-5.9465156306625033,-5.2696825749059997,2.749320478371061,8.0190030532770606,-3.8210182791560214,4.3815242358755881,8.2025425150316096,-2.4387972051753479,-0.93256829847123868,-11.391512565211798,-13.00266384023098,-12.632478800657907,-9.1005873861855662,1.0289246410456485,-5.4779239972375251,4.4062140766779692,10.377236863783963,5.3329370883966476,7.3015554015122177,0.35973064081744954,0.41498679891001361,0.41855202258139668
1237,2020,121.3255549747456,44.475203441185336,3,10,22.102975813274384,12.045455932617188,202.07302921642258,185.20455340262561,16.868475813796977,184.47114088982926,17.601888326593325,206.3414177740633,139.70355904470489,494.00613993406296,198.71129949916462,145.68739001681348,144.15769504623054,165.81350071074215,165.09443238506222,197.52204005991101,194.44908464223022,229.36200264399372,225.28336592803507,254.80193900380291,248.96450063875727,2.3268039799122846,2.5663382416998957,3.4014077471332484,0.83506950543335279,5.2933376379924937,5.9688029116687744,0.67546527367628073,3.5659657017774293,6.4887705302799361,2.9228048285025068,2.3483797288057531,6.3871521640240019,4.0387724352182488,-1.2393935375418437,4.580559812116519,5.8199533496583626,95.563357062346768,80.607141906635661,14.956215155711106,79.956870851514395,15.606486210832372,98.649308996347827,76.046250462823082,221.10239392227959,206.16039743641701,155.81464807233849,149.66412537666091,181.75282530757551,173.03977672808477,205.36339565522522,200.16435958821143,235.3260861579646,225.61672265236595,259.54964066346349,246.8097542229624,0.33627726456035134,0.17709583452889888,6.3318745209724057,6.1547786864435068,-0.077627535871926057,7.8046596533675654,7.8822871892394915,3.4983353639502184,8.6764161689092134,5.178080804958995,-1.5578137152749889,8.8796534432662213,10.43746715854121,-7.256031006564541,7.1925867997951229,14.448617806359664,106.50967171449156,104.59741344668873,1.9122582678028266,104.51426958315278,1.9954021313387784,107.69210833813122,63.657309028916643,272.90374612808228,191.11673446582984,142.60558076512402,140.18400654471435,155.788771310876,158.74166528110933,181.27448722004624,187.27058941483833,224.80109633558337,224.80166742862878,250.79248863673385,250.68327840898698,4.1824023811351765,1.2792420399552782,2.0012555606098203,0.72201352065454216,6.5565173785599598,5.0808203908957239,-1.4756969876642358,10.170305272213767,4.5112959780883557,-5.6590092941254113,2.3848059607038863,2.620437044769119,0.2356310840652327,0.26379314879002891,2.3730588675355193,2.1092657187454904,-1.9905267153519333,-3.8461251165748251,-2.3892424071709968,-1.1021462054263793,-5.3709651738644197,-6.6341449144318858,-0.067630337827210951,-6.6719699082635486,-3.906193444080742,-3.9426196759788752,-6.0166374690226974,-7.5198241553545699,0.4475701333424541,0.47808777346080561,0.54434010831813107
1239,2020,121.82555726188653,44.475203441185336,3,10,22.102975813274384,12.913040161132812,216.16670527023234,177.90202913780013,38.264676132432214,176.23834755510688,39.928357715125458,226.12155329863162,112.32189452028979,481.72619023919106,201.1277016601754,153.2885914792673,154.50487972025755,172.34904199732725,171.27097501363613,199.45578581436476,197.54389511214444,227.69080417327442,226.13973049861556,252.01630439538008,248.68561258780602,4.1745659200871046,4.8369377236010678,3.5449989320833311,-1.2919387915177367,4.849241592983617,5.9739741359885841,1.1247325430049671,4.7092010964059341,6.3133288279862825,1.6041277315803484,5.3195166987023299,6.7233116359487894,1.4037949372464595,1.9645145798695864,5.3556370758642515,3.3911224959946651,128.34121373026574,74.336583617679935,54.004630112585801,71.988556483180218,56.352657247085517,129.90280733286909,44.865035142443958,219.51335299108177,202.16967812772305,168.02509114354768,160.02207561628018,183.66108998572582,178.86702016732258,200.22140576563498,202.96266042738145,218.27331887474537,226.15600131719452,239.42973566907148,245.52079928601924,8.9243717936361406,-1.7442715690954458,5.827951645647687,7.5722232147431328,4.5960878469398665,8.194597433857723,3.5985095869178565,12.529605004054048,9.4762996817541136,-3.0533053222999342,17.1128825270292,9.5702223443736614,-7.5426601826555384,12.976130303148608,8.7451952384100764,-4.2309350647385315,87.825491651725315,103.56544391079478,-15.739952259069469,104.24979036833247,-16.424298716607154,96.218746023099811,67.456859377845831,262.21283740177751,200.01511091568401,146.52084358991414,151.73652034324178,162.20734841885445,165.84926268508065,190.211756507552,190.73710838617919,237.08824853951245,226.12013779924249,257.94431975769623,251.30752020861638,0.33204505888193125,8.1437294693199647,1.8907829311098681,-6.2529465382100966,8.1014717261945464,4.6219307298469232,-3.4795409963476231,5.4296188905258305,4.5381964844673064,-0.89142240605852407,-7.9151746408093402,2.4164881200833577,10.331662760892698,-5.9652779317694922,2.4913560709931915,8.4566340027626836,4.7498058735490361,8.5923267347542094,-6.5812092926965136,-9.8880010384154104,-0.25315374604375052,-3.5053838792546799,7.8204039076481138,7.0999861135282174,11.79336582832687,25.02805716783854,11.011615723279021,18.9414082349181,0.45568075275726033,0.57448219967474989,0.39943267814397088
1240,2020,122.07555840545699,44.475203441185336,3,10,22.102975813274384,16.565216064453125,208.91572849542536,171.02618322434864,37.889545271076713,169.37881160699544,39.536916888429914,207.18755753418191,123.49347249017046,483.30082673951983,199.88858090436707,152.61824882330805,153.28395480956632,170.94142409467565,169.41274689805363,198.52241775981514,194.78100603764298,226.95218394694169,223.43501396979781,249.90422109458098,245.83728333539605,4.1218128210481098,5.0220937023299825,3.8194271168714522,-1.2026665854585303,5.7115814559720377,7.2695698087819096,1.5579883528098719,4.2104237428702049,7.7280322379811821,3.5176084951109772,4.4090847989361635,7.7561451572838678,3.3470603583477043,1.7976273124565694,5.7726613684621952,3.9750340560056259,110.87576755548707,65.322974946897375,45.552792608589698,63.342419072399935,47.533348483087138,110.64555859242046,35.610477116199945,198.31643730937503,199.26922617429562,160.42905480790137,157.93924561008674,182.69302454355275,175.53727387027359,198.97547138031587,199.78666018502591,210.73118489363281,224.34886454460482,235.9894046318777,243.76682989027907,10.59886567939958,4.5119592539322184,6.3673953262600946,1.8554360723278762,3.842756092821503,9.941020235975941,6.098264143154438,11.415905918879872,10.880008452495105,-0.53589746638476754,23.846372490189282,11.023408949378791,-12.822963540810491,15.879415249386625,9.9119011086501985,-5.9675141407364265,98.039959955662198,105.70320715014714,-7.6632471944849385,106.03639247758292,-7.996432521920724,96.541997991174867,87.882995299100003,284.98438833281398,200.3797530182575,147.18838823284764,150.61455871565474,163.59659388409756,165.07998172015687,191.27616634257672,189.87059209889048,233.98513668464201,222.68061418935628,255.74384575574445,247.56646043920119,-0.85626202191966172,7.7695531020397652,3.0918700195427391,-4.6776830824970261,7.2290107021819665,5.8731068832686049,-1.3559038189133616,4.6018151259491162,5.8741190732258133,1.272303947276697,-6.1844998740824622,3.981531779925632,10.166031654008094,-7.1082225865376358,2.3138141354384061,9.4220367219760419,6.4770528583514704,11.455127701319242,-0.51013444839776412,-3.2575938481075468,-1.8688253631505347,-3.3862546093604635,7.2054821760096672,6.8140907929307559,19.437287691253118,30.030872364271744,14.081787936930056,22.987637835924261,0.41033746755053618,0.53403573027866835,0.28835918529244031
1241,2020,122.32555954902745,44.475203441185336,3,10,22.102975813274384,18.083328247070312,236.13005602834164,190.92164341547686,45.208412612864777,188.95606181330004,47.173994215041603,229.8789584490296,109.10440027239383,497.6296523436904,202.81074464738575,156.03086595719964,155.0256172016191,174.04669749621311,170.6891140694745,200.97060966445699,195.67889228532303,228.2270174144881,224.71685661730623,252.86210345358083,248.35133874569414,3.8122635380702832,4.5804143019500714,5.0684452651693448,0.48803096321927342,4.8184928918957723,8.1260292990637026,3.3075364071679303,4.0159207665768974,9.0683544953982107,5.0524337288213133,5.7373853666325374,9.1726817070454842,3.4352963404129468,2.63763046049786,7.2034287079396506,4.5657982474417906,119.18450051984473,69.619392477632573,49.565108042212159,67.464387743539191,51.720112776305541,118.39136545936617,30.974993471329071,201.13016673666425,201.36767007915338,169.02235739201058,160.41195834648289,184.04896652260297,178.05076576061893,200.18620533821141,201.93544070620618,211.64741925828847,226.57596277705755,235.91270928439323,246.88136050098549,12.104713920635305,0.87595315037876276,8.1751191226987885,7.2991659723200257,5.9392579310415385,11.267111846685168,5.3278539156436295,14.907444855588494,12.594660366563403,-2.3127844890250913,26.069615796473357,12.119939735150808,-13.949676061322549,19.683569473609623,10.16208430209187,-9.5214851715177531,116.94555567986026,121.30225491148849,-4.3566992316282267,121.49167464593847,-4.5461189660782111,111.48759322063142,78.129406794545503,296.49948532879353,203.94749287803202,153.1677361048975,152.21948380938053,166.16811582064145,166.21960713299575,211.39328561638814,189.90986406644214,238.7113852888744,222.48223870106983,259.6913716096272,249.88578014809929,-2.4140550756891912,4.5918151654873327,4.5899226164992228,-0.0018925489881098656,6.5539718268106242,6.6196844871853386,0.06571266037471446,-12.476572452934562,7.4211496405033586,19.89772209343792,-10.214142563858644,5.3624625931423395,15.576605157000984,-7.5050724029141236,3.8415399712032183,11.346612374117342,8.292450382565022,14.518768996324496,-3.7044611515713086,-3.7158620151085699,1.1207650391457662,-0.61471389576908564,10.891524089011597,27.384017308523056,20.33223042984082,36.283758360332001,17.045939013111763,27.188641876523747,0.40417641068895288,0.51501610351004246,0.28390233019012823
1242,2020,122.57556069259792,44.475203441185336,3,10,22.102975813274384,17.5,240.96011835336685,203.25338447093964,37.706733882427216,201.61396217346191,39.346156179904938,237.03446990251541,107.64335150078114,500.32205685600638,202.06066729201189,153.53503758847717,152.33284223279037,173.10681313664404,168.61071261604167,200.42997771467753,194.95666783388904,228.02300959462667,225.24239248055849,253.63792399791745,250.062956108555,3.3259833233228449,3.1752414742837516,3.6626112917885223,0.48736981750477071,3.2497904410815011,7.8115787135449466,4.5617882724634455,3.1665865548803538,8.4521299977920137,5.2855434429116599,5.9204004483538881,8.6612982044084674,2.7408977560545793,3.1164201725954683,6.6665957207142128,3.5501755481187445,128.93579332903028,84.098829060792923,44.836964268237352,82.149396240711212,46.786397088319063,128.67189960554242,35.402540482700715,227.94492385070771,202.20048129942043,169.60257718654285,157.13802799300532,184.01851271938904,175.07416565037448,200.77341284988188,200.68457804676297,216.65764563457031,225.92128873854492,238.16842317489488,247.04621675567213,9.2134597310834749,-5.7912947196677464,6.2588478160799639,12.05014253574771,1.6459696073380599,10.510099598306311,8.8641299909682516,11.543596362022328,12.169411414805495,0.6258150527831674,20.97734856978451,11.698993012090256,-9.2783555576942547,17.885487832971023,10.053879274213188,-7.8316085587578357,112.02432477474213,119.1545577943325,-7.1302330195903778,119.46456614136696,-7.4402413666248322,108.36257004737854,72.240811096311518,272.37713242694736,201.93364911724331,146.91455231583762,149.1458512150686,163.33980497499655,163.93085593686988,194.69218611545028,188.33166744455107,238.95350181577143,224.23430886941722,260.77008529901406,252.89653886271009,-1.8462994300361117,7.3495204136843597,3.6150278898110173,-3.7344925238733424,5.5779545442431697,6.0969169821120772,0.5189624378689075,0.24419434924533334,6.7395152569833954,6.495320907738062,-10.060250265108209,3.6890051136349484,13.749255378743158,-5.5013278034536484,3.1637299118007149,8.6650577152543633,5.8874764077606301,11.059759161119587,-8.966536193951498,-13.140815133352106,-1.6038208337434412,-3.9319849369051099,8.3770098071419739,11.299402012776994,15.056948121430622,31.037598834892719,14.769067660375555,23.386815636424672,0.45559639181830169,0.54284045547662751,0.32888738588229305
1243,2020,122.82556183616838,44.475203441185336,3,10,22.102975813274384,13.625,194.8802238702774,171.50938612222672,23.37083774805069,170.49326187372208,24.386961996555328,201.19685328006744,105.34061051241224,497.08960226923227,207.08643335402053,165.83999554575362,162.60746141100972,181.37078823575496,176.92597206090167,204.88790622179587,201.78514184799141,230.03407591371524,229.51705026169623,253.24998991232894,252.03199088208785,2.4194730691354778,0.66251750204844484,3.4025500618911906,2.7400325598427457,1.2105171538516686,5.5830268888677779,4.3725097350161093,2.8890741898632086,5.8033146692112609,2.9142404793480523,5.2819474157071227,5.8738481766685027,0.59190076096138,2.9440709319979419,4.1763413537071585,1.2322704217092166,119.40401756763458,77.150233060121536,42.253784507513046,75.313112378120422,44.09090518951416,119.59760411083698,35.185417473514462,234.0237467426341,203.30699413603131,170.78386483460298,165.89107660004166,184.80899597716203,182.57800796981132,201.81760044613711,205.7990251653286,218.08405537062001,229.51085496826573,236.84184584529314,249.30175154931641,11.667410713528085,3.3766337985545363,7.6349312366112088,4.2582974380566725,6.8384622217267577,8.5805312051891462,1.7420689834623886,14.12169037936269,9.6148249781483344,-4.5068654012143554,19.891431196500946,8.4735017097731316,-11.417929486727814,18.013694790349319,7.0321862668798758,-10.981508523469444,75.476205766201019,94.359150916337967,-18.882945150136948,95.180148482322693,-19.703942716121674,81.599248588085175,70.155192647742297,263.06585449725389,210.9412993261052,162.19688894819666,159.70917778518594,174.15501299042938,172.35664174717081,216.42780676493723,196.01932353016693,244.40928360142809,229.52644129847599,260.77446337400687,254.87121571988865,-6.645714598857694,1.2483189545936,2.9066068985417246,1.6582879439481246,1.8735886797430226,3.487168214351442,1.6135795346084194,-17.784789443220461,2.3580969549082624,20.142886398128724,-14.134092477308371,0.99236500110743009,15.126457478415801,-5.7261003860150765,1.0852589386935847,6.8113593247086612,9.2479376443926071,18.313125312385779,2.7141162965060914,2.1283148439609363,5.6279450678750891,4.9648735419837351,11.232616189499481,31.906479822583151,14.609483780793823,34.025523673809317,15.069623858351378,23.739795176364396,0.47078785328501566,0.59443078836007579,0.33401569729243763
1244,2020,123.07556297973883,44.475203441185336,4,10,22.102975813274384,17.958328247070312,203.35909829561933,187.30323515152486,16.055863144094474,186.60515290306284,16.753945392556489,197.41829783576759,100.72708443031661,492.28344712033868,204.49768684601619,162.15867037230583,157.83383509791904,178.10774220830942,172.49419016928698,202.05377458079712,198.03264505943227,228.98543690957555,226.53270369037762,252.24019308161581,250.00852085990124,2.8430765486473319,0.53083157639528622,4.410022369450104,3.8791907930548177,1.3836872461966436,7.0327434824626209,5.6490562362659773,3.6135541133460549,7.3366885013419392,3.7231343879958843,5.430845253928652,7.8262125886212175,2.3953673346925655,3.0000305099426043,5.2944878856109483,2.294457375668344,108.68510163654537,81.679420556656623,27.005681079888745,80.505259672330794,28.179841964214575,108.67777279815897,26.652283018304843,214.78758986992761,198.87310062723603,168.53767947775083,161.55449117756828,182.66153112017238,178.26130024274437,198.23528181749401,201.52628459645206,209.83260748775709,224.95113410893691,233.0420332893116,245.37224115982059,14.457787610804871,2.5863571016863887,8.6611462994871999,6.0747891978008113,7.5830822041198189,11.388788505436878,3.8057063013170591,16.091844758434746,12.69738725470765,-3.3944575037270965,26.638206100041998,12.041619881049286,-14.596586218992712,20.756800518569946,10.200577568202505,-10.556222950367442,94.67399643322824,105.62381589126744,-10.949819458039201,106.099893374776,-11.425896941547762,88.740524802391519,74.074801405802646,277.49585758522153,209.17277234230704,156.78540295878381,154.81943832702825,173.18736628307047,167.75767627605751,214.90099653977046,192.57003961790178,243.16345688638336,229.01748875409399,260.21018117746621,254.90023359931868,-7.5596348533664752,2.6705862499754289,3.3088033056528445,0.6382170556774156,-0.93555946977858184,4.1767637483010276,5.1123232180796094,-19.370406389842486,2.5295829735499353,21.899989363392422,-14.214001307702262,0.32088601793938665,14.534887325641648,-6.8145923072469543,0.006311949397030503,6.8209042566439848,11.614711062157539,22.017422464171347,2.0555255252911024,-0.084229148289040268,6.1993949579231753,8.5186416738984008,12.478290645088691,35.462251148277232,21.207360846113346,40.85220740774426,17.756770008627342,27.571392825816901,0.4363087792741136,0.55049493380075676,0.26459897225301898
1245,2020,123.32556412330931,44.475203441185336,4,10,22.102975813274384,13.166671752929688,215.1447479724884,197.5074080824852,17.637339890003204,196.740567445755,18.404180526733398,221.05549383278594,113.8460024446249,532.68960392102599,202.07589865508911,156.33638641303676,156.03301014670274,174.06215497469177,172.36665104340622,200.4308049316831,198.8792846321021,226.99552931981864,228.10213319606513,249.92722295911173,251.25253105389501,3.3419863491663477,2.012473863388152,2.1369448091354855,0.12447094574733342,2.5119958719753868,4.4129385387668378,1.9009426667914511,3.5554979287332173,5.1535256322218004,1.598027703488583,6.5408555354788973,5.452889366537562,-1.0879661689413354,4.7573881886973197,3.5448984156492997,-1.21248977304802,102.21017337962985,79.416688442230225,22.793484937399626,78.42566791176796,23.784505467861891,102.37304945439149,43.418276294134557,190.15782115906768,204.41632674298535,170.59654442370839,163.98810781545501,189.2273098893119,182.39162203210441,203.85213142662747,204.53478957378468,220.37553899617495,227.00201156053836,236.70249674789733,246.09043343496913,8.7708463956007563,0.77207745343460488,6.5455814062650575,5.7735039528304526,2.1417255111793452,9.2988324557193778,7.1571069445400326,10.462009166510938,10.006057630947026,-0.4559515355639121,15.982138624762769,9.7493606096269332,-6.2327780151358354,16.340427229972448,8.3839645968023717,-7.9564626331700765,112.93457433581352,118.09072008728981,-5.1561457514762878,118.31490060687065,-5.3803262710571289,118.68244419275106,70.427726149559021,342.53178228065372,200.27158473537415,153.06097552974572,152.16234250312263,166.25940303145288,165.03480649279939,191.13224949703013,190.6245740121673,233.40779200332577,229.38559385045619,257.44845749310952,255.36984488480221,-1.6641864362579781,1.1324524914532503,1.4155745350159634,0.28312204356271309,1.6788887017164029,3.1299333174256105,1.4510446157092076,-0.11919538714096234,1.1298465279346885,1.2490419150756509,-5.7082965061989341,-1.1419513957130505,4.5663451104858837,-3.2108265145677422,-0.26838954809699089,2.9424369664707513,5.4288600464344086,10.435032831858734,-1.2403964099535472,-0.36037503801864545,-0.37027036079604159,0.46283680946294226,6.9065112377777211,10.581204553651901,9.4412830892838713,21.690435130961703,11.583039041275129,19.55125374454019,0.35697678302589808,0.46311017961774803,0.38137725841760112
1246,2020,123.57556526687976,44.475203441185336,4,10,22.102975813274384,7.5,199.62051016796613,178.25704565944397,21.363464508522156,177.32820408177577,22.292306086190365,216.44192940701032,105.52017459074705,491.54435231536627,203.34184206127526,158.2414505244777,157.56213320576791,176.26401512505456,174.76241075373346,202.05612905446571,200.94619696455342,227.81649948338651,229.83654718361646,251.29142583480447,252.70710443822023,2.6058228438146784,1.1940266057307838,1.6434853817349051,0.44945877600412132,1.083741692249788,2.8602055991986219,1.7764639069488339,2.3626720681029383,3.5937611606740347,1.2310890925710964,5.7952844712851572,3.6805991507204681,-2.1146853205646892,3.8369440422785601,2.4312328583224314,-1.4057111839561287,119.81059511513376,88.323233925899331,31.487361189234434,86.954218537426641,32.856376577707124,124.75803007320428,43.15175804919636,205.46351333335042,203.42289622813604,170.48927006009535,164.92724315949809,187.88849051153693,184.61620122761403,203.44826330614583,207.21838307002969,219.35864717478506,229.80035735940285,234.95201220910585,249.38653459310896,8.2872744796382563,-1.4808121500241498,3.0007931123149945,4.4816052623391442,0.83108174630731924,4.9618512831944486,4.1307695368871293,9.4155946577077145,5.5519196888193676,-3.8636749688883469,16.147162106785601,5.6330740705745939,-10.514088036211007,17.915572464843763,4.3778082283183153,-13.537764236525447,79.80991447913766,89.933816973786634,-10.123902494648974,90.373986090724429,-10.564071611586769,91.683898696781398,62.368416483808687,286.08083862811327,203.25349698313241,153.40785873217433,153.68890956706775,166.08914415558641,166.20211841802035,190.66608697376222,189.62207093931406,243.1555709471879,229.90912915468149,262.48885610617913,256.40279372228775,-3.7814732114680396,3.1907087885862495,0.9951609089815463,-2.1955478796047032,3.1305846556758468,2.6925950201925275,-0.43798963548331926,0.77971703536726977,2.00848302355908,1.2287659881918103,-15.302527899842715,-0.56552972870576923,14.736998171136946,-6.8485035091014197,0.80400048796076362,7.6525039970621833,5.6814516358235778,12.068747691106296,-2.6748387557549336,-4.6715209386103993,-0.25265994594246877,-2.2995029093685275,7.0529225896047762,8.6358776223404448,10.351877635500443,31.449690006628316,14.078628422565203,24.764075973945182,0.41799587842996644,0.57640416722862342,0.40894320177688837
1258,2020,127.32558242043672,44.475203441185336,4,4,22.102975813274384,-5.2105255126953125,174.74361009601125,195.16643765063054,-20.422827554619289,196.05438469742512,-21.310774601413868,205.17109862546567,181.58940293995693,492.00762021355331,192.20951021746961,130.60698602792351,129.97451609786717,159.73517825828245,157.5355688713974,194.8252418257986,192.4452363801195,223.58455687290353,228.10927193009945,249.58433809606416,255.39105100263745,-1.4869303814310229,-1.7386406950903108,-0.99003570244659045,0.74860499264372038,-4.5136871129519136,-2.3219814435723265,2.1917056693795871,-5.1045464721704832,-2.877549472056927,2.2269970001135562,2.0258517094992783,-2.6018525292122945,-4.6277042387115728,4.1905640854681678,-1.5332376150437028,-5.7238017005118706,115.03924810518947,133.63088267682906,-18.591634571639588,134.43921556721034,-19.399967462020868,127.74591081980816,124.95074015656064,265.38829539489234,194.3606264720886,139.43462458758844,144.0523491847334,168.06419375784148,167.57330583722157,197.7989041858666,198.20144843803209,220.30031731828387,229.85755740113407,243.30147541621696,254.69760351529044,0.29650134728692024,0.038891144625466723,-4.1568095658248296,-4.1957007104502964,-4.4560516831696191,-4.3033149188883328,0.15273676428128624,-3.9279165445675801,-4.3129995259397731,-0.38508298137219299,5.7039143925841529,-3.8541477730951215,-9.5580621656792744,7.8622666169323452,-3.4143769704202498,-11.276643587352595,59.704362214339199,61.535551701817894,-1.8311894874786958,61.615169559996502,-1.9108073456573038,77.42518786526216,56.638662804412888,226.61932466737926,188.15487603974813,123.36320723119566,116.76025085389219,143.43932029999246,136.79001693848377,178.90946387769836,176.72834750981497,232.19124828666529,223.18153647473045,263.96058215722024,257.098319911592,-4.7804892310925311,-4.8437241984342023,0.14264859751187942,4.9863727959460817,-4.0581939589781086,0.82198553088414883,4.8801794898622575,-1.4054490245027296,1.5031444734422053,2.9085934979449348,-7.3065839393470355,1.2325607841422368,8.5391447234892723,-4.620266364338363,2.9216503834155105,7.5419167477538736,1.7834317287179431,5.0769905783794513,1.7775318397157776,4.882615343059669,0.057635429782294523,-0.39785772419151044,1.1766299276029031,-2.5224675200648505,3.6780626830848746,13.010498331931188,3.6717025314641774,12.482532981270708,0.53939875012444305,0.6226311194687556,0.68809488953425313
1259,2020,127.57558356400716,44.475203441185336,4,4,22.102975813274384,-2.6666717529296875,160.79731682177226,174.19138805556213,-13.394071233789873,174.77374059155045,-13.976423769778194,191.3326923636705,117.18200449113647,453.14801752660424,200.42201206437954,152.07360004936322,148.76322530419708,171.64009412600228,168.30740086129524,201.25886908473171,197.31568885535546,225.48239190221543,228.74156249407926,248.80490503439833,252.4705396979781,-2.109569529469951,-3.6682303253829502,-0.50577541056478026,3.16245491481817,-4.1030107044025783,-0.95651609319963882,3.1464946112029395,-4.9063459164214862,-1.1300140651962636,3.7763318512252226,2.1698031534404265,-1.038661334782546,-3.2084644882229725,2.896463866788821,-0.76054510587982804,-3.657008972668649,121.68451069791627,127.53754404030042,-5.8530333423841512,127.79202595534662,-6.1075152574303502,138.35571082858496,75.294826561279478,235.57091188454797,200.41973754600454,155.96508346241203,151.24951869823738,177.79986694218798,170.59845230494093,201.2721124372284,198.38761069483542,221.90874341160753,228.25241915444857,244.14951702860463,250.98047661144668,-1.9093196866488711,-5.597957894257263,-1.2215561069545515,4.3764017873027115,-8.1893158659641756,-1.6172291677627868,6.5720866982013888,-4.6724243733274022,-1.7746335765339438,2.8977907967934584,4.6956959888807148,-1.5794128791856963,-6.2751088680664111,5.2727215260627815,-1.4335789892436424,-6.7063005153064239,39.112806123855989,46.653844313284935,-7.5410381894289458,46.98171497893145,-7.8689088550754605,52.976981520184381,41.887177884222183,217.57710586581379,200.42713464563488,146.03163584246238,143.93346493300999,164.16818295229393,162.24724726284978,201.24081143886866,194.16643374428531,237.54272328091622,229.91785835868146,259.4846892821638,256.05275361539123,-2.3863748015769772,-0.84863416690083682,0.7660866542484257,1.6147208211492625,-0.89592976815995939,0.39868398247352843,1.2946137506334878,-6.4721206539134357,0.61129311711724199,7.0834137710306777,-6.425844402341454,0.90913784556724409,7.3349822479086981,-2.6521407375444142,1.7101643260403989,4.3623050635848131,0.20024984282107994,0.47705511492810615,-1.9297275688743127,-4.7493237273564262,-4.0863051615615973,-7.2933860978042162,0.23392154309408397,1.7996962805860335,2.5258928354402883,11.121540391222169,2.3762576592739606,7.9248622636071957,0.5198542259334008,0.72311589367910545,0.64254598552267217
1261,2020,128.07558585114811,44.475203441185336,4,4,22.102975813274384,-1.600006103515625,113.23408922571252,118.95474303526134,-5.7206538095488213,119.20346848847112,-5.9693792627585935,139.39490601018042,233.23521289211203,488.10741203743964,193.40284217182864,135.61204016117065,134.84055642469016,160.78915023749644,160.26472991018917,193.15212247609443,193.25473996107067,225.30482199514839,228.35075449378485,249.977592073783,252.29119073361957,-0.21059910193756082,-0.83406462084616351,-0.18944084209360312,0.64462377875256038,-1.2527174798192107,-0.71655071831381179,0.53616676150539888,-0.76910448600546033,-0.81980154537890826,-0.050697059373447928,2.2476239174591228,-0.78317212810628689,-3.0307960455654097,1.6222135240394095,-0.62816652686242946,-2.250380050901839,70.742809856194071,77.869755652878666,-7.1269457966845948,78.179622535935778,-7.4368126797417062,79.310123823740469,160.85848496679682,267.37640664889477,195.47667730294606,148.12604741442919,144.64845295528264,165.19889824884078,166.64755653112576,195.10134796587323,196.98904407607259,222.15326902465969,230.37387086431752,248.96840357621383,252.29611372970047,1.0819890462433079,-4.7315562769707356,-1.248417667147578,3.4831386098231576,-0.27129266540288199,-1.3132248751491886,-1.0419322097463066,0.30956181256831883,-1.2431580135789204,-1.5527198261472392,6.6254432211794949,-1.1826317008157048,-7.8080749219951997,2.1609131060742186,-1.1032099169974288,-3.2641230230716474,42.491279369518452,41.084988371820145,1.4062909976983065,41.023845392252042,1.4674339772664098,60.084782085112238,72.376728051975078,220.73100523371249,189.64273038972766,125.6334096328753,123.80620134576584,147.64504557362696,146.16634533414256,186.15461665923922,185.12838414596729,231.33677046957013,224.32744509599351,252.3978030711875,252.27888991339239,-2.6477391687676004,-0.51450450843658757,0.023145942630407035,0.53765045106699461,-0.74557449860924407,0.62969008746202348,1.3752645860712676,-0.87299906721688103,-0.09622745697365076,0.77677161024323027,-7.4514094687136492,-0.037357522149903843,7.4140519465637453,-0.16245378716394043,0.54544551090683058,0.70789929807077101,1.2925881481808688,3.7297282150109083,-3.897491656124572,-4.217051768534148,0.98142481441632867,0.47428183320636208,1.0786662985737792,1.1825608797851999,4.3778193037203721,14.076852689893144,0.53869958203480905,2.323366893238159,0.54778190221046263,0.56895998637100997,0.689683530081735
1262,2020,128.32558699471855,44.475203441185336,4,5,22.102975813274384,-1.5714263916015625,100.93214145697857,111.28615355803049,-10.354012101051921,111.73632836483011,-10.804186907851545,132.68406657014384,182.83739657583646,444.78821925912052,192.80984719074314,138.87559806203316,140.05409802861152,162.34846673878494,162.84472874034893,193.4215830189234,193.93849473881247,223.67188719996062,225.39381498871913,244.76860457445821,246.37670862644475,0.40992671005139414,0.92392070813437499,-0.36569459940679394,-1.2896153075411689,0.094775115592511838,-0.57621701509793866,-0.67099213069045049,-0.20049451849919819,-0.67835599382217993,-0.47786147532298173,0.99838580587547199,-0.72060375117706599,-1.718989557052538,1.0498736989355848,-0.52616928332938073,-1.5760429822649655,62.742164460280037,71.12187647798055,-8.3797120177005127,71.486211172119511,-8.7440467118394736,73.566289605165366,121.84106945029635,227.92948467982933,195.22082732870925,150.25853576402008,146.07608277583799,167.24999291314504,167.70120739173512,195.98748059801338,197.48036219042635,221.70725299149544,227.399864053393,242.78323891846674,246.74091470195879,0.8345864423674243,-4.118632154708024,-0.84734843812233862,3.2712837165856854,-0.58085571186211382,-1.0183588283901486,-0.43750311652803475,0.25933934168980954,-0.96885985541499053,-1.2281991971048001,4.3072648339783655,-0.81325972215958586,-5.1205245561379513,3.2025300426074921,-0.66406466940568976,-3.8665947120131818,38.189976937093888,40.164276813247852,-1.9742998761539639,40.250116656268801,-2.0601397191749129,59.117777039484281,60.996327218672377,216.85873450059444,188.88754952818292,130.65396076960124,132.24707938166463,150.43872485423287,153.04187451995577,185.61924871421394,187.41602575680653,226.79758782184649,221.5737745935262,247.52639311331211,245.59745056137319,-0.64040455524477125,2.4684663766690562,-0.033311133969277762,-2.501777510638334,2.833247005765088,0.38858037302898651,-2.4446666327361015,1.8155984239091083,-0.28642766937815622,-2.1020260932872645,-5.8444076093843478,-0.29746831191226875,5.546939297472079,-2.4997886245987218,-0.28041367097040393,2.2193749536283178,0.42465973231603016,1.4749909976121955,-5.042552862842399,-6.5870985313770802,-0.67563082745462566,-3.4141027176272019,0.45983386018900774,-1.5562590822192988,3.3088790281028935,10.151672443362713,2.1526563436719073,5.7023186672062138,0.51244496776351067,0.55444705236159098,0.66639031036388474
1263,2020,128.57558813828902,44.475203441185336,4,4,22.102975813274384,-3.6086883544921875,105.4048636288353,102.35471393917396,3.0501496896613389,102.22209754273354,3.1827660861017648,139.33404840599906,252.24705163481485,519.40133499354124,192.43915887488686,134.38890063871682,135.26331791918852,159.83971720537448,161.28826091179613,192.96945236050971,194.76481092813117,225.66989881847482,228.28097489789459,247.21299388121858,250.30419796871672,0.074810947197391897,0.075464995605727836,-0.80976860935203376,-0.8852336049577616,-0.19113071186464481,-1.6951700741559819,-1.5040393622913371,-0.085537670161585311,-1.9138070959564004,-1.8282694257948151,0.66243331104720937,-1.8579786028861349,-2.5204119139333443,1.4227693910506787,-1.5882074153514623,-3.0109768064021409,65.637447624234483,66.230529171611124,-0.59308154737664154,66.256315840822936,-0.61886821658845292,79.701613367393293,172.54436923619505,284.85900172684342,194.98895650889645,144.07116534003998,145.00395249502665,163.45599319895902,167.53883418070274,196.11292944099358,199.4051873056506,224.64850278581065,231.42011476591398,246.33436562564205,251.53220520339053,1.3520503660633381,-1.245805639502521,-2.4743593523196807,-1.2285537128171597,1.2151325052548714,-2.6672185117795948,-3.8823510170344662,0.49425275573781846,-2.5626422154725503,-3.0568949712103688,4.188858560642359,-2.3694285370968373,-6.5582870977391963,3.0328036079305889,-2.0149036317002356,-5.0477072396308245,39.76741615361243,36.124184661312029,3.6432314923004014,35.965782595980272,3.801633557632158,59.63243524722202,79.702682569983153,234.54233400523663,187.82312074466461,126.49056770780649,124.88287033134364,148.55694845103906,147.47567233416169,180.6724525482179,186.31449005667784,227.69901406711634,222.0549192709432,249.35285609894478,247.06817197726619,-2.1683481666725299,-0.80896364742501703,-0.5897299589707643,0.21923368845425273,-0.51956726063883707,0.4871874908234588,1.0067547514622959,4.5433281820569107,-1.1748689795549581,-5.7181971616118688,-6.6100529007457567,-0.97009109803920524,5.6399618027065515,-2.7907142442156214,-0.29647361174770026,2.4942406324679212,1.2772394188659462,3.520398532735868,-1.3212706351082488,-0.43684199207750396,1.4062632171195162,1.7346997658937084,0.57979042589940377,-4.0490754263190922,3.5264252495951496,10.798911461388116,1.6100342168799102,5.8235178521462103,0.54843717667838809,0.57201821291486799,0.68402928049280987
1264,2020,128.82558928185949,44.475203441185336,4,4,22.102975813274384,-2.9499969482421875,123.38216112511873,119.48165540433911,3.9005057207796199,119.31206879720776,4.0700923279109702,155.03286498704438,252.38209781001206,518.61668762005866,191.92730974466915,133.34452095179381,133.97266198243645,158.3389528007543,159.10011966138177,192.98297911622703,192.32207938337356,224.98985878390786,226.37645424424008,248.48997590022296,251.21584409966238,-0.67760770531126013,-0.31917979851570522,-0.8787487912088352,-0.55956899269312999,-0.77431040651862304,-1.5357854306142258,-0.76147502409560275,-2.4272617436710959,-1.7540449206712481,0.67321682299984786,-0.29548579032089606,-1.6543322529124396,-1.3588464625915435,1.4394868925605522,-1.2797780172550688,-2.719264909815621,70.905292995403215,78.585030205143994,-7.6797372097407788,78.91893275797338,-8.0136397625701647,79.769628350617495,182.0723344353728,284.73280602134764,196.76578229928271,148.52730827595232,145.21779552709722,167.16606072282406,166.70236013080057,197.25342015459552,196.49739371996526,224.01092633527102,227.79281932617681,246.94366152375301,251.04914913233159,-1.8824612849823268,-5.0518634895234982,-2.2897520915308291,2.762111397992669,-3.0085045355258444,-2.3883948763929084,0.62010965913293603,-3.3300925674778625,-2.3904441906640557,0.93964837681380686,1.5153978221683815,-2.2337251991633025,-3.749123021331684,2.0848305964132408,-1.9847508049427631,-4.0695814013560039,52.476868159517835,40.896624558446092,11.580243601071743,40.39313561902145,12.083732540496385,75.263236807790236,70.309763341856524,233.88388190232217,183.22435547187766,124.49441392506327,122.10297927118388,138.28792695865624,141.98521692416207,173.27370143125017,181.77949334145583,227.04754820755491,222.87692599340619,251.62793184494217,251.58331054599006,1.0351933781767002,-1.4457995079785064,-0.21882023540328532,1.2269792725752211,4.5119862168476459,0.018402003099708963,-4.4935842137479369,7.2299187151482727,-0.17179829612260278,-7.4017170112708754,-4.0745180888984862,-0.028833076252482215,4.045685012646004,-0.25338657905410855,0.56390555539709908,0.81729213445120763,-1.2048535796710667,-2.917654663159027,-4.732683691007793,-3.6060639815449917,-2.2341941290072214,-7.5204907523734903,-0.9028308238067666,-10.560011282626135,1.8108836124892775,5.5899159110668677,0.64534370385268858,2.3382171754673493,0.54902360995746513,0.51453366586035543,0.72141540947342875
1269,2020,130.82559843042318,44.475203441185336,4,4,22.102975813274384,3.375,199.36214289333111,190.90378570233224,8.4583571909988677,190.53602970183056,8.8261131915005535,223.11767524744755,105.04306587938754,464.10588240250945,190.56811539185918,132.77735088516872,134.6653769038671,158.74830848467997,158.4939702116709,190.71317509597765,191.52663132528502,222.49000780101963,223.79766412658117,248.14530795524828,248.9838328696251,2.5552473654296648,2.4392986453120216,0.44410802014618866,-1.9951906251658329,0.96586991318278592,1.2620436673373661,0.29617375415458014,2.6288597882243607,1.7489737906673781,-0.8798859975569826,3.0933790854853385,1.7995395290047327,-1.2938395564806058,2.2296154137998201,1.3864314371504918,-0.84318397664932832,137.08869910653812,121.31185669399019,15.776842412547921,120.62590784257918,16.462791263958934,143.15499571751934,57.705658549752869,213.93876625725534,192.75292285364469,146.90111334785499,147.67816635966579,164.49234040446203,169.35009938273038,194.24954384655953,197.23722424182768,216.01693761743132,223.76961523402011,239.41543983695144,245.37692772442665,6.2959989508008505,2.39948975233645,2.1650119963848908,-0.23447775595155917,7.130372828669266,2.6315641756461616,-4.4988086530231044,5.7708169886484484,2.8640580999105225,-2.9067588887379259,10.485609525559852,2.8372909747456276,-7.6483185508142242,8.4633497455963891,2.621880479464977,-5.841469266131412,62.273443652682545,69.591927292226501,-7.3184836395439561,69.910122189560752,-7.6366785368782075,79.962679488950016,47.337407140498726,250.16711587831378,187.12081318868562,125.19081666407136,125.40937144445493,139.29739842703819,141.02388798633103,178.2256391373549,175.60978612868385,230.90211637210044,223.87667172608374,257.57722632466636,256.3875865982929,-3.805083988272429,1.6184555886028704,-0.0080949007365234138,-1.6265504893393938,3.0489396604796468,0.25112322413068,-2.7978164363489668,-3.5340641995797171,-1.1318017525732955,2.4022624470064216,-9.1004037238522244,-1.3509661670568676,7.7494375567953568,-4.3315609344836332,-1.1922579591571321,3.1393029753265012,3.7407515853711857,10.101082939073279,-0.039808892975571553,0.78103416373357959,6.1645029154864801,4.0814331681896192,3.1419572004240877,9.3048811882281655,7.3922304400745134,19.586013249412076,6.233734331796569,12.794910680080022,0.46096973636656186,0.64161208007726866,0.54935238291703714
1274,2020,81.575373147042015,44.225202297614871,1,10,22.196156606765747,9.090911865234375,120.30463624000549,114.78406727313995,5.5205689668655396,114.54404234886169,5.7605938911437988,125.77307690956331,132.61643811855902,322.92069178214297,162.74443568335855,115.13916839183743,113.32479064788069,133.65792895395973,135.44159252434608,159.32860789267463,164.81191292453954,188.10406381501431,194.43495075377561,213.82311516602874,219.0594730615164,7.1371149440350337,2.2377105648498343,3.860723764066023,1.6230131992161887,6.7045539993786747,5.0291889515676758,-1.6753650478109989,11.235098000262212,5.7563662210281734,-5.4787317792340389,11.09259173531558,5.1673989954348656,-5.925192739880714,7.6359864949434666,3.1878970630951642,-4.4480894318483024,95.502671599388123,66.176809966564178,29.325861632823944,64.901772882789373,30.600898716598749,96.21740198135376,84.060638924156592,204.5324463006109,159.28416957892102,119.10890836439458,123.80910008731745,134.47335381880177,142.59517956879722,155.67515179387274,167.91889622362308,177.58406520880737,194.2188235389803,206.05452149010989,216.69570330703471,16.374742732931935,13.365632749527578,8.4693078624010383,-4.8963248871265392,16.350125431298295,8.1965278649160496,-8.1535975663822455,19.909800099455879,7.4881994282364133,-12.421600671219466,22.411307054977669,6.5916821336693374,-15.819624921308332,12.677107048828219,4.1291550726314483,-8.5479519761967708,24.801964789628983,48.607256561517715,-23.805291771888733,49.64226970076561,-24.840304911136627,29.555675077221167,48.555799162568292,118.38824556348845,170.73058613055329,104.16471328204015,101.36167110203954,132.11521429746631,116.8534448839812,176.74358754382149,154.50604978569862,208.87179298968766,195.18208962552652,231.61022808372559,222.62989546026998,-12.731059372360249,-0.7714848702146071,1.6054011387764433,2.3768860089910504,-14.058739693085315,0.8554881050311991,14.914227798116514,-24.393707281223811,-1.8432473606597171,22.550459920564094,-13.954724769388861,0.4956841938075911,14.450408963196452,-8.8884597726761569,2.5264829700733173,11.414942742749474,9.2376277888969014,29.105802105292184,11.127922184677743,14.137117619742185,9.6455714319196204,30.40886512438361,8.6747020991936665,44.30350738067969,11.31871531966209,36.36603182436653,5.0411205538847526,21.565566821504376,0.6333829064091,0.76500793608268436,0.63386289148413433
1275,2020,81.825374290612473,44.225202297614871,1,10,22.196156606765747,9.7727279663085938,103.17265948737622,98.99746345935273,4.1751960280234925,98.815932257959503,4.3567272294167196,106.82332792171883,179.87165038764033,336.15825701784343,177.61861318263067,124.1463661482226,121.99232061996749,148.19237259154755,143.04469561482952,176.7034732732626,171.99350955260999,207.12510596458833,201.84119933309771,230.89774873504842,226.6175064944658,0.28886894917576456,2.1976408312614524,4.2214272453334161,2.0237864140719637,0.60668254086860429,5.6638797023546203,5.0571971614860161,1.3322178417413681,6.0180554448321857,4.6858376030908175,0.24485502179302898,5.4988040213281124,5.2539489995350834,-1.0157318349701541,3.4023173870363337,4.4180492220064878,86.777418332370871,61.689118716923986,25.088299615446886,60.598322732912493,26.179095599458378,87.505923422249907,120.89758346143503,222.30774287326494,172.12110091645295,125.01248846666618,128.40138482462444,147.69263399838346,147.16231914871614,170.5785196444057,172.38411455727177,196.03641445142284,198.77817550999808,221.42364439691812,221.77309555953224,9.4107535897000218,12.772735887427672,8.9322524209244989,-3.8404834665031728,8.4445478336842541,8.7990873895602988,0.35453955587604469,10.248610655542819,8.544378962623739,-1.7042316929190804,10.457000761531845,7.7876782803710967,-2.6693224811607479,4.9337089885012801,5.2998094824720852,0.36610049397080502,16.39524114010419,37.308343977048935,-20.913102836944745,38.217609193157841,-21.822368053053651,19.317404469666599,58.974067077248947,113.8505142966751,192.25240183353287,116.59547065824452,110.73999835254847,163.08695260784322,129.48953702788981,204.23492471099004,170.34341116535592,227.88929844732112,211.46286096224583,243.97532778239068,234.70365999783235,-22.383213558402588,-4.9276889519494063,0.58863322751972191,5.5163221794691282,-34.259597682660427,-1.606423865118515,32.653173817541912,-36.695892104596595,-2.4184736120537309,34.277418492542864,-18.512443396565317,-1.32087998451766,17.191563412047657,-11.877180970522573,-0.033331446806272425,11.843849523716301,9.1218846405242573,31.79396714810261,10.575095056166219,17.700424839377078,7.8378652928156498,42.704145516344681,8.9163928138014512,46.944502760139414,10.212145739738816,28.969444158097161,5.9494408234714342,16.810889959023854,0.66131870400989368,0.81916492515918526,0.67213250782371414
1276,2020,82.075375434182945,44.225202297614871,1,10,22.196156606765747,1.9166641235351562,86.271146416664124,84.273092567920685,1.9980538487434387,84.186221063137054,2.0849253535270691,101.1654422403235,177.18125096068616,331.87624874082394,179.87945281015917,127.57407516713147,128.03894004434275,149.86953129620619,150.17378917318737,180.75708802499045,178.97307408205847,210.13201269380437,207.58108588686102,230.28436216921185,229.19762248991671,-0.34604392630583902,0.8149913337096848,0.53805687381250777,-0.27693445989717702,1.1896796595058561,0.9497688382898275,-0.23991082121602858,-0.78359518404008099,0.99320671917857339,1.7768019032186544,-1.4123208487704346,1.0006721091500026,2.4129929579204372,-0.60576013640127258,0.6265955594624586,1.2323556958637312,71.282092347741127,53.832499802112579,17.449592545628548,53.073823571205139,18.208268776535988,75.12054809714067,119.04794506873168,205.06219179695472,176.81354894773619,131.87320578810565,139.05674555304995,151.00851423318838,157.071897553208,175.47339480114104,181.28403023847983,201.3265449964488,206.40274570399745,222.59192115626385,226.1048297497515,6.684137405527764,9.0160198207752842,1.7873305034270857,-7.2286893173481985,7.9142756382909738,1.7555858211690065,-6.1586898171219673,7.5094871675342461,1.6350833534710318,-5.8744038140632142,6.8237562915462036,1.4777986966329308,-5.3459575949132727,4.0637104743400414,1.0219608294645468,-3.0417496448754946,14.989054083824158,30.440591499209404,-15.451537415385246,31.112397193908691,-16.123343110084534,26.044894084820044,58.133305944108542,126.81405694037676,186.95137802595775,114.17490060429311,114.14644788684093,143.02568263402824,131.89674984517274,199.70878138593628,171.58888332839925,226.17130126227104,211.22765755771763,240.39946077962804,234.25706621655007,-15.275479395463663,0.01234598628285255,0.020235283603810217,0.0078892973209576667,-11.073591141319952,-0.33613573254626772,10.737455408773684,-29.101747043430692,-0.63808512290458452,28.463661920526107,-16.601959005468842,-0.47358705757383746,16.128371947895005,-8.5421535003763154,0.0033309681965363325,8.5454844685728517,7.0301813318336031,21.959616800991427,8.2010284870655994,9.0036738344924316,6.7245959787851177,18.987866779610926,8.293082351574327,36.611234210964938,8.2360771403166382,23.425715297015046,4.669470610741314,12.605863974716357,0.61788751854037127,0.74255147245526887,0.67189922423082238
1277,2020,82.325376577753403,44.225202297614871,1,10,22.196156606765747,13.055557250976562,77.363310553264455,114.2012983643599,-36.837987811095445,115.80294993359894,-38.439639380334484,83.648751253520459,110.39531412350698,264.74069407116622,187.84760275784328,127.14392448427402,125.77159631557717,155.17278880636854,146.04615361449103,191.58787948665548,176.18717581612117,220.55743092049838,208.28366342180792,242.61186540377579,234.27417700014092,-6.1449397546913644,0.075460584124911634,1.1888137960925889,1.1133532119676772,-6.7451671137965263,2.2978712932639667,9.043038407060493,-10.390416901694806,4.934071090149132,15.324487991843938,-7.0299846174517597,5.3063480662208065,12.336332683672566,-5.3466397656574998,3.0429209403205846,8.3895607059780843,33.986966732874862,22.665249730908727,11.321717001966135,22.173000855857936,11.813965877016926,34.064949842559372,37.968291432303886,77.885313428938389,185.12326933109682,135.86902410651425,140.5233136289134,156.18445041189969,160.3707032283495,184.49310486127166,185.63240368232471,215.729353921848,209.27457070529823,235.8391632697805,229.40032007388456,10.593895449808286,16.502850590307816,11.193925838529822,-5.3089247517779938,16.701011329237843,11.288254716458823,-5.4127566127790203,12.653156104085099,11.306112606228055,-1.3470434978570438,3.9665317452897284,10.678188905069533,6.7116571597798043,1.9865132248098973,8.7099896843571116,6.7234764595472143,43.376343945186818,91.536049199281479,-48.159705254094661,93.629948458928993,-50.253604513742175,49.583801554177626,72.427022441763256,186.8553803442046,189.45600558365254,121.58070561983396,122.67544783253969,146.8997854767043,139.90941483843119,195.90506499795006,170.20192262223765,226.85668221227542,207.55987878223812,244.21695403275046,236.68024276263327,-13.517881545734866,1.6259075117667408,0.30664380135357305,-1.3192637104131677,-6.4116374600847621,0.27203878607559773,6.6836762461603598,-23.985763314580737,2.588777011098415,26.574540325679152,-18.194590186011254,1.2155746232676847,19.410164809278939,-8.8415478226746984,0.17534665748857492,9.0168944801632733,16.738835204499651,24.111776995543153,16.427390006182904,14.876943078541075,23.44617844303437,23.112648789322606,23.043573005779905,36.638919418665836,10.996516362741488,22.161121931300983,7.3331529904673971,10.828061047484596,0.29419471646471418,0.40723799616943723,0.34393028122394848
1279,2020,83.075380008464791,44.225202297614871,1,10,22.196156606765747,10.409088134765625,124.57417095865094,127.34285798859855,-2.7686870299476141,127.4632344731981,-2.8890635145471606,133.94943225463794,119.9871779098612,314.46002514194697,180.30672507421772,123.5918411046505,125.46880973632632,145.8723650721312,144.85924304580772,179.82733543779881,175.3714770215073,214.14942609597597,208.48312497496059,236.94783985405701,233.75791293503147,0.55000649159234172,4.1741764703866693,2.383230169145591,-1.7909463012410782,3.0903621437140032,4.0642342175951001,0.97387207388109687,0.0018838998232411086,4.4233155822646779,4.4214316824414368,-1.5729655930030049,4.1497849127256643,5.7227505057286692,-1.3235126375471111,1.9597747937505403,3.2832874312976514,18.630198585415656,13.696992672811575,4.9332059126040804,13.482505468747149,5.1476931166685063,18.630198585415656,36.605768787395846,59.085614786832593,197.12691114920406,158.62079475884238,156.98270723650131,172.68984230668593,175.49395299485593,199.01751351782596,195.38196373298925,221.17029747674289,215.6682609687567,237.41907024459499,233.01319633056346,6.0189560690312192,8.231102405772333,9.3582000958878382,1.1270976901155052,12.310124524803797,9.4844701899938286,-2.8256543348099683,5.6201498122326825,9.1086097200573874,3.4884599078247049,2.2080059302699624,7.9495866660001298,5.7415807357301674,1.404700558612177,6.3044587759477793,4.8997582173356022,105.94397245773143,113.64586403866815,-7.7018915809367172,113.98072931101524,-8.036756853283805,115.31923375371844,83.381408814282622,255.37441008444875,175.63095125314317,120.48210461165318,122.49135001868218,139.41828512065652,138.61848566888921,173.79416016193395,165.74021121710598,211.66248586442094,204.41795567077602,236.50213969832546,234.07765302857317,-1.5676904035204586,3.8837996307102003,1.6912478127263455,-2.1925518179838548,2.8557147893903334,3.6071465919560808,0.75143180256574738,-4.4635064124773862,3.7550209290824057,8.2185273415597919,-7.0748916435751141,0.69257406349717598,7.7674657070722901,-3.8181046438045314,-0.25176606639195143,3.56633857741258,5.4689495774388774,7.5866464725516778,4.0569259353856637,4.3473027750621327,9.2197623810897937,9.4544097354134635,5.6182659124094414,10.083656224710069,3.7809715232729673,9.2828975738450765,2.7282131961592881,5.2228052024167084,0.18789547180173824,0.13908381895937894,0.30508067132719341
1284,2020,85.825392587739884,44.225202297614871,1,10,22.196156606765747,6.0833282470703125,135.15001699752975,134.75311955613506,0.3968974413946853,134.73586258760406,0.4141544099256862,144.78399630437798,129.42583574956006,379.68610519595677,195.20423728780014,147.72584699302203,143.82672372424801,164.54653092888472,163.47398446225932,193.73631242174557,191.90408961832699,224.40009152175122,220.98496040744411,247.09483127439148,244.39227762907885,0.26115446211670701,-2.0817974181273371,1.8749656830956383,3.9567631012229754,1.6146562986421031,2.543288413296608,0.9286321146545049,1.1179040993699516,3.2346389238271342,2.1167348244571826,-0.70136730163599736,2.7935007805446048,3.4948680821806022,-0.75684813569532139,1.9576916073727375,2.7145397430680589,108.66475765984069,103.10144984610815,5.5633078137325356,102.85956664717378,5.80519101266691,116.63570981634211,94.670930347929243,231.55322218163815,192.67242522153404,147.39405671893056,148.23100596074877,162.03611605613148,167.13140277800278,192.23735814899305,193.22644258363249,220.28912919889061,219.56929404697311,242.99451560642532,241.39478012021715,5.1952425346955806,5.3725102146023573,4.1495390384300492,-1.2229711761723081,9.3192232735075891,4.3498475299802806,-4.9693757435273085,5.1124580137413886,4.6449066416834626,-0.46755137205792607,3.1390766620547765,4.1172449733755911,0.97816831132081461,1.2291730784494348,3.4259046264708957,2.1967315480214609,26.485259278084413,31.651669809369196,-5.1664105312847823,31.87629604225458,-5.3910367641701669,28.148286401112273,34.754905431433144,148.13288294576341,203.70919055805535,148.4364607713602,134.94145529480036,174.17073570297117,148.84068245611621,206.99785875020149,184.12767276733484,239.08057150011638,227.88213815394116,251.71140336918444,253.53150754419536,-15.997307715708814,-11.030608166310856,0.52313838192398521,11.553746548234841,-24.132414638379572,-2.4532889312566795,21.679125707122893,-25.526119052743667,-3.5214370691374199,22.004681983606247,-16.719031858626948,-3.6792895824866605,13.039742276140288,-1.8266263329304877,-1.6312883223924075,0.1953380105380802,4.9340880725788736,21.192550250404395,7.4543076327296944,16.403118380913213,7.7045669748654859,33.451637911887161,3.994553914371437,30.638577066485055,3.8404439636907739,19.858108520681725,1.9860212141447562,3.0557994113799225,0.60985434813879491,0.80558426893494506,0.73146856498665525
1290,2020,88.075402879874048,44.225202297614871,1,10,22.196156606765747,8.875,60.647237698811296,108.64733090324444,-48.000093204433142,110.73428985674036,-50.087052157929065,72.431040267723802,86.017856289368865,274.76373780774884,195.05255976266136,141.53869779652987,141.16442890104483,162.47810977866141,160.86032175786406,200.25300620537973,189.03831821003698,222.68575459448536,217.81792351765762,241.77923524896323,241.54042274888806,-2.7542232085473302,0.59155883844374557,0.12376016608271811,-0.46779867236102746,-0.38878706425620635,1.4147992365809614,1.8035863008371678,-8.2171579651075035,3.0640204874490848,11.281178452556588,-1.2610115746078918,3.7316682243816217,4.9926797989895135,1.6594889459906881,2.0141853271298658,0.35469638113917767,40.784962887240908,69.60366173921102,-28.818698851970112,70.856648757266157,-30.071685870025249,41.282617429567836,62.23909814532999,110.99083706107922,201.20590497519456,155.77093934198845,150.55054990171172,180.39494599515837,167.04683948509663,201.99402603524251,190.97908966853146,222.88041049013921,215.43342531788932,240.03423033344231,236.41232982303228,-3.6604063646288694,2.334945451212235,6.7540379651834712,4.4190925139712363,-6.7013877248913616,6.9399322518014515,13.641319976692813,-5.0700186509116634,7.0621073066050997,12.132125957516763,-1.9568286809183348,6.708817019070267,8.6656456999886018,-1.1486108988776778,4.8237892112065879,5.9724001100842656,19.86227463555042,39.043668327085015,-19.181393691534595,39.877641305607085,-20.015366670056665,31.148422647234838,23.778758237171132,163.77290071151219,183.4552989643953,130.3649395630755,133.0355516169308,141.38122597522641,142.76107427163254,182.84660839006204,180.10033932811891,220.03462882746248,225.01950831923617,246.85318972903616,248.88268083316535,-1.7125984724792431,4.448817265568465,-0.31434505807899882,-4.7631623236474638,3.9300635048516313,-0.96127689406790751,-4.8913403989195388,-8.099716864027954,-9.5795981271693904,-1.4798812631414364,-6.4259091245612865,-5.6811397865217259,0.74476933803956058,-3.9331817285077761,-1.1229238247821058,2.8102579037256703,-0.90618315608153921,-1.9478078921496262,1.7433866127684894,-2.1138718143562301,-6.3126006606351552,-10.631451229742993,3.1471393141958401,3.0296982131162906,-0.69581710631044302,4.4690804436429516,-2.8080998448683658,2.7845708296300984,0.40395009161921902,0.56995753860467335,0.72356020982380909
1291,2020,88.575405167014964,44.225202297614871,1,10,22.196156606765747,9.4583282470703125,98.017941668347703,117.23097248088561,-19.213030812537909,118.06631958964135,-20.04837792129365,106.0612330549302,90.841844901724471,304.75552014028654,185.38730873638661,131.30299026466216,132.80432263652261,157.52365080538027,152.43516978002671,188.1929431906762,181.96843191878537,212.18796703420225,212.26067575348577,232.98216141422,235.7690945697077,-1.3623244893719004,1.4349268530147583,-0.35994949580174307,-1.7948763488165014,-5.2784917941855269,0.15895671306122949,5.4374485072467564,-5.0727415543230734,2.0522741571041649,7.1250157114272383,2.438028455500131,2.9567975669133659,0.5187691114132349,4.181180980430355,1.6450799978923953,-2.5361009825379597,66.312296218522533,69.00151448102406,-2.6892182625015266,69.118437239367267,-2.8061410208447342,67.191222620713233,59.832927954565093,130.5482766940986,190.10376494777341,152.99259223238971,144.30701261590173,170.47037336044212,160.25046023607572,190.83955600557132,184.85394408077065,209.90259985064117,209.90343981514928,226.27432503650931,230.74829657561901,2.0388879720577222,-0.75438917112285253,7.6857492060551351,8.4401383771779876,-2.2348948472047425,7.723115429721588,9.9580102769263306,1.1514018299787381,7.6449555003597425,6.4935536703810044,5.7752561754067813,6.7348097032373175,0.95955352783053627,6.3872678128551286,5.4189090747404407,-0.96835873811468787,31.705645375319364,48.229456416614539,-16.523811041295176,48.947882722803115,-17.242237347483751,38.870010365531925,31.008916791162846,174.20724323531613,176.81385363607779,126.93941815113681,125.67203618427621,131.02050090622663,135.12994131886057,164.60753128254547,171.68736605276789,216.49583059884944,218.12842637748724,245.79527908290507,242.3827336461888,-5.366888936111593,-0.84806724696171898,-0.1053570858953492,0.74271016106636978,3.1303267843359777,-1.5480307065909926,-4.6783574909269703,-5.9043699457649836,-15.89685285712099,-9.9924829113560065,-10.116560675985824,-8.5584663080659027,1.5580943679199208,-10.136731994698778,-1.9216077590876353,8.2151242356111425,3.4012124614296226,7.4057769081693152,-2.1893160241376108,0.093678075838866448,3.0435969469807844,-5.3652216315407202,6.2241433843018115,7.0557717757437217,3.3372277199066502,15.891816851392605,2.2060868324247735,16.523999807553906,0.42837050706744867,0.63351349673555291,0.65864941447737235
1292,2020,88.825406310585436,44.225202297614871,1,10,22.196156606765747,34.409088134765625,88.076900062562345,150.27412232151801,-62.197222258955662,152.97834940566827,-64.901449343105924,73.68549530765813,74.275860782927339,242.14345807931386,187.72270516308296,131.85219825360889,137.11783891839579,156.98312954237829,151.93800066051833,192.55674543518421,176.17099869972139,214.23187395176308,206.83544919543053,239.3445859947156,232.1595825927549,0.54334078878486025,7.0970535844724054,1.2531555849280949,-5.8438979995443106,2.1922590664661357,7.176046539739815,4.9837874732736793,-4.7086264936347391,12.32838880621668,17.037015299851419,2.574063961812044,10.303842126223543,7.7297781644114991,-1.186021295569418,6.2643086270313688,7.4503299226007869,48.795642697269614,65.334381287539145,-16.538738590269531,66.053456001269296,-17.257813303999683,44.396592381427581,35.133519377562607,90.08962548605632,189.02921437266994,148.22745711541225,135.44296747786825,165.43042647671544,148.63422399788237,186.29372337353485,170.51949671137643,216.2876623619,196.42403054990422,233.85872656734796,220.46075431252316,3.9927348640166542,5.024569160145461,17.991564178777168,12.966995018631707,3.6046065276286754,20.58484351583374,16.980236988205064,6.004343942977016,22.778226128704205,16.773882185727189,0.79724544454910529,21.026865933363865,20.22962048881476,1.1616083728838191,17.404440836760216,16.242832463876397,39.281257313138667,84.939743536019705,-45.658486222881038,86.924893810455615,-47.643636497316947,29.288902911329387,39.1423415632662,152.05383265041746,186.20429324767963,129.35073226704577,140.74233922775616,132.78234898281906,158.94234881346313,196.28608984925586,190.93155240662779,214.10742278508016,223.29504987155275,241.76998044458691,243.0536822837704,-5.9785633184732205,4.0493285124609883,-9.2121063947571145,-13.261434907218103,12.255533369477803,-16.695908801082226,-28.951442170560028,-16.730018543781938,-14.518260192045176,2.2117583517367621,-4.2209395124501441,-6.8422061013464202,-2.6212665888962761,-5.4387692136560304,-3.4940138381939505,1.9447553754620799,3.449394075231794,9.9712981824898748,-2.0724844243269445,0.97524064768447261,1.4123474611625397,-8.6509268418491274,10.712970436611755,22.734362486758954,-1.7768185172629387,5.0181849569992494,2.3476296684532372,6.6003775865398495,0.3720506273456603,0.60251467668174097,0.47301396452665834
1293,2020,89.075407454155894,44.225202297614871,1,10,22.196156606765747,22.800003051757812,80.021056047040474,127.81016673928389,-47.789110692243412,129.88795372521417,-49.8668976781737,74.780499186123052,91.159063158997014,253.67249887855724,181.85922224064834,129.79120384637883,127.67737815000699,148.76435242302813,145.19780988171044,187.51897651293635,172.76357772801168,210.88272848760064,202.11073831544252,228.97920313547348,226.77041930164518,-1.4905540734588385,-0.36274975237941476,1.612227101762798,1.9749768541422128,1.1322253071222406,4.7928677908285522,3.6606424837063116,-6.7629054092375895,8.0208675895746637,14.783772998812253,-0.79576710477857659,8.0483555698757812,8.8441226746543578,2.2967648211490825,4.372202318822815,2.0754374976737324,53.170921313045255,70.82114172646834,-17.650220413423085,71.588544267098769,-18.417622954053513,50.635399299142591,58.742957826132624,121.8338813433802,183.43860478570036,138.10737519991949,130.00941543605597,156.78367968444263,145.19900717492189,185.14349413468614,170.6299287826794,206.42164558133658,197.33472081775017,228.71400945892273,220.33392748024198,2.6565468363750995,4.3066590825261812,11.548258153710435,7.2415990711842539,3.6192067300437145,15.362717425434255,11.74351069539054,0.98176118404231261,15.295541454740203,14.31378027069789,5.0724646997456659,14.323378831764842,9.2509141320191759,1.8894186451621522,10.771513139085869,8.8820944939237165,26.850134704192897,56.989022944532735,-30.138888240339838,58.299408432915698,-31.449273728722801,24.145099857178138,32.416105265809165,131.83861741563305,178.80500392448351,127.42070316623243,122.78227392057246,131.16669982655014,145.19293460644838,194.47578575413829,179.68846707288918,211.54777320621579,215.68204338295536,229.72435914597014,235.99532080700422,-9.409275048264675,-5.8393429501841183,-2.1695281463621541,3.6698148038219642,0.60040538689924006,-14.636023494074379,-15.236428880973619,-30.179310910215065,-19.756967318082843,10.422343592132222,-8.3485096925856226,-10.616078533685197,-2.2675688410995747,-0.5490806268669246,-4.7510496477406434,-4.2019690208737188,4.147100909833938,12.065821884639774,4.669408834905596,10.1460020327103,2.4869814229214739,3.0188013431444745,7.7446665932799021,31.161072094257378,5.8682318045242425,13.420974392331289,-0.40734617598693035,2.4384992720290768,0.48028021122505188,0.6771203702868428,0.64440063105601297
1299,2020,114.5755240983431,44.225202297614871,3,10,22.196156606765747,-10.947372436523438,62.168986565378873,73.2502481197007,-11.081261554321827,73.732040906083057,-11.563054340704184,108.52916249239752,99.587751128430682,343.0561476117,202.89218338192322,151.41500205693202,156.12793840183434,172.24668397459396,179.16604811747908,204.32855182436762,207.15614647287131,229.12756404785628,232.68086329681904,252.463480194521,252.63214519609653,-0.046439398798440834,5.5971710507688215,0.21277825215182133,-5.3843927986170002,4.7878713850698489,-2.592416367037373,-7.3802877521072219,-2.0589805780351469,-5.0282791400973679,-2.969298562062221,-1.4576740801695678,-4.2535804955922458,-2.795906415422678,-2.4367353980501036,-1.9033639595558043,0.53337143849429935,25.096151287587418,35.211950274953779,-10.115798987366361,35.651768392181111,-10.555617104593694,40.426228493502094,42.48913214456843,109.85075509245507,207.56278304418137,157.39475321645017,158.87487498450119,177.22891171917053,181.12405066243974,207.99937932888398,209.97852123395518,234.71353182410294,232.45995562008468,256.26008076454713,250.09353488951646,-4.9299089913697571,0.25698568104849073,-3.8643752540980643,-4.121360935146555,2.2940215410623921,-4.2139496164730303,-6.5079711575354224,-4.5457339034391566,-7.0794255986037911,-2.5336916951646344,-8.6360798572560782,-6.398289334943513,2.2377905223125651,-12.215615675059638,-5.1712433580211155,7.0443723170385226,37.072835151131585,38.038296009552141,-0.96546085842055618,38.080272931134459,-1.0074377800028742,68.102934159082906,57.098618749168963,233.20539232436568,199.79905503270274,148.52207601418507,152.71570517598198,169.17338057027851,177.37875003639468,198.56442205309236,203.28027340705353,227.02131512808558,233.04357575162794,248.77436118883816,255.72657058350188,3.6798328585961713,9.1138621596079474,5.0194959901496645,-4.0943661694582829,7.0776190867079265,-1.0986389708885156,-8.1762580575964421,3.1126858949666314,-2.2682030703954297,-5.3808889653620611,2.9219449806793989,-2.267386421809988,-5.1893314024893868,4.4705782449177889,-1.8634714914765311,-6.33404973639432,-4.8834695925713163,-8.6097418499659284,-5.3401853697203308,-8.8568764785594567,-2.4938498440074568,-4.7835975456455344,-2.4867533254040097,-7.658419798405788,-7.1784057770865104,-11.558024837935477,-9.7788802770095344,-16.686193919977427,0.32021217476269648,0.37249184979506272,0.42665018200655475
1301,2020,115.07552638548404,44.225202297614871,3,10,22.196156606765747,-1.9444427490234375,101.33269368032052,106.64635309565347,-5.3136594153329497,106.87738099519629,-5.5446873148757732,136.55448370125123,107.21920822486572,406.88743743626401,201.80028973196303,153.00227247837944,155.14856878380473,173.8123165968459,175.82190978760281,202.7906750282184,200.93024110630722,227.30416808506411,226.9183280472368,249.45950208965189,248.09012420913777,-0.99692562758781378,2.440556795523122,-0.017238148617707338,-2.4577949441408293,1.2497027441776538,-0.61771867061366947,-1.8674214147913233,-2.8626605776869098,-0.99798689859440515,1.8646736790925047,-1.4209664953135643,-0.73719521514854591,0.68377128016501842,-2.3138000692684102,-0.40299661879885207,1.9108034504695581,46.524459224783641,57.022413750957639,-10.497954526173999,57.478846279584104,-10.954387054800463,63.851218825740034,47.834674287561938,169.67547098477371,201.2797720678619,155.36229326462367,154.64417983775246,171.97053554657521,176.0570698301326,204.4295403565697,201.39797511664185,223.11237405399061,225.99557074326654,248.04627682217978,245.67533507819124,-0.7140578792816541,0.38468749584444595,-0.27868485925748132,-0.66337235510192727,3.3336889512048344,-0.47845470379476751,-3.8121436549996019,-3.4250222032217721,-1.0460775281449344,2.3789446750768377,1.9606143611036941,-0.91602087394969089,-2.876635235053385,-3.1721416660537045,-0.83378371112289074,2.3383579549308138,54.808234604548488,49.623938775137503,5.1842958294109849,49.398534179170383,5.4097004253781051,72.703265218237902,59.384534166409139,237.21196719724685,202.24040959358629,151.64384163871867,156.13964595753328,175.7344733522491,175.58727706703289,199.75252993950039,200.24882835096597,227.78599363368053,228.1722904911087,249.5988377522801,251.02931475713555,-1.2254151764156518,5.2697683684269236,0.25787522118642414,-5.0118931472404995,-0.74701753513318181,-0.66798176946008425,0.079035765673097558,-0.57891935863202093,-0.77670573271603871,-0.19778637408401778,-1.2448901724727932,-0.5062089384139199,0.73868123405887332,-0.43601940931614536,-0.9127211944885687,-0.47670178517242334,0.28286774830615968,0.51135729713399769,-2.055869299678676,-4.8850808725824777,2.0839862070271806,4.0807064863380162,-0.56236162553486224,-2.8461028445897512,3.3815808564172585,3.2055045335764873,-0.85834159678529431,-2.7361222567375592,0.41700837964886089,0.46758786013523607,0.44613903683415157
1302,2020,115.32552752905448,44.225202297614871,3,10,22.196156606765747,-8.7894744873046875,87.041008353215148,96.08020680631671,-9.0391984531015623,96.473215136553335,-9.432206783338188,140.58261159809263,95.915328567749384,397.89680026937276,199.26995111935267,152.22297275067751,155.29129953778889,169.98036216620008,175.96496200666147,199.59331164061228,202.96729739551404,225.29885311260563,229.72752011927773,249.10195239608893,249.88151029876917,1.4284649359632056,2.8280989541342763,-0.39742707429573443,-3.2255260284300107,3.9443240193986639,-1.9263102486599735,-5.8706342680586374,-0.062331788070849825,-3.1711391199847867,-3.1088073319139369,1.3017499676937234,-2.9628555958403808,-4.2646055635341042,-0.84873655846027418,-1.3828981647664591,-0.53416160630618492,39.235490516047321,52.169652809547188,-12.934162293499867,52.73200749737407,-13.496516981326749,64.971785380800611,35.465942485751839,151.28058942570351,195.42293101836302,154.66429757985628,156.92730791327779,165.37036787456464,176.72775774288252,200.59810690314899,204.0332154669496,216.63994848525991,229.90802726189639,238.85661234129802,249.14359313966557,4.3098144088978074,0.4305745678890105,-2.6890850621468019,-3.1196596300358124,7.4418388059802965,-3.020354678931426,-10.462193484911722,-1.0782849498671681,-4.478792675108906,-3.4005077252417379,8.4347572427328146,-4.1846194181102305,-12.619376660843045,6.6323295606675003,-2.5681257772351387,-9.200455337902639,47.805517896772471,43.910553507383156,3.8949643893893153,43.741207090188254,4.0643108065842171,75.610826163740967,60.449386249635609,246.61621102690697,202.1097671240951,151.37815972210737,153.09934358761561,174.95255285580865,175.09640526486203,198.58259704469285,201.43742058474862,228.86661873481935,229.50814917647929,251.36864013977086,250.99725723733826,-0.94598014383774398,5.3408635332684753,2.9388273821734572,-2.4020361510950181,-0.39743512228727695,-0.64014407002537155,-0.24270894773809459,1.4866337081870711,-1.3870583228369071,-2.8736920310239782,-1.9062429344359373,-1.3456593116495981,0.56058362278633922,-2.9246299137489586,-0.92393250923413461,2.000697404514824,2.8813494729346019,5.2557945527355514,-2.3975243862452658,-4.9102889653794648,3.4975147865816325,7.8392739282675734,-1.0159531617963182,-2.5649186580542391,7.1330072750390912,10.341000177168752,7.4810661191277745,9.556959474416459,0.38020056789420731,0.46216089345776618,0.36976302969864322
1304,2020,115.82552981619543,44.225202297614871,3,10,22.196156606765747,-3.3157958984375,97.049397989423596,112.16610545599178,-15.116707466568187,112.8233551333833,-15.773957143959706,138.23871661208977,95.353761201535235,401.3225709553808,205.16809273229646,155.03602448134555,160.74588251674712,176.53505866004002,179.80300510039922,205.49422707759999,205.69988878521949,231.61172970837711,231.97338819308251,253.47334818301638,252.83706732828216,-0.012696704355846578,5.8935914758304762,-0.32255789473967411,-6.2161493705701503,1.8610317516405814,-1.3588013125278451,-3.2198330641684265,-1.3919897149848453,-1.3969541106066288,-0.0049643956217835239,-1.206110124829479,-1.216807257263639,-0.010697132434160039,-1.1070903450623746,-0.29574079911927242,0.81134954594310216,46.070372279857111,56.186355559015283,-10.115983279158172,56.626181279538287,-10.555808999681176,65.752156142036256,50.052738156045962,149.38304293644615,208.00311412080478,158.09467133895026,162.62655731181778,180.16242403615149,183.27767992397736,210.06342749977216,208.37783558274032,234.29973078956891,231.20131400378443,254.40364160349341,249.60245357753104,-2.4319616829598658,4.9660411646944738,0.15650788992147113,-4.8095332747730026,1.8369898105264326,-0.98685111593948704,-2.8238409264659197,-4.3068636914622402,-1.6585408355504114,2.6483228559118288,-5.2362697767375437,-1.7273925143012434,3.5088772624363003,-8.0115754492219935,-1.4748595992083722,6.5367158500136213,50.97902588838042,55.979750891435287,-5.0007250030548676,56.197173734635726,-5.2181478462553059,72.486560715689848,45.301022859224759,251.93952818773687,202.38079245106982,151.97441806932238,158.91269074489318,176.07862880713137,176.90744648867368,199.23728085558233,202.79603207981631,228.53561463470277,232.73493515040596,251.9529856798012,255.68900050539077,1.7397371871809355,7.0942642145031698,-0.14188435897062845,-7.2361485734737983,-0.77077113254415508,-1.3053774049729725,-0.53460627242881742,1.8602201334212793,-1.1866321186845994,-3.0468522521058787,3.9875302419293917,-0.070698324735559481,-4.0582285666649511,2.1548409252073384,0.091393465699638909,-2.0634474595076995,-2.4192649786040192,-4.1716988701408013,-0.92755031113600239,-2.128223049808696,-0.024041941114148813,2.6077609430705877,-2.914873976477395,-6.1670838248835196,-4.0301596519080647,-9.2238000186669353,-6.9044851041596189,-10.166416374429332,0.37222686623587542,0.47564211932423173,0.52491624373638335
1305,2020,116.07553095976587,44.225202297614871,3,10,22.196156606765747,-21.333328247070312,77.803344327403465,76.360969327077328,1.4423750003261375,76.29825623430952,1.5050880930939456,148.46042385772125,97.262784868999006,391.25431205332279,202.27800362045753,154.04133096986945,159.01987138330179,176.18155279396981,182.45628686112784,202.65143673158971,211.83589462371717,226.96250460702723,236.71820280782893,249.78741979357767,253.26635976429884,0.58121090436304712,4.306722730547051,-0.93732097350635968,-5.2440437040534107,1.5026828228985494,-4.9933702185304014,-6.4960530414289508,-0.057701559583961171,-9.1908447870073644,-9.1331432274234032,0.30937768122379339,-9.1857102234119168,-9.4950879046357102,-1.8576078966307534,-4.9498574307445438,-3.0922495341137903,30.69611872245514,36.807714478085472,-6.1115957556303329,37.073436276945358,-6.3773175544902188,58.191623006533518,37.251194866475998,134.74947120912839,201.96921411807338,158.80581278046429,163.92815584204473,173.16277513031008,188.38298174665192,205.45640168963286,217.87100351429822,219.60570687226098,239.74124698467938,240.12127436739181,254.8047476436756,1.9088809583791431,0.79422830380946152,-5.3913774646685511,-6.1856057684780126,8.7388030489478581,-6.4679234709498701,-15.206726519897728,-0.47873415223298821,-12.549120609949398,-12.07038645771641,7.1160525592442525,-12.738427626631591,-19.854480185875843,4.4450042363438342,-9.255080595775155,-13.700084832118989,47.1072256533771,39.553253554246112,7.5539720991309878,39.22482031499203,7.8824053383850696,90.268801021309628,60.011590274469199,256.50484101101756,202.47411534354202,150.87604331737734,155.12835320785189,176.55100457457837,177.78474445475553,199.51074059021835,205.46545970931217,227.84232772461948,232.42311685654528,251.73392281359614,251.50264696358457,-1.1507752172099117,7.061214042351196,2.4955430851911728,-4.5656709571600231,-1.7539655617035237,-2.4450572181860082,-0.6910916564824845,-0.99774395712597652,-5.3587012291515066,-4.3609572720255301,-0.54497774776689312,-4.4623904384247624,-3.9174126906578692,-2.6476280740464802,-0.57918291140742895,2.0684451626390512,1.3276700540160959,3.0596561755890548,-3.5124944267375895,-6.2669857385417345,7.2361202260493087,10.492768610651382,-0.42103259264902704,0.51900980489298831,6.8066748780204591,7.6610303070111456,6.3026121329745877,7.0926323103903144,0.34440379839382784,0.39196724281416662,0.38299535548615815
1306,2020,116.32553210333634,44.225202297614871,3,10,22.196156606765747,7.75,139.88318810067722,139.30642895638448,0.57675914429273689,139.28135372821271,0.60183437246450922,150.72367769680568,103.39106909752445,388.45781397540122,200.65706408610112,150.90210362000357,150.57341836039586,172.69448148253753,169.62895358450047,199.8333702678049,195.80986707694248,227.48171757916697,223.90826997184828,252.68212969788573,248.25035822887443,-0.74191368889700016,0.37834309694969193,0.40164200308527143,0.0232989061355795,-0.40954295285055764,2.8241940823292566,3.2337370351798143,-0.68924263664158048,3.581781760346729,4.2710243969883095,-0.59852595555943822,3.0054677824823841,3.6039937380418223,-2.930990324108933,1.5315702690027706,4.4625605931117036,62.970214019944251,73.150897520536091,-10.18068350059184,73.59353685336464,-10.623322833420389,68.722112137307704,33.138939684409706,144.50441074254923,191.87838373392685,152.26034792933891,150.07581261738815,162.58211955256971,169.90086719942863,192.74392976422405,195.51863364424415,215.05125855041709,221.02723718051814,236.70770855885914,243.21980590896041,6.786975454394792,-0.30481424210472596,0.87882930237682899,1.183643544481555,9.1425877871778312,2.5680947498107116,-6.5744930373671195,5.4875545511943926,3.8912359061200164,-1.5963186450743763,9.4516535350300046,4.0555169397565294,-5.3961365952734752,8.5180833182074593,3.5464882849308879,-4.9715950332765715,76.912974605998897,66.15553180241659,10.757442803582308,65.687816937434036,11.225157668564862,82.001566062412167,70.252129504384357,243.95340364426374,206.53019318763884,149.47569158483623,151.09316645100463,178.19170743943783,169.39415807713394,201.82760117947674,196.16434060902648,237.94686194562448,228.11589249060424,258.10328590846291,253.12417876572093,-6.362865743815064,3.1662284730842032,-0.088169524987307568,-3.2543979980715108,-6.3022151561853832,3.0405861683404396,9.3428013245258228,-3.5943781720865502,3.2103741307796554,6.8047523028662056,-9.9107011719330274,0.87587985088688924,10.786581022819917,-7.8702543201885362,-0.26223767599222469,7.6080166441963115,7.5288891432917922,13.149841198209856,-0.68315733905441789,-3.4710427151889292,9.5521307400283888,15.444802943363214,6.1767971878359731,9.0819327232809428,10.050179490589443,19.362354706963032,11.449073642316392,16.388337638395996,0.3719951190161922,0.45594768643814843,0.32052033094996957
1307,2020,116.57553324690682,44.225202297614871,3,10,22.196156606765747,32.199996948242188,151.62730348110199,167.35139155387878,-15.724088072776794,168.03504830598831,-16.407744824886322,131.61910842777888,97.642261284214328,366.64585174201056,198.24652491123297,149.34923970320961,143.75308964279699,168.95056334485056,158.03783075059732,197.62600505846518,182.07675041790907,226.13127142444498,210.84572696601813,249.71555941375621,236.80745459465817,-1.360095224670772,-0.20183996937569759,5.0817562767058746,5.2835962460815722,0.32962250540114724,11.738370732189736,11.408748226788589,-1.0528896737918672,14.723296621005602,15.776186294797469,-2.2568785234765869,12.998378651321474,15.255257174798061,-4.6449268193142075,8.3217752691024884,12.966702088416696,63.949285008013248,84.999687284231186,-21.050402276217937,85.914923667907715,-21.965638659894466,54.963722303180475,30.869564473628998,117.05639882595278,188.69246469083339,150.70148786472234,143.39406435724695,161.40617548755543,157.48771701890593,188.04383044321719,179.28412521932322,213.06868384758059,203.05210606740252,236.28783085182681,225.7540620375859,7.6986518798091765,0.01546193550160524,6.7470762474144124,6.7316143119128071,8.8443744917651088,13.371493061566241,4.5271185698011323,9.0766472560870852,17.906325235507126,8.8296779794200404,9.3674502084546418,19.304038471576916,9.9365882631222746,5.8272385870884875,16.899632996105566,11.072394409017079,87.67801833152771,82.35170379281044,5.3263145387172699,82.120125323534012,5.5578930079936981,76.65538602774086,66.772696989399265,249.589453027118,203.96406906216635,148.62586467758717,144.03359359388304,176.62408362182964,158.97451146413366,201.63021395164213,186.08599564059006,232.35967138861832,219.87002795196452,253.34987632125575,243.10794989834486,-7.3313083628085849,0.94273928235023163,3.9040992060185999,2.9613599236683683,-8.372953900224843,9.385058514627957,17.7580124148528,-6.5843141374365075,10.176429765849662,16.760743903286169,-8.4748280053961764,5.8295085967584725,14.304336602154649,-8.2274232921504051,4.5240974793065902,12.751520771456995,9.0587471044799486,15.029960242617761,0.21730190487730283,-0.92727734684862639,8.5147519863639616,17.217328391989952,10.129536929878952,15.660961393523593,11.624328731931229,17.842278213850818,10.472165406402695,14.054661879238893,0.31926284797657883,0.41759682890831756,0.31614962688927023
1308,2020,116.82553439047726,44.225202297614871,3,10,22.196156606765747,22.600006103515625,126.98161958953278,157.5634856567267,-30.581866067193914,158.89313127563219,-31.911511686099402,120.24780465337426,107.00352107862273,376.84804858267307,199.21024086878074,148.95451079825196,145.43191073053174,169.58593346904212,161.95919471058747,199.57376122398227,187.39471404909187,227.51889228671007,216.17860624790055,250.05553962719037,241.6380536778629,-2.0575324140644966,-0.13207050491419636,3.3342557645209467,3.4663262694351431,-0.54738697271153569,7.2813492042294001,7.8287361769409358,-2.4565761900203142,10.046731539367471,12.503307729387785,-3.0992374842067818,8.3255857078504505,11.424823192057232,-4.2407525443803706,4.1817432031213286,8.4224957475016993,53.202120432377797,81.628120180266706,-28.425999747888909,82.864031992005039,-29.661911559627242,51.330705812387805,28.054770035921592,95.623576727695763,185.84188800834264,151.58252276829884,145.04459943559363,162.83511971024535,162.32002744526091,188.74010061502509,185.24365827193802,208.69320071942241,209.0163019462311,217.63350988682873,231.87788766176641,11.234989265298907,0.52738382592255562,6.7077880005713553,6.1804041746487997,9.0239849555270837,9.5529564057873984,0.52897145026031467,8.6770853482363748,14.001387207865321,5.324301859628946,14.099173604310153,14.129429247096766,0.030255642786613635,24.240245077357258,12.124199323100754,-12.116045754256504,73.779499230542569,75.935365148634446,-2.1558659180918767,76.029098806789989,-2.2495995762474195,68.917098869670554,78.948751140676904,281.22447213716805,206.38737514065821,148.50153431612287,145.77815964216339,176.01523002465319,161.63046380897549,210.17731607768684,190.61628604968939,239.33333336211669,225.73431745965812,254.62943298631811,250.01423761016875,-10.797126367807039,-1.7748732044549627,-0.044883761363109898,1.7299894430918528,-10.229443645191878,4.564979006452063,14.794422651643941,-16.259351390328845,3.831022125858965,20.09037351618781,-14.573296093238298,0.63938034935529231,15.21267644259359,-8.5892158016768576,-2.0170746813114704,6.5721411203653872,13.292521679363404,22.032115633105946,0.65945433083675198,2.3022570303775183,9.5713719282386194,19.253428600718962,11.133661538256689,24.93643673856522,17.198411088516934,28.672469697548451,28.480997621737629,32.829460879034116,0.25374571286049219,0.42687436964320014,0.26218548467491881
1309,2020,117.07553553404773,44.225202297614871,3,10,22.196156606765747,17.454544067382812,114.67925813168586,153.38917559572656,-38.7099174640407,155.07221453497186,-40.392956403286007,113.45772496996506,95.823635190345158,375.61815248150378,199.61124152510672,148.80619003169389,147.35397024103196,169.90209336624096,165.38855605096612,199.5535860436004,190.24529993808542,228.76161627837888,217.55293500928229,250.41035001218117,242.36836110569976,-1.3989322286532513,1.2851333725992617,2.3862518108469715,1.1011184382477097,0.66103606426344186,5.5849985535238602,4.9239624892604184,-1.1157499417998906,8.3802817829614185,9.4960317247613091,-3.9357091043657988,7.354250367056693,11.289959471422492,-4.6092116422556728,3.5442512593211006,8.1534629015767734,49.105490484575057,88.43743321157126,-39.331942726996203,90.147516819355587,-41.04202633478053,48.492330746969174,21.436983896002857,86.205621378612705,186.6768381423239,152.46450106224464,147.28527749906968,167.07672919149303,166.77442908394804,189.3186442984528,188.41086764291461,208.62349037733148,210.87521767218655,217.53214963135781,232.33420018435393,11.972803748382631,0.88792162366905814,5.4011740902917609,4.5132524666227027,7.3931218860454351,7.6992163159562494,0.30609442991081437,10.716188425345422,12.012994924206822,1.2968064988614003,14.35877877803668,12.239006978918241,-2.119771799118439,23.352267841340421,10.358901510121513,-12.993366331218908,65.573767610672803,64.951741687863432,0.62202592280937097,64.924697848372489,0.64906976230031432,64.965394186557887,74.386651277578494,289.41253098007292,206.1019533008477,148.17383938689537,147.42030868194334,174.63108829744206,163.83066197646588,211.72895024465632,193.36823847174708,239.16138367569559,228.98886371017221,255.26713390337633,251.81685560591049,-9.6482225983544936,-0.59545296357561028,-0.41251296349824429,0.18294000007736599,-8.2239248557585825,2.485974500145403,10.709899355903985,-17.340631008144783,0.91998258359976148,18.260613591744544,-13.59462518705439,-0.83470665705323199,12.759918530001158,-7.5462512914382955,-1.8213064026375605,5.724944888800735,13.371735977035883,21.621026346737125,-0.39721174893020361,1.4833745872446684,6.7320858217819932,15.617046741804018,11.831938367145312,28.056819433490205,18.294487882402478,27.95340396509107,27.961479483596094,30.898519132778716,0.22950334218167917,0.42740439894953158,0.22371290604265001
1310,2020,117.3255366776182,44.225202297614871,3,10,22.196156606765747,25.949996948242188,135.6407755731816,168.09080862986593,-32.450033056684333,169.50168135801505,-33.860905784833449,127.0533838202191,101.10976190880319,355.94474215002833,200.36289753163797,149.37063424722351,142.12916636260445,168.69038543299959,158.31641928736565,200.18350645792106,184.65243756046112,229.31523589841322,213.60195498499235,253.55658375682717,239.98387589766881,-2.3595335170852536,-2.3949849948924111,4.8070139609689875,7.2019989558613986,0.20220399604443173,10.709650888515057,10.507446892470625,-2.6546061233453031,12.981133882443601,15.635740005788904,-2.589663022894797,13.202701410440767,15.792364433335564,-4.7386911994581169,9.0131639619842758,13.751855161442393,47.153442555008951,77.132152549158491,-29.97870999414954,78.435575006038562,-31.282132451029611,40.888917591024892,26.386999245891275,86.570079959521536,192.2975776353131,155.21019800244562,142.56838745845931,165.23307546435313,159.38336637798162,192.82017677373167,184.14298410408313,216.36149551292263,208.34486959245359,239.32764656918616,229.2637680969851,7.9739675318281797,-2.1196857758857561,10.450091969385483,12.569777745271239,7.7860074411807716,14.362674304577354,6.5766668633965821,9.1753717426974788,17.378921508704394,8.2035497660069154,10.594760919286472,19.333954160395194,8.7391932411087225,5.5955681924576766,17.422871166288218,11.827302973830541,88.487333020442748,90.958657359225981,-2.4713243387832335,91.066106518868764,-2.5787734984260169,86.164466257541335,74.72276280447295,269.37466229941333,203.73545726309567,147.91831454354286,141.82809004600131,174.60935125127912,157.50149992219812,202.72605204868259,185.27614156409845,236.66987891846506,221.62226850289707,257.16926959323484,247.97550955253959,-8.6228358499627973,-5.0144958988418011,-0.59531738920597377,4.4191785096358274,-11.370001772551376,6.9332023218232166,18.303204094374593,-9.8671454314949187,7.5498423887062813,17.4169878202012,-11.498198744298918,4.4138747746411013,15.912073518940019,-8.2271580774605866,3.231995217730514,11.459153295191101,10.333501048913433,16.596803381790977,0.27529921900665499,2.894810122956045,7.5838034451363399,19.156009213732148,11.829977866042782,19.042517174192398,13.184423942181269,22.09295966358539,10.334259391915793,13.822726269918263,0.24321213297493471,0.32182470361342619,0.26097380458368852
1313,2020,118.07554010832959,44.225202297614871,3,10,22.196156606765747,14.13043212890625,162.91990226507187,149.75675272941589,13.163149535655975,149.18444383144379,13.735458433628082,164.70526684449942,125.51563991369767,422.32938427291811,193.96338875649721,146.642934529971,142.72880644976283,163.53854008401777,162.78303208700288,192.54940955355016,190.46658345542042,222.48209579941613,218.58221719123759,245.55744803535276,242.32963485789855,2.3938736359168615,-1.596964129656584,2.1441223080136069,3.7410864376701909,3.9575591824389562,4.2059640439802592,0.24840486154130303,4.5228793103886744,6.493774465189972,1.9708951548012976,2.2759876913080177,6.2976096495459046,4.0216219582378869,0.60645838349353198,4.0015061855666261,3.3950478020730941,102.76814520359039,87.312473922967911,15.455671280622482,86.640489548444748,16.127655655145645,103.40694347620411,57.513526188244668,188.35712270531803,188.10145511149059,149.54261187664696,143.22325940804279,164.22974756746558,164.20052732300232,189.24864036319909,189.74844537361218,211.30553033468783,213.9583639500328,232.04331712539943,235.61115161409097,10.262185433796617,1.1390884265158263,6.5969156704053091,5.4578272438894828,8.9015444168495321,7.8897507770662685,-1.0117936397832636,10.460081835602551,9.6922227932600435,-0.76785904234250779,13.132427077659969,9.7521048952136198,-3.3803221824463492,10.39797791692493,7.6637965954448077,-2.7341813214801221,60.151756703853607,62.444278389215469,-2.2925216853618622,62.543952792882919,-2.3921960890293121,61.298323040469768,68.00211353351915,233.97226106701419,201.25884069329788,145.62110575440585,141.65035865441391,161.99149779672283,160.84553050915832,204.079643945794,191.87508269839796,237.82260171793749,227.80454447992227,254.9743130578853,250.09802597852936,-7.8070561648935382,-5.5199264625129558,-2.7296859489395899,2.7902405135733659,-2.3122528043009538,-0.78489481205375,1.5273579922472038,-12.345998756728989,-0.091308220740700108,12.254690535988289,-11.92287683541764,-0.92461561022241767,10.998261225195222,-7.1296254936960679,-0.040873590150710015,7.0887519035453579,7.8683117978797554,18.069241598690155,2.7360525561724103,6.6590148890287821,4.9439852344105759,11.213797221150486,5.9372025252138769,22.80608059233154,10.856439386351951,25.055303913077609,9.7915195334313978,17.527603410620998,0.44599577893352954,0.627830217316803,0.45821800556321068
1314,2020,118.32554125190005,44.225202297614871,3,10,22.196156606765747,2.5714263916015625,125.97772833285126,124.37029491088833,1.6074334219629236,124.30040617137638,1.6773221614748763,142.59415222104417,184.35599215243928,442.37851115968078,194.95005127908988,144.25304947847707,140.33569200425669,164.30781991507826,163.67659132337675,194.87389075139137,193.74380640120754,223.47090664460382,223.18752219406488,247.89087111269112,247.18235936185661,0.071121429388711022,-2.7677010975246219,0.77687295726934735,3.5445740547939693,0.53039527441873702,1.2294716239377976,0.69907634951906061,0.48004382665783396,1.5080660564890707,1.0280222298312367,1.108557400557828,1.422250189779362,0.31369278922153399,0.093176524377781789,0.96886664909035858,0.87569012471257679,82.440949077084952,89.3974697276808,-6.9565206505958486,89.699927267083694,-7.2589781899987429,93.403519519762995,125.26185505221724,234.71875193505548,192.87157510122509,146.72763186852939,147.20738939782134,166.99815600669024,168.23472864821565,193.84174037664977,195.07454814958126,217.75007576044186,221.21527675463301,238.86642556417834,242.74149069579428,4.0056400158445911,2.4999484891482382,1.7977605679959652,-0.70218792115227302,2.9505433216453412,2.070663743328879,-0.87987957831646213,3.1758788410344607,2.131895732088708,-1.0439831089457527,5.6644107639413335,2.0232293399169237,-3.6411814240244098,5.0029413503112323,1.8004608149839214,-3.2024805353273109,43.536779278118047,34.972824391316863,8.5639548868011843,34.600478844688041,8.9363004334300058,49.190632738534077,59.094136793861253,207.65975904557854,199.14723204318943,142.70154715850924,130.37980457987547,160.60487232993691,149.03974626788735,199.71027279392825,189.01253791285779,239.39911368089514,230.23313144765095,259.03282925841671,256.13379223419139,-8.4903181602887514,-9.2440072336653998,0.51049868797716158,9.7545059216425614,-7.7666646878008123,-1.0633469635442054,6.7033177242566069,-12.122779556384955,-0.95006442778333167,11.172715128601624,-11.094731636146747,-0.82115831753355906,10.273573318613188,-6.4706234462018415,-0.41534053063384135,6.0552829155680001,3.93451858645588,12.495958176133342,5.2676495866728601,11.743955722813638,2.4201480472266041,10.717208009446153,2.6958350143766268,15.298658397419416,4.5558533633835054,16.759142400088081,4.9097648259334505,11.473564796513074,0.53058352974638834,0.65503050486230541,0.6794563799620974
1315,2020,118.57554239547051,44.225202297614871,3,10,22.196156606765747,7.7916717529296875,173.53523521608804,153.7174506755473,19.817784540540742,152.85580609986937,20.679429116218671,184.11510068289681,120.56588991630633,440.54325845837593,196.179027215368,147.81505594136229,146.00226393798471,165.50667019873302,167.34261657420419,195.47592500521037,194.87264680168207,224.31408799807673,222.44659896893953,247.03169353724982,245.28856900034839,2.0594453865730884,-0.4427643570155908,1.1540422837848041,1.5968066408003949,4.867065780121095,2.9233028107340715,-1.9437629693870235,3.3100060632186796,4.0066286191094491,0.69662255589076949,1.7966342771841255,3.6488607930398871,1.8522265158557616,0.50575155229012125,2.3686421778240003,1.8628906255338791,97.507298322627321,85.596005488057926,11.911292834569394,85.07812391194966,12.42917441067766,104.82250280952303,61.67103956452047,190.29602408141363,195.94390148211491,155.39840069841813,151.60634250023375,171.30317150223377,174.11251047722936,196.61084184439608,197.1947595397946,218.43422759237018,218.87171513374167,238.61774512493747,237.69384468563649,6.2312373119218023,1.9101980778812617,4.9684640128727438,3.058265934991482,9.4093741176635888,5.7478740496349872,-3.6615000680286016,6.9455913647189789,6.4823101941626646,-0.46328117055631424,7.4670909897256195,6.3275429388540374,-1.1395480508715821,3.901013371788224,5.4057648826436946,1.5047515108554705,76.027937145849137,68.121441032547409,7.9064961133017277,67.777681681280228,8.2502554645689088,79.292598125762197,58.894850236301863,250.24723454099149,196.46231558402013,145.77852933956146,140.80824001222382,160.41323751079793,158.80059119171565,189.91658291252995,189.36304154643102,231.7118717480557,229.73657324478765,254.82353189069164,252.66699422985846,-3.1824858893720034,-4.4739983159915937,-1.2580689264734133,3.2159293895181804,-0.69330362466644146,0.36856273579300591,1.0618663604594474,-0.43233056354398514,-0.63140540785738608,-0.19907484431340094,-4.3184653798039108,-1.6456278406970171,2.6728375391068937,-4.121314965494804,-0.28182872286151905,3.839486242633285,4.1717919253487139,9.4137232012938057,2.3529624348968525,6.3841963938728554,4.5423083375424937,10.10267774233003,3.6355853015002992,7.377921928262964,5.670456712541494,11.78555636952953,3.3952618194981028,8.0223283372830281,0.43195763509656221,0.56933137162964065,0.51151316186801166
1316,2020,118.82554353904098,44.225202297614871,3,10,22.196156606765747,1.4444427490234375,118.63876688604796,122.41327150251163,-3.7745046164636733,122.57737862974318,-3.938611743695219,136.4621139391711,187.09240158517787,440.58578281290829,195.23391657006539,142.17243365254086,138.45723607769148,163.79203031716403,163.91613047847628,196.23416600998414,194.62060270649877,225.06021372870265,224.57783026416905,247.93615581942296,248.15702568142584,-0.359203412543593,-2.9651527969112124,0.34036256925736552,3.3055153661685779,0.6148616707956478,0.64361222880003766,0.028750558004389859,-0.67116329846811595,0.81137676388615887,1.4825400623542748,0.33916421002717811,0.77443894676935088,0.43527473674217276,0.69710066145330529,0.49579988148246912,-0.20130077997083617,68.654314128099941,81.770024540484883,-13.115710412384942,82.340273137859185,-13.685959009759245,79.496940371929668,129.40527203895272,223.59012725576758,195.19073465118908,142.86430112573899,149.45089933216309,169.44815781675899,171.50256933455347,197.2866572790698,198.34056983905145,220.3935817462679,224.29323825180671,239.11339273608056,244.94252654725244,3.6782155799289455,7.8355404440034988,1.1411947446393071,-6.6943456993641917,3.6575257247020545,1.2239790053619402,-2.4335467193401144,2.1805852011034119,1.2546204068120801,-0.92596479429133183,5.1007553899292475,1.2108909595409898,-3.8898644303882577,6.0720869306628344,1.0816398143707318,-4.9904471162921027,49.984452988916019,40.643246059677949,9.3412069292380693,40.237106011769356,9.7473469771466625,56.965173887616402,57.687129522528267,216.9956558663398,195.31259602465039,142.14360738164791,127.31213354762103,155.05411040086562,143.67860977675338,188.23372625260222,181.92075736646331,236.56340387757282,225.59673682834725,258.50483060631791,255.60898331194963,-8.7688227506234853,-11.6901179037188,-0.14204822973945852,11.548069673979342,-6.2648769448250903,-0.78791952258936249,5.4769574222357278,-7.3551177642473817,-0.58221018413519232,6.7729075801121894,-12.241229196304573,-0.73573792105972302,11.50549127524485,-7.7458362883463963,-0.98999402617806709,6.7558422621683292,4.0374189924725385,12.447038330552431,10.800693240914711,19.525658347722299,3.0426640539064067,9.9224026695271448,2.8517484995715279,9.5357029653507936,4.7615911799020694,17.341984586233821,5.3749862692095292,13.817923219009231,0.50748375453302719,0.58255685828937076,0.69166503258572032
1317,2020,119.07554468261144,44.225202297614871,3,10,22.196156606765747,10.478256225585938,183.05103528879408,166.60047436963214,16.450560919161944,165.88523320844251,17.165802080351568,198.32204535282381,112.12640114367059,473.6751118497923,202.48234921134178,154.92741858167514,157.55311833083414,172.90429336560547,174.68468075085897,202.91465106160524,199.29035739868749,228.54386291538421,225.34975280900042,250.46766692829607,247.50692226736396,2.7531118852585053,5.2073548794909357,2.3349864275362791,-2.8723684519546566,6.2376859331758965,4.3929602208443441,-1.8447257123315524,1.9302421223477779,5.6361021203241819,3.705859997976404,2.3024582190125784,5.4667281241039802,3.1642699050914018,0.52403784680726062,3.4805314215275587,2.9564935747202981,106.23652593731094,102.14428776293062,4.0922381743803271,101.96636448852223,4.2701614487887127,106.69580302959537,72.199221079598772,197.90698311911547,209.91559532818314,172.96366644901954,162.13711975211581,192.06064473116393,178.87723635042585,208.81677708899485,200.37254876800682,228.79757683139471,221.80380462034253,245.70716741143423,239.70345887860336,-2.1438318058654886,-6.3824433051660776,4.5878709415274272,10.970314246693505,-5.5147308292767434,7.1033139057494736,12.618044735026217,-0.11453384952562828,8.1393775605792769,8.2539114101049051,1.2596082996561222,8.0844683536486457,6.8248600539925235,0.53999340049296052,7.211521134471127,6.6715277339781665,76.814509187570366,64.456187767695155,12.35832141987521,63.918868756201846,12.89564043136852,91.626242177780114,39.927180023012625,275.76812842208892,192.37413068719727,148.39835949474497,153.47820167431536,159.66411469737707,167.26192295847954,176.85802388589403,196.08220465299405,227.35128269975471,235.20266727352876,259.18175963810506,256.56382528636613,8.6151394025497723,7.8118584882329287,0.54922268416515863,-7.2626358040677701,9.7039956666354215,1.0938092560696191,-8.6101864105658024,19.103175354377754,-0.63706463542251868,-19.740239989800273,4.3911687676084341,-1.9263918613865201,-6.3175606289949542,-5.9672973909137283,0.65762294791380782,6.6249203388275362,-4.8969436911239939,-10.758971208415261,-11.589798184657013,-14.194301793399006,-11.75241676245264,-15.218726495912165,-2.0447759718734062,-19.217709203903382,-1.0428499193564562,-3.1315604679523119,0.015955553685699897,6.5072907914066889,0.41781165648803181,0.53799265149660369,0.64390919839733329
1318,2020,119.32554582618189,44.225202297614871,3,10,22.196156606765747,6.0434722900390625,167.08673002699652,159.48104014894852,7.6056898780479969,159.15035583671124,7.936374190285278,173.84165557088636,120.23641456556288,421.24440355133265,199.75519176493029,149.87835269692661,146.92102380344699,167.92955873669234,169.11572930241005,198.96727157500416,197.93496847425291,228.22650229538039,227.02323577580557,252.03145663749822,249.96760102345769,1.3408372706732905,-0.97533001840938027,1.2852762612390904,2.2606062796484707,3.867130490406339,2.602649795045096,-1.2644806953612431,2.4261199704678234,3.4145989071552378,0.98847893668741449,2.0856406181209763,3.3204587333681843,1.234818115247208,0.4626757612752499,2.3822341771289075,1.9195584158536576,81.743841999206779,91.427112578512606,-9.6832705793058267,91.848124418702355,-10.104282419495576,85.253350035245603,56.417878412101572,156.88667480507866,203.6741491056633,167.77358180589661,153.11890456340464,187.77409105000805,177.17657871651224,204.02581620741918,201.72468336049479,222.16859247526176,225.91962553456037,241.35396603505399,245.04653156150718,1.5793602152848507,-10.336707196272584,3.9266899478139408,14.263397144086525,-5.6110516502104417,4.7936753453361405,10.404726995546582,2.7472416884502309,4.9999564003869352,2.2527147119367044,8.5956948527926897,4.7617537805485881,-3.8339410722441016,6.7527463647710704,4.2725816556441032,-2.4801647091269672,85.342887677612453,68.053925155151774,17.288962522460679,67.302231630512324,18.040656047100128,88.588305140759985,63.818535839727701,264.357727937866,196.11228771715241,146.16390964977441,141.24594429196281,158.62691928961897,158.94592623037943,184.34595021227992,188.95450987255251,236.04956566144165,229.58553569933034,259.81892025454647,256.59921396420879,-1.0362425714062056,-3.7110490416889945,-0.23060392877121672,3.4804451129177778,2.1650271712425706,1.4702105153259311,-0.69481665591663955,5.5943724455213442,0.44980815109749983,-5.1445642944238443,-6.042573519808883,-0.081205614382980684,5.9613679054259023,-5.6524598166679425,1.1215818476085815,6.774041664276524,0.23852294461156021,2.6156027866910563,-9.3613771778632042,-6.62565815458359,-9.4781821406167808,-7.7760788214530123,0.32112171798240752,-2.8471307570711133,6.5100542346717134,14.638268372601573,6.2900706034958205,12.405206181439013,0.37243622344281307,0.49040806563466233,0.46922455743503444
1319,2020,119.57554696975237,44.225202297614871,3,10,22.196156606765747,5.434783935546875,168.29558824280684,158.70108116722986,9.5945070755769848,158.28393202388179,10.011656218925054,176.92903617796401,125.98369035559881,420.10351334655161,200.99863547317437,150.77574030648313,148.52122785530912,171.13453301394389,170.09604014913188,202.39912199787878,198.20534211239456,228.38571864579512,226.93675284321742,250.5267973800018,249.11989056216183,0.41355555852388193,-0.5850253599789994,1.2411954041681099,1.8262207641471093,1.7635011368634252,2.3474069729420819,0.58390583607865665,-0.78240742319474066,3.1745496819428638,3.9569571051376045,1.7161669301054872,3.0622957813453695,1.3461288512398824,0.8910642000790574,2.3285842349761765,1.4375200348971191,95.970840928333928,98.448482866426275,-2.4776419380923471,98.556205065717222,-2.5853641373832943,98.542502571851855,83.347835877933903,195.39667463104706,209.17172331715722,171.80729198947034,155.55021353691495,190.54687280726802,177.94328267905613,207.67898421646723,201.5515905534383,228.82041428708018,225.36105426688934,247.91111741225473,244.42729856174159,-3.5894132824043936,-12.310838888324753,3.6101225934172305,15.920961481741983,-7.1800901728454676,4.4438460118724663,11.623936184717934,-1.0733432054114189,4.5175815234443633,5.5909247288557822,1.0652293633739021,4.4518724984353355,3.3866431350614334,-0.42171009465832299,3.8287855047121582,4.2504955993704812,72.324747353588464,60.252601821365715,12.072145532222748,59.727726776758573,12.597020576829891,78.386533718761711,42.635854682717763,224.70683906195654,188.71491067399634,144.1508476490082,141.70238623274713,153.03733701736468,158.69365120156382,172.73187571992375,188.57465927231578,226.8381594419472,230.95092215118606,255.82622032757092,256.61991111106846,5.9004021625405016,-1.4561148135906024,-0.50590422789761647,0.95021058569298589,6.6110581033113647,0.74778138685721274,-5.8632767164541519,15.349203038324845,-0.3705603596493745,-15.719763397974219,2.7785099646495723,-0.39358181056633157,-3.1720917752159039,-0.70781354341457359,0.87678209875639368,1.5845956421709673,-4.0029688409282755,-9.4898154449448953,-11.725813528345753,-10.85472407473415,-8.9435913097088928,-13.791148276156832,-0.29093578221667826,-16.422546243736264,-0.65093756673158509,-1.7132806012756703,-1.3127742947373804,0.2861034487562506,0.4651155451534168,0.55696060240068745,0.66157639645797106
1320,2020,119.82554811332282,44.225202297614871,3,10,22.196156606765747,0.0869598388671875,153.70531597055742,145.05670129081773,8.6486146797396941,144.68067652794343,9.0246394426139886,190.07662326901664,123.29306575921873,451.56027493579313,204.77591708078219,155.92878168297938,162.21292363643911,179.71403164741426,181.08136972123913,204.59458194834278,205.86674467380251,229.94512897059818,232.20476438667782,252.32748834013637,251.77408955281754,1.9018799787323815,6.5521512440302274,0.03717123907145492,-6.5149800049587725,1.6056043347603008,0.045540847568190657,-1.5600634871921102,1.4515463054005124,0.043720744715358251,-1.4078255606851542,2.1238533395280115,0.050217931522155368,-2.0736354080058561,-0.75643582600022796,0.025136350537110275,0.78157217653733824,111.03392242786867,92.43373924547268,18.600183182395995,91.625034566401155,19.40888786146752,115.69044746686808,93.269863814337441,232.08063921582652,213.37588171787488,181.58334896456827,171.76815715145551,192.7356261449888,189.30193209126563,209.77625462555687,210.96149720089147,233.6418316066501,233.18277463124568,251.50748766355386,249.88037850114708,-2.3896877476577743,-9.8831097701592512,0.052605421481558778,9.93571519164081,-2.8960144257598586,0.071220314833851717,2.9672347405937103,1.9445302899883075,0.073265748551165188,-1.8712645414371423,-0.66597661017505061,0.069384752222930501,0.73536136239798111,-2.4026636273844986,0.059799402087094222,2.4624630294715928,42.671393565040489,52.622964010998658,-9.9515704459581684,53.055641370678131,-10.384247805637642,74.386175940146131,30.023202064090583,219.47963585471734,187.56432817579588,147.26696361518458,153.98248116455434,154.65512730763055,166.99702250068415,168.3540333672172,192.12210688487619,223.7877198818839,228.65686920153979,253.36219643205885,256.38072676975145,11.074049154455196,8.1034268531910811,0.0043770293083298384,-8.0990498238827513,12.36205956537529,0.026170306438672242,-12.335889258936618,22.385472503583486,0.014259842223339092,-22.371212661360147,5.5044176938886551,-0.026044681149755888,-5.530462375038411,0.10246221810726297,-0.041982357887548005,-0.14444457599481098,-4.2915677263901557,-13.46373690211297,-16.435261014189479,-17.986536623350332,-4.5016187605201594,-15.258073991135149,0.49298398458779502,-20.440942213595179,-2.7898299497030621,-6.1703943040637057,-1.6462278013842706,-2.5051258454917615,0.51395273698251209,0.60865163467856154,0.75648912807866953
1321,2020,120.07554925689328,44.225202297614871,3,10,22.196156606765747,11.409088134765625,181.04713531402376,180.99163500553914,0.055500308484624838,180.9892224118812,0.057912902142561506,183.79699928125319,120.76853993525583,431.94252351112664,202.6719050471479,150.74122930780433,147.89622562456492,173.19765631981895,168.38365272326337,203.56339020868572,195.87184278859218,230.08077130378334,223.92407584399069,254.17623552751044,246.7958746680236,-0.23017764388148976,0.061156197128525491,2.4969029351906613,2.4357467380621358,0.6376417809875079,5.6593740272062689,5.021732246218761,-0.5469254503746015,6.8894855288362749,7.4364109792108763,1.0855045641284278,7.1809646831912062,6.0954601190627784,-2.1044896668874742,5.3392302379523926,7.4437199048398668,95.947857552630012,106.42115020147685,-10.473292648846837,106.87651227265451,-10.928654720024497,97.957990777169471,65.792579324490362,198.09580467693741,208.82766915716402,171.39029662424454,155.91124174102981,191.0127339068124,175.86199872521874,206.16630135697596,199.28199607606442,228.79622278268269,222.03076873246027,249.58694713678756,240.06801277494702,-1.6056760740063112,-9.4933425139429346,4.5327173812608521,14.026059895203787,-4.8921114824298968,8.9390321413494291,13.831143623779326,2.8695756377593398,9.4546083036158564,6.5850326658565166,2.9387476858336754,9.666258785086427,6.7275110992527516,-1.5148665961637562,8.8707144474593065,10.385581043623063,85.09927787687775,74.570482953610735,10.528794923267014,74.112710339714795,10.986567537162955,85.839008619567721,54.975960446852696,233.8467187974602,195.51350491243664,145.07399303996965,140.92842916288257,154.85863042428582,156.23636255683655,182.56809604867212,185.37559543925227,233.14528962266292,230.45566212357724,258.05346532254481,257.36599665912541,-0.82509069429690385,-0.23058743190702558,1.5950683821425287,1.8256558140495542,5.4632711759845165,4.7167802246084989,-0.74649095137601762,5.0702488372629944,1.776452662354302,-3.2937961749086924,-3.7535986821231404,-1.0464651704594132,2.7071335116637272,-0.8154863183345924,1.4123793341941564,2.2278656525287488,-1.3754984301248214,-0.78058537970940733,-9.5544987110714601,-9.262755082035909,-5.5297532634174047,-10.355382658414413,3.4165010881339413,-2.2006731995036546,1.8532431217052476,6.6923463679568158,0.589623070723718,-0.69938027782916379,0.45861612111416611,0.53296838990973083,0.54478243555616257
1322,2020,120.32555040046375,44.225202297614871,3,10,22.196156606765747,3.2173919677734375,198.14616286501405,177.20289015362869,20.943272711385362,176.29231678315773,21.853846081856318,210.26039859654247,152.80785369135629,491.91762585937977,197.43454436741172,142.97103034737603,137.55456039061758,166.8731609865178,163.73730458705987,196.98292161794623,194.71196438164833,226.31909924584153,225.96492423669861,252.81025438150562,249.52567393394079,-1.4168131053953346,-4.3374878569720181,0.97337287856080934,5.3108607355328274,-1.3967586632036841,1.5339551884987657,2.9307138517024498,-0.32245757792452423,1.850692783425302,2.1731503613498262,1.378345108377772,1.6403327401757508,0.26198763179797879,-2.2594534287707972,1.1204433185239679,3.3798967472947652,118.66517714688962,95.428021287245429,23.23715585964419,94.417711106783827,24.247466040105792,126.67327729242288,79.028814619516197,233.03675885687699,198.09369018491219,155.88719025646063,145.50646208968365,182.13415311380368,172.563817229759,197.936696737338,198.82809354685287,217.85351507605523,224.59745495404613,240.63569346940594,244.87652420505299,1.5875402497578648,-8.7085065981434582,1.7375429785619758,10.446049576705434,-7.9593447431100515,2.3538648169542,10.313209560064251,3.3480954274729697,2.6307633418877003,-0.7173320855852694,9.6425959169096132,2.5279754114382342,-7.1146205054713789,5.7732206453606523,2.192518058137324,-3.5807025872233282,79.480985360496561,81.774872561871234,-2.2938872013746732,81.874606093606417,-2.3936207331098558,83.5871209166894,73.779038982433121,258.88086622953415,196.57293818077488,141.54769751283391,131.22959701350609,153.57843620068599,154.16225500811177,186.16676964128246,187.19548683008739,242.10249675952656,228.59426615515102,260.8851704287548,255.40315904975935,-5.0775946003924162,-6.9924571597123588,0.81999425446662144,7.8124514141789803,2.7839272964065458,-0.15473879728497764,-2.9386660936915234,1.0494120616572786,0.53802981781709036,-0.51138224384018827,-12.711142070516729,-0.14774307870314374,12.563398991813585,-7.6896025684644655,-0.21487106254767241,7.4747315059167931,3.0043533551531993,6.665134850150281,-4.3710187411714401,-1.7160494384310994,-6.5625860799063673,-10.743272039516597,3.670553005397494,2.2986833658156911,8.2642508085318411,22.353737987426342,8.0326740741314495,13.462823213825118,0.47373126435500645,0.60245903716509885,0.51717770199913837
1323,2020,120.57555154403421,44.225202297614871,3,10,22.196156606765747,12.173919677734375,178.95040838633213,159.815182391696,19.13522599463613,158.98321347023011,19.967194916102017,182.88605074065708,122.07403747181161,451.14333538711071,199.90510454978616,149.07792561616219,150.31680330143234,169.16064832615399,168.41749721258384,199.12651559911484,195.81790146914798,228.27826795836901,224.50355483918901,252.71620820626626,246.37138130664755,2.2580342189982616,4.2237032739145093,2.1804656418888158,-2.0432376320256935,4.6575144322831079,5.3782485521202545,0.72073411983714664,2.7791172066403362,5.968039110397001,3.1889219037566647,2.507728066835881,6.167187760603781,3.6594596937679,-1.7257943353798169,4.5517367918590708,6.2775311272388876,89.167508679829552,72.10137481997117,17.066133859858382,71.359368529692802,17.808140150136751,91.067765773112114,42.93451278034081,176.51080740179168,203.22007773897886,169.08923840886493,154.45973263892139,186.01784737146451,174.81458363667312,200.89307023114543,200.3312892176703,218.64193737724787,224.55239304120411,242.57049627820211,243.39210631925394,3.2443981445441921,-10.061080338007883,3.4485240331684679,13.509604371176351,-3.0284936608375688,7.310601964466116,10.339095625303685,7.0194513659853612,8.2430694368094635,1.2236180708241022,14.023440667576352,8.7336566086941048,-5.2897840588822476,6.5132466762011632,7.3165818734845232,0.80333519728336,89.782899576035561,87.713807597638151,2.0690919783974095,87.623845907168288,2.1590536688672728,91.818284816588857,79.139524257872836,274.63252767175436,197.30672093613504,145.09401822825683,148.09195999784964,160.0232149250196,163.2255894052596,188.00575230597516,189.80109827026928,233.47995029584064,224.42316042712002,255.84653566250799,249.52499210101092,0.1218957038795736,6.5515367940856493,0.62593314730506222,-5.925603646780587,7.0187599717456521,4.0458958440792117,-2.9728641276664405,5.6316236567087401,4.3047212885560384,-1.3269023681527017,-6.1718489496705331,2.7279998144543924,8.8998487641249255,-6.3228554696881645,1.6366064655357775,7.959461935223942,0.98636392554593044,3.1225024406646185,-14.284783611922393,-16.612617132093533,-7.6860080931206767,-10.047253632583221,4.240334159345025,1.3878277092766211,11.515712600740471,20.195289617246885,8.23904101158098,12.836102145889328,0.39125216656549694,0.49794812345886036,0.35170879631350699
1330,2020,122.32555954902745,44.225202297614871,3,10,22.196156606765747,12.043472290039062,232.18647091275488,200.31640138239891,31.870069530355977,198.93074444134254,33.255726471412345,240.20853583787721,120.12619379399257,506.5212301723659,201.13309940288755,151.41731210320998,150.77305222160956,171.57700825916061,169.22196931462386,199.77126394247702,197.4027283020626,228.05519704475518,227.05232097277823,252.97746133682656,251.4203905830062,3.040057106220587,1.9348855716313835,2.1358304377067441,0.20094486607536055,2.9233720559357437,5.2215101227660057,2.298138066830262,3.6654365722140483,6.0084370810552059,2.3430005088411576,5.2446787597237119,6.2224907234880789,0.97781196376436696,2.746860643031539,4.3439025035433758,1.5970418605118368,130.83894445674377,92.604731204985001,38.234213251758774,90.942374329853919,39.896570126889856,134.00391455625322,55.247283196091303,248.67866383679211,204.08996336702563,167.96762198915124,155.80740491147716,183.84836388983058,175.97962349268036,202.43213036996468,202.39868188586144,223.16833637022049,226.7444520424329,245.69014328288389,247.79974798232124,4.4444191762451908,-8.3976104792620561,2.1354032987350138,10.53301377799707,-1.5148971721306737,6.5961583870090408,8.1110555591397144,7.8409208897499809,8.2038750038338719,0.362954114083891,11.942234798674548,8.6453049747089494,-3.2969298239655984,7.9029233568718382,7.4730749937064331,-0.42984836316540509,101.34752632935124,107.71166792280201,-6.3641415934507677,107.98836986529568,-6.6408435359444411,106.20462112516179,64.878910463790817,257.84256606176496,197.86224087087615,145.51126066111374,148.06127779177095,160.91685318590754,163.82774683828097,189.01708559203726,190.57486581066149,234.55140296277582,227.43570685269844,259.12134115986845,254.8798073232355,1.6927135782422909,5.3737458065739077,1.9703519373895517,-3.4033938691843559,6.5633540146495477,4.0172937433308675,-2.5460602713186802,6.2495997176559399,4.4148123346180626,-1.8347873830378774,-5.2475037310041444,1.6693241635432798,6.9168278945474242,-3.313669279597633,1.8921995758314267,5.2058688554290597,1.4043620700246038,2.7517055980028999,-10.33249605089344,-13.771356285835964,-4.4382692280664173,-8.0782511867802214,4.1754843175359326,1.591321172094041,6.697556038950836,17.189738529678692,5.1560627138402992,11.216592636469471,0.49095407857271522,0.55786491553612327,0.45991037800495249
1331,2020,122.57556069259792,44.225202297614871,3,10,22.196156606765747,14.391311645507812,206.55594741321329,183.66931960905276,22.886627804160526,182.67424850087991,23.881698912333377,209.58022187728966,119.82090072238134,485.33768629282713,201.7751380243682,154.60775602262765,153.92124717606333,173.7675685905711,170.76343640372812,200.57129397720669,197.01069855970056,226.49093957744492,225.36770640334885,250.87277647790199,248.88969208038191,2.9673664931786448,2.5679881691191611,2.9617990969377956,0.39381092781863458,2.8577666656058796,6.0124357603938847,3.1546690947880052,3.3297423696372448,6.8608959861893766,3.5311536165521318,5.8118895940533832,7.0044408516043006,1.1925512575509174,2.6263356996381901,4.6878263745014124,2.0614906748632222,122.76777923927511,87.485419413589625,35.282359825685489,85.951403121653129,36.816376117621985,122.8932104639789,41.704400035148865,233.50938665866852,200.13165632361259,168.07484914025903,159.73949059452619,182.71618368556321,177.49740941977936,199.53185810151106,200.99107309914586,214.73047011510954,224.033904642766,235.12026657162363,244.48826581615455,10.0295365986467,-2.2556540278850719,6.5108516030059604,8.7665056308910323,4.0090017353797975,9.2656785296678379,5.2566767942880404,11.678260309796144,10.414071497398993,-1.2641888123971512,19.581001659924198,10.613791740781863,-8.9672099191423342,16.768687309692098,8.645190695858588,-8.1234966138335096,83.788168039827724,96.183900970323521,-12.395732930495797,96.722845979160411,-12.934677939332687,86.687011323903789,78.116500202944735,251.82829897850752,203.41656639732503,148.15209588646289,150.04312400615001,164.80702239789494,164.21090065550095,211.7094577547991,190.09563926798262,239.02944498032326,227.4287513654314,260.09427247947644,253.5368388945686,-5.1686608203699222,5.0116688426195708,1.6623700135038462,-3.3492988291157246,2.0251487600309019,3.3508862562341335,1.3257374962032316,-18.175054698252723,3.0491090445776763,21.224163742830399,-11.920923649732401,-0.011674501538948334,11.909249148193453,-7.1442327283432121,0.49213218220316435,7.6363649105463764,7.0621701054680557,15.198197419016623,-4.8236421970042329,-7.2673228705046427,1.151235069773918,1.9838529753488956,8.3485179401588994,29.853315008048867,13.769112065870814,31.501925309656599,14.142351610053908,23.91292003803531,0.48112766276670565,0.58637790037236215,0.34805613865126706
1333,2020,123.07556297973883,44.225202297614871,3,10,22.196156606765747,8.4583282470703125,183.18758350939606,161.17152445238025,22.016059057015809,160.21430071755458,22.973282791841484,201.41165117306264,110.98663772341388,486.58125907182693,206.1635646568719,164.27502631710638,162.78649275730797,180.25199455930334,178.48110481369937,204.02676649830917,204.10512903296461,229.27780327481506,231.44659292025847,252.32045369574985,253.55138454455781,3.1805891388336249,1.203009562370454,2.2523067874543585,1.0492972250839046,1.7326533040739491,3.4622588985945413,1.7296055945205921,4.0402145222128638,3.8119089766123579,-0.22830554560050587,6.2098926589917482,4.0521820381758573,-2.1577106208158909,3.6957779187154642,2.585015861579592,-1.1107620571358723,117.97207976541904,77.137055838305969,40.83502392711307,75.361620346884592,42.610459418534447,121.60888231317404,51.930172111802676,228.64526779943844,205.91754270548338,171.22172249675344,168.95616552449982,188.56993173639793,186.71868061698214,203.81903683075191,209.61387279008989,222.59986540354816,232.36565184312366,242.69648023685667,251.17695815584685,9.1042046330494486,2.7033717825287908,4.6582449715206167,1.9548731889918258,3.88508928786257,5.3269766837184989,1.4418873958559288,12.017899648551605,5.9989982859028146,-6.0189013626487906,15.362677601646965,5.4552020120030704,-9.9074755896438944,11.832258918996018,4.7431555652084114,-7.0891033537876069,65.21550369927354,84.034465159488718,-18.818961460215178,84.852680760584008,-19.637177061310467,79.802768770481634,59.05646571219404,257.93599162250757,206.471030152129,156.1128169284697,158.67917125873612,171.35222100975071,171.45083858585733,211.03631743639366,195.44305413807143,241.31044997566846,230.26366079161855,260.86609713172095,256.36252299053268,-3.4593880014021181,5.4006174252324115,2.0130711033534396,-3.3875463218789719,2.3355143456552128,1.6378538167460306,-0.69766052890918218,-13.876795821857172,1.0714693517340379,14.94826517359121,-11.54594295088296,0.14824938034070101,11.694192331223661,-4.5420153772311664,0.35035943235772038,4.8923748095888868,5.9236154942158237,12.563592634451567,1.5003622201583369,-2.6972456427036207,2.1524359837886209,1.5495749422073573,7.9776851263387414,25.894695470408777,9.1527849426552166,26.908620552529925,8.1364810002805541,16.374274296227185,0.46990150881599585,0.60378275837022854,0.46789571408781783
1334,2020,123.32556412330931,44.225202297614871,4,10,22.196156606765747,9.4166717529296875,208.61112920030064,188.08638636474279,20.524742835557845,187.19400714330186,21.417122056998778,223.55997314707565,116.81854858414226,503.31385067850351,201.27482357470603,154.01758077971624,154.11055041910677,172.43679645818537,171.68546707075254,200.10139967609962,199.2697832112045,227.18124839395102,228.73845570934114,250.64211347062613,252.59831581229918,3.3059135103536903,1.7720778813764468,1.449692381711202,-0.32238549966524488,2.5358379076276947,3.467028401460027,0.93119049383233232,3.3281794606814401,4.2671401975975414,0.93896073691610127,6.096021673114933,4.4982600032018354,-1.5977616699130976,4.8498844375272654,2.9407757287709444,-1.909108708756321,109.45915815497392,84.116186604283939,25.342971550689981,83.014319902162242,26.444838252811678,109.93294604758375,45.852699177035902,200.84593785787001,203.71768569277285,169.81217141482205,161.5806178212741,187.54421718614796,181.4385578252749,203.28669352999876,205.31616265321063,220.11373437307054,228.80792363085499,235.87774943014787,249.11622830210055,7.3791296746769888,-3.5468555969147531,3.8654433930848313,7.4122989899995844,-0.30647595254055204,6.0871473101081506,6.3936232626487026,9.317396954367382,7.0319039172036071,-2.2854930371637749,15.795731622838815,6.9308552376740522,-8.864876385164763,17.781000726436389,5.8650347674986278,-11.915965958937761,99.151971239041814,103.97019896076381,-4.8182277217219962,104.17968640667459,-5.0277151676327776,113.62702728203112,70.965849709320537,302.46791366487741,199.21319017954684,147.26785877073365,150.60152375554836,163.74784159852732,164.06505070712433,189.44806425555836,190.33803511629753,235.68938600275948,228.63969280325966,259.83355817013728,256.0668830558443,-0.70964524645435745,4.7892199712534591,0.4796214767902427,-4.3095984944632164,3.2565350294754865,2.6946520990510408,-0.5618829304244457,2.4815998042667502,1.7405510487163554,-0.74104875555039484,-7.1175628016401049,0.24383966740779783,7.3614024690479027,-4.6532916564034394,0.30815703001184147,4.9614486864152809,4.0732161643232985,8.0887749211313462,-5.3189334782911999,-8.3360755681682122,-2.8423138601682467,-3.5630109820160385,5.9892174936859419,6.8357971501006318,9.6997099497238821,22.91329442447892,12.931116288909124,22.434292382839828,0.39904711063904785,0.49173805355246247,0.3925121458259605
1348,2020,126.82558013329577,44.225202297614871,4,4,22.196156606765747,-1.0952377319335938,175.91298741492938,195.26379991222711,-19.350812497297738,196.10514033262371,-20.19215291769433,197.18888432177027,173.03696732369281,474.19011519756168,195.42806978522492,132.96643317518638,130.54360664314098,166.23423086125317,158.95713348587401,198.61063249892291,193.18299930358086,224.81576215421032,227.57193212399366,249.23244519200236,253.30979447255481,-2.8037697714273406,-2.5611788021939219,-0.049077903592944949,2.512100898600977,-7.4212200425149604,-0.48722716701860236,6.933992875496358,-5.9236130086278536,-0.6027840464011831,5.3208289622266705,2.1815683072214824,-0.54651026555214344,-2.7280785727736259,3.7167353321458734,-0.36736044429372328,-4.0840957764395966,109.97523936047219,128.27972685878194,-18.304487498309754,129.07557406652268,-19.100334706050489,117.21360976445567,121.85936639596912,252.04000110714696,200.77010977646108,156.39723920335058,145.43199087701885,181.16994511865511,170.09936452031911,203.28980365011074,199.32786946281601,223.68960256840995,229.2800738667539,244.02034240903845,251.64360413098058,-2.6176017954447275,-11.534164904809671,-0.79199011982800016,10.742174784981671,-11.481102062514566,-0.91391899839601365,10.567183064118552,-4.7058480085563019,-0.93302627092614898,3.7728217376301529,4.4949418969364672,-0.88705142925186919,-5.3819933261883364,6.7994085519736416,-0.79437382747494212,-7.5937823794485837,65.937748339441896,66.984074245538068,-1.0463259060961718,67.029565613288469,-1.0918172738465728,79.975274885140152,51.177601009214413,222.15011445339769,185.69029315055735,121.74826665716779,117.66889219447279,142.68859631721102,136.88851267356816,176.02093052505776,175.74099427811913,230.43126379896594,222.71962200237837,259.87997781513747,258.20060606792362,-3.0574025777813745,-1.4646779564772032,0.068789474006536011,1.5334674304837392,-4.0143865805338521,0.31076409989347553,4.3251506804273276,-0.46270552027419853,0.43473967165965632,0.89744519193385486,-6.9402121047147034,0.47176517051360634,7.4119772752283097,-2.315324941753488,0.61927924266194623,2.9346041844154342,0.18616797598261314,0.43980078233664699,-8.9729861026157494,-10.069486948332468,-4.0598820199996055,-7.4667154819807138,1.2177650000715516,-4.2431424882821034,2.3133735897149847,11.435154001651171,3.0826732198277682,9.1147334937271296,0.53151677571798306,0.59442300800884906,0.70423891657793591
1349,2020,127.07558127686625,44.225202297614871,4,4,22.196156606765747,0.173919677734375,180.09024558726378,208.53473820660656,-28.444492619342782,209.77145309237312,-29.681207505109342,204.41476982255335,166.72377335978672,476.72378150187433,194.30360525520405,134.96062787446417,134.19120562917283,164.93042694346835,158.62534228796,197.0467208256656,190.98089029345354,224.20311727112832,225.1704003005313,246.89626562310934,250.50280707623315,-2.1485755379383988,-0.7128427149443155,0.048282235402581364,0.76112495034689687,-5.8512686479305387,0.081001946557535121,5.9322705944880738,-5.9331127420904579,0.096747926236531612,6.0298606683269895,1.099160283455177,0.088677895408750373,-1.0104823880464266,3.6432210104114802,0.064350789146772058,-3.5788702212647081,123.14725121875381,147.0088605159599,-23.861609297206087,148.04632287039567,-24.899071651641862,130.14639765416359,116.98482569005591,263.29898266690725,197.6045471939272,148.89158528341849,140.71772223370814,173.25659308555342,163.75035301252842,199.76358373821884,193.50792196034692,222.08204776097475,225.46445558194984,242.38358086445351,249.26234198511906,-2.9045573112136367,-7.3334134513685854,0.1408055922509277,7.4742190436195131,-8.8899836221157784,0.16328590204597049,9.0532695241617489,-6.1167032312796721,0.13818276452383316,6.2548859958035052,3.4346311706303823,0.1310378112108026,-3.3035933594195797,6.8951498867818373,0.11778436212486554,-6.7773655246569717,56.942994167344295,61.525874578247567,-4.5828804109032717,61.725130209019881,-4.7821360416755851,74.268371941147052,49.738947582449327,213.42479857616127,187.72523700064042,123.96134336066574,124.30090744835772,144.61316829037742,146.59883356608836,180.14875853968562,184.2143157413002,230.81940593570226,224.56640724081205,256.55251543616129,254.03841617198117,-0.62519721952730833,2.1771339302990924,-0.034054656470431155,-2.2111885867695236,2.4134815724573002,-0.086437729921300388,-2.4999193023786006,3.9538028674514578,-0.0044382284043535947,-3.9582410958558114,-6.2847100036411518,0.013228383282637424,6.2979383869237893,-3.2752966835444965,-0.082533687443230974,3.1927629961012656,-0.75598177327523786,-2.2793600916863284,-6.6205707364242699,-9.5105473816676778,-3.0387149741852397,-11.303465194573079,-0.18359048918921417,-10.07050609873113,2.3354708871752052,9.7193411742715341,3.2519288763703571,10.170446570326334,0.55230930967489833,0.63667805299558333,0.7016685343223662
1350,2020,127.32558242043672,44.225202297614871,4,4,22.196156606765747,-1.2173919677734375,131.62133039804758,144.17402140810736,-12.552691010059789,144.71979086121428,-13.098460463166703,159.99056349745479,226.2884555094206,499.01518809422851,189.01563740327262,131.53177015825122,132.0597193955418,155.06638969913152,155.8583509171718,190.03193777250286,188.79816241441287,221.16136933037978,224.01824681017104,246.63467890280916,249.77839261724824,0.43231388930328762,0.17450725750583729,-0.4851825589483667,-0.65968981645420399,0.08645248558309504,-0.64808800596733818,-0.73454049155043322,-1.9111450045607512,-0.69179023490406166,1.2193547696566895,2.1719539371598842,-0.62534467231850499,-2.7972986094783892,2.6648311354249188,-0.4330802191579437,-3.0979113545828625,82.767781920549169,97.9103539607313,-15.142572040182131,98.568726969562704,-15.800945049013535,93.37445508003475,158.56210592936804,274.27927863481455,191.06974104534328,136.89430504951935,140.25305762953644,161.3606512776702,160.96703317268606,193.83727435723594,191.65830366371964,218.26541173767728,224.58984359644975,243.02506396569899,249.00858553492577,0.90841720650050206,2.2514903148174881,-0.92763556041708739,-3.1791258752345755,-1.4477634963981245,-0.97468721983040041,0.47307627656772411,-3.4685484916114433,-0.93460637343835629,2.533942118173087,5.4250203869141842,-0.87901045116544196,-6.3040308380796262,5.1980085094924391,-0.7060999203291658,-5.9041084298216049,48.853548283135751,46.263666913524503,2.5898813696112484,46.15106332670257,2.7024849564331817,66.616108476377121,67.726349445081723,224.7359093092382,185.1635132963724,123.27578178136608,121.48265639084931,143.3976937362203,143.74828157033843,178.66922724798408,182.73165071650246,226.62654555266229,222.65645803620581,252.32754332110525,251.30006283719621,-0.47211033662799196,-0.67083867754509185,-0.014802760072072374,0.65603591747301948,0.8086035427543834,0.22459635699021874,-0.58400718576416466,3.571750084620362,-0.17241629841362283,-3.7441663830339849,-4.0272347798096462,-0.04345693733216649,3.9837778424774797,-1.3438038771141692,0.17342064064922624,1.5172245177633954,0.47610331719721444,1.380527543128494,2.0769830573116508,2.9223289923625799,-1.5342159819812196,-2.2563670391525079,-1.5574034870506921,-7.0402985762318053,3.2530664497543,9.4522551667238304,2.5331773740675203,6.5418123866066082,0.54964114355377636,0.58362476535386543,0.70070788884219926
1351,2020,127.57558356400716,44.225202297614871,4,4,22.196156606765747,-2.3636398315429688,116.22598742771515,118.47707501737023,-2.2510875896550715,118.57494968941319,-2.3489622616980341,145.75511439802813,229.4465644601587,490.44517602026463,189.30827231142499,133.90575402296002,134.3528882311268,156.54162192431954,157.77616172869901,189.98594926686545,190.66096472576004,220.0505884413017,225.3563413506665,245.62956564235822,250.28342182036695,1.2365213272857432,-0.063988062780595101,-0.58663093610635997,-0.52264287332576487,-0.028324281476642454,-1.2479652531270631,-1.2196409716504206,-0.66109810223088061,-1.2882178802802571,-0.62711977804937646,4.088419610987529,-1.2506236950676453,-5.3390433060551743,3.7518638577977583,-0.90709201429601194,-4.6589558720937703,80.316770236211596,85.703013886006374,-5.3862436497947783,85.937199488726037,-5.620429252514441,93.309107776421342,163.23522086708272,278.80542447185144,190.3951323695899,140.15650391611501,141.12967068942456,160.20332883959375,161.22250438766807,192.63774652572604,192.47614375626776,216.2444953349324,226.07249338845071,239.76107341497107,250.31936228782718,1.8037424263296487,-0.81053939910466966,-1.6930834505228063,-0.88254405141813663,-0.95620476390669751,-1.8389748884787593,-0.88277012457206183,-2.138297755939675,-1.7522435232841929,0.38605423265548211,8.171229753408511,-1.5951389512276251,-9.766368704636136,8.9149232715593598,-1.3234679468138495,-10.238391218373209,35.909217131898913,32.774060638270385,3.1351564936285286,32.637749962268572,3.2714671696303412,52.446006580967151,66.211343557685723,211.63975168019533,186.95841548464054,123.9572645176254,123.62774586832161,146.2061778440098,147.61713750586694,180.16899454333782,186.26544218483474,227.39396544640954,223.568531231626,251.26935018983019,250.19268449715111,0.029635832726569333,1.2614627200728989,-0.072739406790319094,-1.334202126863218,1.9275702936522521,0.72872436344826497,-1.1988459302039871,5.8533414583477281,-0.28874647440983381,-6.1420879327575619,-4.3067955982423598,-0.23485219642751076,4.071943401814849,-1.3923164619747013,0.17869487671532625,1.5710113386900275,0.5672210990439055,1.7741065936030793,-0.74655133632407455,-2.0720021191775686,-0.92788048243005505,-2.8837750575589496,-1.4771996537087944,-7.9916392142874031,4.0828101424209819,12.478025351650871,5.1630594137616015,10.307239733534061,0.56847419060011617,0.64017724634768414,0.71143022451062687
1352,2020,127.82558470757763,44.225202297614871,4,4,22.196156606765747,-2.2857131958007812,200.03565691542462,197.64942543840152,2.3862314770231023,197.54568031981762,2.4899765956070041,232.55583863615084,174.08868215847178,519.27365373168141,190.06352085117518,132.79923293425182,133.5497090514215,156.51607790895252,158.17877548089999,190.20282628708082,192.02174062272275,221.8317390512959,227.00926923295515,248.32538528536003,252.26968297598125,1.5848904276240887,0.42542766652104547,-0.68715913810234497,-1.1125868046233904,0.54939933533836438,-1.0909182126283099,-1.6403175479666743,0.65610119380178844,-1.2332832845842177,-1.8893844783860061,3.899433017344677,-1.1002961298828211,-4.9997291472274981,3.0785776413092094,-0.86314690926394633,-3.9417245505731557,137.94647146081843,135.86498465139448,2.08148680942395,135.77448564490624,2.1719858159121941,148.51319057509136,117.90176309579692,285.69251324539073,192.65100755428651,143.08221288787192,143.75161266139011,162.6588975987971,165.56405871692201,194.08644823599855,196.34832308157618,218.26377219540848,228.86065855719318,244.61559298071739,252.14026836777893,2.5891414092033926,-0.67677666463754349,-1.7226507809099303,-1.0458741162723868,0.74512004150471967,-1.8220101561447564,-2.567130197649476,0.31778033528371452,-1.8205185332730309,-2.1382988685567454,8.1947754269225754,-1.6841770240868073,-9.8789524510093827,6.0176206465918938,-1.5332891451489843,-7.5509097917408781,62.08918539500155,61.784444031203748,0.30474136379780248,61.771194410948738,0.31799098405281256,84.042647967927223,56.186919085026602,233.5811404818669,185.1476877647458,123.89085397553903,122.27581059978216,141.49508143377744,141.44074541537267,177.40852191760388,181.23088955848715,227.54701468421877,222.98496898342856,253.04332884523313,252.58923018074668,-0.56949768069628703,-0.68318897692816449,-0.055224881868767284,0.62796409505939721,1.1674364586747004,0.4726119079726061,-0.69482455070209426,3.2529816399713241,0.073027013084470127,-3.1799546268868539,-4.7369520102728302,0.2035104341204601,4.9404624443932903,-0.32131549026351536,0.76111573707891012,1.0824312273424255,1.0042509815793039,3.1586390898996797,-1.102204331158589,0.0064123122906210028,0.19572070616635528,-0.4223164171699807,-0.33832085851807392,-2.9352013046876095,4.2953424095778985,12.931727437195406,2.9390430052826844,6.3389361368554091,0.55017717766404051,0.63861303782378986,0.67725116666959273
1353,2020,128.07558585114811,44.225202297614871,4,5,22.196156606765747,-2.5416717529296875,96.320300558756571,103.7010067995252,-7.3807062407686317,104.02190659056942,-7.7016060318128439,130.13449381871214,185.94544280861737,429.26051352592185,191.43662339332411,135.88371235253652,137.97368804609852,159.89705145777344,161.52422705346987,190.30528760045419,192.92956724060713,223.81299918361279,226.49876931337468,246.72391507254974,249.18817309258588,1.2342979957266209,1.8624467920052723,-0.36573109078852895,-2.2281778827938012,0.66620944035065577,-1.0053628601958451,-1.6715723005465009,1.3774101092556066,-1.1857590148131294,-2.563169124068736,1.4725716946200578,-1.199752333614839,-2.6723240282348968,1.4415281016516417,-0.98828783896550476,-2.4298159406171465,59.541608094617914,68.102451560858754,-8.5608434662408399,68.47466380296828,-8.9330557083503663,73.52129409858162,122.03008121679704,219.14671561820433,192.71565580869324,145.88959887601709,145.82961451566581,163.4831718500354,167.15148044507768,192.80648141419374,196.10267711410197,220.86764064815767,228.11233303778448,244.30914223323958,249.46375723943891,2.5958361190890571,-1.0394575118428691,-1.7535641365824688,-0.71410662473959974,1.8909973549641279,-1.9349872669340868,-3.8259846218982148,1.2282926158118244,-1.7604892097361073,-2.9887818255479317,5.23100433407933,-1.538889246785061,-6.769893580864391,3.6166580693983974,-1.4408159330517947,-5.0574740024501921,36.778692508842141,35.598553644241292,1.180138864600849,35.547243612132661,1.2314488967094803,56.613199825680567,63.91536161044678,210.11379772471264,189.36145925160793,128.80131075976004,128.70170559883218,149.64524875566141,149.76552258426975,185.64470601350538,186.63662790613509,228.37302686326447,223.54930974662508,250.39425521895194,248.50577433520013,-1.3663729525672181,1.0101371409883484,0.51670427224925675,-0.49343286873909165,1.1229354947056436,0.52031606092867833,-0.60261943377696525,0.88757360539392494,-0.30773611053439254,-1.1953097159283175,-5.5398329641892587,-0.26378980883237091,5.2760431553568878,-2.2970482600489959,0.011420454232165866,2.3084687142811617,1.3615381233624362,3.9622090716562752,-2.9019043038481414,-2.0495946528312174,1.2247879146134721,0.76806186025848433,-0.14911749344378222,0.34071901041789943,3.7584326394592722,10.770837298268589,2.1751299677467557,5.9137063294473933,0.51052148686620502,0.56496392263993223,0.65626820089586912
1354,2020,128.32558699471855,44.225202297614871,4,5,22.196156606765747,-0.9565277099609375,106.75662571292924,121.82698750164855,-15.07036178871931,122.48221852152346,-15.725592808594229,139.31145653674866,235.37639247203333,503.14258108846843,194.02331183349995,135.21436081876953,136.28309210472014,162.012098230383,160.38840736833998,196.09475380191978,193.48834420103512,227.04462829768002,226.04616882585006,247.37984683641344,247.93514111640479,-1.4028470619354607,0.96402251180296616,-0.22835818880130887,-1.192380700604275,-1.9208179676423356,-0.38616045006673971,1.5346575175755959,-3.0118389703789603,-0.49604512887773922,2.5157938415012211,-1.432656846735,-0.47076320714521103,0.96189363958978902,0.11650711928459145,-0.41935473035795212,-0.53586184964254358,59.958949548264172,77.816579500053194,-17.857629951789022,78.592996837913233,-18.634047289649061,68.37521676308279,161.27754621449367,266.78878584131598,198.46965063275653,149.66458105619665,143.5266570732143,169.38373599742769,166.00646508425319,200.01091064731125,197.58006613187973,226.78048535473195,228.19692311402068,246.34138615533345,248.03710650880672,-2.4567815775247368,-6.0374480882882438,-0.64060986797164787,5.3968382203165959,-3.9763263392966905,-0.68984460739230258,3.286481731904388,-3.603675305942204,-0.71364431235332404,2.8900309935888799,0.53793884988317586,-0.66285839302912564,-1.2007972429123015,0.92665043287448157,-0.59979515155833951,-1.5264455844328211,46.797676237227279,44.010407592137199,2.7872686450900801,43.889221631779947,2.9084546054473321,70.936239819016919,74.098846408494865,236.35379535146058,186.98284999801723,126.6821168499515,127.2295721323767,146.38197407597849,149.05440687087491,180.51082965485881,185.46066584992329,227.25724571039461,221.78195417516488,249.40581577180222,247.66321434965724,-0.32469164122488792,1.2770151706442334,0.069219791207245862,-1.2077953794369876,3.0033961350331424,0.091241776011429465,-2.9121543590217129,4.6577660424201781,-0.19606687493470076,-4.8538329173548789,-5.8432543926924154,-0.078160501449360709,5.7650938912430547,-2.0241626069457084,0.021506565098576402,2.0456691720442848,-1.0539345155892761,-2.1320899362998489,-7.0014706000912099,-7.3144632589324772,-2.055508371654355,-6.9797224743298329,-0.59183633556324367,-8.2614413483623821,1.9705956966181759,6.3811932425755913,0.81014331358989011,2.9508130398201899,0.53024489651454498,0.49080828284245409,0.68518998239662521
1355,2020,128.57558813828902,44.225202297614871,4,4,22.196156606765747,-2.5714263916015625,110.47745192050934,104.96484506130219,5.5126068592071533,104.72516846656799,5.7522834539413452,143.59810857480988,252.62322064597538,524.15518789924681,191.52685580764776,134.61951877539832,135.10934786208531,159.49554368999733,159.88080181691996,190.64106246241124,193.05449425868838,224.93246518844822,227.46497472085494,247.85949394622415,250.49350060130686,0.67656311015906567,0.082801755396218368,-0.50876194839347022,-0.59156370378968859,-0.70488921416915673,-1.1196310879794282,-0.4147418738102715,1.17803077500119,-1.3043681859982428,-2.4823989609994328,1.0968783072144674,-1.2256870709941836,-2.3225653782086511,1.6006146426760495,-1.0257325338885721,-2.6263471765646216,72.451598793268204,69.088303208351135,3.3632955849170685,68.942073106765747,3.5095256865024567,85.340458733358901,167.23512674981612,284.98574369796552,193.07532034173525,141.98171961664374,142.90978245326866,162.5318372328652,164.87442692031419,193.01736045113429,196.29064994028698,222.3666936172782,230.05280603248406,246.41986927261715,251.45990845055255,2.0691250815677336,-0.55381057206446371,-1.7548495905236621,-1.2010390184591984,0.25289316138437812,-1.9144524046824358,-2.1673455660668139,1.3507120264281696,-1.7772326296505128,-3.1279446560786823,5.5681551035143002,-1.6304451277156602,-7.1986002312299604,3.5121857770174927,-1.4387691432218901,-4.9509549202393828,38.025853276252747,35.876543879508972,2.1493093967437744,35.783095479011536,2.2427577972412109,58.257650109671886,85.388093970665068,239.16944437287748,188.80415527997457,126.93110209662359,125.74447276886005,148.90454829579852,148.69729713684501,184.52163359205701,186.59868065441395,230.06090680923626,222.61689455789406,250.66449336825468,248.02005284694735,-1.9815996551307364,-0.071963739003592764,-0.086701202785164355,-0.014737463781571591,0.41619118332019411,0.47014800038215299,0.053956817061958873,1.6456676301308164,-0.70038884750900365,-2.3460564776398201,-7.8850846300919386,-0.48625566673572962,7.398828963356209,-2.9346934356146335,-0.0046738472345566606,2.9300195883800768,1.3925619714086679,4.05072473669847,-0.63661232746068208,-0.48184683306087095,0.95778237555353485,-0.163298021935816,0.17268125142697954,-0.29495560370264684,4.4712767962998328,13.453239733606239,1.9115711343414432,6.4468792126321262,0.54370489938324429,0.5943007159380469,0.66199427876101058
1360,2020,129.82559385614132,44.225202297614871,4,4,22.196156606765747,-1.9583358764648438,128.25398847043289,117.07051850670905,11.183469963723837,116.58428019607527,11.669708274357617,158.46910169198145,240.17682899207102,527.43862244486809,189.6118987704846,133.53306032669155,134.12741204851318,157.85310115115954,159.21415440259892,189.20577177422825,192.43067645198892,223.414027163268,226.66474148349477,246.26343072861636,249.69497163570483,2.0006452725613713,0.16122100772170711,-0.39634726042203283,-0.55756826814373994,0.36184924432305365,-0.97783649150062502,-1.3396857358236787,2.1839703164626201,-1.0807153460197867,-3.2646856624824068,2.1933825914519502,-0.99124775661920239,-3.1846303480711526,2.5099492724775416,-0.82461912996288333,-3.334568402440425,83.517339535170322,80.776147811342526,2.7411917238277965,80.656965691192454,2.8603738439778681,94.141701180748782,172.07147815812277,294.82974508963525,192.38847529710679,143.62174217373317,142.53862142384938,162.00814105487746,164.6062637661818,193.2862083098664,195.5151802223663,220.48564374370486,228.17783928481779,243.44169748769727,250.1059815133255,2.2854593093906885,-2.0311018456820307,-1.2972909588271193,0.73381088685491136,0.99903779839993945,-1.438692485202381,-2.4377302836023205,1.0142608947201097,-1.3819374023449029,-2.3961982970650126,5.9278014198744984,-1.1896547194744755,-7.1174561393489739,5.3079201379045173,-1.0633587495206882,-6.3712788874252055,44.736649054471854,36.294371239257998,8.4422778152138562,35.927314879895675,8.8093341745761791,64.327400408787071,68.105350968058701,232.60887742042542,184.03049058472081,124.61952324199645,123.25742839333851,145.42601725814177,144.5871355198631,176.28346332318247,184.27373056635949,226.90704592140244,222.80978497545951,249.65612188374976,248.28904261775429,0.82592886202897375,-0.59931382549434886,-0.29909588610878757,0.30021793938556129,0.054377466346210213,0.24936379128473618,0.19498632493852597,7.0198845608644831,-0.23798396707363167,-7.2578685279381148,-4.5270576765173303,-0.10690391271324984,4.4201537638040804,-1.6922498006358069,0.14175939015470362,1.8340091907905105,0.28481403682931727,1.4595304473617148,-2.1923228534037378,-1.4317880201876818,0.63718855407688579,0.94466033205372923,-1.1697094217425104,-6.0056236661443734,3.7344188284225481,10.454859096391829,2.7979708654269757,7.0001699385403242,0.55898398892935286,0.59406975981812082,0.71643663079506881
1361,2020,130.0755949997118,44.225202297614871,4,5,22.196156606765747,-1.9545440673828125,135.90008609570214,121.33124820345256,14.568837892249576,120.69781664441689,15.202269451285247,170.71280373670743,247.56923831703898,558.87806785479188,188.80102978624515,132.02988968769688,133.22089973498618,155.78297512914486,158.23919490284231,188.48658243191014,191.76646960471876,223.39734796086881,226.48561989795834,246.343864709407,249.9427515893496,2.3550278892737992,0.85195679789271139,-0.60791977836953492,-1.4598765762622463,1.627099798925201,-0.94750930821166435,-2.5746091071368653,2.4844772481905295,-1.0059530925986166,-3.4904303407891462,1.9569102656285224,-0.95647110283547931,-2.9133813684640018,2.8464768212834599,-0.78180222519745257,-3.6282790464809125,89.870846010075184,83.156495015602559,6.7143509944726247,82.864565794574446,7.0062802155007375,104.42104295482204,175.72287532022892,310.41912856139243,190.86327502065572,138.36554360993262,141.05161968461277,160.41246082045663,163.58943443568265,191.85533131793667,194.84998174549446,220.34653110055842,227.71760402092383,243.64822886114814,249.99199566063464,3.2037396017880155,2.250247814751333,-1.272712105916753,-3.5229599206680859,1.8193853589091304,-1.4002020964980204,-3.2195874554071509,1.7454485979993137,-1.3779352377290195,-3.1233838357283332,5.670793155482329,-1.1897928744492958,-6.8605860299316248,5.2230284441600645,-1.0496384376126002,-6.2726668817726647,46.029240026022308,38.174749852700188,7.8544901733221195,37.833250096657139,8.1959899293651688,66.291760662676097,71.846362922304252,248.45893891528249,184.61879939148955,124.58003989444731,123.49960538424868,145.80973073810435,144.21634824112189,177.46859577283217,183.70799725897007,226.93191125358172,223.28969982676236,249.70167470269374,249.79348607510875,0.41067856688363236,-0.61174990598274803,-0.45195041412962667,0.15979949185312137,-1.0343515895600035,0.385049199772169,1.4194007893321725,5.4861326918123723,-0.16779452811474016,-5.6539272199271124,-4.1352184509654819,0.047566773636589232,4.1827852246020711,-0.44418086471867468,-0.13199412822234535,0.31218673649632933,0.84871171251421629,2.7930610349043832,1.3982910168586216,2.861997720734081,0.19228555998392949,2.8537369484691339,-0.73902865019121577,-3.7406840938130586,3.7138828898538065,9.8060116064478109,2.3765516228766046,5.6672093088787392,0.55543265412599041,0.61167669131526869,0.70979285033464834
1362,2020,130.32559614328227,44.225202297614871,4,4,22.196156606765747,-1.0434722900390625,118.99984432388374,106.91993099903266,12.079913324851077,106.39471897404655,12.605125349837181,151.67233524259063,251.56981481432922,546.60566475242376,189.98226782090052,132.81935771213051,134.36608854013653,156.5842859890455,158.94706738198551,188.50502629852437,192.50126258918417,223.90502914747108,227.55114217161406,249.12633129266484,251.96194721857719,2.7273889306861463,1.4449732463274927,-0.1696487885785416,-1.6146220349060343,1.8522239446690776,-0.47087006287472377,-2.3230940075438014,3.4619576652036415,-0.54406657241258927,-4.0060242376162307,2.9608892717705828,-0.52085154853290305,-3.4817408203034859,2.405779237822685,-0.41412350806672293,-2.8199027458894079,79.770230109570548,72.720761018641497,7.0494690909290512,72.414261588612135,7.3559685209584131,92.101440825428654,176.11605210181142,294.72473948495463,192.05184971629998,142.00968479671442,142.03464909032991,161.06523963681246,164.39537208115607,191.881638356808,195.46282600556108,220.40319249274728,228.60880287233812,248.1235132546625,251.83857355676915,3.5081426145631269,-0.033178845089651077,-0.71386562611948534,-0.68068678102983426,2.2679720852418086,-0.77988817844857294,-3.0478602636903815,2.7656678238853658,-0.7756612864060628,-3.5413291102914286,7.0778495888119721,-0.74294037901785259,-7.8207899678298247,3.0411854580723059,-0.65028491336036609,-3.691470371432672,39.229614303720155,34.199172698881739,5.0304416048384155,33.980457671796103,5.2491566319240519,59.570894238348046,75.453762808079773,251.88092500716448,185.87118137152882,124.73571548175062,124.12908718501389,144.74943885926524,144.62191648082694,178.13678749855288,184.41329483780896,227.77883628279727,225.18186245205735,252.3324968609038,252.29111522025696,0.6477146261425446,0.36310812198608744,0.0067314102771689477,-0.35637671170891849,0.97115026354956058,0.34780138827568408,-0.6233488752738765,5.5656720873993208,0.041033749161329069,-5.5246383382379918,-3.5990538533592087,-0.084991422069634837,3.5140624312895739,-0.016595672395595784,0.1500824128435454,0.16667808523914118,0.78075368387698063,2.8604279884205823,-1.4781520914171438,-0.39628696707573852,0.41574814057273102,1.296821821692248,-0.69628984131827565,-2.800004263513955,4.1169603170413893,10.676903442171181,0.6354062202496209,3.0577811304679017,0.53919078869855008,0.60723955148523312,0.70006829806586157
1365,2020,80.575368572760155,43.975201154044406,1,10,22.288904189392088,18.666671752929688,156.90767639875412,171.48827493190765,-14.580598533153534,172.12221384048462,-15.214537441730499,153.92447168338367,139.47289670124155,407.77558749262244,197.2105993225467,138.68507404246549,136.70069971284371,165.49766535471144,157.30279604058927,198.48862303147786,186.47577526767412,229.36477061618581,218.43504545036683,254.06286410288268,244.90771489466002,-0.36546423298773334,3.2995652071672623,4.6205728306623541,1.3210076234950918,0.37236300642999254,8.3192980707821107,7.9469350643521182,-1.703107408007611,10.206882907770392,11.909990315778003,-1.4858001543948092,9.4885833228569538,10.974383477251763,-2.0694908048226353,7.0791643891118667,9.148655193934502,121.36209385097027,115.86481833457947,5.4972755163908005,115.62580880522728,5.7362850457429886,119.37120027823585,110.7899963183645,253.59070890280418,198.73496222668584,146.32812543688678,141.65756952406096,172.15828862388773,161.16815109187706,199.31127641762026,187.938807010988,226.48049356274316,216.23708010687639,252.30619621875675,239.13796816162261,2.9254862869082672,6.5412579508233648,10.584489092256632,4.0432311414332673,2.6694848686206569,13.628897353501372,10.959412484880716,2.5005667870198351,14.153022394622212,11.652455607602377,3.1107293111894876,13.460533328398981,10.349804017209493,-1.4577051506294652,11.924415475200959,13.382120625830424,35.545582592487335,55.623453378677368,-20.077870786190033,56.496405124664307,-20.950822532176971,34.553271449851309,28.682900405228793,154.18487874278799,191.66236353645971,132.82294825771044,127.95329408195323,142.29598498782502,142.96907355643418,188.77160895616234,179.92862625823628,239.71755771947227,231.81315541618454,261.17479291611562,257.15018067431521,-8.2814833797509664,-2.414847518523203,0.53151816202426971,2.9463656805474727,1.5299871797480762,-0.53131148286030339,-2.0612986626083796,-14.995613850414088,-7.7098513450775101,7.285762505336578,-19.811438795632085,-13.100771777716915,6.7106670179151706,-8.4821783291672261,-0.95533240265552877,7.5268459265116974,3.2909505198960005,11.206969666659234,3.2416927436561025,8.9561054693465678,2.2971218621906644,1.1394976888725807,4.2036741950274461,17.496180637433923,4.5965294655842968,22.922168106821573,0.6117856541931701,7.024473178537761,0.62188791257002896,0.77551801200122039,0.79434785495050431
1368,2020,81.575373147042015,43.975201154044406,1,10,22.288904189392088,6.8333358764648438,172.62779701856562,178.99644724182508,-6.3686502232594648,179.27334129488372,-6.6455442763181054,189.35322349419584,171.05191096415365,454.32705828361213,189.48880920382393,129.86922577013581,129.77680137406907,157.93062012271503,154.04643482318858,190.10452345092403,185.14959381031932,222.44216908291523,216.8806924667621,245.61627423927106,243.3528841950517,-0.88371311725913415,0.62547772793897138,0.48169141445040964,-0.14378631348856175,-1.5827667815681536,2.3579317360419054,3.9406985176100591,-1.4504099626901734,3.6491982475947111,5.0996082102848845,-1.7393788436847615,3.8555007828610144,5.5948796265457759,0.21523174724893579,2.5104218193479539,2.2951900720990182,152.16337762978947,136.04579092652057,16.117586703268898,135.3450244600208,16.81835316976867,161.62161517392775,148.84568164069424,323.46845023645437,190.30620406930771,134.14223264142424,140.02715813847769,161.1473045607006,161.45433535829255,190.94756625992565,188.58520537782621,220.45363784566302,216.55709632034737,241.04884609103155,240.22110614568936,4.3887286157554399,11.27365615920047,5.579298152968164,-5.6943580062323065,5.9315152175458081,5.8736302149592348,-0.057885002586573364,3.5868561578346601,5.8729630885337087,2.2861069306990487,1.7579506208074065,5.5714181902341124,3.8134675694267059,3.122614451314945,4.5180897637083319,1.395475312393387,20.464419552688923,42.950655172880943,-22.486235620192019,43.928317864905011,-23.463898312216088,27.731608410917033,22.206229289931798,130.85860826633871,184.40700368886647,112.84755189501578,115.34528153511521,132.77308599654393,126.63095499002246,176.04332832923652,157.70448160483346,241.87614461986072,219.13533175597965,263.99338764619375,255.95954657657404,-16.564883871567588,2.5427562906282191,-0.64889392192233686,-3.1916502125505559,-7.504270372202015,-2.0462696580428172,5.4580007141591977,-25.597834536469719,-8.3792897232564769,17.218544813213242,-34.208710282331936,-12.46196852061351,21.746741761718425,-15.550996824423606,-2.9510501359263799,12.599946688497226,5.2724417330145741,20.953612487323028,10.648178431261499,8.7308998685722514,7.5142819991139618,13.435785589747823,5.0372661205248335,29.184690694304379,3.497329464492168,35.966660903139342,2.9073827040660092,18.673611275738551,0.7119726732950391,0.85354562331431272,0.87017842011649293
1370,2020,82.075375434182945,43.975201154044406,1,10,22.288904189392088,13.041664123535156,125.5756879138462,136.44331176618653,-10.86762385234033,136.91581859021971,-11.340130676373519,130.46723901985024,156.35416428715325,381.07115382142365,166.17055010902936,108.80172989607179,107.88789961481412,130.34332234775721,131.13250135011737,169.30844379559522,163.50147716329974,200.51006681908362,194.18500711294584,222.19763911949758,216.83541454376061,0.47648570138514401,0.86880649265718546,1.6598299990707091,0.79102350641352359,3.8485063826039436,3.1098822586598089,-0.73862412394413468,-0.61550445969189127,5.2871773629162249,5.9026818226081161,-1.3567751321106982,5.0425561500450158,6.399331282155714,-1.8728577950925853,3.5518937342975789,5.4247515293901643,79.632250552154801,54.549928936394281,25.08232161576052,53.459393497159908,26.172857054994893,79.632250552154801,116.69539423866627,223.33843135257484,173.47762167747214,123.05017487426124,124.7936434788692,143.55511834374215,145.49495332610618,174.70807159883702,171.4576524557674,202.99487932695044,197.73401279312131,222.55280536895307,217.79959438291388,7.0199136657099359,14.556724968523497,11.930798544010372,-2.6259264245131249,13.061059562985776,11.098786999703094,-1.9622725632826814,6.7201136682375875,9.9994831348023183,3.2793694665647308,2.2848221220511959,7.6729072766511592,5.3880851545999633,-0.32741212082444804,4.7441898877838184,5.0716020086082665,45.943437667165199,81.893384853322459,-35.94994718615726,83.45642441909331,-37.512986751928111,50.834988773169243,39.658769988882341,157.7327225971967,150.31774223500659,96.155023045484796,98.029862703056835,104.28367691559546,110.0949910239962,141.40083082026604,141.84134096279089,194.23591445083787,185.3181173229961,215.17595729620049,214.9473548488568,-2.2605550518379687,3.5923522815193252,1.7070466510460278,-1.8853056304732974,7.1008328741147153,1.0459569686381371,-6.0548759054765782,-3.362257725284735,-3.9023021519966221,-0.54004442671188713,-11.454542862483777,-3.0292162766041884,8.4253265858795885,-0.27943198877579789,-0.83320502567462995,-0.55377303689883206,6.5434279643247919,9.2804687175479046,13.687918475866311,10.964372687004172,9.2125531803818319,5.9602266888710602,7.3356181279294788,10.082371393522322,3.6415972541618942,13.739364984534973,1.5454456742681373,-0.047980132048650148,0.58608065478825244,0.61036204299562868,0.74635296584968847
1371,2020,82.325376577753403,43.975201154044406,1,10,22.288904189392088,15.772727966308594,172.0115775475424,178.13712045768989,-6.1255429101474874,178.40344922686563,-6.3918716793232306,172.28945832182944,193.33310141491529,420.49929507728666,176.22480268731911,112.96960631051759,110.01059797869296,141.9174154479611,135.65591784473014,178.46616891840088,168.40819405302688,212.09848975654506,200.66620820360973,233.69803360134921,226.41955584559463,-0.61117022199803728,0.48703580825687709,3.6708788693351266,3.1838430610782495,0.65664863942592433,6.9761846823363953,6.319536042910471,-0.79302571845016701,9.3034297727168678,10.096455491167035,-2.3025060557017696,9.0453125062828406,11.34781856198461,-1.0400676776297928,6.2979388362737723,7.3380065139035651,111.33508191931833,83.052008649770869,28.283073269547458,81.822310988925892,29.512770930392435,111.33508191931833,138.37289165536276,269.45045548246708,181.93864971178022,128.92828234524208,128.16968301978085,153.50899466263832,148.38707698600956,183.2210602275878,175.09197456260816,212.93760561050632,201.75619526474895,230.48166781233397,224.16191287347766,6.6142542899546299,13.947092067567553,14.836973202608704,0.88988113504115063,9.5443501096451371,14.672317139458073,5.1279670298129361,5.9032437868721672,14.067169578188498,8.1639257913163306,1.8171644014297499,12.900456715622681,11.083292314192931,2.9302630440187158,9.8856835330489332,6.9554204890302174,60.676495651507139,95.085110621858803,-34.408614970351664,96.581139096598235,-35.904643445091097,60.95437642579418,54.960209878761816,151.04883972648531,163.91579825793201,96.530447211551447,97.445147623147577,109.85221149781347,111.80287317423948,167.44939219653909,146.56840519596938,211.29259915964005,196.72409496861007,241.53207785710424,231.14452793232041,-9.280181275865715,3.6293435088007016,2.4585530526710215,-1.17079045612968,3.9301860557475692,2.1309550415347474,-1.7992310142128218,-23.557252748649432,-2.9041379595516332,20.653114789097799,-19.177257898939843,-4.1921642068675169,14.985093692072326,-13.985577241348977,-1.6681148390676981,12.317462402281279,7.2254245119526672,15.894435565820345,13.460056259310676,10.317748558766851,8.8877014702192128,5.6141640538975679,6.6962695053223342,29.4604965355216,4.1196704571315195,20.994422300369592,3.9703307216485086,16.915840285367693,0.64078693742623938,0.64620948375929699,0.71572271195504422
1378,2020,85.575391444169412,43.975201154044406,1,10,22.288904189392088,-9.0952377319335938,96.966969568777131,92.683275283285184,4.2836942854919471,92.497028370562475,4.4699411982146557,131.33819587134303,149.35031510277622,328.75732933823019,172.34278149980511,114.10060554337498,124.17730826699345,136.12268968093628,148.83471356138057,171.48334822917965,180.53122489426789,209.27072449208418,211.93659786668448,232.23087197372331,233.43401682164057,2.6910121935358404,4.4462769297777953,-5.8754315641492809,-10.321708493927076,6.6537145494705499,-5.8658382696932563,-12.519552819163806,3.5932062475595217,-5.4750463637544726,-9.0682526113139943,-1.1430954303494332,-3.8469501465257849,-2.7038547161763518,-0.58624110993534373,-1.7940110300255867,-1.207769920090243,13.254887656497885,24.450679465138819,-11.195791808640934,24.937452899903292,-11.682565243405406,13.676061378049781,51.821840611803964,79.320108763407916,196.11313627677171,140.36561474777122,154.79834206972359,172.52678706425152,173.34281987446178,201.63492765087457,196.85201857838186,224.90375517186067,220.11424533966562,237.74922996158406,236.68251145978894,-6.2069193729703613,7.4310972795699968,-7.8932943716693558,-15.324391651239353,-6.4596510259098636,-7.7526094528500664,-1.2929584269402028,-11.290514736819489,-6.4064973009133155,4.8840174359061734,-9.3409914538159171,-4.8289738408124379,4.5120176130034793,-3.7861369296569478,-2.360703682667463,1.4254332469894848,83.712082210302469,68.232597262496711,15.479484947805759,67.559575198712992,16.152507011589478,117.66213476151415,97.528474628630647,249.43722097668797,165.10776151001753,110.19235571889232,116.85022714631978,129.14185509326839,137.55007226244302,160.03992560670684,166.78680996094204,200.00655327705869,203.67636696006755,227.70326021301781,231.1081851184023,1.5252162875391662,1.8453827603105424,-5.2372277244658108,-7.0826104847763531,2.3784090642174931,-5.9375602916883281,-8.3159693559058212,2.1201328510797737,-4.7605075891722777,-6.8806404402520513,0.40148648286239563,-2.8076251579096549,-3.2091116407720506,1.7264376495672593,-1.6106373236061131,-3.3370749731733724,-8.8979315665062018,-7.7321356605095275,2.9848203497922015,5.5857145192594544,-13.113365575380413,-8.8380600901273567,-14.883720984379011,-13.410647587899263,-8.1978960234664839,-9.7424779366783127,-3.1998958197216041,-5.5125745792242071,0.24127251831335528,0.10412859174224268,0.34698179629646236
1387,2020,89.575409741296824,43.975201154044406,1,10,22.288904189392088,8.86956787109375,116.4475093519286,136.92273423750157,-20.47522488557297,137.8129615808939,-21.365452228965296,128.80182540707028,123.21609705981973,317.90603149402887,179.43617158801905,126.38247996211635,124.66518743888136,147.81868235115977,147.81043812065673,177.83762018686909,178.4391194224159,211.13605583846947,211.37146537674039,237.25318804123665,236.64462541119894,3.0652185156125142,-2.0733646790827152,-0.62176385685727098,1.4516008222254442,2.4585346850062422,2.6434027710148484,0.18486808600860627,4.9403466871005151,4.1072126710612338,-0.83313401603928128,3.7463351980336483,3.9731048464991261,0.22676964846547776,2.2745274881220325,3.1896163031297249,0.91508881500769235,89.471374162400025,87.123200649533828,2.3481735128661967,87.021105841718963,2.4502683206810616,89.471374162400025,79.932315265774378,178.32563137076795,182.08645556868632,143.6389532807095,138.23789375373022,155.25694683023855,155.53007204542303,177.12751789044319,181.63877468412164,203.96817498851584,210.58879596583236,233.35571898697711,235.20639044257774,8.4151932669506664,2.8900980310377804,8.027942588387333,5.1378445573495526,8.5980043207505048,7.967109269981421,-0.63089505076908381,12.13318324740581,7.25927305484052,-4.8739101925652903,12.371378504351213,6.2023458842480466,-6.1690326201031667,4.3909268757055884,4.4599024636634113,0.068975587957822881,26.976135189528577,49.799534487220626,-22.823399297692049,50.791856758285576,-23.815721568756999,39.330451244670257,43.283781808946515,139.58040011208504,174.0016614991342,110.81746963272523,111.56719032828046,120.00698739944481,122.79425853015437,191.67451865327016,162.2413450358074,214.76085070004245,213.87741121798339,251.13348260202829,239.64063989517479,-9.1298410658203011,0.9549857932450152,-0.073454781199203012,-1.0284405744442182,2.0352064378338071,-1.8142406469601298,-3.8494470847939368,-36.619994764114011,-14.890033964562036,21.729960799551975,-8.5792234566440015,-5.1364507653072451,3.4427726913367565,-15.928419760908838,0.71601476501217576,16.644434525921014,5.3499747513381521,17.545034332770967,4.9634627101204956,1.9351122377927652,6.1394696357442626,6.5627978829166977,7.1928365603052953,48.753178011519822,8.6250433063175649,20.950601960995215,2.1163993875835558,20.319346636614426,0.56093818205559076,0.69464368132696275,0.64871650030408223
1393,2020,115.07552638548404,43.975201154044406,3,10,22.288904189392088,-9.9444427490234375,75.339960277080536,82.03738260269165,-6.6974223256111145,82.328575491905212,-6.9886152148246765,125.7124406422472,112.09812142329611,383.95784286385424,201.85025074354905,151.87519598545515,154.39640504769207,173.32648267376382,177.52656766911275,203.80449671078529,205.57580017079738,227.55328063368182,231.27862551256709,249.04535597226638,250.66014997415277,-0.36219054087712266,2.4602664523851843,-0.39664790704631514,-2.8569143594314994,2.2691990664213222,-2.1730686673458592,-4.4422677337671814,-2.5786518434862842,-4.2896611153969673,-1.7110092719106831,-0.51516168104072335,-3.9431047004788127,-3.4279430194380893,-0.78158328693433532,-1.6321797167377667,-0.85059642980343142,31.418437385000288,39.580365389585495,-8.1619280045852065,39.935232132673264,-8.5167947476729751,49.58613625375483,52.640754119514895,143.02417112444527,205.4274788780493,156.45141368916782,157.13375510321723,178.68899887575529,180.53918385727971,207.54263735858783,209.12132614147356,231.22186798302926,232.19726078121403,251.68222291753514,249.67665866502168,-3.6205943481091651,-1.2155863583400901,-3.6434093679995101,-2.42782300965942,-0.9204734007473121,-3.6881355507115074,-2.7676621499641954,-4.3884867420915157,-6.3673237580872808,-1.9788370159957651,-4.5357809196341634,-5.8781923782107413,-1.3424114585765778,-7.2935204019480864,-4.5827601534174676,2.7107602485306188,43.921522796154022,42.457017004489899,1.4645057916641235,42.393343389034271,1.528179407119751,76.126304259038534,59.457367330789566,240.93367156734712,199.15310513919508,148.64229903218896,150.76499111384035,169.17140130184393,175.14787196602194,197.63287785212901,200.92298429078718,226.55900012630653,229.87255893499656,247.91223690165691,252.17135033771893,2.026577345947203,6.2021667075448192,3.8158549049166766,-2.3863118026281427,4.9193874873786854,-0.7549174703638073,-5.6743049577424927,1.2223206393294959,-1.2731496766532473,-2.4954703159827432,1.3041152424081588,-1.2502753859486972,-2.554390628356856,0.94185645519436889,-0.047416463345371085,-0.98927291853973998,-3.2584038072320425,-5.6471716940563681,-3.6758528107252744,-7.4177530658849093,-3.1896724671686343,-5.8398608881259975,-1.8098348986052315,-5.6108073814210115,-4.0206192385934401,-5.8398961620423222,-6.5119371150137511,-8.2353768571424553,0.37249967355181629,0.39444096384117772,0.46959532819231664
1396,2020,115.82552981619543,43.975201154044406,3,10,22.288904189392088,-12.055557250976562,103.83399676209228,105.91087148933002,-2.0768747272377368,106.0011706326768,-2.16717387058452,156.38953809394843,93.265853326265642,388.04618718847632,199.94060293829958,149.89253470737842,152.13924574003153,171.91310494758434,175.49373347907738,199.77304456164907,205.09380307828522,226.3857202919246,232.33659279064992,251.02665121003389,253.43473124252017,0.4473501534512252,1.0322749156237023,-1.2214795784296939,-2.2537544940533962,0.75463380531584789,-2.6657959675258667,-3.4204297728417146,0.062196643464062618,-5.1150263290925864,-5.177222972556649,0.82923805079551016,-4.9210898143284965,-5.7503278651240066,-0.66315421624329929,-2.7585121611394356,-2.0953579448961364,38.448471715342748,53.467427873576526,-15.018956158233777,54.120427630241466,-15.671955914898717,62.717901040330617,39.765035704109323,138.12272750127886,200.31797476633227,154.50708055603431,156.62924850022452,166.65246494393324,179.689823881416,204.08830284008482,208.40047292177252,230.49488451541643,233.7184624274077,253.36867494928444,253.12359280776525,-0.14093558709808462,-2.0941632482106627,-5.5300585207709503,-3.4358952725602876,6.2520112613613321,-6.2536428929903991,-12.505654154351731,-3.3018521295670382,-7.5622854502789778,-4.2604333207119396,-4.246106211512938,-7.3305546922433109,-3.0844484807303729,-6.4112111928332638,-5.5200249675432644,0.89118622528999936,65.385524946166697,52.443442390547716,12.942082555618981,51.880743287212681,13.504781658954016,93.671636960485557,53.500817370699224,249.92345913313329,199.67782150255712,147.97430034792981,147.12718023800787,176.16653838223934,171.40620914931037,196.51062733820316,200.74241822690388,225.96046895930209,229.89953022629007,249.0228738002744,253.95466760620192,0.77093902431710148,3.8708054765085365,3.5741599172863232,-0.29664555922221325,-4.2218741136162521,0.94230600961350319,5.1641801232297553,1.8091507089628465,-1.5067239502035932,-3.3158746591664396,1.8770160804874365,-1.6349348712272445,-3.511950951714681,2.3293092930363173,-0.32831058673221492,-2.6576198797685322,-0.58828574054930982,-0.91187461141518611,-3.126438163834365,-5.9649687247191991,5.4973774560454842,10.473885374977584,-3.3640487730311008,-5.1110028385298847,-5.0753442623084482,-6.1231222920003745,-5.7480569765899645,-8.7405204858695811,0.35594403981140482,0.40103642356596686,0.42636221388552553
1398,2020,116.32553210333634,43.975201154044406,3,10,22.288904189392088,-2.23809814453125,95.89530797673433,117.84428926475084,-21.948981288016512,118.79859382765426,-22.903285850919929,130.9145230115646,87.202370187023917,364.09471302013844,202.39191408352107,154.14457396244447,156.78583932459318,173.68400190905581,175.85924563775652,201.98431665147424,202.46270912699916,229.46116503964888,229.20611273389844,252.45421801478665,250.01088910854108,-0.18871897571000318,2.6196037477535583,0.039509358414960616,-2.5800943893385977,1.381642743895128,-0.50323421081560582,-1.8848769547107338,-0.80829362825531348,-0.93200360125121051,-0.12370997299589703,-1.1898176349359346,-0.79097848772596535,0.39883914720996927,-2.8663952290551151,-0.4977128686460901,2.368682360409025,44.821259849381022,65.64405515944236,-20.822795310061338,66.549394209388993,-21.728134360007971,61.354382725625328,31.865414128653356,126.59639360941947,197.12861074609722,157.2490137957312,158.439242800919,166.35750766388759,178.98089818097714,201.1232319502187,205.13310341321858,218.69344625036729,229.09591358301199,238.48229737266604,248.51106558482996,6.0618040010660366,1.5463573894984677,-0.3454481890560146,-1.8918055785544823,12.265559649839503,-0.77425403778542545,-13.039813687624928,2.2810722247520516,-1.1339601997274826,-3.4150324244795343,8.9401169122564852,-1.0778141440463855,-10.017931056302871,7.9069062671108838,-1.0851518179990762,-8.9920580851099601,51.074048164606211,52.200235672056806,-1.1261875074505951,52.249200256886979,-1.1751520922807686,69.560140315741592,55.336956039744109,237.49831920210272,206.32030058868719,149.95685978474853,154.76425024618152,177.17508629595778,172.9428051394809,203.03476238693924,198.26407685678933,241.01863719051224,229.34839485531606,258.30052215665808,252.3993432545891,-5.701980627414315,6.725458334159697,0.14255853204545588,-6.5828998021142411,-4.5967579983993403,-0.55211273292229635,4.0446452654770439,-6.3731150392127063,-0.32415778749310675,6.0489572517195995,-12.548411803790373,-0.27462702228891089,12.273784781501462,-7.7972714011496294,0.14750023853682137,7.9447716396864507,6.2505229767760397,11.763784628480352,-1.0732463582550906,-5.1791009446612293,10.883916905944375,16.862317648238843,3.0893658530073651,8.6541872639647579,10.12993454719242,21.488528716046858,10.773301496165999,15.704177668260513,0.34770181791246524,0.46865986533981002,0.36541912863505016
1399,2020,116.57553324690682,43.975201154044406,3,10,22.288904189392088,17.5,137.43180649131682,152.06358916158206,-14.631782670265238,152.69975437374524,-15.267947882428416,136.2186012730017,90.135257290610753,363.32329845275041,198.49867628300947,150.91932892011681,149.02463633853802,168.75757712362059,165.25937943553012,197.45274829170228,190.52071198613027,225.56264694235998,218.5840859831228,251.00037771217512,242.53758641036225,-0.13769733306969556,0.56764709468248498,2.2557089002432065,1.6880618055607215,1.5715949569144527,5.7234877239683044,4.1518927670538517,0.24859669654497907,7.5601331560499716,7.3115364595049925,-0.599780480374136,6.5609988415970122,7.1607793219711482,-4.1716799947331253,4.228729396685651,8.4004093914187763,63.584296100074425,80.610479222548747,-17.026183122474322,81.350747278687777,-17.766451178613352,62.493031166726723,22.468676943113678,112.34929284325335,187.42931293483352,154.53689372762048,147.87103439490681,161.34315585044146,165.30206450500486,185.87571149033769,188.55421360065517,208.96870106685347,213.14638247850269,221.28867591288187,235.8885571767957,9.8297890595622732,-1.9133053723838032,4.0772579619847136,5.9905633343685167,9.5880877513326652,5.8267975033481605,-3.7612902479845047,11.326621498407746,9.7806745532654986,-1.5459469451422478,13.49263109356724,9.9784601024749691,-3.5141709910922714,22.130292117700264,8.6043885155872033,-13.525903602113061,73.847510137922654,71.453110237056535,2.3943999008661194,71.349006767231913,2.4985033706907416,73.725569852955232,67.666580626893847,250.97400535384898,205.15019145350789,148.79420191659506,150.13165354164826,176.81534755938466,165.22423935775103,202.96627534662997,192.31641375217248,236.65829964024664,225.38363105201614,255.38187658740551,249.0955936251132,-6.5507492472426918,2.3331023026947264,-0.071816601117632217,-2.4049189038123586,-6.0114856583647907,5.5608267891525429,11.572312447517334,-5.7887107096451302,5.448487859698389,11.237198569343519,-9.8795356254794058,2.1928821311682896,12.072417756647695,-7.8287274820157791,0.065300542384647997,7.8940280244004271,9.9674863926319688,16.380538306804965,-2.4809524670662881,-4.2464076750785296,8.0164927944182125,15.599573409697456,11.078024801862767,17.115332208052877,14.092411573941376,23.372166719046646,26.30197211243339,29.959019599716044,0.30922677769827689,0.45877017222839989,0.24927733739829469
1400,2020,116.82553439047726,43.975201154044406,3,10,22.288904189392088,14.649993896484375,140.08994341760263,163.57944392778154,-23.489500510178914,164.60072615697572,-24.510782739373099,141.09937295150849,108.23290375821671,414.50986871495843,198.52135712945537,151.53579528851358,146.08583996559977,172.33580950667627,164.0333585128794,199.54853766067441,189.62488370953531,223.92764160670615,216.18308639090012,245.64620683392081,240.0873184317669,-2.0497974979496973,-3.5433803790450611,1.9332763988314525,5.4766567778765136,-2.5942508355377925,5.8690004311138466,8.4632512666516391,-2.5243317062014228,7.305673847257907,9.8300055534593298,-0.77326142843492107,6.7202801285766327,7.4935415570115538,-2.2913432293863991,3.3818964799852722,5.6732397093716713,78.275452138786932,104.93580486489009,-26.660352726103156,106.09495161637824,-27.819499477591307,78.586806330055651,60.667355731198768,150.35051197349094,198.1537355763318,162.54461924553965,147.2960192775152,177.38293451489295,164.91848142873968,201.17323533630784,187.72883247136761,217.2687293296616,210.00578268426815,235.47593477480652,229.62402711687636,-0.53390465795226305,-8.9514515820712575,5.0158206909653984,13.967272273036656,-3.0675942020654645,9.0901105822150043,12.157704784280469,-2.7022542051383027,10.707495422611203,13.409749627749505,3.7674644730938951,11.166503815699116,7.3990393426052208,4.149595305510644,10.228288872934968,6.0786935674243239,61.814491431552597,58.64363627041439,3.1708551611382063,58.505773619705906,3.3087178118466909,62.512566771581987,47.565548189068068,264.15935709979385,198.98641621271156,146.89619280821316,144.31996114049613,159.96638274945127,162.20885284878798,197.87250204689411,194.60968330392566,235.72177114515014,230.00370398872425,255.34660794563379,251.91981896062293,-4.8093907168774024,-2.6477481805090406,-2.4750134588981325,0.17273472161090808,1.5121308592054277,-0.53486993936814997,-2.0470007985735776,-5.4179875965163831,-2.0303742152519817,3.3876133812644014,-9.7366448537716508,-2.7426286762690211,6.9940161775026297,-8.0669447251462998,-2.7195253773137154,5.3474193478325844,1.5158928399974343,4.2754860589251393,-5.4080712030261964,-6.3037034015622169,-0.47334336652767206,-4.5797250612708922,-0.17792249893687995,2.7157333913780803,4.5407259015288162,13.504109326865546,6.4409385348970432,12.216540030656944,0.36271877540479225,0.5569607056798439,0.56052599186218444
1401,2020,117.07553553404773,43.975201154044406,3,10,22.288904189392088,9.86956787109375,133.87225516945546,163.64992376215378,-29.777668592698319,164.94460473027721,-31.072349560821749,140.21034174836313,124.45496201931019,447.85840565897524,196.5665158990173,149.49249683143987,144.55699045521618,168.64354193413973,163.49459847824863,198.07003324823424,190.11008145877693,223.344565277724,217.59934411338747,242.1616956760912,240.10449769029188,-1.3950444314549486,-2.3281114974493562,2.6397087273670934,4.9678202248164496,-1.1274468023571274,3.6875878784311453,4.8150346807882727,-3.0431893724981762,4.7724123031563863,7.8156016756545625,-0.9866388242099049,4.7208791293714398,5.7075179535813447,0.37498558405266635,2.7149019909245737,2.3399164068719074,65.914044324737915,105.50648254086263,-39.592438216124719,107.22789339906012,-41.313849074322206,70.076830301863083,67.693014812692127,146.2504695628304,197.65177375567322,163.58549700390802,146.89088661983655,177.59997190673997,166.18531895781379,200.36825856712997,189.76584590077618,218.52122452051177,213.18125876733257,234.16671418248211,232.10259788487696,-0.10763957343323227,-10.176289299865545,5.7849293038347582,15.961218603700303,-2.7506103865227942,7.0021329613776402,9.7527433479004344,-1.8991096808922805,7.6559204298764314,9.5550301107687119,2.6471409223942146,7.7852256175409593,5.1380846951467447,3.6110733826810701,6.9161970966975446,3.3051237140164744,67.958210834938654,58.143440993238983,9.8147698416996718,57.716711696619313,10.241499138319341,70.133511406918842,56.761947232695093,301.60793626867235,195.38825621507937,147.04106899684655,140.96596262113988,157.32660891976647,158.22283365409564,192.08262866481354,190.83963486474195,231.66060237992585,229.25472684764932,252.9273507740406,250.64706083165584,-3.8905973408380703,-3.9869636324879139,-0.58223737157430833,3.4047262609136055,0.89205677258044602,-1.2690739096816515,-2.1611306822620975,-5.131046589387978,-3.8575264176117514,1.2735201717762266,-7.6041534337112466,-3.1470180150083138,4.4571354187029328,-5.4440641019947975,-1.4639389099045559,3.9801251920902416,1.2874048580217163,3.782957767404838,-7.8481778024161883,-6.1893256673776307,-1.6231635841656669,-3.6426671591032402,1.1440796916058957,3.2319369084956975,3.6337797466041195,10.251294356105461,3.2360877986284038,9.0551374846758677,0.32655515161681209,0.49979787102744999,0.54391575646609425
1402,2020,117.3255366776182,43.975201154044406,3,10,22.288904189392088,14.227279663085938,178.43199048904353,162.96513232385041,15.466858165193116,162.29266128775271,16.13932920129082,181.92647072832915,137.2797529027448,464.12297679577023,192.51665778225694,143.38545679827422,140.71688224085884,161.27517734679054,161.23737331610485,191.55772976918487,188.89896678945524,221.54984785965723,217.06200811279541,243.7753809388683,241.39434459141981,3.1697641037417554,1.1034876662261297,3.7798826737734714,2.6763950075473417,5.6223667600891929,5.5635345409594379,-0.058832219129755003,4.8850495373561955,7.327042245701989,2.4419927083457935,2.427531729127594,7.0070119227166003,4.5794801935890064,1.727748134515906,4.2604011052341662,2.5326529707182601,113.47584186397216,99.818682573322803,13.657159290649361,99.224891432771983,14.250950431200181,115.31240397459442,69.83292495859132,215.72988760532644,187.60615107992646,140.87316105062357,141.18082947954525,159.97371541900489,162.6211081924819,188.97386611114686,187.77615179818028,213.40115815899,212.02692105047143,234.02409939651335,233.90868800025979,9.3958272499151008,7.8547039179294416,6.9696172966258416,-0.88508662130359994,11.070935545970542,8.860098627926476,-2.2108369180440661,9.0370458047397335,10.286437332463549,1.2493915277238159,9.6580251966194055,10.541628876042665,0.88360367942325979,7.8798327545852942,8.4473136465919083,0.56748089200661411,64.956148543114978,63.146451793341839,1.8096967497731384,63.067768828155749,1.8883797149592283,66.614066612173701,67.446827878960903,248.39308906719089,199.29833253981809,145.14006433496789,139.91630159282894,161.74137822677821,158.93593109865262,201.39257307095394,191.51433445162056,235.43917706370783,228.05213281353937,254.83888611608384,250.92843419652908,-6.2840512703584466,-4.3479443663811708,-0.91138436647571552,3.4365599999054552,-1.7871403376541934,1.1182261800622086,2.9053665177164021,-10.812947556374354,-0.23639759517206471,10.576549961202289,-8.8796533823519326,-0.85643085934037799,8.0232225230115546,-6.4900390679733846,-1.0559037239333975,5.4341353440399871,6.2260631461733453,15.679878520273547,6.7512162517033119,12.202648284310612,5.4485687858813492,12.858075883624736,4.151996267383538,19.849993361114088,7.2304934674918115,18.537678578971338,6.1520846200693882,14.369871822558679,0.46481191061621341,0.63384071329999281,0.5086906370531139
1404,2020,117.82553896475912,43.975201154044406,3,10,22.288904189392088,15.086959838867188,175.2332815475238,165.1825727740943,10.050708773429506,164.74558302917285,10.487698518350953,176.60037366832694,126.11404686533933,456.4086971450597,200.13389123058508,148.79197113477588,146.97691961980334,168.33169264484798,165.78075423169821,201.09410686734239,193.6749767149085,228.21588291696352,223.11438255851814,251.74263535665267,248.06381617323794,0.58079396399079997,0.79938714104827113,2.1482216799084597,1.3488345388601886,2.8452749715211496,5.3969347316640324,2.5516597601428828,-0.49895317694466712,7.0725805901757326,7.5715337671203997,1.2187988586063625,6.4941295663841174,5.2753307077777549,0.2518368708895764,4.078602111458423,3.8267652405688466,81.131090075328757,75.238732593490568,5.8923574818381894,74.982543595242532,6.1485464800862246,81.723610354642915,56.670946175555173,157.27335895571741,200.9641891374643,157.66103829401771,149.98673298778792,179.04577470298719,170.83156040963317,203.29792631962636,195.79061316243437,222.8209820683017,219.65336592119405,239.2048139255875,240.93677834555788,3.6099365344913963,-0.24852357614796006,5.8874261049394647,6.1359496810874248,0.57424427781506893,8.1291174099142154,7.5548731320991465,2.8315547620507573,10.768367210490311,7.9368124484395537,7.4419427064425747,10.869644685628941,3.4277019791863665,8.5527750605838833,9.2143285015742151,0.66155344099033186,94.102191755317108,89.943837459522911,4.1583542957941972,89.763038986895481,4.3391527684216271,94.876763596806086,69.443100714970569,299.13533846661448,199.43459228527698,146.48268854810561,145.06438538537233,161.89223979125399,161.98044958362198,197.94004104285372,190.83319533497846,236.20061330287689,228.60096461647441,258.41899667701898,254.06928018779732,-2.4234914317663652,0.12021851570605691,-0.059178644114950885,-0.17939715982100779,3.6145773369294432,2.9330905012789117,-0.68148683565053148,-4.6705991828652884,2.5625478538490825,7.2331470367143709,-7.9509988841750499,-0.26065833239155722,7.6903405517834926,-7.3205359476485512,-0.18421720295685873,7.1363187446916925,3.0291425705005963,6.0334279662577615,-1.0479107171962312,-0.36874209185401696,-2.2710306937060807,-3.0403330591143742,3.3305079389954244,7.5021539449160457,6.2231438478362122,15.392941590617625,8.3009381896943069,15.873311008232434,0.3445888738306217,0.46276012138076211,0.44936268071760993
1405,2020,118.07554010832959,43.975201154044406,3,10,22.288904189392088,2.695648193359375,144.64190508172396,141.60087975371789,3.0410253280060715,141.46866008239886,3.1732449993251066,178.12898880699868,101.3455809813604,446.856788424775,201.80840580299343,153.21665039125295,157.43708619934165,171.08169518303325,176.56621106604362,202.1058174213141,203.71469301731045,229.09693438848626,231.05010220638511,252.68306596414766,252.53139817464131,3.4365494677817026,5.3027594378853564,0.70899927168403565,-4.5937601662013208,6.7004691355657542,1.0667176753224794,-5.6337514602432748,2.8022135576012488,1.3074385982712045,-1.4947749593300443,2.8430444696408301,1.1338722343453753,-1.7091722352954548,0.31833019167763155,0.61790170190280946,0.29957151022517792,71.353931684512645,69.353135867937453,2.0007958165751916,69.266144820374393,2.087786864138252,76.701479940677928,33.895596039947122,138.30575904715806,200.55610445168068,158.89041255158159,165.34796460541276,179.17699543443337,186.18208021510944,199.7862808849213,209.34469350997128,219.36170508071913,230.77791150855995,238.9376581859585,249.29445954994748,8.90261723617499,7.078536398455185,0.82992275317653252,-6.2486136452786525,8.5234584062622218,1.5912337765047084,-6.9322246297575134,11.459689843742353,2.0416098371059093,-9.4180800066364441,12.850734611210015,1.9927299959342122,-10.858004615275803,9.8075511488950156,1.542131049507617,-8.2654200993873985,73.287972981841449,72.247742341242883,1.0402306405985655,72.202515267207673,1.085457714633776,101.42750859461739,67.449984494378441,308.5510287201032,202.62853198735056,148.85834548634671,153.22515834896575,164.56974265575215,168.32947314190409,203.22741978268286,195.320706628896,237.24509653939205,231.55338298653012,258.53388666728551,256.40602243673789,-2.0075292536595839,6.5952414046288652,0.40554916129920571,-6.1896922433296595,5.6649694734572336,0.9094033723872883,-4.7555661010699453,-7.5481966197775705,0.15091103674984652,7.699107656527417,-7.0321360936815154,-0.58624556873425604,6.4458905249472593,-6.4554770055124209,-1.0655138878131254,5.3899631176992955,5.4660677683932875,10.910146489834574,1.7757769605698286,0.4832949938263198,1.8229892706964677,2.8584889328049883,8.6574762861411045,19.007886463519924,10.007690141569185,19.882870704891531,9.489220957217384,16.263028154407436,0.3095080182953085,0.43059515721937525,0.334455589594787
1406,2020,118.32554125190005,43.975201154044406,3,10,22.288904189392088,9.1666717529296875,159.62515997886658,150.16340762376785,9.4617523550987244,149.75202798843384,9.8731319904327393,165.1364941698339,115.52339603756627,415.95446552149951,200.15625729724158,149.57001896551515,146.57148121000236,168.6505317581657,167.66720724336238,201.14262276645076,196.75574788406513,228.41844091025743,225.85913089518132,251.21683240286447,249.32872486303989,0.67360611581707985,-0.99001875277528484,1.2223824053869237,2.2124011581622085,2.6758209653724236,3.2945826558429872,0.61876169047056351,0.31185774596215765,4.5051787378324093,4.1933209918702516,1.665218287665482,4.3976666826882251,2.7324483950227432,0.87109087572164867,2.7952936237036852,1.9242027479820365,69.905441407114267,63.39395996928215,6.5114814378321171,63.110852032899857,6.7945893742144108,72.75684094558892,38.496034491948308,130.57617898145691,197.42432790854883,156.24510913212984,150.47151580972621,171.27966793744739,174.16168332997097,197.6715738017854,201.04126241833367,218.87468417792758,224.61409331683029,237.95425473541516,244.71787728134916,7.8298477109316593,0.65847141640793438,5.1616935767866039,4.5032221603786695,9.7272406882205473,5.7424728264351188,-3.9847678617854285,10.363071061218363,6.9767648892356817,-3.3863061719826817,12.461237288040877,6.8608923481719728,-5.6003449398689042,10.238636369534731,5.3616741180958343,-4.8769622514388971,89.719719052314758,86.769448786973953,2.9502702653408051,86.641175866127014,3.0785431861877441,92.379653704807424,77.027361522490537,285.37828697776422,201.95036828674063,147.06691379138056,143.86348707694447,164.48897755488838,162.75452361664176,204.01205053988866,192.39639170112122,236.22944418786352,227.69404752523269,255.15046247137772,253.10925086616768,-4.9833408141755342,-1.27498152000544,-0.45629225321604849,0.81868926678939147,0.87552623069618107,2.2491758735849032,1.3736496428887222,-8.9625089934225173,2.1275380358192706,11.090047029241788,-8.0082526473576934,1.4211250066746572,9.4293776540323506,-4.0644185360954452,0.53821331760806856,4.6026318537035138,7.1562415951145795,12.813188525107194,1.6484901691832192,1.9334529364133743,7.0514197228481237,8.8517144575243663,10.051213315256206,19.325580054640881,10.796019000375395,20.46948993539857,9.3675454938130827,14.303054905630177,0.31391940658155476,0.44058608190363102,0.33323149952612235
1407,2020,118.57554239547051,43.975201154044406,3,10,22.288904189392088,11.18182373046875,139.14203510534207,151.04541312875881,-11.903378023416735,151.56295214510465,-12.420917039762571,141.68189782232002,152.58627030600837,419.38458611880196,202.49165918901784,151.47063956181307,142.25446388159153,175.2186054358873,164.87231078377681,204.73070998920559,193.76001644098957,229.24700416823833,222.62196356057157,250.11825556124663,246.4184067748489,-3.3143481064153377,-6.0334895468205616,2.556234727002078,8.5897242738226396,-5.0763927674131821,5.0404960252398041,10.116888792652986,-4.5632569990899583,6.1978613103796931,10.761118309469651,-0.6593139378715307,6.1432150550453741,6.8025289929169048,0.16674075338926286,3.8882181050738041,3.7214773516845412,67.805241511667191,83.905122960823064,-16.099881449155873,84.605119093559551,-16.79987758189236,69.084549771967431,72.043635570462811,151.02185071678832,201.7311113537408,159.4107456315848,147.96937939916546,186.46894158279457,170.01254993000219,203.88164727924519,194.97505054737115,220.42312340932574,218.75140754936919,238.01100125609869,237.69069087258504,1.4747822350741728,-2.70890428916735,7.8840773924676171,10.592981681634967,-6.5024498757823608,8.9930748573177937,15.495524733100154,0.7855152480126435,9.5150400913328212,8.7295248433201778,7.9851554976139312,9.3748651511509706,1.3897096535370395,7.5647212014914373,8.271355323151738,0.70663412166030071,71.336793598331496,67.140290406354325,4.1965031919771718,66.957834102754532,4.3789594955769644,72.597348055009206,80.542634948733394,268.36273561505368,203.19255225669394,146.73549823341688,136.57185511038287,163.68199035918693,156.59572361705477,206.32167960697276,190.8876699538645,239.92753320985787,232.27541006887657,258.77662634396154,256.51728710212819,-9.9717395276718435,-8.6312581301037028,-0.97593532791074722,7.6553228021929556,-6.0854016693230903,-1.2073331704116868,4.8780684989114036,-16.789498347158514,-0.47126083366484295,16.318237513493671,-11.75786730772441,-2.165027411766232,9.5928398959581784,-6.0158744458267677,-0.6905192222763219,5.3253552235504458,4.7891303414895106,11.446521762746016,3.3245852576532116,5.9223538409363528,-1.4260571083691786,-0.41704820645927043,5.3487722471026018,17.575013595171157,8.6444694354854619,19.743022805338342,7.3979804481021745,13.580595647318205,0.36010348428496447,0.48760322125699335,0.47215018380081575
1409,2020,119.07554468261144,43.975201154044406,3,10,22.288904189392088,3.7083282470703125,162.13744543937355,151.69980953650884,10.437635902864713,151.24600028363784,10.89144515573571,187.17885882328119,107.31326268168777,432.26946323715674,201.19664010084512,152.35643441018217,155.72725014693066,171.07293823754418,176.03521879014917,201.78004223465146,203.22129307541098,227.65557545370947,230.29807018992258,250.51374438284861,251.76156036828718,3.8691240699914715,3.9732074376836408,0.34036352870515429,-3.6328439089784865,6.5601858663406176,1.4658837798189097,-5.0943020865217079,3.4730265208177968,1.9884237886586504,-1.4846027321591464,4.6096210901732775,2.0374356036986399,-2.5721854864746376,2.5327490099610372,1.2755863235763343,-1.257162686384703,86.326936602279602,83.08291036094306,3.2440262413365417,82.941865305652755,3.3850712966268475,87.078455593809849,63.149931698419095,163.00737592398946,211.38779128152083,184.48338480994138,167.31335420027449,193.73829782899679,186.75808520148652,209.26128902592669,208.93370453779497,227.72491576032795,230.18715989281068,244.92049369426479,247.44853405545851,-0.70917863291472827,-14.629180103616363,2.1774546038804772,16.806634707496841,-4.2041736324528074,2.9127384071241806,7.116912039576988,3.0169834592279585,3.1707611485163625,0.15377768928840396,5.0590142191741734,3.0440194403909686,-2.0149947787832048,4.271368192827623,2.5820801658378514,-1.6892880269897717,75.810508850132464,68.616898810486418,7.1936100396460461,68.304134506115588,7.5063743440168764,100.1004032071196,44.163330820287229,269.26208718091948,190.58413083812101,146.51150397914901,148.72753781899578,154.67504094010229,163.52122484491636,173.6828925345377,190.50902437903838,227.43452857730861,230.56730063937002,259.00916922189043,257.39929300185372,6.8371019958103147,4.5144547404077571,-0.0085462642207403405,-4.5230010046284974,10.748236189856271,1.2295221447596987,-9.5187140450965728,17.216775020429196,0.43235449870743992,-16.784420521721756,1.8607928578190638,-0.39563011525098091,-2.2564229730700447,-4.7668710530468275,-0.14917882364159141,4.617692229405236,-4.5783027029061998,-7.546280628725043,-18.602387541300004,-19.14363484402412,-10.764359498793425,-14.952409822309079,-0.45604306158983832,-14.199791561201238,0.4493931290008959,3.1982213613551096,1.7386191828665858,9.0382392458744505,0.37709667183813639,0.46521522858530795,0.58846343984279192
1410,2020,119.32554582618189,43.975201154044406,3,10,22.288904189392088,19.7391357421875,175.31701823444746,169.32525770415305,5.9917605302944139,169.06474672254626,6.2522715119011991,171.00155923137208,102.99378168094336,405.42366764461622,201.4743623374338,152.2738883639453,152.27427876983967,169.88829485272683,169.46884020493371,203.42537387339726,194.75219266304757,228.60199763249841,222.27114286827219,250.94925761771745,245.72303390828677,3.3317144032629926,4.7541505425074888,4.3849032064782136,-0.36924733602927517,7.114936012829105,7.5545067930381151,0.43957078020901008,1.4922370628083286,10.192929209624793,8.7006921468164649,3.4726242570040142,10.026745620833026,6.5541213638290117,1.5796790358697876,6.8784194788230764,5.2987404429532887,65.614026305747757,75.404875637117584,-9.7908493313698273,75.83056465955633,-10.216538353808573,63.619834143990374,36.350840216903634,122.72004810767248,208.27896825577722,171.08653096907193,157.92408845873319,195.71890418117965,176.04659403714857,207.06076672574545,197.23410724333363,222.77429114492972,218.85589237287877,238.12336508312174,238.91943101756274,1.9914970379271892,-4.2728967229669195,7.3234443909187803,11.5963411138857,-7.1138363650107124,11.968917764207589,19.082754129218301,5.3488595673138377,15.086483700820622,9.7376241335067846,10.178265095632838,15.030746928009592,4.8524818323767533,11.519722602380625,12.456213560652657,0.93649095827203155,109.70299220995912,93.92038292741654,15.78260928254258,93.234182550193509,16.468809659765611,107.38172530903648,66.642941387914107,282.70361977349967,197.56537022327879,148.1357673250015,148.47703471063809,161.11288160808809,163.26119337033103,188.12511978357361,190.39070755084873,234.38020010884912,227.48729702212358,254.71622979955717,252.24201864031181,1.7467172388088841,5.8078071954662676,3.9593613954726266,-1.848445799993641,7.6439493550975612,4.9402411900609025,-2.7037081650366588,6.6362637753735214,4.2403141811259104,-2.395949594247611,-5.3964345268522891,2.1309994626996343,7.5274339895519233,-3.6208573916627529,1.5142119870645843,5.1350693787273372,-1.3402173653358034,0.24477979911830516,-9.0270472654744083,-10.080703918433187,-14.228772377839817,-14.757785720108274,3.8566225045055091,-1.2874042080596837,6.705640838628824,15.574699622485127,9.9400435665108375,15.140579994043378,0.30269581650384969,0.37204242130862764,0.35294208663501797
1411,2020,119.57554696975237,43.975201154044406,3,10,22.288904189392088,8.3333282470703125,151.24437346842024,154.26218295617946,-3.017809487759223,154.39339240167101,-3.1490189332507725,170.22283262553174,103.82158567156148,427.50652393186465,207.49563151206522,160.78618465892328,161.98120805119842,183.30721586872983,178.63821586952025,207.4487173175894,202.86908086923358,231.38553257369472,229.37958147444749,253.17583884965538,250.19550416692351,0.13128736829838772,3.0158470727907627,1.5585363494178637,-1.457310723372899,-1.2843340829292345,3.5154663337127658,4.7998004166420003,-0.73722286684866845,3.8900126569459417,4.6272355237946101,1.7102162921484876,3.8220234877836958,2.1118071956352082,-0.61270489877773571,2.5667622490560404,3.1794671478337762,105.73007761284316,95.643600999519549,10.086476613323612,95.205059633091878,10.525017979751283,109.71553538613864,64.262092837454475,203.29779605660588,210.69919381794921,178.60978983409271,166.74698500058628,193.44196158578643,183.43982926565644,208.62516748698485,204.82396593557721,227.98747641004601,227.38284350230401,247.83711353186237,245.49469876599255,-0.18680852021608985,-8.7175912458357061,3.2530625242253564,11.970653770061062,-4.6837358339658692,5.1934846314889853,9.8772204654548545,2.1433737904016255,6.0054465181704586,3.8620727277688331,5.3105671428809273,6.0755747092968306,0.76500756641590328,2.0755622146101302,5.2568094475196006,3.1812472329094703,45.51429579597243,58.618581499689753,-13.104285703717323,59.188331303298582,-13.674035507326153,60.507297224492504,39.559492798096471,224.20872798189521,201.92586982485213,154.12348662878696,157.10022373291915,162.74460377879547,170.69195289117093,189.8115196751807,196.84721583105937,240.31285212508288,235.14628086277779,260.55728663315881,256.9112106779553,0.75779829738442572,5.0918258486196919,1.7506318809592756,-3.3411939676604163,9.130302876960485,0.83538164311030982,-8.2949212338501752,7.4057865526783075,-0.2715023005987689,-7.6772888532770764,-7.8727758292527881,-2.6521821864855326,5.2205936427672555,-7.0141618948215694,-0.5446361574699381,6.4695257373516313,-0.31809588851447756,-0.94460681760051557,-11.733438318626469,-13.809417094455398,-3.3994017510366348,-13.814038710926354,2.8805966572502939,-5.2624127622766821,3.6003508507324398,13.183342972133715,2.6882671133878659,9.0897241094316996,0.47554314303050771,0.64454065117984882,0.61896658986452924
1412,2020,119.82554811332282,43.975201154044406,3,10,22.288904189392088,11.5,153.42800745219938,151.16665608686526,2.2613513653341215,151.06833585371351,2.3596715984858747,162.97392198295347,92.545687818350416,406.17594784125686,204.70091662121766,159.56932741270114,160.884890969569,175.27832062195336,177.32177226910173,204.9343446933369,201.24391915329477,229.64857684732243,227.43372322228026,252.14444611277509,248.03748809671472,3.1927857583867478,5.1620950137173622,3.3343180753061858,-1.8277769384111764,7.0978866176793076,5.1088953686158618,-1.9889912490634458,2.1928940119275069,5.8947931532804603,3.7018991413529534,3.5956820731200594,5.9146962119585282,2.3190141388384689,0.16534597740292156,4.3829273994722655,4.2175814220693439,74.582421234503272,75.841058127698489,-1.2586368931952165,75.895781390760021,-1.3133601562567492,76.594846344247344,45.045108311856893,149.40127039863728,211.16321661189963,181.0762524891272,167.98771326629247,194.1696563259205,184.64731080122968,208.18281505634661,205.83513553976988,228.32208925967598,227.60659794107394,249.07348144532335,245.17591267505779,2.308317896929708,-7.8389250727833542,4.7753352287324731,12.614260301515827,-1.1948798538221581,7.5485388675170668,8.7434187213392249,6.4460070751078149,8.4448959248022675,1.9988888496944526,7.6649114420030457,8.5622426615995266,0.89733121959648088,2.5117435637435221,7.5810709584774543,5.0693273947339321,78.845586217696109,75.325598237322993,3.5199879803731164,75.172555508518599,3.6730307091775103,86.379075743014255,47.500579685307457,256.77467788569629,198.82942043153966,154.4166916337866,156.04355741576816,163.42908696748739,169.16627928226799,184.57905067548776,193.24742820130101,231.02740145515838,227.02625783138481,254.90051779234597,251.4218270214451,2.1421071786000425,5.8019779180967248,4.0451661260268281,-1.7568117920698967,9.4469179714059237,3.2782956866161612,-6.1686222847897625,11.040156354985129,2.30950327477521,-8.7306530802099189,-3.3340779880252569,0.51065743269111863,3.8447354207163755,-5.3074433729837551,0.46993892601008724,5.7773822989938424,-0.88446786145703982,0.1662107183296655,-13.001020086500716,-13.640902990880079,-8.2927664715014657,-10.641797825228082,4.253113063180308,-4.594149279877314,4.0692293688829864,10.998989430028303,2.3463975863406006,7.8191869367272773,0.36782402107430257,0.46998222422516722,0.48673373523650149
1413,2020,120.07554925689328,43.975201154044406,3,10,22.288904189392088,0.8333282470703125,128.2284334897995,142.57001200318336,-14.341578513383865,143.1935618519783,-14.965128362178802,165.91641701442859,125.99116562183553,445.55270997807384,208.50684145103298,159.59047614976748,162.99711934761143,180.10796625719721,182.09703224943993,209.47663448198008,207.33203918403822,236.60074977162924,234.2814625245035,257.44338058449131,253.87723766767974,-0.17389061837207009,3.7410443318625255,0.1231665463250522,-3.6178777855374733,2.1540979087967003,0.26289931180050985,-1.8911985969961904,-1.937922251571365,0.323509856357731,2.261432107929096,-2.1288395715100705,0.35159110996843879,2.4804306814785093,-3.4162556048570707,0.26107729316248651,3.6773328980195572,77.674804225564003,86.975088059902191,-9.3002838343381882,87.379447460174561,-9.7046432346105576,85.225915640592575,85.72417937730097,203.46155364066362,217.68503776896236,184.8778102605101,172.69469864333146,196.80692437654349,191.61443915941672,216.72875382852834,213.38078546236881,239.48937977412101,235.60219028320384,259.14742140562822,252.36963431883868,-4.4765252038824315,-12.525074774057913,0.47042773877257105,12.995502512830484,-4.327675819290107,0.65381778005709634,4.9814935993472034,-3.0453337251106802,0.67190548613021406,3.7172392112408943,-3.7366857070627759,0.64115396610586117,4.3778396731686371,-7.0306051317527931,0.54697295000798363,7.5775780817607767,50.553629040718079,55.594927117228508,-5.0412980765104294,55.814113676548004,-5.2604846358299255,80.690500926801178,40.266986125325275,242.09115586429834,195.53523006975283,153.39909958144469,156.32470160413317,162.02714394263731,168.1653107755543,180.62466650688984,192.20638950450171,228.90587010294928,229.69908917266653,255.11723150428449,257.57090291611121,3.8198700407446324,3.9525893493255921,-0.47150291359508856,-4.4240922629206807,6.6921693508377302,0.034837890511141723,-6.6573314603265885,10.403864888889217,-0.18640751265510858,-10.590272401544325,0.67911517371376817,-0.39575322500252241,-1.0748683987162906,-1.0661353805844271,-0.55704249101734149,0.50909288956708565,-4.3026345855103614,-8.2963952446270639,-16.266119105920438,-16.477664123383505,-6.4817737280868073,-11.019845170127837,-1.1074114735393152,-13.449198613999897,-1.6078461355527054,-4.4158008807765441,-3.6143495268957224,-5.964469751168366,0.45664979492701596,0.51366776823044025,0.68039833550396256
1414,2020,120.32555040046375,43.975201154044406,3,10,22.288904189392088,12.956527709960938,155.35348754913139,157.3775142128361,-2.0240266637047171,157.46551420944161,-2.1120266603102209,166.70470988261695,108.74227322139814,434.54039869830012,203.87257489250786,154.30993267803464,158.21659435541534,172.75428841173209,175.47347665579687,202.92090528842073,200.25240897031571,233.54972324437998,226.78261875415703,255.18751822471773,248.30506065638551,3.1977902388509847,6.7261763289752707,3.1228406456631035,-3.6033356833121672,7.7394725970235356,4.7517363610263885,-2.9877362359971471,3.7905674340347844,6.5664614656409128,2.7758940316061285,0.028408027606417363,6.7448169481474167,6.7164089205409994,-2.3293681191500184,4.6204260550363472,6.9497941741863656,72.612905889431204,76.317441447481542,-3.7045355580503383,76.478508228774444,-3.8656023393432406,72.834847226420607,43.46493229249063,154.5408712271601,209.31137720902052,170.86079318971917,164.07871651348867,191.88787269236087,182.55639759059815,204.23945889159083,203.91250461135536,232.71261688662557,225.54942261993395,250.87926874821645,243.41334233871811,2.5598025717056316,-2.7549051360578858,4.4898198142553838,7.2447249503132696,-0.76251208294374351,7.985123318531663,8.7476354014754065,8.9075403655752154,9.4312756804938545,0.52373531491863901,2.561222211076057,9.8641572999118807,7.3029350888358238,0.12135259999706705,8.399584805254193,8.278232205257126,82.740581809623109,81.060071111971411,1.6805106976516981,80.987006338295032,1.7535754713280767,93.869862791218111,65.277341029976014,279.99952750280499,199.89806897869207,151.74568813049237,153.9170755882912,162.56216368164502,168.13598286286287,188.70382960606821,193.76032911776812,234.3751618143082,229.29651874019333,257.27416334085581,253.45499127582281,1.5735920409951518,5.8967661330370333,2.9091296671953444,-2.987636465841689,9.5099476438500972,3.3792625174784234,-6.1306851263716737,7.6032446759704442,2.3292457689767616,-5.2739989069936826,-3.7044342005100646,0.6232782616088457,4.3277124621189103,-3.9170700898444863,0.97511603195044927,4.8921861217949356,-0.63798766714535304,0.98621053071047982,-9.4810814650331565,-8.6516712690949191,-8.5019846799672791,-10.272459726793841,5.1169729315404311,1.3042956896047713,2.5328141834696396,6.2656564115861215,2.4507207191470854,4.0384226898415534,0.35564212600278228,0.43690935473692588,0.39970593776347196
1416,2020,120.82555268760467,43.975201154044406,3,10,22.288904189392088,2.8333282470703125,198.45372343063354,185.18949854373932,13.264224886894226,184.61279249191284,13.840930938720703,217.75357331405576,153.03938974440098,503.51609512791038,202.45473375961552,147.13836440171428,149.17304798936067,171.31876774746283,173.10791406849347,203.14262226622625,201.6978127257978,232.92435484061781,230.56839607804878,256.14207660953639,252.65369653702868,0.55614441339130849,3.4893256197518667,0.65024212957868599,-2.8390834901731807,3.0474676139053258,1.3848741423988145,-1.6625934715065114,0.2727103554311725,1.7247968726726128,1.4520865172414403,-0.66061683368550916,1.7725685083559028,2.433185342041412,-2.2641731748123277,1.3659905994614974,3.6301637742738251,111.73411998525262,108.07741838693619,3.656701598316431,107.91843122243881,3.8156887628138065,116.86205704587064,111.82066773623228,259.83948270929977,213.5046150703339,176.5887337191067,164.48874315089799,192.39431348214822,186.71773642642941,212.11793462856295,209.53491471539641,236.45155327006134,231.83647049320808,257.16585185725222,249.72521510713989,-3.3367399638515565,-10.829637705884466,1.6340042287325502,12.463641934617016,-3.1207868460840871,2.3847052471823531,5.5054920932664402,-0.48445809260340411,2.4186645071062571,2.9031225997096612,-2.4063419283003213,2.3245587297577401,4.7309006580580615,-5.964340228490812,2.0230012010832468,7.9873414295740588,86.719603568315506,77.112079948186874,9.6075236201286316,76.694361656904221,10.025241911411285,100.89151636876795,41.218721978366375,243.67661264166236,184.67334795094447,141.01483849355162,138.98661069796216,151.10076351049949,155.91455173749421,165.59430541698035,180.21496757038926,222.14168505527428,224.7282423312918,254.6920782522875,258.74566364289717,5.8827173647557629,1.9639559061283478,0.62851092514057427,-1.3354449809877735,4.6657517757363962,0.20388228736445058,-4.4618694883719456,15.065454441009535,0.80463096636700016,-14.260823474642535,1.2138981244915783,-1.0353765764089644,-2.2492747009005427,2.054324644832775,0.63916365909000206,-1.4151609857427729,-3.892884377242865,-9.2194573286073194,-14.318963325636332,-12.793593612012813,-6.1682544599894129,-7.7865386218204833,-0.75716844803457661,-15.54991253361294,-1.7457250946148122,-3.6202400527918996,-3.7001670536784843,-8.018664873323587,0.51605000361168518,0.53667113364576569,0.73066592805283515
1417,2020,121.07555383117514,43.975201154044406,3,10,22.288904189392088,11.916671752929688,210.6287772102678,193.92965074978929,16.69912646047851,193.20360401381913,17.425173196448668,217.15425192565635,135.66219437244763,522.03702088445425,198.65895221160585,146.62474317972246,146.65610076805754,164.61177338032985,166.90447937047321,198.26702896935578,195.76445536804056,228.63644581700339,226.0643732372688,252.54956708116077,249.3471403683003,2.6607314500516281,2.3778152884519557,1.739943499706726,-0.63787178874522965,6.5093729798146853,3.989474395017595,-2.5198985847970903,2.9424565253193578,5.4202246335977122,2.4777681082783545,3.1655789713472586,5.7761220071500929,2.6105430358028343,0.74994705525975291,4.0510542752649314,3.3011072200051785,91.248427242749131,86.269065752179813,4.9793614905693175,86.052572136655726,5.1958551060934042,94.556440616026975,56.260505359860872,191.71820003539324,205.29504186691187,159.73200024654474,152.69432633081141,186.02720772085763,175.48067242476256,203.45618732523982,200.97658036923883,228.19050665796757,225.45167244233204,248.29933807486529,245.0277717696284,1.5874103708744087,-3.2103151243845787,2.9362287603765083,6.1465438847610869,-3.5474589560157881,7.2200504017534115,10.7675093577692,5.5522286576366469,8.3940216167273718,2.8417929590907249,5.2622224817879442,8.8642384604343363,3.6020159786463921,3.1445432545229437,7.5059205720205284,4.3613773174975847,119.38034977007828,107.66058605062244,11.719763719455841,107.15103104766604,12.229318722412245,122.59781110970562,79.401689090817854,330.31882102787495,193.70431242639515,142.82237065068995,143.17070313136671,154.92709290851943,159.59336346019208,185.85688199204304,188.22695201872114,229.09153648427491,227.09706860393507,255.31194552176942,253.2567996902053,1.9314677544684002,3.1579955843534435,0.93876683666800886,-2.2192287476854347,7.360052760869678,3.2861515825433116,-4.0739011783263663,5.1659149495279166,2.7230045181933065,-2.4429104313346102,-1.2000112588128502,0.6360250984618574,1.8360363572747076,-1.5388513267310202,1.0790460242800179,2.6178973510110382,-1.0733210791772194,-0.34405738359399152,-5.5881304128365343,-6.3683107087380222,-10.056831935830473,-10.907511716885466,2.6097721323172891,0.38631370810873022,2.0966435104406855,6.4622337406007944,2.3945961992631908,4.6833945812539639,0.36725019944098453,0.43543444246442276,0.4147102707582852
1418,2020,121.3255549747456,43.975201154044406,3,10,22.288904189392088,11.75,195.73470224820267,195.12130725942916,0.61339498877350707,195.09463944280651,0.64006280539615545,204.7720225342382,122.25640747338912,485.02011135593057,200.66792306700592,150.49831068895827,151.73804185741227,169.10290936277073,170.83229163323551,199.82939967273504,198.48412677459257,229.59327026267309,227.24697112777474,253.74341517659749,250.51389482928059,3.6814241769178011,3.9262612880039569,2.0866699781219893,-1.8395913098819676,6.646618683654367,4.8406779173634504,-1.8059407662909166,4.4238441470188832,5.9031175199062318,1.4792733728873486,3.4766562872731583,5.8590081919794272,2.3823519047062689,0.37391535921656782,3.7165434135323494,3.3426280543157816,99.263483012055076,95.819892147377686,3.4435908646773896,95.670171804893471,3.5933112071616051,100.83076044354311,45.124199403991952,212.1749405721348,203.5221978641768,165.04963260759024,160.54134992936224,181.06822807038239,180.90635572695862,202.66365881034,203.94336145043184,223.30659278910423,226.60176576728671,246.0773044638901,245.81946232839465,7.1371316455879708,0.98962274617824164,4.7451553390137917,3.7555325928355501,7.2210446285973262,8.0954979227353192,0.874453294137993,9.9263600698484709,9.0909462564241608,-0.83541381342431009,11.474039825371761,9.0388504115386468,-2.4351894138331147,6.3313868526630017,7.5746696192450145,1.2432827665820128,96.471219444763847,99.301415318183899,-2.8301958734200525,99.424467285252831,-2.9532478404889844,103.94126244832296,77.132208132727101,272.84517101570964,198.36722396162321,145.35828851388433,146.86068086699484,160.78544612979505,160.5660939711822,190.25944471187609,186.34545977565503,235.19169468001036,228.60387582026021,256.82781590945382,256.02809833816877,-2.6233897944170792,4.8597773380973308,1.0657790036983386,-3.7939983343989923,1.7398181382687596,3.6267182593548739,1.8869001210861143,-1.3854222621498593,2.565621913891448,3.9510441760413073,-8.2285000046974233,-1.7053184184588019,6.5231815862386213,-2.3718436235428157,-0.61514683197796671,1.756696791564849,3.4557074686701696,9.76052144000505,-2.9366385418257153,-3.8701545919190892,0.57442594494295918,5.4812264903285666,5.5025159228295877,11.31178233199833,7.9973835380986031,19.702539830069185,5.9574714934464339,8.7032304762058175,0.43745596441140322,0.49240496428990466,0.36909476023834487
1421,2020,122.07555840545699,43.975201154044406,3,10,22.288904189392088,1.125,172.44296313483937,164.68518582484103,7.757777309998346,164.34789114709565,8.0950719877437223,212.33072252233251,140.74488269130961,519.08908446505666,204.41946544611585,154.75821389478125,157.458482377911,176.41738433309035,177.13404159967754,204.1560077380949,204.83671649987267,230.26299987023094,234.27867650338993,254.00580947798574,255.76391399455864,1.8379578072649565,2.9557096974733383,0.060948671803060961,-2.8947610256702774,0.83079315708354784,0.38883694402190372,-0.44195621306164412,1.0971673749670856,0.50298034616690757,-0.59418702880017804,4.5235621475609378,0.49017344306508903,-4.0333887044958487,2.0810320795227426,0.30993012270457143,-1.7711019568181712,116.41688370364136,88.150601009980164,28.266282693661196,86.92163192949738,29.495251774143981,121.10704023050494,79.386518776562298,269.32945627099252,209.46501333447301,171.8479307348245,169.41388970579007,191.30833709623676,189.12435810445078,206.8496929867519,212.40135437821351,228.85776703319613,235.59478656030095,248.74335509691221,254.20647436230951,2.755318671733562,-2.4406092772757404,0.63200063340283918,3.0726099106785796,-1.8728472706388857,0.83604434120229598,2.7088916118411817,6.0435164339318419,0.822007486799464,-5.2215089471323779,7.5211435255588697,0.81458651147127625,-6.7065570140875934,5.0717033689970492,0.66096863663159411,-4.4107347323654551,56.026079591851158,76.534584179078593,-20.508504587227435,77.426259336807561,-21.400179744956404,91.223682459931297,61.358363870043831,249.7596284635365,197.78959069016133,147.68619563162972,151.35895341918274,161.29199949515723,165.32881036036451,186.77511851999029,190.73478736004208,234.0451332942333,229.74764851744314,260.38176505906921,259.15322797415655,0.27027569988393907,5.4819028747514267,0.16542399477540926,-5.3164788799760174,4.3108864438991645,0.33432238876093834,-3.9765640551382262,3.9980511023161398,-0.090286609663309036,-4.0883377119794488,-4.0193589575845579,-0.22092089507609103,3.7984380625084668,-4.7161567113462866,-0.026463869406597951,4.6896928419396886,0.91736086446860554,2.485042971849623,-5.3963189747490787,-7.9225121520271671,-2.7036404277224335,-6.1837337145380502,4.9463490589647563,2.0454653316157021,2.9975813779979319,11.540502483143428,2.9906712894743066,9.7878600803433358,0.51885016335596412,0.57036983999226554,0.56404550743544779
1422,2020,122.57556069259792,43.975201154044406,3,10,22.288904189392088,7.5833282470703125,197.49570715427399,180.1498948931694,17.345812261104584,179.39572846889496,18.099978685379028,214.29035429486248,133.44793846374159,503.75176348537207,204.85973017727289,159.45856999104998,158.14018675840646,177.8691258361315,175.86419089110234,203.60809802949694,201.97828612296519,229.48231401802266,229.96626574890698,252.37850466885246,252.02567455358567,2.0343357870725924,0.83284044237427679,1.9995634358615746,1.1667229934872978,1.154959886117723,3.2884612857728257,2.1335013996551027,2.4217255700188218,4.0326806605291949,1.6109550905103731,4.6451567290798152,4.1213757988917621,-0.52378093018805316,2.4101836736197697,2.7806362908522715,0.37045261723250178,137.83931592851877,105.67265403270721,32.166661895811558,104.27410358190536,33.565212346613407,143.32355390440989,84.681664914392968,292.77476472849958,207.41105851799745,170.22233613019696,165.51003319499108,186.9790658618611,183.24861961160036,204.98111074451595,206.20779343730493,227.15161210861916,229.75498532650454,247.62269951142426,248.97304702675743,3.8835420717983595,-1.3036125552082467,4.1072124968022763,5.410825052010523,1.2776562078867357,5.3686667811063273,4.0910105732195916,6.6540213867427838,5.679516371281693,-0.97450501546109081,8.1031661569708149,5.6672637037253253,-2.4359024532454896,5.4735749410212975,4.5963408219247981,-0.8772341190964994,59.656391441822052,74.477239742875099,-14.820848301053047,75.12162521481514,-15.465233772993088,70.96680064253087,48.766273474842819,210.97699900344014,200.00128824262205,151.20809593396709,152.44311486294768,163.64531244892183,164.47049484760595,188.70783394903833,191.44633819586815,236.84778982112221,230.51824922145698,259.83507504819073,257.35458978954784,-1.0120709183915721,3.5384801378224893,0.86566619678464463,-2.6728139410378446,3.0647249966992547,2.6796851828609647,-0.38503981383829,3.2330698186424627,1.0986604239440396,-2.1344093946984231,-7.1689311749119042,-1.1285700815199107,6.0403610933919936,-4.2866324790596479,0.62716662577054194,4.9137991048301899,1.8492062847257671,4.8956129901899317,-2.1364529975825235,-4.842092693030736,0.12269632176901268,-1.787068788812519,4.2322958167239619,3.4209515681003211,3.4580094278909996,15.272097331882719,3.0633912674015278,9.7602074200809454,0.58118856538157049,0.6688287691530781,0.63456705205979158
1435,2020,126.82558013329577,43.975201154044406,4,4,22.288904189392088,-0.04166412353515625,201.37912327051163,213.81726217269897,-12.438138902187347,214.35805201530457,-12.978928744792938,224.05317753812415,150.04329167478136,476.37399862147868,191.83670123351638,131.89192417702034,130.74267497338693,160.04837017346648,156.79851326283304,194.05908445932215,191.15933803527051,223.06832322323032,227.04955496081334,248.33818596634654,253.70260082124037,0.11757160775059106,-1.1869727678688946,-0.0089561612340958163,1.1780166066347988,-3.2271701212961545,-0.020356892311951924,3.2068132289842026,-2.8958431021561921,-0.019846580157405924,2.8759965219987862,3.915773349194609,-0.019672120337133947,-3.9354454695317429,5.2635281342079168,-0.012438473095215841,-5.2759666073031326,140.21313319727778,144.55832052230835,-4.3451873250305653,144.74724012613297,-4.5341069288551807,147.43490883295044,102.06497695711914,263.55582480540033,194.62328743862511,145.37061679584718,142.48644926616754,168.87152962225539,165.97799470075444,197.05536362706101,196.48066934203331,219.96437721589461,228.26914413164224,239.14546090350379,251.64695676564156,2.1416981205584307,-2.2732848279690927,-0.03258096325194515,2.2407038647171476,-2.8044772529202078,-0.035025494206763597,2.7694517587134442,-0.81058111479327977,-0.030830208091401801,0.77975090670187797,7.7758298720286518,-0.031086498475588087,-7.8069163705042399,12.140815345952092,-0.028224024059142039,-12.169039370011234,61.165990203619003,69.25894370675087,-8.0929535031318665,69.610811322927475,-8.4448211193084717,76.618268847433228,47.978314664576828,212.81817352958024,186.25666900677675,119.34721409744424,118.27102779220783,140.23318349714057,137.19940134178523,177.88074263958131,177.22959433077199,232.41901199062841,223.89979820394458,261.85922642010365,258.99492708529766,-3.1849054068796647,0.47208676422370388,-0.0026185462487688937,-0.47470531047247277,-1.9755793082541686,0.0058729523287013308,1.9814522605828699,-0.57400684442205829,0.0091079330003083214,0.58311477742236661,-8.1782703148194571,0.0092709628402758426,8.1875412776597329,-3.358124807302147,0.013182479014403725,3.3713072863165507,2.0241265128078396,5.3266035274380954,-1.0863120601001981,-2.7453715921927966,0.42269286837594677,-0.82889794466603917,2.0852619873629124,-0.23657427037122147,3.8600565228340429,15.954100186848109,6.877287211744175,15.498940153254239,0.55325400959765392,0.65803533988203944,0.68023685576256787
1436,2020,127.07558127686625,43.975201154044406,4,4,22.288904189392088,-2.6363601684570312,165.85870689183503,177.42928647316876,-11.570579581333732,177.93235278151042,-12.07364588967539,193.36972218324718,194.84410454872705,490.98776589613408,190.46728495027719,131.98628280338497,130.1518315223652,158.1924586675222,156.20767062954715,191.87820868384304,190.7478413160259,222.04586014582958,226.71257994068708,246.93456160833176,252.52433483172558,-0.13518940401692703,-2.111078844057829,-0.17370770304148664,1.9373711410163423,-3.0717147340413362,-1.2001070923426482,1.871607641698688,-2.511773990061215,-1.3784793132403195,1.1332946768208956,3.3459846547353891,-1.4034852210592987,-4.7494698757946878,4.5146499352419482,-1.0800601567210322,-5.5947100919629804,103.95171639107139,115.96091767892358,-12.009201287852193,116.48305787409481,-12.531341483023425,108.65235571886546,137.31256895641491,253.28712532058125,194.54268021952046,148.93840125202576,144.38229350139824,166.27974081089769,165.5552982397017,196.27656458449684,196.6072579977905,220.16287458559219,228.5894554222541,239.48185437200016,251.3487328889816,0.42471406982676285,-6.0893840060048205,-2.2395823481002992,3.8498016579045213,-2.9463926997630665,-2.2466712588222606,0.69972144094080591,-2.1323186329039743,-2.2166996500137941,-0.084381017109819823,6.2611412741655101,-2.0753719035787697,-8.3365131777442798,9.685322718356133,-1.8731873733153748,-11.558510091671508,61.906990396455512,61.468366659316416,0.43862373713909619,61.449295346322288,0.45769505013322487,84.717366590703023,57.531535658901703,237.70064081531018,183.42045168018109,118.54789585781596,117.85890613241997,137.61193494881061,136.56794891329048,175.75820952583325,177.60668871545712,227.46512978328499,222.13452647676499,256.60062591724261,255.14855483509447,-0.92275732628624496,-0.099205094081469269,0.021014784740344794,0.12021987882181406,0.48787082658932945,0.69798988871414736,0.2101190621248179,2.3224008352829628,0.72174225543560055,-1.6006585798473623,-4.3355757228931111,0.64026836904787388,4.975844091940985,-0.69683102874742531,1.2731714836023968,1.9700025123498222,0.55990347384368988,1.3474713961130078,-3.9783051619469916,-5.9901789119233513,0.12532203427826971,-3.434263526352396,0.37945535715724077,-4.4547194681869371,2.9151566194301211,10.596716997058621,5.1706727831141848,10.382153747103558,0.51587257955051136,0.56188918560839041,0.70473042679141196
1437,2020,127.57558356400716,43.975201154044406,4,4,22.288904189392088,-1.0416641235351562,206.70170492013494,204.69384714135595,2.0078577787789982,204.60654733059346,2.0951575895414862,235.08563391022926,142.5590405158182,487.42719357274473,189.42641401062471,131.54701685644199,131.96447840366417,155.28000765392986,157.61142445407751,189.38929956959265,191.43739375838078,222.11666679678527,225.63027709227987,248.2999436388385,251.04519002028985,1.7624583157596874,0.23906174863216734,-0.38345745801120756,-0.6225192066433749,1.7950929838470415,-0.53019817657505541,-2.3252911604220969,1.4916937904930023,-0.61276468552651409,-2.1044584760195164,2.9489942240503524,-0.60176739597159212,-3.5507616200219445,2.3291651886830493,-0.45696599019294126,-2.7861311788759906,142.01348906755084,137.59957703002874,4.4139120375220955,137.40766730220639,4.6058217653444444,150.99677723151331,93.481848245490255,259.0121842159424,192.25256935265571,141.80478996975069,143.3980650147642,163.03621488734953,165.79550344522667,193.36139163626089,195.77365317281613,219.5145516012096,226.96208135835684,242.87870414741772,249.79786491339004,3.0380305570110409,0.61844514479824397,-0.85655366587732829,-1.4749988106755723,1.6103790501385333,-0.90174281756571872,-2.5121218677042521,1.4024154679705134,-0.89793237463968012,-2.3003478426101935,6.3636531161880612,-0.84593419488768973,-7.2095873110757509,6.1854199932068639,-0.77276990779208177,-6.9581899009989456,64.688215733374818,67.094269018577506,-2.4060532852026881,67.198879968781512,-2.5106642354066935,84.08885663152887,49.077192335520522,228.41500933282077,184.23789504177276,121.7046731848184,120.26027204869655,139.79643660061274,140.05442461525431,176.02295067595114,180.40653431640507,228.46219438978918,222.61384507322748,256.79721983806417,254.02830223400514,-0.36919521028053737,-0.44214650733299266,-0.082582845395094751,0.3595636619378979,1.1421062048137856,-0.029823502775769839,-1.1719297075895554,4.1908140404299559,0.054066241839336726,-4.1367477985906191,-5.5026893083831965,0.080473834065145411,5.5831631424483419,-2.8182653447608743,0.46490617272829127,3.2831715174891656,1.2755722412513535,3.4072257672915782,0.37938339616607664,1.0605916521312366,-0.18471393370850819,0.46827284532474778,-0.089278322522488907,-2.7883985724594424,3.4146588921377088,11.866342424571258,3.8562548045238145,9.0036853379677382,0.53138640525456615,0.6423054217305918,0.6557412838024651
1438,2020,127.82558470757763,43.975201154044406,4,4,22.288904189392088,-0.33333587646484375,138.15670482405767,135.82519477423921,2.331510049818462,135.72382252819807,2.4328822958595993,167.9009343390162,229.8698678156652,521.95552727393806,188.47450320658299,132.72404670543818,133.14971303698459,155.76804460863909,156.98695202726796,187.85040749235972,189.82234552459565,220.38595316803529,224.7483153244662,246.57442192829774,249.82494541679088,2.2673220979588677,0.62908892296050567,-0.09540823647435559,-0.72449715943486126,1.1891150707679685,-0.15976904809417647,-1.348884118862145,1.7785406828574253,-0.18032426010074687,-1.9588649429581722,4.083248158956593,-0.1731171141274217,-4.2563652730840147,3.0701634244907439,-0.13867477970626396,-3.2088382041970078,94.054174346927539,95.307035612273467,-1.2528612653459277,95.361511023569619,-1.3073366766420804,105.60085268250418,160.96062200762026,291.24146377015859,189.40861293121893,137.62124057015401,139.45776185075383,160.00417779988317,160.66040356074478,190.77225434062061,191.77889448876189,215.39639272062576,226.12380165286839,243.05855342937605,250.1973208853033,3.6677311298480504,1.9177563803172859,-0.22987325512093548,-2.1476296354382214,0.46942623174501819,-0.2636026671484899,-0.73302889889350809,0.76319722898386999,-0.25387619620894952,-1.0170734251928195,9.8572319596872262,-0.19324790610835407,-10.05047986579558,6.9147859187211225,-0.22315450497237066,-7.1379404236934931,44.102530477130131,40.518155449447477,3.584375027682654,40.362312066614322,3.7402184105158085,62.30008162174272,68.909245953331265,230.71406324021518,186.57679011106381,123.64384727414827,123.33361790835934,145.09687018529485,147.31522055467434,179.49023457401768,185.36433886545706,230.19166474691275,222.19095575986464,251.58165462515154,248.80915043982327,-0.41315481101878504,0.67682974294483245,-0.014612812128120822,-0.69144255507295327,3.0917812476643292,0.12093187269681493,-2.9708493749675142,5.7632467867753974,-0.063482400105272063,-5.8267291868806694,-7.9583124527844973,-0.066867011544331945,7.8914454412401653,-3.0266144621453179,0.0061802689754415496,3.0327947311207595,1.4004090318891826,4.0808859408668354,1.2886674573567802,1.2409266373724535,-0.71968883902295033,-2.622355015919311,-1.0153434538735553,-5.0000495577915274,5.7739838007306332,17.815544412471723,3.8446224942303786,9.9414003808664404,0.55798137686413707,0.62894737958563607,0.70022497309954557
1439,2020,128.07558585114811,43.975201154044406,4,4,22.288904189392088,-1.76190185546875,124.12820604666922,117.77011862039217,6.3580874262770521,117.4936776734321,6.6345283732371172,156.77602289478091,233.30396701621794,515.27829700056463,188.84130695574979,132.51712512791212,133.6851088363687,155.34289737631445,157.38339965818926,188.16889760268734,190.74849586363558,221.44939466667947,225.88789533370019,248.312952755466,250.61945345401574,2.0411417579345539,0.95900547078952059,-0.48394694125090609,-1.4429524120404267,1.4005695576251185,-0.81146356643910167,-2.2120331240642201,1.7516378004124817,-0.91609023049247185,-2.6677280309049536,3.3110751587102243,-0.87937141704179567,-4.19044657575202,1.5359057385522874,-0.72563445055334341,-2.2615401891056308,88.283460420303527,83.102443077288626,5.1810173430149007,82.877181274248869,5.4062791460546578,101.27981231093145,166.10976378317173,296.7907532658428,190.31115146898915,138.31027649905576,140.51780117635786,160.11796427068134,161.67835970178396,190.84981359081647,193.24353454273805,216.28259206584022,227.5441034702925,246.27946802303731,251.1372588856959,2.9744428168984314,1.4505831285905799,-1.2372672970771816,-2.6878504256677616,0.25242208364440444,-1.3235585167104205,-1.5759806003548249,1.2933911138172789,-1.2754254402507286,-2.5688165540680075,9.2832475040495126,-1.024699667470486,-10.307947171519999,3.7681060400529418,-1.0481052733847207,-4.8162113134376625,35.844745632042759,34.667673828756961,1.1770718032857985,34.616496745456971,1.2282488865857886,55.496210612232971,67.194203130511596,218.48754375521094,185.63795068629938,123.50265850876177,123.54082783226985,143.38277754926978,146.08651728661152,179.18895564977558,184.93308224465929,228.60789283721491,222.42029773992454,251.36467374116143,249.31283710022907,0.23542445050645711,1.2330307261330518,-0.17825666479704694,-1.4112873909300987,3.703808210117586,0.40217275075258385,-3.3016354593650021,5.5309678612890139,-0.32584405795910243,-5.8568119192481163,-6.3694706773138137,-0.16507816415580123,6.2043925131580124,-2.376482587955536,-0.013186056983812477,2.3632965309717235,0.93330105896387749,2.7390183663919743,0.49157765780105933,0.21755240245752816,-1.148147473980714,-3.4513861264731815,-0.45824668659520285,-4.237576747471735,5.9721723453392883,15.652718181363326,2.2322003015006544,6.1445886280084778,0.57598147446430792,0.64601595601710515,0.71198859542591808
1441,2020,128.57558813828902,43.975201154044406,4,4,22.288904189392088,-1.5999984741210938,137.10991174072115,150.18128459660147,-13.071372855880327,150.7496052612878,-13.639693520566652,170.1064406765463,229.45293185655464,524.4457144215703,190.97159406038074,132.36268906639606,133.61634074681041,159.01571219335733,158.03265869577484,191.55618822603864,191.99902140223554,223.24291169416503,225.88084177930136,248.0463862723465,250.82361265388116,0.51800870585250891,0.91734349106783952,-0.44373602994437533,-1.3610795210122149,-1.7801979423846603,-0.75342840680781364,1.0267695355768467,-0.42159024524764277,-0.89575898095418438,-0.47416873570654161,1.6908684079403713,-0.89909279376487916,-2.5899612017052505,2.0913364429554235,-0.65303947092490944,-2.744375913880333,83.954069244937273,104.84680162337827,-20.892732378440996,105.75518225410269,-21.801113009165419,96.525364974400418,169.66153533866964,295.44889378733933,193.8160469522052,142.39727047965044,140.91516887412723,164.42480917656064,163.11066098928714,195.05709173349544,194.56733849431322,219.80065551064533,226.26985314119676,244.28249487302247,250.17497489663654,0.00099100626880499476,-2.4652914369276857,-1.1239013912044413,1.3413900457232444,-2.7935233234090902,-1.1974887092726192,1.596034614136471,-1.658547071895299,-1.2468933699377089,0.4116537019575901,5.0838478167088681,-1.1559902774158388,-6.2398380941247069,4.8588406405956164,-0.93927121556114912,-5.7981118561567655,53.155842570289678,45.334483068591908,7.8213595016977706,44.994423519784505,8.1614190505051738,73.581075955465622,59.791396778655326,228.99682115763426,185.29458975402585,123.80917936154928,123.19018465838809,142.52757037743149,145.36285164407653,177.30068612941173,184.80891452218276,228.87276687196925,224.87693286115652,253.1422979262328,252.38883602229785,1.2458116016439362,0.4965706059510353,-0.30380766897880562,-0.80037827492984093,3.2481868237141498,0.14022752751105827,-3.1079592962030915,7.2934942637568838,-0.21552417283683667,-7.5090184365937205,-4.2141431056577119,-0.14791582450672536,4.0662272811509865,-0.80260308476718478,0.063774387690358481,0.86637747245754326,-0.51701769958370392,-1.2448205953751312,-3.3826349279955252,-2.961862042878721,-1.0133253810244298,-6.0417101471232399,-1.2369568266476563,-8.9520413356521829,3.3929794087684968,9.29799092236658,2.7675041976401928,5.6614437253628012,0.56335457734305328,0.56744097748739153,0.73941759630570181
1443,2020,129.32559156900041,43.975201154044406,4,4,22.288904189392088,-4.7083282470703125,231.09727303155523,220.48732590644431,10.609947125110921,220.0260220369928,11.071250994562433,270.68935494145444,133.66713087619428,509.79501191526651,193.83782350430604,135.23326705303964,137.54496176035281,160.66366742254939,161.54521410873173,194.6233205960454,195.74234109096179,226.25490258460621,229.34711505274842,249.57912478083446,253.56220654917018,-0.5210162430850005,0.81813248667074845,-1.5269084360427314,-2.3450409227134799,-1.5685330423429775,-2.4753390743895523,-0.90680603204657473,-1.7351296385724879,-2.8751357693091961,-1.1400061307367082,0.32453705579010261,-2.7313103785015755,-3.0558474342916782,1.6769805519116403,-2.2507122879424344,-3.9276928398540747,167.80035223508457,158.30703938079932,9.4933128542852501,157.89428750514526,9.9060647299393167,179.11282455849323,84.125261878476977,281.84218788030557,197.42375781942459,149.00462651115507,148.21237254452092,168.19115390907035,169.5898005150249,198.43472589459847,200.47549233146327,224.33371131954513,230.692378145525,246.37632106908882,253.05923267931411,-0.8696069301946352,-3.8727680747624902,-3.7431203675339759,0.12964770722851426,-2.4036710671681476,-3.9272084010038384,-1.5235373338356908,-2.2033973733373102,-3.9373807768708957,-1.7339834035335855,2.6108089930480674,-3.6924290514558322,-6.3032380445038996,3.1092638670761232,-3.4168339075334018,-6.526097774609525,63.296920766668336,62.180283314443841,1.1166374522244951,62.131735229718288,1.1651855369500481,91.576530368060048,49.541868964810419,227.95282401889563,187.14872767613022,126.07967523445357,125.70071165942868,143.56087554695435,143.28857209887025,176.67389970280158,182.05769048204652,231.01750963664679,225.54547496790966,257.08121309828147,254.77270247424624,-0.63367569109806254,0.0030909623062598257,-0.71417273218267496,-0.71726369448893479,0.71928576445728254,0.1456528464726432,-0.57363291798463933,5.1384696177508431,0.16282461841029772,-4.9756449993405454,-5.3803712131209522,0.24139910684840515,5.6217703199693574,-1.9971618822283119,0.80475169681466241,2.8019135790429743,-0.3485906871096347,-0.23593123909657265,-4.6909005614332386,-3.87585903706875,-0.83513802482517008,-3.1229568316254301,-0.46826773476482231,-7.3418669910881533,2.2862719372579647,7.9911802061690196,1.4322833151644829,5.1064257493044352,0.55285395363411449,0.66169142335586972,0.6293638632551769
1445,2020,129.82559385614132,43.975201154044406,4,4,22.288904189392088,-1.6363601684570312,124.65552886047954,114.87109103493276,9.7844378255467745,114.44568030785013,10.20984855262941,157.20832418995542,234.99736171116092,523.73960344493389,189.83173405294696,131.39011033479605,131.79280234355943,156.55689713745153,156.62405087849345,188.47909688429218,191.8093291805892,225.33389421423797,228.25098625808039,249.24453621086002,252.24956321036191,1.7290120516556442,-0.012641357519839858,-0.59277555574036001,-0.58013419822052015,-0.631991422459663,-0.80282210316582336,-0.17083068070616036,2.6330973370300796,-0.81353732001784351,-3.4466346570479232,2.1436785925785671,-0.83115201122348026,-2.9748306038020473,2.28893201243568,-0.67343025843308624,-2.9623622708687662,84.127725841455685,80.452277737211261,3.675448104244424,80.292476106656977,3.8352497347987082,96.228506535082488,169.19210549449053,294.94399394467473,192.74112364926262,142.35858974462263,139.57737768532451,161.30333379780382,162.41180181652885,192.30990408672881,195.30330261821021,224.0480845936078,229.72423851821907,248.28197425483876,252.3216397824626,1.9381533558353965,-3.0976119057069411,-1.0679945546613112,2.0296173510456299,-0.43710123731293038,-1.2375922779399104,-0.80049104062698007,1.9452577430712097,-1.1709267654399014,-3.1161845085111111,4.4088961570670904,-1.1016683976625359,-5.5105645547296263,3.1463906524270158,-0.98556724630816461,-4.1319578987351804,40.527803048826172,34.418812910291308,6.1089901385348639,34.153204290600115,6.3745987582260568,60.979817416454352,65.80525626137387,228.79560916125774,183.74101745466547,123.57160198378575,121.82704577049221,138.04508007438764,140.90494905614565,175.49497963680776,181.48053697264464,227.74003325524095,224.28096759625763,252.67000485581758,252.04125929990937,0.64681698245780694,-0.82542484660751825,-0.095048962770263756,0.73037588383725449,4.1527412498897434,0.10126433316193584,-4.0514769167278075,5.9057143502505198,-0.021231446958779543,-5.9269457972092994,-3.9461370338245274,0.13712541525936217,4.0832624490838896,-0.46960849890677991,0.18819204442814907,0.65780054333492899,0.2091413041797523,1.2913363733775896,-3.0849705481871013,-2.2721870590994229,0.19489018514673262,-4.5898424872026737,-0.68783959395886995,-3.9604566071793101,2.2652175644885233,8.3550331908916178,0.85745863999133576,3.6159991513337957,0.5631500692417758,0.61210821393152959,0.71997448934106456
1446,2020,130.0755949997118,43.975201154044406,4,4,22.288904189392088,-1.6842117309570312,135.63603669575241,131.52471012663955,4.1113265691128618,131.3459507735206,4.2900859222318104,170.94181807454879,223.14073302522593,533.62049040943384,186.99810489343216,129.86132717976923,131.84970560336538,153.14958496689147,155.54580663343941,186.17765021547061,190.22437500338469,222.7509177415547,226.82153908575759,245.23644707478871,249.98671607687075,3.2542976457737609,1.6059905155600234,-0.61751744973142308,-2.2235079652914465,1.7807939944455597,-0.86091185500168876,-2.6417058494472485,3.3358713124688961,-0.89527498259880645,-4.2311462950677026,3.208200390183805,-0.7950866292924843,-4.0032870194762893,4.0656672433194103,-0.67611491561808634,-4.7417821589374967,92.571843439192889,94.537006107737398,-1.9651626685445081,94.622448913905828,-2.0506054747129383,108.38270591275477,160.16179741031192,301.06721713428851,188.72422003951198,135.59334905445678,138.00804479807599,157.97517528483093,159.84754820058629,189.78091135970675,193.07216222055135,220.14474692250255,228.35694051447214,240.53730850908175,250.22942559611764,3.9960930197165396,1.9914148176824256,-1.0458420431382081,-3.0372568608206336,0.48387454023830401,-1.2126716692987713,-1.6965462095370754,2.095640769335148,-1.1322530209080242,-3.2278937902431721,6.934975056327545,-1.03490416106834,-7.969879217395885,8.5302229375350578,-0.88196820501721618,-9.412191142552274,43.064193286361842,36.987697242792819,6.0764960435690227,36.723501887848215,6.3406913985136271,62.559112131991697,62.978935792943957,232.55327322334051,183.30568866471756,123.63895915867379,122.63645489486568,139.75403138449036,143.27264450918079,175.66471975339499,182.74830981776276,226.71617274383186,222.70978494175725,251.30847957308907,249.32778147942679,1.0193017925947458,-0.20853003295779615,-0.22892445579580567,-0.020394422838009518,3.9038862779499652,0.32275097131278585,-3.5811353066371794,6.7423561598950812,-0.19516618821967313,-6.9375223481147543,-4.1677830448297755,-0.043832888423736449,4.123950156406039,-2.2124005482196765,-0.11820528890655169,2.0941952593131248,0.74179537394277872,2.9767912271217938,0.3854243021224022,2.1999448506402217,-1.2969194542072557,-3.4200117377116612,-1.2402305431337481,-4.6467153905599332,3.72677466614374,11.10275810115732,4.4645556942156475,10.742623485754734,0.56419725731162806,0.63403272021763801,0.71776136628629661
1447,2020,130.32559614328227,43.975201154044406,4,4,22.288904189392088,-1.2608642578125,125.18140184879303,116.73186850547791,8.4495333433151245,116.36449575424194,8.8169060945510864,159.8835883877473,245.38433413040184,556.84890706092119,190.65666689595236,132.64006427089745,133.8971772324619,155.92504934033053,157.01194656817597,189.27245537602599,191.8212924294522,225.42446647120076,228.01929596300189,249.16279674062989,251.71351234350507,1.4979608716493829,1.111726907776756,-0.30241630241113171,-1.4141432101878877,0.56023682764615046,-0.56393065883696636,-1.1241674864831168,1.9677734778824458,-0.57338518963132401,-2.5411586675137698,1.954684991016137,-0.62178698436540003,-2.576471975381537,2.0080510829798754,-0.48907303274958736,-2.4971241157294628,87.71796852350235,83.989062666893005,3.7289058566093445,83.826936006546021,3.8910325169563293,101.60940557483627,179.8672140649378,312.25678189005703,193.22561010193013,140.65675420119425,139.53752579901413,160.39312054851121,160.90682339753391,193.3130958174435,194.27232964728768,224.69291855904405,229.16520859777509,248.55959918061987,251.76591255859904,1.1261327282839488,-1.1110988493150842,-0.86769751721027433,0.24340133210480985,-0.6490304862109042,-0.89876981419598678,-0.24973932798508258,0.1345954890775829,-0.87852066293135067,-1.0131161520089336,3.5179941269649646,-0.80849305376582947,-4.3264871807307941,2.4290562372556224,-0.72882903387309739,-3.1578852711287198,37.463433384895325,32.74280458688736,4.7206287980079651,32.537559568881989,4.9258738160133362,58.274182805136661,65.517119973141234,244.59212493151426,184.81540473997137,124.48398449315938,124.88084875332346,143.99439339145343,145.92514277573937,177.6968752825635,185.09842119610454,226.85958541970814,225.10758406272154,251.38681985518298,251.54927910785838,2.2027894957442982,1.3677831447934636,0.11966272195702743,-1.2481204228364362,3.0226551197208096,0.34797324005097607,-2.6746818796698335,7.2562408390571136,-0.12735336265697583,-7.3835942017140894,-2.5302350835950733,-0.015581283308762295,2.514653800286311,0.24098403741200514,0.16325557721012274,-0.077728460201882399,-0.37182814336543402,-1.0766567674603493,-2.2228257570918402,-2.4788819941085478,-1.2092673138570547,-3.6716856059317138,-1.8331779888048629,-7.1216453499795307,1.5633091359488276,6.0482292105600379,0.42100515427574692,2.1880721998436172,0.56075674735210546,0.63552117261976049,0.73300202599467079
1448,2020,130.57559728685271,43.975201154044406,4,4,22.288904189392088,-2.090911865234375,117.81868379017396,114.50983352258845,3.3088502675855125,114.36596936561546,3.4527144245585077,153.80786663958861,220.29336944106763,518.50549364089966,188.42230540996309,129.78842869980471,132.29782937655457,153.52305839193369,156.61279101060256,187.89230777094261,191.55830942465496,224.4699800626384,227.26928480756754,248.22003231660295,250.93767344497951,2.5513115037715295,1.9460719460567475,-0.73631369039176775,-2.6823856364485152,2.0942244492280793,-1.0072405489358403,-3.1014649981639195,2.7067316188148141,-1.052889426390152,-3.7596210452049661,1.663101900826689,-0.94152576178223057,-2.6046276626089195,1.9458569949195521,-0.73388862247679754,-2.6797456173963496,84.897150175203933,80.679653099243296,4.2174970759606367,80.496284351676877,4.4008658235270559,98.162211379180007,163.87270847916989,291.31372806150466,191.31110044239387,137.44188547894618,138.42390242258949,159.47733332514932,160.90512756820405,191.54092724686095,194.43136440373087,223.41439031391664,228.76669458516989,246.15300152984983,251.291387462008,2.251936378610111,0.54876601134319003,-1.2058552125367612,-1.7546212238799512,-0.21983645963331355,-1.3608304047473041,-1.1409939451139905,1.690590188549578,-1.3877304920307552,-3.0783206805803331,3.6469339199051376,-1.2207314881811726,-4.8676654080863102,3.7714880705513849,-0.95956947981065355,-4.7310575503620385,32.921533614970031,33.8301795617881,-0.90864594681806921,33.869685507032045,-0.94815189206201467,55.645655379617892,56.420661021502383,227.19176594913006,181.66768723935454,121.04221354215596,123.47722964909607,133.55168458007691,144.61897666445125,175.08412394480618,184.24459076605291,226.75424419616348,223.16308763590013,251.4933053161574,250.20941790045839,3.6961081588666502,2.9753727886062649,-0.6117308514573665,-3.5871036400636314,12.026183027710942,0.12847827988991867,-11.897704747821024,8.0649928329783904,-0.43963223615065772,-8.5046250691290481,-4.4545924037103646,-0.25796158405967162,4.196630819650693,-2.3407988457547617,-0.40343041259998813,1.9373684331547736,-0.29937512516141851,-1.4441717802565393,-1.3973059347135575,-2.4266067772630748,-2.3140609088613928,-12.246019487344256,-1.0161414302652361,-6.3744026444288124,1.9838320190784486,8.1015263236155022,1.8256310756318328,6.1122869163061466,0.56183344561293935,0.63821320406971971,0.74388398023486013
1458,2020,84.075384582746636,43.725200010473941,1,10,22.381216950042724,10.636360168457031,84.772370773847797,60.200814906347659,24.571555867500138,59.132486543268897,25.6398842305789,89.012717036476261,168.73306598124327,295.78425443358719,184.1872805338447,131.22231976314464,137.16859843967572,155.02169986752676,158.10332590011768,185.79735411914214,183.13056714453649,214.28500729472344,209.41848920801775,234.58724932526792,230.08065382267472,5.7353979704573135,12.330830417667414,5.4122606467593073,-6.9185697709081069,10.862601300125931,7.6874515922246758,-3.1751497079012552,4.9875786985313937,7.6892258849335064,2.7016471864021128,1.9671663741202963,6.830956965095794,4.8637905909754977,0.44866730068835636,5.1477458109465601,4.6990785102582038,33.01091024109337,17.584758445482294,15.426151795611077,16.914055876652128,16.096854364441242,33.01091024109337,108.60614741169593,145.93133340287022,190.61120428383254,154.03551465465949,153.46520240678976,169.47554701687088,167.95025708172651,190.34910174785517,186.79917739427225,213.0999177870419,206.93557566359834,230.17408868543234,223.26895449339543,6.7049537390510352,10.627489892802515,10.437018375122221,-0.1904715176802938,8.8865945272584668,10.365701282966484,1.4791067557080169,6.5217505614499203,10.103471164337805,3.5817206028878843,3.5520982703566517,9.7235350537104068,6.1714367833537551,1.7163980060759627,9.1117330030984363,7.3953349970224735,51.761460473149782,42.616057361254207,9.1454031118955754,42.218430626115151,9.5430298470346315,56.001806735778246,60.126918385314639,149.85292094014585,176.35341180865291,119.68744572636625,125.24444919414688,137.2371627114664,143.30110285072104,170.93484810913716,173.29606767279427,217.2044414083737,215.03044847462903,238.64161122968525,238.23207023342752,4.3988609802892142,9.0930734975905665,3.1684348247067931,-5.9246386728837734,11.18417156456465,4.9843972536664864,-6.1997743108981638,5.177885065445281,2.4107001851571681,-2.7671848802881129,-2.1612397773368741,0.32863416219797159,2.4898739395348457,0.22291686248166798,1.0488185439041899,0.82590168142252196,0.96955576859372172,2.306092758761821,-1.703340524864899,1.5344163952119487,-1.9760067728674642,-2.2975770373061835,1.5341718629185266,1.3438654960046392,1.5849318962363554,5.7133380476935258,1.2677307053876063,1.4934811435942947,0.49337086479576742,0.37085611292559384,0.64365657543239818
1460,2020,86.075393731310342,43.725200010473941,1,10,22.381216950042724,10.708328247070312,104.60938176512718,98.647350251674652,5.9620315134525299,98.388131856918335,6.221249908208847,114.02613845494307,124.07272270321846,294.48646345175803,183.24967777649033,131.31355498676442,133.59044231567447,150.29241735154076,152.92436387399263,183.09564001099497,181.1511033625471,215.54886129232963,209.8784395021795,237.35286484423739,233.47308424436343,3.854597527939859,6.2093945739731851,3.9312748140761755,-2.2781197598970095,8.4649726736488446,5.7960301851153417,-2.6689424885335029,3.9742679857958478,6.0843282351828805,2.1100602493870326,0.1091301536440028,5.7567470737449185,5.6476169201009156,-0.57137013686667615,3.3376435780709244,3.9090137149376005,17.368485040962696,26.761284546344541,-9.3927995053818449,27.169667148962617,-9.8011821079999208,17.368485040962696,52.660548508167267,76.699601027416065,199.25040135247929,163.23389021356576,149.3455300684513,179.40852682731239,165.65548284086185,199.87089350659079,185.95529647151892,220.91528286804629,205.96832767176437,237.6734628620446,224.68124010347137,-3.5003087065472869,-3.0532581560038068,10.182320164806953,13.23557832081076,-3.3131603304131261,10.07908412962837,13.392244460041496,-4.5871785979572337,9.8187056836613635,14.405884281618597,-5.8278665599583235,9.3127067762944193,15.140573336252743,-5.9313850853528152,7.3514129078610893,13.282797993213904,87.240896642208099,71.88606521487236,15.354831427335739,71.218464940786362,16.022431701421738,96.657653332023983,71.412174165248871,217.78686210699379,176.58271544731238,124.78431709052248,127.68983595953337,143.79145921109568,143.97617773817444,168.53796805453391,174.26009919573841,211.28948381634254,213.93014422289724,237.1330803505455,237.60624510701655,5.1367986863123178,5.8962385051140416,2.8508985704938397,-3.0453399346202019,4.437349832314851,3.990603901276927,-0.44674593103792404,8.5864554051699713,2.8169722220442566,-5.7694831831257147,4.8171743568313445,2.1344165868044627,-2.6827577700268819,2.5463292568197744,1.9787192992045846,-0.56760995761518984,-7.3549062344871459,-8.6371073928596047,-9.2626527299769918,-8.9494966611178484,-11.778133004061971,-7.7505101627279771,-8.5614465837530815,-13.173634003127205,-5.9369967136023263,-10.645040916789668,-5.360014948486139,-8.4777143421725896,0.26045204295096841,0.15232020724639184,0.42443292418214373
1461,2020,86.3253948748808,43.725200010473941,1,10,22.381216950042724,12.409088134765625,105.09370976878563,103.91004608196818,1.1836636868174537,103.85858073419513,1.2351290345904999,110.04316537760678,124.11813637855812,305.66685553640127,182.43994201257675,126.71984885111846,128.90794675871675,148.30508551889369,148.85672992066696,181.87682954277687,178.18688445833615,215.96338878446008,209.63973231613713,239.02019258528989,235.34046313569107,2.6564690224542176,5.9757219811519917,3.7458164723810796,-2.2299055087709121,6.1263932513440409,5.5327431213863179,-0.59365012995772304,2.4729612433553427,6.2639478523223033,3.7909866089669606,-0.48195039622879676,5.8573685582053372,6.339318954434134,-0.11707681217370691,3.6249349045133954,3.7420117166871023,14.22237589827273,29.152311663990986,-14.929935765718255,29.801439718830807,-15.579063820558076,14.22237589827273,45.595950388620622,66.986944589414634,199.21246972524858,162.83754499521106,144.80182510393226,178.13999994059299,159.86077786042276,199.19810275522511,181.83537850517573,220.48530211726907,205.28974979749131,239.19986829096902,227.73003659152943,-4.9034860266770863,-5.9195312537872269,11.565900789958818,17.485432043746044,-6.1942691734309676,11.577492575562758,17.771761748993725,-5.8573832175745792,11.138531493233216,16.995914710807796,-4.9210036568861142,10.200058363639982,15.121062020526097,-3.8620570878772753,8.2515582118886641,12.113615299765939,90.87133368983632,74.75773204869256,16.113601641143759,74.057140344812069,16.81419334502425,95.820789298657473,78.522185708847246,238.67991038411856,176.68516729149769,122.38294423238212,123.56593633102922,141.35084349118796,139.67109727629582,168.41168211933305,174.13081281878186,213.58791897701678,213.35511038906287,238.93675825784189,239.24840885538683,2.7466472452933601,3.867929021532504,2.6174604733228222,-1.2504685482096818,1.6178945060657099,3.3371501402237129,1.719255634158003,6.8332895028041776,1.431522018472549,-5.4017674843316286,1.5167235738077807,2.1487567439041584,0.63203317009637772,1.3418744159548055,1.5716206666117785,0.22974625065697296,-7.5599550491313039,-7.6501332719704465,-11.895253234939219,-9.7874602753197308,-12.320662424775009,-7.8121636794966776,-8.330344460929922,-12.690672720378757,-4.4390532606573174,-6.4377272306938949,-3.7449802757035684,-5.2039315038320808,0.21915017404115406,0.12924360953694367,0.36735928945592433
1466,2020,89.325408597726351,43.725200010473941,1,10,22.381216950042724,24.428573608398438,173.41611211023337,175.88139561279968,-2.465283502566308,175.98858218597525,-2.5724700757418759,163.62400080766929,191.09337759755545,419.12817744817585,178.21772273277773,117.64022149663259,116.49555030077809,146.66926879853821,136.86437309525843,180.56035741707669,166.50726961465327,210.9278449021237,196.95060484962306,233.52386710491908,222.84136797971945,0.87019365956504657,4.9055436715088376,5.9468992606192614,1.0413555891104238,2.1299230341537339,11.93912762402843,9.809204589874696,-0.15508876433932528,14.071972580215657,14.227061344554983,-0.24495976964354327,13.655284522879327,13.900244292522871,-0.98576808813751882,9.6595428020055749,10.645310890143094,82.170110464223399,69.634334203146864,12.535776261076535,69.08930141334713,13.080809050876269,82.170110464223399,145.65077122957337,251.0363803699147,190.76181021949353,150.45574240125035,130.89426866879185,165.19993235847863,146.42275367832687,188.5371283164549,169.9947780924461,217.70000195639537,194.94816912227574,235.65714353106483,217.15686409975868,1.9078164396270552,4.1166801205592378,23.471172107114825,19.354491986555587,4.3421299136752225,22.991806107451708,18.649676193776486,3.4325591927906487,21.955941233378212,18.523382040587563,-2.4858376142950647,20.21772384207577,22.703561456370835,-2.5688530990583445,16.257690092169611,18.826543191227955,91.246001664636424,106.247061003829,-15.00105933919258,106.89928086384862,-15.653279199212193,81.453890362072343,45.442606218970468,168.09179698955268,155.69696641384672,105.38675270115887,105.77134519580045,116.3384289340694,116.66016780295587,133.79421250921396,150.88032192109611,200.81056835150358,203.06916966106738,225.0115035095844,232.10582043028057,1.7453873975074146,4.1153013072002125,3.2765086988887333,-0.83879260831147917,6.037911608648443,5.8576904615200931,-0.18022114712834991,11.003832449840786,-6.2495665233566342,-17.25339897319742,-10.070672675734642,-8.7657416838540883,1.3049309918805534,0.62166396424731829,-1.550388171945599,-2.1720521361929173,1.0376227800620086,0.1624290421196406,-0.78886355094959981,0.0013788133590253437,2.2122068795214886,-1.6957816949732205,3.587647957129974,-7.5712732570501373,-2.2408778446515214,7.584835061439577,-1.5830850109208257,-3.1905170633056628,0.59894894659272746,0.50218861572031659,0.76219685402345727
1468,2020,90.325413172008211,43.725200010473941,1,10,22.381216950042724,-28.142860412597656,28.089234894883703,47.058382441809954,-18.969147546926251,47.883127755820169,-19.793892860936467,82.561536695781797,107.44530663162732,313.00433626864105,178.17604214522802,128.15196014138891,125.30357042688655,145.11788034462731,146.46184799318422,181.76811476843483,180.09712452327196,210.39954505207439,208.32462020647384,225.56526101883762,224.79168709232019,-6.526035732360242,-7.14017387210923,-4.6567763559407922,2.4833975161684378,-3.0735908188244423,-4.4464256027980298,-1.3728347839735875,-9.2032234190296265,-7.1878371964882319,2.0153862225413945,-9.2178102001294349,-6.9892179126226495,2.2285922875067854,-4.7689967716312083,-3.9525292810124313,0.81646749061877699,23.396153277109988,33.428349222478573,-10.032195945368585,33.864531627405086,-10.468378350295097,42.944174991660844,56.346017514664709,138.23868461628444,181.60050486568036,138.71912549752417,163.94873997340355,153.91834313275695,179.490857908111,180.21318992568223,197.34599379497232,218.88018703300443,216.25115580634019,228.60409515161754,228.08289509416096,-1.9847399514744382,0.15197049565659881,-25.118384655757694,-25.270355151414293,1.6632819049092404,-23.207867943397503,-24.871149848306743,-0.56043675954637706,-17.157175454443006,-16.596738694896629,-14.721885260322921,-11.610181639742081,3.1117036205808404,-8.3995573035934683,-7.1165610036225644,1.2829962999709039,4.6930816214990045,13.630033019229813,-8.9369513977308088,14.018596098612761,-9.3255144771137566,39.617361761064785,51.099289288325963,174.76565186772496,174.42793683077116,127.06438188063353,117.94933327493628,132.27659150113621,130.6575335452859,190.56512848114266,152.06907692630773,209.30847805396974,192.31421411492829,215.56187614862145,219.25537714320225,-12.878791671451552,-13.324430732873367,-5.0824225509204126,8.2420081819529543,-6.0430017267590586,-5.9648616071421827,0.078140119616875836,-33.976441272016899,4.9546950056317485,38.931136277648648,-14.701646306864831,3.9096850312597837,18.611331338124614,2.447793999526084,1.4181578305160087,-1.0296361690100753,4.5412957808858039,10.894051719977114,7.2921443677658289,13.476401228529966,4.7368727237336827,7.706283631668299,8.6427866594832494,33.416004512470522,-5.504075060193486,-0.020238953458090236,-3.63056053196226,-10.847351303119552,0.44165102076298024,0.52014747678327711,0.52441581006274351
1474,2020,114.82552524191357,43.725200010473941,3,10,22.381216950042724,3.736846923828125,117.48931556594471,105.49042122448373,11.998894341460982,104.96873038875856,12.520585177186149,135.12575896629642,99.179166143519979,361.12490677809183,200.3367652020784,150.21622565084431,151.08673804279923,171.40740578135643,173.2637697361377,201.57508845924147,199.77674214587245,227.13710384569526,226.5670591223772,248.83927663417933,250.02750897954672,0.93672398702381088,1.5889600754844082,-0.13794963234650481,-1.726909707830913,2.9986076093032636,1.150237257997361,-1.8483703513059027,-0.15061189091176175,1.6202971941309272,1.770909085042689,0.55138879934784768,1.4925525688482253,0.94116376950037761,1.0700984304687324,0.61184990048744226,-0.45824852998129018,50.322506107525442,47.390727298436104,2.9317788090893373,47.263258907336422,3.0592472001890201,55.897555412456313,42.449598500094453,126.27108292421326,201.25465120285989,154.17358102105447,150.40947228373881,172.33758993624659,174.61798238481464,204.76693801893686,200.07045372126166,229.29509932293851,223.22223398542141,248.86461811563399,243.06455911458247,-0.19342966274126638,-1.4827952215642313,1.1428653867251057,2.625660608289337,4.6259244739039787,1.5593146475823687,-3.0666098263216099,-2.0458828952660895,2.461085933672706,4.5069688289387955,-3.5333161291796102,2.5431326048388883,6.0764487340184985,-4.267959974842654,1.8341701034066489,6.1021300782493029,67.166809616057435,58.099693891541392,9.067115724516043,57.705471915907765,9.4613377001496701,79.228203830687562,56.729567457456142,234.85382385527555,199.67279816399972,148.38732112058503,151.83589911655139,170.41495850468934,172.441541695463,197.59918347071417,199.47727816211537,226.76530630578912,229.51541790549044,248.82299337377273,254.70040350033472,1.7685757903062154,4.8936496986470956,-1.4297518673643026,-6.3234015660113982,2.2658779566443172,0.88205789340452156,-1.3838200632397957,2.8717536761859037,0.81562366228337169,-2.056130013902532,3.5691562007075959,0.58290571407309244,-2.9862504866345034,2.4340005484027927,-0.62185983741878204,-3.0558603858215747,-1.1301536497650773,-1.9620054530474818,-3.0717552970486395,-6.3764449202113269,1.627316864600715,2.3600465172596614,-1.8952710043543277,-4.9176365714519932,-4.0847049285274579,-7.1024723298872061,-5.3380584053113864,-6.7019605232454467,0.34966040988639358,0.41367061202889149,0.42800922966690985
1477,2020,115.57552867262496,43.725200010473941,3,10,22.381216950042724,-36.18182373046875,53.537676651372749,51.108841792483872,2.4288348588888766,51.00323988674063,2.5344367646321189,148.22606126045139,108.58851781661724,390.2861834783107,198.7449018571962,148.66123508296437,152.7820460966789,168.23855873587067,177.10777849353974,199.96236069436972,212.57230892212576,226.12893545971099,239.69011234244252,248.71390884665215,255.59389664027918,-1.0572491523257952,-0.46450903884638706,-4.7903005617745009,-4.3257915229281139,1.8104270471964696,-6.7379123846748143,-8.548339431871284,-2.3247055810840607,-14.669902126463171,-12.34519654537911,-1.4511721373933995,-14.816313454471981,-13.365141317078582,-2.3072963935789801,-8.687556404068431,-6.3802600104894509,16.689797175222338,27.676544815272791,-10.986747640050453,28.15422989084982,-11.464432715627481,56.180396028619725,46.191004958971462,139.28859573649243,200.0781284349996,150.76842138684023,162.79009670397002,165.8989780538358,188.37116273742757,205.18118685111756,220.73127496427264,231.70141064858259,244.23607037387382,251.90044747265384,257.18703614747517,-1.8217208274197674,0.27236447795849017,-13.080705801083042,-13.353070279041532,5.5025176050757523,-16.579261534307676,-22.081779139383428,-5.7181454204978763,-20.904320448859266,-15.18617502836139,-7.2457869283048808,-19.600175196711803,-12.354388268406922,-8.7457828790021495,-12.860058576433374,-4.1142756974312249,36.847879622833716,23.432296131908515,13.415583490925201,22.849010234309389,13.998869388524326,92.045665151737921,62.397513089079439,250.99758801423013,197.86118363726018,148.05809066407909,147.01742725534024,171.42105010995544,167.68837818228798,195.91415114805238,205.98378598039642,225.47447231102439,235.16407233412284,247.53917622365668,252.71910313539871,-1.2675815400300792,1.4286388605839022,-0.45415422954863516,-1.8827930901325374,-3.4546426753036883,1.2997869916633249,4.7544296669670132,-1.5984466886021949,-10.141939637144418,-8.5434929485422231,-0.53826014854351456,-9.9485970428849271,-9.4103368943414125,-1.0426389913942558,-3.0522316924180473,-2.0095927010237915,-0.76447167509397218,-0.55413928738968821,0.73687351680487723,-1.156274382625412,3.6920905578792826,8.9571602803794406,-3.3934398394138157,-4.1196987318956815,-5.7946147909114814,-6.7075267797613662,-6.4384864854231694,-7.7031438876078937,0.35688835944722364,0.37901834232715576,0.42537651206344101
1478,2020,115.82552981619543,43.725200010473941,3,10,22.381216950042724,-31.666671752929688,58.064040078401376,53.856015589264643,4.2080244891367329,53.673057567983051,4.3909825104183255,148.78163626929199,110.66306133699436,401.64239678438753,199.75565459589816,150.36814868131691,156.16911420381297,171.04660668553703,180.321760733058,200.02118766577075,213.41322015663093,226.35707824301693,240.51818944792041,249.95623393735713,256.78533556117497,0.4469346356305266,1.2080798807351414,-4.45806380477282,-5.6661436855079614,1.5559768509772027,-7.3347656903046357,-8.8907425412818384,-0.44291883290409828,-13.530764192144517,-13.087845359240418,0.53687585712785335,-13.570021888952851,-14.106897746080705,-0.85289299713022615,-7.4950611547085657,-6.6421681575783396,18.416467061522781,28.264965173322707,-9.8484981117999268,28.693160663847266,-10.276693602324485,62.044405166894649,44.030073005449594,142.49644601531327,198.59488105674518,154.19014045206342,166.10107957735323,163.39239588383597,189.12634276774847,202.3477594265384,220.23978580737628,230.08943590278011,245.35402820711229,252.47951848047714,258.74038055300554,1.5574954269636692,-0.91672871198926487,-14.07111917481862,-13.154390462829355,10.68774768011383,-14.766983138274639,-25.45473081838847,-1.7745583713642077,-18.681166538324248,-16.906608166960041,-4.3192319253537619,-19.09651122906169,-14.777279303707928,-6.7913744012592758,-12.402551577526822,-5.611177176267546,39.647573074620595,25.591050045068187,14.056523029552409,24.979896937249578,14.667676137371018,86.737231145238184,66.632988491732249,259.14595099817961,200.5584731476591,148.37502115810699,151.11627765254232,176.69702087304054,171.17150853325606,198.09538989453554,207.36643455595649,225.95037246264479,235.62023273675709,248.51794234717323,254.38202507688703,-0.87969986359775021,3.0860004885042258,0.12741562133405182,-2.958584867170174,-5.0626979197786852,0.85395646641543976,5.916654386194125,-1.0459572502025196,-9.0955461463038034,-8.0495888961012838,1.6460883235350536,-7.9820688457911046,-9.6281571693261583,1.9075287451333622,-1.8932675677149575,-3.8007963128483198,1.1105607913331426,2.4371952905614194,-2.1248085927244063,-4.0027292004934907,9.1317708291366273,15.750445599892515,-1.3316395384601094,-0.72860112116168807,-4.8561077824816152,-5.9653202488888155,-5.9384814041290497,-8.6989031463926381,0.35478437325382561,0.41701655340444993,0.39787506755635416
1479,2020,116.07553095976587,43.725200010473941,3,10,22.381216950042724,-14.166671752929688,98.697591675618241,99.001977238567633,-0.3043855629493919,99.015211095455015,-0.31761941983677389,159.61987553224935,96.55722239948409,407.12595654837787,199.78343305687949,151.34789834576509,156.0224283111956,171.65183036543758,178.94643949848171,198.19622486001867,207.242092287448,226.30922087302747,234.13947257373121,250.65632524427926,253.63634258955713,2.2242931708163098,3.4141354632378409,-1.3502857819799488,-4.7644212452177896,3.1825038140381139,-3.9362613137194273,-7.1187651277575412,2.942035318481544,-5.979519996808591,-8.921555315290135,2.2557060440495604,-5.7253613220687782,-7.9810673661183387,-0.029343607515755821,-2.9392017283840346,-2.9098581208682788,31.665141136621514,46.518994233132617,-14.853853096511102,47.164814098729039,-15.499672962107525,57.864548720185212,32.825818624111434,129.47594545129687,198.06012201009463,158.23722776037002,159.860457534267,166.98412456379279,182.21555473201374,199.40869176172413,211.40328013867236,228.31883568667513,236.26178579444846,251.52848296998471,254.12323795007572,3.5054065236666361,-3.2358186632994261,-5.422817296032548,-2.1869986327331219,7.9133745223529672,-6.5937863906531504,-14.507160913006118,2.4657175431299549,-8.4701395604846823,-10.935857103614637,-0.99075454919523054,-8.3026560134118483,-7.3119014642166178,-4.0999171063117501,-6.1609732154645656,-2.0610561091528155,67.032450774931931,52.482982349783924,14.549468425148007,51.850397394089669,15.182053380842262,101.75532686546012,63.731403685655096,277.65001101233065,200.72784540250791,148.57190933621902,152.22256062744705,176.44506603086569,175.61026773221568,198.04201242666588,202.89801699318937,226.28637520514687,230.59456281843345,249.94458266659694,253.13677355613081,1.0341240853457521,7.4781766802767038,2.7132113024534306,-4.7649653778232732,-1.3574139829512148,-1.1843501187104835,0.17306386424073139,1.0538270044603735,-3.163195110345896,-4.2170221148062694,2.5542600945050253,-1.7285183386450456,-4.2827784331500709,1.7133577852071085,0.22035981097286594,-1.4929979742342425,1.2811133528503262,2.471282438320884,-6.649954126537267,-10.71399534357613,4.7308707083148533,9.2707885053041821,-0.47631777535158903,1.4118905386695815,-3.246460593244791,-3.5450146437002559,-4.0705734987959943,-5.8132748915188586,0.31802429535320359,0.36251468388405272,0.33996233330223491
1480,2020,116.32553210333634,43.725200010473941,3,10,22.381216950042724,-8.7083282470703125,108.14348417610017,115.87009688312901,-7.7266127070288348,116.20603557220238,-8.0625513961022079,152.51467751656946,90.078945969551569,379.52915246039629,199.41552319554728,149.49909336048509,152.99371365371235,169.91036243151453,176.08310904234457,198.11870116104109,204.37199818696982,226.4489651149249,231.93545107081721,253.34141040465161,253.17612442646407,1.6741884589872598,2.4455225827400682,-1.1964974436193359,-3.642020026359404,3.1533115154399525,-2.8477956431568998,-6.0011071585968523,2.0991020026032743,-3.8854480092690551,-5.9845500118723294,2.252318760768901,-3.3336766617154581,-5.5859954224843591,-1.8721347103854669,-1.6221327911188723,0.25000191926659454,39.410272188905878,60.06564061363315,-20.655368424727271,60.963700706743111,-21.553428517837233,58.214174682394628,26.671954162373709,111.2503440004657,193.52542480514697,154.17788195047964,158.09040894850966,162.16934830715203,180.94301469384783,184.48107309082312,207.99484597356278,217.11391848780195,232.89451991984112,252.45755958360593,252.71720347683637,7.2537940020074245,-0.35348608124888869,-4.5025615178981582,-4.1490754366492695,12.489697673929641,-5.240153376658867,-17.729851050588508,16.261784950984065,-5.8919809879066349,-22.1537659388907,10.281835484449942,-5.541781308049309,-15.823616792499251,-4.8479465682827936,-4.1107275249076167,0.73721904337517685,68.733211706847214,55.804455062503621,12.928756644343594,55.242335282691784,13.490876424155431,94.300502479321949,63.406991841326089,268.27880816161633,202.5858713084678,148.22160655430085,147.87499030655218,176.92204829122667,171.43514861900459,199.47729861572734,199.5826635840005,228.49706069511473,230.93605563778075,253.6460716709704,253.64916294132118,-2.3027279478262983,3.6068213742862554,2.2123113987463512,-1.3945099755399042,-6.6759224571099196,-0.17367924501886023,6.5022432120910594,-2.7864997847057964,-0.81530453584477414,1.9711952488610223,1.5913628045957751,-1.1382317377021138,-2.7295945422978889,-0.68265317635189149,0.73890649123143248,1.421559667583324,5.5796055430201648,9.5565219498337228,-2.7990086639889569,-3.9603074555351441,9.3363861584896881,19.16562013103956,14.162682948380791,19.048284735689862,8.0295167236810414,8.6904726798541674,-2.9758118578973267,-4.1652933919309021,0.29312726908922926,0.38169555632486674,0.29609531811561546
1481,2020,116.57553324690682,43.725200010473941,3,10,22.381216950042724,23.699996948242188,147.89182895421982,167.60852438211441,-19.716695427894592,168.4657729268074,-20.573943972587585,137.16415806163513,99.658317510940833,365.15524187418976,198.167812271271,147.42814547623385,141.95103488010199,166.01955285986691,158.86734927939955,199.21182239091345,185.25284391672264,226.73767375765817,214.65442424592439,250.8877414725834,240.50652923979831,-1.7809415386154512,-1.1094731390446384,4.1865639587961994,5.2960370978408378,1.2309070542275435,8.6111540400335684,7.3802469858060249,-2.9804600238863372,11.186219403805325,14.166679427691662,-1.9887911728086465,10.133119396472608,12.121910569281255,-3.8850470947132294,6.4539047370588207,10.33895183177205,60.453736855397437,82.356817126274109,-21.903080270876671,83.309124678373337,-22.855387822975899,54.697336367540629,27.774108734687616,102.87720360919411,188.74797014805634,144.08890109069009,140.49388647737214,159.48223082690566,158.4834561586712,190.31801748344191,182.97977459921819,216.47972050642488,209.06491475131557,235.75520120399852,231.96191175488133,7.3733143574143014,4.5183818863031888,8.0984846483057424,3.5801027620025536,8.885883134753243,9.8610527551904852,0.9751696204372422,5.4445167403036692,14.427150880664641,8.9826341403609717,6.3275515640092408,14.53923407341631,8.2116825094070691,8.4086396672605019,13.078516218053807,4.6698765507933047,87.438092350959778,85.251708507537842,2.186383843421936,85.156648188829422,2.2814441621303558,82.466821946231903,71.88420862537896,262.27803863413044,203.20093697196279,147.55523554481772,143.20581892657626,176.19537548618376,159.10436474603102,202.53606699712014,187.18354123629138,235.18023205303615,221.35659137398079,255.53091545487351,247.30182820495975,-7.3116914531359782,-2.5045774501681137,0.21440359554782162,2.7189810457159354,-10.115744553088405,7.5620962884387382,17.677840841527143,-7.4966380850780467,8.2128621176905767,15.709500202768623,-9.8324655471646452,4.6290079836570328,14.461473530821678,-7.9773792136553539,1.7109065289868397,9.6882857426421936,9.1542558960297526,14.68500581055028,5.6278550253478272,7.0229593364713025,7.6549760805256994,19.001627687841648,8.4249767641900064,12.941154825381716,8.3163427368178873,16.160017111173886,12.293686761973731,16.386018880915856,0.28173552454339224,0.39877280727347308,0.27869333366618876
1482,2020,116.82553439047726,43.725200010473941,3,10,22.381216950042724,12.76190185546875,157.39422265828034,172.6439209707496,-15.249698312469263,173.30695001300774,-15.912727354727394,160.31409866023387,114.67292887092481,397.54040294601077,198.97620040785674,146.35689888294007,139.66692563399945,171.37429446946555,161.75644492496431,200.84171888873553,189.70778959346148,226.01486824965102,218.45916480446542,251.09165700015365,244.23184369169749,-2.3338350228370075,-2.2665282612015574,4.2344576323390584,6.5009858935406157,-4.4122928640509826,5.3368507837109291,9.7491436477619118,-3.6226575030102879,7.5292237187049409,11.151881221715229,-0.50419087850184496,7.025799757580387,7.529990636082232,-2.9867354722461812,3.9715174135815801,6.9582528858277612,93.681665991434784,100.32816039517456,-6.64649440373978,100.61713681284346,-6.9354708214086713,95.937255187111077,56.873969772035707,163.56223314069211,196.99730460544947,155.93940676962984,140.5525739708402,173.28382334741895,163.50924288773516,199.3240751662986,188.69704928250536,218.48039492018759,213.15030275072661,236.50406646254183,234.11687364857215,0.89164886526896225,-5.6803883115255474,8.40509668312896,14.085484994654507,-1.1413577842700704,9.2781166854623507,10.419474469732421,-0.58701142174595589,10.50943895766676,11.096450379412715,5.144149750175302,10.547746133215497,5.4035963830401954,6.5603718720550148,9.2940803044283768,2.733708432373362,63.712556733900783,72.315761717997702,-8.6032049840969194,72.689813021350346,-8.9772562874495634,64.376843540178015,57.798959199006276,233.97817004187459,201.4513017256412,142.28360840091847,138.4312110763004,161.54970956903335,159.22510128888177,203.08364113785393,191.82704894570074,243.23542498737893,229.53725245128564,259.7921836985293,254.6303751091526,-6.9479896725293884,-2.9695633116006377,-1.2574854384114076,1.7120778731892301,-0.78941779957830249,0.81493588706615583,1.6043536866444583,-10.39424373987066,1.3953281201389416,11.789571860009602,-13.909546271733575,-0.66963602814649903,13.239910243587076,-8.3740954455236931,-0.6091411862006737,7.7649542593230194,3.2254838881059698,7.8396385377983506,-3.41386005032399,-2.7108249999249097,3.2709350797809122,-0.3519399846917679,3.035646081264332,9.8072323181247043,5.6483406286771469,19.053696021908877,9.547107344301196,14.934467317578708,0.41143549669064755,0.59843305104710942,0.49596683656744062
1483,2020,117.07553553404773,43.725200010473941,3,10,22.381216950042724,7.9565277099609375,150.43526603152714,147.9428933098061,2.4923727217210399,147.83453059930616,2.6007354322209721,162.33185658139337,151.6874803878527,464.09821886755526,196.57171768410191,150.04558466181697,144.52126869110003,169.14176784511321,164.70011552525324,198.22315733584861,191.74934099705968,223.05482085359711,218.81448092193853,241.22521798991417,240.5933301200271,-0.89553315655132337,-3.1286648338438852,2.3839806005614435,5.5126454344053286,-1.0239000330249723,3.238059937131311,4.2619599701562834,-2.0823901988729574,4.2452073309225682,6.3275975297955256,-0.16403843894303805,4.0752743619895,4.239312800932538,1.7988433666773176,2.6843717435004351,0.88552837682311747,106.00672515933547,102.47368143186395,3.5330437274715223,102.3200699801273,3.6866551792081736,113.31103813654136,109.00275689097907,241.11407041864004,196.74500887371542,156.75023564656499,146.56831280197466,172.42366750807383,166.8199691461769,198.8560454961308,191.37921523612022,219.80626524240364,215.01251571887127,236.16093205188861,234.0897749372744,0.2608849417298984,-4.7857545613237278,4.8036911029398368,9.5894456642635646,0.5702619813113472,5.736045512589925,5.1657835312785778,-1.156769494686813,6.2237291456432899,7.3804986403301029,1.8926925611225158,6.2053805932922614,4.3126880321697456,2.6918882429455664,5.3629443130118375,2.6710560700662711,44.428540874054306,45.469212685195998,-1.0406718111416922,45.514460017950114,-1.0859191438958078,49.020818434404646,42.684723459620727,222.98414832167327,196.15162286123203,143.91866473775633,140.87987321555585,154.13755410822196,159.53238720349893,193.58799741409712,192.82666592150812,231.74464188894723,230.28431569530616,254.29782692952361,250.79489963651756,-2.9196955172225501,-1.5843216995749287,-1.2285240494865945,0.35579765008833419,4.482376273837076,-1.3897685060772744,-5.8721447799143505,-3.1121441213647358,-2.6990064678261376,0.41313765353859822,-3.7565946553896197,-2.3142850275146145,1.4423096278750052,-5.7591420330192022,-0.72556609077091139,5.0335759422482909,1.1564180982812218,3.1805804589524485,-1.6570897274798426,-3.201432861748799,1.5941620143363195,-3.9121142925257288,0.92562070418614439,1.9553746266779228,2.0567310000655539,5.6492872165121355,0.8930448762682488,8.4510302759647686,0.51953241925164417,0.6980209585647601,0.71860087999528888
1484,2020,117.3255366776182,43.725200010473941,3,10,22.381216950042724,5.3478240966796875,151.9921708635884,153.35704779183288,-1.3648769282444846,153.41639187798864,-1.4242210144002456,167.60139051315491,162.97806696609769,462.26663435250521,194.41454504095671,145.44994570338821,141.12461966813154,164.80144028438286,162.75831315420245,194.8026031050795,191.36575439293409,222.41970188974958,220.06389965686449,244.75341263299242,244.45892807086938,-0.020838135146277637,-2.5731791792679246,1.6061861018780519,4.1793652811459765,0.21829566377314791,2.3449756065748488,2.1266799428017009,-0.36940250470803448,3.0040705757800197,3.3734730804880542,0.38929862314620323,2.6628987856748552,2.2736001625286519,1.2279872335872142,1.6354762069356923,0.40748897334847811,102.19971602893929,109.91511604225525,-7.715400013315957,110.2505675535358,-8.05085152459651,110.31160866855134,104.02429415634833,232.22899344097823,192.57712112363515,150.90165470099686,145.59998995203858,167.90633441119536,166.28323491306699,193.86097498613051,191.71263872136504,216.49904738617519,216.63669042905073,235.58558928653846,238.08571188682052,3.0046487088319509,-2.1120000683052638,3.3760448919503574,5.4880449602556212,1.8051144544378985,3.9441427167052154,2.1390282622673169,1.9672455219450171,4.2347038078015373,2.2674582858565202,4.6609922057058668,4.1642363774940065,-0.49675582821186026,5.5480990681760716,3.6632490348395379,-1.8848500333365337,49.792454616719624,43.441932375426404,6.3505222412932198,43.165823112924045,6.6266315037955792,57.289781544717698,58.953772820925224,230.03764070570469,197.80248281044271,141.3009214599648,133.28809600070113,160.13697106908805,153.31712736329584,198.36428909058105,189.73134859023418,236.69227195173204,232.16792197163522,257.98744206095557,255.29278794922215,-6.3270345193101036,-5.3157604157791525,0.18710143800450396,5.5028618537836564,-6.5838753618886585,-1.7933634687890674,4.7905118930995911,-10.642558505636259,-1.7855851478672662,8.8569733577689931,-7.8912714590279336,-2.316621589919265,5.5746498691086686,-6.1302189723307094,-0.74736583700376968,5.3828531353269398,3.0254868439782285,9.3316832281420545,0.46117911096266084,3.2037603474738887,1.5868187906647506,8.388989816326557,2.3366480266530516,12.609804027581276,4.2716935825596636,12.5522636647338,4.3201118345888574,11.678318040506781,0.50237022571672374,0.65817836195036261,0.63827173860141084
1485,2020,117.57553782118866,43.725200010473941,3,10,22.381216950042724,2.8333282470703125,146.66869181394577,140.6351426243782,6.0335491895675659,140.37281507253647,6.2958767414093018,167.74982663236187,158.17843550627731,458.35406444314867,193.93853036814994,145.17636471726763,142.45988197020915,164.06041154471697,164.38163867603163,193.78384558096181,193.05970766773345,222.14565905663576,221.689368134674,244.21054125087386,245.44496943292901,0.8678356419660247,-1.7464844393080625,0.82587200297078311,2.5723564422788456,1.3741439295883424,1.2591283652955951,-0.11501556429274729,0.91621562308267812,1.6138615701397896,0.69764594705711147,1.0130151272293233,1.3592627489551035,0.34624762172578016,2.0712485909734255,0.92870674944899179,-1.1425418415244337,100.86739785224199,101.19577676057816,-0.32837890833616257,101.21005582809448,-0.34265797585248947,113.50887498624706,105.95816043027662,236.55074173398316,192.87722155537386,151.01846772311421,148.02976433235739,167.73448588637166,168.52914431516845,193.69985612428798,193.73386221016602,217.29169226216979,218.50904490058156,236.62329983952677,239.35941830129144,2.9876626529282362,-1.0906793023656576,1.9919507569534858,3.0826300593191434,2.5734723377130706,2.1997741415289056,-0.373698196184165,2.3959878911314547,2.2536855672258582,-0.1423023239055965,3.7119289268019315,2.2269078986607269,-1.4850210281412046,4.086373665925521,1.9285556240334074,-2.1578180418921136,45.801293909549713,39.439365841448307,6.3619280681014061,39.162759944796562,6.6385339647531509,54.240951713170034,52.220274913019239,221.80332274828106,196.12639063505227,138.68197246604848,133.81007039336177,153.33276364202982,153.05360949384706,194.06211426257488,190.36552652426022,236.68414979694572,232.38924994733802,258.49275606330809,255.44004487846681,-3.6011026188124902,-2.4796083946094143,0.21075053735725646,2.6903589319666708,1.0518821420471909,-0.86845151138936671,-1.9203336534365576,-5.0600993620923305,-1.0951183536771509,3.9649810084151795,-6.349366134949662,-0.97795886182572644,5.3714072731239355,-6.090777702748909,-0.26346502874534394,5.827312674003565,2.1198270109622115,6.5887652717407263,0.65580513694240494,1.3889290922437567,1.1993284081247282,1.5215901956658797,1.4797722680487766,7.4560872532237852,2.6989137995726082,10.061295061751593,2.0151250749520955,10.17715136867443,0.51608736582573367,0.67665569178209339,0.66986476437916009
1486,2020,117.82553896475912,43.725200010473941,3,10,22.381216950042724,1.6999969482421875,138.30415600829656,132.8239692470961,5.4801867612004571,132.58570031863928,5.7184556896572758,160.23047041729296,169.39807068572554,475.924805033952,195.07641460862857,143.87547351192009,141.76158772317839,164.48564796233794,164.75675730054681,194.53140907615659,194.31857769494133,224.33418823805624,224.22482763631223,248.02141842555073,247.59618458351096,0.28225971193941746,-1.5850441254669931,0.31724463370926514,1.9022887591762583,0.83616583338729811,0.68022495275729966,-0.15594088062999845,0.76274600362273759,0.89529574031951142,0.13254973669677383,0.73225910060014598,0.8874545882124778,0.15519548761233182,-0.001171378028232084,0.54638321561108683,0.54755459363931891,90.397625079021964,91.597917553779553,-1.2002924747575889,91.650105155838901,-1.2524800768169371,104.17810072769225,113.20634827200684,235.81264136824757,194.41265502624432,150.229362622016,149.84838152039404,168.7062187197026,170.82946752662966,195.04614631302485,196.87155555822386,219.14022201931766,222.96826063306725,239.18066018594561,243.34172485581348,3.7846455162301993,0.88238566133088625,1.2267613365369812,0.34437567520609491,3.698583124212206,1.3762516094666069,-2.3223315147455992,3.1791425938002362,1.3691531092931939,-1.8099894845070423,5.4453208510134061,1.2868192574675277,-4.1585015935458784,5.0757892628108721,1.1999508669575505,-3.8758383958533216,47.906531182594335,41.226051821467081,6.6804793611272544,40.935595755866416,6.9709354267279195,56.05236994292045,56.191722076859151,240.11216374114156,196.36192532336491,140.00171240005639,131.76915460962394,153.00320749888076,148.99939460530675,193.14180211913541,185.51222344551135,240.38467647977566,228.25474380641862,259.95979434474947,255.97080120628166,-6.6238286194226532,-5.2709689757474507,0.18849950730947285,5.4594684830569236,-1.4691019745908989,-0.49016944322079326,0.97893253137010561,-8.2347743257170123,-0.7616627055061258,7.4731116202108865,-13.542337349334673,-0.85729942103787948,12.685037928296794,-7.5549497501754956,-0.68593687191309982,6.8690128782623958,3.5023858042907818,10.408474135652853,2.4674297867978794,6.153354637078337,2.8624172908249079,5.1676850988031049,2.4163965901774986,11.413916919517249,4.7130617504132601,18.987658200348079,5.0769606408391041,12.630739012986368,0.49548298150045977,0.65017658911178466,0.66828593627864885
1487,2020,118.07554010832959,43.725200010473941,3,10,22.381216950042724,7.1666717529296875,187.96442517638206,169.28600719571114,18.678417980670929,168.47390440106392,19.490520775318146,201.73031764521875,110.33478010293038,476.4058364443481,200.97182312451341,151.74093390605105,151.58700690510972,169.63944066889562,171.38833889076287,200.0513142659776,198.84533782378952,228.38457750139884,227.638408489212,253.19996536711557,251.52872025627175,1.7892908162185961,0.94074185009040434,0.81387711947206753,-0.12686473061833681,4.3232234058294807,2.3994122287589903,-1.9238111770704904,2.1941008883511017,3.3394764627043969,1.1453755743532952,2.417482785535924,3.1985643514107096,0.78108156587478561,0.27275753333921671,1.9771497384882366,1.7043922051490199,120.48397326469421,103.83734172582626,16.64663153886795,103.11357526481152,17.370397999882698,124.96490394822649,52.870432306081057,199.88077414035797,198.6886434328589,158.58361484672466,154.32986186985659,174.79654387196689,174.36984678818993,198.19587138609626,198.79131608959054,220.3182353679268,223.02715761322668,238.59963417185023,243.05304185987271,4.8569849775465741,-0.56464608927316817,2.2137648216422576,2.7784109109154258,4.931868136264427,4.1669705017382626,-0.76489763452616444,5.7557114872981003,5.1865563893338731,-0.56915509796422725,8.0951578078051227,5.1724570376776171,-2.9227007701275056,8.0821060719576678,4.4551007228728565,-3.6270053490848113,67.480451464653015,65.448665618896484,2.0317858457565308,65.360327489674091,2.1201239749789238,76.765413160550452,57.46434799428971,276.52506187558174,203.99671164752891,146.46980208810407,148.44074976152103,161.72294870615895,166.56364516145467,204.30129430628244,198.95333702192909,246.43588942036007,238.22204458634553,263.65997662160686,260.62201169134812,-1.9597570403342957,3.706312431005415,-0.37313916230013433,-4.0794515933055493,6.0386646456072413,0.07098990570125352,-5.9676747399059877,-4.9725335585146979,-0.19954727492023494,4.772986283594463,-11.305446830882346,-1.6242508039529184,9.6811960269294275,-5.0128859883197947,-0.1090848653939247,4.90380112292587,3.067694161327978,6.8167420178808698,-1.5053879393635725,-4.2709585202785831,0.60864473043494627,-1.1067965093428143,3.5616105989469986,10.728245045812798,5.6776750222691987,19.400604638687469,7.8093485386184511,13.094992060277463,0.41955987699933917,0.61946516223704717,0.47918192483601885
1488,2020,118.32554125190005,43.725200010473941,3,10,22.381216950042724,9.0416717529296875,166.94764903187752,151.3169858455658,15.630663186311722,150.63739061355591,16.310258418321609,173.71995652869373,111.65833842176653,429.64334627683274,202.66722405616267,152.96075307061471,152.05370935092847,172.91186940418146,171.59783200081301,202.64612461936068,199.57252076684193,230.07363947713901,228.15092048111535,253.62326214125574,251.30248777824607,1.6131714181703103,1.5465880758623314,1.7317319264695072,0.18514385060717586,2.7166889504179323,3.8787365223976451,1.1620475719797128,1.6772275166313761,4.7094518779164503,3.0322243612850741,2.6323333707912013,4.5764593869402859,1.9441260161490845,0.5058333845988443,2.8096642895663138,2.3038309049674695,76.153098091483116,64.115846782922745,12.037251308560371,63.592487946152687,12.560610145330429,78.776348297796176,40.968830627854913,133.5729433207598,202.21958432069721,167.1930797596294,156.89115110112365,181.79659719219569,177.75230075907473,201.70420722368209,203.55375187337552,221.36150875058547,226.36522123625187,239.02589920364858,245.56144778493174,5.6424342128560454,-6.9883079312408256,2.7040575489942285,9.6923654802350541,3.1892251287853242,5.8952695653830745,2.7060444365977503,9.0193825755264072,6.6234492284314683,-2.3959333470949389,11.572422173720696,7.0019478052709303,-4.5704743684497657,10.82034479058845,5.7550111589256971,-5.0653336316627531,90.794551059603691,87.201139286160469,3.593411773443222,87.044903084635735,3.7496479749679565,94.943608335205681,70.689507582967053,296.07040276925545,202.99084705362239,147.67640227050146,149.4792545086172,164.03159470583876,167.08368729847788,203.56716016716607,195.25418618519862,240.35353848799318,231.18345361935542,260.4224186907341,255.55746073838424,-1.891456895333306,5.0580357788438732,0.45737373612271881,-4.6006620427211544,5.0820898832411388,2.4998614901746521,-2.5822283930664867,-5.7402470841657873,2.879554381911646,8.6198014660774334,-8.8938267830307041,0.72336056646258839,9.6171873494932925,-5.9979785420464111,1.1106670443480198,7.1086455863944309,4.0292627946857351,7.5338911081893514,-8.534896007103157,-12.046343710084699,0.47253617836739181,-1.8928647544558146,7.3421550588950311,14.759629659692195,8.9400888029294947,20.4662489567514,10.314511405989606,16.818323332634861,0.31089261471931312,0.4534674649471519,0.36691241520273693
1489,2020,118.57554239547051,43.725200010473941,3,10,22.381216950042724,14.541671752929688,154.45603508515342,154.85145361251853,-0.39541852736510918,154.86864590640107,-0.4126108212476538,155.03580959454075,106.26405154078748,393.24632751307217,203.18615931281755,151.65331117109108,149.87744153524554,172.81346507728585,168.770500133132,204.30410450276224,196.12964614237114,230.59150141272181,224.84112359602662,253.56701898974254,248.74763044078026,0.27714559194745902,0.18015548718221908,1.9321591470209682,1.7520036598387492,1.5765289776800273,5.4986990275581036,3.9221700498780763,-0.57276006626770481,7.6298034924495823,8.2025635587172872,1.6104981004459944,7.5030853281897407,5.8925872277437463,0.61388505955795836,5.3689774330712225,4.7550923735132642,59.49824175883623,64.572585278468978,-5.0743435196327482,64.79320946110056,-5.29496770226433,60.010608423424401,35.406349583598058,111.78808624757221,204.26898906031641,159.88779636150804,155.01157657320371,191.14051062163469,175.42333283421732,205.68566529951156,200.27445625046909,222.0058322835115,222.62733972032339,238.7415708958529,242.52116318307884,3.3148145068496717,-0.013467757446136375,4.1811809846206813,4.1946487420668177,-6.2358913982361344,9.2098092733305066,15.445700671566641,4.0300119461435884,11.171081884932818,7.1410699387892294,11.00607949009239,11.355863315634792,0.34978382554240284,10.632607549977337,9.541043187385128,-1.0915643625922087,94.957793385921832,90.278866635317172,4.6789267506046599,90.075435879056386,4.8823575068654463,95.025201230720995,70.857702216097096,281.45824166270904,202.56330840242583,147.81549836538224,147.41090348602219,164.08787568804811,163.71852189263242,203.24372174071596,191.02505878907701,237.59525300684268,228.40168758099639,258.87636622166258,254.24487218039738,-3.5588016065284194,1.7851215718756634,0.10276154259534565,-1.6823600292803178,3.1648763713693597,3.6525198530446517,0.48764348167529192,-7.6432303713620229,4.4879434765847179,12.131173847946741,-8.6769477925375895,1.5800500579237848,10.256997850461374,-5.4203056484161891,1.77810595584927,7.1984116042654591,3.0376689149022127,6.8736161133780911,-0.19362324462835545,-1.7985893293217998,-7.8124203759161617,-9.4007677696054941,4.6027720124112932,11.673242317505611,9.3955813896463951,19.683027282629979,10.018722490419378,16.052913198393526,0.28426987978382628,0.38707578965380873,0.33319216677907287
1490,2020,118.82554353904098,43.725200010473941,3,10,22.381216950042724,8.86956787109375,162.40157078200718,153.81885861832416,8.582712163683027,153.44569735736513,8.9558734246420499,169.86876149441377,108.35358950013688,420.39987982437015,201.18503573293253,149.70924842249147,151.74602054305126,166.325013430702,171.81005399148174,203.63485513990591,199.56447933397985,229.07499405097553,227.67030821978074,252.18639937172821,250.29679297000624,2.9517690644696586,4.3275008081965325,1.8780851024864944,-2.4494157057100381,9.1394535398524397,3.9240447765529325,-5.2154087632995072,0.78643272979178391,5.0051105155725963,4.2186777857808124,3.3863862603745076,4.885865060517375,1.4994788001428674,1.3160681422854452,3.2154048228924808,1.8993366806070355,59.38291039091564,70.250633047004158,-10.867722656088517,70.72314197382002,-11.34023158290438,61.807274881059129,48.700399490473501,127.04507318383548,210.34927189298685,171.47387217992005,160.47261511227097,196.53169867148785,182.52990892193884,209.78253350083872,204.9576101089705,227.20885303288833,226.89246011373316,242.65445280310064,244.90315753184436,-1.5409021409937225,-7.860614534091269,1.3679662111220807,9.2285807452133497,-10.068929457898946,5.5227156332492484,15.591645091148195,1.19024998343221,6.9604535977189528,5.7702036142867428,5.9127836910918177,7.0598805785371042,1.1470968874452865,6.4665668632549966,6.0771351134537213,-0.38943174980127537,103.0186606779389,83.568226501672143,19.450434176266754,82.722554698091699,20.296105979847198,108.061487015686,59.653190043190989,293.35480669420213,195.14669453088132,146.67785727749745,147.09159374849514,160.00305435735393,163.10013940448246,184.13760309268244,191.03353021631918,232.15425537593242,229.34870912840597,257.56562053394265,255.51754582634044,3.5714983145265649,4.4530232950557433,1.9363752399863472,-2.5166480550693962,7.4781092983862436,3.5259634483083175,-3.9521458500779261,9.0562981009757664,2.8543179860532177,-6.2019801149225486,-2.8451058301647549,0.76826152242122703,3.613367352585982,-4.1034723289455712,0.86793006686116314,4.9714023958067344,-4.4926712054633811,-5.1124004555202873,-12.188115342287801,-12.313637829147012,-19.208382997751386,-17.54703875628519,0.40381725364042609,-7.8660481175435564,2.52639743071731,8.7578895212565726,5.1504987209695514,10.570039192200568,0.30220054591098106,0.36385309657474424,0.44945810946495668
1491,2020,119.07554468261144,43.725200010473941,3,10,22.381216950042724,14.833328247070312,164.08163644736123,162.29452302207937,1.7871134252818592,162.21682310957112,1.8648133377901104,165.21578117196623,116.1269734150992,419.18969463557005,200.75039570205072,149.73199411212499,147.05636318044793,166.15112480461028,166.36321197456385,203.66069847159361,194.07483409364204,228.7874297581798,223.17986262241416,251.89013329189783,246.77109917986996,0.43842438225928504,0.20035211753821613,2.4130821548802714,2.2127300373420553,5.2756418120311253,5.2295575235756075,-0.046084288455517708,-2.1348534726146511,7.4113054281485518,9.5461589007632028,1.7200894973801155,7.4462211524327699,5.7261316550526544,-0.050058689857763738,4.9636284306342588,5.0136871204920226,60.620630954766966,60.611868360674634,0.0087625940923317103,60.61148790817424,0.0091430465927260229,60.800814623470615,55.437804516458186,135.0599724350177,209.96331003885803,167.38283019983982,154.23203336407559,195.52720083618419,175.70433573857244,210.27510334251133,199.01281313880745,228.31656834377176,221.49537038640921,248.88256480533903,240.36092895170421,-2.9492876725282429,-8.3643931587115787,2.5973441341266437,10.961737292838222,-11.780670374254441,8.9872433180732401,20.767913692327681,-0.89764590441748737,11.185455989908746,12.083101894326234,4.130359972502049,11.705634769706137,7.5752747972040879,0.12829349467639872,9.9097484039691039,9.7814549092927052,103.46100562910578,101.68265564488138,1.7783499842244055,101.60533520139688,1.8556704277089011,104.41496669990829,60.68916920007905,284.12972287088633,194.26420789792274,146.62215894509112,144.48593002253651,160.1628423113869,160.62146577269039,184.86286751996215,188.61551609020481,229.31565895480756,225.53980820090746,253.92653754287736,251.24478976907218,2.425577793729957,0.85277781423226884,1.9775785312728829,1.124800717040614,5.2375853721801775,4.45339765084276,-0.78418772133741754,7.7946415469557735,4.7166073307512875,-3.078034216204486,-2.5978743767010428,2.2801811566232857,4.8780555333243285,-2.7042149182828155,1.6956431874400835,4.3998581057228989,-3.3877120547875279,-5.3748654662581998,-8.5647452762497949,-9.2171709729438476,-17.056312186285567,-17.018255746434619,1.2372075681971637,-8.6922874513732609,2.4102704751219335,6.7282343492030918,0.17835218453416246,2.8325084129592142,0.32219296934872044,0.36800851705676696,0.47738955805120453
1492,2020,119.32554582618189,43.725200010473941,3,10,22.381216950042724,8.375,150.80403691530228,143.2392373085022,7.5647996068000793,142.9103330373764,7.8937038779258728,170.46257193386555,108.43591266870499,422.17744420841336,203.93506587212883,154.01494462491138,157.59742518486837,172.67712296749303,176.26481832018277,205.82905933657042,202.70190599353776,230.40937047721422,229.81364875987893,252.6184059162446,251.52321012102948,3.0182200314224872,5.173717917938518,1.7534097867304013,-3.4203081312081167,6.5458105226577743,2.9465209508885835,-3.5992895717691908,0.94870310350023601,3.9643582845942262,3.0156551810939902,3.5599526353425972,4.17586028796552,0.6159076526229228,1.7371449110763422,2.7331145266335284,0.99596961555718622,74.354098133742809,65.366598755121231,8.9874993786215782,64.975837677717209,9.3782604560256004,75.804786685854197,65.742548482492566,166.43444578396156,214.72325760950929,184.47107885223306,164.90471836706837,198.23634770200843,184.94871749512927,215.17093478670165,207.69248483073409,231.5946827520232,228.77795150851119,249.04722169003776,246.92872879960765,-3.6155628993599009,-17.960731906470386,1.4988625218687446,19.45959442833913,-9.786603883997401,4.9015193355014048,14.688123219498806,-2.2387356634874607,6.0463873337735947,8.2851229972610554,2.9848184907440896,6.3623065181716072,3.3774880274275176,2.0674666916169997,5.3004939011784415,3.2330272095614419,76.449938774108887,77.87263860553503,-1.4226998314261436,77.934494785964489,-1.4845560118556023,94.657785180956125,42.693364188075066,255.74299854598939,192.81728639737952,148.30210377407215,154.43869499904463,159.36378391731765,168.9673819491278,178.15891099115464,195.19519277940893,229.64129114758322,231.68216481586887,257.23578520372843,255.62921287121944,9.5161243572205478,9.2554248989528389,1.0776928310600624,-8.1777320678927765,12.011527032641169,2.0473672822928393,-9.9641597503483297,19.033675369445604,2.1189618323415687,-16.914713537104035,1.9258889550477818,0.57357153378956127,-1.3523174212582205,-2.9516710736658638,0.86325416826988999,3.8149252419357538,-6.6337829307823881,-13.131687256580449,-23.134449824408904,-27.216156805423225,-16.332414406655175,-21.79813091663857,-3.1874387669876967,-21.272411032933064,-0.57513414459850765,1.0589295356963078,0.33032178054065753,5.0191377652828635,0.39422865448443772,0.44470047486590908,0.6062802153318908
1493,2020,119.57554696975237,43.725200010473941,3,10,22.381216950042724,15.958328247070312,138.68449186829093,151.86375345299166,-13.179261584700726,152.43676616172888,-13.752274293437949,138.76567422841435,84.651132700802918,387.27989106625319,205.65760844830953,159.60856366268385,161.39803490403085,173.99412120803055,176.51103352175551,205.31392750975721,200.50705738351201,234.25228823294384,227.48396584988697,253.92834750593403,248.68772756180198,2.7154129483770646,5.1983849438126981,2.906566532981401,-2.2918184108312971,7.8028157641597033,5.4901144928204815,-2.3127012713392219,2.0565246644397916,6.7912738894118547,4.7347492249720631,0.35818268857696012,7.1066479159352127,6.7484652273582526,-0.26929652406732885,5.0425086663399838,5.3118051904073127,50.75241306357384,62.631944848049898,-11.879531784476058,63.148446605049685,-12.396033541475845,50.792111105549338,17.825018029244802,107.620556862792,203.07225957708377,159.35262404759803,166.54474961787156,190.46039425481536,182.73236072017835,202.76516383882685,204.11467346613514,219.30768029018199,226.14877434553776,239.94873782129761,243.84691831295817,10.802192872400838,12.364661104890274,5.4178917758798377,-6.9467693290104364,3.0099209099211919,9.3583057474658631,6.3483848375446712,12.479509201494693,11.368101244114484,-1.1114079573802087,17.702770861544252,11.338903043134451,-6.3638678184098012,11.600405894936927,9.9846308595003279,-1.6157750354365987,87.93207825709942,89.231809253143183,-1.2997309960437633,89.288319795097777,-1.3562415379983577,87.973562575247342,66.826114867213619,279.65933363884687,206.80360073479633,159.80905089108285,158.74287335340188,172.67364125458275,171.18898753338007,212.27079286634157,195.65065371216434,239.47268097790123,229.53926990233597,256.07728885208917,252.98051282437115,-3.502149084606117,2.3881047478097059,2.9449446191195534,0.55683987130984747,2.518187125655345,4.0315202338804283,1.5133331082250834,-13.004669364021169,2.4990567285460941,15.503726092567263,-9.6182785161085178,0.84856502606268691,10.466843542171205,-5.3221496458833997,0.67153049950815102,5.9936801453915507,8.086779924023773,14.304341957006955,7.166276161077576,9.9765563570805682,-4.7928948542385115,0.49173378426584691,10.422984537054901,25.484178565515862,17.344588172967292,27.32104937765277,11.869702419004255,16.922555540820326,0.27788831629365701,0.36602792000234374,0.21057034277670961
1494,2020,119.82554811332282,43.725200010473941,3,10,22.381216950042724,-1.0833282470703125,148.31300845742226,151.4955498278141,-3.1825413703918457,151.63392087817192,-3.3209124207496643,192.99264747396592,129.29864004111732,459.68488926440477,204.19130671754019,151.53790245001036,156.30589630285624,172.10882849541397,178.07069917086679,204.339699329295,206.23100969724041,234.76988540267422,234.31780907466177,256.64804529733783,254.7325775492948,1.397898333461427,4.5229012318019954,-0.4249500768090968,-4.9478513086110922,5.4081558268686081,-0.56886316825691097,-5.977018995125519,1.1359463189628798,-0.7108323019795364,-1.8467786209424162,-1.2475250636190083,-0.6449922530738661,0.60253281054514218,-2.4628212473076019,-0.48425320430607144,1.9785680430015304,93.183140367269516,81.577991828322411,11.605148538947105,81.073421895503998,12.109718471765518,97.572356237188615,92.90554205348235,225.80092932400294,216.18698937661662,179.45281571375875,163.26212877440827,194.90029851537713,190.53208706666939,215.37333686306334,213.48570116516862,239.69231285911545,236.17880027719983,259.20744993306761,253.09853317904771,-5.5996082600782415,-16.081270532088837,-0.10948979157001304,15.971780740518824,-5.7682062089861574,-0.7033466042216503,5.0648596047645071,-2.8680439254414694,-0.84167056606381152,2.0263733593776578,-4.729184138315361,-0.85049785992532634,3.8786862783900347,-7.5373993553812113,-0.74523091684494602,6.7921684385362653,55.129868119955063,69.917556494474411,-14.787688374519348,70.560499109327793,-15.43063098937273,95.420291447877389,36.393098077041941,233.88395991176367,186.85685806032271,145.38019430329419,151.97532690106004,153.37059587810148,167.24814181775037,172.41810283107563,192.95972953837756,223.52132839460597,229.63830685078568,253.71982939050866,257.4293868422771,11.628914075474739,7.3974457610271145,-0.46405204811330236,-7.8614978091404168,13.803815772273623,-0.64869843891040091,-14.452514211184024,18.467905238584819,-0.44653667611081005,-18.91444191469563,6.4220199455150464,-0.16751391498701196,-6.5895338605020584,1.8822758627510723,0.32146771234579319,-1.5608081504052791,-6.9975065935396685,-17.228522335552981,-20.604171763890832,-23.478716293115951,-11.176362035854766,-19.57202198125978,-4.0039902444043491,-21.335949164026289,-3.4816590746963527,-11.151204083830407,-5.0745781080736094,-9.4196752181322836,0.49120807448192011,0.50557551033311154,0.71853456481783673
1495,2020,120.07554925689328,43.725200010473941,3,10,22.381216950042724,16.458328247070312,171.27974462509155,160.14704203605652,11.132702589035034,159.66301274299622,11.616731882095337,169.14457759461948,108.30114867064549,439.89491938054562,204.10248003924093,154.84450802240562,157.22667548259543,173.94663496789835,173.4388635505762,203.34300701544251,198.09869211622618,232.17730102987639,226.01875326590766,253.83137271391232,247.28469429190645,2.4133702207993224,6.2541636007652812,3.7833606191470608,-2.4708029816182204,5.3394069776194613,5.7376049850163611,0.39819800739689981,2.2282673478976847,7.541684651936265,5.3134173040385804,1.4334338327957141,7.6667420065909369,6.2333081737952227,-0.94030262317420465,5.7821706708647582,6.7224732940389629,72.49699077103287,68.877831608057022,3.6191591629758477,68.720475822687149,3.7765149483457208,72.49699077103287,32.882435382001859,153.27258239244111,205.16091375880501,169.00779438968337,162.50656417129176,189.08397419033142,179.88967263446142,200.14905224707647,202.48914213920517,219.90066862842505,226.2540048040305,250.35250723736797,244.05049116274836,6.7701529634651934,-2.7257991174652716,3.6127139786128168,6.3385130960780884,0.68141151753175677,8.8368999122767207,8.1554883947449639,13.742515288316469,10.497220987546655,-3.2452943007698138,16.249006199094623,10.999646920805958,-5.2493592782886651,2.2715755382567409,9.7896677905364129,7.518092252279672,98.782754004001617,91.269211769104004,7.5135422348976135,90.942535430192947,7.84021857380867,96.647586973529542,75.418713045568438,286.62233706563711,203.45425811071459,153.32333529649404,153.86916665964267,164.31970030432336,167.43243459360906,211.12638121454503,193.03409060454592,235.77220763164027,225.6537278473015,255.41428839986111,250.4521007683897,-1.9942567866793013,5.3455652191360059,4.3022975382637298,-1.0432676808722761,8.671025296055916,5.4815642994328755,-3.1894609966230405,-12.237313073757804,4.2610421264596994,16.498355200217503,-6.8376041324843868,3.3104336098363376,10.148037742320724,-4.7723352458642978,1.4595107953817603,6.2318460412460581,4.356782742665871,8.7644097501444946,-8.9799627182305528,-8.0713643366012775,-4.6579954600877045,-7.9896137785241592,11.514247940418784,25.979828362074272,14.815572366298909,23.08661033157901,3.2118781614309455,7.0439107841210387,0.34842999007189623,0.428609606066018,0.30362037508947021
1496,2020,120.32555040046375,43.725200010473941,3,10,22.381216950042724,5.9583282470703125,155.24663461629461,150.72841163656631,4.5182229797283071,150.53196629016747,4.7146683261271392,189.1618533036617,132.36978713590361,481.71579433977604,206.50742245000927,154.69357698328824,159.5218562298941,174.98376907701123,177.63520248161319,207.58861100010319,204.02423663807272,235.30643698898729,231.30820179983255,256.93013885710252,251.98717605267461,0.78563104847052045,6.5432522620014311,1.6993254446761057,-4.8439268173253254,4.7507684420227463,2.1122305224582476,-2.6385379195644987,-0.84315647112765646,2.8931900233828571,3.7363464945105136,-1.2733114028171997,2.9242139394689559,4.1975253422861556,-2.8934794939528956,2.1824728692453732,5.0759523631982688,85.654537673524828,66.530137827585349,19.124399845939479,65.698641840679556,19.955895832845272,88.582392128181652,90.796190329885576,217.10820300737396,218.64834607414554,183.46070822388796,167.8413387859392,197.4779989962926,189.00903784194196,217.9873571267695,211.66391401100748,242.06304250767155,232.99980049518436,261.08816255865685,249.98839651017315,-4.8324465159257102,-13.539519378584203,2.3307939945424607,15.870313373126663,-5.4553564626550042,3.4978229540001564,8.9531794166551606,-1.8220461194839288,4.4314206154152203,6.2534667348991491,-4.9110476535874454,4.4206994422322055,9.3317470958196509,-8.1254997500883235,3.8358291112573397,11.961328861345663,69.592097136484881,84.198272135082334,-14.606174998597453,84.833324151464694,-15.241227014979813,100.57946117501433,41.573596806018031,264.60759097337723,191.18716346456401,149.31615107435775,156.2230425560802,160.14460915067176,169.6936373944273,178.11080796047739,193.06567939071607,224.50844113241087,227.76674806462054,251.28917236101768,254.40386838632367,9.3120291763941054,7.8411991985034319,0.36584815086305866,-7.4753510476403733,11.799133115072266,1.2974581089096944,-10.501675006162571,15.694594843882896,1.9407220513803622,-13.753872792502534,3.9847864123316867,0.80699360804104003,-3.1777928042906467,1.8808928535438838,0.22128784309285265,-1.6596050104510311,-5.6180775643962306,-14.144475692319816,-20.082771640585634,-21.380718577087634,-10.20612490467775,-17.25448957772727,-0.97888964835627235,-17.516640963366825,-3.6377362507702458,-8.8958340659191322,-5.2320202561354279,-10.006392603632207,0.45069770507511669,0.46828887844517075,0.68592835490976078
1498,2020,120.82555268760467,43.725200010473941,3,10,22.381216950042724,8.409088134765625,171.3358468413353,155.84913182258606,15.486715018749237,155.17579627037048,16.160050570964813,190.15761137858135,139.63449518214475,480.36171688325703,200.04477111488393,148.64928229407479,152.08850799180655,166.0976802281825,171.57412355884108,199.2970153525726,199.2389937648731,229.72414991860308,227.80283885038634,252.44689621660399,249.10677429505699,3.2247015824337097,5.8253938388008635,1.6496177713334816,-4.1757760674673818,9.3732382439513913,3.7572894769027414,-5.6159487670486499,3.8827566622044856,4.1219420939478368,0.23918543174335127,1.9103200567169552,4.1708435149212164,2.2605234582042613,-0.73789956635388876,2.9168332590022032,3.654732825356092,76.252138420939445,72.478947967290878,3.7731904536485672,72.314896523952484,3.9372418969869614,78.528110540493799,79.079172358251526,205.52263512369245,212.65956041463363,170.14918597476188,158.8719942335421,193.13168114785978,181.44800030396945,208.61855020889169,206.84160594582465,236.40150043813154,230.73809765436965,256.13453237761667,248.99730034956443,-3.7186212850271545,-9.7777516582722512,0.10071309023749109,9.8784647485097423,-7.5646704711436712,4.3270482868348665,11.891718757978538,2.3942033832404945,5.5457096494713483,3.1515062662308537,-1.4492216513714595,5.4014097439239208,6.8506313952953803,-4.1722790118476496,4.5375726120705622,8.7098516239182118,95.083708226680756,83.370183289051056,11.7135249376297,82.86089950799942,12.222808718681335,111.62950083622491,60.555322734486253,274.83908187039196,188.49797720548409,144.13161235609701,147.91088244387782,154.47643239682955,162.30263333061816,179.30808566768405,186.93828139522284,221.8213673542524,221.09012532527422,248.73338710434379,249.30906860206406,6.8764315582225777,8.024760183862611,2.2648995511983401,-5.759860632664271,11.2633857762047,3.5659178189338547,-7.6974679572708453,11.41612011946799,3.7348383894744757,-7.6812817299935148,1.37284329418992,2.0859417961939641,0.71309850200404412,0.91752588133113022,0.58131762256545016,-0.33620825876568006,-6.9433228674608642,-10.595052843249732,-15.603145497073115,-17.802511842134862,-16.937908715095062,-18.828056247348371,-1.488553278963991,-9.0219167362274959,-3.3595417080884147,-2.8220649455613795,-3.4343794454937608,-5.0898048931787798,0.4278497388534418,0.41296327804703858,0.56632977585586952
1499,2020,121.07555383117514,43.725200010473941,3,10,22.381216950042724,-2.6666717529296875,183.69740229845047,170.74697262048721,12.950429677963257,170.18391066789627,13.513491630554199,227.64755758537285,145.21998725517187,535.29608280956745,198.28234395763462,146.12620576567326,147.38285680755402,163.80473975609462,170.70666062915774,198.15469476058411,202.02430856495434,228.19650674869899,233.16586450174421,253.22337543280298,255.40786693350182,2.8356292176696059,1.5788245861091639,-0.22026930221483099,-1.7990938883239949,6.2654336687608634,-0.84039860661977173,-7.1058322753806351,2.6801072210201085,-1.175603570919094,-3.8557107919392024,3.9941439901166689,-0.98813284069316865,-4.9822768308098375,1.6299458449371684,-0.52014984255316676,-2.1500956874903352,78.873518355190754,60.602637052536011,18.270881302654743,59.808250725269318,19.065267629921436,84.050645956894186,67.782437074538393,196.95963793154806,210.86018278149891,169.35029376585604,159.70634718268127,193.71774793921969,188.47041970202574,207.62132155487248,215.43265526692016,232.59952671045789,238.37527490174151,255.70418106374689,256.50613256986037,-0.98899781539648757,-9.5296628677921831,-1.0261044703482298,8.5035583974439533,-7.4242803989544939,-1.5303271284896596,5.8939532704648343,5.156856623515381,-1.8745681521592985,-7.0314247756746795,3.4536099916617502,-1.7939730028487588,-5.247582994510509,-1.9020130372315691,-1.356133126316422,0.54587991091514709,104.82388377189636,110.14433613419533,-5.3204523622989655,110.37566035985947,-5.5517765879631042,143.59691156887402,77.437550240238124,338.33644489943981,189.64236976828596,142.17836492763206,142.97824374084871,154.22752152276013,163.13156009810635,179.84662973688958,190.01950362761798,224.80059451325874,226.18573638600026,252.17648562651269,254.44426111779848,4.8033689606203609,2.4575846838242512,-0.5249491236321262,-2.9825338074563774,7.2701583987717981,-0.75610457287493205,-8.0262629716467302,9.439969333797734,-0.58108350511915319,-10.021052838916887,1.5504412873378612,0.22882672559674688,-1.3216145617411144,1.9677118007004424,0.17920366677293487,-1.7885081339275075,-3.8246270330660934,-5.7923667760168485,-11.108487453901347,-11.987247551616434,-13.689714067715357,-14.694438797726292,2.4767494024952725,-4.283112710282353,-0.54053399845491867,1.903168704323889,-3.5319588821687375,-3.8697248379320115,0.36794522556148951,0.36921391491482769,0.46675694135294993
1501,2020,121.57555611831606,43.725200010473941,3,10,22.381216950042724,-3.25,157.99303534626961,159.50397273898125,-1.5109373927116394,159.56966638565063,-1.5766310393810272,205.03259453177452,123.96021345257759,497.80542171746492,203.24570225986324,153.84252736073103,157.90997971128428,173.10525455094583,178.56008410196685,202.68514933383571,207.33615893034931,229.96295479258922,236.30734906126477,255.49821440962356,257.13227014654126,3.3305014745549784,4.1455067730832411,-0.1405312392586211,-4.2860380123418622,4.4218630058990698,-0.98730166868500646,-5.4091646745840762,3.3262339584888991,-1.3591327023338522,-4.6853666608227513,4.9576450609539791,-1.2180569528113949,-6.175702013765374,0.75830848045794141,-0.75813178675895188,-1.5164402672168933,93.224570589140058,81.520869433879852,11.703701155260205,81.012014001607895,12.212556587532163,105.80981734860688,55.844553062692285,234.07454053818947,207.2626701836958,168.18700103049733,170.28454375021823,185.03783471217403,193.85566854577439,204.45765786240236,218.13575131406267,227.81127548005688,240.87621504261261,252.88904992920641,258.3825136021926,6.5591094925133575,1.3460227586623716,-1.0857158058757079,-2.4317385645380796,6.0400923240298994,-2.1797272805541468,-8.2198196045840461,11.118967913356414,-2.3659403360235558,-13.48490824937997,10.359154854700421,-2.239230156350402,-12.598385011050823,2.7540154373694747,-1.8651524633156669,-4.6191679006851416,64.7684645652771,77.983104147017002,-13.214639581739902,78.557652615010738,-13.789188049733639,99.222777009010315,68.115660190582275,263.73088141530752,199.3651806881781,148.17197718541172,152.02574529202562,163.36648653268156,167.1795438346324,190.12884643439645,189.95859197943483,233.32821261685072,224.79817541683263,256.22287818222912,254.81474604381955,-2.0830303193970963,5.2843544345478222,0.19472330618540923,-5.0896311283624129,2.6113388701220686,-0.96385730166846884,-3.5751961717905374,-0.19220056121287143,-0.46293965792656877,-0.27073909671369734,-7.0949283892627193,0.85096785086145132,7.9458962401241706,-1.0924536417946911,1.0808362709119592,2.1732899127066503,3.2286080179583792,8.6421398119104538,-2.7994840144208695,-3.9383316758854505,1.6182293181308296,3.4287534539078308,7.792733954867515,11.311168474569286,5.4015097937464418,17.45408324396314,1.9957069569115333,3.8464690791641658,0.47021291919765612,0.5160633975794966,0.45050384722075576
1505,2020,122.82556183616838,43.725200010473941,3,10,22.381216950042724,2.0416717529296875,166.17944949865341,145.51890522241592,20.660544276237488,144.62062114477158,21.558828353881836,205.59562387853657,156.25074552173101,543.71463362127542,204.45604799611075,157.31366271996924,159.67299094739667,175.974133187858,177.95638249655991,203.04531025869525,205.34823573064369,229.2544179523214,234.18249227456991,254.22984413178813,257.27451121384473,3.1953032002844566,3.1427335358641812,0.36932091994958682,-2.7734126159145944,2.727528885236552,0.87148535341555089,-1.8560435318210011,3.3727070656144917,0.92095322658286705,-2.4517538390316247,5.8770637569539588,0.93406404522721687,-4.9429997117267419,3.4626393791727992,0.51644306474418045,-2.9461963144286187,121.87686161883175,81.824683785438538,40.052177833393216,80.083285987377167,41.793575631454587,129.51222601719201,92.174862406996908,272.29643576045055,205.98727381865106,170.82503408232171,171.01319473087932,186.27408158895341,188.29912294354216,204.35298416947461,210.86596758261362,224.48353552283061,233.84755298808676,244.19752643997739,253.5878917405941,6.5590223529561342,1.3713888880480454,1.31053637738367,-0.060852510664375359,3.1827702770171982,1.5814208987105189,-1.6013493783066792,8.1194602758304768,1.6052704432270559,-6.5141898326034209,10.799059505200006,1.5388121200149385,-9.2602473851850675,9.6482788493232761,1.0931670462809109,-8.5551118030423652,44.302588164806366,63.694220498204231,-19.391632333397865,64.537334516644478,-20.234746351838112,76.083398191032757,64.075883122184678,271.41819850355387,202.03413912555149,149.53944164993354,153.22488660463156,162.89236713254004,165.69539336997929,188.72471530210964,192.11733630275276,243.43803647664592,235.26621903119553,266.38802675009214,262.17322768061138,-1.6125707686165924,5.1725645797195625,0.30754556434197866,-4.8650190153775839,4.5214684876551701,0.3981447438788166,-4.1233237437763535,3.1401695957274569,-0.04866966786906346,-3.1888392635965204,-10.431565831204068,-1.0668132749802908,9.3647525562237774,-7.1659582174858656,-0.17843158374955692,6.9875266337363087,3.3637191526716776,8.1715931215727267,-1.7713446478161359,-3.8011756916715171,0.45524139178064615,-1.3386982106379719,4.7467532102159851,4.9792906801030199,4.9219957482460472,21.230625336404074,6.1856394701504769,16.814237066809142,0.50080762760952047,0.62993668626773047,0.58991630471406253
1523,2020,127.82558470757763,43.725200010473941,4,4,22.381216950042724,-1.9000015258789062,140.15518256520409,143.94830047112555,-3.7931179059214628,144.11321854609923,-3.9580359808951471,173.09270126171214,231.03727647544474,527.53767308592796,188.48020979974734,132.00526226444873,132.24382991116738,155.33820213964523,156.22719987636174,188.5031854969811,189.83682486758707,220.35783199308847,225.68840283468774,246.89764798652413,251.51154000379293,1.7598391413427521,0.14809401921991139,-0.57671519237416646,-0.72480921159407785,0.011076358023558441,-0.97021733985971537,-0.98129369788327381,0.31903823071201032,-1.0542564797332261,-1.3732947104452364,4.1408998713108645,-0.9247814618953214,-5.0656813332061859,3.8415709542636023,-0.69737370995329684,-4.5389446642168991,102.06957388405726,106.53558577183503,-4.4660118877777677,106.7297598606965,-4.6601859766392408,117.9846483066126,174.44795299224234,320.31722938641906,189.0549773900529,135.57723822775145,138.44015821478206,159.28229948667223,159.44284348863633,190.82413229907377,191.53134682786316,215.79773415707149,226.86308930677009,242.55398218547731,251.86301571901885,3.0024702034270661,1.964385164751377,-1.3736172226462884,-3.3380023873976654,-1.3253116287904447,-1.4639561031710855,-0.13864447438064076,-0.4380682081600753,-1.3848216470634327,-0.94675343890335739,9.2883568706631365,-1.0823133301070698,-10.370670200770206,8.2005317387484524,-1.0374707864285995,-9.2380025251770519,38.085608645384127,37.412713233015893,0.67289541236823425,37.383457880740025,0.70215076464410231,55.108052978941487,56.589323662761672,207.22044426202774,186.97542266095053,121.52365880496426,121.38860648667712,144.51400223286103,146.02863344862118,179.36496443682054,185.28420847611571,231.68202940864921,222.67049147799327,253.28861250691864,250.4759338596713,-0.75357200536581104,1.3503374297340542,0.34990529849254415,-1.0004321312415101,2.8960038305983744,0.67769399930375585,-2.2183098312946186,6.0518297506926046,-0.19716542032531947,-6.2489951710179241,-8.8567207966162016,-0.08647441670018452,8.7702463799160171,-3.1976755499176761,0.30513154362594719,3.5028070935436233,1.242631062084314,3.7560422087928771,1.8162911455314656,0.61404773501732279,-1.3363879868140032,-4.2213154593888191,-0.75710643887208562,-6.4898979588526799,5.1474569993522721,18.145077667279338,4.3589607844848501,11.398207288666129,0.60719308919240766,0.68162694005348357,0.7550640989779116
1524,2020,128.07558585114811,43.725200010473941,4,4,22.381216950042724,-0.4499969482421875,181.26330617543863,183.23638987247978,-1.9730836970411474,183.32217653585394,-2.0588703604153125,210.03887143508837,146.65903062644793,472.64522267319262,191.4023958195628,132.65645858911941,133.45312480055702,158.28590810138488,157.30229907357102,191.45750230044445,191.26356059909327,223.5796331830042,225.18959846555717,249.75804840493146,250.91979628937591,0.20159192982336549,0.9523707107884718,-0.062206590879014811,-1.0145773016674866,-1.3136450852102826,-0.18397617240515274,1.1296689128051298,-0.46576322687170091,-0.24067372034107848,0.22508950653062243,1.1907006423500945,-0.28324578449900173,-1.4739464268490963,0.91212205810901992,-0.20043781973257069,-1.1125598778415906,130.15324562350725,125.85030884118896,4.3029367823182838,125.66322480818781,4.4900208153194399,139.68728702425278,101.4311214580157,261.73912897263654,194.51601554784887,146.6431338349305,143.32946560531065,165.66330768084472,165.11831416744141,194.89146689924712,195.23452223453074,220.60598195766548,225.95456790016584,244.93022537657694,249.06384860839438,0.71436026460298763,-3.4732975442067868,-0.3489982786088035,3.1242992655979833,-1.368231531945753,-0.37969216126344918,0.9885393706823038,-0.15918753856530543,-0.39849918569680653,-0.2393116471315011,4.7557247184961966,-0.36708696668011953,-5.1228116851763161,3.8495596381210078,-0.33698784167080476,-4.1865474797918125,51.110060581733705,57.386081627337262,-6.2760210456035566,57.658952255167605,-6.5488916734339,70.351584394444217,45.22790912372875,210.90609356202185,184.90685746234652,122.7702515934355,122.70385204777551,139.45601444255738,140.72057885681139,175.76714319528739,180.0758942842719,231.76617872896742,223.25097527364113,259.00178436202361,255.25502740406023,-0.27561336997874264,1.3266950077619128,-0.023604782474322406,-1.3502997902362353,2.3287570618126949,0.15019707078090505,-2.1785599910317899,4.3494453838384857,0.084882022419890291,-4.2645633614185954,-7.9355047203929132,0.11081746533994874,8.046322185732862,-3.7789133390710674,0.19564799834083146,3.9745613374118989,0.51276833477962214,0.98997363458173027,-4.4256682549952586,-4.7999925519686997,-0.054586446735470417,-3.6969885937584479,0.30657568830639548,-4.5086329224037911,3.5650240761461021,12.69122943888911,2.9374375800119878,7.6284729771920752,0.55377504397968769,0.66505445430096277,0.69161183613962873
1527,2020,129.32559156900041,43.725200010473941,4,4,22.381216950042724,-1.4285736083984375,138.1418189828164,130.30717388481207,7.8346450980043301,129.96653933938796,8.1752796434284392,167.17245963629284,225.70918011853246,506.52663893997669,189.67217418403672,133.83549239480021,134.84625610481569,155.82710681162382,158.69718748533319,188.18654144767129,191.98675898118051,223.55215845055133,227.20848116757099,248.52801244494773,251.68807181414891,2.5654464869190292,0.58606570670906422,-0.38856404100266673,-0.97462974771173094,2.1472959568745011,-0.77530695925790383,-2.922602916132405,3.0678916576838162,-0.82480261258118048,-3.8926942702649967,2.7669018477203622,-0.80151546129761186,-3.568417309017974,2.4243438820440133,-0.70266920524332477,-3.1270130872873381,89.120369564805515,89.66700169224714,-0.54663212744162593,89.690770615885413,-0.57040105107989802,98.538803772230267,154.43779359491964,277.30030134471599,190.54320347305747,142.39412472225362,142.92715636705847,159.70032396604489,163.78310547901182,190.68194527006122,194.45852717555908,217.63836860305778,228.14880946742497,243.48067875531785,251.13045090997008,4.1991414533076465,-0.4387494649045891,-1.0471440514851906,-0.60839458658060153,2.7551235844486257,-1.1341964340667232,-3.8893200185153489,2.8266089100254135,-1.160228819921457,-3.9868377299468705,8.9352081288472789,-1.0663983029971291,-10.001606431844408,6.3804852259380596,-1.0317927406546517,-7.4122779665927112,49.021449418010889,40.640173197329204,8.3812762206816842,40.275769328063689,8.7456800899472,68.633655576682941,71.271386426755271,229.22633720934391,188.09717733917461,124.17220960820785,123.84606398889147,145.89748031803478,145.95414705168579,179.35294580490688,185.27863502884287,230.85365678200316,225.4129250329126,254.69137919617251,253.08173076499287,-1.0013243760386956,0.51043476654453457,-0.3808671159279271,-0.89130188247246167,0.5841761605591671,0.024922852825000064,-0.55925330773416704,5.6881933316781499,-0.25878122375314661,-5.9469745554312965,-6.0845303588603485,-0.27099329962516094,5.8135370592351876,-1.407989362720258,0.025702657295596509,1.4336920200158545,1.6336949663886173,5.2004658293463422,-1.0248151716136533,-0.94918423144912367,0.60782762757412456,2.1709474238894586,-0.24128274765840274,-2.8615844216527364,6.1683062811269167,15.019738487707627,3.9561413438940463,7.7884745886583175,0.54745452662673488,0.58944400283764009,0.68423355006568964
1529,2020,129.82559385614132,43.725200010473941,4,4,22.381216950042724,-1.7142868041992188,119.23767529346514,104.76632695132139,14.471348342143756,104.13713714032201,15.100538153143134,153.83363173836096,261.16662323587661,538.87680907547474,190.90921355699967,131.88351953786747,133.33237967515709,155.90236375468862,157.5220624711547,189.43859198735652,193.38908628009636,226.21582174421758,230.00488593509095,250.63623318480433,253.91955767536012,2.0518666534084105,1.1069201773766792,-0.67935727399742518,-1.7862774513741044,0.77000992434389559,-0.89709657049357361,-1.6671064948374692,3.061323789879367,-0.97935605025287487,-4.0406798401322419,2.8027661598624718,-0.96987701534968096,-3.7726431752121528,2.3938060571039728,-0.79441237302555123,-3.188218430129524,84.021347476191295,73.28010528392042,10.741242192270875,72.813093160046265,11.20825431614503,99.884310492874647,182.96739026957675,315.20299589936621,191.84916694411967,136.58786396770336,139.81387599379843,159.46981429535694,162.40049000122951,191.89115693126431,196.45091738285211,224.23035037367498,231.68048667122312,248.92663622402438,254.43642267786623,3.8627274370656153,2.5984163382242116,-1.1641827749052425,-3.7625991131294541,1.3118111460732962,-1.2891998411855639,-2.60101098725886,3.5333055349589131,-1.2521630915874198,-4.7854686265463329,6.132335678219448,-1.2742359019921992,-7.4065715802116472,4.1319195008489089,-1.081348324190003,-5.213267825038912,35.21632781727385,31.486222148496381,3.730105668777469,31.32404383552057,3.8922839817532804,53.949321066672383,78.199232808772649,223.67381291091442,188.89733069530686,124.08352461234773,123.78525438144361,147.03268477368346,145.19595867620927,180.66391002084447,184.94095646306431,231.3819861822864,225.82658675957919,255.07169886445968,252.59375319817971,-2.1655407535623112,0.089233309742823508,-0.50893361862293318,-0.59816692836575669,-1.4944169810679284,-0.16493651625918915,1.3294804648087393,3.917143542161881,-0.27013867713122863,-4.1872822192931096,-5.870636896220276,-0.40309429594299218,5.4675426002772838,-2.4613660726402884,-0.070989064373065958,2.3903770082672224,1.8108607836572048,6.0282681906279265,1.4914961608475323,2.5091830284813881,0.54180122172940059,2.8062281271412246,0.47198174507954604,-0.3838380072029679,3.3295695183569762,12.002972574439724,1.7381134437449361,6.5932855734891973,0.58492588768135145,0.64930086720410463,0.70057723304224429
1530,2020,130.0755949997118,43.725200010473941,4,4,22.381216950042724,-1.75,120.61919164806022,120.2765082606893,0.34268338737092563,120.26160859943775,0.35758304862247314,154.070881457621,245.89478066415177,535.99586220085621,190.56737597273008,131.90930605501188,132.40435128026385,157.52310410406724,155.75686092044316,190.14538452670922,190.70291617198666,225.405779966203,227.09621955682954,248.47670177298934,250.1693895055306,0.0679115544558897,0.081311887262330629,-0.71826530583535941,-0.79957719309769004,-2.4776335146688098,-0.88172115537335571,1.5959123592954541,-0.23948204963119224,-0.86530366134394399,-0.62582161171275175,0.78297998688094594,-0.82621245129479348,-1.6091924381757394,1.068769455974973,-0.67557127391424387,-1.7443407298892168,82.036871061653073,84.402467833881019,-2.3655967722279456,84.505319222171238,-2.4684481605181645,96.479786411851819,172.96350661572797,309.47070559766144,192.76242564775788,138.1621844902804,137.83793361562499,161.57323936301981,159.55274639685678,193.58810792412788,193.42368389648274,224.30580086803522,228.7140875567724,246.70176916456654,250.61191263656826,0.20460529908115177,-1.0006730507892598,-1.0963273607409008,-0.095654309951640926,-3.4650946554092457,-1.2235427522400073,2.2415519031692384,-1.3048435520547059,-1.1484227310651534,0.15642082098955257,3.1779583485410967,-1.0597513627449189,-4.2377097112860156,2.8788439732423114,-0.84300591708338857,-3.7218498903257,38.582320616209472,35.874041104813841,2.7082795113956308,35.75628985161984,2.8260307645896319,57.591095105373824,72.931274040973221,226.52515691518784,186.03603456461278,123.98804002898315,124.11599845575833,145.32928919305874,145.99320260914922,178.81869925202375,184.51611287269623,228.24969671402283,223.32600087747102,251.53844509643883,249.2353420569581,-0.48433265335819442,0.50011637528453434,-0.52024154118942079,-1.0203579164739551,1.007633191376982,-0.16230324498903315,-1.1699364363660152,5.4507476407016782,-0.31181009682623539,-5.7625577375279136,-5.0160327984926312,-0.23133305765159662,4.7846997408410346,-2.7464792956195083,-0.38752416239876197,2.3589551332207463,0.13669374462526207,0.68893795243934619,-1.0819849380515905,-1.5007894260737942,-0.98746114074043589,-4.4727278467862277,-1.0653615024235137,-6.7555911927563841,2.3949783616601508,8.1939911470337279,1.8100745172673385,5.6253232688618198,0.57737517660480009,0.6262038971873457,0.70340454623949555
1532,2020,130.57559728685271,43.725200010473941,4,4,22.381216950042724,-2.0476226806640625,104.21886049090244,100.68537346393714,3.5334870269653038,100.53174414049863,3.6871163504038122,139.30150766139013,249.05659287962771,531.72385463863611,189.90072245495375,129.92282086515584,132.30026111506456,154.56127222724143,156.65058687253716,188.52984579414911,192.34903380264987,225.86809332946027,229.21682974320518,250.20480233421102,253.51636499617857,2.1197069477501032,1.7871096864397202,-0.79524110837860462,-2.5823507948183249,1.096447445352311,-1.0292670988323493,-2.1257145441846603,2.8027611629992748,-1.0629388274771827,-3.8656999904764575,2.2338142363392137,-1.1248581474534092,-3.3586723837926229,2.4090873616875683,-0.81917768289969217,-3.2282650445872605,76.314901333123998,69.969575204355351,6.3453261287686473,69.693691716493049,6.6212096166309493,87.73412732878387,177.09699082090447,289.29368187393993,192.53983922583262,138.25700524042006,139.64119717887431,159.99421849980706,161.96783539626952,192.67907027039797,195.88680588723196,224.75784138926377,230.97332630148193,248.64721577884995,254.06467227545735,2.5336956646662543,0.83882295061482637,-1.4849661842259536,-2.32378913484078,-0.12298609839584174,-1.5714693626552503,-1.4484832642594085,1.784540993374975,-1.4868087523654481,-3.271349745740423,4.7160984309128651,-1.4366172052798447,-6.1527156361927098,3.9602327250474048,-1.1837647242708158,-5.1439974493182206,27.903959038569155,30.715798410010393,-2.8118393714412377,30.838052591465384,-2.9340935528962291,51.567380407112068,71.959601991668023,242.43017269670963,184.24268520124414,122.12388063643527,122.12581347789825,134.4636979701371,142.88549575904685,177.17606317283631,183.36386630774044,230.32732126340991,224.5729093071829,254.72599029943365,251.94725129177584,1.2876683804176139,1.0850892360295887,-0.10595174216074099,-1.1910409781903297,9.4306503154101051,0.19882770968987984,-9.2318226057202253,5.9783223527857103,-0.04107699326675629,-6.0193993460524666,-6.2835123853184882,0.1240245885554998,6.407536973873988,-2.7392178774432239,0.28690930036231066,3.0261271778055345,0.41398871691615113,1.2460272842486404,-0.94828673582489387,-0.24626628541476236,-1.2194335437481527,-9.5536364138059469,-1.0182201696242998,-4.1937813594107354,2.4822841945736513,10.999610816231353,1.5511453633598364,6.6994506024906286,0.54406752555900706,0.62981462872638339,0.7110712821262184
1535,2020,80.825369716330627,43.475198866903483,1,10,22.473093287673951,7.7142868041992188,115.38305751247026,103.84738694842599,11.535670564044267,103.34583558527447,12.037221927195787,119.35399765397801,175.2309183182042,362.91414631344378,168.22963900294647,114.89751276193473,111.54256766448967,139.53955164509435,136.33241096620134,168.07892353304501,167.1956535610889,199.34771855527856,196.88246813673101,220.23830644412669,218.06550980497803,1.9391460476421685,1.6291872303076929,4.6582499720084911,3.0290627417007983,1.2942383626261176,4.7961548436761063,3.5019164810499888,3.8374729739537941,4.9307512434278919,1.0932782694740979,1.4886610632028976,4.0745027526971285,2.5858416894942309,0.35955430596757765,2.5769765632463475,2.2174222572787698,65.677641106933152,36.18647176434024,29.491169342592912,34.904247045546072,30.77339406138708,65.835068566888367,135.58893837980941,225.70949144056067,175.83423284981714,132.9530956073221,135.41215228117699,151.17688909104785,151.65781520400395,174.08821273751909,174.65787831571782,199.99737863475536,198.28291785729834,220.55792675039612,216.50524592143395,5.2004054706334841,9.7499029191397426,7.3190824707120328,-2.4308204484277098,7.4324158686860642,6.9981689206611577,-0.43424694802490649,6.808701206830591,6.4659198992956419,-0.34278130753494906,3.5806542633843037,5.457737824015112,1.8770835606308083,-0.55737709608908403,3.9669159188506455,4.5242930149397296,49.705416427423188,67.660914234546908,-17.95549780712372,68.441588970875273,-18.736172543452085,53.518929108975726,39.64197996819712,137.20465470291674,151.78768092401131,99.359824220522114,101.18469963496992,111.99435504082518,116.65484974468912,140.36126399127551,151.84789849930388,190.73953816866901,194.5345132722195,218.63815472222944,219.85680750369366,5.4822237073724978,5.9238576032574173,3.7870821168574054,-2.1367754864000119,8.7259443552756863,3.9961865236969203,-4.7297578315787661,11.21427008488601,1.7453906368411936,-9.4688794480448166,2.4488278139782551,1.0086738600197975,-1.4401539539584576,0.81947652951541272,1.0193948852516712,0.19991835573625849,3.2612594229913157,-0.28181823673901363,8.1207156888320498,3.8260453158823253,6.1381775060599466,-1.2935284865896222,2.9712282328767969,-4.4055688780554192,2.0919932001814061,1.1318264494060486,-0.91693140205666168,-1.3768536256044968,0.62193632773305729,0.55159500193493616,0.77377291451267527
1536,2020,81.075370859901085,43.475198866903483,1,10,22.473093287673951,5.3333358764648438,92.284552784029074,85.31970900691158,6.964843777117494,85.016888165988348,7.2676646180407261,101.88877968894781,150.64997532838242,301.89933598414063,172.34693433566636,117.70179613916903,118.54340448761204,143.77211101663485,142.07230936793712,172.19985017710545,172.80731324946913,203.80142786319195,202.51776245177126,226.25578610519293,224.61657176460309,2.4750253999855545,3.7292241054850166,2.5774886007318827,-1.1517355047531339,1.573730337135828,3.3634340176561466,1.7897036805203186,3.7281179242668259,3.2449018741670841,-0.48321605009974178,1.5619287045158217,2.78573919421396,1.2238104896981383,-0.21132637610628535,1.3753695929248408,1.5866959690311262,58.521031587370089,37.618882722330454,20.902148865039635,36.710093466313992,21.810938121056097,59.027723955201736,99.922900819234201,171.50266675278544,175.2209914444027,134.02249835397595,134.9601166334343,151.42215505850913,152.68911395138349,173.77372947377992,176.64847290817002,198.50242938997471,200.82018278462084,220.29822780909905,220.49863003761206,6.0463695585291077,6.3970477527187768,5.0564632821383952,-1.3405844705803815,6.0785757634756408,4.902977878684311,-1.1755978847913298,7.2605871746852699,4.6357237788456018,-2.6248633958396681,6.3024343884468692,4.0565802088319742,-2.245854179614895,2.4019130033860563,2.895295619891499,0.49338261650544268,33.763521338220016,47.7008249068449,-13.937303568624884,48.306794766729581,-14.543273428509565,42.861055875307102,50.727074673060997,130.39666944742203,167.46561904082299,105.35646161633842,108.01370772323443,118.88089461965583,125.62147404007406,166.0783468587953,164.7317457325951,212.7715744809461,205.35757683578942,235.36484508784145,228.43875910080243,-0.82848078302100703,4.9881317113840282,2.2391774910150559,-2.7489542203689723,8.314441367985907,2.031174384122167,-6.2832669838637401,-2.3975557545415143,0.60528279325461654,3.0028385477961308,-7.4466598585370036,0.61369656400037798,8.0603564225373816,-7.6017481853509992,0.37251880941374793,7.9742669947647471,3.5713441585435532,6.8748503415501148,2.6678236472337602,1.4089160413347486,4.5048454263398128,-2.2358656045102663,3.5324692504184441,9.6581429292267842,4.7405056839310475,13.749094246983873,2.6132393794923416,10.003661188737055,0.56807897968279997,0.5793348800074466,0.66327857406830082
1550,2020,86.575396018451272,43.475198866903483,1,10,22.473093287673951,10.695648193359375,84.926520587625419,93.335212691066772,-8.4086921034413535,93.700808178049556,-8.7742875904241373,95.741435988908052,94.816246120379219,264.58604402281344,183.32533050690549,129.74362680260521,133.14224307566002,148.80947704363766,153.41688043135395,183.23054798822702,182.39497564622755,216.92137947918772,211.62797787480679,238.71094973458122,235.3840841088095,3.7551271068622611,6.4156359023088214,2.8674981563891322,-3.5481377459196892,8.7106723738161804,4.100919700002521,-4.6097526738136594,4.1462009223537848,5.1465497251581098,1.000348802804325,-0.56930057960886415,4.7507483512352735,5.3200489308441377,-0.97558032169379771,2.4135589823537202,3.389139304047518,11.313468902183558,22.023639100679247,-10.710170198495689,22.489297707802507,-11.175828805618949,11.313468902183558,32.455266587468032,50.036602475680411,203.47252092647938,170.42453112749524,154.11483461232606,182.93553503466558,168.58549987833001,200.98502613437074,187.99449627528276,223.58441674854436,207.8258990926052,240.68464498760054,225.96748901577311,-5.3118152901216149,-5.5596348170098793,10.261752918648682,15.821387735658561,-4.1173053105970041,10.176331093428075,14.293636404025079,-3.3122996918334877,9.8264490725076143,13.138748764341102,-6.2567759691258686,9.0978554919424823,15.354631461068351,-7.9750329879190076,7.5070452290375158,15.482078216956523,73.613051803719827,71.311573722675348,2.301478081044479,71.211510076074774,2.4015417276450535,84.42796720500246,62.360979339196092,214.5494414512068,177.31794995914868,125.41806619008453,128.18946662515265,141.68027470287029,143.79961640877423,168.69941704423547,176.56241757214715,214.20222256138129,214.84732344172573,237.81741074184461,239.02224625957908,4.1201499075506263,5.1635819287770488,2.2728565043847482,-2.8907254243923006,5.5302293533877105,3.1791934973688853,-2.3510358560188251,8.4879970681568011,0.7833168763659728,-7.7046801917908283,1.3864680523341804,1.0312928472065721,-0.35517520512760825,1.3791239096999561,0.96867561753029463,-0.4104482921696615,-9.0669423969838761,-9.4319651976722412,-11.975270719318701,-10.723216745786928,-12.827977684413185,-9.6475346639847146,-7.4585006141872725,-11.800296759990289,-5.6874753895170045,-7.643244021460049,-6.9994526662252099,-9.3541568976189637,0.18911278053413164,0.1181669021915888,0.3422964725503122
1551,2020,86.82539716202173,43.475198866903483,1,10,22.473093287673951,14.791664123535156,164.14877505747427,170.95699747427352,-6.8082224167992536,171.25300634724772,-7.1042312897734519,165.81063478765554,133.40300433190714,386.49385310802609,184.57137395409538,124.6653598592238,127.87574280536492,147.92894834175704,149.06767613859577,184.60764127385778,178.80180235714633,219.86032619633252,209.91293220588969,244.61868969023317,236.56111898416185,2.3236824886938905,6.6758390647419219,3.4379536997612945,-3.2378853649806274,7.3317044902306918,6.2287588229613391,-1.1029456672693527,2.0283300297308813,7.962514184057369,5.9341841543264877,-1.6987740103191982,8.245024635236291,9.9437986455554892,-2.4628085223580456,5.6553898114987078,8.1181983338567534,53.442462954000803,69.947705248845523,-16.50524229484472,70.665325881298486,-17.222862927297683,53.442462954000803,92.223579535930185,152.35035183469154,205.01012969297898,166.4733318940647,146.11562990171598,179.54163838441772,161.37599691088448,202.93954481109128,184.14643519438511,231.42742288023479,207.78477073788895,248.95229218108241,228.65633611855827,-6.0851921375215454,-5.9601694003914929,14.306792792950233,20.266962193341726,-3.7962592072678376,14.15701960490145,17.953278812169287,-4.8671151860282862,13.890131671102921,18.757246857131207,-10.337872491176768,13.223980721089077,23.561853212265845,-9.0477985490755941,11.62398104914385,20.671779598219445,110.70631253374449,101.00928977728927,9.697022756455226,100.58768081007292,10.118631723671569,112.36817226392577,41.179424915186246,234.1435019383207,165.18173367889597,118.14575884871063,119.72049744792103,130.62670406961288,132.69973071762985,151.32994832598592,166.42883165956178,200.72103230689109,214.56826670710439,233.97462234756597,245.11218546166529,8.9385221364815095,3.4295983444555134,1.5808597597055183,-1.8487385847499951,5.5306802096391152,3.3525321551174727,-2.1781480545216425,12.026058344328277,-2.53922907376392,-14.565287418092197,10.023790420087153,-2.6052049375194031,-12.628995357606556,9.2103755132024787,-0.35909644843195565,-9.5694719616344344,-8.4088746262154359,-15.023714274003055,-12.636008465133415,-9.3897677448470063,-11.127963697498529,-9.3269394169069528,-6.8954452157591675,-16.893173530356563,-8.6390984808575695,-20.36166291126392,-6.5849900267175485,-18.258174062278073,0.39418570466141206,0.32231022468758769,0.69131561165202549
1564,2020,114.32552295477265,43.475198866903483,3,10,22.473093287673951,18.3157958984375,131.13720699847909,117.74654979737534,13.39065720110375,117.16434779123301,13.972859207246074,128.43615693139145,97.90657941381869,354.18698679190129,200.31251981757373,150.50438651737852,148.68460693491838,172.01384488588977,165.21828572967095,200.48146489597772,191.61208819783144,226.89985911340739,221.00737296093919,248.84563353638779,246.31756093093512,-0.19225032849320201,-0.25232447314684237,0.83750076710055055,1.0898252402473929,0.40883752780538885,7.1181754158004651,6.7093378879950762,-0.5928628864767802,8.25014174441759,8.8430046308943702,0.79784401448898734,7.3246039116513373,6.5267598971623499,1.3451801234830896,5.2407039485971438,3.8955238251140543,43.81265144914687,48.593661152450295,-4.7810097033034253,48.801530828228351,-4.9888793790814816,42.415009236285186,36.033969690333834,115.5751443374902,200.1565343325272,145.84288010383491,146.90628475271339,163.61583723937554,166.26856414154932,205.27948482038965,192.17610737196586,232.93272991208141,218.213309012602,255.37444718607648,243.76673304432097,-1.7803707183387303,1.6985467106515841,0.27042198503437476,-1.4281247256172094,6.1937477822036442,2.9110780144231398,-3.2826697677805043,-5.9381005715564754,7.5854202089820717,13.523520780538547,-7.8633640496012447,8.4977614179374257,16.36112546753867,-9.248546520516129,5.1624924418072737,14.411038962323403,87.324555831670295,69.15288862453599,18.171667207134305,68.362816887714871,18.961738943955424,86.021147977444343,61.872609504476713,238.61184291820973,200.39526089142345,152.15828441665789,149.7583036711541,176.01434515479147,164.72224677169211,198.16368416663013,191.2154983789251,226.07316701988816,224.14481606476278,246.82524717658168,248.25578686182189,1.0209605671123256,2.4189466264544421,1.847630336548491,-0.57131628990595118,-2.4827862145709219,9.5440211848400338,12.026807399410956,2.2995300801326835,8.7006303585595219,6.4011002784268385,3.6511473428398347,5.0304598924080608,1.3793125495682261,3.0456815311234493,4.4139062975847594,1.3682247664613101,-1.5881203898455283,-2.8013312854510559,1.9508711837984265,-0.720399915802858,5.7849102543982553,8.676533996774566,-5.3452376850796952,-8.2376306516891589,-8.661208064090232,-11.514511392441079,-10.593726643999219,-12.294228051639578,0.32631109737917929,0.33024196806933898,0.36804441444154817
1565,2020,114.5755240983431,43.475198866903483,3,10,22.473093287673951,-20.76190185546875,81.546887189149857,76.328291296958923,5.2185958921909332,76.101396441459656,5.4454907476902008,140.10406568292819,101.84340167712071,360.57319392822683,199.77039399205071,148.30654333140197,148.76593763788989,169.52517698492801,174.89170654316734,202.41001464174016,209.61469100790606,226.7364136509041,237.7888031204802,249.48897994583908,256.35963552178117,0.87140915922975637,0.53583875938790015,-1.2300907244637358,-1.765929483851636,2.6796247124107992,-2.7822416456645271,-5.4618663580753264,-0.74418621236264926,-7.9858390349627939,-7.2416528226001446,2.332030748140113,-8.424378133282147,-10.75640888142226,2.032323200534961,-3.7782975684148141,-5.8106207689497751,26.825784351676702,28.622766703367233,-1.7969823516905308,28.700896203517914,-1.8751118518412113,46.549066034931457,46.743773806840181,121.73472013673745,204.57634135441677,149.93083713263465,156.26344773739362,172.72337412550374,180.67121436819755,210.88577381897821,217.26484498085341,232.45242189829662,241.43638775803976,253.30578123249592,257.48378258358673,-3.1554692792022365,-1.1996764450756245,-8.0685425733114471,-6.8688661282358225,1.6240396833495083,-6.8553544502544526,-8.4793941336039609,-6.7236548645225582,-12.052271688596562,-5.3286168240740039,-4.709701812846248,-12.012921089748374,-7.3032192769021265,-5.745242384881351,-8.9851358564202144,-3.2398934715388634,54.721102803945541,47.705525934696198,7.0155768692493439,47.400500535964966,7.3206022679805756,93.554999398402288,55.099627710093046,238.83847362361848,196.75427208981432,147.30736700293636,146.1217982074447,164.78500291488007,170.56468284867736,193.69750616956324,204.76289300973195,225.44715377697139,234.24023334923697,247.34454269675328,254.90856214097681,3.3525557400509172,3.2906752233335794,1.1084533108331129,-2.1822219125004665,5.8298126540396709,0.5655281893946551,-5.2642844646450158,5.3827348484547883,-5.7223177230069098,-11.105052571461698,5.0399844918140388,-4.9193117879706847,-9.9592962797847235,5.3718620031346518,-0.66234407293001141,-6.0342060760646632,-4.0268784384319929,-6.5080250192531537,-1.7355152044635247,-4.490351668409204,-1.0555850290612909,-4.2057729706901625,-5.979468652159909,-12.106389712977347,-7.041732560986361,-9.7496863046602869,-7.7775655854163119,-11.117104388016003,0.33761444884604791,0.33224636136025781,0.45897694928763605
1566,2020,114.82552524191357,43.475198866903483,3,10,22.473093287673951,11.333328247070312,128.83591423724283,110.72830656297629,18.107607674266546,109.9410198684036,18.894894368839232,133.81789942054365,106.10048838164221,368.74734636303037,199.89347198357461,149.76142162078375,149.8523394690751,171.79996564804898,168.54341199487359,200.72147129160376,196.06985186789376,226.39337997816398,223.07442802539134,248.97772075757362,247.87083443462797,0.93970055734487801,1.9937696365275599,1.1091324886839686,-0.88463714784359126,1.2313424295945765,4.7032831391169907,3.4719407095224142,0.60249705970485934,5.2224316460897171,4.6199345863848578,1.4617586207434385,4.8475669717198002,3.3858083509763617,0.79096529398131565,2.5633672871864803,1.7724019932051647,40.712794430784925,44.790385677316408,-4.0775912465314832,44.967671248179613,-4.2548768173946883,44.426523188228202,46.204865307781802,124.3103957453277,204.17617041704122,153.23646081198382,148.5550482238246,172.32605970429063,170.03076315873562,207.4293897517006,198.48014228471808,233.02195264380629,221.98908655862846,255.00665658192858,244.62478318594117,-3.6040226088456109,-2.6457912778281525,0.94128094666052675,3.5870722244886792,0.6325891030780042,2.2200683429609285,1.5874792398829243,-5.0543486160123905,5.0314363987129127,10.085785014725303,-6.0217024395736019,5.6942032691243583,11.71590570869796,-8.0663183379153622,3.2212997137653474,11.28761805168071,88.123119985271842,65.937922624127168,22.185197361144674,64.973348709630955,23.149771275640887,89.391376411129386,59.89562332112655,244.4369508093223,197.29346729051557,148.4960160232809,150.64978926693971,171.28389008000761,167.80353163316715,195.62779334583308,194.48132555881523,225.24358391970233,224.15482443025806,245.66121849233664,249.4705436142311,3.6050254397258641,6.0203784062763361,1.8629070351767325,-4.1574713710996036,1.0500007069782669,5.9057407146005403,4.8557400076222734,5.1287353012039887,5.3631655102034586,0.23443020899946987,3.2102896795038589,3.9215758671499543,0.71128618764609541,3.3506268087895705,2.7698594436685369,-0.58076736512103366,-4.5437231661904889,-7.209048048571475,-4.6395609143557124,-8.6661696841044886,-0.59875332651657232,-0.41741160390026266,-5.6568456757172498,-10.183083917216379,-7.4834610603170404,-9.2319921190774608,-8.8572836318966779,-11.416945146704933,0.33711536359896832,0.33199238204009551,0.43548211711885287
1568,2020,115.32552752905448,43.475198866903483,3,10,22.473093287673951,5.2857208251953125,143.31415379047394,143.63333451747894,-0.31918072700500488,143.64721274375916,-0.33305895328521729,158.26487829530743,87.240349843545118,369.68803288415074,195.41159165864542,145.388248209713,144.6230465677975,159.41569214261764,165.83069606160049,190.67024440831773,195.14080143762777,226.33193312247681,225.69244347434153,256.4597154731365,252.24166598741229,2.6752160796137616,0.4129773257112106,0.78494337790277768,0.37196605219156709,7.4388235462646719,1.1845632997125506,-6.2542602465521213,5.8698524707665172,2.1983772127456973,-3.6714752580208199,1.6439025762068979,2.3038939387099049,0.65999136250300694,-3.1041391427013707,1.2386807480172024,4.3428198907185731,64.703927531489171,79.740146696567535,-15.036219165078364,80.393896222114563,-15.689968690625392,73.774323498040303,27.049469891935587,129.303324578912,186.8845317548822,141.79214161949196,145.24074482304221,156.81284645595693,166.10104567658792,172.9863419193903,195.52386146883882,215.58908580582678,222.94354093297753,254.93011639153673,245.07169617957069,10.870686234600868,7.1791173054464252,3.1239593201750324,-4.0551579852713928,11.39646656901391,3.2218672792766938,-8.1745992897372162,24.974829466548044,3.624681957111676,-21.350147509436368,9.4581861241413208,3.5042594660161797,-5.9539266581251411,-7.571732700293353,2.6422427824573163,10.213975482750669,78.610226392745972,63.893185704946518,14.717040687799454,63.253315687179565,15.356910705566406,84.490555071524795,60.190879925532499,240.38470862433314,201.3538226768446,145.90672887207532,143.7832131621652,171.15775268530024,165.51246657227475,199.5992734332352,194.66587047960181,229.15160405511091,230.48222831351964,258.09553449099241,257.83565805846803,-3.8765286256542595,-2.4313807842108304,-2.8051437898276106,-0.37376300561678022,-8.4177678735014467,-0.69552295025013677,7.72224492325131,-5.4069002639741939,0.62629253376647398,6.0331927977406679,0.59532638440552432,-0.36682071026498875,-0.96214709467051307,-0.99167545666864498,0.76879936576102637,1.7604748224296713,8.1954701549871061,14.747214860255127,6.7661399797352146,9.6104980896572556,3.9576430227492381,19.814234442515357,19.104976995781527,30.381729730522238,7.8142835479344228,8.8628597397357964,-4.4675935575919823,-6.580057243624708,0.34976334930330794,0.46614463229412362,0.31005687093696321
1569,2020,115.57552867262496,43.475198866903483,3,10,22.473093287673951,-23.947372436523438,90.261497983145091,90.627123140919139,-0.36562515777404769,90.643018047485384,-0.38152006434029317,165.42398556829903,103.31381767113271,390.24752096738666,193.11767942128881,141.93144244549939,145.05051900041036,160.10676102007892,171.86194414369541,191.26779770912918,206.84950915068018,224.41771017176615,236.0098548810912,249.25441275638062,254.59932362765008,2.7142082206144948,0.17911145590866795,-3.0179609954629427,-3.1970724513716107,6.1038136994631884,-5.8309935298853475,-11.934807229348536,4.4402537659348695,-10.688926388567893,-15.129180154502762,1.0035105201237116,-10.546793906898301,-11.550304427022013,-0.26560462259044471,-5.6339071935845482,-5.3683025709941035,32.468250387209991,43.526820770435734,-11.058570383225742,44.00762763774037,-11.539377250530379,68.745336193383082,39.942295071807166,136.54410534910858,189.6274568560701,138.03959731022653,158.41611479244369,158.8542238399717,182.44884976967901,179.18326514016658,213.33791758340973,217.17175399251596,240.41071857001066,252.6698314691524,256.69102066927104,6.1297876181558024,7.5986537728919075,-13.537517624143987,-21.136171397035895,8.2130736636133008,-14.453095292993993,-22.666168956607294,17.047616848675887,-15.823376793222536,-32.870993641898423,6.3361754836195985,-15.573510455406847,-21.909685939026446,-7.7396010526966847,-11.053196422728234,-3.3135953700315497,57.793247934936517,47.100300770569447,10.692947164367069,46.635389575279987,11.15785835965653,96.678649773522011,63.371522668243415,253.7034160932526,195.48783631034755,143.77218274021732,138.02035078211065,164.59122004545853,160.8058367128269,193.71560197502492,200.90020826316706,225.61462247141338,231.34507089507431,248.54564165257759,252.76101287180748,-0.60581936777711576,-1.8855680299419362,0.3373279134740983,2.2228959434160345,-1.8845238661083386,3.5898077406118318,5.4743316067201704,-0.23996599679239239,-6.0421576622498208,-5.8021916654574284,-0.42480333558438588,-5.077953066376466,-4.6531497307920802,0.49810243835818824,-0.41763782589347898,-0.91574026425166721,3.4155793975413076,6.7356069859329182,7.4195423169832395,9.4842218028338436,2.1092599641501124,10.097597529721639,12.607363082741017,17.287582845468279,5.3326649634958869,6.7609788192039844,-7.47399643010624,-8.237703491054873,0.34989102559992863,0.41557054714414443,0.3866113553072929
1570,2020,115.82552981619543,43.475198866903483,3,10,22.473093287673951,-18.611114501953125,88.248000314390083,99.78583983527642,-11.537839520886337,100.28748595614161,-12.039485641751526,161.90519756509093,103.67110090269489,398.28444219008088,193.70884790573245,143.49318156778659,147.36758763507612,159.18561933519985,170.53102423820772,192.06115924120112,204.12093983802637,224.76707857498147,234.11832994906814,249.44448741740558,253.37368931285104,2.4320289991478603,0.62831778082477285,-3.4517396457105463,-4.0800574265353191,5.9205561455338511,-5.3380159458796754,-11.258572091413527,3.9325260794188353,-7.6009107333238433,-11.533436812742679,1.2373330780102947,-8.1189604703182567,-9.3562935483285514,-0.58727464417921738,-4.3575972066309419,-3.7703225624517245,35.752642995907081,50.07755742619338,-14.324914430286299,50.700379114832685,-14.947736118925604,77.583750977410091,40.157606450822641,145.34230277058668,186.47518668859362,138.7098543310376,155.07102610379621,156.3765832287061,173.86468482842315,175.89139511801488,207.06072029685717,216.63882763074099,235.96780610536774,238.58512971193937,253.59373727762772,7.7934409091277814,5.7553060439801129,-10.543424474993145,-16.298730518973258,6.3705924752649992,-10.89354668858968,-17.264139163854679,18.579236954442194,-11.560145023801795,-30.139381978243989,6.8473801055617685,-11.662339534069275,-18.509719639631044,6.0426402770754351,-8.105700497801962,-14.148340774877397,52.49535742279113,49.708283700518223,2.7870737222729076,49.587106251885416,2.9082511709057144,84.321446461020969,63.513494521721441,252.94213911518455,199.47001032698671,145.89365858563633,141.57178801817525,172.09786429909082,166.04359113971782,198.6510713158836,200.83605574869995,228.33711930251968,231.71073653257812,252.53918778724449,253.03150313354243,-2.2455823624576965,-1.6897759065595608,1.0476981586626835,2.7374740652222442,-4.8562600535486524,1.4228908136245764,6.2791508671732288,-2.3321357905365119,-3.4282465864909568,-1.0961107959544449,-0.36949364010786212,-3.5099266991398963,-3.1404330590320342,-1.8467425790719005,-0.40395657939220087,1.4427859996796997,5.3614119099799211,10.039023271585478,5.1269882631553401,7.4450819505396737,0.45003632973114804,11.226852528813652,14.646710875023359,20.911372744978706,5.6100470275514738,7.2168737456696306,6.6299149212546524,7.8893828561473356,0.36492086402215579,0.47919246660515025,0.38735584074210172
1571,2020,116.07553095976587,43.475198866903483,3,10,22.473093287673951,6.0555572509765625,130.70113480504733,149.21040146899759,-18.509266663950257,150.01515277113504,-19.314017966087704,144.12842639607243,86.738149117645662,372.2231498680776,195.60075299425625,146.95803497294449,145.15377376131696,163.59581893915148,165.78619688135331,192.83468663601201,194.38033209299894,224.82935421419171,222.31031619500482,250.00672477809078,245.92945176992285,0.92581113581522345,-0.40659050100120453,1.0991806970301354,1.50577119803134,3.1170640643311458,1.2892519487158722,-1.8278121156152736,3.7931594961662256,2.7087847532286844,-1.0843747429375412,-0.1155063285869744,2.3195679883448292,2.4350743169318037,-2.8642017929902863,1.173815075030376,4.0380168680206623,50.076529346269126,81.349760911654812,-31.273231565385686,82.709465613786961,-32.632936267517834,60.008096268524923,14.006429430096432,97.880456585728098,177.90279913219877,138.30317102038111,144.57426588311463,156.09570948875242,164.6197951081227,170.36321082576063,193.52993771855992,201.88655197641859,218.39889994433491,218.84775319020568,241.68592504171286,18.010747231882647,9.4154051037250213,3.3460712626802831,-6.0693338410447382,11.607358122195137,2.6665129638180645,-8.9408451583770727,26.837470652494943,4.0977284546875126,-22.739742197807431,20.862340369515152,4.0077447025857111,-16.854595666929441,24.039392641978736,2.7880726531708433,-21.251319988807893,80.624605089560646,67.860641868644962,12.763963220915684,67.30568709112049,13.318917998440156,84.120329742600916,72.731719602281373,274.3426926357788,203.95197104847799,149.05111384654356,146.16808503197203,176.84970564155583,166.87942804286087,203.32503020392889,195.52303171245964,232.71804456004446,226.61351492159289,253.45197604370145,249.55444497622361,-7.4684074531499505,-3.3557363953453603,-1.98770845949457,1.3680279358507903,-10.429012572369544,0.0085501396841038968,10.437562712053648,-8.3239337333258163,0.86984481000612845,9.1937785433319448,-5.470563780457411,1.0179829786203527,6.4885467590777637,-5.4800879642596385,0.12760557818546658,5.6076935424451051,17.084936096067423,25.479154685032597,9.8219956047262258,12.771141499070382,8.4902940578639914,22.036370694564681,23.044311156328718,35.161404385820759,20.977846698102127,26.332904149972563,26.903594434969023,29.519480606238375,0.26296176532926191,0.41635156761941983,0.16147945941409325
1572,2020,116.32553210333634,43.475198866903483,3,10,22.473093287673951,1.6842041015625,115.12406198425015,134.23118192491529,-19.107119940665143,135.06192448816,-19.937862503909855,133.13469348075887,97.070674967639206,365.1323843896389,197.66627724190491,146.67822671524817,145.36542935850653,165.82488358278889,166.51937659091553,198.36500240752054,195.70926025981694,225.8212526347771,224.00563655588149,250.27081933974807,246.67517339070591,-1.4305954886359018,-0.84704145445024892,0.40820265715726123,1.2552441116075101,0.86957131076502492,0.41321607376221436,-0.45635523700281055,-2.1292463954649463,0.79910698318926165,2.928353378654208,-1.1653423898574999,0.66662437039434508,1.831966760251845,-3.257759888501937,0.33976358314200183,3.5975234716439388,23.931665726166102,69.721873824371869,-45.790208098205767,71.712752420808101,-47.781086694641999,32.848797392183769,16.692342809026741,68.845099271391518,179.99119736718063,136.93016764408438,146.04145338023875,155.16622755936243,165.20113737042232,169.61856221222905,194.90863669608908,213.97381315297528,220.96163476422657,219.88845781615345,244.00125755288661,14.94115212592655,9.8048275906718345,1.0650638996235671,-8.7397636910482674,11.843774661468103,1.0067300866943754,-10.837044574773728,25.5654201940186,1.179827971521064,-24.385592222497536,8.6212854421228826,1.1996557276291924,-7.4216297144936902,23.517905586992185,0.78832707735256236,-22.729578509639623,91.192396299062239,64.509305672438131,26.683090626624107,63.349171948142612,27.843224350919627,100.28589609426126,80.378332070951728,296.28728503547609,202.51307846578626,148.84368857418994,144.74662072261219,177.14099615590737,167.62637937058557,201.55427010450492,196.57117140508703,229.42072879786707,227.21598012673806,252.76857947903761,249.32989946576367,-5.9718010177126075,-4.7625454826108182,-0.85539325580180048,3.9071522268090177,-9.8599692977226994,-0.048441068683985122,9.8115282290387142,-6.3160363529675578,0.31722869976815105,6.6332650527357089,-2.8503626032436102,0.21138275171040277,3.061745354954013,-6.1313495599872283,-0.24228716791728289,5.8890623920699454,16.371747614562452,20.912953143639157,10.651869045122083,14.567373073282653,10.974203350703078,21.703743959190803,27.694666589483546,31.881456546986158,9.7866278319803826,11.471648045366493,26.775665475494122,29.649255146979414,0.18854832442888922,0.24673356383196393,0.17196071640164784
1573,2020,116.57553324690682,43.475198866903483,3,10,22.473093287673951,-4.8333282470703125,97.421646177768707,115.94729971885681,-18.525653541088104,116.75276303291321,-19.331116855144501,131.97532430786032,92.975442566352285,364.9350058902055,201.86824767382393,151.96782386321792,155.43886648533152,176.09018305610189,176.20761262334244,202.79130114073294,203.27656172202003,226.25642994869156,229.45249110631158,250.36272511711999,250.15833943884434,-0.61719918872006474,2.6125076608645372,-0.90664031390051036,-3.5191479747650476,-1.9386737091126918,-1.7201858323003307,0.21848787681236104,-2.1835584360535734,-2.4113839008592493,-0.22782546480567589,1.0924299017518422,-1.9747202899313265,-3.0671501916831687,-1.4626383566925938,-1.19471198582184,0.26792637087075377,49.457377083599567,62.438762724399567,-12.981385640799999,63.003171503543854,-13.545794419944286,60.783187665687365,46.235366589164187,126.36003091436578,204.17503180137584,159.55171695151643,159.15445268859145,187.7024174233384,181.24984410321781,206.53130566400483,206.85396668396746,222.27256175981165,230.19359696677236,239.73516014996449,249.77151370090635,-1.6406937750523127,-1.4101749327750497,-2.6510597847251915,-1.2408848519501419,-9.5967398585407011,-3.1513369604340937,6.4454028981066074,-3.7749282461744826,-3.338375000884156,0.43655324529032669,4.4245333549906718,-3.1587400878756569,-7.5832734428663287,7.1332461208052109,-2.4804416677642394,-9.6136877885694503,47.964269071817398,53.508536994457245,-5.5442679226398468,53.749591469764709,-5.7853223979473114,71.192136616095922,46.740075924102712,238.5749747119844,199.77493748067468,146.72912905350015,152.07121078869955,165.58375023740913,171.16187196759506,194.78986178083818,197.77515444634381,232.58463042209911,228.15642275897534,256.68111468255211,250.55959121967419,-0.50033597621759895,6.7556758127757917,0.19221725453772365,-6.563458558238068,5.2798796050293788,-0.60498398653498953,-5.8848635915643683,1.3657226216173228,-0.59577401891365867,-1.9614966405309815,-5.2352586875435634,-0.23150280721205263,5.0037558803315108,-7.1569868562853287,1.1215479503579502,8.2785348066432789,-1.023494586332248,-1.1403577988347138,-4.0226825936395869,-8.1658507455508413,-7.6580661494280093,-14.87661946357008,-1.5913698101209093,-5.1406508677918055,3.3321034532388296,9.6597920425342352,8.5958844774978047,14.29023297709054,0.34625352151715066,0.46056479106577336,0.4972857919570336
1575,2020,117.07553553404773,43.475198866903483,3,10,22.473093287673951,4.13043212890625,169.34578351156233,169.27751660656577,0.068266904996562516,169.27454863124512,0.071234880317206262,186.3472507182305,142.51156766589702,469.03810284845531,196.38436688164848,145.98112521458867,140.73761956093909,167.06625594076513,163.32121028626372,197.06297969813318,193.01906789140784,224.89046596047973,222.61290117580236,248.29707208302779,246.40938682991433,-1.2850538160707003,-4.0848629547164421,0.97598977569478507,5.0608527304112272,-2.2993506128993317,1.5954989197682892,3.8948495326676209,-1.7798165658024345,2.2120519297584451,3.9918684955608796,-0.34085192529613551,2.0233637625508436,2.3642156878469791,-0.93530406478512873,1.0852836559210743,2.0205877207062031,111.95058169945696,115.37569009348226,-3.4251083940253011,115.524608568845,-3.5740268693880353,119.92691049423593,86.824720726957821,219.85963284922764,195.15754416287584,154.23562552903007,146.46089562783573,171.16876983195291,168.0264016713115,196.70429825422633,193.60335488601987,218.46187328938205,218.47805971183226,238.65253089186521,238.78717519034717,1.5014025953663008,-5.3437661991542029,2.6124982525508642,7.9562644517050671,0.14159114183269139,3.2605799145555068,3.1189887727228154,0.43625952223797526,3.462560127751658,3.0263006055136827,3.7239762878833744,3.4636217619636795,-0.26035452591969488,2.9937160924164914,3.2502870600641529,0.25657096764766152,57.395201625840855,53.901826281144167,3.4933753446966875,53.749940953878649,3.6452606719622054,66.420340067532379,55.686846921445976,249.17846977896988,198.4616205284058,141.16556706534212,132.84805300581402,160.15198782799246,153.30296153173794,198.34454799049504,190.93077547876163,239.613041350309,233.30914069164342,258.97500469270449,257.23512411343609,-6.2104368078678931,-6.1167021275371667,0.26857673537227811,6.3852788629094448,-6.8821009774708557,-1.3436549549871302,5.5384460224837255,-9.3324175688402988,-2.1650342758126442,7.1673832930276546,-9.0475545161748414,-1.7724037125548762,7.2751508036199652,-4.3608864497636262,-1.284953930755222,3.0759325190084041,2.7864564114370012,7.7118394032341939,-1.2589032444377608,0.77293592838296377,2.4409417547320231,7.0236921193035471,2.2160760880404098,9.7686770910782741,4.0648282131795099,12.771530804058216,3.9290201572016201,7.3546025421801176,0.46874578315498511,0.64356683574351969,0.60924682921535889
1576,2020,117.3255366776182,43.475198866903483,3,10,22.473093287673951,3.850006103515625,167.08139890527127,158.7039348201688,8.3774640851024742,158.33969775063451,8.7417011546367576,187.80560655869886,151.28385102815992,472.22518498171121,193.74683241444819,142.44766147023603,141.39662789424489,164.3505091499527,163.30315049507493,193.25388427055944,192.13614372400107,222.21438545006822,221.411111370664,245.05842008675745,245.74211820618595,0.85679126531104544,0.085099898629408699,1.0011126112979696,0.91601271266856088,0.55505489402324315,1.6812394084369089,1.1261845144136657,1.0983655684960922,2.134589545043724,1.0362239765476318,1.1575873116812545,1.9022513259734239,0.74466401429216944,1.7885021822657166,1.2159620375489624,-0.57254014471675418,119.30542119777783,115.52215211694056,3.7832690808372718,115.3576627315706,3.9477584662072331,131.61213615316592,99.421642820023408,247.37312660599127,192.17392443705842,147.90671776362475,146.61325982544815,167.30957197328362,167.1079461716752,192.52843393432727,192.84609142447215,217.32159655829679,218.6024856164384,236.86461975135359,240.1622244262231,3.7838085705734557,0.92841087097079367,2.4926006373948439,1.5641897664240503,2.3009945159087124,2.8508930645767236,0.54989854866801124,3.4330537989928587,3.0804490191517573,-0.35260477984110139,4.6111066122298041,3.1093279942489005,-1.5017786179809036,5.4930880207646737,2.6988869058054945,-2.7942011149591792,47.77597784160389,43.18178374630952,4.5941940952943696,42.982035582327626,4.7939422592762639,56.193470554544547,51.8622083645987,224.8520586239174,197.10986595718882,138.29864195685224,132.46227307577209,154.85946662783167,152.97019621783639,194.97423003280079,189.35256394254068,237.11952220045944,231.00495661451751,258.3032896678925,256.09659012101105,-5.7035541601982231,-3.0150601734176803,0.17309064753686698,3.1881508209545473,-1.414423204497183,-1.9197230484707859,-0.50529984397360295,-8.1160382414304024,-1.4221100182528232,6.6939282231775792,-8.5268657953654383,-1.4901822151603881,7.0366835802050502,-5.9141694927754997,-0.88983296601108464,5.0243365267644151,2.9270173052624102,9.4873627307716788,0.84331097234138497,3.943471044388474,1.7459396218854693,3.7154177204058954,2.3346882304967664,11.549092040423261,3.4535193005485496,13.137972407595242,3.7045858384989572,11.407257513540173,0.52384568733997483,0.70078917538614804,0.65718609186857035
1577,2020,117.57553782118866,43.475198866903483,3,10,22.473093287673951,4.304351806640625,166.44218662381536,156.7868279089198,9.6553587148955557,156.36703168912936,10.075154934685997,184.92710322959465,144.10237383629101,474.4168338580057,194.27501600923088,141.46239164510476,140.21126151300825,164.10068315083319,162.38912045419025,193.99748802416107,192.11833652955727,223.399579585212,222.22250678227812,246.84437690441226,247.53790351817128,0.3411636519406045,-0.063318781592158757,0.91631643289713338,0.97963521448929214,-0.22047478514409136,1.7615946012125789,1.9820693863566703,0.37135739397524503,2.1819771913029626,1.8106197973277176,0.74833629819804059,1.9253449035467725,1.1770086053487319,1.6399601477695285,1.0500216717188096,-0.58993847605071892,113.34620575536246,104.00214944736581,9.3440563079966523,103.5958880556791,9.7503176996833645,124.74062482361842,88.939056461451401,236.97018578229472,192.50200611969578,141.43632221632038,146.30566816648661,168.17404813959817,167.17545621547112,193.73343809353605,192.86665894717109,217.21334318770229,218.16669745516961,237.63715998810909,239.93531523126751,3.6745564564041047,7.6910735943021393,2.8458225290044652,-4.8452510652976741,1.990349779644248,3.2413232087727408,1.2509734291284929,2.6627992864453063,3.5118005741993841,0.84900128775407779,4.5137904947690117,3.480740672039957,-1.0330498227290548,4.4373019227556085,2.9300259841170941,-1.5072759386385144,53.095980928057543,52.784679215681535,0.31130171237600734,52.771143787645087,0.32483714041245548,60.186478346371587,55.163317454002026,237.4466482354328,197.55942751462291,141.48866868967906,132.37713010028151,154.40800186146393,153.18365437204403,195.35855510237349,189.68670150472369,239.15969733870153,232.37952006322718,259.29512802871926,256.70115816121449,-5.7265078898677473,-5.8751583966814565,0.24176630425719736,6.1169247009386538,-1.303953868271492,-1.4889152550652511,-0.18496138679375917,-7.6001956924373246,-1.4694826940444443,6.1307129983928803,-9.4523214269947289,-1.7332466824014716,7.7190747445932573,-5.5387124454361185,-1.1443151365611754,4.3943973088749431,3.3333928044635002,9.4010643462718519,7.7543923758942981,13.566231990983596,2.2108245647883393,3.2943036479157399,2.2914418924700612,10.262994978882631,3.7654541965709711,13.966111921763741,2.7973417749860801,9.976014368191727,0.4994978442380073,0.67453944092093288,0.61719355548224031
1578,2020,117.82553896475912,43.475198866903483,3,10,22.473093287673951,10.333328247070312,184.84870938720633,169.12042961249608,15.728279774710245,168.43659289386778,16.412116493338544,192.50083331352016,119.42589722809862,467.95164215564728,199.27939343646375,147.51239520666931,144.31368165788805,166.68274931850826,164.82121689357052,198.91765510200074,193.35513849608668,228.1072243911253,223.64642403078361,253.28021560996984,249.38267878763349,-0.53255760961002352,-1.3732231429482056,1.2951315059176807,2.6683546488658862,1.4090367360002176,3.5777340849748782,2.1686973489746606,-0.62676126028662793,4.9855647076133778,5.6123259679000057,0.11295982287677475,4.6533111954690014,4.5403513725922267,-0.96492887187960719,3.0799207262289485,4.0448495981085557,94.330258765852705,80.467505260688995,13.86275350516371,79.864775469441156,14.465483296411549,97.981392782961848,50.393919910640761,167.33444287601014,197.69728437266343,155.47186654718703,145.6166796817009,173.09106237338278,168.01465716244689,198.61600464953824,194.12318544502122,219.61409251352538,219.55421132043998,238.72132272388725,242.59707280214499,3.2239389165699208,-3.496304087358709,5.5836214320659394,9.0799255194246484,2.0424691156198378,6.8098924959571718,4.767423380337334,2.9066583567540363,7.8991968880458217,4.9925385312917854,7.7400862830000108,7.5191679315256295,-0.22091835147438132,8.9762903213253651,5.9475417958543346,-3.0287485254710305,90.518450915651556,88.652925946233154,1.8655249694184022,88.571817032028775,1.9466338836227806,94.519440884460892,69.03197717682815,300.61719949543476,200.71469678243562,145.88423636420109,143.08634127429426,161.62711999353471,161.72101333915089,200.30553347402773,192.32261608829333,241.73356685755562,229.18226309152408,261.29148328026645,255.05468500606943,-4.1561813428238281,-1.0399951896185939,-2.6487786297758475,-1.6087834401572536,1.2704664814606019,1.433130883793325,0.16266440233272306,-6.6571236091952528,1.3974475630537313,8.0545711722489841,-12.61049321435965,0.46915947320604801,13.079652687565698,-7.5368686663340156,0.27441011723669817,7.8112787835707138,3.7564965261799443,7.3801202593937489,-2.1230809444105034,-2.4563088977401151,0.63343237961962018,0.77200263415923587,3.5334196170406642,9.5637819659492891,7.627126460123236,20.350579497359661,9.9412191932049723,16.513158987659381,0.35758917760214282,0.50899204484680116,0.42196810809292407
1579,2020,118.07554010832959,43.475198866903483,3,10,22.473093287673951,15.478256225585938,202.88004915403508,187.69592144244234,15.184127711592737,187.03574500067043,15.844304153364646,203.93419584971707,111.68582462663107,477.28864324092865,198.30319547119146,146.84396732319985,145.54191836753617,165.13826822594615,164.69897876501079,197.62697938403306,193.30401594236997,227.52261961649694,223.76567635727437,253.38645702228422,249.71774936408562,1.8030968614222616,0.42541466681205975,1.3837733970024999,0.95835873019044016,4.1325230282799623,4.7371397226273757,0.60461669434741339,2.2953681324703155,6.7490657783760355,4.45369764590572,2.3644279269569779,6.2090890714733575,3.8446611445163796,-0.0063024523514911834,3.7087870931447355,3.7150895454962267,98.926838281466189,84.902160280033058,14.024678001433131,84.292390428536237,14.634447852929952,99.366710294434597,33.938612297741201,155.79664180697364,191.97084798308043,145.99802052718059,147.85764238436147,168.26346469182076,168.79209076282515,193.19885297520622,193.95222679920155,215.4229279389121,218.73425215842374,236.21431519233906,240.41161689303959,11.61258980391068,8.493776153557036,6.0543514979393933,-2.4394246556176427,10.454894236362207,9.0500781003029545,-1.404816136059253,12.097461449721692,11.322090309226866,-0.77537114049482625,14.48666560767262,11.139502254774868,-3.347163352897752,12.122953969930222,9.7919040817486689,-2.3310498881815533,103.95321123019676,102.7937655886999,1.159445641496859,102.74335465635886,1.2098565738378966,104.56748591291034,77.747212138434406,321.49200162384659,202.93329723987179,146.94307738600693,144.11099540220624,163.39997481891749,161.38801977363806,204.43981242736828,192.32432280508397,239.4194493112505,230.75353015050172,261.13711629394015,257.02948559386266,-6.1558197912260653,-2.4452977503565023,-2.5352938260903386,-0.089996075733836278,-1.1208091263574431,1.5925320412781332,2.7133411676355763,-10.709303109914657,1.5025890578921519,12.211892167806809,-9.9716301940121923,-0.67398631915827423,9.2976438748539181,-6.786803525555996,-1.0381251791567365,5.7486783463992595,9.8094929424884185,17.768409595136745,8.0683614867449762,10.939073903913538,6.3223712080822452,11.575703362719651,9.8020933172513764,22.806764559636349,12.122237680715642,24.458295801684812,12.129256422281713,18.909757495486218,0.32642017364810766,0.48724888869378136,0.30387573724059397
1580,2020,118.32554125190005,43.475198866903483,3,10,22.473093287673951,7.0434799194335938,175.12765224932809,166.18349888775265,8.9441533615754452,165.79462342313491,9.3330288261931855,189.33282985906772,138.91784779728914,447.40505451941863,196.45445387910485,139.94461109903284,131.84858089944456,162.52121380591851,159.89030112729779,197.18923851976689,193.38768986011982,229.46239031939032,225.68548427472237,255.67033891537244,250.51566075520094,-1.6120874106895258,-6.5081453305519972,-0.40737503676845677,6.1007702937835404,-1.6798141242997247,1.650503993715887,3.3303181180156116,-0.66741274964573449,3.2084868652046055,3.87589961485034,-0.40241827740163671,3.4684722152744598,3.8708904926760965,-2.8975712885466294,2.3661231523616664,5.2636944409082957,68.485156703813118,59.860897068254417,8.6242596355587011,59.485929025191581,8.9992276786215371,69.952914808018249,40.184992645283273,119.22399394516833,195.1840905292805,155.36520286349395,144.71783357774845,171.94853169644153,171.98660191706804,196.85016753342208,200.00074448076271,218.10047171939593,225.45726213993825,237.68032926925213,245.86396925589852,7.6949350574292623,-4.539184828645233,5.7565816295382888,10.295766458183522,6.5268129916381952,5.780157291465116,-0.74665570017307914,7.8369146664401228,5.9851633780093607,-1.8517512884307621,12.352504300674724,5.5420767639582209,-6.810427536716503,11.018549162788048,4.6553236739171098,-6.3632254888709383,106.64249511710659,106.32260293449508,0.31989218261151109,106.30869454695494,0.33380057015165221,119.37991459283876,98.732854544621659,328.18105942429975,197.09593466636804,132.54771277895836,126.00320170704447,154.93901299498151,152.68305745702889,199.07157504548104,187.24510352093537,239.78171247311519,225.87580126820819,261.30072197255259,253.90436061742571,-7.6743162159850158,-4.6387009495732343,-1.586824515806839,3.0518764337663953,-2.6854187533955098,-2.3192919717357086,0.36612678165980128,-10.999421669138513,1.382691222786093,12.382112891924606,-13.334076759193266,1.3507003676263594,14.684777126819625,-8.9423061748496764,0.49723654617844204,9.4395427210281184,9.3070224681187881,15.369251273414278,1.9689605019067642,0.099516120928001328,8.2066271159379198,9.212231745033705,8.5043274160858573,18.836336335578636,12.754922578076361,25.68658105986799,13.916120451334677,19.960855337637724,0.26647887130652359,0.36947060295928913,0.28927163271289497
1581,2020,118.57554239547051,43.475198866903483,3,10,22.473093287673951,9.625,175.84800576973066,170.52019962708073,5.3278061426499335,170.28855508788183,5.5594506818488298,181.81066862303123,127.50869885277643,438.11329392995685,199.41185925083832,145.1179350770762,137.27817328114247,166.33894390425172,161.86007604916597,200.19730151712974,194.11103794783975,229.63852476011019,225.59268369236537,253.9228678023822,250.70013802772331,-1.533167289792857,-5.522747202821904,1.3024006557914447,6.8251478586133487,-1.5589658857728068,3.5691399198000227,5.1281058055728295,-1.1557137400785962,5.1011276595381219,6.256841399616718,0.82946481014943174,4.9588015713180766,4.1293367611686449,-0.1812424319903414,3.0588904293860537,3.2401328613763951,82.308629147623833,66.964476221013683,15.34415292661015,66.297338388640128,16.011290758983705,85.027461580847557,55.782704698937778,156.37685404531658,201.96101850475702,157.31423348418838,142.97448229645087,186.33369062254459,172.32712643001807,202.59785204650575,199.26004372877023,223.87759520929797,224.10311092986581,242.34579131616351,243.70983920815476,0.98891039899817201,-8.8264684138989935,5.0278018174461465,13.85427023134514,-9.0402689252910591,5.9208589628793789,14.961127888170438,3.5366737662967864,7.4390713715175707,3.9023976052207843,7.9162481436555083,7.7887617801608542,-0.12748636349465414,6.9298929407420076,6.8388741168346314,-0.091018823907376145,93.539376575230563,103.55572199542257,-10.01634542019201,103.99121678368101,-10.451840208450449,96.783206965505087,71.725993793726957,281.73643919732422,197.28172300742324,142.53669949803049,133.37473464144674,154.71391273492216,155.91770444648944,191.96902870841922,188.5020703082902,238.42168490417544,227.86536037224627,261.26534350651303,255.78667884244837,-3.6169833641316416,-6.3682676138419652,0.29310028537190647,6.6613678992138716,4.2047182329577595,2.4419901477390056,-1.7627280852187539,-0.91532092322773906,2.91439197311675,3.8297128963444891,-9.5428319143694864,1.5924462341816934,11.13527814855118,-7.0628781857156753,0.56281242261869124,7.6256906083343665,2.522077688791029,4.6058937631298136,-3.3037212110770895,-2.4582008000570283,-7.4813030395182523,-13.244987158248819,4.6923875063753826,4.4519946895245255,7.0867833335060766,17.459080058024995,7.111135372732349,13.992771126457683,0.35693245608364771,0.46767036403757295,0.43748156165678842
1582,2020,118.82554353904098,43.475198866903483,3,10,22.473093287673951,7.0833282470703125,177.85944229364395,168.52453398704529,9.3349083065986633,168.11866939067841,9.7407729029655457,190.3102211377518,141.54235694555973,467.79460245743394,203.65335115848364,148.02075640337776,147.34023493835412,169.98025003349346,170.81688358552972,205.1181131802023,200.51663239724783,235.62470482221025,229.30528968789991,257.79336576774915,252.1149918329852,-0.37507679246616021,1.2100847291779644,1.4621196400239,0.25203491084593566,3.0434421685692712,2.4182423039883929,-0.62519986458087828,-0.77988646873123457,3.9791229005026594,4.7590093692338939,-2.4306829906542191,3.9895515278521714,6.4202345185063905,-3.165300783973322,2.498260466736042,5.663561250709364,83.63228686247021,81.011209547519684,2.6210773149505258,80.897249728441238,2.7350371340289712,87.300618619655324,99.551004783794269,208.23599421535619,216.21159747712016,180.63320464663485,156.883598162602,195.99719272105665,184.15369518142739,216.53179879596451,207.48781535037435,239.08080095930916,229.44389185242514,258.04696582572001,246.28041026748744,-6.3730648628163351,-18.918742187889677,2.4668846240231233,21.3856268119128,-6.9470094582050876,5.3564542968360627,12.30346375504115,-3.8912749402751388,5.8714989546859044,9.7627738949610432,-4.0053986948124418,5.9220708538582301,9.9274695486706719,-7.227673064456468,5.2903622706078579,12.518035335064326,94.22715550661087,87.513325393199921,6.7138301134109497,87.221419185400009,7.0057363212108612,103.0096025016428,41.991352064907915,259.55860823020339,187.47050104018888,143.59491447908493,142.20701330834268,152.2382392855134,159.49982679863476,172.75596097899086,187.56139000710564,225.28829216974958,228.87608004433321,257.37469802025515,259.22253020859858,7.8653138398826741,1.0551606562628706,0.72831689313491665,-0.32684376312795393,9.471400954049102,2.2428932569202971,-7.2285076971288049,15.891469460615809,1.4645954245698931,-14.426874036045916,3.3507760842125833,-0.32844366553254645,-3.6792197497451298,-0.0048124171308927544,0.37548947762286389,0.38030189475375664,-5.9979880703501749,-14.238378702699009,-20.128826917067641,-19.973902844152548,-9.9904516267743588,-16.41841041225419,-3.1113884715439042,-19.782744400890948,-1.5747157041582227,-7.3561747790250251,-4.0623722804831459,-7.2228606473255752,0.44514407203812106,0.45872795532334926,0.70333013334011207
1583,2020,119.07554468261144,43.475198866903483,3,10,22.473093287673951,15.708328247070312,159.78491926193237,157.92516493797302,1.8597543239593506,157.84430658817291,1.9406126737594604,160.18725514173093,108.1908743083477,407.00197251141071,202.17275236162109,150.77377575687262,151.29318820172008,166.82667918968124,169.61672972118708,203.06850072315106,196.55138015474142,233.48124281031465,225.15574970766417,253.9808625071299,248.16872781562438,2.4373471755536684,4.1442723352894575,2.9555882048935587,-1.1886841303958988,8.9079432528378106,6.2941536395913431,-2.6137896132464675,1.5521651041597977,8.152776450498493,6.6006113463386953,-0.051145668480018003,8.1659281952008769,8.2170738636808949,-0.29421380668003394,5.6600316289782882,5.9542454356583221,44.875292463228106,58.059240251779556,-13.18394778855145,58.632455289363861,-13.757162826135755,45.118354285585156,30.628505602478981,108.9392726792139,206.3458455854925,157.2623048761605,156.45493559639505,191.4287230295904,176.85054363024727,206.19313149646308,200.98545599829765,227.60608288287244,224.17333985210325,253.06610562720982,242.68959129757422,1.1082507209239338,0.2777740598881735,-0.25619506110001566,-0.53396912098818916,-8.7439931356788918,7.0483512420398142,15.792344377718706,4.5199551533394811,10.216157969176209,5.6962028158367275,6.4744281529786178,11.280107279494558,4.8056791265159404,-2.8105869873374161,9.934741439560014,12.74532842689743,114.90962666273117,99.865925014019012,15.043701648712158,99.21185028553009,15.69777637720108,115.06890072017268,77.562368899583817,298.06270024180412,200.53180013927252,148.3835454815528,149.34282158801574,163.03492679215404,165.38108014642339,200.30486715967226,192.74069395330088,235.34744374400998,226.04738149790691,254.15636876076826,251.90411256075254,1.4506272977149592,6.7559904317423332,4.1313962019748942,-2.6245942297674389,9.0621402026394833,6.2691957183966451,-2.7929444842428381,-1.6333896941007708,6.6792584334479841,8.3126481275487549,-4.8950096736344051,5.3093483685320564,10.204358042166461,-0.60585023651933056,2.7870330025366741,3.3928832390560046,-1.3290964546297346,-0.3423765767910254,-3.866498275401284,-6.4782163718541597,-17.651936388516702,-17.806133338318375,2.9677900491796834,6.1533448474402519,6.5255738214586358,11.369437826613023,-2.5163731806573821,-2.2047367508180855,0.26766276341857209,0.28166007492709211,0.28309694138515501
1587,2020,120.07554925689328,43.475198866903483,3,10,22.473093287673951,12,180.99791227039532,166.34702026215382,14.650892008241499,165.71002382203005,15.287888448365266,186.60632751640514,123.81536555094135,456.4468689635396,197.50906415934338,146.36616996486111,145.13936704513353,162.19681041774976,165.00819654212862,197.92128607414719,194.02734880961268,228.5614780843388,224.51633390066223,252.13021180609516,248.59095566660415,2.4422120623356136,1.9430725855138746,2.6593381914149745,0.71626560590109989,7.5096527442056811,4.6099562744470006,-2.8996964697586805,1.8202710335746417,5.9757437091403176,4.1554726755656759,1.5983210826106813,5.8134884221914263,4.215167339580745,-0.43500222922884291,3.2315694839792855,3.6665717132081284,67.57186356492457,56.681578398347483,10.890285166577087,56.208087320508639,11.363776244415931,70.254853907303186,51.359578484005397,159.34862069576047,206.9257536356109,158.5311549244212,151.38718648760494,191.33318356332171,178.35072952116204,205.58675265814395,203.17505138964245,228.91963250823392,225.94302824384192,250.66622873157934,244.16404789590698,0.46544626766171859,-3.4426927066904227,3.2935071029368714,6.7361998096272941,-8.3626060113511471,6.1595199605817186,14.522125971932866,5.1871420647545108,8.5675646880248735,3.3804226232703627,5.4296354439198922,8.8968367269201849,3.4672012830002927,-0.11930740529891182,7.3637669123716876,7.4830743176705994,113.42604811314959,109.66544117057856,3.7606069425710302,109.50193673993999,3.9241113732095982,116.3514730167808,72.455787320255695,297.09824805706739,191.44359125394317,145.48762595424594,142.31550485750512,154.71716335535049,158.86459231184716,180.16099957098075,184.95107218556635,228.12363405497445,222.39021286057775,253.51043227862243,251.20963542389825,2.9692737273180967,0.99926144195814004,2.8910909441400747,1.8918295021819347,8.8040324945027919,5.0559169081659547,-3.7481155863368372,9.8205346670482072,4.6397527933156084,-5.1807818737325988,-4.1966620180997154,2.3680719372904946,6.56473395539021,-2.938317121677585,0.89710408903937378,3.8354212107169587,-1.976765794673895,-2.5038274596563781,-5.3857652922042973,-4.4419541486485628,-15.872258755556828,-17.166638505853939,3.3668710311798691,-4.6333926022936964,3.8313143613092109,9.6262974620196076,0.31569482392993109,2.8190097163786731,0.34910661356401823,0.37648698649367535,0.41480779267961315
1588,2020,120.32555040046375,43.475198866903483,3,10,22.473093287673951,16.454544067382812,194.84656094427919,187.91819717131148,6.9283637729677139,187.61696286028018,7.2295980839990079,194.20166736959254,148.39946944598341,502.21223577111959,201.67097447009593,146.9502327709715,144.60468072566607,172.20727167930656,164.28766313345787,202.40730461047036,193.34820005150621,229.92301504650484,225.23302184861444,255.45357609691973,249.29177738466996,-0.25745727902139492,1.0993023442542835,3.133956422624351,2.0346540783700675,-1.2444974789665366,6.3119570375561125,7.5564545165226491,-1.2286484205495469,8.0469939402412365,9.2756423607907834,2.4318261668896071,7.5029985711745724,5.0711724042849653,-0.69693220856822791,5.8570440453068784,6.5539762538751063,119.76762659072119,80.990115960361436,38.777510630359757,79.304136616490723,40.46348997423047,119.22580750135967,86.802912295170245,269.02982838067692,205.17595512726734,150.2548524055548,145.76549626355023,184.48343750070376,170.9039472160454,203.97528705030808,200.37783483225243,229.03593020604154,228.0970897038234,259.18747283701924,248.53229375799216,0.6870603127073025,0.19163912095936553,3.5358909753155103,3.3442518543561448,-8.3623496298634734,5.3279296177526589,13.690279247616132,4.8790061308349664,9.1809464978281881,4.3019403669932217,7.4832146983228824,10.156921221805391,2.6737065234825081,-4.6288057847569348,8.5470312546408707,13.175837039397805,75.078934480217868,106.92808049840096,-31.849146018183092,108.31282654993993,-33.23389206972206,74.975859994892744,61.596557389231748,233.18240814656019,196.38347435739956,145.48510851880368,143.92645360818955,160.01612678766554,160.07594779134027,188.31722702575325,186.23078613048295,230.99479353896297,220.77037568031517,253.34486451526337,250.5020941287099,0.30791879572700509,2.2464175773297939,2.6826592502668518,0.43624167293705796,6.7903260387056719,6.9713537678626949,0.18102772915702303,5.4022458110918308,7.8071682913385985,2.4049224802467677,-4.9070743314094329,5.2206321909260964,10.127706522335529,-2.2318114184824083,1.5458665297317111,3.7776779482141194,0.94451759172869743,0.37914151698029741,-0.907663223294918,-2.0547784563704283,-7.1178521508969368,-15.152675668569145,6.1076545513845133,-0.5232396802568644,5.0513885314332754,12.390289029732315,-3.9318735761887069,-2.3969943662745266,0.53568951375228091,0.61392782624495457,0.58492737621791857
1589,2020,120.57555154403421,43.475198866903483,3,10,22.473093287673951,11,225.61332002331619,185.03757164704075,40.575748376275442,183.27341105622691,42.339908967089286,238.32012179543381,165.82557451166576,590.52597447484732,202.2144528668984,151.71373833598639,151.54254212913256,175.81104604898579,171.18100130260049,202.6055768518651,199.28641330007682,227.87779647825798,229.09824519681578,250.96519332684076,252.024566496901,1.7903371384857394,1.5722543343481732,1.3956585198731091,-0.17659581447506412,-0.90583581900847321,3.6496748630453624,4.5555106820538356,1.3128520368923944,4.7359824343874664,3.423130397495072,5.3427680843823566,4.4366848471057665,-0.90608323727659013,3.6319903217210481,2.8808450718869096,-0.75114524983413844,149.97406294201573,88.447468555968953,61.526594386046781,85.772400305857445,64.201662636158289,151.45674907420835,126.12116735108793,341.59273917853716,210.0980766925978,174.87131614123132,162.23343716902832,190.65237576519712,183.55181895105338,207.38147246686776,207.44157965805363,229.51432973694008,231.01902237938356,249.99852642476125,249.77454261119249,2.8714760564794517,-9.9688857917387566,3.1770828168654646,13.145968608604221,0.27367256042967369,7.3888223907420354,7.1151498303123617,8.1515553966750076,8.189251778271597,0.03769638159658939,8.3656067142900383,7.6576851402210764,-0.70792157406896195,4.4257468197622529,6.2581663479427334,1.8324195281804805,75.63925730668052,96.590103069399447,-20.950845762718927,97.501010858740301,-21.861753552059781,86.863372976407845,39.704407220182475,248.93323566764593,184.92474545673713,141.88003034255422,145.67484986884176,149.73824061640528,158.38290094324512,165.61903492466996,181.52562765299581,222.76034653368288,222.67915071360966,253.65936001753866,255.7407661949637,6.4153219274049604,6.2167968374928364,0.78253095179883303,-5.4342658856940034,11.566305245217535,3.5292557494974517,-8.0370494957200833,17.651237689420839,2.0698319605047573,-15.581405728916081,-4.8471358280073957,-4.9527780854477896,-0.10564225744039391,-3.0162284648957609,-3.5144424806599659,-0.49821401576420499,1.0811389179937123,-3.5438458709255087,-11.54114012608693,-16.185682629231593,1.1795083794381469,-11.292632684787861,6.8387033597826132,-9.4996822927458311,3.0228386299076817,13.212742542297434,0.79375649804120485,7.4419752846580138,0.57845506200182706,0.63551809193943709,0.76056523683091692
1596,2020,122.32555954902745,43.475198866903483,3,10,22.473093287673951,6.375,190.00327980518341,171.00789648294449,18.995383322238922,170.18200969696045,19.821270108222961,209.08485028147697,129.25872067853561,497.20559303835034,202.17653665989153,155.57091918225757,155.01262689294848,172.97149294735232,172.86367577654968,200.22027999766769,200.17890936286912,228.04994122317706,229.99795800696197,251.92993501414284,253.33286410628119,2.7418599426536616,1.8629151010687224,1.8018372541877739,-0.061077846880948528,2.8528580183005943,2.9603849438445877,0.10752692554399346,3.4840434531406856,3.5055201920884258,0.021476738947740159,5.2464793945126189,3.1672529626086714,-2.0792264319039475,3.5137059769824646,2.1288579763422888,-1.3848480006401758,128.6687303185463,84.1188904941082,44.549839824438095,82.181941986083984,46.486788332462311,129.01840293826535,59.612751156906597,257.31964759412222,202.95024908338152,165.59309567964797,162.62042729317065,181.65246450203537,181.7519968745176,200.30247546381941,206.20211415170726,221.8798989103739,231.52272306475382,245.20509255498274,251.7503968695016,7.315813473346509,0.049083930481941707,3.111892373804892,3.0628084433229503,4.3871352178902612,4.0253144053021401,-0.36182081258812104,10.014827054377662,4.4869302531417077,-5.5278968012359542,14.08333595267851,4.3563484563062786,-9.7269874963722316,9.0491012688221701,3.6672080739420494,-5.3818931948801207,61.334549427032471,86.889003723859787,-25.554454296827316,88.000068008899689,-26.665518581867218,80.066447257995605,69.645969487170078,239.88594552502036,201.20169257329138,146.33747071821665,150.16463639230807,164.71226104911315,163.88235040284587,196.836647422417,190.5878387227396,236.63120635283161,226.4116331549175,256.98194827209682,255.03522958204647,-2.9323979943991958,7.1673993628322705,1.9817677403470668,-5.1856316224852037,1.7741245044142318,2.8201919410499841,1.0460674366357523,-3.6963305716675166,2.1350087274369116,5.8313392991044282,-9.1600570967936505,1.1464012153950307,10.306458312188681,-3.6144754974074829,0.50500164742769016,4.119477144835173,4.5739535306928474,10.248211467745705,-1.8138311705867807,-7.1183154323503288,1.5342771995896669,2.6130107134760294,6.5307836012369762,13.711157626045178,8.8368565581658913,23.243393049472161,5.5353952918397056,12.663576766229653,0.51753168346655087,0.61706241635669201,0.46118939475784049
1597,2020,122.57556069259792,43.475198866903483,3,10,22.473093287673951,14.833328247070312,230.60130490545635,198.65662300869371,31.944681896762631,197.26772003767474,33.33358486778161,232.52923111546806,132.57029947334377,512.68333099782467,198.35442210017962,147.06756979151075,143.10976090991699,168.87185863760197,162.37636966137191,197.80642320163403,191.12252124353756,225.62509749911297,222.70187061179797,250.58215068386136,248.64114571948656,1.7442068440585672,0.44028005570308437,3.6856788438970796,3.2453987881939952,0.73305305554396227,7.3492584568227528,6.6162054012787905,1.8307065082345844,8.4658399198686993,6.635133411634115,4.9358653809375141,7.7370211423623516,2.8011557614248375,3.1217141719576773,5.1252191469374395,2.0035049749797622,141.32038757921509,86.315791712366263,55.004595866848831,83.924287408222881,57.396100170992213,142.63595565647438,60.54244592888972,258.73111545736901,198.61554526460583,156.91810197250697,150.52678244626946,172.91105547978853,170.93899243553528,198.69757706467166,196.48841235172262,220.22996169246181,222.34613842881473,245.05016805285791,243.88675226663031,7.7072221886023442,0.038599044836672647,5.4819146529299587,5.4433156080932861,7.7957852497497413,9.7159526222319812,1.9201673724822399,8.7713553409669203,11.273184855533003,2.5018295145660829,13.207524160971417,11.401745617752312,-1.8057785432191054,7.796682106282276,9.5239432221590334,1.7272611158767575,89.280917232643333,112.34082878796471,-23.059911555321378,113.34343245560558,-24.062515222962247,89.893275365395766,72.027853309760758,253.95221531391144,198.02676506003453,143.29942534944567,139.20653098081169,163.03775779761838,155.18502126759415,190.37332524910613,183.7257158479089,234.6781007991012,223.15577283068069,254.90397003154607,252.86207264148638,-3.8660984098468134,1.0337891990438379,2.1473884720078047,1.1135992729639668,-1.1633625090501312,6.9877054918303259,8.151068000880457,-1.4497590404715481,5.4757300575078602,6.9254890979794084,-9.4911681719605383,2.6073464845283638,12.098514656488902,-2.6622171056642969,1.2776918964177923,3.9399090020820893,5.963015344543777,11.573320598449158,-0.40168101086641173,-0.99519015420716528,7.062732194205779,8.9591477587998725,6.9406488327323359,10.221114381438468,8.2716587800339028,22.698692332931955,4.6749679343245987,10.458899211946573,0.50466067417055693,0.61341086009803647,0.45668182216834424
1598,2020,122.82556183616838,43.475198866903483,3,10,22.473093287673951,12.166671752929688,228.84141763365915,204.65957848235848,24.181839151300665,203.60819576218637,25.233221871472779,233.44893998523366,129.43841910479023,496.27717744186521,196.75381375429581,143.27802416250623,137.71578213093889,168.01055198677597,159.86619137844005,196.41871036109788,190.87778068305028,224.83903951422684,223.84946288974268,251.53282762621745,250.66684144134939,1.0524315215460831,-2.3550838907732157,2.7689478782754691,5.1240317690486847,-1.8445080796221021,6.1559664770511802,8.0004745566732822,1.0584606870660025,6.6042309936229628,5.5457703065569603,5.2490335875511107,6.2090722574191091,0.96003866986799835,3.0156843325966065,4.0595273998677897,1.0438430672711831,138.01855552351572,85.558271463565688,52.460284059950027,83.277390775965614,54.741164747550101,142.09760952617307,50.496135550517465,238.47034639702179,195.30304403656686,141.33980198554838,143.44406162248637,171.35496974682601,168.0670045449684,197.34981209072001,196.28423919244699,214.12012181059367,223.92294795877041,244.46171047010841,246.87033584007176,8.1854029934140442,6.3699636286394536,4.1607194627320041,-2.2092441659074495,4.9651898808333215,7.5668073939972089,2.6016175131638875,7.6597677728443614,9.1642446601972836,1.5044768873529222,18.223749777545635,8.9462802190824675,-9.2774695584631672,9.2123322074811824,7.6404846323214031,-1.5718475751597794,90.822862360979343,119.10130699892579,-28.27844463794645,120.33080555246488,-29.507943191485538,91.351330709896502,78.942283893895365,257.80683163180947,198.39456334173136,144.28600612342072,134.41338641644828,163.16676443210258,154.13479058079901,190.9973355055503,183.93212466357036,234.69113242446869,223.73129298005676,255.4286649931957,253.96274337828933,-5.2068983374881554,-5.8943150148070629,1.8120280078173323,7.7063430226243952,-3.6548632245185786,5.3973008523409192,9.0521640768594978,-1.7698861452982158,5.0058066153259801,6.7756927606241959,-7.8679877942290659,3.1355052865780806,11.003493080807146,-0.90883523013252443,0.99036099938675193,1.8991962295192764,7.1329714718679611,13.3923013309022,8.7250475194126693,12.264278643446517,6.8096979604554235,8.6200531053519001,6.6013070857783589,9.4296539181425771,12.974716189994524,26.091737571774701,6.1966478748845759,10.121167437613707,0.48051846273941667,0.60868817624599691,0.3901170602959621
1599,2020,123.07556297973883,43.475198866903483,3,10,22.473093287673951,16.291671752929688,237.61052679973727,213.55585468584832,24.054672113888955,212.50999667836004,25.100530121377233,237.39190742317714,126.66965250048088,514.44578164443374,200.40159699018778,150.05245446181343,145.24306170555067,170.84850014766505,163.76340842636409,198.7877449105938,192.76887965181808,227.62173074608356,224.72027735189624,254.85791344571038,251.82028971471564,1.1458836376678505,-1.1570463874624579,3.1125695482973015,4.2696159357597594,-0.64665140493389117,6.485292806966271,7.1319442119001621,1.7256547360915704,7.7995002015047419,6.0738454654131715,4.6879477434953287,7.5204947254317176,2.8325469819363889,1.3154046614988602,4.5110982359439902,3.19569357444513,135.11168671571977,97.3554115292809,37.75627518643887,95.713833764550145,39.397852951169625,134.90100920300574,57.135986568746375,256.14981877891114,201.62744718267379,159.48815019099032,151.80335475208841,181.47263085463925,171.83135394554591,200.39093282457057,196.19595249632803,220.68093083623273,221.59718526418362,245.25299704248175,243.72092638234292,5.8058293132837377,-1.7054676266780291,4.7661917889581673,6.4716594156361964,0.64486814722789632,10.118833715758313,9.4739655685304172,8.0084095681180258,12.389818204263037,4.3814086361450109,13.220161764626596,12.577787190719931,-0.64237457390666464,8.5218902002411312,10.610093280268927,2.088203080027796,102.49883986422537,116.20043968459868,-13.701599820373303,116.79616422759591,-14.297324363370535,102.49089800037927,69.533665993201794,258.29596267268062,199.03313796682204,145.4551955171294,142.26422963869726,163.40632705607871,156.51157697549621,189.88848899365482,186.90676223136282,235.91018048249748,228.94994191056244,260.20635461131491,258.81423992964989,-3.355475545885696,0.48882783847290057,1.0364826640879983,0.54765482561509771,-1.7956643580434672,5.5162663062666866,7.3119306643101538,-1.5263166236433108,1.9605092096788894,3.4868258333222002,-6.8869315357510743,0.1144249258161949,7.0013564615672692,-2.2067195734241523,0.1129492628710409,2.3196688362951932,4.6599456756158872,9.1613048591694337,-0.54842123921557118,-2.1942954651509297,1.2915195521617875,2.4405325052713636,6.2827548320264555,9.5347261917613366,8.5322140211312671,20.10709330037767,7.206485538742271,10.728609773665283,0.49791412024047388,0.56826288085098819,0.45106294555066745
1615,2020,127.82558470757763,43.475198866903483,4,4,22.473093287673951,-1.4499969482421875,106.35470104043634,121.90896801711642,-15.554266976680083,122.58524150401354,-16.230540463577199,130.56221330168955,210.89653139553411,453.66042518615723,190.49749078634622,133.82202148244914,132.56997404090731,159.62216533264896,156.23760847286414,190.67638540894214,188.74146176651831,221.39600068477478,223.70748684517613,246.61346951083553,249.43413554063832,-1.0888939448429653,-1.5907974447256095,-0.42348951841833582,1.1673079263072736,-4.0727160622210477,-0.7499673721772524,3.3227486900437952,-2.8515124167180659,-0.83952010444812686,2.011992312269939,1.5018813276865615,-0.76587604405153797,-2.2677573717380994,2.1891743473012184,-0.60295704160151331,-2.7921313889027317,69.41191388840798,84.650631017211708,-15.238717128803728,85.313183742400724,-15.901269853992744,74.497323941959849,150.19666326844163,242.03614369948627,193.38790202496057,147.54825879481012,141.35017101970627,164.98086076781877,161.56054566612116,193.88987065565422,191.25139467401232,217.17935028490118,224.79396196023777,243.20715605993431,249.4179981248808,-1.1955604669624336,-7.3318446458441429,-1.1333008389820804,6.1985438068620624,-5.1065074817452398,-1.162874527833992,3.9436329539112478,-3.9102929214683115,-1.1565784309042044,2.7537144905641071,6.5852094931379668,-1.0431722584035015,-7.6283817515414682,5.1564559721027479,-0.87412494958286402,-6.0305809216856119,36.942787268257234,37.258338251600435,-0.31555098334320064,37.272056712570702,-0.32926944431346783,56.06488958828777,60.699868163600513,211.6242817491293,184.93538419440864,120.23387526165715,121.42208891253554,142.18659134639964,143.0107289302195,178.35229121605241,182.64906549888906,230.39277006371489,220.88618202110843,251.8628529060816,249.467194536791,-0.75321599559808305,2.4717741872158285,0.0031593163818826042,-2.4686148708339459,1.4314239900535881,0.75473128141535994,-0.67669270863822817,4.108201621502559,-0.17836529030611814,-4.2865669118086771,-8.9609335262173886,0.12426511930888751,9.0851986455262761,-2.5381847138823161,0.015438845744029095,2.5536235596263452,-0.10666652211946825,-0.44234447136435051,-5.7410472011185334,-9.8036188330599714,-1.0337914195241922,-6.5379314717988279,-1.0587805047502457,-8.0184945429708705,5.0833281654514053,15.546143019355355,2.9672816248015295,7.694640685985064,0.53351831075009015,0.57058870294898567,0.71218176171304326
1619,2020,129.07559042542994,43.475198866903483,4,4,22.473093287673951,-1.9130401611328125,116.85982055410568,115.28157171659404,1.5782488375116372,115.21295169297082,1.6468688611348625,149.16680093900686,221.17603316295572,507.77902818471193,187.45486376804098,131.53439605263998,133.12821555890881,154.66237959007341,157.44094540188067,187.65457059005465,190.98285224911831,220.05863389847775,224.77184246130923,245.23954501917564,248.77121780989867,2.8004795310885413,1.2709265583507943,-0.69501488480906914,-1.9659414431598634,1.9346945967799911,-0.98735247501022627,-2.9220470717902174,2.4446349640228391,-1.019221356939795,-3.4638563209626341,3.4151661236980999,-0.93067724059818602,-4.3458433642962859,2.5687050948814374,-0.78865729688371289,-3.3573623917651503,81.417220633753459,78.737839594206889,2.6793810395465698,78.621345900523011,2.7958747332304483,95.122969491861113,158.33966243555733,290.52171743917279,189.27304356331581,136.49111200194992,140.5453840698741,160.09882492335959,162.46809695398889,190.56577232632617,193.80514945404406,215.99524064690195,225.94887108408693,241.36069889205868,248.82184711000284,3.6324520180066884,3.382417943816165,-1.2530669034379969,-4.6354848472541619,0.8026667787793258,-1.4246157230048482,-2.227282501784174,1.9484724124499735,-1.401547585778161,-3.3500199982281345,8.0180974727962848,-1.279985829561241,-9.2980833023575258,6.0832290840701546,-1.0217950391740374,-7.105024123244192,35.442600128968479,36.543731526340707,-1.1011313973722281,36.591606150075677,-1.1490060211071977,54.04383171018344,62.83637049189565,217.25731062144041,183.51201761013823,122.69197415435532,123.49757825855785,140.73138112802903,145.59744768722302,177.74810099763641,184.29315331696182,226.60611172710171,221.67622299332243,250.54794384330029,248.65928800650866,1.4989393366122101,1.5981624047538219,-0.61057365871931779,-2.2087360634731397,5.1797563135731366,-0.15171894405165176,-5.3314752576247884,5.962013238278189,-0.31426913817324476,-6.2762823764514337,-5.1193888562963537,-0.13422849805186843,4.9851603582444852,-2.1222353028957457,-0.28852965965251087,1.8337056432432348,0.83197248691814707,2.1335126813944782,2.1114913854653707,1.7842555390623431,-1.1320278180006653,-4.3770895347938108,-0.4961625515728656,-4.0135408258282155,4.6029313490981849,13.137486329092638,3.5145239891887172,8.2054643869659003,0.57214201712460511,0.63769531084035347,0.71589882579591035
1620,2020,129.32559156900041,43.475198866903483,4,4,22.473093287673951,-2.2272720336914062,119.23267889275667,111.81689306282715,7.4157858299295185,111.49446727791656,7.738211614840111,148.51687955766238,238.91455560885515,515.74994244426489,189.78596970462183,131.26587947473834,131.74536350572333,156.15231837577156,158.02634730178508,188.63362790779448,192.57781422088004,224.67310475772189,227.81797164218375,250.03477379550685,252.3299938940836,1.8073595962564752,0.1498439644735754,-0.57359289120938683,-0.72343685568296223,0.69273650791856767,-1.14350335583228,-1.8362398637508477,2.8656228375378419,-1.1821413563121723,-4.0477641938500142,1.7704954691366481,-1.1398543483736319,-2.91034981751028,1.3190728860423064,-0.87918798781322494,-2.1982608738555314,82.84978287105514,74.579274764992078,8.2705081060630619,74.219687864431762,8.6300950066233781,96.625100213685073,165.54827447172465,295.0487583745271,190.67512487522802,135.63645168597216,141.16007456994299,160.28935413993253,164.24333459395538,190.74927840806569,196.09260654058122,220.73597711116838,229.71686221603591,248.48309373365734,252.94616399306403,4.2579613419723614,4.0828157102872069,-1.513462655895438,-5.596278366182645,1.9204321109831994,-1.7211763634549868,-3.6416084744381862,3.9228341954399468,-1.6305296382469976,-5.5533638336869444,6.9836318365921954,-1.5200826200662618,-8.5037144566584573,2.8000892768465349,-1.258231440309828,-4.0583207171563629,36.382895991899204,37.237617571740884,-0.85472157984168007,37.274780085391285,-0.89188409349208086,51.891779224768015,73.366281301043273,220.70118434727192,187.92490949592141,123.81844888243283,121.35811583278982,144.57672571138124,142.91572158341739,180.73675388597729,183.74128559720222,231.69538254607494,223.61210036785525,253.33503130956407,250.81186093676334,-3.0360027808883387,-1.6386231771281246,-0.39319846579279272,1.2454247113353318,-1.1117602661462627,0.35940734101524185,1.4711676071615045,2.515632409390804,-0.33163447596402307,-2.8472668853548271,-7.9689439995563873,-0.14726197693525478,7.8216820226211325,-2.3978588554850262,0.11532281001731803,2.5131816655023442,2.4506017457158862,7.2939641228607002,3.9329717458136315,5.7214388874153315,1.2276956030646318,3.0321923771294621,1.057211357902105,1.4072017860491428,5.2131363674555473,14.952575836148583,1.4810163908042284,5.1979481323315611,0.5720771523041166,0.65060012371300813,0.69291832826944244
1621,2020,129.57559271257088,43.475198866903483,4,4,22.473093287673951,-0.30434417724609375,191.3258164139479,193.67738842499966,-2.3515720110517577,193.77962808008306,-2.4538116661351523,215.69897159354559,116.84006241991483,442.74959732592106,191.5603917758188,132.10680441051045,133.10822592635546,156.24770169539443,158.87297860811918,190.73372744490788,194.93359293181555,226.66983502098341,228.7691652099046,250.68654593118143,253.13572124491884,2.3978388894236673,0.91902361001544364,-0.086960444236268586,-1.0059840542517122,2.4452982983598304,-0.16457643322792137,-2.6098747315877517,3.9765373876860508,-0.19049168778670378,-4.1670290754727546,2.0372052663671525,-0.19177864377036258,-2.2289839101375151,2.2204192735252377,-0.1489443126118033,-2.369363586137041,128.99971322187776,118.13548760036065,10.864225621517107,117.66313088680909,11.33658233506867,136.76578207996226,75.628306789466933,232.7450575765688,195.85281498291764,145.63193843776895,150.2539279338402,165.18544438053567,174.52020419494642,196.09949845917043,204.39646046888743,225.80414848280364,231.54688845332549,248.16207851877377,252.14520071398593,6.2915073326527988,4.607996265172261,-0.19964171989764168,-4.8076379850699027,8.6258523151149689,-0.25698816660752755,-8.8828404817224964,7.9047975238724462,-0.25513205164315877,-8.1599295755156049,5.6557178850515015,-0.26903889713761941,-5.9247567821891209,3.6885128858417602,-0.23410100042468684,-3.922613886266447,62.32610319952073,75.541898163162841,-13.215794963642111,76.116498095118004,-13.790394895597274,78.933189655144361,41.211755601860204,210.00453973561525,183.97217968797736,123.80711307437242,122.50409612486624,140.02423638637416,139.26478569008378,173.5928232165551,170.83086868850447,228.45096725594968,219.74471628927594,259.35741495588218,255.27366212586111,-3.1664753582955711,-0.26904941406405669,-0.1275479438081959,0.1415014702558608,-0.63105180677038675,-0.10977139935903324,0.52128040741135351,-2.7269911624927374,-0.059070635498812862,2.6679205269939246,-8.9386687872233779,-0.01130179192318792,8.92736699530019,-4.1187832043365233,0.071412357489975875,4.1901955618264992,3.8936684432291315,9.45798269094837,3.6889726551568174,4.8770456792363177,6.1805540167551385,9.2569041218853556,3.9282601361863954,10.631788686365184,3.618512618684349,14.594386672274879,1.4680936123165225,7.8072960901782835,0.52568101469155781,0.63405857278577182,0.6472806092628075
1623,2020,130.0755949997118,43.475198866903483,4,4,22.473093287673951,-1.7826080322265625,123.91874789782014,113.5884595377247,10.330288360095437,113.13931586155741,10.779432036262733,155.33587178988091,216.34005776837512,500.40043815225363,187.83628440885497,131.54630941291813,132.76073379934209,153.90151080788542,156.44569292868945,186.000849531841,191.27665676571485,223.21696065890453,227.75651255794921,248.40553254311246,251.17284328361836,3.3709159671388704,0.87229943613948535,-0.79484978681574603,-1.6671492229552314,1.8170092796457311,-0.89922556825212041,-2.7162348478978515,4.4892874402977725,-0.86820703620395534,-5.3574944765017278,3.5717871386845559,-0.85763305547953905,-4.4294201941640949,2.0315926110810096,-0.71736426981351542,-2.7489568808945251,90.334191366420782,79.928272297229341,10.405919069191441,79.475840947268807,10.858350419151975,106.34553164908311,143.42504871405072,290.01978466939181,187.47711272186717,135.16412338818026,138.0161363828278,156.06619025214729,160.20405639465366,186.13375915558817,194.04116810382089,218.81552387948688,229.63506763867107,244.28077897420198,252.02739159470167,6.2389014678593924,2.7411988556013966,-1.166695249927642,-3.9078941055290386,2.8012989485452238,-1.2568267267894839,-4.0581256753347077,7.1047629928827689,-1.2107450503662278,-8.3155080432489967,9.3493115237797042,-1.0015432484434825,-10.350854772223187,6.6838577001277599,-0.8546003215514304,-7.5384580216791903,33.584556591004002,33.660186193525988,-0.075629602521985362,33.663474587759083,-0.078917996755080821,48.990340206881228,72.915008637091887,210.38065309077501,188.57218734747246,124.07170384820051,123.94293019067594,147.45221075820274,146.86331638299313,181.87000403374239,184.81901765978947,230.34929429575891,223.01177600716508,251.70075146282241,249.15329706969487,-2.8169277352453719,0.65767026948164187,-0.52133700555613416,-1.179007275037776,0.13874734720565129,-0.29270042513363137,-0.43144777233928266,2.203857806960059,-0.42947962557178698,-2.6333374325318459,-8.2332393240202748,-0.31337261075009337,7.9198667132701814,-3.6247140727433873,-0.55757417639486562,3.0671398963485217,2.8679855007205219,9.0558292031047642,1.8688994194619113,2.0835285861197548,0.98428966889949265,2.6625516013395725,2.6154755525849964,4.90090518592271,5.7775243850951483,17.582550847799979,4.6522650890467503,10.308571772871147,0.57957540113334061,0.68461669815027759,0.66296112792763051
1624,2020,130.32559614328227,43.475198866903483,4,4,22.473093287673951,-2.76190185546875,109.13870499665791,115.24260379691259,-6.103898800254683,115.50799005123554,-6.3692850545776309,143.15865224983281,238.96533791639376,518.39814377576113,193.02281060874296,132.46645343859998,134.19589165809847,157.25134823237772,157.66615308794772,192.77689976731409,193.90739238913443,227.71267005164759,230.86116431361287,252.88889942353896,254.60601969890001,0.10079692227083115,0.96330701771447025,-0.90884755138543483,-1.8721545690999051,-0.9740531423624077,-1.3818480283539714,-0.40779488599156366,-0.31683081852744976,-1.4896069764567414,-1.1727761579292917,1.7104372455915211,-1.4190608767894162,-3.1294981223809373,0.46334199836547896,-1.17906317485307,-1.642405173218549,82.315113160628243,83.559614397789119,-1.2445012371608755,83.613724500552053,-1.2986113399238093,97.974203043562738,172.60889289811166,305.02866668906063,194.09660010073736,138.41102979954437,139.82441495162709,160.62976439940266,161.42417473500711,194.25773768166277,196.86241616380315,226.35323823772717,232.6529658825867,249.85704085683034,255.13512310575729,1.2897068842131887,0.10553208339848652,-1.9398080234213921,-2.0453401068198787,-1.4096757629082504,-2.0037738486018384,-0.59409808569358802,0.83547408351213903,-1.9498742522607131,-2.7853483357728521,4.4853777693514587,-1.9766021819058039,-6.4619799512572627,3.1069966718665398,-1.6502381245681761,-4.7572347964347159,26.823591895634308,31.682987874948594,-4.8593959793142858,31.894265965078375,-5.0706740694440668,45.18444946029922,66.356444748642389,213.3694771155715,190.4179425364463,122.61458113448239,124.24083115180056,144.01737098832146,147.00070768137121,187.70478536308775,185.89502677907407,233.7670342227822,225.56249764844162,256.92548934238931,253.17167391582632,-2.441283767044979,2.1750735185025718,-0.47808547100626697,-2.6531589895088388,4.0120251222367358,0.18519231966874372,-3.8268328025679921,-1.6287507527741241,-0.24856061379526295,1.3801901389788611,-7.9414511028009258,0.16341542504181916,8.104866527842745,-3.2546538502934084,0.060680076640096559,3.3153339269335049,1.1889099619423575,3.7309906512581676,-0.85777493431598373,-2.0695414351040853,-0.43562262054584266,-5.4217008851449862,1.1523049020395888,2.4642248362862631,2.7749405237599376,12.426828872152385,2.6436546735010609,6.3616505221599482,0.58840617072310386,0.68437500286453801,0.72231769847098881
1625,2020,130.57559728685271,43.475198866903483,4,4,22.473093287673951,-3.2727203369140625,97.289743311706843,103.99407882352898,-6.7043355118221371,104.28557149093467,-6.9958281792278285,131.47137147168178,222.80294276697896,491.7420142814517,191.78512063213256,132.47700620092931,134.2922150334856,157.4946541708222,157.95023736748357,192.13161096199113,193.67289326901619,225.95878705011839,229.72493876652132,249.56265182266105,252.6484332756452,0.64440808734906341,1.0013421275556595,-0.99241117899731535,-1.9937533065529749,-1.0126223343185643,-1.5036120280634293,-0.49098969374486501,0.011764999657145836,-1.5492898517440779,-1.5610548514012237,2.2668218528218631,-1.6044570301064311,-3.8712788829282943,1.6883115823247294,-1.2842883154337414,-2.9725998977584709,73.763458917088428,75.470910098827517,-1.7074511817390885,75.545147907858336,-1.7816889907699078,87.183080983287255,157.58626749709583,280.62911456590518,193.53033869271155,140.74074553960784,140.44275251360867,161.47194814890454,162.2435925515228,193.78962140895578,196.86143075587586,225.17248734524583,231.62855215850934,248.48381245774837,253.37678866407686,1.4759451049353629,-1.923356872805698,-2.2569744090441759,-0.3336175362384779,-1.8214658620373712,-2.2563856404816249,-0.43491977844425378,1.0463107626835324,-2.0791710540811721,-3.1254818167647045,4.7341921760824164,-1.9097099941560884,-6.6439021702385048,3.0967522795145044,-1.5539722328171592,-4.6507245123316636,23.526284424420737,28.523167513642875,-4.9968830892221376,28.740423103529793,-5.2141386791090554,44.288290683463856,65.216675217729062,211.11290005594492,187.8841477210668,122.49510867963775,124.12776206426227,142.8262242607781,146.1430309447617,187.13884328245783,185.39058054531156,230.4955159647881,223.62546008751602,252.21476045208701,250.79031327605196,-1.3866818409996995,2.2075654090138102,-0.52467439724436815,-2.7322398062581783,4.7443059491224062,0.30350445389072433,-4.4408014952316819,-1.8795009403118002,-0.47250079875820461,1.4070001415535955,-7.2868373194072831,0.12451255358658386,7.4113498729938669,-2.8796501917571504,-0.81048249690536522,2.0691676948517852,0.8315370175862995,2.8626269459350624,-2.9246990003613575,-4.1309222818195082,-0.80884352771880685,-6.5657718111597774,1.0345457630263866,2.9258117029953326,2.4673703232605533,12.021029495489699,1.4084406971897749,5.9764024712716548,0.57068362355811497,0.66313357811184026,0.70728988378716906
1626,2020,130.82559843042318,43.475198866903483,4,4,22.473093287673951,-3.350006103515625,96.423309743404388,106.39838123321533,-9.9750714898109436,106.83207821846008,-10.408768475055695,131.673037797289,208.96169579580601,484.03100147843361,192.31746099381525,133.30454344761546,135.62313448994814,157.82745512432064,158.81947990126164,192.19272158901532,194.13027838053941,227.11105593486974,230.47745158674681,249.64567949044618,253.61147591334714,0.93851389206199087,1.6224889538890181,-0.82345772326047495,-2.4459466771494931,-0.55999716727168902,-1.5268959902992094,-0.96689882302752039,0.35794755241656162,-1.6036144733115236,-1.9615620257280852,1.8180834794713405,-1.5529290491279255,-3.371012528599266,2.5908688841638821,-1.2693564463714893,-3.8602253305353713,71.467756927013397,77.24129045009613,-5.7735335230827332,77.492313861846924,-6.0245569348335266,84.060505833647767,147.26877450245775,267.11027207830921,194.18558259620323,142.31533105175379,141.59242449522179,161.81161438178725,162.93663935259465,194.10173149332437,197.29362680580672,225.95508132636365,232.52955598050696,248.1297553428642,254.31423873323806,1.5067392761913254,-2.0418491616957226,-2.4093506013402362,-0.36750143964451354,-1.6694033808682605,-2.400932053623734,-0.73152867275547351,0.99008842490056281,-2.1630862430208708,-3.1531746679214336,4.5498198213586818,-2.1016365382896538,-6.6514563596483356,4.2932577564534711,-1.6426626118752949,-5.935920368328766,24.955552875995636,29.157089173793793,-4.2015362977981567,29.339764535427094,-4.3842116594314575,47.612532023245876,61.69292148110253,216.92072939872742,188.36385012045466,122.58996122494869,125.42004083115404,143.07287307915249,147.59932954563868,185.80241389157132,186.00408908885154,231.41716406133693,223.9565204348952,254.45929071249464,251.67171392578169,-0.54971298825046233,4.0912080709539964,-0.10521127147630693,-4.1964193424303033,6.327755915230199,0.79419269592034425,-5.5335632193098547,0.19735608302607943,-0.34716022786042799,-0.54451631088650743,-7.5428792029975966,0.50308265263782914,8.0459618556354258,-3.6849427820430947,-0.18837348926277286,3.4965692927803218,0.56822538412933454,2.0564522644417877,-3.6643381155847408,-6.133057232649719,-1.1094062135965714,-7.9971592960984594,0.63214087248400119,0.79273234187448338,2.7317363418873413,12.092699024356278,1.702388872289589,7.9782005384965657,0.55184538028027641,0.63840333024790652,0.7047644494920563
1627,2020,131.07559957399366,43.475198866903483,4,4,22.473093287673951,-3.2727203369140625,119.86232442668552,106.7452900160024,13.117034410683118,106.1749842088102,13.687340217875317,159.14535771016017,205.38352501395639,514.03192579746246,186.873164582843,130.75252623006475,133.78400807527379,154.40461009777397,158.00644185623915,185.75098215384384,192.68248587104625,220.40770964076742,228.14156934053293,246.87386656819336,251.81732640074762,4.8496389926502275,2.4318987078866883,-0.73066026906224124,-3.1625589769489295,2.1486477983802956,-1.381106180700499,-3.5297539790807946,5.5902595759717428,-1.397629614239662,-6.9878891902114049,6.0588936770968189,-1.3993223755627753,-7.4582160526595942,3.6634890018879673,-1.1518301322210505,-4.8153191341090178,88.355859897246773,76.251467359099479,12.104392538147295,75.725189544693421,12.630670352553352,102.91111085482953,147.29620937696291,283.03292717412114,188.5075513357813,139.11997733882319,140.59913749411578,159.07390090323187,162.67586665309275,187.94737756609575,195.9503734961246,217.83704984055373,229.70747433336825,239.58746030314319,252.12238464346055,5.6812493890994062,-0.02696333537164719,-2.1868303656834769,-2.1598670303118297,1.0178562183222652,-2.283407991455789,-3.3012642097780542,5.8773576754344958,-2.2236496669676171,-8.101007342402113,9.2932271277240659,-1.9291320983122375,-11.222359226036303,10.469770419715161,-1.5220186708472738,-11.991789090562435,31.506464529438745,30.493822597298276,1.0126419321404683,30.4497944419536,1.0566700874851449,56.234247063946896,58.08731568271287,230.99899891018867,183.29610060342623,122.01043707157469,123.71660334728365,138.13630426563103,145.18937576535836,176.07025855379931,184.43198247811591,226.6645105464267,223.39161398951225,254.26571329597155,251.12641703496473,2.9799735658655493,2.9510255915238019,-0.073708415171623187,-3.0247340066954251,8.8508792968945613,0.85233596560345859,-7.9985433312911027,8.0996937800914282,-0.13041573260795758,-8.2301095126993857,-3.1628223685766557,0.39223591450615913,3.5550582830828148,-3.9132331198264012,-0.25864113858935411,3.6545919812370471,0.83161039644917878,2.701275823233857,-2.4588620432583355,-2.9779889268954491,-1.1307915800580304,-7.8330230785722961,0.287098099462753,-2.2223361046569323,3.234333450627247,12.456049496300722,6.8062814178271935,14.383003539541562,0.55061351828493443,0.64664852519452076,0.71717636245143668
1628,2020,80.825369716330627,43.225197723333018,1,10,22.564531611320497,6.0869598388671875,123.07457085643546,124.01974712705123,-0.94517627061577514,124.06084225184168,-0.98627139540622011,137.87845037480656,149.48443316849443,325.06191541161388,184.78167549225364,128.55212041870445,130.65913453332578,152.29295410818381,152.82974426268621,185.19349502333671,182.65230201297112,217.58505398032813,212.59923824130379,239.61659040147234,236.05591403493582,1.388545133903051,4.2163698873744977,2.187438586702541,-2.0289313006719567,3.8706184841265667,3.2878019761099893,-0.58281650801657747,1.215449808332437,3.752038229219437,2.536588420887,-1.2182672129223704,3.7399341631017933,4.9582013760241637,-0.95166695218972563,2.7206354556593624,3.672302407849088,85.116321586538106,71.539346529447357,13.576975057090749,70.949043022832484,14.167278563705622,86.89954423205927,108.37053770583589,203.31457606796175,188.67023471188995,143.20490796870033,142.07755335947843,159.66849825460443,159.99767069036008,188.80480706988553,184.94584716051725,217.1845291013922,210.21132419158454,237.11937156114698,230.05437240513194,2.2788546532054283,4.6568892893760676,5.8441995358204508,1.1873102464443832,6.1297574885332438,5.7907126195774197,-0.33904486895582409,1.7331797782728131,5.660081564331648,3.9269017860588349,-1.6211297677253356,5.3493788298553113,6.9705085975806469,-2.1998248884887062,4.946727491737505,7.1465523802262112,37.958249240095029,52.480399876840238,-14.522150636745209,53.11179869256739,-15.153549452472362,50.978906083142647,41.113895485010289,121.74733934085816,176.53652215597532,115.48380023338346,119.81210068709113,131.14657003209487,137.71556008363217,172.02175765672462,176.84382868123936,218.78949161254144,217.97774194232264,245.62348462255713,244.59847978542194,2.2729287704034675,4.8036044157492057,0.11768582950585937,-4.6859185862433463,6.0825944867016233,-0.42113194724794312,-6.5037264339495664,3.2941055966226713,-0.56489586356627797,-3.8590014601889493,-1.1982422179197272,-0.10867445680599985,1.0895677611137273,-0.70951633071041442,0.51597294475533317,1.2254892754657476,0.89030951930237734,0.0059258828019608245,0.44051940200156992,-0.14671512637313811,2.259139004406677,0.047163001831620477,0.51772996994037612,-1.5609258183498582,-0.40286255480296518,-0.42288754980560839,-1.2481579362989805,-1.4903085577782917,0.62546415445350467,0.63026197346889923,0.72496202720776837
1635,2020,83.325381152035249,43.225197723333018,1,10,22.564531611320497,8.9545440673828125,97.755488017384778,79.645583724144672,18.109904293240106,78.858196710534685,18.897291306850093,106.45601310957318,171.62577020413391,335.29548960831016,180.31488423328008,125.34696760184559,129.1199160308966,149.57988124808261,150.58596605260396,178.94053054817357,178.70485566926928,212.85429465646985,207.76265702489596,233.94318276842267,229.36165294793221,3.0703607732905311,7.339431617913192,3.305716059498593,-4.0337155584145989,6.1587158101235673,5.0593856331947507,-1.0993301769288166,4.9937455200681597,5.2676278533375864,0.27388233326942668,-0.19812256664909,4.8902128097911373,5.0883353764402273,-1.2023559753838242,3.5019598981473621,4.7043158735311863,55.646354843882364,34.877884035826355,20.768470808056009,33.97490690300765,21.671447940874714,55.646364953248948,104.40484568324246,170.23267324958579,184.65648147681034,145.83342122225923,142.56077920126577,156.16256967052283,158.9465078728297,180.78918678782387,182.11967853395711,210.93444061139661,206.55575138962931,231.37369576421565,225.73671007494616,5.7605894341447765,5.579054783878405,8.4204151887902583,2.8413604049118533,11.443543897108327,8.3107425374611807,-3.1328013596471465,8.9358040181203648,7.889511078995497,-1.0462929391248679,2.7754961037961152,7.1930301619958641,4.4175340581997489,-0.43427792665895026,5.8820933322770372,6.3163712589359875,42.109133173502414,44.767700217987112,-2.6585670444846983,44.883290095729535,-2.774156922227121,50.809648156976436,67.220924386781007,165.06281623151153,174.42761382880292,115.81466860852746,118.60141576743354,128.41576886096462,134.77234275432784,176.70829247866203,170.01010097800878,215.92199879709969,210.58849705679049,236.11615504250713,234.52705646009937,-1.1761912277029012,3.4177000381922937,0.22199917007118586,-3.1957008681211079,7.7496183105034788,1.4487491914611894,-6.3008691190422894,-8.1094971293131834,-1.2355763129083357,6.8739208164048478,-5.9641454095974211,-0.30541648771247765,5.6587289218849435,-1.6801373772453019,0.37593377714648568,2.0560711543917876,2.6902286608542454,6.9367806618476777,-1.760376834034787,2.1613547456861113,5.2848280869847599,3.6939255866048484,3.9420584980522051,17.045301147433548,2.9736186704452052,8.7396415133935363,0.76807804872487395,1.2458594505863516,0.50770940416899257,0.52271697321571853,0.60832849029060132
1636,2020,83.575382295605721,43.225197723333018,1,10,22.564531611320497,16.850006103515625,96.826773859480454,86.293001474585253,10.533772384895201,85.83501016480659,10.991763694673864,95.82380105232005,110.57539022122364,257.27632469777018,187.99605111992531,140.46048123571273,138.58876483163647,159.4796625459021,155.72412576278265,187.58455335076812,181.12324126961485,216.36834909925167,208.12274406346557,237.47590046156819,231.00891234666824,3.5226126615367832,5.1243367338068708,6.5412978631519252,1.4169611293450544,6.3587371961479846,10.064126736004766,3.7053895398567818,4.0368065750239168,10.60619424494439,6.5693876699204736,1.5694396756621245,9.8729830497931914,8.3035433741310669,0.0075022503809520913,6.5785387312394903,6.5710364808585382,58.833762008242047,42.728743670917538,16.105018337324509,42.028525319527034,16.805236688715013,58.512283675459912,57.213816248618969,122.60797417070717,184.67340118462388,146.82096765954489,142.43403380324625,159.11669975153094,157.02988331176786,183.35262631600864,178.59236922471371,207.82279381259704,201.04593592813546,228.06046688110709,219.90141808139904,8.9410121498436013,10.01412032717846,14.032557712082877,4.0184373849044164,12.971363476481685,14.915516054746377,1.944152578264692,9.8121015827780695,14.727678580848362,4.9155769980702928,7.3607158496031673,14.20601671679745,6.8453008671942825,3.8651876907666178,12.498618270316967,8.6334305795503496,37.993011776732601,43.564257787275892,-5.571246010543291,43.806485317646548,-5.8134735409139466,37.311517302354332,53.361574199847382,134.66835070867091,192.23675057877585,132.58725590580462,133.8118138600384,162.25768033777919,153.25253215659245,195.05240539105648,186.06420138993846,225.81198104376372,218.92308034469698,243.28497617960855,238.92068854937079,-3.1461119803867916,3.1656902530520199,1.8253009722881472,-1.3403892807638726,-6.0980714602164312,2.5579330677407768,8.656004527957208,-6.1840666673589624,2.5952136052695494,8.7792802726285117,-3.5424720226778845,3.5963394769036938,7.1388114995815783,-0.61247723401726262,3.6933857746174112,4.3058630086346739,5.4183994883068181,12.087124130230393,4.8897835933715896,6.8484300741264406,6.6126262803336999,19.069434936698116,5.7752950077541527,15.996168250137032,5.7912761739410428,10.903187872281052,3.8576854403856657,4.4776649247838805,0.47656143376091153,0.61062369717010134,0.51741907610864979
1637,2020,83.825383439176179,43.225197723333018,1,10,22.564531611320497,5.5714263916015625,113.46619738091249,90.667104852989723,22.799092527922767,89.675838570932683,23.790358809979807,125.68311348303723,197.10706149588805,362.93417628947645,183.08601219044849,124.68741149069621,130.4539013410062,149.78887184386232,154.03994695223187,183.36861722155115,183.04919571077644,217.82821911087899,213.00427621409904,239.64057108929262,235.61083614599838,3.3522228223078514,9.3260242363370764,2.8508436180134424,-6.475180618323634,8.1771202313869082,3.8262705400428842,-4.350849691344024,3.4629293221699413,3.7843034767639665,0.32137415459402519,-1.4710807358566171,3.4276400484941121,4.8987207843507292,-1.5730697529367887,2.618283138162127,4.1913528910989157,73.809002387955843,44.767342653911328,29.041659734044515,43.50466092872739,30.304341459228453,73.809002387955843,142.01530685679609,222.60711412131786,188.73509765347529,143.14327215683892,146.30233003132273,158.05096728985168,162.9064261767426,187.4571980645394,186.79412009303536,218.0994339541509,211.76511768978153,238.91528226796268,231.14413734394367,3.8689155890253062,9.2827848334957537,5.4222189932913807,-3.860565840204373,10.431768514147535,5.3421799751541243,-5.0895885389934108,4.3040418948125705,5.1523604370967462,0.84831854228417569,-1.4649586821184926,4.8841839867947385,6.3491426689132311,-3.5020706586388428,4.488221158073145,7.9902918167119878,39.657194992956647,45.899761132050116,-6.2425661390934692,46.171177113214071,-6.513982120257424,51.874111095081389,55.091754594388476,140.32706205639988,171.68789034739751,112.02196790923286,116.28653826934278,122.84180791198415,135.12401487678196,170.21557791346459,172.35218318261562,217.00830529111366,216.31465096742363,240.90506220408221,243.03699024487108,4.8969931189847955,6.239163526327161,1.2740336459552992,-4.9651298803718618,14.082559637260601,1.6435003673698532,-12.439059269890748,1.5803046789604878,0.0047676673926559943,-1.5755370115678318,-1.0146769286200765,-0.44801645617951635,0.56666047244056017,1.8094667416212644,-0.17891679223097867,-1.9883835338522431,0.51669276671745479,-1.0280775299594893,-0.043239402841322772,3.0436213071685927,2.2546482827606269,-3.6507911231130663,0.84111257264262917,2.7237372158520827,0.0061220537381245776,-0.45028175349841604,-1.9290009057020541,-5.3115374002601072,0.61335395965511474,0.5872626826508196,0.72049832095822064
1638,2020,84.075384582746636,43.225197723333018,1,10,22.564531611320497,10.363639831542969,114.50883559772046,89.034361660229479,25.474473937490984,87.926774515191937,26.582061082528526,122.21077264181986,242.16277904919116,421.30351453088224,179.79540873358459,119.866929880718,122.87175685651098,146.21740526291094,146.78054000608378,179.23421244541467,177.25804627137833,215.47495417057621,208.70342708564337,238.11383911659416,232.7650167364373,3.4697398113452493,8.504681735164894,4.6425474647679295,-3.8621342703969646,7.1809296952770865,6.4003848791929556,-0.78054481608413084,4.6995335841431256,6.6858049116549694,1.9862713275118438,-0.76143082646012772,6.0164816938973615,6.7779125203574893,-1.1093481193375965,4.297183782809924,5.4065319021475204,64.331077635382826,29.635264233054841,34.695813402327985,28.126750788474965,36.204326846907861,64.331077635382826,183.47972720851976,261.49928101059049,187.74862539059424,140.31580100497987,141.23224632988436,156.46099132620739,158.78402737774533,186.49009133366903,183.37790551093059,217.80104257037038,209.2613164552306,238.62110675666176,229.97431350141338,5.4457652788645419,12.082601269410929,9.8984871365150866,-2.1841141328958429,12.050503311380169,9.7489454064453014,-2.3015579049348673,5.9718265694362458,9.1989231145518318,3.227096545115586,0.0075212469542123017,8.4411322070374126,8.4336109600832003,-1.8434230559360003,7.0347301396035107,8.878153195539511,50.177757992139959,59.399096343146994,-9.2213383510070344,59.800023292286824,-9.6222653001468643,57.879695036239355,58.683051751264429,159.80423336289823,162.88697891816815,105.23275871489382,108.77941262990373,116.30647730086706,125.23678453599165,159.06246310853135,157.03724563534519,205.86079524429368,206.73394421995627,236.42748503104332,238.22253974950829,4.3535641112506198,7.4119215970948744,2.9349836745638243,-4.4769379225310502,12.842361379474696,3.2848375687913034,-9.5575238106833922,-1.5559386386551637,-0.54866360450111529,1.0072750341540484,-0.66633300968172193,-1.2727690083105472,-0.60643599862882525,0.28266255635065818,-1.0333474123207225,-1.3160099686713806,1.9760254675192925,1.0922011676139221,3.5779195342460355,4.6706796723160551,4.8695736161030823,-0.79185806809452686,1.2722929852931202,7.5277652080914095,0.76895207341434002,0.67385425663593423,-0.73407493659840384,-2.1260856122866585,0.6206909555496295,0.52639449243911485,0.75767105055913253
1639,2020,84.325385726317108,43.225197723333018,1,10,22.564531611320497,4.75,113.55938514728041,106.42588817971409,7.133496967566316,106.11573902372038,7.4436461235600291,130.34427266973944,164.50179439400381,355.78262764215469,180.38694733502896,120.80611963088046,126.82584744004433,146.49302892242656,151.01062828964911,180.49671408096293,181.54370984558071,214.34978528198675,212.49891481885476,238.34392522956961,236.3274388565207,3.6689885754639988,8.3307244545056278,1.8344631489478616,-6.4962613055577663,7.2371024487740669,2.5806781098750662,-4.6564243388990008,3.9644871755605777,2.908489182038096,-1.0559979935224817,0.76492452358024821,2.7031553414062728,1.9382308178260246,-0.28602746117968536,1.8733571648949976,2.159384626074683,61.658525933897181,39.747764899599133,21.910761034298048,38.795122931765945,22.863403002131236,61.658525933897181,102.67663387036373,170.28205521591008,188.22748209189737,144.30899219931683,153.08030484723815,160.10572217601546,168.28062820494938,187.17837613717353,190.09512532410213,214.57234032088334,213.43319782832248,237.18624719968312,232.78794964551344,7.180918344008461,13.945074748499536,4.6165573410545448,-9.3285174074449912,12.860274182284741,4.566214075299456,-8.2940601069852846,6.9619970320817117,4.364996258762659,-2.5970007733190528,2.9539470651628505,4.0623950761858794,1.1084480110230288,-1.2809799623077822,3.5158184299020832,4.7967983922098654,51.900859272987873,66.678124808880966,-14.777265535893093,67.320615998977701,-15.419756725989828,68.685746795446903,61.82516040443079,185.50057236850262,170.51439671782441,111.71892326326554,114.81223235379818,124.42580040474769,130.98731953383108,168.40349297306929,158.12929482839942,213.8162519643914,210.36527403237702,239.61035388482679,241.58035992962928,0.21508452369639031,5.1288048164463618,1.3305829023796321,-3.7982219140667297,8.34592738312503,1.9136311594475899,-6.4322962236774401,-8.7755488431764661,0.57946304046856767,9.3550118836450338,-4.1213368253099816,-0.77022048531628684,3.3511163399936947,1.1537861228883344,-0.66098910886915974,-1.8147752317574941,3.5119297685444621,6.9658338203120707,5.6143502939939083,8.8162699320531743,5.6231717335106737,4.5143467991597106,2.997509856521134,15.737545875258178,2.1890225415826023,7.0752838904728321,-0.99495250112809686,-2.4347660851961166,0.47861261901516833,0.47304361496668773,0.6241672575585373
1640,2020,84.575386869887566,43.225197723333018,1,10,22.564531611320497,12.136367797851562,123.94963540419121,116.42737199307885,7.5222634111123625,116.10031579750648,7.8493196066847304,129.1251554458413,130.00484439154206,343.44794228579849,188.21447464530658,137.51792467681832,137.51362436723096,157.84216353630521,156.3675163121267,187.82818742114486,183.60666634409023,218.39233031124337,211.33447705680953,239.34639962402485,234.05884633438103,2.029317861979564,3.9135062177095392,3.5139670758516957,-0.39953914185784356,4.519294281935089,5.957486493640971,1.4381922117058821,2.682678360623413,6.9714247283995405,4.2887463677761275,-0.34037146737156831,6.6789034474722087,7.019274914843777,-0.62270530445803729,4.7072101896613958,5.3299154941194331,40.833640647906577,43.709002878742467,-2.8753622308358899,43.83401870540547,-3.0003780574988923,41.132976549402429,85.305157121790216,132.01041969074868,201.71379646807949,166.28541376661562,153.87834436283705,180.28855855250171,169.80727412129988,199.72976447937373,188.75624480939766,222.6371147759202,209.02899919251067,240.47502859335447,226.5051709047639,-1.2278155349700626,-0.10658733159482381,11.581836141628429,11.688423473223253,0.91478984171936872,11.490922406871078,10.57613256515171,0.19619503176880926,11.33769453659616,11.141499504827351,-2.7703014081509139,10.848913696324928,13.619215104475842,-4.409060093067211,9.9818452013379613,14.390905294405172,83.115994786086958,72.718368760179146,10.397626025907812,72.266296987454552,10.849697798632405,87.992178981781763,44.69968728465301,211.4375227978453,175.35137228858457,130.66112236367945,129.78987312671617,142.22609870263483,141.98090874781627,163.62468008464441,168.69457307215308,209.34287244983756,216.53134890057322,238.56889012455875,241.73036936789472,3.9577749169938272,1.6943645076148357,2.3425564386631379,0.64819193104830219,3.7418885258917669,4.0132841765551461,0.27139565066337923,6.2284290755644918,0.84557197011935159,-5.3828571054451402,3.9017070774726221,-3.3336197657079367,-7.2353268431805589,3.21031247934161,0.30187165249745362,-2.9084408268441564,-3.2571333969496266,-5.1855904519638898,-4.020093549304363,-1.8009518392096595,-3.6045044402157203,-2.8270986841723982,-2.4864833288546038,-6.0322340437956825,-2.4299299407793455,-6.672008485623536,-3.7863547886091737,-7.619372572408821,0.38436806117445554,0.31855122580398171,0.65616906447633927
1645,2020,87.075398305592188,43.225197723333018,1,10,22.564531611320497,13.23809814453125,89.897089056114055,90.158728892747604,-0.26163983663354884,90.170102742767995,-0.27301368665393966,92.768062286791974,93.063441090496781,259.05525595415384,189.39833869063813,139.40357414246051,139.23400145303802,158.58086457919507,157.98210348461564,190.73661015053983,184.4563074026114,217.80049597315241,211.58439296491454,238.36732432002862,234.75462511433693,1.8659491483545878,3.4036852783463587,3.2054175886231917,-0.198267689723167,5.2488411964633599,5.956778780641713,0.70793758417835306,0.6678168320526936,7.2649821409320054,6.5971653088793119,0.76043411210352474,7.0197959401060643,6.2593618280025396,0.92993655759906346,4.5123095839548455,3.582373026355782,35.068095605973213,32.886681510673952,2.1814140952992602,32.791837065766231,2.2762585402069817,35.183923588465404,55.185058132788981,94.959994202246889,198.54362913132115,163.38030969179613,151.80189282764698,178.12545990828474,166.13060215424426,198.18942499448804,185.97689603591027,218.40780319534827,205.8391223186924,236.8363419766963,223.93723300741726,0.11580743701833285,1.6277481849176354,12.660709947549805,11.032961762632169,0.7282535764211957,12.674262490207298,11.946008913786102,0.14831588171003318,12.409501978311596,12.261186096601563,-0.73447219973118649,11.814279130399143,12.54875133013033,-3.1657239152105205,10.506284741548399,13.672008656758919,54.828993621504196,57.272046661540116,-2.4430530400359203,57.378264732330535,-2.5492711108263393,57.584138884591084,37.878382987510122,164.09526195842773,180.74100830265212,132.25103923666143,133.29749322301186,145.13242411098332,148.55795850798961,170.37946556606528,181.88206541390898,216.92647685269145,218.9319179332827,240.56846186124574,241.00703413128309,4.5148058550544761,3.1378326889891923,1.7616457282957754,-1.3761869606934169,6.071533470387493,1.8704207399374582,-4.2011127304500349,10.664807942021298,-0.47485442412997259,-11.139662366151271,1.8479002479006397,0.9275642058238418,-0.92033604207679787,1.2974997916103348,2.1421225058247444,0.8446227142144096,-1.750141711336255,-4.3989984180361432,-1.7759370934287233,-1.5100845040715569,-4.5205876200421642,-5.3432798939662973,-0.51950095034266042,-10.516492060311265,-1.4949063118347112,-2.5823724476318262,-4.095660472809584,-4.4632237068208553,0.36656270050375811,0.37926763501531907,0.59298321108850804
1646,2020,87.32539944916266,43.225197723333018,1,10,22.564531611320497,9.6999969482421875,85.638089046138703,86.092023542301831,-0.45393449616312864,86.111759833036558,-0.47367078689785558,97.516204974977882,104.33540476811504,298.12217249814421,181.39342261736437,131.01507962662657,132.17155068708101,148.19651649128204,151.44216899311382,179.47815771148782,180.39560836016193,213.47148704692609,210.51135127776936,235.10076222506942,233.62616910745359,3.0080199856193701,3.1275331174102234,2.0001245779884016,-1.1274085394218218,5.955243744879084,2.5412281199048437,-3.4140156249742404,4.2946773202945963,3.5723292708433689,-0.72234804945122733,0.49919282523532615,3.5701099730229089,3.0709171477875827,0.57178162728297366,2.1322402197194208,1.5604585924364471,17.097446580886754,19.362699883349705,-2.265253302462952,19.461189382774137,-2.3637428018873834,17.343608507424506,48.221243750123449,73.587166711804457,198.75778154980171,167.07804599006107,153.1725116080774,176.17904666303687,166.52962599900485,197.15720987408102,186.96859690720677,221.31498975301494,209.03953844950365,237.9822454684813,229.23391767081486,-2.3066193474306544,-4.351593527701084,9.2632738554750631,13.614867383176147,0.0268340132562912,8.964374601813347,8.9375405885570558,-1.5062091111900884,8.5378909540942232,10.044100065284312,-5.8110692340000867,7.2037169506168084,13.014786184616895,-4.479246033770778,5.5606914669580192,10.039937500728797,68.540642210069564,66.729321804502433,1.8113204055671304,66.650570093565875,1.8900721165036884,80.172596320404409,56.114161309867995,224.53500614408404,173.03977450478928,126.44802089687791,127.69501335775961,139.26250549920027,141.55879962260292,159.66502760267065,173.63660480130235,210.54865857104639,211.52991081464089,232.03460088071765,235.72215787653582,4.5914639328030944,3.2211819951806575,1.7850542883991096,-1.4361277067815479,4.094654096967929,2.0390618180020681,-2.0555922789658609,12.437946690131497,-0.4067307985802131,-12.84467748871171,0.24246388657493867,0.75860267374358159,0.51613878716864292,2.8062614264895274,0.57180414090666432,-2.2344572855828631,-5.3146393330500246,-6.8980832802337488,-7.4791266451113074,-7.5727755228817415,-5.9284097316227928,-4.0678200837116378,-5.8008864314846846,-13.944155801321585,-6.3102620592354128,-6.0535331205750254,-5.0510276610537517,-7.2855074602603054,0.24683560466225482,0.17785360404329495,0.46217526885811144
1652,2020,114.5755240983431,43.225197723333018,3,10,22.564531611320497,-12.652175903320312,99.349812461936381,91.470664894310175,7.8791475676262053,91.128092788829235,8.2217196731071454,142.98366413651274,106.02231284752634,369.7944566057995,202.1839693602501,151.28005811835601,149.62214045086012,174.97604914813914,177.15855740671088,202.65778078187228,208.37746684185475,227.52132016034099,235.86976912601821,251.46620709621303,257.00837479487706,0.45026677939449655,-0.036446348317980437,0.35142985069009569,0.38787619900807613,-1.0599150379434832,-2.5464674204651203,-1.4865523825216371,0.40980871474215519,-5.4251929840789614,-5.8350016988211166,3.3419406062512564,-5.1919280548139852,-8.5338686610652417,2.0929466986484329,-2.5752419024670417,-4.6681886011154745,27.247826011531288,34.991151853846532,-7.7433258423152438,35.327817152199714,-8.0799911406684259,41.656513062730028,41.227137503068661,115.12452015792951,204.93012424932937,150.28455993219163,156.3708722996096,173.56216580391052,183.03021641032259,209.53494039243569,213.36341501788809,233.19840511679584,237.45458092654897,253.92738048002033,254.93858711562598,-1.8461362489301507,2.0438564321051444,-5.23342849726194,-7.2772849293670845,4.1543583376817423,-6.1332482146546852,-10.287606552336428,-5.1132599569174886,-8.1471990103881353,-3.0339390534706467,-4.4538736303887276,-7.8542141910653811,-3.4003405606766535,-4.7041957527407021,-5.7061200574929103,-1.0019243047522082,72.101986621768447,56.479513764788862,15.622472856979584,55.800275181820325,16.301711439948122,101.32715088832811,64.795175559127529,254.66993630863726,200.81382644261825,151.59632815281631,145.71497899506866,175.22654065470056,173.41405606586559,198.33191393518962,204.24733196469305,226.16448553941692,234.57910428704761,248.74434571420474,258.49913372737745,1.5779993106644383,1.7309043322599962,3.2989868237459916,1.5680824914859954,-3.7491840030753565,-0.11323691544160397,3.6359470876337525,3.7427255878538688,-2.9031325725876798,-6.6458581604415485,5.7012425191128955,-3.0323532595287759,-8.7335957786416714,6.201498532854572,-1.4330410883855507,-7.6345396212401226,-2.2964030283246473,-3.424135559594589,2.0803027804231249,0.31295209984514827,5.2142733756252255,7.9035423407570988,-5.5230686716596438,-8.8559855447713574,-7.7958142366399841,-10.155116149501623,-6.797142451389135,-10.905694285595274,0.31132029726625171,0.2913375686257329,0.3888534063802076
1653,2020,114.82552524191357,43.225197723333018,3,10,22.564531611320497,3.421051025390625,133.80145051591899,131.02956149386591,2.7718890220530739,130.90904522542041,2.8924052904985729,153.75339605828412,94.771932690437097,370.04857842251658,193.40680079606591,141.56510049341597,142.85383996153334,159.37410156238931,165.55454660674638,192.09833502049872,195.07279041044535,223.52386405223214,223.98565861619593,249.27846601007653,248.81354864913277,3.0121210676328758,2.1945609414399314,0.71394158694687349,-1.4806193544930579,7.0267242233533125,1.1259672267736391,-5.9007569965796733,4.4430853216662456,1.6557258425210932,-2.7873594791451524,2.0763272161544251,1.5541959609371077,-0.5221312552173174,-0.088750239512961571,0.39009467391579733,0.4788449134287589,63.344216580886496,70.381867089645311,-7.0376505087588157,70.687852351340553,-7.3436357704540569,72.781796023637071,46.150502461119686,144.11254737805575,193.95941204261089,141.15277585128584,147.24568999130048,159.57416919232548,170.4745226954864,191.87316342572993,197.79964887299181,220.562545017991,221.25860975746718,252.8704592530905,240.86728544751335,3.9867203568646801,8.9018173631260424,2.2177747480496635,-6.684042615076379,12.22821838022216,2.3557746102235626,-9.872443769998597,8.2858967920178372,2.6429845869514565,-5.6429122050663807,2.9841258339904755,2.5986774938514827,-0.38544834013899276,-9.9031046664312044,2.1484397720692243,12.051544438500429,70.457233782295589,60.647693858365528,9.8095399239300605,60.22119233606918,10.236041446226409,80.971599881910151,48.621430169712767,225.93603073619306,192.89964903599483,141.83144559910107,137.88431494820409,159.17908762422474,160.81148465147797,192.3631094710332,190.71324499269417,225.17747916867387,228.40282362948699,247.01552416869248,254.69130896989012,1.17085333638164,-1.804069347448177,-0.88542016241586907,0.91864918503230797,1.3109564891116747,-0.39455693693048488,-1.7055134260421596,-1.6729913825747076,-0.37090207408465403,1.3020893084900536,2.1085628277326975,-0.30537619638124625,-2.4139390241139438,6.6152846443006297,0.32285713460549914,-6.2924275096951305,0.97459928923180428,2.8158670204830401,6.707256421686111,10.705886710574219,5.2014941568688471,10.917261891110485,3.8428114703515917,9.9588881745925448,0.90779861783605043,0.87556300625777794,-9.8143544269182428,-16.518389310731834,0.38944224023882063,0.47336707929395772,0.48696382094333374
1654,2020,115.07552638548404,43.225197723333018,3,10,22.564531611320497,4.100006103515625,125.59717608636493,113.52322300666856,12.073953079696366,112.99826944622328,12.598906640141649,139.57218317348088,105.44296343781571,347.39772539492697,194.16907398742583,142.24827762226488,140.10348102846802,162.01088752542537,165.33206292846032,192.62793382437576,194.2412242893015,225.42854622209109,223.74477602561078,247.99869509078539,247.3082802264679,1.3642807573636446,-1.0185793771390479,-0.093705351953673244,0.92487402518537465,4.385944837121059,1.2993465882748012,-3.0865982488462578,3.2299776723742468,2.0245859796316665,-1.2053916927425803,0.1131428869399258,1.9803418954635106,1.8671990085235848,-0.062085514514023998,0.82564860098673876,0.88773411550076275,41.587645864221486,42.752529034651161,-1.1648831704296754,42.803176308609181,-1.2155304443876958,46.4958918063694,35.015066499629029,98.779490720946342,193.09825724458972,137.99124010193643,144.64734269484509,160.79899091646411,168.50413791791109,190.70427058138918,195.71909134997918,223.55482628441266,223.06080697841222,251.42611325803801,242.77044309032172,3.7805781718029721,9.5893777195968823,1.4971511704853242,-8.0922265491115581,9.3504129864245158,2.4475536414140322,-6.9028593450104836,7.6156947317131483,2.7416501568874594,-4.8740445748256889,1.1596902948089109,2.5553916011602951,1.3957013063513841,-6.9833781082477913,2.1270656056539679,9.1104437139017591,84.009530147637633,70.770693974998721,13.238836172638912,70.195092562429636,13.814437585207997,93.076291307506835,70.427896985684129,248.61823450494558,194.70290312099107,143.06936531538281,136.88598170972821,162.9324229730197,163.44061579924016,194.15723602311758,193.30681224979949,225.59910452731279,224.07294828286433,246.53150983931619,249.49263539657346,-0.51940225667135564,-3.3827346217562422,-0.66879552779772666,2.7139390939585155,0.57883998205915077,1.0629144949107285,0.48407451285157777,0.066013490891975835,1.4897835315701684,1.4237700406781926,-1.2884745643104338,1.7286552722269732,3.0171298365374071,2.0066649163013324,0.7256968609674459,-1.2809680553338865,2.4162974144393274,4.2999804284743277,10.60795709673593,12.972112341353125,4.9644681493034568,8.771573004365365,4.3857170593389014,7.5496812408211724,1.0465474078689851,2.4481648591193448,-6.9212925937337673,-8.9900430245491236,0.28434121325536121,0.333131507648465,0.33207589542263705
1655,2020,115.32552752905448,43.225197723333018,3,10,22.564531611320497,-11.18182373046875,104.86565042454276,105.52354912925148,-0.65789870470871392,105.5521532631501,-0.68650283860733907,153.00480578702809,98.25838224661311,370.81835909653455,194.01391262266731,142.79601293169105,144.12839985314045,160.03422210730392,170.0089843528452,191.96809681966937,202.69371219622477,225.38803777989571,231.93406690423322,249.26744780625594,253.10756448581776,3.1808538984118115,0.90853402511760351,-1.0026512827746785,-1.911185307892282,7.2803336614535397,-2.4012561863975463,-9.681589847851086,5.3168387522715364,-4.9067479723284748,-10.223586724600011,1.4911469102509614,-4.7988203244986494,-6.2899672347496107,0.78961840815208006,-2.9129170456762665,-3.7025354538283466,42.372823930889354,44.694234228129062,-2.3214102972397086,44.795164897731411,-2.4223409668420572,56.035202015862524,42.081734709829107,119.28666668990627,196.34941553745037,148.10488457716596,152.76338235893553,162.1631507309051,177.74541119833202,199.74627566174911,208.77470861070316,228.55570996732706,234.30035503839704,252.64616112859846,252.26526988266494,2.4763113622139485,0.034919592373910291,-5.4598564212200245,-5.4947760135939347,9.0909319452603938,-5.8644328893552427,-14.955364834615636,1.230653005806488,-7.5008894192634159,-8.7315424250699039,-2.8277823364332164,-7.3594590597830631,-4.5316767233498467,-6.9527572237941513,-6.2363768539754858,0.71638036981866549,62.492826977941149,60.829313923064547,1.6635130548766028,60.756987558046603,1.7358394198945462,96.969604113892274,56.176647320717166,251.53169274050742,192.51761482022434,142.06102359262368,140.95215185710836,159.00894091362821,163.72488181871418,190.54915697764065,196.87092607844068,225.17805752190802,228.49154309497104,247.45297261583551,253.84788548194351,3.1211698423015264,-0.19344283024889819,-1.3918462257921647,-1.1984033955432665,5.0654494944685666,0.93748744153705843,-4.1279620529315082,2.5503726337883847,-2.1151502512312845,-4.6655228850196693,0.92826381984221484,-1.2051738698523309,-2.1334376896945457,4.0143281587465935,-0.32775944222225917,-4.3420876009688527,-0.704542536197863,-0.64485848008757785,-0.87361443274369321,0.22836242262280848,1.8105982838068542,4.0254824507918272,-4.0861857464650484,-1.3197196279818968,-4.3189292466841778,-3.7560461562754313,-7.7423756319462314,-10.967085382540745,0.32168489979983045,0.36623164695793659,0.42827628287437669
1656,2020,115.57552867262496,43.225197723333018,3,10,22.564531611320497,-12.047622680664062,111.1467969037476,110.52361887287407,0.62317803087353241,110.49652581161354,0.6502710921340622,159.64867466368378,107.15270039001916,389.28988031297922,193.80871188349764,140.82265880830914,143.30269992411695,160.20047680395626,169.07736893480177,192.71743424048245,202.48869933197506,225.31291499306695,232.1053576668649,248.46074458451437,252.94352505142655,2.7382859277626892,1.180352237404179,-1.5378347887433961,-2.7181870261475751,6.0012349018838052,-2.7847967393271631,-8.7860316412109682,3.8258368035584454,-5.3293942043898141,-9.1552310079482595,1.5536794385355108,-5.2740821759671235,-6.8277616145026343,1.3223324190954315,-3.1675164900591994,-4.489848909154631,39.983828044001712,49.776734408234915,-9.7929063642332039,50.202513780066511,-10.218685736064799,59.251609542034203,39.801629367057558,118.67947445902973,189.46431837710884,136.59045875961118,153.14118630160505,157.61538102620605,177.16002338390953,180.35061371239496,207.83261992989765,218.83856132489908,234.58746844162778,250.70494139652689,252.76720189705603,7.9629608147588442,9.9678119792493476,-7.0908500102328844,-17.058661989482232,10.746730425123673,-7.0587713733744408,-17.805501798498113,18.581377217056797,-8.1519175359236158,-26.733294752980413,6.8729856836087038,-8.1444379967775262,-15.01742368038623,-5.0417660476226445,-6.4816205186277216,-1.4398544710050771,71.162968982680468,60.746883553540101,10.416085429140367,60.294011614314513,10.868957368365955,100.39706525948532,67.351071188204514,270.61040614172816,196.37402354797203,143.3613101835013,138.59337818399513,166.51657018740497,161.71596370964835,196.08141876805698,196.6182393172941,225.95780357306433,228.68369722107636,248.15730306327569,253.17446795189241,-1.2474420440664176,-2.2681910550150519,-0.71437931751736983,1.5538117374976821,-4.1122884169632528,1.9419705886825795,6.0542590056458323,-2.7890472350767084,-1.6690143152388544,1.120032919837854,-0.25699806233726008,-1.5279319661670741,-1.270933903829814,2.3531542290438381,-0.23012815841588008,-2.5832823874597182,5.224674886996155,9.2104028588252618,8.7874597418451685,12.2360030342644,4.7454955232398675,14.859018842086925,14.755540413498352,21.370424452133506,5.3193062450731929,7.1299837459459638,-6.364098466718076,-7.3949202766664826,0.30486144249014241,0.37113749717530548,0.3714477490738527
1657,2020,115.82552981619543,43.225197723333018,3,10,22.564531611320497,-0.5,123.98759816841266,126.01339225616903,-2.0257940877563669,126.10146952965079,-2.1138713612381252,149.05484895662448,109.68384918145239,392.02886412944645,197.06363839480301,146.39831202780232,146.31269490411395,166.92870648352226,169.32017465130889,197.83415386940729,197.83273868414213,225.59182313451475,225.82976878702894,247.27712313078095,247.12245467593226,0.09448524573525674,-0.0011176219253172803,-0.12068223509055542,-0.11956461316523814,1.9776110399480444,-0.16991218568520594,-2.1475232256332504,-0.60811199102948876,-0.25815465060313159,0.34995734042635718,-0.031566060358187542,-0.22992267464073279,-0.19835661428254525,-0.40592122575273493,-0.16101639211393604,0.24490483363879889,39.952161030967545,59.618701558669272,-19.666540527701727,60.47376840873585,-20.521607377768305,50.368108304341149,38.423191323439823,113.84624807629734,192.36771945156761,141.80363018383696,147.69948729210245,160.34075090562894,170.93821573578919,191.14255935259533,199.03858362539418,218.75093890579487,225.93719125730902,240.50970262898431,245.83834311169866,5.3615482621258082,6.5812195807818057,-0.19717304047216544,-6.7783926212539711,9.0117577954221417,-0.26708330260311186,-9.2788410980252536,7.6402454368362669,-0.29993141498539444,-7.9401768518216613,6.3013220065655844,-0.33170699324207931,-6.6330289998076637,3.9242495143429039,-0.20669429669524675,-4.1309438110381507,84.03543733116021,66.394689256150741,17.640748075009469,65.627700763287066,18.407736567873144,98.686740741690301,71.260658031238563,278.18261623289436,199.51708432541844,147.20423605753871,144.96523387946033,176.07821265463795,168.18647934132127,198.75656534928675,196.81721528786326,226.30950271825108,225.67990427533368,248.41559738383577,248.30498398432255,-3.2544969437325335,-0.25287440039272724,0.21001692781467796,0.46289132820740519,-8.0460235650735967,-0.049550532847547402,7.9964730322260493,-3.4248208267077302,-0.1929964530256143,3.2318243736821159,-1.7251200925793455,-0.087823759978249427,1.6372963326010961,-0.79933526378260922,-0.0899969734116155,0.70933829037099372,5.2670630163905514,8.6160452058583417,6.582337202707123,6.8340939811745329,7.0341467554740973,17.057781360495738,8.2483574278657557,11.065066263543997,6.3328880669237719,8.0264420991449299,4.3301707400956388,4.7235847781255131,0.29040271901689807,0.33791660356516451,0.3503085605600465
1658,2020,116.07553095976587,43.225197723333018,3,10,22.564531611320497,9.350006103515625,131.23237416685697,151.8798785678955,-20.647504401038532,152.77759616506228,-21.545221998205307,139.45068595570592,103.95527457217577,367.21814260445535,198.55623831778982,146.5254041627864,143.80659815258528,169.41919385409415,164.82233917660625,199.08598826036018,192.93921379372725,226.34207828290971,222.91777000505547,251.16226165547036,247.41471905982456,-1.1312786990335439,-1.0907362802162766,1.7586416808418903,2.8493779610581669,-1.6974189352358451,3.209997340191876,4.9074162754277211,-1.954821601861795,4.569848419802014,6.5246700216638089,0.50205990651286925,3.8428369260747672,3.340777019561898,-1.7490169792017696,2.0423513708830967,3.7913683500848663,34.433456260541789,74.190372048842619,-39.75691578830083,75.918932717459029,-41.48547645691724,35.915457833389155,21.861088310699415,76.800169104710221,188.50007906878687,139.56221113866334,144.04637265810825,157.71979798942627,165.18610415147933,177.58251691122544,192.64451805165623,217.47524964160172,219.68397702350214,240.92381928948674,241.76151599356515,10.052035156560606,10.379322114564843,5.4867816199082711,-4.892540494656572,12.335224326019642,6.3009603784512649,-6.0342639475683768,20.987774272954937,6.9881535515966107,-13.999620721358326,9.0299522239958208,6.5941449435079278,-2.435807280487893,5.7938822909182193,5.8350204638941818,0.041138172975962561,96.798918077678536,77.689507830355069,19.109410247323467,76.858663322433131,19.940254755245405,103.53522832348244,82.094186071952208,290.41797355841845,201.68618480203159,147.31374745905194,143.58816595792331,176.92742557258302,164.49018878541261,201.48782990060312,193.24053170590898,228.45349053646819,226.50934367750733,251.43650656816857,252.28327525842792,-5.9973591992187778,-4.4515912922832968,-2.6823680725580346,1.7692232197252622,-12.734621273105773,0.67942786694138135,13.414049140047155,-7.6687875484332437,1.9260160777711235,9.5948036262043672,-1.361934495629896,0.81286951228375415,2.1748040079136501,-1.0856911022593465,-0.56761068620366473,0.51808041605568178,11.18331385559415,16.049394355779384,11.47005839478112,14.83091340684814,14.032643261255487,25.069845599125415,22.942595874816732,28.656561821388181,8.5278923174829515,10.391886719625717,7.5428992701199888,6.8795733931775658,0.20914045411812512,0.25754952431569306,0.21029320927358372
1659,2020,116.32553210333634,43.225197723333018,3,10,22.564531611320497,9.4736785888671875,132.56826770406042,159.45831808765797,-26.890050383597554,160.62745209430432,-28.0591843902439,143.44497261085053,123.04484737520397,413.45515727996826,198.56558489670505,142.81476760275788,139.56129172760578,165.88545602042856,161.83517395282956,201.34352944890091,190.95732217121338,228.36717919964534,221.59807818281146,253.10080756425987,246.98761551765153,-2.9534102869215246,-0.61773823543546769,2.1878012663482878,2.8055395017837554,-0.74098373342491186,3.4708666399873778,4.2118503734122896,-5.6643756651608896,4.8070736006920072,10.471449265852897,-2.922719601511659,4.0148993702943869,6.9376189718060459,-4.1592584004619368,2.0760703175982371,6.235328718060174,34.207900272682309,72.502527754801122,-38.294627482118813,74.167510660598055,-39.959610387915745,38.338540541008115,1.2517232945538126,48.7569286559592,159.11430455338447,128.72720232679529,140.40464033067624,140.3353907008252,161.35746358959898,160.04750717241524,189.41459664014752,170.59014878754382,218.39130080197685,184.61132321915585,240.58266577692459,35.829466945202455,17.104045381698057,5.1953522697908738,-11.908693111907183,26.070431202594278,5.6684114110966277,-20.402019791497651,34.965725365611718,7.0400788294780057,-27.925646536133712,52.25118977152411,7.0881077955615979,-45.163081975962513,58.968942780921537,6.6044216146094072,-52.36452116631213,98.360367120316369,86.955791869244422,11.404575251071947,86.459940757664299,11.90042636265207,105.10643175878067,121.79312435393513,364.69822863303125,205.4491885430503,147.36743100813274,138.74728099495204,179.57079361927194,162.31344005642657,208.98572851852063,192.31511367400159,235.08875313683973,224.67825829435324,255.89123460684468,252.63000956339431,-10.955674521340228,-6.8285417578946408,-0.77930494154739449,6.0492368163472463,-16.557456505126652,1.8279628409181896,18.385419346044841,-14.947771861024506,2.7959511365831986,17.743722997607705,-10.197594395815116,1.0983862864051162,11.295980682220232,-6.7881650528559021,-1.4931637279141228,5.2950013249417793,38.78287723212398,46.785141466542683,17.721783617133525,23.932587139592698,26.81141493601919,42.62788770772093,40.630101030772607,49.913497226636224,55.173909373035769,62.448784167339227,63.128201181383474,65.75710783377744,0.11792555443429573,0.26727001890136715,0.010172902980137795
1660,2020,116.82553439047726,43.225197723333018,3,10,22.564531611320497,-5.1999969482421875,141.03016484203545,140.89411784283584,0.13604699919960694,140.88820012864744,0.1419647133880062,167.79628355857949,143.70575249620197,459.65908651612699,198.84194831148747,146.10226793573526,141.76659169137042,170.3848870072085,165.61130403034224,202.75172790706068,197.97238945718624,225.50971214647794,228.08604926417954,247.2325012007625,250.10002907065908,-3.3578073822591818,-4.9439197311894247,-0.84481056778886909,4.0991091634005556,-6.1205079091587606,-1.5007700415102931,4.6197378676484675,-7.1709588982004391,-2.3398847874719593,4.8310741107284798,0.5583960566328301,-2.019638794906399,-2.5780348515392291,1.455779402749954,-1.3045780480882172,-2.7603574508381712,63.635741672071163,67.917839833495236,-4.2820981614240736,68.104016153352859,-4.4682744812816964,71.018986421221143,83.312099906316917,163.65107519715093,204.74052165936837,158.90580591737242,153.67630615350868,190.39606381033482,175.08900548695928,207.81685045952705,203.58238865080853,224.67709783792182,230.01375314891976,241.13511794025189,248.74001009704418,-6.0156664336394954,-8.4936744511227289,-3.7494700163537402,4.7442044347689887,-18.835368002200028,-3.9625701991762128,14.872797803023815,-8.5574444236976319,-4.1976074709726277,4.3598369527250043,1.1827627365220792,-4.160767576135413,-5.3435303126574922,3.9964305364181314,-3.6532505943949332,-7.6496811308130646,77.394423507103056,72.976277759004006,4.4181457480990503,72.784184738233307,4.610238768869749,96.777297318034925,60.393652799246411,296.00801171921194,193.0499541527779,141.23770908931559,135.86558689501709,158.44094246320893,156.51818438522497,189.64061805098459,191.18365170971038,225.95902107690364,225.92556179757349,252.97095606827762,251.28226185351022,-0.22274332190647783,-4.2396099960001266,-0.59993686248344602,3.6396731335166805,-0.53208626548570237,1.3291073369736353,1.8611936024593376,1.0650813569341437,-0.083580291741839119,-1.1486616486759829,-0.090677489025381419,0.37984290060126114,0.47052038962664255,-1.0219841012782638,1.2659860061723975,2.2879701074506613,-2.6578590513803135,-5.7929231117330175,-3.5497547199333042,-4.2540644551226023,-12.714860093041267,-18.303281736714325,-1.3864855254971928,-9.6225257806317757,0.6243666798892491,1.2734402255474606,2.5406511336681774,5.0184146376963952,0.35602706440006227,0.42324528836437342,0.57974088343136287
1661,2020,117.07553553404773,43.225197723333018,3,10,22.564531611320497,2.350006103515625,139.15951610745833,164.8618928838041,-25.702376776345773,165.97938677782804,-26.81987067036971,155.87668481007859,145.12218825874879,434.95069600827992,196.82628691039579,138.86055566228765,136.42146156220579,165.80928602981558,161.83748560178947,200.17341801925511,193.53619371867657,226.69729643199707,224.52178809550259,250.06584921562535,248.57771213980439,-2.643035779630992,-1.5407625988397342,0.5683221156039906,2.1090847144437248,-2.8534400925149441,0.84998101142477367,3.7034211039397178,-5.1245123733077662,1.2540169117415303,6.3785292850492965,-1.3049803503043051,1.0305355704237513,2.3355159207280565,-1.0948023256671604,0.38276920216580379,1.4775715278329642,65.370920925393875,95.566334220042336,-30.195413294648461,96.879179861167358,-31.508258935773483,70.337321220889862,79.587056375174143,155.97216250986094,200.6451164184557,155.19136804735382,147.47496104529142,177.97554721075244,170.79347296459815,204.70795265720182,196.06290772734329,224.11034316517473,221.22101516658563,241.35233823765427,240.37009939624966,-3.0624148028230991,-5.215276206320425,2.015326081692848,7.230602288013273,-4.573540064962458,2.0996308467853737,6.6731709117478317,-5.9092928223074921,2.1481948196893939,8.0574876419968859,-1.1545840261767353,2.1048355292474241,3.2594195554241594,0.17361365994705125,2.049116982760097,1.8755033228130458,73.788595435384195,69.295556011356894,4.4930394240273017,69.100206600756792,4.6883888346274034,85.539363842508465,65.535131844517309,278.97853366611525,193.03652980955246,133.18065288676769,127.73976801715015,152.45211454591268,147.85319558646162,191.65634376461702,187.10956725567917,229.6666921122133,230.74965569581101,256.42138444043559,258.7920356169758,-3.5629444361767071,-3.2485144757705768,-0.043522967997887463,3.2049915077726894,-4.4079209757470323,-0.31592370167979311,4.0919972740672392,-5.0509233975061818,-0.85936359239190097,4.1915598051142808,-1.4359702941100352,-0.84287729670495537,0.59309299740507981,0.45590218032270968,-1.0995352271076513,-1.555437407430361,-0.41937902319210707,0.50052963335360801,-3.6745136074806908,-1.9667617305498482,-1.7200999724475139,-0.16561908921542567,-0.78478044899972588,-0.85836942480131029,0.15039632412756987,0.28138626793329991,1.2684159856142116,-0.28228852037565844,0.35859733974742686,0.45123695892422538,0.54841411454789157
1662,2020,117.3255366776182,43.225197723333018,3,10,22.564531611320497,3.68182373046875,167.0619697928305,159.26879797366564,7.7931718191648542,158.92996253511228,8.1320072577182145,187.19889144730769,129.07808222771928,455.94461137801409,194.88797332644469,141.50277059066045,140.37626332585711,163.17597535676077,163.14798693029738,194.4720268516744,193.82634711807771,224.39008446538469,224.65003834471682,249.13128295203657,249.66840835774667,0.6399920183392851,-0.32498442697536234,0.60090145597456512,0.92588588294992746,0.86410985734042356,1.0332481163004275,0.1691382589600039,0.96857886897305434,1.6573036622490918,0.68872479327603742,1.5770984472786722,1.3351783934264745,-0.24192005385219773,1.1101739719629506,0.62853862037678709,-0.48163535158616355,95.538781002382166,94.481751731842451,1.0570292705397151,94.435794530631028,1.1029864717511373,108.45840842483449,66.236130566641805,197.6934122844832,192.20558550929547,138.78831905234958,144.87141071426242,166.23089758499538,167.47170265451723,192.99322563660402,194.74947836458458,218.40486867638936,221.31386832286537,239.24603256453909,243.98807544666445,4.8798978751684956,8.139437623696665,1.7993404105881723,-6.3400972131084927,2.7665631082183211,2.404488828924201,-0.36207427929412006,4.5308452774669661,2.8067946669848425,-1.7240506104821236,5.9973492500032251,2.7475883823123297,-3.2497608676908953,6.1357267620084883,2.2933580683522905,-3.8423686936561978,71.523188566930912,64.787044453683848,6.7361441132470645,64.494168345852813,7.029020221078099,78.740482858560426,62.841951796643116,258.2511990442872,198.19769544958595,144.46669382900816,134.99716659712615,161.70062220883983,157.55959141649672,197.78433305025123,191.95073121097437,235.07325132505764,229.91727249193201,256.04558569320193,256.33138508867364,-4.5996814106305521,-7.1379014947102064,-0.46305516732408591,6.6748463273861205,-4.2582423728390495,-0.92363742803291871,3.3346049448061308,-6.5879227681382133,-0.79791457643008812,5.7900081917081252,-6.27822173562177,-0.39345010689501692,5.8847716287267531,-2.1133277451014294,-1.4765515601993968,0.63677618490203258,4.2399058568292105,9.4795792857990477,8.4644220506720274,15.277339118406871,1.9024532508778975,7.0248054810573706,3.5622664084939117,11.118768045605179,4.4202508027245528,12.275570985624995,5.0255527900455377,8.2490545071099177,0.43359085150055593,0.57937527079514306,0.51314777399456679
1663,2020,117.57553782118866,43.225197723333018,3,10,22.564531611320497,7,180.31750536469917,165.67526148927573,14.642243875423446,165.03864100047213,15.278864364227047,194.50199860839348,123.7016504714411,459.75229637883604,193.83842256309981,140.46574792407338,138.76615553908778,160.52305140167894,161.24206240578744,192.7137136784867,192.01054150872665,224.52519593879913,224.28449983429809,250.73930161193707,249.94310887067559,1.9433529213571603,0.0077350270715328406,1.0364684548279399,1.0287334277564071,3.0860909260947835,2.4783724521278145,-0.60771847396696899,2.5587584099000367,3.2941910652408524,0.7354326553408157,2.8077348464210274,3.0411992146487705,0.23346436822774308,1.2169693481199886,2.1025927190659957,0.88562337094600707,95.233269780019327,83.394362749681022,11.838907030338305,82.879626996622392,12.353642783396936,103.15998569045405,45.995385708994945,169.95116189937107,186.76583718500797,135.90402886645538,142.50581605971004,158.85883792763894,163.61629000614414,187.27782674187947,191.33256826119913,213.03978993050094,219.78815445373402,235.59914338846869,243.44559993847503,9.9132446093708211,10.861830536861561,3.7138608819563217,-7.1479696549052392,8.4891419489697455,4.5188387625064763,-3.9703031864632692,9.2656275004506483,5.2887532269708402,-3.9768742734798082,12.366425583977133,5.1363668234898228,-7.2300587604873101,10.462319308090372,4.2427497239573313,-6.2195695841330405,85.084235346261266,82.280898444409104,2.8033369018521626,82.159012990570773,2.9252223556904937,91.342012619916204,77.706265174889268,289.80113476701081,200.07873530749646,144.5543178866844,134.58723633271691,162.04933290168356,158.84581505592001,202.0821048281864,192.80903180349472,236.87896824568745,228.98323337969742,258.70708971240094,255.40060944423172,-5.2420878170404421,-7.3061427758436253,-0.23606577950377527,7.07007699633985,-2.7652333131051421,0.50045761655681531,3.2656909296619574,-8.7195434833388674,0.64518593521910361,9.364729418557971,-6.9428695692362226,1.08274174895638,8.0256113181926025,-4.5740099517790043,0.072367634203800435,4.6463775859828047,7.9698916880136608,15.155332426411263,10.854095509790028,18.167973312705186,5.403051022874962,11.254375262074888,6.7068690905506116,17.985170983789516,9.5586907375561054,19.309295153213355,9.2453499599703832,15.036329259869376,0.36965810336993132,0.53038008055718933,0.37182515781884301
1664,2020,117.82553896475912,43.225197723333018,3,10,22.564531611320497,14,203.71745220800949,188.54969598477692,15.167756223232573,187.8902309748737,15.827221233135788,206.65681175371719,115.1940550937943,483.03282384388149,198.65473321344766,148.64556364666794,145.68068216789231,166.41223665906352,164.36379065150763,197.35483435321262,191.57648953306008,227.41792354295117,221.89839185665403,252.77427376389457,248.07877640888717,0.71265742789307751,-0.80112575435481403,1.9841458186641319,2.7852715730189459,2.9337552339108868,5.0969261022834473,2.1631708683725606,1.0905232026860858,6.8705618618322717,5.7800386591461859,1.0063566095302292,6.5529541309112744,5.5465975213810452,-0.32182450144350128,4.4928769670866586,4.8147014685301599,126.46048960392545,111.95849339295091,14.501996210974539,111.32797115599897,15.132518447926486,128.62211790983747,50.657377137567892,210.34621096251067,193.17937076606657,150.46091452201446,146.3571069716339,167.51391675246549,165.23539503966799,192.70629943907434,189.5476772505564,217.39954927177214,215.25696510965727,238.63901619598312,238.33737651491154,6.7155482059886253,1.8855288188018449,5.6563717737017214,3.7708429548998765,6.1219545167140552,8.2739860880037952,2.15203157128974,6.8798210929472532,9.9435488784060908,3.0637277854588376,8.3565186969152592,10.161055394510015,1.8045366975947559,7.5320965234769801,8.4134883164142593,0.88139179293727921,77.256962604084038,76.591205552191241,0.66575705189279688,76.562259719533358,0.6947028845506793,78.034693843879722,64.536677794176285,272.68661279417574,205.53984765285028,147.3370265062841,144.75708176406494,164.7296935426275,163.05056236665376,207.87496561523866,195.72977940576862,244.60332165336365,233.77751941145027,261.81745690154156,257.64922372269712,-6.5548222433444607,-2.4896901138702958,-3.1173493251805837,-0.6276592113102879,-2.2247018102077334,0.35192932835900592,2.5766311385667393,-11.650544662832203,0.87574121185173226,12.526285874683936,-10.967885257549597,-0.14762970151326726,10.820255556036329,-4.4788947854901835,1.1395865730026458,5.6184813584928293,6.0028907780955478,13.270370449333086,2.6866545731566589,4.3752189326721407,3.1881992828031684,8.3466563269217886,5.7892978902611674,18.530365755779457,7.35016208738503,19.324403954464856,7.8539210249204814,12.010991308967164,0.43546980780439792,0.62239476559389972,0.43975687023363491
1665,2020,118.07554010832959,43.225197723333018,3,10,22.564531611320497,10.952377319335938,218.34744103107369,196.47612531951745,21.871315711556235,195.52519804546318,22.822242985610501,225.25424449482398,131.33897458348656,503.35648705437779,197.18763506281496,142.67487058178997,137.58891134139506,162.50141982141838,160.00645953073962,196.83481903928933,191.11414307221764,227.97883481218398,223.98340334835453,257.05918784273609,250.65029322432542,-0.40191974178969758,-2.6708872255317146,1.8681165433067406,4.5390037688384552,0.92034289473124886,3.989244009310994,3.0689011145797451,-0.38413185577772424,5.4819575901362043,5.8660894459139286,0.95865976641709949,5.174321843342284,4.2156620769251845,-3.003014962379126,3.4289373029030514,6.4319522652821774,106.8874620662391,83.025295025123341,23.862167041115754,81.987809291298618,24.899652774940478,110.96431497255344,39.269137035239055,172.04963823291473,189.88000227167041,138.68149401067467,140.65700431060736,163.99480649695718,163.79612325590116,192.73789130319105,193.46667235993814,214.52558452350391,221.62790162679096,235.13318767467123,245.06696894537373,10.120826320687172,8.5871487379229166,6.0955484601930436,-2.4916002777298729,6.221944657232882,7.3667635344084772,1.1448188771755952,8.5340706087744422,8.0391451217233794,-0.49492548705106287,15.101638504346226,7.4893550305273209,-7.6122834738189056,14.462993943007092,6.7718737317705688,-7.6911202112365231,111.45997937461652,113.4508304136034,-1.9908510389868752,113.53738848594367,-2.0774091113271425,114.28992993205247,92.069837728391576,331.30684951320291,202.50771705139414,145.26871612049339,135.4021719902604,161.87687026760446,157.28646217726532,204.02013686855,189.12392591548206,242.77147135493396,226.67226051634651,262.50355335658259,255.01592968610271,-8.271234130133962,-7.4865292287714169,-0.55156015876636388,6.934969070005053,-3.7971478158253547,1.8281560109091117,5.6253038267344664,-11.877740463126429,3.1912081523105087,15.068948615436938,-13.960107703404134,2.5178757301112,16.477983433515334,-8.7721261659391701,0.91674038892998055,9.6888665548691506,10.52274606247687,18.392060450821134,11.258035963454631,16.073677966694333,5.3016017625016332,10.019092473058237,8.9182024645521665,20.411811071900871,14.142978737929127,29.06174620775036,17.466008905386218,23.235120108946262,0.34180475002863753,0.49261808682634278,0.29899073873366772
1666,2020,118.32554125190005,43.225197723333018,3,10,22.564531611320497,9.7916717529296875,206.10971986201912,167.79763098184776,38.312088880171359,166.13188685370551,39.97783300831361,216.55777653849873,130.66629604022455,509.38669896954389,201.74343939724844,151.65447411707717,152.47113014600359,169.42883729635557,171.18184102045919,202.12257222828464,200.38517080007358,229.81221425094503,229.5013233227194,253.3511354025276,252.96873928735275,3.2739247354296026,3.1504219660678245,1.8846020053618133,-1.2658199607060112,5.7863984330036828,4.032105509620493,-1.7542929233831899,3.0025976080166856,4.7658410645233573,1.7632434565066717,4.0907232744644375,4.4503868441849193,0.35966356972048175,2.4282159183364342,2.7798521548252779,0.35163623648884368,106.75487343281929,69.974660248886721,36.780213183932574,68.375520748455529,38.379352684363766,109.24302300164663,75.881187334056449,206.76456862990744,207.48069675547057,166.87731866294027,160.84243936232468,186.15078759219733,182.01172252211586,207.47000785340649,206.89295600114818,228.60497583782896,228.88058396114937,247.83137685026355,248.05159875041437,3.9526799611001593,-2.3978583122932946,3.8069866735179403,6.2048449858112349,2.5381959774636584,6.5428426791547452,4.0046467016910867,6.9317331601720582,7.7318138575142825,0.80008069734222431,7.5133497057839236,7.4400639276427114,-0.073285778141212177,5.0425918358084516,6.4577665366844315,1.4151747008759799,99.354846891135821,97.822970156781594,1.5318767343542277,97.756366433075527,1.598480458060294,107.31475405218407,54.785108862630295,302.6221310877213,195.19127313140982,146.49920093438001,148.67933434466852,155.7817329393946,163.61748682057998,183.78642962382088,191.16741912430126,233.77340427239361,230.51695348330091,260.06945400134282,257.74273048273511,3.5534419616853938,4.6062535417487993,0.66015237405878224,-3.9461011676900171,10.40360840746186,3.0919430812490702,-7.3116653262127898,9.669663346917531,2.2006089316087412,-7.4690544153087899,-4.4092202810226127,-0.25078862290675374,4.1584316581158589,-4.7284941642042497,-0.26757141850112021,4.4609227457031295,0.67875522567055668,0.39923799941476545,-5.5482802783611191,-7.0041118540420939,-3.2482024555400244,-7.8654124299982016,3.9291355521553726,-2.7379301867454728,3.4226264313194861,11.922569986806536,2.6143759174720174,9.7710860000127013,0.40590884891218931,0.50445209009719338,0.5807250196385535
1667,2020,118.57554239547051,43.225197723333018,3,10,22.564531611320497,19.375,204.11183142662048,188.72119283676147,15.390638589859009,188.05203413963318,16.059797286987305,199.59505416452885,122.68229335730575,467.22308199619874,200.15356760918539,147.78653653162871,144.17950677557059,165.20234775211486,163.05131009427004,198.85040458835127,191.96262180753178,230.76390308476496,223.06509193518045,257.93778649094781,248.97939301890739,1.3614226973959376,0.080699326563490104,3.0736370583021824,2.9929377317386923,5.0136481788638605,7.4465481476603088,2.4328999687964483,2.6043617098105756,9.3586304887543008,6.7542687789437252,1.6538914305065759,9.448671536450604,7.794780105944028,-2.7286645321997867,6.137740407411826,8.8664049396116127,61.906326464377344,58.505986630916595,3.4003398334607482,58.35814605653286,3.5481804078444839,60.931564793922007,34.421358665937078,115.22903136326931,203.47184772922287,158.91155178624598,151.08248877035416,182.56070231898838,171.64717489730339,202.53894024940837,197.91154852341504,223.96177244741511,221.40325595064814,249.15153323794047,241.7210762594091,5.4664548380237648,-1.3778375177648172,5.7289374960556074,7.1067750138204246,2.6440356057352687,12.771105332286595,10.127069726551326,9.5126757326005702,14.254362798758194,4.741687066157624,11.89070534149991,14.51417678201031,2.6234714405104,3.5239329857079156,12.31006852682458,8.7861355411166642,142.20550528168678,130.21520614624023,11.990299135446548,129.69388771057129,12.511617571115494,138.66348968446255,88.260934747248029,351.99405097286217,198.75923677059862,146.28844550386614,142.14904841594876,161.23007162639621,158.49657835222879,193.1913960796073,187.43672247594873,235.74905198552403,224.70352663764379,259.85006858015839,252.81934585281681,-1.5852462743567912,-1.5607290671367764,1.2259645568078668,2.7866936239446432,2.8544609044230924,6.3111161537442229,3.4566552493211304,0.36032210852226854,6.5760098249980103,6.2156877164757418,-6.5276687328132823,5.0480532927616366,11.575722025574919,-5.4006817879101732,3.093666620320505,8.4943484082306782,4.1050321406278272,7.051701112380556,-1.4585368443283073,0.18289154937195917,-2.3696125731285917,-0.21042529868782367,6.9083140227899946,9.1523536240783017,10.236813910993334,18.418374074313192,6.2525975179077022,8.9246147736180887,0.24662529700150132,0.3052759250421872,0.28057315953237583
1668,2020,118.82554353904098,43.225197723333018,3,10,22.564531611320497,12.904754638671875,178.72542230274848,179.83684823301883,-1.1114259302703431,179.88516891602194,-1.1597466132734553,180.97796268395359,167.51845775880793,487.42961289014784,202.51164887218997,142.47001607472552,134.80477681627443,166.02204857387568,159.60447740104982,205.23896390015159,192.56433744237498,237.55138363094872,224.9986170971867,261.38500858624718,250.90798397836656,-4.5986853982812761,-4.3910279947008348,2.3798556393406045,6.7708836340414393,-1.8389319261363823,5.0463832571495004,6.8853151832858828,-5.7456682866373683,7.1571957861737303,12.902864072811099,-5.9448652487492382,6.6688056637542843,12.613670912503522,-6.174679182634037,4.3816008309039205,10.556280013537958,72.078995820116688,66.030900273261068,6.0480955468556203,65.76793926661594,6.3110565535007481,73.58047684013718,92.246320706835832,197.44896156375762,208.70355269742063,137.18782753775756,137.05239892064603,165.52801580766294,166.18124348840945,217.8482531654094,200.00854865396508,252.05093578615629,227.64833205101783,267.35866324940122,248.32518477536246,-6.2900428349953472,7.1063864872575095,6.066319056766929,-1.0400674304905806,5.0507602647411716,6.3843608004757471,1.3336005357345755,-9.747166093114771,8.9855574527383055,18.732723545853077,-18.554028072530741,9.5568394969527617,28.110867569483503,-15.8631102348605,8.2199049611828059,24.083015196043306,106.64642616970741,113.80594566072068,-7.1595194910132705,114.11722941098742,-7.4708032412800094,107.39748552947276,75.272136843355838,289.98065097283688,196.8906618286812,146.05846617571157,133.68090802020259,166.82087808902713,156.42897046309213,199.53212680646868,187.18909162357076,224.64703504671968,221.67278269391383,247.34195144217469,253.3913559313558,-3.4563516058113919,-11.165803582707269,-0.32883370921149435,10.836969873495775,-6.0397372128095128,4.5044550523610951,10.544192265170608,-7.6229084948970183,5.8712090085124942,13.494117503409512,1.7482361309960197,4.1106492046897074,2.3624130736936877,4.3678835982555313,0.62127414404571368,-3.7466094542098176,-1.6913574367140711,-2.8336912291839553,11.497414481958344,18.272190069964779,6.8896921908775539,11.090497477550684,-4.0014978064774027,-2.1242575982177527,-12.609162823781503,-20.302264203526761,-9.6884310522264627,-20.230993833116031,0.40508199818433427,0.40657147284077139,0.55066362203293162
1669,2020,119.07554468261144,43.225197723333018,3,10,22.564531611320497,8.1363677978515625,162.950246998691,163.13723015098367,-0.18698315229266882,163.14536168710038,-0.19511468840937596,171.74042119376099,126.26525055924139,438.47360294684768,195.59523656801687,140.5568657282935,136.51323896806647,158.9131974663137,159.84240867858534,196.3445382028161,193.34430701406714,231.13072537388851,224.52452807573633,254.25150945986044,248.65938302160893,0.46609602745522238,-1.2029958998660391,1.7595564927949852,2.9625523926610242,3.8370483169231591,3.1295337341581728,-0.70751458276498624,1.2492022755116352,4.2656175113512234,3.0164152358395881,-2.362756038903342,4.3394459881076841,6.7022020270110261,-3.1080406612253455,2.6531425636985091,5.7611832249238546,47.455701603859779,66.44019704425591,-18.984495440396131,67.265610402231687,-19.809908798371907,50.663895802757906,33.943275642266599,104.04759710462531,194.67109482037955,134.56803096426404,139.03132721325952,159.78560569189588,165.26554051296566,199.76140067353015,197.58950267325503,220.7310365217007,222.51692254147966,248.0925061909374,242.01433704080429,3.9513037930835821,8.1399192564909129,3.8188130960654689,-4.3211061604254439,8.8208306576862583,4.8463404908872576,-3.9744901667990007,2.9377138218094103,6.1562750138598972,3.2185611920504869,7.7644973753615716,6.1516578644970537,-1.6128395108645179,-1.3188135392317406,5.6454052187438037,6.9642187579755443,115.49454518295533,96.697033293668937,18.797511889286397,95.879751195461722,19.614793987493613,121.0765251791272,92.321974389677052,334.42600524052978,195.96163555203216,144.20589800488906,134.23140639915081,155.75449086566746,156.71526555778129,189.49953074235364,188.99494402248274,235.82393882899004,226.38827612567309,257.60978934095897,253.68532456573561,-2.3666131840018636,-7.5159036075181405,0.15248943885984545,7.6683930463779859,3.7555425286208788,2.9978402561261248,-0.75770227249475397,2.0008235506476808,2.7979734318396936,0.7971498811920128,-7.4722251811458023,2.6748073869703433,10.147032568116146,-4.6555992623238183,0.48690093460402295,5.1425001969278412,3.4852077656283598,6.3179169770854458,9.3429151563569519,15.655822864009053,4.9837823407630992,5.0652881290653795,1.6885115462977751,0.93689027116172952,10.127253414264914,15.236722556507374,1.7892271219936049,3.3367857230920777,0.23729500796707731,0.29500274571702534,0.26882515570933763
1670,2020,119.32554582618189,43.225197723333018,3,10,22.564531611320497,3.5999984741210938,163.13898602128029,156.71200799942017,6.4269780218601227,156.43257117271423,6.7064148485660553,189.38712112009216,156.43853265419057,460.00212156400084,192.38185790448821,125.89614364942996,130.4331366532916,153.31201735938839,158.79936791844094,193.70629926517802,194.72786717047154,233.74012595256846,227.02778365474032,254.85149896939967,251.10539342938941,2.2750239779830963,6.9612431669128654,1.70241087296003,-5.2588322939528354,7.524578570684497,2.1083728760551708,-5.4162056946293262,2.949672466631597,2.3027819283868212,-0.64689053824477583,-4.7634389658782652,2.2765174513687043,7.0399564172469695,-2.3681771050203793,1.454805141786494,3.8229822468068733,51.105462471023202,60.111266911029816,-9.0058044400066137,60.502822369337082,-9.39735989831388,54.098983252870312,94.401472849262063,168.7421504263184,209.72743334448592,140.64583619140197,139.07347890534263,191.02156008215277,170.63890952191954,215.99440224608213,204.5509349562428,240.62484613329065,228.98266937440957,257.85658071747224,246.83413689351005,-8.8380597408065853,1.2431897862836934,1.9708276591357503,0.72763787285205694,-17.450783023716468,2.4367346805441343,19.887517704260603,-9.834913804695276,2.9029510772752758,12.737864881970552,-8.9651408047236032,3.0006623509130748,11.965803155636678,-9.0584727286274358,2.5897085290270354,11.648181257654471,112.03352355957031,96.600739344954491,15.432784214615822,95.929748818278313,16.103774741292,135.28813774801256,62.037059611213408,291.25997051224113,179.32814809382609,112.07461667070491,125.79405476426393,146.17417367979164,151.75135428539878,166.73796381938709,184.63665516068957,221.53273845737453,224.55442093283611,253.79782032620741,255.87527213749797,10.077452312387351,15.618648887937212,1.112295220038817,-14.506353667898395,9.5408287214188761,1.7382589396113133,-7.8025697818075628,19.073779128149823,1.5613471966077554,-17.512431931542068,3.1533359207020339,1.0636615934805889,-2.0896743272214451,0.71952053555472162,-0.36948484380081936,-1.089005379355541,-11.113083718789682,-18.915512053193936,-5.718053380629172,-14.375459101653519,-24.975361594400965,-26.991611745135344,-12.784586271326873,-28.908692932845099,-4.201701838845338,-12.118476725425637,-6.6902956236070565,-9.7779932641821574,0.36682906994558512,0.28565291521890568,0.60344130852938749
1671,2020,119.57554696975237,43.225197723333018,3,10,22.564531611320497,0.625,162.80689406394958,171.18828439712524,-8.3813903331756592,171.55268895626068,-8.7457948923110962,185.32131536304951,129.74509186534851,476.80481325089931,199.55099106115807,145.55236115491002,144.55008052846634,160.71211020902209,168.33020462819107,201.51672868411561,201.03767159094667,235.47419432987022,230.7657914976148,256.21440211294828,253.61363452330048,0.56193370719839209,-0.69803378854010134,0.080401796617223908,0.77843558515732525,7.4280392183667914,0.17779037921377494,-7.2502488391530164,-0.18441326129709523,0.3164408345706704,0.50085409586776564,-4.5327833582082633,0.27898746387143092,4.8117708220796942,-2.5623870821182209,0.19195137080239988,2.7543384529206207,52.903082974255085,92.979001760482788,-40.075918786227703,94.721432685852051,-41.818349711596966,62.320121884346008,75.002710404739446,164.36005293694325,213.86137738945865,158.77435683329867,151.39579215279159,196.80322899893108,181.1929081832256,217.05961638309986,206.78428179822129,240.25739225358569,229.41472894983534,254.02961119829214,246.5735855756283,-9.8624609674312467,-5.9446316858145849,0.27946602857662128,6.2240977143912062,-15.438463054953985,0.40020563556700495,15.83866869052099,-9.9266579194797089,0.51042245892560345,10.437080378405312,-10.520384248992258,0.49113075710585008,11.011515006098108,-7.6865335155010825,0.42423712557291537,8.1107706410739979,109.90381133556366,78.209279477596283,31.694531857967377,76.831256359815598,33.072554975748062,123.00119363516569,54.742381545049284,312.4447605162859,188.49493583213768,144.13429118934232,138.66417938973652,153.03323489680054,157.68080586847532,174.01070017956036,188.26473475489081,225.90563847884263,233.85890946448936,258.39863001687672,261.60005396255269,6.8596240322367521,-3.8682261700336369,-0.10565279142892336,3.7625733786047135,5.7780726373501352,-0.0025679981005168884,-5.7806406354506521,14.530615616146349,-0.0030387127346216403,-14.533654328880971,7.1781254788614035,-0.067708750675819829,-7.2458342295372233,1.6790570335376174,0.13819002633101718,-1.5408670072066002,-10.424394674629639,-16.722084999667999,-5.2465978972744836,-2.076405515780948,-22.866502273320776,-21.21653569230412,-9.7422446581826136,-24.457273535626058,-5.9876008907839946,-17.698509727853661,-5.1241464333828617,-9.3655905490386999,0.3447113962972001,0.33628145668111187,0.57807743881809748
1672,2020,119.82554811332282,43.225197723333018,3,10,22.564531611320497,5.875,206.25630563497543,185.68373417854309,20.572571456432343,184.78927361965179,21.467032015323639,217.12812466919422,164.56611627340317,534.22121147811413,203.00469361811091,147.80438340087073,143.23954528156565,172.22675928092093,167.47274226419353,204.46666867017521,198.5640412720692,233.36662183867969,228.04667017438788,258.272727043016,251.23853217002014,-2.6694013901125402,-3.2897191018821275,1.2483718237934909,4.5380909256756183,-2.7043006266768828,2.1307737245346061,4.8350743512114889,-2.8637138499064463,3.1565879445572591,6.0203017944637054,-2.2206918998494416,3.3335480837606042,5.5542399836100458,-4.9752284315456166,2.2537813746206439,7.2290098061662604,112.19183805584908,100.242635846138,11.949202209711075,99.723103851079941,12.468734204769135,115.94922211393714,131.55780446529388,277.55356616139761,215.39478335271676,178.12124646359609,155.61308821429972,194.16658739429943,183.54561352299825,215.46441682924075,207.07694840937359,238.21327378584269,229.44171896037597,261.02398894884624,246.65857072464584,-6.4779826565473684,-18.194471800120454,2.7833142282836434,20.977786028404097,-6.6207763910995254,4.5303401863382078,11.151116577437733,-3.6289141190104033,5.003383926398925,8.6322980454093283,-4.0157646063804009,4.9996139506939699,9.0153785570743707,-10.534163986626538,4.5693626168653054,15.103526603491844,94.064467370510101,85.441099613904953,8.6233677566051483,85.066170334815979,8.9982970356941223,101.1789023578167,33.008311808109283,256.66764522343874,180.15129228527886,140.95756299291574,135.35917468369234,148.98962440431612,151.79752403294691,163.01856645769445,176.74982234472927,211.99877282301716,222.63959723098017,250.53116478042827,259.83883310277912,7.3158750534054775,-3.8178388290434384,-1.412050457162934,2.4057883718805044,4.8367932975748431,0.89278184166815322,-3.9440114559066899,14.938061220059978,1.1033874806425956,-13.834673739417383,6.8291319630453131,-4.0625960475444742,-10.891728010589787,5.2705685383228058,-0.79242872482427629,-6.0629972631470821,-3.8085812664348282,-13.793857709952846,-14.904752698238326,-14.376632971077015,-3.9164757644226427,-11.457569688674369,-0.765200269103957,-18.566975339070382,-1.7950727065309593,-10.844896569425714,-5.5589355550809216,-15.804732524949344,0.51954800782515986,0.53401291191821276,0.79942218631889772
1673,2020,120.32555040046375,43.225197723333018,3,10,22.564531611320497,9.3333282470703125,208.54066969570704,185.00500042778731,23.535669267919729,183.98170834593475,24.558961349772289,214.04278692650587,204.28735528769903,555.78289292939007,199.28510684583705,143.96960022424287,134.14113761230911,167.3307419968537,160.15944798589311,201.21541109389418,192.4160231143882,228.50287319395977,223.66851850844284,253.82152229745518,249.41400846380463,-3.1245683538967626,-6.940747117383097,1.508518271041936,8.4492653884250331,-3.4684653147979532,3.7902642654821079,7.2587295802800611,-3.5671608603424829,5.4598789759737087,9.0270398363161917,0.23112922384996182,5.2913305046407402,5.0602012807907784,-1.30025580509772,3.4930268640257509,4.7932826691234709,115.186726566375,75.006822885159636,40.179903681215364,73.259870476395008,41.926856089979992,118.75465340698429,166.36223321783473,319.27238169743214,209.08093290416591,167.61655383815562,150.07882969210948,189.4043463339618,179.09202881711479,208.34363179361151,202.56822031984467,233.15958929741385,225.8567364666188,257.19656455061909,245.10179692791959,-1.9107487465424811,-11.448762040521927,5.47852325825653,16.927285298778457,-4.1851129417321999,7.6247555593082552,11.809868501040455,1.960934411300201,8.0517589217318459,6.090824510431645,0.095354690928473929,7.8024135372033072,7.7070588462748333,-6.1516669624541009,6.8396407217001922,12.991307684154293,93.353943181486102,109.99817502504084,-16.644231843554735,110.72183794333614,-17.367894761850039,95.288133571675644,37.925122040061979,236.51051140762866,178.31905943323906,138.09156457473915,126.08570681136098,146.7488598451537,145.6977866882668,161.91250560515499,173.51315735293309,212.94354692699557,218.51919598398379,249.26716228770294,255.01530804978475,5.4165290799995205,-7.9500345529012009,0.97420689116559345,8.9242414440667943,2.5539905394464313,1.7880616948163208,-0.76592884463011046,14.522000656418896,3.1072483544703573,-11.414752301948539,3.2180692043936574,-2.407021034243769,-5.6250902386374264,2.8839137798274805,-0.70485403607904118,-3.5887678159065217,1.2138196073542815,-7.3272778265420015,-4.5080149231388305,-3.4987274876207266,-0.71664762693424677,-6.7391034811786312,5.5280952716426839,-12.561066245118695,-0.13577453292148789,-3.1227145134651835,-4.851411157356381,-9.0355807422815815,0.57445521580311465,0.55481735737144977,0.81435404057948602
1676,2020,121.3255549747456,43.225197723333018,3,10,22.564531611320497,3.6666717529296875,220.47682552727929,196.67665615497754,23.800169372301752,195.64186694676391,24.834958580515377,235.63701763173958,146.08157606212626,531.34534811228514,197.94813157016029,145.55747135586566,142.4786759156371,166.13774662213217,165.7683857113492,197.31766168815923,196.54263993538109,227.44382877849111,229.4549236677033,254.26661504770945,254.27383432608127,1.0030003040959912,-2.5408458962036775,-0.036195493465896789,2.5046504027377807,1.2386885144606197,1.5252672842909476,0.28657876983032793,1.0050244191672562,1.8597718010028643,0.85474738183560817,3.6516220725500546,1.6214808174052848,-2.0301412551447697,0.9539750457182663,1.0889392752121978,0.1349642294939315,112.83454724070907,76.114909837384403,36.719637403324668,74.518403142779789,38.316144097929282,121.86942156940404,76.715525191812048,256.87172357970849,204.20536986530846,159.34935282245613,155.47907061475112,181.14834183863883,181.62413945478417,203.32892418955095,208.3500009962637,225.745435124485,233.86764920321758,257.03610294579556,253.87565800910323,4.4951168668165735,-0.22550222501965322,1.8239968143866179,2.0494990394062711,2.6698226097365421,2.5382121329857341,-0.13161047675080795,7.5514278142680382,2.7660482476345578,-4.7853795666334804,10.998363510943676,2.584862812287696,-8.4135006986559802,-1.7105402929504692,2.3307793225453111,4.0413196154957802,107.6422782940208,120.56174409235427,-12.919465798333476,121.1234629695191,-13.481184675498298,113.7675960399838,69.366050935506792,274.47362449765205,191.16295935355734,141.39584627551278,136.53346321447293,154.28908021835696,157.48523769157683,180.69297282881629,183.66358130580826,228.80620827754143,222.60701720510363,252.83428200358844,254.84519470566488,-0.15106788887035805,-2.0208309853445598,-0.30409729972706145,1.7167336856174984,3.3652329899742597,0.40190612117152114,-2.9633268688027385,4.4099729586106662,1.5006954034336104,-2.9092775551770558,-5.7886239406286393,0.15608077721117297,5.9447047178398122,0.15121979802492547,-0.49078780708560998,-0.64200760511053545,3.4921165627205824,4.6461847556869316,2.3153436711840243,1.7953287603249066,1.4311340952759224,-0.69541038023771762,6.5464033951007821,3.141454855657372,7.3467414383936216,16.786987451572315,-2.6645153386687355,-1.8617600909753946,0.4834364777866198,0.51719132585468863,0.52515537728855077
1677,2020,121.57555611831606,43.225197723333018,3,10,22.564531611320497,11.863632202148438,230.2113967141413,209.06565055190003,21.145746162241267,208.14627267899778,22.065124035143526,234.33745859929149,151.11644620532752,523.98505278490484,200.01772248881724,145.63978991184175,141.23578068216645,169.51436470307192,163.29982901532082,200.44318670345888,193.51278078965564,228.89021189235342,225.89496573763762,255.36708700053057,251.7502375618931,-0.028825117216712215,-2.0143754592018013,2.1505031383570383,4.1648785975588396,-0.5540970846331561,5.7235674342347238,6.2776645188678799,-0.40826810513019041,6.653571726393352,7.0618398315235424,2.892824612045473,5.9645760223884849,3.0717514103430119,0.19276826766062527,3.8978344832548828,3.7050662155942575,136.90727946867628,88.679997264733174,48.227282203943105,86.583158559478761,50.324120909197518,139.99343438572942,102.00843852437902,295.22180100157857,206.61241640565939,157.57038650045143,148.35376304109448,184.06558042158056,174.94876443959689,205.86575729955047,201.81337130801109,229.57309423142325,227.86159445234478,260.19946192856509,249.33172110286478,1.130847209518322,-3.0469614263296023,3.7323101992027716,6.7792716255323739,-2.3538654304617808,7.471200319857445,9.8250657503192258,4.3258060579359494,9.0624176878767742,4.7366116299408247,6.8689671955091285,8.7083539150128217,1.8393867195036933,-4.1304932531805889,7.2810074630041868,11.411500716184776,93.304117242671055,120.38565642995673,-27.081539187285671,121.56311359933352,-28.258996356662465,94.344024210768112,49.108007740553148,228.76325175724924,188.89255218379898,141.31338670467201,136.88928022635989,153.44163033321033,155.4690554273453,176.66643103523074,182.77142187744266,226.880860591437,222.28937168252406,252.01611396860164,254.37165359736923,3.4310572167956366,-1.1102148264254197,0.49564114516925883,1.6058559715946785,6.3354391242596648,5.5907732885351322,-0.7446658357245326,10.609173797337121,4.4258253459410923,-6.1833484513960286,-3.7477330070974801,1.2408786985531606,4.9886117056506407,1.748396422104662,-0.20597771418107413,-1.9543741362857361,1.1596723267350342,-2.3002100072773146,-1.032585967127801,-1.9367465999041826,-1.7997683458286247,-8.6893045547214456,4.7340741630661398,-6.2833677394011715,3.9761425834636555,10.616700202606609,-4.3232615208412142,-5.8788896752852509,0.56341645516893535,0.59740100973405652,0.6750320106507558
1678,2020,121.82555726188653,43.225197723333018,3,10,22.564531611320497,13.782608032226562,238.42025977031881,215.3854100345452,23.034849735773605,214.38389833337351,24.036361436945299,241.15575211157193,128.19354248640047,496.8722871504724,198.61560471503071,145.77881435396276,140.01457806260368,167.40074655669204,160.96212133544932,197.79019195141021,191.19212411011898,227.61240648344787,224.37199563445353,255.76632982906693,251.33413573789545,0.83974352299787824,-2.7845016663470119,2.3077819042661645,5.0922835706131764,0.32380167102684254,6.757057823775142,6.4332561527482994,1.1436412726115464,7.8396829909426344,6.6960417183310881,3.8560021858437494,7.0773143020242628,3.2213121161805134,0.55606274205717909,5.0848639141854051,4.528801172128226,142.2018071097682,93.750067637409302,48.451739472358895,91.643471327746738,50.558335782021459,144.65868829242936,63.030500609955197,256.58956875180593,199.87762343432459,150.79624904185968,143.83770345626934,172.02222716230639,167.0328497646656,199.29607223152291,196.0107187411607,222.9559749396476,224.51205508955204,264.02432598893989,247.63595580521351,5.0133904853060187,0.15511866849979583,5.3295549241300932,5.1744362556302974,4.4483478183945238,8.6143045626265859,4.1659567442320622,7.262337487916966,10.214665143572262,2.9523276556552958,11.458170604122614,10.280428941179991,-1.1777416629426227,-8.1051971763316999,8.7686711837022528,16.873868360033953,96.218452439301473,121.63534345965491,-25.416891020353432,122.74042631499105,-26.521973875689582,96.49706359789343,65.163041546351451,240.28271782025695,196.99425453393911,143.20664160378334,137.8621085678011,162.089699263396,155.83517486376812,189.24100370724057,185.55430374159945,234.0966456338827,224.22467535287376,253.71094608847906,254.78697353329369,-2.2738092981583691,-2.5393443164788891,0.083030193163978083,2.6223745096428672,-0.22569643225290292,6.2980040431838233,6.5237004754367263,1.5439385165392707,5.3528257536026445,3.8088872370633737,-7.5388775248809168,3.0359093774239341,10.574786902304851,2.0025832482147052,1.673952345465807,-0.32863090274889828,4.1736469623081405,7.2871997834643878,2.9396203348468077,2.694462984978685,4.1245461473676812,4.6740442506474267,6.1186962153054196,5.7183989713776953,7.6021684182788647,18.997048129003531,-8.661259918388879,-10.107780424546405,0.51640949875334974,0.5998558484539166,0.49168233740511419
1679,2020,122.07555840545699,43.225197723333018,3,10,22.564531611320497,16.363632202148438,246.22010742082784,214.77356209433128,31.446545326496562,213.4063212674082,32.813786153419642,245.67636197030697,132.11385935764702,521.33717293664813,198.97185722195283,145.1652450980217,139.3464373779571,169.3216379939941,160.2898680781293,198.73425956958926,189.99760533983843,227.6437163187822,223.251563612094,256.52856032835388,250.33678602461887,0.97815449258439457,-1.7341961408734505,3.1054149653366494,4.8396111062100999,-0.67260064991498325,8.1224353482265315,8.7950359981415147,0.90492774026955658,9.6696142508018568,8.7646865105323002,4.4726553698361329,8.873947182231376,4.4012918123952431,0.063914320143339864,6.4839422142759133,6.4200278941325735,152.40835416452046,90.189661386551961,62.218692777968499,87.484500972332171,64.92385319218829,151.88658809787466,69.295744869322334,286.8004049602896,201.30046763550223,150.16557484004582,145.07925343347472,177.50677373664493,168.44860953099132,200.94377209663642,196.24941980834419,223.81923427717166,224.75276604197214,264.7866328089201,246.97350380039535,5.036401326358515,1.1509233611533887,4.7370849853162156,3.5861616241628269,2.1039784536378079,9.9903772850622659,7.886398831424458,7.3164297236528171,11.984099210179266,4.6676694865264494,11.86680041026716,11.519477617278994,-0.34732279298816593,-8.5304830565430052,10.2600686839329,18.790551740475905,93.811753692250932,124.58390065901222,-30.772146966761284,125.92181993202939,-32.110066239778462,93.789774308375854,62.818114725727355,234.53676865622401,195.68308626883672,142.74596352533754,136.64520501507013,155.95345146411489,153.60135118888263,187.75767115397895,182.97748760864187,232.55338621547912,221.9202215896168,252.83776875798338,253.85494310967323,-1.6376037079221248,-3.4482048813047186,1.6512629175796576,5.0994677988843762,6.1953545238169738,8.4107754817391083,2.2154209579221344,1.8094192133953015,6.903865923861332,5.0944467104660305,-6.8539494605742277,4.4484231213696717,11.302372581943899,1.776805440334158,1.9977505015333747,0.22094506119921675,4.0582468337741204,6.6740050342806398,2.8851195020268392,4.5991282424581073,2.7765791035527911,-4.0913760701791659,6.4115019833832605,5.5070105102575155,7.3941450404310274,18.720749870841388,-8.5943973766863451,-10.307288496877163,0.55012460236581096,0.61823851053375678,0.52451533250369287
1680,2020,122.32555954902745,43.225197723333018,3,10,22.564531611320497,11.100006103515625,247.97133961319923,210.94873267412186,37.022606939077377,209.33905243873596,38.632287174463272,253.91283552353343,148.58194684048067,549.32415009103715,194.20725528855101,139.69881645456258,137.12316864887566,164.05843768607204,159.65309527713413,194.4470223241089,190.68814758827426,222.72559156730713,222.95038260171268,249.41830545970427,249.23400483027467,2.4071970838866719,-0.20508570655928793,2.0743017360316856,2.2793874425909735,1.0876354805594133,5.4328058353742392,4.3451703548148259,2.4668594188095483,6.2957129239646576,3.8288535051551094,5.9474592424998889,5.6086208019322896,-0.33883844056759926,3.2908293894417397,3.5870340283365465,0.29620463889480675,167.33370629698038,104.70527786016464,62.628428436815739,101.98230254650116,65.351403750479221,172.4399725573694,73.142462238560256,304.26155084138736,190.52145279033914,134.83138612842149,143.15586995451551,167.17260733652432,168.18063199414837,194.83388354410891,195.00040649114098,211.88868866273717,221.42588540603171,234.81627071645923,243.59116586638561,11.443734224516646,14.610670752688378,5.3507668340842258,-9.2599039186041523,8.5227151316173035,7.6409713974071281,-0.88174373421017549,8.7032792618632868,8.8873729371466652,0.18409367528337839,18.054702428485626,8.3448053349935094,-9.7098970934921169,15.907503269656132,7.0020121996747946,-8.9054910699813377,80.637633115053177,106.24345271289349,-25.605819597840309,107.35675063729286,-26.719117522239685,81.472862764998354,75.439484285270737,245.06259897910058,199.97587936597941,142.65671110621255,132.05780685016083,162.00366726792811,152.42124227111916,191.83113273284457,182.56350497917484,238.60398226034187,226.23533723874823,261.06541939385062,255.17766890735666,-9.5306928314204811,-8.16949128237178,0.8867820440507046,9.0562733264224846,-6.0656531547728605,2.6856715494758987,8.7513247042487592,-7.3144022563980968,2.7784049698584283,10.092807226256525,-13.028214522186829,0.19165633632758272,13.219870858514412,-6.4727648821738342,0.41904869987877191,6.8918135820526061,9.0365371406299744,20.974427055937127,14.815756459247666,22.780162035060158,7.4350796510578903,14.588368286390164,6.2364198430537385,16.017681518261384,12.107243185985737,31.082916950672455,12.616673880214393,22.380268151829966,0.55388344166365777,0.6791305851152496,0.4922701835175633
1681,2020,122.57556069259792,43.225197723333018,3,10,22.564531611320497,19.458328247070312,245.34311634302139,226.58588707447052,18.757229268550873,225.77035582065582,19.57276052236557,240.4580207261406,124.64537373269559,515.97799924388528,198.29493104735721,145.70789093016816,142.34534527721348,168.20396667604581,160.86851623646874,197.02659891215285,189.6554099532911,226.47292285489652,222.68091196924092,253.34491691602216,250.44752071701788,1.8683732553492973,0.044810625817916616,2.8878137717468064,2.8430031459288898,0.44813986262840899,7.8632152756912319,7.4150754130628229,2.1173713315710359,9.5501876209827401,7.4328162894117042,5.1029316403622431,8.7575553347085702,3.6546236943463271,2.5501993466275792,5.5960048283736796,3.0458054817461004,144.75389908254147,102.75226154923439,42.001637533307076,100.92610436677933,43.827794715762138,141.38124765945304,56.076808438105218,254.13196049164981,198.50571609343814,150.29687859213945,147.4549912612178,172.90774712287086,166.52247145728853,198.22400338920559,190.7096457533867,220.53535076375655,217.65014132152729,246.30744304160913,241.3831290414771,5.9368463974452084,2.5498252462138566,4.4172017637902172,1.8673765175763606,5.0394177542096941,11.503579631816024,6.4641618776063297,6.3959701626032199,14.464194466827479,8.068224304224259,11.942176159795423,14.614393393604018,2.6722172338085954,6.6483969189617653,12.199541322283864,5.5511444033220982,100.58921703696251,123.83362141251564,-23.244404375553131,124.84425103664398,-24.255033999681473,99.076772843170147,68.568565201458114,261.84603855386376,198.04666169233275,144.41495803630579,139.62343711952045,162.46386883620008,155.52534438260091,190.3832376931187,187.85335668540003,234.96241382187998,228.43620158466501,257.08446556833496,257.36905621387632,-2.1215514685093524,-0.7234433072262334,1.1440164975703908,1.8674598047966242,-1.1701762376002875,6.2201858333323514,7.390362070932639,-0.07190685336948377,2.7143693638135176,2.7862762171830013,-5.0196787920230292,2.0454767520644168,7.0651555440874461,0.97343580887161352,1.3743356705814449,0.40089986170983138,4.068473142095911,8.0583978659545608,2.50501462039594,3.27326855344009,4.5912778915812851,6.2095939918099816,4.2785988310321841,6.4678770159727037,6.8392445194331799,16.961854951818452,4.0981975723341861,5.6749611100901518,0.4925247992434853,0.58796644517203767,0.44989081230052724
1682,2020,122.82556183616838,43.225197723333018,3,10,22.564531611320497,17.347824096679688,249.96975500258122,228.31204629021886,21.657708712362364,227.37040734835682,22.599347654224403,248.51046437241166,142.75686630481687,585.27450995892286,198.06757119047225,148.16451998043692,144.60884734871672,168.71985433347777,162.6516338205397,196.95922993587243,191.88245642747071,225.12857518799339,224.41100297255369,250.62712735087561,250.43741395118099,2.0566253130739938,-0.92639650271999585,2.4539839526206606,3.3803804553406565,-0.18380153242202368,5.9848181956909059,6.1686197281129296,2.0022292224975615,7.1410959629976105,5.138866740500049,6.3586794310983805,6.9776356183199937,0.61895618722161316,4.1496012357155223,4.476382183963068,0.32678094824754567,123.14401741608162,85.341017089303932,37.803000326777692,83.697408306845318,39.446609109236306,122.11858827986362,60.216155960490141,245.00424176896922,201.0811490692268,160.40128388661805,151.57829121041979,180.71230578353652,171.06917808241832,199.92205612510784,195.98220130844774,220.73497974978216,221.53807789335917,244.47825829790409,243.28213677348012,6.145849348566145,-1.7652062989094475,5.1399691014203484,6.9051754003297958,0.9703919571162487,10.378580151526791,9.4081881944105419,8.2306882785346147,12.547931238295547,4.3172429597609323,13.356172751732259,12.94169643791372,-0.41447631381853967,9.192809357163668,10.63087465484287,1.4380652976792021,126.82573679394409,142.97102973994879,-16.145292946004702,143.67299802823254,-16.847261234288453,126.39187529999253,82.540710207422308,340.27026759833097,195.43763227728249,143.55829165734914,141.81903883551735,160.59511063769816,156.90578943411467,188.72985966595402,187.11730362799571,229.6390503481968,226.92646492134327,255.01353169914262,255.39606127410104,-0.57594883965413146,0.089105029787390322,0.7747028008853647,0.68559777109797437,0.76030295127469572,4.347957792334995,3.5876548410602993,0.31019099663737393,2.0417258273568564,1.7315348307194824,-1.9321661310417255,0.82804585165439448,2.76021198269612,0.82512738418611775,0.3640030659465765,-0.46112431823954125,4.0892240354921512,6.7217981882202764,-0.83880979618945162,-1.8543113286968378,1.1541934895382724,0.21008900584155299,6.2284590560370532,7.9204972818972408,6.997493320633879,15.288338882773985,5.0432081214481457,8.3676819729775502,0.41861423588422586,0.49140219744171298,0.42180917471188806
1683,2020,123.32556412330931,43.225197723333018,3,10,22.564531611320497,12.208328247070312,239.4740806221962,207.02969366312027,32.444386959075928,205.61906766891479,33.855012953281403,248.05006923386827,117.4941705402598,521.22929284721613,200.65468503626136,151.27486249451798,150.5913923622,171.57861530857156,168.3466377675874,198.58756942067191,196.61914096660473,227.39227596469678,227.74938374306319,252.98342159703492,253.7525972176621,2.9585438747506316,2.3365137669384524,2.3605156796789686,0.024001912740516218,1.3092430674339255,4.3922714244489498,3.0830283570150243,3.4216875550198438,5.3699524350043077,1.948264879984464,5.8912028586073575,5.4460667019318976,-0.44513615667545992,3.452520723190446,2.8754531068607037,-0.57706761632974235,144.54108249396086,103.92843917012215,40.612643323838711,102.16266962885857,42.378412865102291,145.62111638647366,59.966249242101185,256.64197541931935,203.94516468081579,169.55541595871725,158.62216397674615,183.62977125021825,177.69730793121451,202.06410817797752,200.66092314411046,221.86428716775981,224.84607465576983,243.93434892358115,245.00719324565526,5.6041220743240672,-4.7440962387000809,4.9243631330471089,9.6684593717471898,2.5440945539820916,8.2627672654028856,5.718672711420794,8.3539268429763354,9.4350403773272262,1.0811135343508909,12.476167693986866,9.7201373685697661,-2.7560303254171004,8.9278796870459018,8.1420984364966387,-0.78578125054926318,94.932998239994049,103.10125462710857,-8.1682563871145248,103.45639744400978,-8.5233992040157318,102.42895286974635,57.527921301883907,264.58731769770384,196.42553862757464,144.23501875938317,146.52195967391194,155.14920064808075,159.03967636805072,185.45395720642352,187.93480124993874,236.78032222919848,233.75976956241692,262.29568793475204,262.21060202339726,0.19250935660164714,4.797449812646164,1.0512798243337613,-3.7461699883124027,7.3580092569450244,3.9158879121915788,-3.4421213447534456,1.3756026383608457,-0.45324714022581247,-1.8288497785866582,-6.7719210773496172,-3.7861576945342108,2.9857633828154064,-2.8840462120805341,-1.2330528967159466,1.6509933153645875,2.6455781995734355,5.41161271772242,-7.0806100056385333,-9.5415460513462449,1.2348514865481661,-4.8139147029629328,4.9322392879564916,6.9783242046154896,6.5849648353795089,19.248088771336484,5.4753589638554558,11.811925899126436,0.49237826603607027,0.58706339746746117,0.51037637838852212
1693,2020,126.07557670258439,43.225197723333018,4,4,22.564531611320497,5.7826080322265625,187.82718987260159,203.24456990114777,-15.417380028546177,203.91488988250421,-16.087700009902619,204.36379183866302,113.9474805777354,464.70551601797342,198.28334720080855,146.6501435034512,142.40171832823998,170.85600744866406,164.16023744658648,198.60082873009975,194.42038351210871,224.5134931270826,226.19123632239845,249.6834074992035,252.26612244742265,-0.13985844394565561,-2.8491907766808993,1.3100461729106883,4.1592369495915875,-4.4787179310228851,2.0556416535674771,6.5343595845903621,-1.2738982363682965,2.9474224816723051,4.2213207180406016,4.4199362772448865,2.8437670562099413,-1.5761692210349452,4.0597432614707429,1.5809867335416357,-2.4787565279291073,116.91594847114175,128.56086689540098,-11.644918424259231,129.06716764753037,-12.151219176388622,124.93442414815672,66.67615224988549,210.80160947144032,200.93951566935388,162.11960824692284,150.92462578240617,182.03761703462197,171.7394948432254,201.95753895188099,198.42568394099897,221.09988384493741,225.46010366436283,239.488479590776,247.4125850289289,2.0859846739832619,-6.7140612761005514,3.6255698346811585,10.33963111078171,-5.5955010048897691,4.5258615899774668,10.121362594867236,0.62188616763677373,4.6866767953384851,4.0647906277017114,8.849830123586969,4.6784777460784426,-4.1713523775085264,11.758275456639609,4.0545823486974939,-7.7036931079421151,70.911241727422748,74.68370322343344,-3.7724614960106919,74.847723043523729,-3.9364813161009806,79.429368152523239,47.271328344613721,253.90390690416098,194.26640007969905,139.80839933114629,134.75799821097598,152.74142209292282,149.67462756747344,186.36944699278948,182.80157273885956,233.8383120941478,228.51193774975874,262.35297316117294,262.04153151704304,-4.3832976614272354,-3.2445232283002383,0.53179768694531049,3.7763209152455488,-2.3776261818024693,0.18765374404432578,2.5652799258467951,-4.6123204110108986,-1.1302527346752811,3.4820676763356175,-7.6200207386243335,-2.8749187632715518,4.7451019753527817,-3.3936045784756175,-2.9728469557068706,0.42075762276874684,2.2258431179289175,6.4692823354104974,-3.8648704994196521,-3.4695380478003131,-1.116783073866884,-3.2178748230872998,1.8957844040050702,5.2342065786476724,4.4298938463420825,16.469850862211302,7.6985321951688661,15.151880035115227,0.45362407418311584,0.61133346090381513,0.58514810430054898
1698,2020,127.32558242043672,43.225197723333018,4,4,22.564531611320497,-2.7777786254882812,114.05077183246613,117.57193791866302,-3.5211660861968994,117.72503232955933,-3.6742604970932007,141.76189547214517,233.62774810022529,476.1600391715765,191.00805362842885,131.72291343127389,129.92891577829317,158.94862936434944,157.12611429642649,190.81678932960537,192.75835005508745,223.20824370558913,227.78784054336575,249.3582121119683,253.64979827221163,0.30916364852637912,-2.1874266115400474,-0.41082367006953291,1.7766029414705145,-3.0795083101558589,-1.2701896376294144,1.8093186725264445,0.27224143315791594,-1.5507255332062186,-1.8229669663641346,3.1013357220188595,-1.4585582459948796,-4.5598939680137391,3.0978574477608447,-1.1596714190769433,-4.257528866837788,79.174694165587425,76.334352850914001,2.8403413146734238,76.210858047008514,2.9638361185789108,85.982936500027563,166.08400975011364,263.63958368851308,192.88585231657564,146.29594524570803,145.48289718806399,164.7621731490911,167.93123793533653,193.53887145515733,199.08870693749998,219.70547553225055,230.38226592278113,243.35355917286824,253.10342818693189,3.8619355102473492,-2.73587522742244,-2.3610140894543861,0.37486113796805398,0.5209106296991024,-2.4314622727410722,-2.9523729024401746,2.9748678461864415,-2.445092735549224,-5.4199605817356655,8.3353804960644879,-2.2924952015220583,-10.627875697586546,7.6632597671882934,-2.0910260883665615,-9.7542858555548548,34.87607741355896,41.237586349248886,-6.3615089356899261,41.514174371957779,-6.638096958398819,55.778958584687416,67.543738260497776,212.52045492827892,187.16990398765148,118.18581763701229,116.65436632598795,139.60473656371457,134.13886530741752,179.8962698458744,174.89145092787092,236.02864791440217,220.77487184112712,262.48955518014901,255.07773641831801,-6.1277639354037206,-0.38479085858476481,0.054277376959575463,0.43906823554434027,-4.4466084495946347,0.15470712482414228,4.601315574418777,-3.4470241999026996,1.0557854864786123,4.5028096863813118,-14.310987714032763,0.69807348932457103,15.009061203357334,-6.5926324761640842,1.1097375851142033,7.7023700612782875,3.55277186172097,9.9896994456510697,-0.54844861588239269,-2.3510843688376752,3.6004189398549613,4.9675190792937371,2.7026264130285256,6.4218920460891411,5.2340447740456284,22.646368210097251,4.5654023194274487,14.255892243352378,0.55367851562511083,0.60653066336096195,0.71089162610455126
1699,2020,127.57558356400716,43.225197723333018,4,4,22.564531611320497,-2.3478240966796875,123.36284638445795,118.98704080567768,4.3758055787802732,118.79678683239035,4.5660595520675997,151.4367657356097,246.8940528130297,510.27978969551623,190.03885155985577,133.72775352365267,132.26889491838571,159.44549619335686,157.95257534262467,189.34236434932484,191.28430841481511,220.8279990753467,226.06137171273187,247.41581034849875,251.46144139856929,0.78675505320643424,-1.9147838544086824,-0.60911940671871889,1.3056644476899635,-2.6881108662549593,-1.2296380589314992,1.4584728073234601,0.59350998171680658,-1.3671951784939438,-1.9607051602107504,3.8872580602062783,-1.2835419919145465,-5.1708000521208248,3.0697037740004589,-0.98199694985538599,-4.0517007238558449,88.960882977382425,81.132613096309797,7.8282698810726288,80.79225145305827,8.1686315243241552,96.725354136955502,174.09375145512604,295.18458487512544,191.07162070330108,146.15144364730861,142.75915877702536,163.8444732967389,164.00528499903254,191.53038756932216,194.35491579169278,214.96159373924635,227.49587402767247,241.10150389900622,251.45792999018971,2.9427940668873305,-4.9757446089317625,-1.7926616866901384,3.1830829222416241,-2.1032638097380527,-1.9125482605598734,0.19071554917817934,1.1015025778921483,-1.9002652205145978,-3.0017677984067461,10.566872460310407,-1.6228050066668231,-12.18967746697723,8.6739086646874171,-1.5582460709389352,-10.232154735626352,34.401963392174366,37.854428022940738,-3.4524646307663716,38.004535298995506,-3.6025719068211401,54.711411643357678,72.800301587009017,215.09520518220961,187.84537766737157,120.13208485409153,120.38849424299113,142.68323963982391,142.23389466462476,180.98851020249941,184.25498403950948,232.87550461434569,222.91715286817853,254.85625755718581,251.47032747045779,-2.7871586590185302,1.3655266945718267,-0.19550321771509971,-1.5610299122869264,0.64117412814820796,1.0934276147528976,0.45225348660468967,3.4456577230541541,-0.33384472155972844,-3.7795024446138825,-10.012980737294441,-0.15844339307895439,9.8545373442154869,-3.6308338644971911,0.32247230538729355,3.9533061698844847,2.1560390136808962,5.7299527259058607,-3.0609607545230801,-6.3412713035035893,0.5848470565169066,-2.7444379378862607,0.50799259617534176,-2.3441551451620057,6.6796144001041284,20.579853197604848,5.6042048906869582,12.304742529184608,0.57847594758017362,0.63871777548277997,0.70513545981184655
1700,2020,127.82558470757763,43.225197723333018,4,4,22.564531611320497,-3.2857131958007812,105.65538815307082,102.86887315172135,2.7865150013494713,102.74772342946017,2.907664723610651,135.11764815715742,240.46883239778617,501.48727952316403,190.67199804389224,133.72876952091841,133.62607095673022,158.85246543359773,159.16541763753955,190.03059784795411,192.42213206063144,222.36136623069362,227.45732129060914,248.67674617462831,252.2852680178267,0.94150717764784986,-0.69236731131621809,-0.73844327017212663,-0.046075958855908539,-1.2062668080044148,-1.5810494796793648,-0.37478267167495005,0.59726253582380195,-1.7945117250994542,-2.3917742609232562,3.5018185210740853,-1.5526295004733583,-5.0544480215474437,2.1431915626871785,-1.4091318009640474,-3.5523233636512259,74.306268140699103,70.058191936492221,4.2480762042068818,69.873493992054136,4.4327741486449668,85.047084706787018,173.36082362926754,288.86097035050625,192.93702324323436,146.07681366978315,144.45615627797071,163.01915949227092,165.56968937441218,192.82278326608017,196.14123240823082,219.40133981223713,230.07372792362619,246.55756013075194,253.09114247397943,2.2470884137599967,-3.7392387198370898,-2.4011870434972309,1.3380516763398589,-0.32712135943188514,-2.5229603219924002,-2.195838962560515,1.0600717957792085,-2.4344397032798213,-3.4945114990590298,8.2408497287824503,-2.1118957096358599,-10.35274543841831,4.4268097326973646,-1.99819631637979,-6.4250060490771546,31.34911996766823,32.810682926733534,-1.4615629590653043,32.874229735429253,-1.5251097677610232,50.070563486558967,67.108008656759921,212.62630904093385,185.67705387561026,120.92796397181472,122.01139249915948,143.29159106198011,142.54773415374783,179.24913070239737,183.54708015837207,230.28717729263909,221.8466315285184,251.90093523598395,250.12418536344066,-1.0167268598925148,2.0504921140945953,-0.34545668045373645,-2.3959487945483318,0.31517752317870418,1.3744367296995392,1.0592592065208351,4.0194413518374859,-0.55503351948891577,-4.5744748713264016,-8.5321407573583485,-0.15242051481888552,8.379720242539463,-1.9954256462077353,0.062748460309620668,2.058174106517356,1.3055812361121468,3.2638152736525115,-3.0468714085208717,-5.7897308339316851,0.87914544857252963,-0.64229888261058932,0.46280925995540656,-2.9593695560582773,4.7390312077083649,16.772990486140799,2.2836181700101861,6.4222353789050999,0.57600856920073396,0.62942987734561107,0.72092845422267515
1703,2020,128.57558813828902,43.225197723333018,4,4,22.564531611320497,-3.15789794921875,104.52424843021799,105.40334507286752,-0.8790966426495288,105.44156749012473,-0.91731905990673113,133.94505708675206,213.58131197330113,459.2199214361608,191.63217482405705,132.16445708870813,132.50561149913321,156.6855190620274,158.11551838310564,191.8431515895783,193.87403650429897,224.60333476212566,227.48794013246331,250.22114029196106,252.62003611411595,0.1832803572284547,-0.24970348654181862,-0.65425316718415161,-0.40454968064233299,-0.11573606074205145,-1.4959198100253843,-1.3801837492833329,0.13718689275432894,-1.8066143248653077,-1.9438012176196366,0.89016903686857063,-1.8398518861437481,-2.7300209230123187,0.95211969520380535,-1.4458696375300235,-2.3979893327338289,60.338317411407843,60.398651892308408,-0.060334480900564813,60.401275003965566,-0.062957592557722819,68.83552251357105,153.82786264936635,241.10175095079467,196.33942800342817,148.30814358194377,147.45850110584576,168.1909100361764,171.48043311368781,196.99460772379217,201.37540395475844,223.25120126042927,230.00692617135292,244.58769601074164,251.51747623145422,1.4423872445075574,-2.6804333444591748,-2.469673639089649,0.21075970536952582,0.6667073845671041,-2.6135303869855591,-3.2802377715526632,1.5930331032602112,-2.7424834076195168,-4.335516510879728,3.9643983828486853,-2.6142626131094175,-6.5786609959581028,4.5472976177051976,-2.3742342125209461,-6.9215318302261437,44.185931167821764,45.004694344417658,-0.81876317659589404,45.040292749674336,-0.85436158185257227,65.109534291921591,59.753449210411418,218.1181701309979,183.2379103207293,121.51066014124191,121.75890352689312,138.5232921771472,138.90405258550879,173.49134469855619,173.95908865897033,230.71281883698771,220.73351032996152,260.42184942745877,255.02398277113224,-1.3444883235745522,0.77290399412321165,-0.51553021261631216,-1.2884342067395238,0.3699876319943769,-0.27399243051289091,-0.6439800625072678,1.3035884872188035,0.31016602096599399,-0.9934224662528095,-9.5666183897400572,0.52524040077366863,10.091858790513726,-5.2207716318288817,0.62532364249943839,5.8460952743283201,1.2591068872791027,2.7868755680821096,-2.4307298579173562,-3.4533373385823865,0.78244344530915555,0.2967197525727272,1.4558462105058823,0.2894446160414077,3.0742293459801147,13.531016772588742,3.5951779225013922,9.7680692495340793,0.52502458995414425,0.51390864292206329,0.72023090984943339
1704,2020,128.82558928185949,43.225197723333018,4,4,22.564531611320497,-2.25,140.06039363145828,134.8281534910202,5.2322401404380798,134.60066747665405,5.4597261548042297,173.21760296821594,224.68984472751617,534.49297594279051,189.43634375549715,131.66883480815969,133.09165258390826,155.11110184665461,158.18387303192802,187.96584063011358,192.68363508649401,224.03386284113014,228.43763177942247,249.87896307673344,253.85092642478489,2.8478859167217365,1.010242668981391,-0.73750416657750861,-1.7477468355588996,1.9518954438624689,-1.189665414864379,-3.141560858726848,3.5367337641875736,-1.2906592390209539,-4.8273930032085275,2.9132636923930306,-1.2436016736993167,-4.1568653660923474,2.8695387402416941,-0.99658549089636495,-3.866124231138059,97.529072105884552,93.737529754638672,3.7915423512458801,93.572679340839386,3.956392765045166,112.68244287371635,158.68241979181767,301.83757048638654,189.5489601261543,135.6630490284702,141.52960616521167,159.31703085536842,163.85679346492978,189.87327853846645,195.61934246695273,219.50183514785215,229.94866364788669,244.68270129497901,253.78198958183449,5.4559457790322767,4.4800305071007926,-1.5998604736693949,-6.0798909807701875,2.4016788768252013,-1.782644338209451,-4.1843232150346523,4.0209013926454702,-1.7729506203477854,-5.7938520129932556,8.1900492457510552,-1.6863463691526306,-9.8763956149036858,7.1252228742525858,-1.4461807540377549,-8.5714036282903407,42.53132152557373,41.090627670288086,1.4406938552856445,41.027988493442535,1.5033330321311951,60.535160049796104,66.00742506980896,232.65540533512831,189.19484306977924,122.82939512648173,122.40086238664483,144.25897451703452,144.38177724990726,180.64313467947193,184.76629282557334,233.87246023787884,225.24104211626374,257.4141597715888,254.01010964775199,-2.6347671350459905,0.36112300383889817,-0.45011574561206658,-0.81123874945096475,0.42658202420801672,0.27470048660052271,-0.15188153760749401,3.5631952902780597,-0.24055674093247603,-3.8037520312105357,-9.3073425219118917,-0.33648525115549432,8.9708572707563974,-3.7381874421973293,-0.03500847886331826,3.7031789633340111,2.6080598623105402,8.0907129140782672,3.4697878381194016,4.1189075032618945,0.44978343296273238,1.9750968526171846,0.48416762845789663,0.45770610236741049,5.2767855533580246,17.497391767662947,4.2556841340108917,10.863410316449915,0.56471756238512993,0.65052535621563068,0.70622871266947362
1705,2020,129.07559042542994,43.225197723333018,4,4,22.564531611320497,-2.9047622680664062,119.58331163783441,114.96001376947243,4.6232978683619876,114.75900027297757,4.8243113648568396,151.84794177174763,239.39821236228454,527.80813293159008,189.83804033386923,131.16215682509653,131.77992963076949,155.44132515947842,157.54631520313438,188.47544340818783,192.31999773465344,225.5575362740947,228.28769402829352,250.78860678628689,253.03498895922718,1.6203192948839842,0.29552695569637422,-0.66250599028120405,-0.95803294597757827,0.77924123227811037,-1.4841520661285585,-2.2633932984066689,2.413361715041475,-1.4568015240892294,-3.8701632391307044,1.203634348944945,-1.3786957031287272,-2.5823300520736723,1.0369835879522782,-1.1483014139760428,-2.185285001928321,85.851617920063291,79.910396822859184,5.9412210972041066,79.652082930726465,6.1995349893368257,100.43703981536146,164.76844253340641,298.49627783731557,190.77817372293839,135.58017386792091,139.8764784322108,159.75193851162481,162.65921934400154,190.56660687553293,195.20896397073042,222.75217093775208,230.28237047258361,249.20999438975002,253.76220656227221,3.3695589451232024,2.9143893936537495,-1.8581135760684049,-4.7725029697221544,0.51525376451556326,-2.1493602996150685,-2.6646140641306317,2.5362211853509677,-2.1023753084541852,-4.6385964938051529,5.4108170357848167,-1.8548465775983232,-7.2656636133831398,2.8171815724266764,-1.5214017730814078,-4.3385833455080842,33.731693777375767,35.049615134348642,-1.3179213569728745,35.106916429733246,-1.3752226523574791,51.410901986188492,74.629769992436195,229.31185536831617,187.85988106457714,122.70484111399857,121.6181551334158,143.88181821011821,144.72687276709001,180.7656895576732,185.40296211917806,232.12280269217868,224.17982021384108,253.78769134984034,251.06173599679119,-2.0799454052113333,-0.14268622910533679,-0.5010808770810371,-0.35839464797570031,1.3052449487718718,0.31434124497400262,-0.99090370379786918,3.932612701637936,-0.56316756481095354,-4.4957802664488895,-8.3327245613672005,-0.24445418289269583,8.0882703784745047,-3.1667775765694444,0.11375624861992151,3.2805338251893659,1.7492396502392182,5.4495043503345357,2.6188624379573753,3.0570756227590863,-0.26398746776254711,-0.78999118425630854,0.12285947030949274,-1.3963915162869682,4.2071826868398716,13.743541597152017,1.7801979844743983,5.9839591489961208,0.56553936783691827,0.66143168385077489,0.68826095611800187
1707,2020,129.57559271257088,43.225197723333018,4,4,22.564531611320497,-3.6666641235351562,110.88786095380783,116.72651600837708,-5.8386550545692444,116.98036885261536,-6.0925078988075256,138.01878529939813,220.3044277702902,474.81623845547438,191.60088606127698,130.98094274456642,131.21492061019705,155.46350425408093,158.38893679856818,191.68374407647525,193.94172882679959,226.15709670721503,229.50958504968474,253.1994799155851,254.6588220267206,0.34719809812662561,-0.63040035095914959,-0.81943053470135396,-0.18903018374220437,0.89146454137758724,-1.9746245690684816,-2.8660891104460688,0.061451388615779479,-2.1849009933934553,-2.2463523820092348,1.1119568994408837,-2.1879966886039028,-3.2999535880447866,-0.33239323265979692,-1.771744828657603,-1.439351595997806,79.52490970492363,78.226703584194183,1.2982061207294464,78.170260727405548,1.3546489775180817,94.327929156593655,158.86044054474769,281.14258156734286,191.3810430924367,135.04646954404623,143.40507554566565,159.18952632311255,167.1055228852444,192.48055350139356,199.14152165848614,222.98851912859041,231.49436360717539,248.8093148463031,254.57911562466563,4.7153203800558856,5.5689104777870284,-2.8105902033185259,-8.3795006811055543,4.5795643001863766,-3.0113512488916854,-7.590915549078062,3.5928647300857506,-2.943856525523131,-6.5367212556088816,5.4833579230081284,-2.9285375755019913,-8.4118954985101198,2.9916117647559588,-2.5694736684829707,-5.5610854332389295,31.362951278686523,38.499809384346008,-7.1368581056594849,38.810108006000519,-7.4471567273139954,43.690856232211445,61.443987285147159,193.67365705221891,192.13031731055437,123.35878376577963,118.43727797442911,144.29889735473245,138.39257964046726,188.03558575204963,177.82630204142401,239.37737794356025,223.25147943015125,261.73096363512195,254.88069707829268,-9.2331268529782449,-3.1770675679617995,-0.026362755754448131,3.1507048122073513,-5.7813540908125844,0.19141968032647583,5.9727737711390603,-9.0589285992924715,0.52362254764250338,9.5825511469349749,-16.06312076343815,0.56425990488622801,16.627380668324378,-6.7497475982765991,0.14713931806170422,6.8968869163383033,4.36812228192926,13.94844723303413,6.199310828746178,8.7459780457488279,3.6880997588087894,10.360918390998961,3.5314133414699711,12.651793329378222,4.3714010235672447,21.546478686446278,3.3240049974157557,9.7413593630325579,0.59210818585705727,0.68344268464595015,0.72109508715998338
1708,2020,130.0755949997118,43.225197723333018,4,4,22.564531611320497,-2.8947372436523438,117.15777519611947,114.30159597781676,2.8561792183027137,114.17741218310039,2.9803630130190868,146.56204641845943,216.07344248624213,483.82256457954645,191.04288653609797,132.5747218793029,134.39903660125,156.53880611112723,159.26990361026077,190.16076098356476,194.07352568473456,224.96344455278464,229.83537206913832,251.03541818761067,254.03369934658551,2.0513006178158264,1.1317859103976673,-0.98189822350659028,-2.1136841339042576,1.1915262630682264,-1.5739903003373854,-2.7655165634056118,2.483034855701419,-1.6088572510413428,-4.0918921067427618,3.1919413238172183,-1.5500233914597175,-4.7419647152769357,1.6861344541704568,-1.1318848128507568,-2.8180192670212136,84.427164670494676,80.275938932962163,4.1512257375325134,80.095451123252133,4.3317135472425434,98.836091079796006,149.52365731778991,282.78427150053903,190.77149411737813,137.29330444876419,141.4563958101198,159.27362228571306,164.06228858439806,190.94827869061552,197.1708612533717,220.99682181882184,231.56755574877334,248.28545429535907,254.71398676379408,4.9783219726785433,2.75484596658697,-2.101991655475075,-4.8568376220620451,2.5704125631359602,-2.297143621601947,-4.8675561847379072,4.9511217193767152,-2.1025488166300192,-7.0536705360067344,8.3685531666657766,-2.0178941769449636,-10.38644734361074,4.4983919006022859,-1.5642224102135458,-6.0626143108158317,32.730610406415508,34.025654861440671,-1.2950444550251632,34.081960768098725,-1.3513503616832168,47.725955302586954,66.549785190803959,201.03829313069582,191.63271385887674,123.65221281837373,123.90922886662013,147.64068956143549,147.07432166360491,188.09459177235544,185.76982234273981,236.90654991672614,225.34067065830672,255.91504198741745,252.4316458717727,-4.2523584243450898,1.2324443429077547,-0.5397122941196244,-1.7721566370273791,0.21272013154202796,-0.21668654856307512,-0.42940668010510308,-2.6153183121037102,-0.48164783706681646,2.1336704750368938,-11.506232913014088,0.017935181660675426,11.524168094674764,-3.9382556047282549,-0.052048652725318334,3.8862069520029365,2.9270213548627169,9.2306803970236331,1.6230600561893027,1.5224016236792153,1.3788863000677338,2.3576924315939323,2.4680868636752962,7.5664400314804254,5.1766118428485584,19.874786079679865,2.8122574464318291,8.4366475053305408,0.58447929510333074,0.67436347605028824,0.69200386496971011
1709,2020,130.57559728685271,43.225197723333018,4,4,22.564531611320497,-3.409088134765625,102.71689345681079,111.85422136961279,-9.1373279128019931,112.25149924843572,-9.5346057916249265,133.88646448704458,183.63443741167794,445.89875512570143,189.33009334517303,131.20149240446557,134.0378800202553,155.77090151670606,158.49810364923516,188.9302172799388,192.96485539345653,224.1128518643404,228.33590886288394,247.52714476112016,251.5763122929265,2.3640428434723617,2.1239426359844913,-0.95588996975092755,-3.0798326057354188,1.0148223437759896,-1.6798599865815333,-2.6946823303575229,2.5050325070101565,-1.6186027136627104,-4.1236352206728668,2.2128368274877914,-1.6209121605883183,-3.8337489880761098,2.5043599029749544,-1.3164791115541448,-3.8208390145290991,71.332192614665928,79.039023262277624,-7.7068306476116959,79.374102082823811,-8.0419094681578827,85.675958836256996,124.43142072315959,243.11264268879313,189.58207630683464,136.10032162706648,141.03831605371064,160.04063869142914,162.91452724347906,190.1438711816032,196.05657574397227,220.84182141452675,230.3997670247872,240.55681298850286,252.58279000916627,4.6632642790704324,3.2374911478665638,-2.3958402338706719,-5.6333313817372357,0.046464186994199963,-2.4595658713663511,-2.506030058360551,4.0380323786500014,-2.3663319205390962,-6.4043642991890977,6.2746546961620027,-2.0327525392639245,-8.3074072354259272,9.7809990971457239,-1.6317465719833137,-11.412745669129038,31.38470078863611,32.815202447636693,-1.4305016590005835,32.877397081623712,-1.4926962929876026,48.210505612179986,59.203016682422458,202.78611219674349,188.83719934422771,122.7572615411428,123.86343005325681,143.82208713171499,147.06898581120163,187.94525943179212,185.86175891474258,230.96481700442877,222.66665201593261,252.12436945959629,249.13431531422177,-2.6902039303221841,1.6670947570513874,-0.43062895115744482,-2.0977237082088322,4.3771968029013237,0.1805206047373531,-4.1966761981639706,-2.6231269340212293,-0.63978998804483922,1.9833369459763901,-9.4279339031745906,-0.29971072062036797,9.1282231825542226,-4.3252215445604349,-0.60274604098492546,3.7224755035755095,2.2992214355980707,7.3534682093926165,1.1135485118820725,1.5703963908151763,-0.9683581567817896,-4.3307326159071238,1.532999871639845,6.6611593126712307,4.0618178686742112,15.702588599336593,7.2766391941707695,14.106220641706159,0.54521937972277645,0.63991501429591757,0.67760395314199695
1710,2020,130.82559843042318,43.225197723333018,4,4,22.564531611320497,-1.3333358764648438,106.14471639051771,102.85551895014214,3.2891974403755739,102.71250974603754,3.4322066444801749,135.85381154308016,215.78306708160744,496.39433113858104,190.65414463808958,131.4755276992426,133.21759682729765,155.93854105538327,157.9496351059708,190.54308190037736,192.31411463737652,225.60307130832427,226.81940850960643,249.63850189133896,250.50922266581924,1.0995923971798618,1.6782215826421805,-0.22631281736758524,-1.9045344000097657,1.4213327278129952,-0.63414534537719192,-2.0554780731901872,1.2478988366257795,-0.67933757063610756,-1.9272364072618871,0.40151898291944121,-0.64843573038504587,-1.0499547133044871,0.20264186751393254,-0.5413154765284105,-0.74395734404234304,76.798953567649733,69.069938302211085,7.7290152654386475,68.733894179484196,8.0650593881655368,90.392434554609736,144.67368619144963,269.00578375137411,190.77775559435463,136.8805462958945,140.00967735310263,159.57065443254254,162.41364743292783,191.12884822378416,195.00623089581077,223.00012954284625,227.7103536092643,246.03147210197207,250.31163475556789,3.5502254879080226,2.9417378334077284,-0.90152553472964314,-3.8432633681373716,1.9319667040362276,-0.98652917388992023,-2.9184958779261478,3.3040169344825472,-0.95194105345660773,-4.2559579879391549,3.0788190024976529,-0.81972624290767726,-3.8985452454053302,3.2998829541061241,-0.61921592429857242,-3.9190988784046965,29.345762822867982,33.785580020665293,-4.4398171977973107,33.978615858899502,-4.6328530360315199,45.461376894096247,71.109380879868695,227.38854726776481,190.40488201146962,122.47556636287048,123.81160833786987,144.77535844541097,147.3531186353062,188.76052646024462,185.70561613940106,232.7904284776846,224.57654210977137,255.06913804212817,250.85645619815364,-3.3920814699403365,2.4737052157337303,-0.10742343445440383,-2.5811286501881341,3.6604564318755024,0.20818092138227939,-3.452275510493223,-3.5020121454257662,-0.27641818924035988,3.2255939561854063,-8.6562679823100552,-0.088820100350062603,8.5674478819599926,-5.4561573144926001,-0.30796808159180955,5.1481892329007906,2.4506330907281608,6.9423069578483592,1.263516250765548,0.46803261767399817,0.51063397622323237,-1.7284897278392748,2.0561180978567677,6.8060290799083134,2.6773000195782117,11.735086984807708,3.0972410865921916,8.7560402685987242,0.54191953226853906,0.66536546548011788,0.67045893891542097
1711,2020,131.07559957399366,43.225197723333018,4,4,22.564531611320497,0.600006103515625,184.53144670899201,180.92539679534821,3.6060499136438011,180.76861186877795,3.7628348402140546,211.51982027190388,142.91889275491667,504.17497001960874,193.24574627832763,132.61928487480796,135.60375807936495,157.14679253742094,160.91865405655028,192.94373923175675,196.98934740864223,227.79240961818647,231.42175896001737,253.34624922719206,255.45846898807019,3.334773904124603,3.2500528165572575,0.13584370563904713,-3.1142091109182104,4.0077618344442385,0.2787474304277282,-3.7290144040165103,4.4556639756430911,0.31134473576184973,-4.1443192398812414,3.9511430147962017,0.33943811290836834,-3.6117049018878333,2.4535113313290537,0.22624786906536087,-2.2272634622636929,138.2228972667217,124.49383136425968,13.729065902462025,123.89691624379338,14.325981022928318,151.03548663489528,90.338289623159653,271.83501887629973,192.36787680672481,139.21725507309324,142.862304851831,161.11388775948529,167.47887850519044,192.72364533290749,201.37302644451859,224.85200340197977,232.37081905783415,246.98524064075414,254.93932109801472,7.9630792337665923,4.6489119380406407,0.45159032753088013,-4.1973216105097606,6.7039939034886231,0.46480698715569702,-6.2391869163329261,9.4244679357261703,0.44576757963923797,-8.9787003560869323,7.9583575920822227,0.42585712375225171,-7.532500468329971,8.2367655897629675,0.38399099452394125,-7.8527745952390262,46.308549442270305,56.431564888685898,-10.123015446415593,56.871695982612437,-10.563146540342132,60.484333666810926,52.58060305352592,232.33995081856847,195.11984329722509,123.57768768021261,124.49463777159873,147.52752095367137,145.84900351427183,197.10180600213968,185.17733999569018,241.43927462970871,227.93236216726629,265.23682342830404,257.09316306158127,-6.6279707940564379,1.9866189055980925,-0.049874060574779833,-2.0364929661728723,-0.54787981748012271,-0.075431490454235472,0.47244832702588724,-11.912454627781869,0.0086769413981926391,11.921131569180062,-13.697336712402887,-0.097526601970855609,13.599810110432031,-8.3063875212915832,-0.18167479805447329,8.1247127232371099,4.6283053296419894,14.59105002782303,1.3988591214833832,2.6622930324425482,2.6962320690443846,7.2518737209687458,4.9688039600830791,21.33692256350804,4.007214577286021,21.65569430448511,5.7832542584339137,16.543153111054551,0.53916801713842977,0.71404886048381955,0.6320948048350441
1712,2020,80.575368572760155,42.975196579762553,1,10,22.655530340030669,13.916664123535156,192.90590751171112,175.50422024726868,17.401687264442444,174.74762403964996,18.158283472061157,197.36724196264186,196.12035854160786,487.29990290291607,180.47750920835844,128.96846422645788,127.2795269402901,149.65227095916356,146.24030398031852,179.43816524827653,174.15041823390749,210.49509249599262,204.01833427157169,232.33244861817423,227.15023379625151,1.2476402293009983,2.091669323571324,3.9005753265053471,1.8089060029340231,2.8870611595362448,6.3047459808074393,3.4176848212711946,2.1401197731271111,7.4604139706738124,5.3202941975467013,0.5682505372445803,6.9554341508895163,6.387183613644936,0.066941898273739753,5.273458697977361,5.2065167997036212,137.1370230615139,103.70856605470181,33.428457006812096,102.25515491515398,34.881868146359921,137.1370230615139,141.29164119809866,298.62987154722214,181.92765315972471,135.51344343813793,132.19604599646945,154.13229811627772,148.79957935600618,181.21894688404947,173.69220838742211,208.18147472903283,199.63024490953634,228.97038990255336,220.39178096560482,4.4317883739493595,8.7543014848451719,12.053195700508383,3.2988942156632106,7.1039278199308455,12.301669300617277,5.1977414806864317,4.5770866685151645,11.90568363039884,7.3285969618836759,2.6742753205822396,11.140686137665057,8.4664108170828172,0.62863062014042725,9.6565318521531935,9.0279012320127663,55.76888433098793,71.795652747154236,-16.026768416166306,72.492469012737274,-16.723584681749344,60.230218781918666,54.828717269003391,188.67003105767071,176.96833682590108,117.62393920139561,119.81505703414811,134.28020292954011,138.69126793566085,175.99798434552429,175.40778658933411,217.98559713288284,215.10004734242983,239.21573407188245,237.03876866826002,-3.5451975707287033,1.2349164731739535,-1.0244388681659728,-2.2593553413399263,-1.1781315579005707,-5.6529794143671097,-4.474847856466539,-6.1569132047606843,-5.7471534422977868,0.40975976246289747,-6.9807161968898299,-3.5711092088032217,3.4096069880866082,-3.4901811005607897,-0.5457670718664076,2.9444140286943821,3.1841481446483613,7.9769859446780629,6.6626321612738479,7.5193850116712184,4.2168666603946008,8.2820593778314162,2.4369668953880534,10.733999873275849,2.1060247833376593,9.6549915174720695,0.5616887218666875,4.1188117207012169,0.61282563318449434,0.69483173447532653,0.72043332088913636
1722,2020,83.825383439176179,42.975196579762553,1,10,22.655530340030669,-37.81817626953125,62.960893030605803,66.031410634797794,-3.0705176041919913,66.164911722251418,-3.204018691645615,153.91473812008189,99.522147635827423,322.49866506457329,193.41358170318637,136.03681509846936,154.3171701034353,157.77871573338473,180.64018655919901,194.84210648447197,214.54279347945018,226.32840251244886,244.54639917410933,249.85713197175639,262.25737123693943,1.6860823281978696,3.0549578852360355,-15.330689981483857,-18.385647866719893,4.514176556221372,-18.575462668531458,-23.08963922475283,0.3365535013084866,-19.192742390673885,-19.529295891982372,0.4861771067822076,-17.634637915246998,-18.120815022029205,1.0374293302027127,-11.249766245623277,-12.28719557582599,25.083115962406737,25.812738852187977,-0.72962288978123979,25.844462079970981,-0.7613461175642442,55.758650839099573,51.402775336256127,111.17824091156945,202.09761798640463,151.75413871215667,193.68772053054451,166.9330326532297,212.5594919534104,207.45372928280585,236.1832124118886,231.77182219195049,254.77644499963171,251.183571297832,267.0167158894659,3.9120463709471665,9.7182036540339709,-33.152660152722518,-42.870863806756489,14.167888040938351,-31.363899826285774,-45.531787867224125,-0.23667233971423229,-29.185643544284829,-28.948971204570597,-1.4324577899114956,-23.442825936046376,-22.01036814613488,-1.2515192011186969,-16.334902407210308,-15.083383206091611,37.877776887988148,40.218671728423942,-2.3408948404357943,40.320449582675792,-2.4426726946876443,98.156087320901861,48.119372433681747,211.32042438164353,187.05165518079377,130.51049977667375,148.43271744991139,147.9923033618513,170.50906128156211,184.40627756003946,202.47879630613281,220.73110025820242,236.61267586621244,248.38892985083302,259.01179174174086,2.8587022891695995,3.9411800808047985,-14.08290178631205,-18.024081867116848,5.4501718368217666,-17.284972640293688,-22.735144477115455,2.6531761676682493,-15.588287724838239,-18.241463892506488,3.0078389632745086,-12.877269874993715,-15.885108838268224,2.8699114360890121,-7.7678196700000512,-10.637731106089063,2.2259640427492968,1.053344081777567,6.6632457687979354,5.7770235732291724,9.6537114847169789,8.7177162041165843,-0.5732258410227189,-2.8898485073824816,-1.9186348966937032,-4.4402967531860043,-2.2889485313214095,-4.121430637207709,0.34474015850362805,0.36226973141192975,0.51649584094939094
1723,2020,84.075384582746636,42.975196579762553,1,10,22.655530340030669,-0.4499969482421875,118.37580889463425,116.93152940273285,1.4442794919013977,116.86873555183411,1.5070733428001404,145.03037649786893,102.72263488746739,346.83392698317766,196.98669309588158,144.85844586871593,144.68054652240093,165.37769696625045,165.11424293013187,196.96893776456247,196.57851427647469,226.93719109755256,226.87126784105607,249.39486487231741,250.24616020437213,-0.28393414528358107,-0.063610080110663603,-0.061549745162238878,0.0020603349484247246,-0.38219614171140393,-0.12590434714820731,0.25629179456319662,-0.72504611700296095,-0.21269858896579308,0.51234752803716788,-0.3317223943163583,-0.21505663004478492,0.11666576427157338,0.59062346351379347,-0.20202719026588056,-0.79265065377967403,59.660492703318596,43.362634584307671,16.297858119010925,42.654030904173851,17.006461799144745,64.917875859886408,58.674483331705005,129.82603600341827,202.5455238941876,153.60513101046615,163.64957746147942,174.33838145096044,183.05035449195555,205.54919955346224,206.51813825193261,229.77965194181994,230.24453745430361,249.05018775621676,249.27201581853862,3.4972551695213383,10.066058781025276,-0.38071425315160923,-10.446773034176886,8.0138639739247424,-0.39058544503325265,-8.404449418957995,0.91608013380729858,-0.38935103610913302,-1.3054311699164316,-0.39858336136421713,-0.36762290562680278,0.03096045573741435,-0.37653109881304658,-0.30758725275583743,0.068943846057209157,58.715316265821457,73.568896025419235,-14.853579759597778,74.214704275131226,-15.499388009309769,80.112500701312456,44.048151663050703,217.00789114832878,191.45330556055185,138.84444701407304,139.90386617160857,157.33355638440966,155.67152430637114,186.5252977405068,187.32495525244249,223.26129768628422,224.05017263616506,249.98077450438137,250.93164839733993,-0.010911075542082926,1.2341984970756528,-0.063977333233140143,-1.2981758303087929,-1.404206609749167,-0.036335030927205025,1.367871578821962,0.82824803138001357,-0.068640343616664268,-0.89688837499667784,0.73578969911699232,-0.1276813032727091,-0.86347100238970143,0.91076792395122652,-0.039345719377962496,-0.95011364332918902,3.7811893148049194,3.5081662450634212,10.12966886113594,8.8318602839496236,8.3960601156361463,9.4180705836739094,1.6411262508102595,0.087832102427285008,-0.066860967047858821,-1.1343730604812094,-0.96715456232684005,-1.2872990227642731,0.37431757940368726,0.44761571628989261,0.57119332458696059
1739,2020,114.82552524191357,42.975196579762553,3,10,22.655530340030669,-8.0526275634765625,106.02974496518436,98.851741728241905,7.1780032369424589,98.539655058310018,7.4900899068743456,134.09916990764941,103.48808005406318,344.27014455071185,198.02563320661898,145.60878694509165,143.85543265826234,173.19747341386559,171.10631670720892,199.58935888945931,202.98284238915338,225.46922570836279,230.91151952090931,246.04164498262205,252.7125151080073,0.039393525888698377,-1.7559892192320206,-0.38172117790696802,1.3742680413250525,-3.9762194984700159,-2.0174368807344365,1.9587826177355794,-0.29840008735746437,-3.7146491675288189,-3.4162490801713545,2.1366570424816871,-3.2569375479691303,-5.3935945904508173,3.8307473564346992,-1.8781875102006325,-5.7089348666353317,20.669584504030354,33.86226422006439,-13.192679716034036,34.435859192293719,-13.766274688263366,30.408447829851411,25.599577844831401,76.662892863620073,196.70912377930023,138.13131301279668,150.38037530244725,158.95082663810973,175.77717638104906,201.83133312779918,206.94445686268077,229.46152487254989,231.69814913680636,253.49811502951854,249.85938910870516,2.2037231378029958,9.4712444144938104,-4.1678623828380807,-13.639106797331891,12.631390906578133,-3.3417626606789383,-15.973153567257071,-0.25543683273116358,-5.3639997318939265,-5.108562899162763,-3.2868911859695515,-5.3501375086369194,-2.0632463226673678,-8.1267523749444308,-4.5693861405266318,3.557366234417799,85.360160416450526,64.989477150549646,20.37068326590088,64.103796353832877,21.256364062617649,103.69072192878639,77.88850257372178,267.60725203400943,198.43171002650254,148.81863994148708,140.44046217967806,175.77268842429837,168.68713401677434,198.63339585469399,200.11190239286259,225.13966436078502,230.35607726373391,244.82605721339462,254.51294154684686,-0.9151684331826857,-5.7175143134128064,0.72436869081218447,6.4418830042249908,-7.9878950215822613,-0.86301666639522523,7.124878355187036,-1.3884563665410781,-2.0974517383270097,-0.70899537178593164,2.3401894920413611,-1.8692460568069009,-4.209435548848262,7.1869971183118366,-1.0491865372311224,-8.2361836555429591,2.1643296119142974,3.1188915709856815,11.227233633725831,15.188758727906617,16.607610405048149,20.619285928160394,0.042963254626300795,1.1330195338099145,-5.4235482284512386,-5.6270806780109126,-11.95749973137913,-15.313749493256267,0.2226823733544151,0.22676089531943347,0.2473674053229892
1740,2020,115.07552638548404,42.975196579762553,3,10,22.655530340030669,8.6666717529296875,137.7799199701185,136.50728553222143,1.272634437897068,136.45195318444894,1.3279667856695596,144.74033984397374,101.95071780047874,352.00012179184705,193.17872095939313,139.67100541321778,136.91854869366472,159.05871814080987,160.55007114129259,191.79768655170182,191.67397690984788,225.17981003061811,222.80521087250784,249.67329526514251,248.74726748179819,1.6974210023686283,-1.44792940396718,0.67497909615809704,2.122908500125277,4.0015551732446397,2.3120078538354107,-1.689547319409229,3.1997532996940095,3.8835299377121544,0.68377663801814492,1.4454789457477375,3.6625695128274174,2.2170905670796799,0.81634481183226626,2.407961969357558,1.5916171575252918,41.316893018782139,56.490819655133237,-15.173926636351098,57.150555356824043,-15.833662338041904,46.749280462601746,34.610655687749386,97.345056405756623,189.70727117420824,134.59998561654683,140.59051345725766,155.91126701348958,163.84667762718232,187.12170450714558,193.22771795142467,218.0521894062918,217.7520430015899,253.5394807716944,238.69813593593733,6.6608431771840912,10.815247488222724,4.5611570134897477,-6.2540904747329762,11.326549054103907,5.0514236214766015,-6.2751254326273056,11.920107639713308,6.59012649941414,-5.3299811402991679,5.6832538344998227,6.9029237549391951,1.2196699204393724,-9.1378979516286734,6.0368373083669269,15.1747352599956,96.463026720368362,80.016465281751152,16.446561438617209,79.301398148354565,17.161628572013797,97.991059150403999,67.340062254290388,254.65506527107209,194.88703169904889,142.42745411201068,133.40437832813873,161.95033395481124,158.34503177141332,193.49648860887652,190.1603569097413,226.24816358908288,227.93807680414341,247.32767302055044,254.24746677439833,-1.612290481419052,-6.5719316368704881,-0.4278712225009258,6.1440604143695623,-2.2017803981394195,-0.0032098587514894916,2.19857053938793,-2.5331411937452515,0.5619692223058621,3.0951104160511136,0.87218643325067546,0.51425841938879557,-0.35792801386187989,5.995483197690703,0.82118556821242805,-5.174297629478275,4.963422174815463,8.2731336586031432,12.263176892189904,17.387179125093212,7.3249938808592674,13.528329452243327,8.7203543400192984,14.453248833458559,4.2377748887520852,4.8110674012491472,-9.9542427634609396,-15.133381149319376,0.27654836001255984,0.32298722327857066,0.33948417857619889
1741,2020,115.32552752905448,42.975196579762553,3,10,22.655530340030669,-9.8000030517578125,107.88002544641495,111.09593272209167,-3.2159072756767273,111.23575496673584,-3.3557295203208923,148.31595264487623,106.96892035007477,376.16994557157159,195.03801540731436,143.03104193046516,144.66826514723527,161.41223064911313,169.72730995940293,196.36860238870034,202.07118016404488,225.17648794090209,230.7196070928758,247.44602503061625,252.15064151610858,1.6400294016607972,0.57648739610525013,-1.2773545886296915,-1.8538419847349417,5.0209790756372286,-3.0118760782102925,-8.032855153847521,0.50852312620503426,-4.4191780617135521,-4.9277011879185864,0.9603582467649403,-4.5227413852568077,-5.483099632021748,1.8544426005846901,-2.8545503413133417,-4.7089929418980319,38.972410418093204,50.944505751132965,-11.972095333039761,51.465032696723938,-12.492622278630733,54.47854246577208,49.43598204292357,126.47654132777825,197.90555756941995,145.28627837224946,152.50641916973314,163.11681106959705,176.69805192059405,204.90839477998182,208.62226710396749,224.70127720509581,231.85541188267979,248.91146253913095,249.9956963340066,0.26813583488066683,2.643097102110687,-5.1299145932298131,-7.7730116953405002,6.7672194787220405,-4.6393591407570227,-11.406578619479063,-3.6624389599076039,-7.3007506815106353,-3.6383117216030314,-0.16162293487110446,-7.28253743377212,-7.1209144989010156,-5.2132349393550044,-5.9080194858283619,-0.69478454647335752,68.907615125179291,60.151427567005157,8.7561875581741333,59.770723104476929,9.1368920207023621,93.837410432423894,57.532938271760941,249.69340437278152,193.06947077744042,142.78677272374753,140.73196648617474,161.03182076627292,164.12752618391445,191.42663268191316,194.25145646994829,225.29997325210172,228.31705261609369,246.76199085383467,254.25309316106868,2.043519880744185,-1.7535431587897392,-1.5566471713111696,0.19689598747856962,2.4200779509531856,-0.57702825231228871,-2.9971062032654743,0.94122368542477375,-1.6406098522901686,-2.5818335377149424,1.8251583890871359,-0.1242785417702521,-1.949436930857388,5.6511420740350502,-0.46386289833452565,-6.1150049723695759,-1.3718935667801304,-1.7753840458635182,2.0666097060054369,4.3966402609004263,1.746240403084812,4.347141527768855,-4.1709620861126382,-4.6036626453323777,-1.1219811816360448,-1.9867813239582404,-7.0676775399396945,-10.864377013390055,0.33622181361566089,0.3673141121657631,0.46215276251396714
1742,2020,115.57552867262496,42.975196579762553,3,10,22.655530340030669,-5.619049072265625,111.00263413465291,117.30195785556862,-6.2993237209157087,117.57584098329244,-6.5732068486395292,143.75077169651559,106.54602621114827,375.74956109374762,197.46963806178991,146.54992795475414,147.20946718065559,165.28281378932473,171.36160467469793,198.32069498893082,201.05494173193182,225.85080448345147,229.09396227609983,248.11954934068081,250.33799037331082,0.56100066246227698,0.15021455574597553,-0.99998199237026597,-1.1501965481162415,3.8707301597762864,-1.8526261159058492,-5.7233562756821357,-0.24407780054994532,-2.721474736822671,-2.4773969362727257,0.89838430755833087,-2.222584362334203,-3.1209686698925339,0.83365789462678208,-1.4690196845978107,-2.3026775792245928,31.55860836165084,48.976774556154851,-17.41816619450401,49.734086751752329,-18.175478390101489,40.208214454577046,38.652752334344768,101.72047380567528,200.47587044320454,150.32465090707163,151.69985349262632,166.75056142245805,177.87824051021795,206.34509047198654,205.64165330869315,224.46784441646108,230.34591539012717,250.97101942880423,248.57909086923354,-0.50818619291402456,0.32808888852116525,-1.9403275161793374,-2.2684164047005027,6.6820010963837433,-2.6257400226494099,-9.3077411190331532,-4.2491202657961651,-3.8345979775322689,0.41452228826389614,1.6506398815402861,-3.8152012988807371,-5.4658411804210232,-6.0540462433605171,-3.2931478232255245,2.7608984201349926,79.444025635166327,68.32518225491367,11.118843380252656,67.841754841778311,11.602270793388016,103.54255700343128,67.893273895429957,274.029087215662,196.08676274772404,145.66048287907805,143.39130080005825,164.58462145097229,167.6740486985025,195.79658114589736,195.93466512143584,226.1429338094816,227.63264163299098,246.89420616508613,251.89044194169841,0.18675025094151465,-0.32473363538773015,0.31098421250121078,0.63571784788894092,1.867333813770415,-1.570437603693108,-3.437771417463523,-1.9957235916031379,-0.83429699399852097,1.161426597604617,-0.20095689900719549,-0.43647436024323838,-0.23551746123604289,3.9440898944561411,0.27573918556007015,-3.668350708896071,-1.0691868553763015,-0.69493644385553921,0.17787433277518971,0.65282252390889539,2.8112709366074569,4.8146672826133283,-4.0050424652462198,-2.2533966741930271,0.75225557398195519,1.8515967805474816,-6.8877041379872992,-9.9981361378166582,0.27071348668933387,0.27970781638281572,0.36277985870392226
1743,2020,115.82552981619543,42.975196579762553,3,10,22.655530340030669,-1.9166717529296875,117.45411027267073,141.36929305323065,-23.915182780559917,142.40908460059291,-24.954974327922173,138.11017498655383,115.91610168621446,368.84173174547857,197.17971549406383,141.80741169993402,139.23985850072862,161.97566453120473,163.72859100060595,200.22441649809116,196.28980191579342,228.23409476499921,227.1394816689554,250.48933416108895,250.47769647012225,-2.272416679758436,-2.3002848755837704,-0.12440561288480012,2.1758792626989703,1.24801818883941,-0.39540407468859939,-1.6434222635280094,-5.2388905681644644,-0.89961355673779053,4.3392770114266739,-2.0525728017049403,-0.86948930836493332,1.183083493340007,-0.58182633764542402,-0.63006557028529642,-0.048239232639872398,30.835876272225505,71.738487771834116,-40.902611499608611,73.51686359841915,-42.680987326193645,40.51577325251219,47.535084198063487,103.44393116794527,197.90986205422615,135.67922804515976,145.86735835113237,160.09931788419084,170.00356856608872,207.85408683144232,200.0188444366251,228.56586970247952,226.63061864295295,251.59669913610566,248.00047171464107,-1.3254983960098912,9.4557415938265876,-1.1871650453614961,-10.642906639188084,7.2527456904480516,-0.957549698443529,-8.2102953888915806,-9.6906031559143173,-1.3555733135746095,8.3350298423397078,-2.6316872128666091,-1.3495684473475933,1.2821187655190158,-5.7972432442630293,-1.0328000545732436,4.7644431896897856,86.618234007895808,69.630803711810586,16.987430296085222,68.892220654479388,17.72601335341642,97.59440174149222,68.381017342864652,265.39780037450498,196.79236873482171,144.15782135657318,134.37849305475424,164.18821255517392,157.83053095579939,197.12609017582051,190.67196575439925,227.93840085117461,227.98770632543912,249.59990876816602,253.32015957563317,-4.1512673277442218,-7.1244071832587395,-0.34708037495016697,6.7773268083085725,-6.686712277725718,0.32252295871168712,7.0092352364374051,-6.7034079839783089,-0.079794901861305334,6.6236130821170036,-2.4028841995932453,-0.29616797009663287,2.1067162294966124,1.752913529835098,-0.072391735731201834,-1.8253052655662998,0.94691828374854481,2.8257689317343306,11.756026469410358,16.580148777085327,6.0047275016086417,13.93945796817377,-4.4517125877498529,-2.9871951719360084,-0.57911441116166884,-0.22880301327336383,-5.2154169066176053,-7.5501567740981272,0.2804561476230335,0.29335835144989669,0.41008180491387836
1744,2020,116.07553095976587,42.975196579762553,3,10,22.655530340030669,0.695648193359375,119.31962259941065,146.49447640919971,-27.174853809789056,147.67599080520813,-28.35636820579748,135.91615470008037,118.40756694145239,370.11084678675979,198.3007601176709,141.73292833950595,138.50703224999913,165.39195546835774,163.59520757189225,202.18504368949564,195.39710622300143,228.89374834913176,226.18583093150434,250.7088525380988,249.75110494216207,-3.1559498867831337,-2.6815866231148391,0.087273243947890933,2.76885986706273,-1.690169131059605,0.24044599302956726,1.9306151240891722,-6.6362548010951059,0.35707192448305136,6.9933267255781573,-2.4597971722093632,0.35146616530266783,2.8112633375120311,-0.72049315765491428,0.18805189034438285,0.90854504799929714,31.201369045695174,69.098124200370876,-37.896755154675702,70.745808645076977,-39.544439599381803,39.551963179162158,41.292011258730781,95.341663238592446,195.38558671658967,133.51186361405874,144.49116088985122,159.93830285931165,168.82102023022776,206.27344336327695,198.28957000938217,223.70471961744531,225.04807344393464,243.46146767856129,246.90874028499294,1.6065663075074497,11.712010009265953,0.37445188269126106,-11.337558126574692,7.7157409932643759,0.26836165465084605,-7.4473793386135299,-6.721029247898997,0.50456871704312789,7.2255979649421249,2.1933417036547098,0.49451659144736482,-1.698825112207345,2.580835806407606,0.34106458828938457,-2.2397712181182214,88.118253613320121,77.39635245113459,10.721901162185532,76.930182760064781,11.18807085325534,96.364191565621695,77.115555410775414,274.76918335445225,199.65927141102691,145.04943372964635,133.93213771956664,170.55383397957809,160.0252225911585,200.25036714412104,191.73513929352242,232.26756268062954,227.51049013333463,250.99028323760692,252.68359915815861,-6.3510256189933898,-8.5504292161358819,0.090936449610950376,8.6413656657468323,-10.026950033593835,-0.18106101165091104,9.8458890219429236,-7.629156242994469,0.16657966669379221,7.7957359096882612,-6.1309681050583436,0.20665775606428838,6.3376258611226319,0.26311352512621511,0.22169682343732688,-0.041416701688888224,4.7625161942905834,7.9575919265008395,14.393596632380792,20.262439225401835,9.4059101243239809,17.742691026858211,-0.084774446803891124,0.90812699509547201,4.653138875864073,8.3243098087130534,3.3013289640625203,2.3177222812813909,0.25760299668689191,0.29100266459450363,0.34872780790393204
1745,2020,116.32553210333634,42.975196579762553,3,10,22.655530340030669,2.3333282470703125,131.41162241344136,148.96242032623923,-17.550797912797861,149.7254987753804,-18.313876361939037,145.97719975104428,95.611546329215344,389.9546600561589,194.79439219802117,145.26315243221464,142.5721709802568,159.58609405482417,164.53958741972588,193.15708203660185,194.76926000496121,225.6481733181696,224.71549131504554,251.20012954273491,248.0696920868007,1.0393971710345227,-1.8273720245338723,0.7239471061143945,2.5513191306482668,5.4319536405598399,0.90375576232969479,-4.5281978782301451,2.5131120766142772,1.1784465284825387,-1.3346655481317384,0.11891148285334907,1.000224999061146,0.88131351620779697,-2.4286523392042056,0.48034599051806026,2.9089983297222659,22.313164979211848,69.767107470923293,-47.453942491711445,71.830322128666012,-49.517157149454164,26.10303268582598,6.6972326543258021,41.847369265044108,183.95993821049399,135.94298399149679,147.28249457216566,170.53349822393378,169.72085317481029,190.46215753369887,196.71743785344603,201.60553163001526,221.90569028410212,218.03081464083104,243.01452690040773,12.56495616157909,12.779637796881076,1.3809426519591455,-11.39869514492193,-1.1194204209069483,1.6023467132887106,2.7217671341956589,6.8400920645113104,1.8122146978185185,-5.0278773666927918,21.358647523117298,1.6839668372376764,-19.674680685879622,24.796159904077456,1.229861401647355,-23.566298502430101,109.09845737540127,79.195312934789399,29.903144440611868,77.895177143420369,31.203280231980898,119.87416694678541,88.914313634997598,348.10729071125388,196.49646395074825,146.76953440957033,138.30976505123363,158.80818383095999,161.31460208939103,195.65857358207259,192.25670158705051,229.29298026257064,227.61698931517981,253.24537680828095,251.83113352164608,-2.1290742904901379,-6.7217646510178213,0.095121141045297009,6.8168857920631183,2.6107736145930005,0.32557763238048665,-2.2851959822125139,-2.9846408734735519,0.34627039287235561,3.3309112663459075,-2.8037684612568228,0.47665679780740788,3.2804252590642307,-1.8024710315963262,0.043545156296971754,1.8460161878932979,11.525558990544567,14.694030452069228,14.607009821414948,19.501402447898897,-6.5513740614667881,-3.7301940354999488,4.3269799878970332,9.8247329379848622,21.239736040263949,24.162415984374121,27.224812243281661,26.598630935673782,0.10731342269128802,0.17881582007562277,0.070046274863764815
1747,2020,116.82553439047726,42.975196579762553,3,10,22.655530340030669,-6.649993896484375,133.84486020277836,125.26350496232044,8.5813552404579241,124.89040398588986,8.9544562168885022,170.088708901887,126.12604879666469,446.74563263099117,201.2698834456948,153.31980926066694,152.03040359808176,176.3761515634931,174.85939918255778,203.16675587084589,202.94016917413035,225.50033401664871,229.43930605256867,246.8380767293709,248.96904920821396,-1.5257836879095805,-1.1713310058439959,0.037480678179292681,1.2088116840232885,-3.6098342583680392,-2.1848103412595776,1.4250239171084615,-3.1368062528938481,-2.84596602104412,0.29084023184972807,1.3673283031589278,-2.5386397835795833,-3.9059680867385111,0.19751892437648166,-2.0972699366812719,-2.2947888610577536,83.227026027001557,61.381579036522453,21.845446990479104,60.431776954068482,22.795249072933075,87.496603098057676,72.622609458558145,177.04587329502101,205.99120829006793,169.75433926000139,161.38010467900034,190.53857822849969,183.22471195995703,206.69849453355809,208.99186446860642,222.75745457610847,232.18806711679977,239.64070942362164,249.26851241930837,-3.42127631795816,-12.986924362494165,-4.1095132903348031,8.8774110721593615,-12.138206247302634,-4.8595078483654959,7.2786983989371379,-2.8209709905813725,-4.8282758185878265,-2.007304828006454,4.6394722690523622,-4.5508566320547743,-9.1903289011071365,5.4059623855756342,-3.9024376025721779,-9.3083999881478121,50.617834116172162,63.881927845064638,-13.264093728892476,64.458626721876499,-13.840792605704337,82.5921057542364,53.503439699459705,269.69975966888887,195.71514762109751,146.04064499227917,145.53284470209832,160.57388296283096,167.63454727048503,189.88231988913535,195.33407423545265,230.87677402800057,225.67038864417509,253.60329909365274,248.45423259088827,1.1024304224264085,3.3169468045114741,2.5852355112236296,-0.73171129328784446,6.690059458584841,0.48324338192458072,-6.2068160766602603,5.1436064642569193,0.0048446100414309967,-5.1387618542154883,-5.5344850845428653,0.35504194643502274,5.889527030977888,-5.2967514950451289,-0.076585173363753256,5.2201663216813756,-1.8954926300485795,-4.5237067403845685,-11.815593356650169,-16.303871167005639,-8.5283719889345946,-18.828265705887475,0.31583526231247561,-7.9645774548382917,3.2721439658934344,10.173957353595227,5.2084434611991526,10.702713880620763,0.3963012962261227,0.51441746876054373,0.5757938994476659
1748,2020,117.07553553404773,42.975196579762553,3,10,22.655530340030669,4.3684234619140625,153.82777286826968,159.31214146292768,-5.4843685946580081,159.55059175922725,-5.7228188909575692,165.67807709511271,129.26876008765976,434.0713174091652,196.61625854066364,144.6501021358566,136.91196866349699,164.58601867363819,160.76699590388867,196.48237780374001,193.08295773934267,227.00689138215108,225.02007816647014,251.2897672001385,249.36606740017271,-1.8645293977436381,-6.5483057662580961,0.58006569143006459,7.1283714576881607,-1.9128949213138924,1.4437140539457403,3.3566089752596326,-1.4249409808158759,2.00824962369731,3.4331906045131859,-0.45305379729714446,1.691205226350462,2.1442590236476065,-1.0662972061275866,0.82035235536338291,1.8866495614909695,57.738248232713886,73.79649837877696,-16.058250146063074,74.494681923539247,-16.756433690825361,65.069981903127086,43.567894821554091,123.91185150318779,191.27094838953624,138.79461319566897,142.6591117401486,163.90676920138142,164.11661603511388,190.80108405475511,194.65600571623219,218.3258768082373,222.6078815058344,240.25455909892511,244.62916146583592,5.9851570153645923,7.5937455665018945,3.1914390114032472,-4.4023065550986473,3.7130107441377902,3.130835520060316,-0.58217522407747424,7.3768801424787966,3.3524954268573026,-4.024384715621494,7.7112898985728577,3.3660515253647816,-4.3452383732080762,5.3756200925113546,2.9692444385797501,-2.4063756539316046,96.089524933579014,85.515644097429686,10.573880836149328,85.055910580746058,11.033614352832956,100.60809551324292,85.700865149445235,310.15946630388498,199.73314101145877,145.79947124546419,131.3024738090655,164.66806459836147,157.79640349444358,200.19246663750187,191.63549259554597,234.30130673033821,226.72437890921589,253.51965402320852,253.48833891575418,-7.1037670829534818,-11.86054456018158,0.35243604629857828,12.212980606480158,-7.0256680093978332,-0.68976420017702367,6.3359038092208095,-8.2347042189502702,0.28372482658423337,8.5184290455345035,-7.6071173147363709,0.68455935952223967,8.2916766742586105,-1.6615722529247421,-0.80323436615142896,0.85833788677331313,7.8496864131082305,13.088924098318074,14.142051332759991,19.454290126683475,5.6259056654516826,10.738678753535623,8.8018211232946726,15.611584361429067,8.1643436958700022,15.318407213309229,6.4419172986389412,7.0371923454360967,0.28546426942645864,0.39274949977703821,0.33703343941730252
1749,2020,117.3255366776182,42.975196579762553,3,10,22.655530340030669,-3,166.36112910171869,157.42263898189776,8.9384901198209263,157.03400783272446,9.3271212689942331,196.10237097402933,125.9198922381438,467.73795214667916,192.2745999623838,138.48328853318512,137.34694604952756,160.27410316327342,161.49481822570655,190.79308886398587,194.07483911601736,222.86305177177795,225.26849937217079,248.14393230731488,249.25184672327256,0.50391267875352241,-0.89474701109963917,-0.3314400288716115,0.56330698222802766,0.36089748523906451,-0.81618081256351616,-1.1770782978025807,1.8360760970449803,-1.4155324103657279,-3.2516085074107082,1.2393872881375501,-1.2521178354014921,-2.4915051235390422,0.36405103797443417,-0.7524641909273555,-1.1165152289017897,89.34903399783434,95.743276130217055,-6.3942421323827148,96.021286229741236,-6.6722522319068958,107.05426429349245,58.117306167554489,182.82570852804929,188.71721980872019,135.45787173378423,146.82832418281762,163.27404116151095,169.39413605966783,189.18794534487085,197.2031052477042,216.14617482001071,223.92476083709053,237.42074548719617,244.93217499857695,5.4935435404008786,8.9325980933956544,-2.3783793644944637,-11.310977457890118,3.3609064065234975,-2.4268366782531245,-5.787743084776622,5.4570563814571926,-2.4497013556923548,-7.9067577371495474,5.7140770143113286,-2.3152917817384946,-8.0293687960498232,4.3888246335233418,-2.0024544693483222,-6.391279102871664,77.012095342302928,61.679363839418329,15.332731502884599,61.012722599231893,15.999372743071035,89.048106978560099,67.802586081765185,284.91224386543036,196.02069785706655,142.51738857119554,129.16533258105019,154.99386231224634,150.98592334855871,194.18178152594396,187.57384207803113,234.39245331626634,228.37197391839553,254.91412066904931,254.19892708689559,-4.990337233991994,-10.051983077873615,1.1817543148139862,11.233737392687601,-2.1559069696752999,1.1301993331234428,3.2861063027987427,-5.4820448973540579,0.6088163606999899,6.0908612580540478,-6.2036131521933555,0.70163787239837916,6.9052510245917347,-1.5909911255898237,0.11384314880544366,1.7048342743952674,4.9896308616473561,10.483880774392873,9.8273451044952935,18.984581171269269,3.000008921284433,5.5168133761987974,3.6209802844122123,10.93910127881125,4.4746897261737786,11.917690166504684,4.0247735955489077,5.9798157591131655,0.39087208486925712,0.54591009665900525,0.46154189885773683
1751,2020,117.82553896475912,42.975196579762553,3,10,22.655530340030669,9.380950927734375,176.01341656474324,165.53031580795505,10.48310075678819,165.07452792359618,10.938888641147059,186.27532140871335,133.47312611629968,476.95296721346676,193.76939120860024,142.11367981992419,139.48743854689454,160.87880781194008,160.95775688050315,192.66788884005953,190.44283120078492,224.00760088210478,221.64833504774532,249.83003434054757,247.67824655982048,1.4761222170583324,-0.61221042331047215,1.3643542289325694,1.9765646522430416,3.0187567512438989,3.065103676213738,0.046346924969839165,2.0008031468869945,4.2292397282127752,2.2284365813257807,1.5218214854041321,3.9261578689758494,2.4043363835717173,0.13814448718173367,2.420404111348347,2.2822596241666133,88.926658603719261,90.984071426113587,-2.0574128223943262,91.073523437298718,-2.1468648335794569,95.217002810244594,55.388545530026022,179.21645150287077,188.14441556379637,135.88783277196612,143.05607346117429,159.43805762531773,164.31059055134097,189.07588320632129,190.5066355531826,216.09671825953066,215.93308002960205,234.04452628115757,237.87195489766228,9.1578891537200775,12.939503667930694,5.766697363507916,-7.1728063044227781,11.428926014128194,6.9550276550727972,-4.4738983590553971,8.4882606000744829,7.2004709288282527,-1.2877896712462302,7.4411508218128404,7.2661154797987706,-0.17503534201406978,8.9329445273267538,5.8862407297447703,-3.0467037975819835,87.086757677901915,74.546243269222941,12.540514408678973,74.001003820712867,13.085753857189047,91.058318374951341,78.084580472186644,297.73651558347046,198.77789317345977,146.03623050626641,135.63867100779774,161.4663891214071,155.9823682564614,197.62396793220736,190.32890436540592,235.5889291346264,232.01561343702394,255.11604577034768,255.87401885117222,-5.5764503197611361,-8.3217744700974663,-1.1870130573265953,7.1347614127708709,-5.3870433759046534,-0.95003504198075461,4.4370083339238988,-7.6755064743655339,-1.7286689932575428,5.9468374811079912,-5.6359133415045903,-1.9585629175282691,3.6773504239763213,-0.55575206442009062,-0.051945380984705025,0.50380668343538559,7.6817669366617451,14.734339473481214,13.551714091241166,21.26127813802816,8.4101692628842954,16.815969390032848,6.4874574531874885,16.163767074440017,5.9193293364087083,13.077064163317431,8.7948000401450201,9.4886965917468444,0.37575288093901305,0.51116273530042966,0.41497900844671981
1752,2020,118.07554010832959,42.975196579762553,3,10,22.655530340030669,12.380950927734375,188.04535183466214,173.10941883985652,14.935932994805626,172.46003143009511,15.585320404567028,192.09727670898428,125.79502432847221,474.1474700588733,195.44249992528219,145.05516647199781,139.84249729029088,161.57810123667593,160.39025963383088,193.69792870448137,190.04657448948433,226.1177128035398,222.59682329097524,252.79493824798837,248.90347337798079,0.93866837319887964,-3.1945632973218778,1.2772779727575596,4.4718412700794374,2.8689791143895889,4.3451374462719343,1.4761583318823455,1.924577650792088,5.6996723195520644,3.7750946687599765,1.3742438646856101,5.0128994694785263,3.6386556047929162,-0.80651968017943432,3.4234826067643098,4.2300022869437441,85.678793364080775,76.041906606995326,9.6368867570854491,75.62291109889884,10.055882265181936,88.285977147959784,33.373082230458749,144.10675256187096,186.2839600556504,139.25894020169963,141.83653816431658,161.79086218721636,162.39358752803767,187.16770980056083,188.33945527280727,207.77570358230366,213.9866231022101,224.8740028135237,238.13124273560129,10.998508468118274,10.141819951443637,7.3256890778763761,-2.8161308735672606,8.1695060919314528,8.9224284558551687,0.75292236392371592,10.249304124733868,9.4849413290964151,-0.76436279563745302,16.045187091205463,9.4673542992351543,-6.5778327919703088,18.576200834486627,7.5236546239163715,-11.052546210570256,102.36655830666859,97.067515034279495,5.299043272389099,96.83712015238234,5.5294381542862538,103.81129939711172,92.4219421521193,330.0407175514847,201.12053558409846,146.00599587875593,138.13111177499241,161.55439428340387,158.53789886771224,202.75704218148934,192.05197187159422,238.49662878577439,230.57537095691185,259.50656808041214,254.89533145798865,-5.6389628589073482,-6.2050531263376172,-1.6389195860043344,4.5661335403332828,-2.7267771055757919,1.5795201200520523,4.3062972256278442,-9.1768595351149145,0.95808538849800584,10.13494492361292,-7.1728589846925104,1.1985325854842301,8.3713915701767405,-4.9059775751317716,1.1072940443624191,6.0132716194941906,10.059840094919394,16.637471327025622,13.336383248765515,16.346873077781254,5.300526977541864,10.896283197507245,8.3247264739417801,19.426163659848783,14.670943226519853,23.218046075897973,19.382720514666062,23.482178409618399,0.30392812713727591,0.45958994661703445,0.26529731528423534
1753,2020,118.32554125190005,42.975196579762553,3,10,22.655530340030669,11.608688354492188,209.33809130839654,183.71105635844287,25.627034949953668,182.59683371783467,26.741257590561872,217.46159984943188,138.53162634114415,516.11061688140035,198.37281386033416,145.76142049097569,142.54653658462831,163.74030532100761,163.6394826837049,198.28268993190395,193.87158792898174,228.56261876613638,225.62058301260316,257.20777357020222,251.62260649376117,1.2498897306275012,-0.72940422177870801,2.225169476224238,2.954573698002946,4.0270330686236946,4.0738332523581562,0.046800183734461598,1.0529095444380232,5.5619415480060468,4.5090320035680236,2.2753178205144309,5.1826756912782059,2.9073578707637751,-2.4187356528382509,3.0998873394158863,5.5186229922541372,106.98863272774906,78.096594233284122,28.892038494464941,76.840417855419219,30.148214872329845,110.01008499123691,49.39516692918005,184.49250265501905,193.21464593471251,144.51123644103581,144.46408850718495,168.17528441934505,167.33365690832557,196.46596372705901,195.46965830298132,217.26028558191067,221.60954178971525,235.58691685885174,243.92753042780384,8.7719445853975628,5.9642255486129159,5.733107624141212,-0.23111792447170387,4.9151388304100578,6.7343580667866263,1.8192192363765685,6.8083833099338165,8.6002995512561995,1.791916241322383,12.915564176032831,8.2285298174334969,-4.6870343585993339,13.081007393270767,6.9579372233018262,-6.1230701699689405,102.34945870358206,105.61445935354277,-3.2650006499607116,105.75641538557829,-3.4069566819962347,107.45151480231561,89.136459928478871,331.61811454594135,202.55536413481298,145.87812179527543,141.29019539486055,160.60893382756495,160.69456134199854,203.13738027478448,192.14334767417893,244.03064640529166,230.434477794689,262.65451452281758,257.03363338805025,-5.0856880890039236,-2.7594603892553948,-0.55488521246962819,2.2045751767857666,2.7496727403422767,2.6968401883373758,-0.05283255200490089,-8.9183634753731837,2.7454834469370439,11.663846922310228,-12.337719396627392,1.3817014384441677,13.71942083507156,-6.32463817045101,1.0399922081089699,7.3646303785599798,7.5220548547700616,13.857632674401486,6.6936297703916239,8.7236859378683107,0.88810576178636325,2.1654660900677811,5.7554737654957933,15.726746785307,10.6402463555184,25.253283572660223,15.499743046109018,19.405645563721777,0.35746697824163248,0.50588280904493821,0.3565623838670664
1754,2020,118.57554239547051,42.975196579762553,3,10,22.655530340030669,16,209.07940864564807,191.93333837630416,17.146070269343909,191.18785343202035,17.891555213627726,209.07940864564807,126.71937422084375,488.7648804365017,203.56530241319987,150.13997465971306,148.49094018427178,169.47611804021227,167.11832264465068,204.11830520652802,195.42281666407024,235.25585861790375,225.72806376673833,260.25829452869715,251.26873287220513,-0.021762213786360007,0.75018287579433718,2.0602041025671554,1.3100212267728182,3.6496975299893109,5.8755527697389311,2.2258552397496203,-0.69963171171366412,7.9447613791280673,8.6443930908417315,-1.7913867477097654,7.701349208814122,9.4927359565238874,-3.7927364005336699,5.1324121592533629,8.9251485597870328,72.859811973759861,78.759033766180437,-5.8992217924205761,79.015521403773164,-6.1557094300133031,72.859811973759861,28.47112613603349,119.94452578845085,200.32470705183448,155.95142713009957,151.3992857410785,174.24572541070282,172.04616913038433,203.93509789584076,198.64128316475683,219.64512629360581,224.0206198868178,239.53369208006762,245.57272913610518,7.1395674912496361,1.3669556265687675,4.86725585625706,3.5003002296882926,6.8038206063089319,9.2005125326330131,2.3966919263240811,5.3487864003966479,10.808823838520453,5.4600374381238055,15.667182524414102,11.110653589834385,-4.5565289345797169,12.342431321216253,9.1602228272759305,-3.1822084939403226,136.21959634778796,113.17430209765553,23.045294250132429,112.17233294693688,24.047263400851079,136.21959634778796,98.248247950699806,368.8203544151329,204.96580396850001,148.54034094328321,147.06592917170917,165.43925638827491,163.36723168642777,204.24633242053469,192.52160609091206,241.99172339003749,227.87625823586592,261.92082099722302,254.81748835255226,-4.7413622651282594,0.47672147388095709,0.49162467328719117,0.01490319940623408,1.8065872225340627,4.7799604088500871,2.9733731863160244,-6.9214351264457719,5.4477304348056919,12.369165561251464,-10.429907478554611,3.9215731942252603,14.351480672779871,-5.9095047771332929,3.5999628578308318,9.5094676349641247,7.1613297050359961,11.880929756377896,0.61677275077443028,0.89023415268781037,3.1541230763196211,4.9972333837748693,6.048418112110312,12.27022152684242,17.458569272123867,26.097090002968713,16.135167721749923,18.251936098349546,0.24540332292559949,0.34847913740393305,0.22467855693806249
1755,2020,118.82554353904098,42.975196579762553,3,10,22.655530340030669,19.086959838867188,179.91864174436341,188.10681031415515,-8.1881685697917419,188.46281672408077,-8.5441749797173543,176.31107490405338,110.97516275320231,443.98873479990289,206.60001277815979,152.71688174834986,154.86806156888719,175.27577555084181,171.28607899609796,207.40001129849031,197.37109784238791,236.11674312251625,226.54216873175579,259.84448470636744,250.80801831838829,0.52185933948416618,6.0176997375920394,3.3985067727998342,-2.6191929647922052,3.2845768006330331,7.2057296855895743,3.9211528849565411,-1.2045635926160969,8.9105827381839049,10.115146330800002,-0.67939560366812657,8.7286740521002173,9.4080696557683439,-2.8757642117691944,6.2114496368734535,9.0872138486426479,58.660392479156144,70.869679310526408,-12.209286831370264,71.400518202135572,-12.740125722979428,57.282959063133944,39.47470672039708,123.3211898948648,216.77957673637508,179.41919960296573,161.2929718666654,199.12274780386431,177.99929246074007,215.36091068179184,201.48396243631632,234.81030754099845,225.41979065913301,264.73489278151055,245.48532394054749,-3.4439882619795696,-12.948738563616899,5.014653608818918,17.963392172435817,-9.8670733981953163,11.330934251347855,21.198007649543172,0.83659640388310663,13.549029970772267,12.71243356688916,4.1575713930106701,13.655979951051052,9.4984085580403814,-9.3750829999505925,11.187423563067483,20.562506563018076,121.25824887218914,117.23712996054746,4.021118911641679,117.06229896898003,4.1959499032091117,119.02811547835154,71.500456178091554,320.6675447630696,201.43044260480974,148.86045319271909,151.6750855129786,162.74205163995302,165.83624628208079,199.23153117644895,192.97872551755074,237.02594352267212,227.99244404018455,258.72177893527402,254.62423675088931,1.1449317124712195,7.5616247226998325,3.4610576861667255,-4.1005670365331071,9.6411385263651255,6.0199890339123669,-3.6211494924527585,-1.0045588057928683,5.9243534704149283,6.9289122762077966,-5.3967089252466849,3.4244960022442683,8.8212049274909532,-2.6277953580332678,2.8823386347285975,5.5101339927618653,-3.9658476014637358,-4.5889199744507891,-18.966438301208939,-20.510363286316732,-13.151650198828349,-19.508211924560442,2.0411599964992035,1.8411552096759749,4.8369669966787967,9.554280318257355,-6.4993187881813981,-6.7472876419173247,0.27775747497387127,0.32489711207481847,0.35570758123765844
1756,2020,119.07554468261144,42.975196579762553,3,10,22.655530340030669,11.958328247070312,217.96456122398376,199.9079726934433,18.056588530540466,199.12290388345718,18.841657340526581,223.63074013120604,160.29292853416882,533.75389026850462,203.3865436983688,146.96034397328495,143.4404035948954,173.58814986150432,166.93078193563218,204.7273165780195,196.88775473053249,233.50387129654243,227.03977000341683,258.87487034800324,252.55323670803702,-1.5361291720644772,-1.89437647489396,1.4965809350254062,3.3909574099193662,-3.4316760594306004,3.54508141795813,6.9767574773887304,-2.0024659147383375,6.096167195675946,8.0986331104142835,-0.37013481175674201,6.0984186133624405,6.4685534251191825,-2.4457420283729334,3.9546010863122376,6.400343114685171,119.31759300455451,95.846215769648552,23.471377234905958,94.825719863176346,24.491873141378164,120.52630552215442,116.05793086954327,258.32772438088432,214.14533044010324,176.53346424396275,158.25057102007614,193.71271981710385,179.85613363674136,212.32146269134773,202.42556706590548,235.60557628380738,225.00428891254506,260.01211545594305,243.58996351408319,-3.4442547620989785,-12.218610321665267,6.2226158345008855,18.441226156166152,-4.1974642503496113,10.239325501935468,14.43678975228508,0.28658907321755578,10.483072757271884,10.196483684054328,-0.5764208734861711,10.324211398163698,10.900632271649869,-8.0983100132559969,9.2857203848562904,17.384030398112287,98.64696840941906,104.06175777316093,-5.4147893637418747,104.29718372970819,-5.650215320289135,103.1044347406787,44.234997664625553,275.42616651952267,186.11106415994908,138.45745138802653,136.55024298736882,148.1555188545284,152.79856225492045,169.33172950960835,182.83544900541685,225.843530972113,233.33797440964196,258.12047889822679,262.07030282892737,4.4307379736773669,-1.7392140033622923,-1.2108960825994188,0.52831792076287343,6.565039066237631,-0.092193225607616114,-6.6572322918452471,12.066099323708897,-1.9668243572739357,-14.032923680982833,-0.51064829416799284,-6.3305275265037153,-5.8198792323357225,1.9787506751876549,-0.072532358272553665,-2.0512830334602086,-1.9081255900345013,-7.8749927357763454,-10.324233846771307,-10.479396318302975,-0.76578819091901096,-10.762503316587242,2.2890549879558932,-11.779510250491342,-0.20628606172942909,-0.065772579318178259,-5.6525679848830634,-10.077060688443652,0.48398284132586405,0.53895231689275191,0.72403649949413584
1758,2020,119.82554811332282,42.975196579762553,3,10,22.655530340030669,3.5,220.54309490924061,203.30859254687675,17.234502362363855,202.55926523612288,17.983829673117725,240.38280997281254,190.65569470206538,574.08226450905204,198.06116833598742,138.19923873493028,131.20016104441578,161.83572830184306,159.8573933752505,200.68919373951502,196.71688241344518,230.04725828869135,229.41353643333284,260.34767182649864,256.58084680553139,-1.4678297570792154,-5.0796020075672175,0.98801799897429987,6.0676200065415173,-0.99683245019494393,1.2759544961480458,2.2727869463429897,-2.2611670691588017,1.9595007001387046,4.2206677692975063,1.0785411218658112,1.9004257395326647,0.8218846176668535,-2.7047318359376504,1.0985158095024303,3.8032476454400808,110.41016535068047,78.375109287262603,32.035056063417869,76.982279961666791,33.427885389013682,116.08128274584305,135.32598940816979,273.14786385302432,210.69002147227579,164.6423756410509,154.34855465515787,190.18849962458756,185.96617620104237,209.84905740525952,209.77492873156447,235.41225358754383,231.99100365321013,263.09504199625439,250.78985659425516,-1.9201933084375185,-7.6806992580859514,2.1149015078013065,9.7956007658872579,-2.6039267925591218,2.9063052103174982,5.5102320028766201,2.5546918700987362,3.0792902518301446,0.52459838173140838,-0.62279700297787599,3.0122984464715614,3.6350954494494374,-10.354184540363264,2.660885905801166,13.01507044616443,110.13292970012117,124.93348108404462,-14.800551383923448,125.57698387374694,-15.444054173625773,124.30152730892587,55.32970538851805,300.93440080061555,180.38614899706499,127.3803242981966,123.58353887254994,146.09454498189453,144.46571855698454,165.01824931105639,175.48040279620375,221.79949600281668,223.48130186126158,253.9169371706015,262.61281743784082,4.8261954324592864,-1.48702120615458,0.67842698081925334,2.1654481869738333,0.13604652722304422,0.9359604810783253,0.79991395385528108,11.311361303908456,1.1626983059998111,-10.148662997908644,0.65206881657729809,-1.3412642284702372,-1.9933330450475353,6.8678790013792081,0.14746528395124869,-6.7204137174279595,-0.45236355135830308,-6.7463887408968048,-2.601097250518734,-6.1936780519313714,-1.6070943423641779,-2.7399733197821661,4.8158589392575379,-8.7566694338097193,-1.7013381248436872,-1.2748658195551741,-7.6494527044256131,-17.222063541742472,0.4757991680628158,0.48290176306272453,0.70979253790263941
1759,2020,120.07554925689328,42.975196579762553,3,10,22.655530340030669,11.833328247070312,206.39904475212097,188.74650251865387,17.652542233467102,187.97900474071503,18.420040011405945,211.05090192720854,140.65352600812912,512.76975801959634,198.64439665462808,145.86562729759513,142.38605565475214,164.61427521801505,164.07705672240874,199.53142546712539,193.85101934230707,227.37109613068426,225.88741766882123,253.94156593857016,252.37582962300573,0.93436509758836905,-1.2803455948312603,2.0207009402394647,3.301046535070725,3.4901602697757994,3.9831953220055709,0.49303505222977151,-0.22063954052424606,5.5947566137695901,5.8153961542938362,3.3716156419763763,4.9241184361281114,1.5525027941517351,1.3754559503703376,2.8738082050353171,1.4983522546649795,103.39782985299826,75.033328622579575,28.364501230418682,73.800088822841644,29.597741030156612,105.72713393375625,69.347636148333549,219.98397565598134,204.66321882713598,160.10676653095129,146.36067723333269,186.59517201327688,173.11883576947508,203.88327036691962,199.27009964437468,223.34989906082441,225.40869368748318,253.20416125255582,246.56566914787746,0.520106124943851,-7.709173050576652,4.28538396764975,11.994557018226402,-7.8946775075975211,6.8486009244358002,14.743278432033321,3.1712139366474332,8.5853482409576429,5.4141343043102097,10.109752526475518,8.2101972398309613,-1.8995552866445564,-0.37720686659977787,6.8858910511457623,7.2630979177455401,103.00121521949768,113.71317785978317,-10.711962640285492,114.17891556024551,-11.177700340747833,105.32376831382726,71.305890142917633,292.78578284755349,192.67855869736465,142.29324822992689,140.42986036313334,152.58131121477052,158.1728635436917,183.4102896620775,187.55158334609359,231.76363013868837,226.56258789154359,254.31525507048795,256.04634300213337,2.3575058843866259,0.19531077764526117,-0.53719380444869103,-0.73250458209395219,9.6246887547886217,4.0460866295690607,-5.578602125219561,7.162545122527149,3.3400033124043489,-3.8225418101228001,-3.7196438770166083,1.4499261409039548,5.169570017920563,0.59337328699362502,0.98998576769366764,0.39661248070004262,-0.41425897264451805,-1.8373997594427749,-6.4288274557453917,-7.9044838282219132,-11.38483777737332,-17.519366262386143,3.3918534771716793,-3.9913311858797158,6.7381368844991414,13.829396403492126,-1.7526628169701155,-0.97058015359340288,0.429011212567599,0.50095561292707258,0.49303873224141981
1760,2020,120.32555040046375,42.975196579762553,3,10,22.655530340030669,3.304351806640625,181.15727073908783,177.18827569848872,3.9689950405991112,177.01571216588127,4.1415585732065665,194.22826104605701,142.62617568891801,484.41567077487707,198.94423291574662,145.27830575750073,141.78409998073252,163.57580233786967,166.15289239111235,199.53370917813632,197.212314383727,230.24940978877737,229.40715225174398,257.98070540076611,255.30342015717983,0.12015494192533538,-2.2470906835658866,-0.1417809823421976,2.105309701223689,3.8168288578885949,1.3206597499581108,-2.4961691079304842,-0.74521697508606621,1.669980764252017,2.4151977393380832,0.71877531937647632,1.5324996262864374,0.81372430690996111,-1.8760894243230268,0.8986321034012974,2.7747215277243242,81.134623373378417,61.372748313397096,19.761875059981321,60.513536232283514,20.621087141094904,86.898080781309545,59.609218251600396,177.6320293299068,204.11681137986901,162.15434842833659,151.27705947555921,182.86714941081695,180.19588742114126,203.5321450567038,207.06580677464342,223.78391567878387,231.87025582949272,250.63604370927189,252.24627001014525,2.4203556546671052,-7.383790080031531,1.1967020830742001,8.5804921631057312,-2.2069801440315473,2.1104867267138161,4.3174668707453634,5.6687177811862171,2.5399865264399466,-3.1287312547462705,10.296079241758775,2.4206438139924558,-7.8754354277663197,3.2881556790115667,1.918234913339802,-1.3699207656717647,100.0226474476658,115.81552852664936,-15.792881078983555,116.50217477130718,-16.479527323641378,107.33018046591314,83.01695716071481,306.7836412191391,194.96297775909602,142.06206308256461,137.24712247810763,152.90551900790075,160.0683257097038,185.66831812980345,188.70739559009718,236.28625973767208,226.93379989745134,260.10719653101097,257.55138850663729,-0.81727828980555728,-3.0981897243241292,-0.021762074702479595,3.0764276496216496,7.8736111239076934,1.0704321236213161,-6.8031790002863772,3.6403574381374426,0.89470460154097964,-2.745652836596463,-9.3289399486170339,0.7873978778576145,10.116337826474648,-4.4528665936191203,0.48759668528754219,4.9404632789066625,2.3002007127417698,3.2376339444726625,-5.1366993964656444,-4.2856003557074018,-6.0238090019201422,-10.080591267939241,6.4139347562722833,2.0283603430487744,9.5773039223822991,19.625019190375809,5.1642451033345935,7.741022272630687,0.36669340000038497,0.44740183695875008,0.41794024107898736
1761,2020,120.57555154403421,42.975196579762553,3,10,22.655530340030669,4.9499969482421875,191.68444938527682,176.01902948936186,15.665419895914965,175.3379249290374,16.346524456239422,203.47185074298613,157.23719876833638,512.92404362559319,196.74574788373377,145.19988859329226,139.81193708996784,165.44449663543946,163.96765218728373,197.43886351880744,194.01930803260623,225.52797257025219,225.57023185543738,250.41704867417263,250.40511977661606,-0.3285036675684978,-3.7489169899075989,0.47027786524199655,4.2191948551495955,0.77858672581857036,2.0460164991204408,1.2674297733018705,-1.0553482884289167,2.4985079690840166,3.5538562575129333,2.0354270382779021,2.1036328321197288,0.06820579384182679,0.55463960787528777,0.9875628867611681,0.43292327888588034,110.20515994038942,63.420892594187535,46.784267346201887,61.386793777313869,48.818366163075552,117.77530016212586,77.071366882741131,250.07206154731102,197.59562851731445,151.74889121412096,144.37740060887074,174.38386950671432,171.76430034464096,197.39823409923324,200.8022207642376,219.75600766224224,229.01073911015558,249.55569330174026,249.99452308631976,4.4795240668115923,-4.070174835079456,1.4398218127959694,5.5099966478754254,0.41836637367677554,2.7421528054078976,2.3237864317311221,7.041953365557049,3.1304934022587361,-3.9114599632983129,11.895192070911776,2.7272562570339005,-9.1679358138778753,1.8438160587163281,1.9849982216862827,0.14118216296995456,81.479289266073465,112.59814029263907,-31.118851026565608,113.95113136033979,-32.471842094266322,85.696550461650986,80.165832071859768,262.85198195278645,195.7473514787161,142.5962318729197,136.75603318312602,154.13083916618032,159.85224225019309,198.05914382975888,188.46906275947129,233.14765474503076,223.14736318968514,251.97243111294779,250.72256822820253,-2.9364643448430172,-3.0534829085641775,0.42006676090829842,3.4735496694724759,6.9446120823511137,2.3765021248348148,-4.5681099575162989,-7.6315281415758704,1.8873367227001552,9.5188648642760256,-8.9496422344006703,0.79469037571212198,9.7443326101127923,-2.293586643448748,0.15379904915107545,2.4473856925998234,4.8080277343800901,7.4159884116546095,-0.32125784517185707,-1.0166919265152785,-0.36022035214179482,-6.5262457086743382,8.0973016539859657,14.673481507132919,9.8597650326338737,20.844834305312446,1.2891764508410404,4.1374027021650761,0.48754209254781999,0.57882847053321784,0.49015988256248028
1762,2020,120.82555268760467,42.975196579762553,3,10,22.655530340030669,11.666671752929688,230.88719669122111,202.42149057593269,28.465706115288413,201.1838528135595,29.703343877661609,236.62688126433204,145.88594248753179,535.04755861405283,198.26749627103132,145.50374152248466,142.17986198462881,166.5022285248553,163.13856509254413,198.32355277476705,192.94946574148781,227.17985092317451,225.48865919250107,253.41416354135825,252.45002031168323,1.0175830706612601,-1.5035731390528326,1.3586786105176145,2.8622517495704471,1.599208199415699,4.8585037920158527,3.2592955926001537,0.43638431297890179,5.9477580597271924,5.5113737467482906,3.3208612007363456,5.043818270447332,1.7229570697109864,1.9163196780131955,3.0403743325586277,1.1240546545454322,147.63311562879971,80.624636220469256,67.008479408330459,77.711224132965071,69.921891495834643,152.30906667915497,75.400114951589785,284.75064484123141,199.17504764212842,151.56285166700991,147.90963515518996,171.44292710119822,172.52669329377795,199.20478900229938,200.53539033196427,222.29355480553946,226.35947747503727,251.51105913392055,248.0695768876769,7.4174341824880514,2.1369231763478069,4.4679529119934784,2.3310297356456715,8.8147191089278465,7.1666296931423403,-1.6480894157855062,10.293762915886731,8.6252022097964129,-1.668560706090318,12.468433178779833,8.5649598062878738,-3.903473372491959,2.9701325640919265,7.2012927905641959,4.2311602264722694,83.254081017717908,121.79685478262945,-38.542773764911544,123.47262801500983,-40.218546997291924,84.317814540473591,70.485827796712329,250.29691352788359,196.93252917337824,142.47295661276405,139.09952283916735,154.58465047577144,156.77233577464474,190.87936986508927,184.4978711145568,235.63446237883022,223.91581086382755,254.9608265934867,255.82186896641844,-3.7314616841625252,-1.8462286976773044,-0.59682212318318761,1.2494065744941167,6.7409011685484188,4.7092250541082592,-2.0316761144401596,-2.6110221336696782,3.5369975360070498,6.148019669676728,-11.440481645873433,0.20812035117640448,11.648601997049838,-0.23372735532996103,-0.11264106150815678,0.12108629382180425,6.3998511118267913,11.148895866650577,3.6404963154006396,3.9831518740251113,7.2155109095121475,2.0738179403794277,9.8573786029078292,12.904785049556409,9.1475719780434872,23.908914824653266,1.053812886078731,3.2038599194218875,0.53219688653253217,0.64366764192362824,0.51684290937102384
1763,2020,121.07555383117514,42.975196579762553,3,10,22.655530340030669,9.2083282470703125,228.52799629274523,206.48992503591944,22.038071256825788,205.53175094451581,22.996245348229422,239.06273920068452,143.62503767904127,528.39566805027425,197.52818261932251,142.672423954235,140.51182168212955,164.5336355984378,162.74513238725763,197.04059460628173,193.44648226599463,227.59791421733249,226.35160453092985,256.09469699193721,253.01426651720692,1.1703125853229892,-0.44709158078316591,1.173503710015865,1.6205952907990309,2.7177081119982063,4.3086102577027248,1.5909021457045185,1.1657720385614994,4.8269038094618679,3.6611317709003686,2.8696080994313604,4.1747266982714279,1.3051185988400675,-0.51574001307491812,2.7053666061127615,3.2211066191876796,146.16823816597025,87.236942705560068,58.931295460410183,84.674712914105839,61.493525251864412,155.30269517189117,69.67488152981241,281.23701224278193,196.25853610290096,141.16952937398079,145.55653684242503,168.21430314434025,170.17965182692376,197.09365517138886,199.79872029640632,220.93238698622611,227.43402426634378,256.09749753702641,249.79516534690345,8.0586262102908961,8.5160002392799186,3.1244790125311965,-5.391521226748722,8.4631090297977494,5.3951602981636881,-3.0679487316340612,9.1357488552597488,6.6011505134413824,-2.5345983418183664,13.293068479357629,6.6257025280231119,-6.6673659513345171,-1.3703493427691171,5.8910823273052131,7.2614316700743302,82.359757992664527,119.25298421783918,-36.893226225174658,120.85703809001461,-38.497280097350085,83.760043894682894,73.95015664096718,247.15865614823997,199.33936549075085,142.92628958799546,137.013613986233,161.02124031737608,157.84240179382007,194.52517969137034,186.61718527479584,236.68741477792594,224.65015496897828,256.09328286942281,255.6905403045329,-5.2969962335774312,-3.6141987367906836,0.34967888069817832,3.9638776174888619,-0.35909274947198355,4.0582438084640557,4.4173365579360393,-4.4045150264801975,3.2049168432603494,7.609431869740547,-10.212638251283551,1.6782403107075083,11.890878561991059,-1.0670666877392136,0.064549685784868416,1.1316163735240821,6.8883136249679069,13.355622443868327,8.9630918200630845,12.130198976070602,5.7454009177995431,8.8222017792697329,7.9699768166982494,13.540263881739946,10.423460379926269,23.50570673064118,-0.854609329694199,-0.30328265502990348,0.53224700588579321,0.64963153894727266,0.48511654134785887
1764,2020,121.3255549747456,42.975196579762553,3,10,22.655530340030669,15.541671752929688,245.196715573049,226.07905186975768,19.117663703291328,225.24784990039188,19.948865672657121,245.59290856489679,133.75815280320603,518.09656460396945,195.37312692636277,140.02920240821524,136.15507073330571,162.23831257686948,157.48759562449629,193.65340842030261,188.4690098361246,225.96693540513323,222.78174587245601,255.5547605822554,250.78650919406385,1.8482390206656021,-1.1743864854978483,2.1285723551895899,3.3029588406874382,2.4655216676694351,7.1228257343485382,4.657304066679103,2.9223633074485917,8.293740309770385,5.3713770023217933,4.4106609936843313,7.6375969235232049,3.2269359298388736,0.34058166653022681,5.2330214359840284,4.8924397694538015,161.17153226941264,90.09030080849152,71.081231460921117,86.999812010451933,74.171720258960704,161.52528393449666,63.150699068015456,271.99272467405535,192.77681806509554,134.65066525037574,138.58504173179611,163.54499461613824,162.47735649785429,193.78494480129964,193.08610900544335,219.47700236522223,222.37008391051427,255.17210826125313,246.89412094212958,9.7029714683814916,10.920119011002555,6.2963230355272515,-4.6237959754753035,9.0303868226887403,9.4043060632982929,0.37391924060955262,10.243284640900356,10.913049510262766,0.66976486936241031,14.312667686716935,11.245840212117258,-3.0668274745996769,0.48420497974777277,9.2791900578062041,8.7949850780584313,84.02518333219632,135.98875296364713,-51.96356963145081,138.24803786510529,-54.222854532908968,84.067624658960085,70.607453632124816,246.10383982770145,199.14444069666507,143.43674993695544,134.41481555803563,161.71189884081579,154.1472714704594,192.93935805395512,184.27321675683882,236.40164538162026,223.17502544846798,255.63102362736055,253.99138555421732,-5.6572930254347114,-7.3446858549655758,-0.0057725350340263049,7.3389133199315495,-2.0903409983695838,6.6024061544021322,8.6927471527717159,-3.0807649283893568,5.7043346251610672,8.7850995535504239,-9.1152326968935711,4.0586817755946925,13.173914472488264,-0.11322476052905017,1.8462072608322728,1.959432021361323,7.8547324477158895,15.360264493816203,12.094505496500403,18.264804865968131,6.5648651550193051,11.120727821058324,7.3209213334517642,13.324049569289713,9.9020066930326038,23.427900383610506,0.14362331321754596,0.59742974027682294,0.52498461340303482,0.65769522775864009,0.47212598069387968
1765,2020,121.57555611831606,42.975196579762553,3,10,22.655530340030669,21.208328247070312,244.76027943344161,227.3026583239116,17.45762110953001,226.54363390633807,18.216645527103537,240.27429432544886,133.72618728725865,508.71117029897869,196.97430292675,143.38767404372655,137.64125721327463,164.72543565055116,156.99831891584091,196.68354192016486,186.70762954439778,226.07041605975405,219.93490173435595,253.40491515602625,248.10215287151576,1.2233556936766377,-2.0409879545211993,3.2140730493208594,5.2550610038420587,1.6849123533782233,9.3285782174161795,7.6436658640379562,1.1683237209127242,11.210999066831306,10.042675345918582,4.2610793732300181,10.462098013434996,6.2010186402049783,1.4493739201828362,6.9039940681539633,5.4546201479711272,139.01416225735193,82.692738687846941,56.321423569504987,80.243981114892449,58.770181142459478,135.76097926346301,73.251991331539102,249.43286991876084,201.49937104723205,150.31056721123088,142.67845103578009,176.72499680631589,165.95705368695167,202.37592764425537,192.09475419869739,224.57179607403012,217.86645945390069,260.0591589846847,240.5656741606463,4.6216658158754456,1.7087997326647439,8.4426392340879204,6.7338395014231764,3.6843071183936331,13.237158112619426,9.5528509942257926,6.6293109348982,16.476033584254253,9.8467226493560531,9.8978036648896648,16.494028912212514,6.5962252473228489,-5.6798232944644553,14.164660616709767,19.844483911174223,105.74611633417408,144.60992182653536,-38.86380549236128,146.29965241891659,-40.553536084742518,104.51331422007024,60.474195903565487,259.27829943411052,191.24176050782623,142.14075558341284,135.10483522271474,154.52593325513271,151.29707947908526,180.41260207614923,180.76259409623484,228.9347913443961,221.71614011226518,251.8234749701576,253.66449812241638,1.2115827025954786,-4.5258483747061291,0.89045699642196041,5.4163053711280895,4.4568300000242118,8.3841237405684979,3.927293740544286,7.3487759156450352,6.7828940593867344,-0.56588185625830079,-3.9102592291468454,3.5661932307398558,7.4764524598867013,3.1025125702814194,1.6142980343288968,-1.4882145359525225,3.3983101221988079,3.4100831132799669,3.7497876871859432,6.234648107370873,1.9993947650154098,-0.77252288163057869,5.4609872139854758,-0.71946498074683518,5.6367242916596467,13.80806289403651,-7.1291972146472915,-8.7823358647458747,0.49032316269399917,0.56502498381943544,0.54777596533269668
1766,2020,121.82555726188653,42.975196579762553,3,10,22.655530340030669,19.68182373046875,241.67300185991917,228.24777824383636,13.425223616082803,227.6640754872351,14.008926372684073,238.41003019516938,132.77701776789036,501.90905113331974,195.72906928007995,141.63281133896797,135.10572758018384,163.79198176937788,155.50582853258302,194.24911180908001,186.20052793487775,225.5023379229539,220.51477521224882,253.77796915927618,249.19124757716037,0.8702941313003123,-3.79746529881578,2.2005664926462032,5.9980317914619832,0.51657204251566213,8.639402270801412,8.1228302282857499,1.7318361895400471,9.9881974483509737,8.2563612588109265,4.3126178081751618,9.2712516811298258,4.958633872954664,1.3293768923087725,6.1338619343008531,4.8044850419920806,142.88136715338987,75.423954809586576,67.457412343803298,72.491023550333921,70.390343603055953,140.4966276859559,61.887692433880147,239.50278284650994,196.62739158682646,136.26318649647598,140.65755573343654,169.6631385725295,164.04261200507418,197.5907295710787,191.7940715485565,221.02803327351373,219.49702513940298,256.71845893046651,242.88512634482004,8.4592060871481749,14.37762623783334,9.0722328132061421,-5.3053934246271979,8.6185889057862823,12.71159999930282,4.0930110935165374,9.6561790161044598,15.309239823710158,5.6530608076056978,13.692906840420619,15.02001063106465,1.3271037906440313,-1.8087652350372139,12.644208229573223,14.452973464610437,98.79163469010382,152.8238258997153,-54.032191209611483,155.17305215364468,-56.381417463540856,97.913402492788009,70.88932530945749,262.4062682595104,194.65203479879585,142.20346714050692,132.58831003183698,155.2962898909835,150.77065916238203,187.45332248582898,181.27997524488461,232.35783027984789,221.20389727865327,253.22229944093354,253.76581974849037,-3.120546182607967,-7.8442052073646096,0.81230232690094795,8.6565075342655575,1.275663831871384,6.5147228056985114,5.2390589738271274,0.35721432247845541,6.4141249109691785,6.0569105884907231,-7.302152104276928,4.0526689060094441,11.354821010286372,1.6618318822639537,1.3784308271619352,-0.28340105510201852,7.5889119558478626,11.579752269756142,18.17509153664912,22.22183144519795,8.1020168632706202,7.3429250739148983,7.9243428265644127,9.2989646936260044,9.3802890322454573,20.995058944697547,-3.1381421273459864,-3.4705971173011676,0.47718362979449824,0.58930669809043379,0.46610244358754177
1767,2020,122.07555840545699,42.975196579762553,3,10,22.655530340030669,19.166671752929688,241.73970848861245,226.83618710557857,14.903521383033876,226.18821052401108,15.551497964601367,237.71520018919728,121.70217704233619,514.93904001452029,199.25679902171572,147.08243905507604,142.83597653818802,168.27034937128937,161.2978558499114,197.77807890315495,190.73681127361328,227.96657840605519,224.07601351401198,257.63847216354355,251.21691075236228,1.9884431923370016,-0.52793998663946695,3.0256236019374114,3.5535635885768784,1.0252755566886265,8.1603601329465789,7.1350845762579524,2.4542128161848211,9.6147277320028195,7.1605149158179984,5.1375762806513592,9.0333777337953052,3.895801453143946,-0.19088167539280221,6.4397740282601319,6.6306557036529341,144.67543456423709,94.419790418489356,50.255644145747738,92.234761323868952,52.440673240368142,141.40580105850904,48.759103342893923,256.68495543766767,196.68265359365634,157.05272553812412,148.55803592923849,171.14415134539183,169.44867131262413,197.52242210774062,194.87098984165809,217.63945805877086,221.6427950636288,242.54778506936421,244.91481581589576,11.146139313395565,-0.30847033284288727,7.9024699615611667,8.2109402944040539,10.942673995920217,12.210932347659622,1.268258351739405,12.156748221903598,14.523470284963309,2.3667220630597114,17.619353530313219,13.836179255093782,-3.7831742752194373,12.671755530821713,11.663962509050208,-1.007793021771505,97.064273689371475,132.41640101339362,-35.352127324022149,133.95345048660965,-36.889176797238179,96.309398895684353,72.943073462265602,258.25408392585814,202.14899976579756,144.73874128680561,139.890484026156,163.5728924559829,154.94096979012545,201.58611918435719,184.92468913849268,242.24519236643127,226.72103859858561,262.20302996996213,256.42811121236531,-7.0119380058368677,-2.5146742230742802,0.27751060568638763,2.7921848287606679,-2.6323522531355366,6.9865532509863613,9.6189055041218978,-11.002478180814393,4.3779247132608248,15.380402894075218,-13.825036407547827,2.9109931554578452,16.736029563005673,-4.4969265186542771,2.4678802193386105,6.9648067379928875,9.1576961210585637,18.158077319232433,0.21946965379657968,2.206203890231393,9.9173984392315901,13.575026249055753,9.7025354057187769,23.159226402717991,12.48177724966186,31.444389937861047,12.862637206214515,17.16868204947599,0.4984763933036222,0.59485384588770218,0.40064281944547492
1768,2020,122.32555954902745,42.975196579762553,3,10,22.655530340030669,15.782608032226562,240.54899818151171,207.53985265446317,33.009145527048531,206.10467283950129,34.444325342010416,240.82567583098535,129.03235660498467,512.92659959383309,197.22886479270375,146.84636955213796,142.75594300696807,166.51584287316075,161.46905158822011,195.56484006395533,190.68708006084992,225.39748076496798,222.80446237858777,251.39644136676233,249.50161882954441,2.5153363573863601,-0.211206103574483,3.1916012333382753,3.4028073369127583,2.0539303392876604,7.2460410643672617,5.1921107250796013,3.3367039251826043,8.2815606723550559,4.9448567471724516,5.2576486397334747,7.6283053101708447,2.3706566704373699,3.2877593614911689,5.1457163215578419,1.857956960066673,155.53852347490283,102.1434896820283,53.395033792874528,99.821967133180806,55.716556341722026,155.76613601188183,77.813126466027825,290.46682611432971,200.02240429063264,156.4922807955721,148.0824607527878,172.22391682056877,169.35623702185947,198.86978900237818,194.50231781067055,223.51693036307682,220.91867572354684,250.41506090545275,243.30174812920004,5.7019228934254897,-0.36717068336326975,8.016228331736869,8.3833990151001387,8.0973527260141225,10.734420855312919,2.6370681292987967,7.5648407013414101,12.450115413492625,4.8852747121512152,9.5273891002360926,12.174141587292411,2.6467524870563182,2.3796652092448483,9.8424797603607885,7.4628145511159403,85.010474408585651,105.39636274308577,-20.385888334500123,106.28270552750655,-21.272231118920899,85.059539521080296,51.219230213462652,222.45977358706295,192.44079044346,142.1307397302341,138.74451901491258,154.51917274613868,153.77572030227387,185.52626589747052,182.69405128358002,229.98587744313937,225.88017240077806,252.15907704922839,255.94157613079673,-0.14816180059648332,0.33371949675424162,0.260287983936621,-0.073431512817620614,3.8555351617735028,5.2431792467526748,1.387644084979172,-0.03223290994228023,2.8112204479607783,2.8434533579030585,-4.7770087799569296,-0.18851903455717434,4.5884897453997553,3.5745346301661129,1.2278674938661709,-2.3466671362999421,3.1865865360391297,5.8500846940219731,-0.15596457978878675,-0.70089018011751136,6.043422386726462,4.2418175642406197,4.2281367761588058,7.5970736112836903,4.2697404605026179,14.304397880193022,-0.90809415224632062,-1.1948694209212647,0.56629316230497551,0.64680036908191041,0.60305126956831701
1769,2020,122.57556069259792,42.975196579762553,3,10,22.655530340030669,16.608688354492188,230.80968950347597,209.94699951274015,20.862689990735817,209.03992332236521,21.769766181110754,230.29569456071749,123.33915084233013,499.92402362450957,198.70701497200164,146.84040249405325,141.94630359693926,168.8073133756842,160.87166148563446,197.24926453758172,190.48717883364148,227.35321907331459,223.19855138666043,253.52159118549628,250.93320151478324,1.0456290377873643,-1.8341844258039544,2.6028715041734358,4.4370559299773902,-0.68838716693525726,7.3748110834328884,8.0631982503681456,1.5705682996910184,8.3396946018517895,6.769126302160771,3.9459742168902494,7.9613691562855138,4.0153949393952644,2.1876857373106589,4.8831307955647389,2.6954450582540801,144.38191690139865,90.478168270443348,53.903748630955306,88.134526941536024,56.24738995986263,144.00903305569591,62.915670626392966,262.8970619731117,200.18927363559285,157.54741580540062,148.14904914874174,176.69166853058394,169.6789846663448,198.25502825507806,195.13988506987783,221.32454412374204,221.33472152006993,251.02355643253401,244.02419071993606,6.2035893702961573,-2.5004633867927168,6.3740056765866484,8.8744690633793653,3.9404092746952699,10.831972903118128,6.8915636284228583,9.3520638252089157,12.806577746250326,3.4545139210414106,12.544298064259323,12.857367207883811,0.31306914362448879,2.8215176461879707,10.355207131146983,7.5336894849590124,86.427772199745959,119.46883031065227,-33.041058110906306,120.90539716605599,-34.477624966310032,86.286661102690232,60.423480058077985,237.0269611440599,196.61638965409912,142.42116811303907,138.6519577222891,155.66076157481754,153.99999521853104,189.68209864999014,183.45375806183634,234.42914061378386,225.45772559115377,254.51320083826491,257.06348834561538,-3.1503334423068168,-0.63670940391759245,0.27081010406621431,0.90751950798380676,3.7591014709783508,6.2732752884965066,2.5141738175181558,-3.418731649042229,3.6546558621781742,7.0733875112204032,-7.6562490495318798,1.4223602260570658,9.0786092755889456,2.3424126391682023,0.73241586630172151,-1.6099967728664808,5.157960332508793,9.3539228126029741,-0.66627896098876249,-1.8637539828751244,4.6287964416305272,0.18130780371691912,7.7814955255178972,12.770795474251145,8.5983238473690733,20.200547113791202,0.63383190887731189,0.47910500701976844,0.52587403195204796,0.62532229849276622,0.51010299808874837
1785,2020,127.32558242043672,42.975196579762553,4,4,22.655530340030669,-2.5500030517578125,129.99223040403558,127.52626947734461,2.4659609266909683,127.4190526593884,2.5731777446471824,160.87183104280211,242.21383319219058,515.72201240994036,190.26126288419323,131.61945604599794,130.83014765663012,156.19002677241303,157.1475422988234,189.54852154758441,191.69576688556091,222.07385257873648,226.43899323491499,250.29581953084758,252.23806713476239,0.40735912218426051,-1.2789178549095084,-0.56226970442949664,0.71664815048001174,-0.31813911259806105,-1.3396186262452829,-1.0214795136472219,0.57011838451626318,-1.532799902858244,-2.1029182873745071,2.933148227217572,-1.4862431019446376,-4.4193913291622096,0.78883769457053177,-1.1416665990316517,-1.9305042936021835,94.72794780731283,87.292901616896415,7.4350461904164149,86.96963969045828,7.7583081168545505,105.46288687796869,174.68760993823344,297.73579128086567,190.97280651142623,136.70839299253865,142.96306540317335,162.35107030962945,165.04629219958963,191.51779588884239,195.78365424707704,217.01109537905685,227.76447315028054,244.575104517358,251.50134041949275,3.4173214779521004,4.2557276991256003,-1.9451774910386916,-6.200905190164292,0.11473378446302718,-2.0939477734407319,-2.2086815579037591,2.0758983664244965,-2.1309951541943803,-4.2068935206188769,8.6832344384995963,-1.9839642032895313,-10.667198641789128,4.8055382615449105,-1.8570646920072704,-6.6626029535521809,35.26428262801528,40.233366438877965,-4.9690838108626849,40.449413925584849,-5.1851312975695691,55.408944032213185,67.526223592958559,217.98622142709792,188.63976370341911,118.96100653285544,118.9582031626145,141.08398399924823,137.82585986782215,183.97866688672875,180.16283642395589,237.34811456214675,222.80403115506789,260.47349703209937,254.11636856637318,-5.3718456544517608,0.95145499485234097,-0.41787985081927559,-1.3693348456716166,-2.4727150870668311,0.13717685459764084,2.6098919416644719,-3.2099491313987869,0.11470806616355844,3.3246571975623453,-14.023737407019411,0.23953144315038344,14.263268850169794,-6.1383999750380269,0.48203167412034986,6.6204316491583768,3.0099623557678399,8.7891671324038612,5.5346455540351087,3.3042727042732594,0.43287289706108822,2.5874488715298583,1.5057799819082334,5.2858474978232834,5.7500862112820244,22.706971845519007,4.0167005669743787,10.943938236582937,0.57731836942457204,0.65557087399539116,0.721212358666663
1786,2020,127.57558356400716,42.975196579762553,4,4,22.655530340030669,-5,111.96188210631226,107.58844817844147,4.3734339278707921,107.39829861154431,4.5635834947679541,145.99740254069184,239.48872604293501,513.10904196556658,188.49099536167671,132.58928072837679,132.38576041646175,157.2792535477592,158.09131141796865,188.1790941168733,192.48764292794084,218.69389744475382,226.91745105777329,246.35787950829109,251.30194218143541,1.7970011314491785,-1.083955206817194,-1.0542961459847504,0.029659060832443629,-1.2937500868637528,-2.3048284790236835,-1.0110783921599307,1.5952055110598167,-2.6856427587423752,-4.2808482698021919,5.6442840789012507,-2.5023123545512647,-8.1465964334525154,2.9956687484203144,-1.9268651785261,-4.9225339269464143,83.131243975509278,75.638351605430216,7.4928923700790619,75.31257404533244,7.8186699301768385,96.953222251289844,170.1363472353878,293.43806421008776,189.37371875816535,139.63658552786174,142.64550897770715,162.3777060732877,164.36932446581702,190.01082779317255,196.20529829751715,213.39967011396274,229.15434887006168,241.74460553193325,252.27841305600947,4.1450441688400019,-0.14086516736696808,-3.5782480690981231,-3.437382901731155,-2.0518576139366758,-3.7955469547994767,-1.7436893408628009,2.4290451060511771,-3.6667017450172352,-6.0957468510684123,12.157940049037421,-2.9130323568579684,-15.07097240589539,8.0326054296268978,-2.5229632176715313,-10.555568647298429,28.830638175506465,31.950096746641975,-3.1194585711355103,32.085725265917972,-3.2550870904115072,49.044180398483149,69.3523790422405,219.67097818013281,186.49966885115097,120.20100756185454,121.06943749764785,142.4564093651511,141.13469266641206,180.83878005266504,183.48903297882333,230.91342328395666,221.36756317258912,252.21371653058429,247.92952056682046,-2.5611846051186262,1.8874156693291155,-0.30216894702911645,-2.189584616358232,0.99848821706567037,2.2153846953233938,1.2168964782577234,2.3317414915877634,-0.51201257234262698,-2.8437540639303904,-10.491324966943097,-0.93026824455259316,9.5610567223905036,-4.1247558646591358,0.45619550673654885,4.5809513713956846,2.3480430373908234,6.7062287739586282,0.94309003945022596,-2.0282808366960836,-0.75810752707292295,-3.0503458310023461,0.8338395949913604,0.097303614463413624,6.5136559701361705,22.649265015980518,5.0369366812065834,12.157361294286034,0.57188246592968761,0.6640749805412971,0.71041484936074251
1787,2020,127.82558470757763,42.975196579762553,4,4,22.655530340030669,-3.0476226806640625,127.56043875052819,120.79400040440669,6.7664383461215039,120.49980674645849,7.0606320040697028,160.37452168381787,219.60860435253198,518.54493129625916,189.49000985917957,132.78249108792645,133.2085889948487,158.03736539200551,158.3870023870459,188.3478850551721,192.45253048985415,220.36751013849147,226.92823547371498,248.61560732785819,251.76150464889079,1.9370307711272687,-0.13271889660998681,-0.67737556277418776,-0.54465666616420094,-0.98202834323805632,-1.3402318667793338,-0.35820352354127749,2.5949191686293318,-1.5748516333026146,-4.1697708019319464,5.0139930562522181,-1.4941890605406911,-6.5081821167929093,1.9533402101668287,-1.2019723002838987,-3.1553125104507274,86.673352440353028,78.984410405415474,7.6889420349375541,78.650109430598604,8.0232430097544238,99.953796468901601,152.36457218559872,280.49798306170851,190.34242216142769,139.77844345640531,142.81060417616808,163.00879479062922,165.10792642357458,190.45039617847641,196.28454936288873,214.51414806652255,228.96185266200166,244.16465325670538,252.11426892546083,4.4839587139127275,1.3451821897828893,-1.9968287671511575,-3.3420109569340468,-0.64206681184160175,-2.2583207611444323,-1.6162539493028305,3.7792269385262784,-2.1995257266942474,-5.9787526652205258,12.050037908890829,-1.8880833528023402,-13.938121261693169,6.0029029240159844,-1.7780331936182847,-7.7809361176342691,40.887086212253053,41.809587137970993,-0.92250092571794085,41.849696362185568,-0.96261014993251592,60.420725063420832,67.244032127019636,238.04694787040353,187.80529060752505,122.45279558596258,123.52503611683366,143.92400701947608,144.46019828085312,180.70622962612694,184.14995624955188,231.91507855864225,222.81917731367949,253.50478125793907,251.06819815447477,-2.1279750944991633,1.8604900244627629,-0.57406812856385159,-2.4345581530266145,1.7492142569194584,0.63605071055411599,-1.1131635463653424,3.2400934708869045,-0.50223422491606584,-3.7423276958029703,-9.3952135250578124,-0.2745411196710279,9.1206724053867845,-3.0247048725913714,0.048322581845212653,3.0730274544365841,2.5469279427854588,6.6119338084118908,1.4779010863928761,-0.51530783467987362,0.33996153139645457,-2.3912810687610602,1.1843077698969466,0.53913346763937398,7.0360448526386108,21.445251433948641,4.0495627138491557,9.0276077966073558,0.54093284136539399,0.62325234344868596,0.69380055774596072
1788,2020,128.07558585114811,42.975196579762553,4,4,22.655530340030669,-2.1739120483398438,111.78127476916416,108.95465511529619,2.8266196538679651,108.83176013601769,2.9495146331464639,138.99369459571972,232.99069835217779,506.51277873292565,189.61948106924299,133.77887305914172,132.5231588781979,159.46500455993043,157.82662190503501,188.47047789618645,191.17803049071031,220.42422728693407,225.47015837187593,247.28099147563,250.5128345100058,1.0246067552528757,-1.6533880162229195,-0.51690240980730096,1.1364856064156186,-2.6357165009712276,-1.0136018036763232,1.6221146972949043,1.5709863114857399,-1.2089261888625344,-2.7799125003482743,3.8627915824844479,-1.1156258504412051,-4.978417432925653,2.3555838038616912,-0.87580074727426904,-3.2313845511359602,79.959117730686557,73.917362804088043,6.0417549265985144,73.654678425409656,6.304439305276901,87.80761898291621,168.53806536093543,283.42786373803392,192.04584363076634,146.88395362577864,142.91093296199983,164.38614212730218,164.60902582342607,191.36710794231129,194.77139684958826,216.81141485961601,226.95497934955802,244.14912991148319,250.57028735279741,2.1075697640575015,-5.3408648314425022,-1.65139939437816,3.6894654370643423,-1.8849783423476083,-1.7213518270168606,0.16362651533074768,2.125573898967815,-1.6878232794005044,-3.8133971783683194,8.3419151096208566,-1.3877431767796224,-9.729658286400479,5.0334141446022045,-1.2271429240280156,-6.2605570686302201,31.822157157686888,35.037293373725333,-3.2151362160384451,35.177081679508774,-3.3549245218218857,51.186075981607246,64.452633084374611,223.08491529896855,184.24076666525289,120.25146215986754,121.15959576068489,140.78539117104509,141.04361985169467,178.65448155652152,181.92299437452974,227.83771078581412,221.50316817961988,251.86439704805179,250.39219187621629,-0.48872257378380368,2.0428864101873359,-0.20733324443142465,-2.2502196546187605,1.1364245127257675,0.92982916577466312,-0.20659534695110437,2.8870533636268476,-0.11142732068736905,-2.9984806843142167,-6.5330579763219987,0.036826392646645445,6.5698843689686441,-1.8559390623154002,0.057944195781630015,1.9138832580970302,1.0829630088046258,2.5962923378413052,-3.6874768152195827,-7.3837512416298381,0.75073815862361926,-3.0214028550733758,0.55458758748207515,-0.7614794646590326,4.4791235271364087,14.874973085942855,2.6778303407405133,6.8893532069176047,0.55956705464973067,0.63173814638365777,0.72336821406570151
1789,2020,128.32558699471855,42.975196579762553,4,4,22.655530340030669,-3.2727203369140625,115.53320210948004,113.20253482978296,2.3306672796970815,113.1011989487306,2.4320031607494457,148.37639297087844,228.28841326699694,520.27743040025234,191.18169616293508,134.29125942349441,134.28958992004337,159.98831223064056,159.00702245274604,190.78513047233005,192.69260217976111,222.37925123068143,226.42733106179878,248.13800301911803,250.87003542569383,0.23943026731578243,-0.58194677274173046,-0.7706026008559661,-0.18865582811423565,-2.5579444402564491,-1.4852843746569988,1.0726600655994503,0.22200221930205544,-1.728363703639161,-1.9503659229412165,2.323439126381686,-1.7236212950901688,-4.0470604214718549,1.4442635309132186,-1.2759800823517082,-2.7202436132649268,80.420665923589695,76.33501353624888,4.085652387340815,76.157375841481553,4.2632900821081421,94.182084805225259,165.64332745885622,293.05606484692544,192.87644259568637,146.2699704764577,143.86213379026813,164.59619066114709,165.85257083542152,193.54310306768224,196.71416256091868,218.33980862215236,227.92110211542794,243.80468733787026,250.69242014547885,1.8726678001168295,-4.2637492640900234,-2.27273423290967,1.9910150311803534,-1.7511122088288573,-2.4126815198156066,-0.66156931098674931,0.99667685237085379,-2.3781306161398845,-3.3748074685107383,7.1300432866967469,-2.0799911216710143,-9.2100344083677612,4.7123869621432846,-1.7663175452326243,-6.4787045073759089,35.112536007076415,36.867519031266056,-1.7549830241896416,36.943823142470137,-1.8312871353937226,54.194307797526562,62.645085837943043,227.22136516869068,187.4129486975776,122.96397478222825,123.98404765763829,143.90270328225793,143.56226812166204,180.08069620989642,182.45298075812804,231.85079988559198,221.96674025251011,252.93104195393727,251.28600168484056,-2.4509316643699322,1.7857574178634223,-0.81485829900238116,-2.6006157168658035,0.86707015576314461,0.93618098941524863,0.06911083365210402,2.3328086157316079,-0.30565068132278839,-2.6384592970543963,-10.292272720230841,0.085500924037802406,10.377773644268643,-2.3698902404892408,-0.011788482812136181,2.3581017576771046,1.6332375328010471,4.3235994644867617,-3.681802491348293,-6.0495066819534458,0.80683223142759175,-2.6181823645920019,0.77467463306879836,-1.3361317633607541,4.8066041603150609,17.422316006927588,3.268123431230066,7.0822772026325254,0.56326884028291557,0.63475114146837497,0.7255879748269416
1790,2020,128.57558813828902,42.975196579762553,4,4,22.655530340030669,-2.8947296142578125,125.91012236737151,129.97182934555894,-4.0617069781874306,130.14842450881406,-4.2383021414425457,159.06926008741175,190.75062178320513,492.35649833083153,192.35030392420157,134.04344087790884,135.14711139280897,160.16960679476435,160.02660721915277,191.18446766892123,193.47042894885743,224.22767951957999,227.41306960880971,250.76734056023696,252.52426673515043,0.2800896873905856,0.66761778230252844,-0.61520865817229264,-1.2828264404748211,-1.5086282569721448,-1.3157494126055269,0.19287884436661784,0.70753978648644988,-1.5546081415151605,-2.2621479280016104,1.740482670439178,-1.4157989315632733,-3.1562816020024513,0.54543778097726658,-1.1371490672948141,-1.6825868482720807,82.014914352295818,85.894664084400574,-3.8797497321047558,86.063348942245284,-4.0484345899494656,94.910534054115942,133.88391288093226,263.4954766894225,194.27285573999819,146.2946079478921,145.23109839730196,165.36243955188638,167.5022372034513,194.33432788072358,197.56578125595354,220.36557732747647,228.64489552576387,248.29139836223652,251.74280653581854,1.5872997128300597,-2.5741495492221134,-2.0588459360483853,0.51530361317372808,-0.50309927926755904,-2.2810490870234901,-1.777949807755931,0.85761007994958049,-2.1897321797395932,-3.0473422596891737,6.0699599415630132,-1.9530847960703284,-8.0230447376333416,1.3597372223016748,-1.8481092592930963,-3.2078464815947711,43.895208164087308,44.077164097299828,-0.1819559332125209,44.085075365795092,-0.18986720170778426,64.1587262238736,56.866708956289585,228.86102165281773,188.71578541077028,124.3338904632412,124.91873961840435,144.47737372168049,144.52730533947488,180.19117362622075,183.04456636597089,232.78998849043347,224.40616356349562,255.6894328521559,254.27958797306772,-2.2333504374449262,1.6406873998449356,-0.48819357149956488,-2.1288809713445005,0.88178938336034207,0.41668947973471404,-0.46509990362562803,2.595191461461269,-0.14945756682229216,-2.7446490282835612,-8.9959640345553282,0.31438587914195182,9.31034991369728,-1.4888883920919227,0.24689656608859423,1.7357849581805169,1.3072100254394741,3.8206501502749859,-3.2417673315246418,-4.214836949067049,1.0055289777045857,-1.3848886626279011,0.15007029346313061,-1.7375813815116885,4.3294772711238352,15.065923976118341,0.81429944132440824,2.8486256143935975,0.53517213154028631,0.59666169316410156,0.70187929994323206
1791,2020,128.82558928185949,42.975196579762553,4,4,22.655530340030669,-3.1428604125976562,103.89830154849187,103.90072633841191,-0.0024247899200418033,103.90083010512535,-0.0025285566334787291,135.44013783506853,251.23711153793192,518.7013790756464,191.81612690402451,131.89139473999504,133.27532000347136,157.36026201504046,158.69680936159344,190.01980957601708,193.87553289991769,227.06177523421354,231.02335557070705,252.61248151035744,255.62511141115681,1.2704783330716509,0.6720889603554383,-0.97661270632801234,-1.6487016666834506,-0.24662472933724189,-1.7019757506217275,-1.4553510212844856,2.2123423619619871,-1.7398697568526984,-3.9522121188146855,2.3079066158963712,-1.5985749115108945,-3.9064815274072657,1.5696533375970034,-1.3233974176905008,-2.8930507552875042,76.545932627504953,73.380604551890428,3.165328075614525,73.242982102234237,3.3029505252707168,91.688346915337661,174.43354785339307,304.42130555799304,192.0690789640615,135.880517994982,140.14995455458131,160.84792702815224,162.90184808673948,191.33045676858288,196.74897261495536,223.38190963959596,233.47850189977825,249.51714733126923,256.76201699216693,3.5779326766983104,2.5894192299803649,-2.076542220426461,-4.6659614504068259,-0.51355452807402457,-2.3952615597397084,-1.8817070316656839,3.1743450261841133,-2.2324201614633239,-5.4067651876474372,7.7911387613359011,-2.1604611772872886,-9.9515999386231897,4.9007987616716377,-1.7475593343415596,-6.6483580960131974,27.352368861382274,30.520119938780226,-3.167751077397952,30.657848462697984,-3.3054796013157102,43.751790949533188,76.80356371434118,214.28007380664349,191.25774368780347,122.43286447871326,122.83550989630011,144.83071662749251,147.98736912523384,187.19917287902223,186.97013873750265,237.26108563164397,225.34152631841789,256.3258347983458,252.94839693073834,-3.7411906244647071,1.674425211514361,-0.51898038950494652,-2.1934056010193075,2.8671809563154227,0.13033855421136309,-2.7368424021040596,-1.3557875041009027,-0.90512032811483323,0.45066717598606942,-13.253965718801908,-0.57423989147332577,12.679725827328582,-4.3170060307378719,-0.45396883097450313,3.8630371997633688,2.3074543436266595,7.3191233011630175,1.9173302696249266,0.91499401846600392,-0.26692979873678269,-3.3807354843894473,0.96200266422212621,4.5301325302850159,5.4832321454395299,21.045104480137809,3.3311454240746343,9.2178047924095097,0.5868912592838833,0.67696584174324037,0.69429849270917521
1799,2020,130.82559843042318,42.975196579762553,4,4,22.655530340030669,0.25,98.337155026274559,97.662476402554603,0.67467862371995579,97.633143283783284,0.70401174249127507,119.08007286198699,232.90572577367857,483.2807713970542,192.61530710282639,130.38987757646316,131.57605468697906,154.95386839035598,157.17253359123833,191.97160513583526,195.24906652935366,228.6041841633976,233.3160388817787,256.28943241807406,259.27889968843647,2.9065714992850644,1.3476794807561703,0.060260950606306096,-1.2874185301498642,2.3176459695406209,0.12472231130905698,-2.1929236582315639,3.5632018978118083,0.12151081829588861,-3.4416910795159197,4.7046619218727415,0.13001155262526254,-4.5746503692474789,2.9217588006529809,0.096094091377153745,-2.8256647092758271,73.365084747340006,67.515491529102292,5.8495932182377146,67.261162000773766,6.1039227465662407,81.874580273892207,158.24557192343309,268.49978772070608,191.50408769037449,134.72347710141733,138.6732220199371,157.70690205756938,162.13901526079653,191.52770900414563,199.06664186318568,225.57947007226161,235.13055767285516,250.1946153929855,259.41850235546002,7.425089034998706,4.1542094509786693,0.19917846667112826,-3.9550309843075411,4.4480632447341861,0.19092544701393876,-4.2571377977202474,8.1007632505731522,0.17997371990873035,-7.9207895306644218,9.1556307589040955,0.17781823847536771,-8.9778125204287278,8.8154749405899224,0.13293768928031113,-8.6825372513096113,24.972070398143842,30.146985052268064,-5.1749146541242226,30.371981008827788,-5.3999106106839463,37.205492707304074,74.66015384055936,214.78098399192095,195.00054490526486,121.44517791095825,119.71319759996921,145.05094914255176,143.83352374185517,200.49178037535259,185.03750248805423,241.74188018965114,227.59963511870225,266.5382905108678,258.86077497674955,-7.5507237923550576,-0.16968109123941133,-0.0086798868317288225,0.16100120440768251,-0.16376003093657232,0.009765777887338345,0.17352580882391067,-15.251415226799338,0.017936258892518708,15.269351485691857,-14.751177446085421,-0.020578626902931774,14.730598819182489,-8.2739395812854468,-0.057544402768201053,8.2163951785172458,4.5185175357136416,14.975812827353764,2.8065299702224991,4.3238905422180807,2.1304172751935653,4.6118232756707584,4.5375613527613439,23.35217847737249,4.450968837031354,23.906808204989517,5.8937161399369415,17.089414521875369,0.55557722055552639,0.68755903742840585,0.67944045341850046
1807,2020,82.325376577753403,42.725195436192095,1,10,22.746087902919768,16.045455932617188,97.09102877397163,97.983288223338604,-0.89225944936697488,98.022082674564444,-0.9310539005928149,97.053473867783396,117.59096998087261,255.81458413600922,194.50843138907243,143.53904652490982,142.54971138189316,165.39612278784722,159.89623320395165,197.09003613632356,185.50730842136844,223.69772383468109,211.99293443443884,243.23134435791113,233.30563526843213,0.9254401617463941,5.8653814503038006,6.634453144831383,0.76907169452758239,4.0833228444754752,9.5753703342997767,5.4920474898243015,-1.3080862684707881,10.317192454049689,11.625278722520477,-1.763257557010121,9.9506898974802311,11.713947454490352,-2.1254279893120156,7.7728498934039294,9.898277882715945,38.899591692164904,44.777411075951022,-5.8778193837861181,45.032968475272355,-6.133376783107451,38.897205894006447,69.18537376214681,112.31394048873335,202.87229375697717,162.27557049485148,150.52669913303899,178.57838365672868,164.87291628763126,204.66881900052948,185.67104120711468,225.92120959544036,206.72159202833777,242.64026013247928,223.31740578036684,-1.8218767571115109,3.7674135559265665,15.084228890154208,11.316815334227641,1.6795874721941288,15.04795397955067,13.368366507356541,-4.0527522813568737,15.028193384425293,19.080945665782167,-4.5968548940409164,14.73588121260633,19.332736106647246,-5.6900450547858554,13.902927742117242,19.592972796903098,58.191437186114854,53.205878064825811,4.9855591212890431,52.989114513570712,5.2023226725441418,58.156268077407731,48.405596243786931,143.5006437599659,186.02521056861377,134.36074761183949,135.60518144162603,149.34845844712896,151.3179073996042,184.20419170652389,185.1238202523196,220.78700875765975,221.71221117416354,244.13674875372914,242.40151944259969,2.7906208650918529,4.5880640161117014,2.8988337883962743,-1.6892302277154272,4.7849827701854224,2.353854153435293,-2.4311286167501294,0.66293496844488686,-0.071273628484846085,-0.73420859692973295,1.8359245547069634,1.2359877348353052,-0.59993681987165814,1.5570849504713635,3.5011734767069811,1.9440885262356176,-2.747316918857905,-4.6124976222033638,-2.0979678943772342,-0.82065046018513499,-2.4037353722813464,-3.1053952979912935,-2.7446660128860856,-4.7156872498017606,-2.8335973370307954,-6.4327794487478798,-3.5646170654738398,-7.247130005257219,0.43904432137074434,0.40078118117643446,0.58835617882393965
1808,2020,82.575377721323861,42.725195436192095,1,10,22.746087902919768,17.636367797851562,101.86100084452846,100.88586179296908,0.97513905155938119,100.84346362504584,1.0175372194826195,100.01397827301298,122.861032831599,269.78148504532874,193.89330445776278,140.93856656703463,141.27333369182543,164.95085716069707,158.4530483530678,196.20010703869326,184.04003679322813,223.60246402868196,210.68382643509514,243.12455445058899,231.76449353352106,1.1452141472863389,8.2070015004940444,7.5709549414997639,-0.63604655899428053,4.4854337926171013,10.967714619694732,6.4822808270776306,-0.69278677674205369,11.561532064903759,12.254318841645812,-2.0016866914214688,10.88395835792474,12.885645049346209,-2.6091966535881284,8.7267247013487577,11.335921354936886,43.570857776265257,46.49103385736089,-2.920176081095633,46.617997391897006,-3.0471396156317496,43.570857776265257,74.837640746200123,125.63693230506033,201.82432346225701,159.62265698372047,148.1284822028949,177.12771400915912,162.81242366113142,203.42495583814139,184.27676658560728,226.25008425064658,205.99835274490343,243.90805729420725,223.28331115086741,-1.0679364851133073,5.2453146697484669,16.419478592445842,11.174163922697375,2.402458257150613,16.5200399008109,14.117581643660287,-2.9901142532074516,16.271545387671438,19.261659640878889,-4.5865372934206903,15.725866437955972,20.312403731376662,-6.257366902075745,14.594697738572592,20.852064640648337,58.290143074782463,54.394827783125038,3.8953152916574254,54.22546638334552,4.0646766914369437,56.443120503266982,48.023392115201204,144.14455279894173,184.90382039343817,132.92320389613269,134.19936488626377,148.62194719670222,150.73689349036135,182.49904187132793,183.4844869230279,219.90746172234017,219.5179976818373,241.30781464913321,240.59237825332937,2.919521282862803,4.7895738638844705,2.8236043387865095,-1.965969525097961,5.7723879575280534,2.7735264193477462,-2.9988615381803072,2.0441355901669738,1.3951375002152702,-0.64899808995170361,0.84759954637712553,1.7306115130795376,0.88301196670241211,2.5971656322565195,3.6844415920289748,1.0872759597724553,-2.2131506323996462,-3.9874577679761103,-2.9616868307455775,0.45574080586399646,-2.0829755354664883,-3.3699297003774404,-2.2973274764653979,-5.0342498433744254,-2.5848506019992215,-5.4341368397978158,-3.6481702484876166,-8.8545325343322645,0.46569886841549107,0.4356476817403242,0.60912430102046478
1809,2020,83.575382295605721,42.725195436192095,1,10,22.746087902919768,12.899993896484375,100.89139756560326,101.19522726535797,-0.30382969975471497,101.20843660831451,-0.31703904271125793,105.30706569721588,98.418158887325262,271.99740477465093,193.72285623978681,144.14151139770647,143.84181807392466,164.59350472843423,162.60650564180054,195.36687749282146,188.5405204695266,221.488442476969,214.31586931091576,242.32954071613733,236.93134141704439,1.2159082695622772,2.4732790244344187,2.5542639348113596,0.080984910376940888,3.1293526316805753,5.0439027218023966,1.9145500901218213,0.24736465300313171,7.1522390884280469,6.9048744354249152,0.12215469103941246,7.3001781939859427,7.1780235029465302,-0.084929102325105532,5.1440831737607482,5.2290122760858537,44.593699902296066,41.133065321482718,3.4606345808133483,40.982602861709893,3.6110970405861735,44.782144205840268,55.674451238908659,105.76565673016012,200.22549443826469,159.31675826360726,155.27379810330905,177.45882784465601,170.59474413752986,200.24069228821995,190.19228703234953,221.08413150261995,209.52972416307293,239.88298397922412,226.54669239033316,1.9447844614823282,8.2414735227618792,11.842966092016127,3.6014925692542477,5.1359161281592662,12.072030694403793,6.9361145662445267,1.9203330314232971,12.059926848038771,10.139593816615474,0.065103467614306965,11.643601715940832,11.578498248326525,-2.9348270845402453,10.604060612711322,13.538887697251567,56.297697529196739,60.062161505222321,-3.7644639760255814,60.225833535194397,-3.9281360059976578,60.524921354284743,42.743707603713119,166.23174783214927,187.39728673397192,136.11628962723097,137.73829006372893,150.59126214978207,152.74692721346591,183.11921555813666,185.10232883560855,222.13471643561573,221.65789766864933,244.97063290875641,244.11811350586072,1.1585326554212543,2.650509820721112,0.75571533679200797,-1.894794483929104,2.6986943041900986,0.020733645908677545,-2.677960658281421,0.79052390813973261,-1.3474697093064378,-2.1379936174461704,0.13407073981721851,0.67214267001892836,0.53807193020170985,1.4861264254672051,2.7097254656735572,1.2235990402063521,0.72887619192005104,0.78625180606107392,5.7681944983274605,5.5909637020407672,2.0065634964786909,2.4372218239691676,1.6729683784201654,1.1298091232835645,-0.057051223425105491,-0.068967272202911545,-2.8498979822151398,-4.4209535100074504,0.38884803631779746,0.42525298667612788,0.56569287485501485
1810,2020,83.825383439176179,42.725195436192095,1,10,22.746087902919768,15.666671752929688,134.60713561051671,130.51963547333435,4.08750013718236,130.3419162222126,4.2652193883041036,135.07424841500688,116.91367264116707,344.09174080565572,192.00290752525657,139.32897352517321,138.27606420988286,160.5718868440477,157.88446001635,192.3813377581935,185.83086874799781,221.74405298466777,214.19842594330106,243.40718691576811,238.46650772746813,0.90291966238635268,1.4368654837059012,2.4016560910172302,0.96479060731132904,2.3420742794435512,5.0000220935254163,2.6579478140818651,1.1217891047481885,7.8683986693947361,6.7466095646465476,0.19823707796930989,7.7835768574555573,7.5853397794862474,0.76494975246845343,5.6916701783446797,4.9267204258762263,66.202939931339642,46.258211632950406,19.944728298389236,45.391049135956564,20.811890795383079,66.322452741902907,64.735354448646831,137.79713932750747,195.47581066769442,151.59042991650028,149.51192234930645,168.467789066379,166.54342146352485,196.64102261850238,187.6306012892608,220.61963048622655,209.29557685384054,240.41366725095486,229.12914675531297,6.3035327129962297,12.140812022880112,13.651681640019461,1.510869617139349,12.212858517462024,14.122269028529161,1.9094105110671364,5.1983591542823149,14.358329875228719,9.1599707209464043,1.900007010393125,13.517154429584593,11.617147419191468,0.21137953632918993,11.559870081540197,11.348490545211007,68.404195865441579,84.26142287996845,-15.85722701452687,84.950867946798098,-16.546672081356519,68.751795869302441,52.178318214871979,206.29460183158517,188.23915447833457,132.39888275049893,133.29438041866686,148.84701731430309,149.33009795781484,186.86154332858112,182.80623753083063,223.34601668216195,220.04637230844435,246.27147693604894,244.55578299886795,-1.9251321347180976,2.0020157142694472,0.99846956162187439,-1.0035461526475729,0.94937895204594724,0.36376438915846165,-0.58561456288748559,-5.0446511303483135,-1.0259128143370333,4.0187383160112802,-2.5396440449114266,0.87837413960937738,3.418018184520804,0.34162958572454727,2.1705468185152768,1.8289172327907295,5.4006130506098771,8.2286648477143274,10.703946539174211,10.138796308610665,9.8707842380184729,11.263479565416077,4.0765700495341264,10.243010284630628,1.7017699324238151,4.4396510553045516,-0.55357021613926349,-0.13025004939535734,0.40046627973362431,0.49100737942388151,0.55370217174969261
1811,2020,84.075384582746636,42.725195436192095,1,10,22.746087902919768,15,137.20261976122856,142.33545622229576,-5.1328364610671997,142.55862468481064,-5.356004923582077,138.476363748312,108.8382302669379,336.89897866360843,194.76238815379969,140.96287870368892,140.69945386037102,164.40766293983987,159.92832296672316,195.70703351339557,187.07145568018601,224.87447833121013,215.19811423908695,246.25286902275417,239.34132315108562,-0.29988307495187883,2.1238673102121197,2.2879919330538883,0.16412462284176854,0.67708518817357799,5.1594406732719449,4.4823554850983669,-0.93770014779832422,7.7867571797552841,8.7244573275536084,-1.8243533182679528,7.8736902529672363,9.6980435712351891,-1.2241836905344883,5.7985963811663908,7.022780071700879,63.787675973027945,62.928517580032349,0.85915839299559593,62.891163252294064,0.896512720733881,63.997759442776442,67.34689181498652,137.9653587534558,201.7535120658367,153.99333300329181,150.28323228630887,175.08905266189558,166.88322231007658,204.17255576651374,188.35359879201687,228.65877784737853,210.38076749171395,246.64657648219935,229.16158847651408,0.21609216625216732,9.4015969355116056,12.587258095183984,3.1856611596723781,5.3915115886791511,13.396172331555533,8.0046607428763821,-1.9732784946218374,13.618410641303257,15.591689135925094,-5.4039671655046106,13.072213875682593,18.476181041187203,-6.1022393282262044,11.73656399086542,17.838803319091625,73.414944052696228,79.406938798725605,-5.991994746029377,79.66746062785387,-6.2525165751576424,74.478604555130005,41.491338407247895,198.93362022005022,186.84441627958432,133.72031305925097,135.0515624404149,149.20339499490785,150.63870842449904,183.46661739094975,184.42519104676424,219.56671948613197,223.26500117531305,245.3744624633506,247.39820023615309,0.57974074379276885,2.0943577449036752,0.60870350329403777,-1.4856542416096374,1.1681678972020677,-0.37445991288484493,-1.5426278100869126,-1.5272222098441546,-2.5348337516039408,-1.0076115417597862,2.6263115669870842,-0.87004258099813114,-3.4963541479852154,3.6178427621389062,1.7337360042187981,-1.8841067579201081,0.51597524120404614,-0.36364857754060154,7.2777296252994859,7.3072391906079304,4.7144264005055732,4.2233436914770834,-1.0355783468235131,-0.44605628477768278,-3.5796138472366579,-8.0302787324916949,-4.8780556376917161,-9.7200820903651106,0.40951551500906558,0.46215655661709676,0.61877973989296553
1812,2020,84.325385726317108,42.725195436192095,1,10,22.746087902919768,14.083328247070312,137.79224947094917,146.45826694369316,-8.666017472743988,146.83505222201347,-9.0428027510643005,140.81201730199791,107.23855708801057,347.43491305358475,195.930467938769,145.19752841084721,143.54884400318682,167.04162375583093,161.63215081233224,196.12872361985245,188.26802154815695,224.52223444941063,216.27968136135974,245.73374490820919,240.01393383434376,-0.51355575960229771,0.40243059835052009,1.9167442843869367,1.5143136860364166,-0.38740382621585923,4.9923029121570153,5.3797067383728745,-0.84667234460621899,7.0412126509764619,7.8878849955826809,-1.0232049851024101,7.1894132673409388,8.2126182524433489,-0.48350261444210219,5.3369210170116048,5.820423631453707,68.857053678482771,69.897757478058338,-1.0407037995755672,69.943006664514542,-1.0859529860317707,69.07114739343524,66.223155948411659,141.22460899385624,201.71351903050359,156.10315960295577,150.89261733934669,175.25785442629902,166.74172669497733,203.41117074467775,188.62906298874111,226.90833168676537,211.0636533091257,245.82246752393485,229.91181988016208,-0.083291097741835074,7.3217434895102258,11.997807748317172,4.6760642588069459,4.2734506749065702,12.648610548062692,8.3751598731561216,-1.9147822896758555,12.660049459908066,14.574831749583922,-3.6914393722697127,12.19032428238225,15.881763654651962,-5.0075803197623827,10.884313160507361,15.891893480269744,68.935195714235306,76.560509122908115,-7.6253134086728096,76.892044812440872,-7.9568490982055664,71.740869860133898,41.015401184302391,206.21030405856436,188.99148486819536,137.65087279974753,137.59960288972914,153.05880938888069,153.82454536665159,184.65365638832239,187.50072581474217,221.06877293416281,225.20977630744326,245.54218714695367,248.67897029453187,0.11578715537817175,0.3337260712004877,0.23793819009853223,-0.095787881101955463,-0.93128136919736448,-2.1853227605754739,-1.2540413913781094,-0.731898719865967,-3.3624935239004117,-2.6305948040344447,2.558879716135948,-1.3876574261728649,-3.9465371423088129,3.9816487258877089,0.9898910852277254,-2.9917576406599835,0.43026466186046264,-0.19907825312000682,6.9193128911597057,6.9880174183097381,4.6608545011224294,5.2047320441039346,-1.0681099450696365,-1.1828835698098885,-2.6682343871673027,-6.2503190884056608,-4.5240777053202805,-8.9892290456500916,0.40647788603811158,0.49052026039296875,0.61753121029092539
1813,2020,84.575386869887566,42.725195436192095,1,10,22.746087902919768,12.416671752929688,140.65465458444669,147.87118060477951,-7.2165260203328216,148.18494042663951,-7.5302858421928249,148.09076789777464,131.81510659345076,359.68522332049906,191.6202212101781,134.76790137994058,134.74618984189755,159.11644815896051,155.3100949674436,192.4018951878023,184.39108499649674,222.58738011351537,213.97092276350023,245.79552183442414,239.00855284713802,-0.49127315061147669,1.9160481814513162,2.1292681048143436,0.21321992336302742,1.7754714517903381,5.4716778814032523,3.6962064296129142,-1.0139775567340621,6.9884794938986943,8.0024570506327564,-1.4508022056203913,7.1495172172903381,8.6003194229107294,-1.4592786704753848,5.3958111310484469,6.8550898015238317,60.966125441147597,66.683535547615975,-5.7174101064683782,66.932119522172798,-5.965994081025201,61.412860823227675,84.919286797390669,151.23591249278979,202.72231527868209,156.33986219818911,150.95697132155755,177.07485395741597,166.22969614714842,204.19878399222836,188.18898623880682,228.23042697653523,210.53016913772163,247.35208593925958,229.39088377438594,-2.1481533492610367,6.6194112635116937,11.974395024991679,5.3549837614799856,1.0166162328579844,11.961394775329182,10.944778542471198,-4.229403414043901,11.720937031385148,15.950340445429049,-6.3816870819480016,11.364754212019648,17.746441293967649,-7.7411686509345827,10.357380960399922,18.098549611334505,79.688529135848512,81.187641017087117,-1.4991118812386048,81.252820867523951,-1.5642917316754392,86.677907067096385,46.895819818411837,208.44931092299521,179.457700121013,126.66103863121737,126.08513818231297,140.82001388270771,139.18147418882134,174.72412293135002,175.1526350749983,215.25993512887001,221.38419295230057,242.82706688571548,248.28509109521715,1.5291054209957053,1.2442011087440648,1.4299497230143885,0.18574861427032374,0.87326603681739812,2.5494530709294168,1.6761870341120186,-3.1335827040896618,-3.687768729991916,-0.55418602590225419,3.9731221345219296,-1.8757971009194421,-5.8489192354413717,6.4231628117008768,1.1610429616516456,-5.2621198500492312,-1.65688019864956,-3.6772587702567421,4.7033630820603776,5.375210154767629,-0.75885521893235364,0.1433501960405863,-3.2154258573098389,-1.0958207099542392,-4.9308848763276103,-10.354809216469931,-6.2818899804591979,-14.16433146263546,0.42046740507332542,0.41469742979265439,0.64423030858899966
1824,2020,114.5755240983431,42.725195436192095,3,10,22.746087902919768,-5.578948974609375,103.0789546280721,109.22364165297404,-6.1446870249019412,109.49080036762825,-6.4118457395561563,131.95144824495401,93.251728551513224,351.0288741113618,201.94913588467293,152.15595312905788,149.19864731620464,177.12760647333204,173.89679569983738,202.89976790737319,204.18952431648609,226.4520279362996,232.40362235923698,248.40677713585643,254.92660048769898,-0.30969165063623905,-2.4691494938133189,-0.069743302235451665,2.3994061915778673,-4.6222227691056901,-1.1971978823112295,3.4250248867944606,-0.83299238383835927,-2.2128797935320108,-1.3798874096936515,3.7794959430746076,-1.8607656215901898,-5.6402615646647973,4.9802136264511603,-0.97566404975236765,-5.9558776762035279,28.445671960711479,37.627792875409796,-9.1821209146983165,38.027015019179089,-9.5813430584676098,37.251507793233941,31.188152641057968,98.282397881615907,203.14449233755585,148.9667439618261,152.1630559688916,170.91797527442236,176.72871372354885,206.06018748961307,207.0845086159606,229.84816677064239,232.60860759961014,254.61837319288071,251.61952685763595,-1.4012202368121791,1.6112945276715891,-2.6155390336542155,-4.2268335613258046,3.0563419885901055,-2.8734521017478869,-5.9297940903379924,-2.8795910378055112,-3.2676818266621126,-0.38809078885660142,-1.2098847431460626,-3.6215243084293149,-2.4116395652832523,-6.2379494052346161,-2.9798933022273673,3.2580561030072488,74.63328169878514,71.595848554830809,3.0374331439543312,71.463786093507224,3.1694956052779162,94.699939557650396,62.063575999862223,252.74647565279156,201.42726842590264,152.49610558046405,146.88068748738547,180.98288064610711,172.81698378984217,199.61925288129407,202.67238833742971,225.28788559121438,232.26316491804062,244.97226178097358,257.05438941856619,0.27404324045912176,-2.3152882627567806,2.0033201824798539,4.3186084452366345,-8.8734421449509284,-0.7562180293262486,8.1172241156246798,2.0205734157756012,-1.5492845627422298,-3.569857978517831,4.9860189422884105,-0.75164829484231177,-5.7376672371307222,9.874140537406106,-0.81132406288895709,-10.685464600295063,-1.0915285861759401,-1.6752634772713009,4.080444021484908,3.9265827904283697,7.6785647576957956,11.929784133541034,-2.0465986539671519,-4.9001644535811124,-4.9893806862206702,-6.1959036854344731,-11.218163031685776,-16.112089942640722,0.27998379942510487,0.2823122314207604,0.33445120133970824
1825,2020,114.82552524191357,42.725195436192095,3,10,22.746087902919768,-4.0476226806640625,138.48160435321188,137.19113805914094,1.2904662940709386,137.13503321981261,1.3465711333992658,169.47599061304027,92.79220922186505,393.95835521537811,194.83846091240909,144.0241337653375,144.6862837063276,161.28351942881687,168.0804135312479,194.10714415445432,200.83204558965082,222.89944282849842,229.4323931199736,248.55315720055896,252.30198330726617,2.8217530574712555,0.19218871220525102,-0.90830719404434035,-1.1004959062495914,5.4634174447739099,-1.2855681532224139,-6.7489855979963238,3.8939339084696769,-2.028836300717785,-5.9227702091874619,4.4849362130709096,-1.9133711842354728,-6.3983073973063824,2.4016793437365322,-0.92339352626669324,-3.3250728700032255,68.094725360977463,70.922701271134429,-2.8279759101569653,71.045655101137527,-2.9509297401600634,80.84807836469281,43.358457770738823,147.87045011669397,196.31714278038186,145.9843990153251,152.44778198450811,165.13732324729531,178.90406378216113,198.6512928055719,206.83204420036978,220.37272641321874,228.25932077492448,250.56989699656586,245.9203578441477,3.5994230002381187,4.7954058312651568,-2.3464605649959083,-7.1418663962610651,8.8573746847904999,-2.4265553099015449,-11.283929994692045,4.578594485320707,-3.0908272305061644,-7.6694217158268714,4.4578671655442861,-3.1407740232865251,-7.5986411888308112,-7.7213330448350064,-2.9271263647766261,4.7942066800583802,70.386879080710059,66.268440389829266,4.1184386908807937,66.089377701442572,4.2975013792674872,88.627912515637036,49.433751702583322,246.08790553826839,193.50817158051177,142.88004668899603,138.56545890003099,159.66203583183969,159.85951696947839,191.77355267848395,189.92094342868694,224.9696283122388,231.48869637160192,246.18748880544896,258.14604327135953,1.5784532736042536,-3.4587880259367125,-0.47928038575778942,2.9795076401789231,0.018607967727433561,-0.37172660967152638,-0.39033457739895994,-1.3628490740699419,-0.2464767402236987,1.1163723338462432,5.3529755604965601,0.37065476989911872,-4.9823207905974414,9.8192683861662147,-0.82230553605916157,-10.641573922225376,0.77766994276686319,2.0209697266338651,4.6032171190599058,8.2541938572018694,3.39395724001659,8.8387667170630664,0.6846605768510301,5.9414435593906489,-0.027069047526623535,-0.89510839495227401,-10.123012388571539,-17.540601431001221,0.3753453839958612,0.477047386312619,0.46726398837071842
1826,2020,115.07552638548404,42.725195436192095,3,10,22.746087902919768,-12.888885498046875,113.99890324649459,106.29001815695665,7.7088850895379437,105.95485065685352,8.0440525896410691,148.53615871944021,107.38338241030397,371.29271827684715,196.43877759252064,146.15232573224461,144.33163513912004,166.08006760999567,170.88669020481436,197.30222510854341,203.79876802985126,224.18297509278995,232.45662272429189,245.90310040688735,253.5408411943647,0.38313111648815834,-3.5657795360820899,-2.461542248979157,1.1042372871029329,1.3508200745163776,-3.8940279613744906,-5.2448480358908682,0.2297322810183573,-5.8529876616621834,-6.0827199426805407,2.3041766529666745,-5.8051609696533433,-8.1093376226200178,3.6992532954304522,-3.391695845571661,-7.0909491410021133,25.438306263095001,37.65244927704407,-12.214143013949069,38.183499005157501,-12.7451927420625,36.327604504838746,33.517883794449517,87.311121591454139,198.30757952588689,143.08733035950709,153.91220349410779,163.59389257066212,179.50277950082904,205.13439279678991,209.8557545025489,228.49681966318661,234.5234818324669,252.81464361227395,252.09320778743438,-0.37918382916143401,3.5901851132786931,-7.7892416428141189,-11.379426756092812,7.1134705873224675,-7.5045589942436379,-14.618029581566105,-4.567399209739591,-9.5889741548461132,-5.0215749451065221,-3.9457508838083015,-9.5461701222921533,-5.6004192384838518,-9.3135295213200209,-8.3026817896128193,1.0108477317072015,88.560597020652494,68.637570088561915,19.923026932090579,67.77135138016456,20.789245640487934,112.20855428538198,73.865498513408966,283.98159649502486,195.73729672058974,147.19788264704192,141.08334171494437,171.30845885899103,166.20731465876347,195.44223801360687,199.09900259552484,222.38336371327583,230.42878269462554,244.03652021560103,254.63265894905058,0.34216988485002275,-5.8991860383397068,-2.0340599650845377,3.8651260732551691,-5.219786517122003,-1.160014583112968,4.059771934009035,0.51652909299997418,-2.6826333214055467,-3.1991624144055208,4.4958076267302829,-2.4925432814370652,-6.9883509081673481,7.7923220908027702,-1.1795646973728253,-8.9718867881755955,-0.76231494564959235,-0.72135371401145676,7.1559646493607829,9.4893711516183998,5.7626505128060899,12.333257104444471,-4.7971314907579483,-5.0839283027395652,-6.249927536774976,-8.4415585105385844,-13.012782816750473,-17.105851612122791,0.23515441400698925,0.24457078207775301,0.31213287421307107
1827,2020,115.32552752905448,42.725195436192095,3,10,22.746087902919768,-4.8947296142578125,130.6938261087671,127.13359004072481,3.5602360680422862,126.97879622953042,3.7150298792366812,151.32941785386492,121.03774078096103,385.60674540488981,194.89748570729824,141.30456179880758,136.32538468217075,161.27729860066975,163.70633505260545,196.12814881486628,198.39781950500316,225.68183749934943,228.3723495668286,250.73144967978277,252.23791696815533,-0.41345456910212874,-5.6978315477629735,-1.2589535517176103,4.4388779960453633,0.96878371852341161,-1.4442995385344659,-2.4130832570578775,-0.50943065759381057,-2.231839390452393,-1.7224087328585824,0.39655391024359687,-2.112528926501966,-2.5090828367455629,0.16438709132449958,-1.1851159378744853,-1.3495030291989849,39.582970187067986,49.204146529110403,-9.6211763420424177,49.622458248993098,-10.039488061925113,51.665993034928761,43.415897145867348,110.2593371324474,189.84814035465092,133.29235725808772,145.38501574925579,155.51682860320619,171.22265228632497,187.45384584111451,204.11849758340517,222.35500772275515,228.93852019550732,251.02597601981131,248.46296759768936,6.7045218720716377,9.6618829014524863,-3.2863575887407137,-12.9482404901932,11.540158175253367,-3.0604918185359509,-14.600649993789318,11.925581316450945,-3.9656264882987386,-15.891207804749683,2.8247395018268833,-3.8218000093426951,-6.6465395111695784,-6.0744988761910008,-3.3318796162855904,2.7426192599054104,91.110855847193307,77.92944306771642,13.181412779476886,77.356337924069521,13.754517923123785,99.663424818936164,77.621843560587877,275.34740831074305,197.60555789824383,144.51898049218644,133.00346655544666,164.67508975287018,158.87277487026824,197.87565548296061,193.28212865236117,226.67506600713622,227.74084139638941,250.30351497546263,254.85046146722891,-4.4675226714955159,-10.280850501168118,-0.91224942135104925,9.3686010798170685,-4.7404531633397653,0.049503219149642064,4.7899563824894074,-5.8982700756350539,-0.8348132232103751,5.0634568524246788,-0.6814783287775299,-0.42365993406173175,0.25781839471579815,3.9335735680537312,-0.0036207956844975797,-3.9371943637382287,7.1179764411737665,11.172044543567154,15.35971444921546,19.942733402620604,10.571374456729956,16.280611338593133,12.435011974044755,17.823851392085999,2.4281855915832864,3.5062178306044132,-6.2388859675155004,-10.008072444244732,0.28593726236991607,0.34141407379774191,0.35869718705701892
1828,2020,115.57552867262496,42.725195436192095,3,10,22.746087902919768,-2.649993896484375,132.08590157887738,147.57461882092321,-15.488717242045823,148.24804194825265,-16.162140369375265,160.71934465841332,113.83874678339998,408.17471071332693,192.96854243865607,136.93082947856252,137.30371450489227,157.5185990582271,161.54575196123051,193.09783192904547,195.33348257883284,225.39442238596286,226.37575152939812,249.77210277638778,250.25054262153446,0.56450625089541973,0.10773981038499869,-0.64597442196861721,-0.7537142323536159,3.0546533457812188,-0.63796643715377854,-3.6926197829349974,0.74289005237992001,-1.1574488200827204,-1.9003388724626404,-0.078000563543525914,-1.0093915710410215,-0.93139100749749559,-0.28118954431658949,-0.71991995558664712,-0.43873041127005763,30.860509786882176,52.89283807350148,-22.032328286619304,53.850766417368504,-22.990256630486329,39.783784933977586,34.048912255184405,86.219016212387942,191.84192360538225,134.869675617399,146.40047761935548,157.20052093842671,172.37898735787093,193.08893066151489,201.73036207837455,221.45831261640797,226.72777173533441,251.15905463361383,246.11803635506064,4.916690801214628,10.381000622146502,-1.5625370425785832,-11.943537664725085,11.384310268327397,-1.5914309714319756,-12.975741239759373,6.0994188693328226,-2.1163054825095742,-8.2157243518423968,2.8231915143020103,-2.0563010773478823,-4.8794925916498926,-6.8105650034572989,-1.9251873232338426,4.8853776802234563,101.22539147709176,94.681781516319461,6.5436099607723008,94.39727632958602,6.8281151475057413,120.93555936110351,79.789834544048063,321.95569414645433,193.3829460229928,138.63644508562845,134.3286846255136,158.20713511540217,156.37469492723613,193.10362192602156,189.83280944572519,226.6993370897049,225.99233763171648,248.70130493206074,252.66195932167648,-1.7951619353153774,-3.6874520105021986,-0.8167547248632161,2.8706972856389825,-1.7466145892767315,-0.17755042058564641,1.5690641686910851,-3.9605789943161938,-0.485521970364033,3.4750570239521608,-1.9191179727218071,0.021629441788661552,1.9407474145104686,3.1926176547477496,-0.015283494879753334,-3.2079011496275029,4.3521845503192083,6.7118527365300054,10.273260811761503,14.0684526326487,8.3296569225461781,13.130924857604128,5.3565288169529026,10.059997863649016,2.9011920778455362,4.7423094870238174,-6.5293754591407094,-10.003182658205048,0.21123066654891828,0.24753575880073742,0.29909774323121269
1829,2020,115.82552981619543,42.725195436192095,3,10,22.746087902919768,-8.4761962890625,111.50159706331033,127.44485503321266,-15.943257969902334,128.13804125521347,-16.636444191903138,144.55074963939842,115.9271846385127,391.13075696490705,198.36663383722447,143.78055805940204,142.51390368412333,166.41336133341824,167.48904261352504,202.27205375624848,200.06853586457939,226.94563748631441,229.94517728130572,248.81900014670387,251.85712908496919,-2.4225056528063647,-1.9136626795541076,-1.0835286843276606,0.83013399522644704,-1.3355249887397065,-2.1683896770847468,-0.83286468834504035,-6.0325925789790915,-3.7424072494964662,2.2901853294826253,-0.53771211246962025,-3.3489138253148383,-2.811201712845218,0.54269803010910778,-2.5000908828326089,-3.0427889129417167,43.037461987521965,58.713191656972413,-15.675729669450448,59.394745202896956,-16.357283215374991,52.584582055496867,51.248115557550591,121.99886212334968,201.53505622316936,149.51913057820377,150.58808612788891,180.36345374924738,174.67796367765789,207.43177024132726,205.26478777582898,223.78317066111745,231.64234933015001,242.53627035136373,251.69934439256087,-3.6863441258052205,-2.690486349083784,-4.3275544949533185,-1.6370681458695344,-11.368597586453433,-4.0712672752406149,7.2973303112128178,-8.0094087140462022,-5.8139785869333025,2.1954301271128998,2.887789175200794,-5.6824170822910389,-8.570206257491833,3.689141143078956,-4.658309338033888,-8.347450481112844,68.464134761466994,68.731664500211991,-0.2675297387449973,68.743296052316509,-0.27916129084951535,91.966167204387602,64.679069177819656,269.13189456053078,196.26643703181344,143.06902710841615,138.70990265783485,161.64963128144194,161.18295522091023,196.31410891143895,193.75999238221598,229.39030730322716,227.79996704908584,250.8627217307035,252.05460891432656,-2.1365401966261288,-3.033638824256542,-1.2750505903718192,1.7585882338847227,-0.5860162907116262,0.78470873036454236,1.3707250210761686,-3.2741776579056534,-1.1851071135920677,2.0890705443135857,-4.1020522566950035,-0.46839867605072527,3.6336535806442782,0.047594576850855219,-0.16742171460722943,-0.21501629145808465,-1.2638384729988559,-1.5498039291790917,-0.77682366952967641,0.34315247517275793,-10.033072597713726,-10.782581295741807,-1.9768161350671107,-4.7352310561405488,3.4255012876704143,6.9898414318957975,3.1464431129698482,3.6415465662281008,0.31191324116271335,0.36377937981419178,0.44207159621234537
1830,2020,116.07553095976587,42.725195436192095,3,10,22.746087902919768,-0.695648193359375,120.6571549719738,137.04979395312694,-16.392638981153141,137.76251719328866,-17.105362221314863,140.03109864087128,109.45209899537258,377.45896019041538,198.2901253867345,144.16308099701837,143.26471502273657,166.7979383106169,167.17852663414618,201.42048437426004,197.33301928653802,227.20669591755765,227.23345876398653,249.05293179353072,249.51879091356756,-1.4589920749913006,-0.63397753361695663,0.018654729805376746,0.65263226342233338,0.036738985339411556,-0.18927384399458447,-0.22601282933399602,-4.6032684629878986,-0.31273860703339551,4.2905298559545031,-0.39139952793925659,-0.31523857559207613,0.076160952347180455,0.32626544792722711,-0.23023905641929332,-0.55650450434652043,37.115001171056065,63.464674421964446,-26.349673250908381,64.610312474986131,-27.495311303930066,46.249161692030611,39.434559577333857,110.71330587286502,197.84289563490518,140.12682366294385,147.63762021261104,167.52572848344602,171.93694546177616,205.72563976002442,200.10493212023712,223.05866200219936,226.83697457428019,246.24947626416679,247.64496019421199,0.56445762701093827,7.5908348328883335,-0.23549642187839481,-7.8263312547667283,2.4335143551446095,-0.4115924984062076,-2.845106853550817,-5.9051135212271504,-0.49269503502739553,5.4124184861997549,3.8484721674599598,-0.47670364576069346,-4.3251758132206533,0.21784961352372534,-0.37288795470010427,-0.59073756822382961,83.542153823269473,73.58511901285965,9.957034810409823,73.152204739035369,10.389949084234104,93.781937172358084,70.017539313730595,266.74565444886684,198.52407170695281,145.18110680820365,138.98847447746343,165.95421017871294,164.36715072823895,198.4669157988065,194.20163218714495,229.74602941770135,227.6557412005852,249.68959418705305,251.48012763981887,-3.3585131488477202,-3.4699785310400273,0.1756832183155268,3.6456617493555541,-2.3352845574122227,-0.12773237240460844,2.2075521850076143,-4.3492032085954975,-0.024353692978650088,4.3248495156168474,-4.5397499305955478,-0.17191642740826296,4.3678335031872848,0.88101130741401334,0.090262499144330377,-0.79074880826968297,2.0234497020022388,3.9229707758586585,8.2248123665052901,11.060813363928361,2.3967753698051979,4.7687989125568322,-1.3018450582392518,-1.5559103126316529,4.2398716953992164,8.3882220980555076,-0.10841583440350178,-0.66316169389028801,0.2933121678102803,0.33027778929766777,0.36029057404372916
1831,2020,116.32553210333634,42.725195436192095,3,10,22.746087902919768,-0.619049072265625,126.71988185324881,142.46938900295208,-15.749507149703277,143.15415054556797,-16.434268692319165,146.01179747525021,134.67237074216609,407.36597969196737,196.47359879237987,140.88713807540515,136.66546650627444,161.2883668633547,164.07354949970008,199.95427053999924,196.0916167870673,227.65127485423037,227.1089873812048,252.50691051364046,250.2116797337178,-1.4845471505304602,-3.1633840772068709,-0.11588811219908735,3.0474959650077835,2.168813426032159,-0.21361926697886702,-2.382432693011026,-4.1018932214463177,-0.32657268136256334,3.7753205400837544,-1.1172510144169223,-0.30739464705737873,0.80985636735954358,-2.5858850186079678,-0.23809931955878483,2.347785699049183,27.824974438950449,57.094803850894095,-29.269829411943647,58.367405550798139,-30.542431111847691,33.049724302098184,22.333620456874996,65.203321125125512,186.82945516552945,134.25677777813297,147.87703221413577,163.52136172600638,172.8773842761947,193.6543850652447,200.12844961468431,212.41312752547242,226.69732702599825,228.49201736496934,246.60853309010992,11.085574701485626,13.55564177851312,-0.41514442885903691,-13.970786207372157,7.9938203001399017,-0.4976433886502889,-8.4914636887901906,6.1448155481906213,-0.52674334092625941,-6.6715588891168807,12.64687048857715,-0.50974244034844673,-13.156612928925597,15.79161088943593,-0.42226759045414042,-16.21387847989007,98.89490696026769,85.37458486822652,13.52032209204117,84.786744011293194,14.108162948974496,112.96207271912135,112.33875015421836,342.16265804506838,198.8443177870414,142.97870397146539,132.02875150034299,161.15074838130892,157.62419373168905,202.24221578812691,191.83327625423897,233.94246813293344,227.48224589513828,256.5008131908437,253.01125046653402,-6.3548150961636622,-8.5592001633170014,0.062047275360754384,8.6212474386777558,-2.8656038088330718,-0.0038783554830672529,2.8617254533500045,-10.64956634181371,-0.09306570162706862,10.556500640186641,-8.0822547682405741,-0.14438059795597269,7.9378741702846014,-5.1412923980211929,-0.078213253238033076,5.0630791447831598,12.570121852016086,17.440389797649289,16.719025855719991,22.114841941830122,5.8250068741077428,10.859424108972973,10.246708769636939,16.794381890004331,13.764121502994072,20.729125256817724,18.377495908043898,20.932903287457123,0.16006079146429816,0.22634968457052446,0.16583669191978004
1832,2020,116.57553324690682,42.725195436192095,3,10,22.746087902919768,11.136367797851562,137.26542712831724,152.70923435579243,-15.44380722747519,153.38070635886834,-16.115279230551096,140.8971947615164,118.22823974551284,380.90019016821776,197.68489114914064,145.65380663446993,139.99847240171209,166.62691201796227,162.02389793113153,199.17799923916212,190.67289723915556,226.54914779692444,221.09493451445215,249.22542827104897,245.22914059381972,-1.5228633910421365,-3.5660831597932088,1.608469531359475,5.1745526911526838,0.16957790470968348,4.7325659083481355,4.562988003638452,-2.5424826734804356,5.7828703042062841,8.3253529776867197,-0.36105768834966057,5.1975371122448735,5.558594800594534,-0.92885239339466352,2.9663847195845108,3.8952371129791743,36.012010590869068,62.952003559052173,-26.939992968183105,64.123307216381363,-28.111296625512296,39.275083246244321,42.592131344589689,95.765996589208953,197.88344042200447,150.4137944107697,143.38621658352727,169.31137912017874,164.79386743242262,205.49331902733829,190.59388817082771,220.75140429379493,216.73776569483306,242.35880595656542,237.10572448036942,0.75634344210831728,0.0893125872292444,6.4071307857091142,6.3178181984798698,2.7655276830897151,7.9384032562761604,5.1728755731864453,-4.6617397557227491,8.8057358962818171,13.467475652004566,4.1714087603073153,8.7635776389306557,4.5921688786233403,1.283790323520094,7.3089277131646213,6.0251373896445273,101.25341640096667,89.757232853100504,11.496183547866167,89.257398218614981,11.99601818235169,101.62211137879058,75.636108382805105,285.13419344664459,197.59319067006879,145.44285931741467,137.48799556559371,164.51728218923765,159.76985271255415,196.99754120464436,190.73623669107047,229.13904768584476,224.34203987802624,250.10654568130667,250.52423871118631,-3.4116415904287294,-6.4560244251874792,-1.1338987970650862,5.322125628122393,-2.2848447678716184,2.6039641917000722,4.8888089595716906,-3.3340854421564359,2.777137686968274,6.1112231291247099,-3.3610352818941749,2.8640495777331978,6.2250848596273727,0.10276150209679713,0.4461900637120948,0.34342856161529767,2.2792068331504538,4.1679850325370467,3.6553957470224532,6.5453370124167236,2.5959497783800316,5.0503724509613335,-2.1192570822423136,-1.3276543135663132,4.5324664486569759,7.5324440422014902,2.2126427169147576,1.1810288214232969,0.25142018581538544,0.27874993049167235,0.36025345075144116
1833,2020,116.82553439047726,42.725195436192095,3,10,22.746087902919768,9.736846923828125,157.84184842280956,166.45124298244627,-8.6093945596367121,166.82556485064561,-8.9837164278360433,163.59795124987795,111.84654963495996,412.48790956085872,196.6276313032443,146.15306410169038,139.87165728540992,164.24033832954146,161.72777946275505,195.4081730998245,191.47711987436372,226.62312697256266,222.94043307308777,250.98725440913179,246.80442079897566,-0.3173313317790587,-4.3803925167896978,1.5733699300662067,5.9537624468559045,1.5619253399968329,3.8001874319445506,2.2382620919477176,1.0061600153073584,4.7657012956296114,3.759541280322253,0.77197531557655452,4.4470227252166126,3.675047409640058,-1.1762302587862052,2.9528063682094228,4.129036626995628,53.038492492352816,74.127251117166452,-21.088758624813636,75.044152484497317,-22.005659992144501,56.609725827853254,29.953091382372804,106.8737162417965,189.60863375253228,140.00104291518139,141.80638030411862,159.43997536607088,162.68890143458998,183.31457857933395,191.98252180796894,218.54861878053802,220.79396339940331,240.51653174104686,241.80442926296453,8.6700071243007244,8.3409963653977854,5.5854214442321108,-2.7555749211656746,8.8924109473432793,6.8211328807392135,-2.0712780666040658,15.8836126088176,7.1920350569236291,-8.6915775518939711,9.0188889507737144,6.6453784677131296,-2.3735104830605849,6.0965591319537396,6.0166117141914413,-0.079947417762298301,104.80335587830268,92.323993146779685,12.479362731522997,91.781411561485584,13.021944316817098,106.98822536987063,81.893458056078089,305.61419304816377,199.84437618065488,146.77923558590444,138.21027601759161,166.24619978059249,160.72108808510453,198.80690449247086,191.0193047874607,232.49381299961956,224.81810318382472,252.3273487295468,251.17520974723371,-5.5419601794096991,-8.3629244961941822,-1.9269676678757435,6.4359568283184387,-4.4327079606882762,1.8107827213589189,6.2434906820471952,-5.4692864921377122,2.4739644576041542,7.9432509497418664,-6.7720167561118672,2.5285638766570742,9.3005806327689413,-1.6222745439442008,0.42597274229916593,2.0482472862433667,8.9873384560797831,14.211967303710423,12.721388882187483,16.703920861591968,7.3304856073464464,13.325118908031556,14.877452593510242,21.352899100955312,8.2469136351971599,15.790905706885582,7.2727893907399448,7.7188336758979403,0.25909539107600993,0.34602955229792637,0.26780523386847821
1834,2020,117.07553553404773,42.725195436192095,3,10,22.746087902919768,0,156.60457510867855,146.24310439492547,10.361470713753079,145.79260814966983,10.811966959008714,177.24656407156726,150.74201634202473,466.80616713443305,192.82540691759698,138.84666335641495,137.17019010744849,160.61466233281382,161.2590855660159,191.51669010360925,193.80520499279271,223.82186267719257,225.23570377294692,248.75144759889935,250.18128748689594,0.95636788550723395,-1.3672103132697089,0,1.3672103132697089,0.86078248906082422,0,-0.86078248906082422,2.240362970119179,0,-2.240362970119179,1.4145755665134061,0,-1.4145755665134061,1.4620575307855574,0,-1.4620575307855574,93.470552970684366,87.725244757777546,5.7453082129068207,87.475448586050334,5.9951043846340326,105.75087461344083,84.334807796916721,211.37792361120228,189.85704886874134,137.47254658300338,144.60106689557887,164.30019354417047,168.20175108841102,190.42888508920382,195.93652243890128,217.13152122850846,222.45717558829065,237.07589017482979,244.61171077905698,5.5602988190372287,7.7386529719870509,0,-7.7386529719870509,3.2466475929222725,0,-3.2466475929222725,5.4553638641909004,0,-5.4553638641909004,5.6404791406932588,0,-5.6404791406932588,6.5991326364890881,0,-6.5991326364890881,63.134022178972373,58.517861760208689,4.616160418763684,58.317159265596274,4.8168629133760987,71.495689454401145,66.407208731372521,255.42824379797094,196.91699880948664,142.40394782212286,129.4195265391993,154.63520848594217,152.00012458318272,193.6273705968737,188.63205537907746,237.58445608225625,230.41336170867007,258.68235000335568,255.19039480949212,-5.63612298923357,-10.207946763789238,0,10.207946763789238,-1.8458679179883575,0,1.8458679179883575,-4.8520109856565909,0,4.8520109856565909,-8.5707032570626609,0,8.5707032570626609,-4.1991059640723449,0,4.1991059640723449,4.6039309335299947,11.196421808270799,9.1058632852567598,17.946599735776289,2.3858651038614482,5.0925155109106299,3.2150008940717214,10.307374849847491,4.2259035741798527,14.21118239775592,5.1370751057035307,10.798238600561433,0.45281733296023197,0.59663145047337307,0.55946450660157032
1835,2020,117.3255366776182,42.725195436192095,3,10,22.746087902919768,1.2173919677734375,155.20122307505881,144.53580924600465,10.66541382905416,144.07209485355997,11.129128221498831,182.32971606968022,150.59400838785587,483.38892088830471,192.99999237265519,142.3352705541474,141.52506427751743,163.03803613445675,163.08006486797001,192.06464113195872,192.90467877712189,222.11049495879291,222.44930934699522,244.69216797622897,245.88929342578118,0.87112003449644249,-0.40862979535057775,0.31448904975238179,0.72311884510295954,0.41680535371830274,0.40759674296919002,-0.0092086107491127223,1.4861853206948865,0.57995424963738174,-0.90623107105750478,1.0560875563467675,0.52239899546600554,-0.533688560880762,1.5516480546728246,0.35565869450741161,-1.195989360165413,102.92720444024599,101.21197779804424,1.7152266422017419,101.13740258399775,1.7898018562482321,120.86069810707704,95.027685595872754,247.11814402183518,191.05978070506686,141.7101269602806,145.54103370819675,166.76194367182703,167.02782166991901,191.72401334864151,193.71259144460231,216.66041348459578,219.68749282393742,236.28568841638608,240.56338948007942,3.2736205897740263,4.8905205262589959,0.63166257779238322,-4.2588579484666127,0.34578196208019563,0.74630182921430332,0.4005198671341077,2.9062620908652264,0.90414428541126313,-2.0021178054539632,4.1377607573521971,0.91701670251663359,-3.2207440548355635,4.4713117209541906,0.78925287304278413,-3.6820588479114065,52.274018634812819,43.323831352077832,8.9501872827349871,42.934693188251003,9.3393254465618156,61.469018007306659,55.566322995011433,236.27077704668045,196.57898967494677,142.56797296701166,134.55686197104492,154.73702606022945,155.11338286173671,192.88061023693649,190.29789475678888,236.16577888516113,230.5660153553136,257.48410649078056,254.50490553321913,-3.5782816222545648,-5.0827934887235529,0.01312221034055483,5.0959156990641077,0.98759319529159484,-0.1519790655621307,-1.1395722608537255,-3.2423516200281881,-0.54232932505209419,2.7000222949760939,-6.8460486211534146,-0.17737747815732519,6.6686711429960894,-4.0188934506856526,-0.033466809111473594,3.985426641574179,2.4025005552775838,6.8519022120285911,5.2991503216095737,9.9733140149825488,-0.071023391638107114,-0.64181123321139921,1.4200767701703398,6.1486137108934145,3.0816732010054295,10.983809378505612,2.919663666281366,8.4902051716398432,0.51122012388640592,0.66286889878602229,0.63101903331458131
1836,2020,117.57553782118866,42.725195436192095,3,10,22.746087902919768,3.173919677734375,155.05967349122511,143.7575174629601,11.302156028265017,143.26612030906836,11.793553182156757,178.5963144597481,156.25535237876466,477.40824468247592,192.70241365684467,141.47492184454094,140.50218667891116,162.98665161655583,162.82777836869374,191.81586035688372,192.03722896420098,220.94125147714922,221.03735626335614,244.47047528801596,245.32621941003256,1.0606288682984086,0.0033825296135603367,0.74029727688852631,0.73691474727496598,0.89629412553466636,1.0713430626870775,0.1750489371524111,1.9201935043289211,1.6275773456078753,-0.29261615872104585,1.6368227973887315,1.4886786344038114,-0.14814416298492006,1.7924740590511021,0.91827577409722494,-0.87419828495387719,97.742821225008811,98.703720155128394,-0.96089893011958338,98.745498418255011,-1.0026771932461997,114.4216718440257,97.618872311533778,237.63504167145584,190.65516348567797,140.1330918404833,145.61891878604686,166.63216444949495,167.21008472616825,191.34950078653131,192.62837528043332,215.9606462149828,217.25839347465708,235.77300340205232,238.36369452678073,3.7629061337249254,7.2533039119951752,1.5811314445836615,-5.6721724674115137,1.8656694359100641,2.1738777820958148,0.30820834618575077,3.6535365699216982,2.5036886590259826,-1.1498479108957156,3.9111604963552793,2.4697129683826233,-1.441447527972656,4.0948763778194177,2.0302205640302873,-2.0646558137891304,57.316852214062237,45.053797688782652,12.263054525279586,44.520620646890166,12.796231567172072,64.174642623172986,58.636479907974717,239.773202823475,196.23711010611601,142.40140674052748,133.1999810801772,154.90230102781445,153.66368314262638,192.87183446091208,189.79610621986919,235.25300345327977,232.14368994483027,257.41941423629333,255.18211521443908,-4.0106239232784731,-6.6861121228994023,0.17399558687631611,6.8601077097757184,-0.85710298829241083,-1.141999097738875,-0.28489610944646415,-4.3779740385938339,-1.2576467462557446,3.1203272923380894,-5.2261726036035725,-0.9527468063157869,4.2734257972877856,-3.0415273803158982,-0.009384129653852824,3.0321432506620454,2.7022772654265168,7.7735300570033985,7.2499213823816149,13.939416034894577,0.9693753103753977,2.7227724242024749,1.7333430655927771,8.0315106085155321,2.2743376989665478,9.1373330999588518,2.3024023187683156,7.1364037581353159,0.49776065729553293,0.64067207764141154,0.62473938220627845
1837,2020,117.82553896475912,42.725195436192095,3,10,22.746087902919768,7.2173919677734375,160.01817857977585,151.833063580827,8.1851149989488476,151.47718710875779,8.5409914710180601,174.52638522782127,137.25259649568034,473.4934888780117,194.66024866562677,146.41576223842563,143.74811590636878,164.37848206589109,164.11493546471098,193.86203215986077,191.83762815627557,223.1885530282164,220.62879102914613,245.73029109442979,245.05448841058032,0.55039174152278747,-1.7331249001160245,0.57219974035982091,2.3053246404758454,1.8432684952435636,2.2185222155886777,0.37525372034511406,0.90106508658365669,3.0082887442450783,2.1072236576614216,0.22585904690473058,2.6732556993607943,2.4473966524560637,0.45861467946483003,1.1923557082274385,0.73374102876260849,88.312337905495951,82.915035521133177,5.3973023843627743,82.680370360543748,5.6319675449522038,98.295721471166871,70.227021142068224,196.67007175483741,192.07892825045337,149.86447788738403,147.96726770987712,168.81830765716128,168.85126212103614,194.26031140858788,192.19014240210285,216.20529029778584,215.06543556086788,229.97086098997394,234.69835760809244,5.2982327123741868,2.7753766709705872,4.4205538263036601,1.645177155333073,5.2276920644339384,5.349320050256182,0.12162798582224355,3.7152915932734629,5.6591651757194086,1.9438735824459457,4.9239825945898303,5.6965519180638466,0.7725693234740163,8.8264200123506384,4.7168900578120088,-4.1095299545386297,71.705841110138863,68.918025426723034,2.787815683415829,68.796816092562949,2.9090250175759138,76.230664192513359,67.025575374344044,276.82341770455241,197.69684366703518,145.62398157125068,140.37836061123426,154.7768023467132,158.38097610541132,193.24037586163521,191.23325638102264,236.779662427651,230.19027629082262,256.97792486953927,252.63911693984485,-4.6828837985202654,-5.0212973595969004,-1.8232176407367149,3.1980797188601855,3.0678995922143883,-1.1163232342072149,-4.1842228264216033,-4.5299842236211987,-2.8680219548616037,1.661962268759595,-9.2804651930060231,-1.6715541468380763,7.6089110461679468,-6.788716368112631,-0.20809811385436205,6.580618254258269,4.7478409708513993,9.9811165108944522,4.5085015710866116,7.7966740305674875,3.3844235691903748,2.1597924722195501,2.8142265066898062,8.2452758168946616,4.6981235476850998,14.204447787595853,8.3678053328858084,15.615136380463269,0.41535961185203629,0.56321410280087292,0.51166260555426679
1838,2020,118.07554010832959,42.725195436192095,3,10,22.746087902919768,5.2608642578125,181.35618281364441,155.48494493961334,25.871237874031067,154.36010718345642,26.996075630187988,197.54194176341116,135.8571598023409,497.96640177071095,197.26397030726895,147.45626638020624,144.68759954131482,165.60560867791153,165.470216158846,196.90750778094096,194.47399647569961,225.41342583976086,224.55945089369405,250.63321229494866,249.35525902182843,-0.21178869965208946,-2.0861386010941203,0.36444528988215552,2.4505838909762758,1.220284477976179,1.4428393948420819,0.2225549168659029,-0.57729984087563935,1.9065170293818881,2.4838168702575274,0.75065718117923552,1.7321355410348929,0.98147835985565735,-0.69837695877754413,0.92261915239063796,1.6209961111681821,99.543106466531754,74.941051781177521,24.602054685354233,73.871396064758301,25.671710401773453,109.74259152184823,63.54780277012469,197.96152999845799,194.73288139902374,155.85865930493611,149.51967390945194,171.6794267836618,171.44696955534434,196.93547243250913,196.36927991327741,216.85637313196105,219.39072284830991,234.59206249472362,240.0296369822729,4.7439318989746084,-2.5106448685043574,3.1515600416297502,5.6622049101341076,2.7089119511248327,3.6999370958191093,0.99102514469427661,3.3166649242255914,4.1450734779653828,0.82840855373979139,7.0245928585320314,4.0265670898697579,-2.9980257686622735,8.2092964784625053,3.1764328059347804,-5.0328636725277249,81.813076138496399,80.543892920017242,1.2691832184791565,80.488712012767792,1.3243641257286072,87.799350032946677,72.309356898105762,300.00487140566111,200.00344280622488,145.96564439699776,141.95827148137076,154.79846602352788,160.49924097147849,196.56358715241055,192.00089906338357,241.42695488151182,230.60967314904173,260.9098105123453,255.20636487508096,-4.9797603669802299,-3.2684156479227795,-1.9962137364102261,1.2722019115125534,5.2151413381837983,0.0077365934189401742,-5.2074047447648582,-6.0943166557544544,-1.504894319696632,4.5894223360578223,-12.316385321825692,-0.50040375337675869,11.815981568448933,-7.9245923694029159,-0.45765574380237695,7.4669366256005389,4.9557205986266979,9.7236922659548384,-0.42450626741023711,0.75777077941842208,1.4886274731486537,-2.5062293870589656,3.8939647651012308,9.4109815799800458,6.2739356773527959,19.340978180357723,8.9076734372400495,16.133888847865421,0.39753993300457557,0.55554071475759292,0.46775453618035756
1839,2020,118.32554125190005,42.725195436192095,3,10,22.746087902919768,6.5,191.70369784825743,172.80304278978656,18.900655058470875,171.98127987522457,19.722417973032861,217.77616410249175,118.86933848841363,535.41747013852,202.06691328808162,152.23441587480315,155.03972847349755,170.8314831864565,172.74719115297685,202.48929760341838,199.88482580223385,229.5569987076999,229.48513238011995,253.49028977284527,252.58354006886142,1.921736455791347,4.0931283377268528,0.94344167930572098,-3.1496866584211318,4.2976023452361005,2.6143756593972682,-1.6832266858388323,0.26923824554472731,2.9283811665283963,2.659142920983669,2.5235859241614662,2.7162522781398479,0.19266635397838172,0.56014748019850913,1.5548204261723981,0.994672945973889,94.890073988201038,70.701616136697339,24.188457851503699,69.649943908911155,25.240130079289884,97.686026874544041,52.650818122411238,184.34342304535676,206.60492230746073,166.11782192237547,160.00966394989595,188.01972147832052,181.46783005928617,207.39256065698996,205.75221517501257,224.69403698979261,230.00245156346386,243.92677935712516,248.92317649337858,1.6104839597226714,-4.9312764660023447,0.69257237851184072,5.6238488445141854,-3.6800931666455767,3.7148096682386438,7.3949028348842205,1.7986717993782406,4.2771630067346678,2.4784912073564271,8.902626952162592,4.457691970924941,-4.4449349812376511,7.2260413953448506,3.4993424177056909,-3.7266989776391597,96.813624311980675,102.10143202744257,-5.287807715461895,102.33133590670877,-5.5177115947280981,120.09013767987199,66.218520111440739,351.07404716312885,198.40508678470525,147.73375525920542,152.82455896816384,160.74297001423326,168.02499171935744,189.34358324084519,193.94574265732317,236.69666793097736,228.81681691418922,260.16485769569448,255.49848063670234,1.7230289261591167,7.1312005525104496,0.43831049888430584,-6.6928900536261438,9.3912972154033412,1.6582252011395155,-7.7330720142638256,6.052685411175986,2.0344791024532753,-4.0182063087227107,-7.5338612489567822,1.0145356532356686,8.5483969021924509,-6.3294448556557086,-0.058711776961246187,6.2707330786944624,-0.31125249606867555,-0.11254496643644529,-9.0244048037291975,-12.062477018512794,-7.9776955118816772,-13.071390382048918,1.5294335538335133,-4.2540136117977454,6.3790410280011258,16.436488201119374,6.6658939151463414,13.555486251000559,0.34429848356958642,0.44856161039079639,0.44293018529368861
1840,2020,118.57554239547051,42.725195436192095,3,10,22.746087902919768,8.375,162.88030302524567,161.39410376548767,1.4861992597579956,161.3294860124588,1.5508170127868652,185.54830947518349,103.55981127049745,500.395791484043,206.28292548660195,160.03161514394785,161.66522357970877,177.81410645715607,177.69237962982342,205.3823254352439,203.08080317476563,234.04234426201734,231.09126296548726,256.44938346779458,253.15428804383231,1.6224245803568351,3.6774021912408443,1.8140875163830685,-1.8633146748577758,3.0628606772637568,2.9669908315731277,-0.095869845690629063,1.1180307936356542,3.4621696520073613,2.3441388583717071,0.26091622773856216,3.0730245120806785,2.8121082843421163,-1.5257051723986308,1.7063435088598453,3.2320486812584761,80.635213047266006,66.823826849460602,13.811386197805405,66.223331212997437,14.41188183426857,85.904085353016853,30.605135699216589,161.03692618804052,203.68872205495168,161.46000726174208,166.30287913923306,179.573122580247,184.4796469648268,203.95084828073126,207.90356971237478,220.6315702816959,231.30561295866684,244.9828747096966,249.4126407281336,8.1454855163316324,7.2179016275113099,1.6571815938433474,-5.5607200336679625,9.4463920831743167,4.1611684613289697,-5.285223621845347,8.9117739900295874,5.2711539991224186,-3.6406199909071688,15.466629671857049,5.1679765254733638,-10.298653146383685,6.9053281491905238,4.1840867025033219,-2.7212414466872019,82.245090007781982,94.570277392864227,-12.325187385082245,95.106154799461365,-12.861064791679382,99.644224420189857,72.954675856886752,339.35886553116143,208.0340873854791,155.67189838295903,159.49223304613352,176.94867558100398,173.05121524674897,207.70393707837022,198.37887254510136,240.25173781082341,230.84466059720722,259.68646499618603,255.82566644769472,-3.564155008145093,5.9760722795078038,2.3600291457367177,-3.6160431337710861,-0.83699121448000824,3.0711489745680183,3.9081401890480265,-7.3172365478970391,2.0889306617744126,9.4061672096714517,-8.740890993246353,0.95224620307283203,9.693137196319185,-5.342557257355196,0.15402394143899301,5.496581198794189,6.5230609359747973,11.709640524476725,3.5404994362704656,1.2418293480035061,6.3835314059105599,10.283383297654325,7.7937431963939332,16.229010537926627,15.205713444118487,24.207520665103402,8.4310333215891546,12.24788540654572,0.3218191058530831,0.46297422809182887,0.29553101076320237
1841,2020,118.82554353904098,42.725195436192095,3,10,22.746087902919768,10.708328247070312,173.87297923116057,176.21418179021202,-2.3412025590514531,176.31597334749313,-2.4429941163325566,180.0768481213936,112.74969675653119,442.42560249815733,205.29469281249681,151.65835198197269,154.54421709914223,175.71116307825699,173.01217636241407,206.45670505714921,200.40225560152069,235.02677744913561,229.26431274759207,257.46533409982811,252.784702909819,0.51487750162496582,5.0011064142367445,1.3551168014747361,-3.6459896127620084,1.6107243775296354,4.2239597935057134,2.613235415976078,-0.91260262440931683,5.1975467499116235,6.1101493743209403,-0.68543776854977523,4.9011779874766432,5.5866157560264185,-1.8314348046225462,2.8223392839357757,4.6537740885583219,54.701091516337328,68.314670790576201,-13.613579274238873,68.906566021491017,-14.205474505153688,55.759786130871817,32.803284014834389,112.3134930988308,212.27871270499011,171.8728098953261,161.15880403219791,195.96177065378507,181.36040924673517,208.84918927065166,206.66621141248436,227.69581892882252,230.72589629623329,263.79793126784324,249.8616081668292,-0.45771314869887192,-7.6920082413766693,0.87315560196515207,8.5651638433418213,-7.2930494449969387,6.1808483377048162,13.473897782701755,5.2702062884301313,7.4809352891564345,2.2107290007263032,10.215598302285684,7.0219363529334373,-3.1936619493522471,-9.2263602689826598,5.6829025027676892,14.909262771750349,119.17188750620699,107.89951258412657,11.272374922080417,107.40940783264159,11.762479673565394,124.31706168318533,79.946412839795812,330.11210920724125,202.26661239095466,148.58362006182514,152.16453242597393,165.17399294225962,167.54569115345279,203.18435693978631,194.82210709604431,236.98123734470084,227.72475778507362,256.24131868704757,254.68401798125342,-1.0115385276090763,5.7914252543113776,0.8589769365268296,-4.932448317784548,6.2292339774372181,3.3001018136368145,-2.9291321638004035,-5.2155101221808309,3.4529569091344854,8.6684670313153163,-6.2396864909508452,2.6449580446613652,8.8846445356122103,-1.6535320632834214,0.98408936039902528,2.6376214236824467,-0.97259065032383774,0.55382537891020434,-12.693114655613414,-13.483433495688047,-8.9037738225265741,-13.522283422434157,6.1828089128394481,10.485716410610962,10.90103607083546,16.45528479323653,-7.3949254643601137,-7.5728282056992384,0.25385848482694573,0.30964439189474802,0.2909389999129573
1842,2020,119.07554468261144,42.725195436192095,3,10,22.746087902919768,5.9166717529296875,128.90123662521,141.42609424388866,-12.524857618678652,141.97065200570069,-13.069415380490682,142.70861612713998,108.37252017269566,455.28796491771936,213.73816956888504,172.18127275949141,166.81796857042505,190.41673060160863,182.1958403179612,213.35005447082719,207.27005574397629,236.87432544201661,233.67010530148528,257.47959604487664,254.02615912120143,-3.0048343502938621,-3.3050957113106278,1.7182958475765702,5.023391558887198,-5.6018689708663487,2.3337577416488102,7.9356267125151589,-3.6043765371497898,2.4012437929522434,6.0056203301020332,-0.97031503100834016,2.1723877109957641,3.1427027420041043,-2.3427978408360843,1.0086102070066261,3.3514080478427104,64.401539805552602,62.426407329447102,1.9751324761055002,62.3405332222992,2.0610065832534019,68.37747370006764,44.258784838846623,144.39138975006063,214.61725546066111,176.21894228388408,175.11498867051031,198.38032205276215,191.35495187344753,214.62872538827742,213.32064475477642,229.77347477023145,234.61209979075028,250.38751153399485,251.06241559403071,1.6484700078200376,1.6473491845443107,2.4467014580439184,0.79935227349960769,-3.1766678101539298,3.8253289716614916,7.0019967818154214,3.3580383211309481,4.3902299696301554,1.0321916484992073,8.4936188601831475,3.9113557276218387,-4.5822631325613088,2.8572425217698765,3.0156471250448931,0.1584046032750166,64.499696901613788,78.999683690823076,-14.499986789209288,79.630119553294207,-15.130422651680419,74.331142434522917,64.1137352993901,310.89657524693757,213.02296114841604,166.3764742333361,163.14122048814986,182.64168877064546,174.99629766376239,212.65119237714578,199.55865908194855,243.71376331852315,232.30687231427225,258.81767506669439,256.62072167798931,-7.9726268786120045,-0.85847795029815188,1.7371336774503163,2.5956116277484682,-4.9446470039568453,2.1551520505488497,7.099799054505695,-12.890519285488153,0.41140656291292999,13.301925848401083,-13.163595750159431,-0.43872048302827693,12.724875267131154,-4.1845287429996745,-0.59648605183127756,3.5880426911683969,4.6533043581138998,9.6210968864320421,4.9524448958549385,2.5058271348424626,2.4252011607124189,1.7679791938029155,6.9624148582807379,16.248557606619102,9.4639338911914876,21.657214610342578,5.2000403626059608,7.041771264769551,0.31714299712744515,0.47914047207317695,0.40839490276980361
1843,2020,119.32554582618189,42.725195436192095,3,10,22.746087902919768,6.3478240966796875,125.43019481224474,143.48547241100096,-18.05527759875622,144.27048523359917,-18.840290421354439,143.09492301790578,98.806942047678604,471.89193266257644,215.09913498467716,172.70544435400066,168.77003712370825,190.88326078236227,183.69056785930306,214.83391030722845,207.71337775709503,238.53480458943412,234.50222972285925,260.24426955140359,255.48491701017241,-3.4350211577058758,-2.5394399477401066,1.1357248731224843,3.6751648208625909,-5.0296685961468484,1.9401328170848728,6.9698014132317212,-4.6449712685800648,2.414784751937475,7.0597560205175398,-2.1129230958545691,1.985244092975762,4.098167188830331,-3.7912776530407086,0.94865691031878896,4.7399345633594976,54.449427522482893,52.353943090043686,2.095484432439207,52.262835294455726,2.1865922280271661,57.889614616828567,27.896754968521691,144.10345275954751,216.50587770971822,177.59742709804371,176.3926683986295,198.60951514187354,192.07765429041646,211.77751704799442,213.05554695857356,232.3033486946789,235.3529634799855,266.38042232653265,252.22053334928452,0.60989104413383188,1.647208220663714,1.747711254252863,0.10050303358914903,-2.9848698802748004,3.7738993677725716,6.758769248047372,6.8242560561966741,4.5292961498612669,-2.2949599063354071,6.8702945987306805,3.9544500690778079,-2.9158445296528726,-11.987554565723457,3.4552114553322895,15.442766021055746,70.980767370259855,91.131530814962389,-20.150763444702534,92.007650296771317,-21.026882926511462,85.20530860078452,70.910187364101148,327.78848038427532,214.32612168901812,171.27762666746995,165.91980300978824,185.53619103070969,178.54708309479031,215.37851804647352,203.12076758329084,241.99682086555416,233.73790507134717,257.05239357806721,257.2145603612571,-6.2314790187956817,-3.1076400883619613,1.3667008226260293,4.4743409109879906,-4.6281999057933092,1.7629972734810622,6.3911971792743714,-11.337300304675352,1.5678646036248836,12.905164908300236,-8.5571641503132128,0.11879145409645275,8.6759556044096655,-1.3802029132750135,-0.085157854417957424,1.2950450588570561,4.0449122018397077,6.8413700629295136,4.1866481684038206,4.7548483090256752,2.044798715872048,1.6433300255185088,11.469227324776739,18.161556360872027,8.9832176945852495,15.427458749043893,-8.1962769126827482,-10.607351652448443,0.30537384257973282,0.40455393801487083,0.28233598156554934
1844,2020,119.57554696975237,42.725195436192095,3,10,22.746087902919768,-4.7083282470703125,166.58742677353803,170.52482308753315,-3.9373963139951229,170.69601047566175,-4.1085837021237239,216.75614262226009,118.5576397857767,521.4946077503264,200.76805733593093,146.90436305411254,149.28651608634397,165.34655959355447,172.20079823342431,201.39202893835025,204.52352916625156,230.88755674299992,235.99832191463565,260.19323719393668,259.6938948195986,2.1282971281953564,1.6832039420362719,-0.98654178656192926,-2.6697457285982011,5.3184854649463205,-1.4091055604464486,-6.7275910253927691,0.87805983766895679,-2.0673038167193738,-2.9453636543883306,3.1497498987539245,-1.996990349160825,-5.1467402479147495,-1.4337301168533259,-0.95389003519210291,0.47984008166122294,72.194487660564846,64.733990604641804,7.4604970559230424,64.409620344624273,7.7848673159405735,85.310857457596285,52.309377961419159,180.35242233761528,207.02461228541299,156.5218532866198,157.68734446374555,181.65549377661321,189.31926819314148,206.47471133425023,216.98106723119193,229.25485211108037,240.20674175290361,266.39056362537184,258.04890350088954,2.8881061145654598,2.3916379973172184,-1.2671770329808965,-3.6588150302981148,3.2547329143507113,-2.653713196158094,-5.9084461105088053,6.388161852379568,-3.3716026339292,-9.759764486308768,7.4275092030981398,-3.2933547816128339,-10.720863984710974,-12.450683442184271,-2.4973743500336525,9.9533090921506187,94.392939247083632,105.79082792313602,-11.397888676052389,106.28638912272618,-11.893449875642546,131.44528513299883,66.248261623191866,341.14218499138951,196.41268720934116,146.26492851932326,145.25866473187321,155.56245158251835,165.32565466296799,188.98679297360252,193.23125289755322,232.61938357885381,230.72502592176272,257.80190986849789,261.13207882906846,1.3645435732609883,-0.46375971376397729,0.19991270206426748,0.66367241582824477,8.9838459019870527,-1.2747649099822809,-10.258610811969334,2.8664157230586227,-1.1795492857736463,-4.0459650088322689,-1.6639520271657204,-0.095747806018323445,1.568204221147397,2.7048197034075088,0.39059738452812098,-2.3142223188793878,0.75980898637010341,1.5235625413044716,0.7084340552809465,2.8553977110811957,-2.0637525505956091,-5.7291129876363414,5.5101020147106112,3.5217461293209453,4.2777593043442153,9.0914612302638602,-11.016953325330945,-15.15550314559178,0.34583755930984006,0.39357988394482141,0.44121473787718479
1845,2020,119.82554811332282,42.725195436192095,3,10,22.746087902919768,20.916671752929688,254.15332267876511,206.58787848519933,47.565444193565781,204.51981265347422,49.633510025290889,243.49995561575633,136.5433591374458,563.65504440441964,204.9230823689492,153.88844933871871,151.88577699619051,177.56769080102231,168.76442481715415,203.8176539682612,195.47298628835429,231.9507022887062,224.99156774460539,255.34311530830075,249.8961956652856,0.77790248648472016,2.0742749169922661,3.6861172074306126,1.6118422904383465,-0.82227917178565235,7.8838346535681865,8.7061138253538388,1.5017789022631405,9.9886071256777313,8.4868282234145909,2.1778258420764587,9.1999679116400728,7.0221420695636141,1.043924571553589,6.6158179273894291,5.5718933558358401,166.54787273534748,90.881496659092591,75.666376076254892,87.59165355238656,78.956219182960922,161.07392203693962,92.647462714761787,314.13964652444702,209.00132756375709,168.63685740005417,159.21783178988352,187.153588287047,176.86419571830186,206.32133562501019,199.88100923443093,230.5965740289962,222.88798749146756,253.68030946921309,244.24100536265377,3.9234173246822479,-3.5205616746105193,5.1317656532502554,8.6523273278607746,3.0337267560972805,12.549502573620686,9.5157758175234051,9.7409403884322785,15.375936678240464,5.6349962898081856,7.2891362384288811,15.006142087336912,7.7170058489080304,0.50595631546286768,11.592986788276392,11.087030472813524,87.605449675196724,115.70637975484442,-28.100930079647696,116.92816033291638,-29.322710657719654,82.426033131781878,43.895896214067761,249.5153973410861,196.73180464058467,146.64018926588966,147.56533986647622,154.71428952453894,160.92112426609603,187.22579848747296,187.67200855538826,235.21051448193825,229.33484227727618,257.37166944546948,254.75060132891096,1.9930508660491455,6.0759198047287271,3.8812825603274916,-2.1946372444012354,12.809175436891849,6.5351391640358827,-6.274036272855966,5.7701477517474302,4.9232893290646587,-0.84685842268277156,-6.7276959917976455,-1.4962564945654719,5.2314394972321736,-1.1557437394898784,2.9800821934534554,4.1358259329433338,3.1455148381975278,1.9303664586331024,-5.5948365916027853,-9.5964814793392463,3.8560059278829328,-9.7754486807945682,8.239161486169138,3.9707926366848483,5.1113103963524225,14.016832230226527,-0.5379682560907213,1.6617000549527461,0.5573260625324119,0.66149466692763903,0.67852045899575386
1846,2020,120.07554925689328,42.725195436192095,3,10,22.746087902919768,2.9583282470703125,176.47246949040709,176.20607327053222,0.26639621987487772,176.19448888256011,0.27798060784698464,209.5985827622917,108.28552494569885,498.94893302861601,204.15993423929407,153.54608619508284,157.1207351197784,174.31517608074694,175.99798408066192,202.86644300961814,203.76246563762749,231.74771283579977,233.35297067256593,258.06052073797935,257.00885523716545,2.1977984440871978,4.552009261046976,0.57759973631905837,-3.9744095247279176,3.0811379643871248,1.368774691860466,-1.7123632725266589,2.2199910255409065,1.4784862689133718,-0.74150475662753479,2.8677212640724292,1.2053668662541384,-1.6623543978182909,-0.5754322425325995,0.58996987632269793,1.1654021188552974,110.84298695095276,73.627722951610849,37.215263999341914,72.009668040327597,38.833318910625167,114.60613061073491,50.194357010946987,230.83962541818619,206.77757379222956,168.0493088299331,164.80417087321868,181.934373028794,186.78546296111591,202.85053931408967,212.64301675240981,225.92794324306175,236.76451204463251,257.48614415989761,255.15269038907093,5.4984637704223474,-3.3564129368803606,-0.44462571249908933,2.9117872243812712,5.8354505844012579,1.4103881624410803,-4.4250624219601775,11.566710472877759,1.959956773074282,-9.6067536998034768,12.213319737416612,1.7560658242622651,-10.457253913154346,-1.5205362043783168,1.4229283867563822,2.943464591134699,65.629482819316763,102.57835019971208,-36.948867380395313,104.18482167172988,-38.555338852413115,94.992452535727352,58.09116805209851,268.10930781578645,201.34194315642921,147.84926941622052,153.8456881950851,160.77631601128928,168.81507312343388,203.01399537167842,195.09657676544157,236.81561309930174,228.81726294022303,258.34005326864252,258.70544848378131,-0.24341071634114542,7.7336793886881026,1.0365672781363457,-6.6971121105517568,9.7058218391101434,1.5066826871106684,-8.199139151999475,-6.7757747262330099,1.2827561535937377,8.0585308798267477,-6.7749891892123344,0.97475179542701085,7.7497409846393452,-1.3724625856546027,0.32163427108332598,1.6940968567379286,3.3006653263351495,5.7418744867634928,-7.9084221979273366,-11.090092325568463,2.754312620014133,-3.8703712547088855,9.3467194473368522,18.342485199110769,9.3455984733441824,18.988308926628946,-0.94510396184571732,-0.14807361872371416,0.46265180690334684,0.54678867147069943,0.46353708897027174
1847,2020,120.82555268760467,42.725195436192095,3,10,22.746087902919768,15.416671752929688,245.88582998514175,230.19600450992584,15.689825475215912,229.51384055614471,16.37198942899704,246.70938923104586,139.66671016812325,553.37178178876638,200.59196210963401,148.27654420863439,145.0661004121649,168.4992219693315,164.40651207043908,199.55649560231416,193.70521280808913,228.70410834715551,226.50194542573399,257.72512280502497,253.54285313028251,1.1187115588724907,-1.133946168184309,1.881448804907933,3.015394973092242,1.6667520037212853,5.6246175468724289,3.9578655431511436,1.456956955931247,7.3498491453505892,5.8928921894193422,4.0993731923910275,6.3823756647437619,2.2830024723527345,-0.33315541782417313,4.044864740109432,4.3780201579336051,168.82957583665848,107.68556332588196,61.14401251077652,105.02712970972061,63.802446126937866,169.26516441677359,83.735860079526901,315.34955457877368,201.72161934876621,159.73827637644141,152.44389535987432,174.52552874012193,174.07358485886382,199.43046351303255,198.89506632420296,223.74433859450221,223.60120216110533,252.10461575748354,244.7903639784673,7.5948979417438522,-0.95331649132683083,6.0684887286890898,7.0218052200159207,11.085945364589492,10.382881963082838,-0.70306340150665392,11.905219250168216,11.939246591826361,0.03402734165814536,11.762440814891988,11.92391307346233,0.16147225857034186,2.4149945627123373,10.269404834524352,7.8544102718120143,77.056254208087921,122.51044076681137,-45.45418655872345,124.48671126365662,-47.430457055568695,77.444224873876919,55.930850028991699,238.022227011621,198.44909965778282,142.60749613712483,140.51476938551957,153.34427942033685,155.2466196108164,200.89740501588466,183.91779891677325,238.53432885426494,232.51534071538055,260.27578122717222,260.98378858925059,-4.7314107394863072,-0.93509316724495761,-0.19821046138446263,0.73688270586049498,6.4927972134623246,4.3082793986993408,-2.1845178147629838,-14.701520844405621,1.6882385542821794,16.389759398687801,-10.762722017707802,-5.9513377846326136,4.8113842330751879,-1.2801045699161477,0.028284775507245286,1.308389345423393,6.4761863828713615,12.326308681230159,0.18062967685747822,-0.018223324081873216,9.4191933608682064,4.593148151127167,10.448262294236969,26.606740094573837,7.6630676225009609,22.52516283259979,2.7481499805365104,3.695099132628485,0.56986923612080609,0.68609129528611101,0.59954057755588419
1849,2020,121.3255549747456,42.725195436192095,3,10,22.746087902919768,8.6666717529296875,228.43192074431499,215.95258418163212,12.479336562682875,215.4100037320095,13.021917012305494,242.71975517591454,113.44404233750902,524.15594732761383,201.16996068071202,150.29759372218942,149.47382458134575,167.8197918841436,168.33917794610548,200.53633091289262,198.34203482610297,229.38536499605053,230.59083049007484,259.71526321435721,256.37505190313743,1.8315675790553883,0.17547900852298426,0.65865751674613193,0.48317850822314767,3.2335634426137574,2.7011974504841305,-0.53236599212962687,1.3262318446615495,3.5248863312881156,2.198654486626566,4.2727104595526271,3.2135029733998977,-1.0592074861527294,-1.5218011798692714,1.8606512990528472,3.3824524789221186,139.47271388395893,105.75897238909238,33.713741494866554,104.29315780010074,35.179556083858188,144.64959304481454,62.42147867503445,277.0942081627436,203.46225014277505,158.62916496628205,153.15367717172208,172.72701880702476,176.81100355306924,202.95714918174272,203.80602719041869,225.39074265493997,229.71198487527172,263.01202222135214,251.22884137699137,4.7399240821154081,-1.3236990950134668,3.2567869693083082,4.5804860643217751,9.0237189886631484,4.6507955970361081,-4.3729233916270402,6.2757650557410329,6.0721736708776461,-0.20359138486338679,10.053942921801138,6.1862428600632882,-3.8677000617378496,-7.2590148607860101,5.2108877659540838,12.469902626740094,88.95920633136484,110.19361184966056,-21.234405518295716,111.11684515704837,-22.157638825683534,98.070161497800655,51.022563519982214,247.06173831224442,197.9862585829469,145.16524331749488,146.49404278577217,155.80010058134528,161.78614623978376,191.27532919829611,189.81198072345401,235.09846216860802,231.84371046776522,257.96893672686758,261.35289866267647,-0.70270118718380559,2.5409818158808548,-0.82088293428068937,-3.3618647501615442,7.8182655910312633,2.5415743733353509,-5.2766912176959124,-1.5298161902300649,0.71021995130885784,2.2400361415389227,-5.0690108484855898,-1.9056172270850027,3.1633936214005871,1.4451117520802086,-0.73200857300986399,-2.1771203250900726,2.9083565030600198,5.4426252692992136,-1.4991781035364511,-3.8646809108943216,5.790155546049391,1.2054533976318851,4.9495332110794834,7.8055812459710978,5.7812324622485107,15.122953770286728,-5.7372136809167387,-8.7041266128662187,0.52864841003044283,0.59595311036787146,0.55024025403928578
1850,2020,121.57555611831606,42.725195436192095,3,10,22.746087902919768,22.041671752929688,232.63774693950836,214.56586998886269,18.071876950645674,213.78013542490226,18.857611514606106,220.80053971776215,103.07188211800167,516.81131843477488,202.8016562607757,155.81926912017497,155.23238388028298,172.17948471311655,170.38896360527781,200.28881234832866,196.10764548639551,229.44138889158802,226.22885413984994,256.24538867062182,251.41094669804073,3.4372871812573464,4.2999039793738518,4.2690757350394222,-0.030828244334429655,4.7996707277831945,6.5660903137751063,1.7664195859919118,4.0681165634677825,8.2961250179606054,4.2280084544928229,4.7384574559614236,7.9989703475936551,3.2605128916322315,0.30611905965776032,5.0458207872492835,4.7397017275915232,139.17877169347958,91.398937875173942,47.779833818305633,89.321554278569238,49.857217414910338,136.87518935300068,49.91698350614206,268.46111110475613,201.62876871515994,159.65831062532993,158.44609908319862,174.81589599333174,175.363465094036,198.81251965822602,197.53567726864131,223.10876973983324,222.31602609503182,251.80957373787979,243.83892382829876,9.1496413660540554,3.8839883841840503,4.4438972125398948,0.55990882835584443,11.709268994548665,10.035597400849952,-1.6736715936987139,12.772397218942331,13.967129244645889,1.1947320257035585,12.868865561967539,13.729826603777099,0.8609610418095599,3.0637042109909487,11.525025386066687,8.4613211750757387,93.458974605278854,123.16692860695002,-29.707954001671169,124.45858051551659,-30.999605910237733,83.925349902825474,53.154898716167736,248.35020675510168,204.39988971209596,153.25939015655121,153.28620489092714,166.26153542662252,166.24702473966269,211.15764806070942,194.05944091802655,237.97573405319798,231.36873916694498,257.62838230556252,256.70463185331414,-1.8480599890958729,5.3087566170136995,4.1381848134177801,-1.1705718035959194,6.0170134194638365,5.3161133993325222,-0.70090002013131425,-13.722880445427222,2.5583104170341926,16.281190862461415,-6.8790957234757286,0.34556922373624843,7.2246649472119771,-0.79087877108003113,1.1358856059556501,1.9267643770356813,5.712354184796709,10.997701355149928,-0.41591559518980148,-1.4247682328296492,6.909598266765471,5.6922555750848289,8.7042806554745482,26.495277664369553,8.1304081060061151,19.747961285443267,2.7575851513331884,3.8545829820709798,0.51945671762341206,0.61990423360360036,0.48429292723106276
1851,2020,121.82555726188653,42.725195436192095,3,10,22.746087902919768,18.083328247070312,218.85216088841844,213.23962989764186,5.6125309907765768,212.9956062768033,5.8565546116151381,215.69099859708604,113.17334327070785,490.90869748592377,200.62604738963722,150.51244549209096,147.11928645857256,169.63906301469163,164.42235527749062,198.4130106154544,193.0351522100994,228.72594282785053,225.89578433532759,256.86595707952108,252.29337866629047,1.2861186291262072,-0.58871653416966296,2.2289795586056584,2.8176960927753214,0.75898786807337615,5.9887769431332458,5.2297890750598697,1.9157925060485468,7.3874419432806064,5.4716494372320597,4.0437513027012528,6.9040654005694648,2.860314097868212,-0.033899565213744154,4.5264463084538136,4.5603458736675577,119.82591687657896,88.906036505466545,30.919880371112413,87.561693966910752,32.264222909668206,119.01958455958902,49.913533752534022,234.33374534035102,201.66883435338684,160.74168954315363,151.74750791957584,176.83510033511774,171.56419773730636,198.78367844080054,195.70877956553105,222.47640064773213,221.55856492711681,251.34554448994569,244.0327718261257,5.5566622227073879,-2.8172957871394715,5.1537495093272696,7.9710452964667411,5.2709156453613843,9.5975197458285209,4.3266041004671365,9.4056449613597977,12.684188517771986,3.2785435564121883,11.668920802599729,12.838736764362409,1.16981596176268,2.4953039762485787,10.40645404856761,7.9111500723190318,99.026243805707054,124.33359160403597,-25.307347798328919,125.4339131741599,-26.407669368452844,96.671413831364589,63.259809554805543,256.57495172321796,199.52456608835567,145.14379275990362,145.04630903932966,162.15974478121575,159.19056874481225,193.10297784942145,189.23107216672773,236.41980516180266,231.00518537197459,257.87373509235834,257.69791151665748,-2.1238246562299992,2.2667433251469618,0.075049585205761105,-2.1916937399412006,1.7700893668609012,5.1035794069491942,3.333490040088293,-2.2741003289845878,1.7503110697913371,4.0244113987759249,-5.7904306559069028,-0.10646752785521585,5.6839631280516869,0.58161139010684337,1.5335727518084354,0.95196136170159207,4.2705435935811806,7.680486878937387,-2.2285792529698085,-5.0840391122864332,4.5119277772880082,3.5008262785004831,7.4898524553112509,11.679745290344385,7.625169499898476,17.459351458506632,2.5292035414623228,1.9136925861417353,0.47734690084009007,0.55180598788881008,0.44103613368690608
1852,2020,122.07555840545699,42.725195436192095,3,10,22.746087902919768,14.208328247070312,225.42831009626389,204.77944976091385,20.648860335350037,203.88167542219162,21.546634674072266,227.98180791382038,121.18011250414929,509.9846297763288,200.25416185232123,150.72314112419028,147.83053764539994,169.02626045390372,165.1957062421086,198.10603979022019,194.41971681860142,228.44395053026057,227.67894009747727,256.56016459435489,254.19449744113129,1.5410372080419847,-0.99837808102353165,0.98961545428295494,1.9879935353064866,1.0129708000460766,5.0279086922624572,4.0149378922163805,1.9636075009443346,5.6857083510485609,3.7221008501042263,4.3203991335230683,5.1382968453432625,0.81789771182019422,0.55296105415396823,3.0627325520804618,2.5097714979264936,131.32780879829079,79.681127101182938,51.646681697107852,77.435619503259659,53.89218929503113,131.83889132831246,58.100507498347724,248.96653133176733,202.51321425776544,161.04650206119095,154.19903147634957,177.24550982456978,174.79317298720665,199.45663069158516,199.33360715220977,223.08725417494932,224.76916296112,253.32427605014226,246.16899929993326,6.8545715790700683,0.45968806595411138,7.1524283627906016,6.6927402968364902,8.3958063715954552,9.7638738824126392,1.368067510817184,10.248668269392851,11.00368717471747,0.75501890532461857,12.290708788445954,10.924486234585913,-1.366222553860041,1.1163465036578657,8.9386779068953786,7.8223314032375129,94.100501507520676,125.09832492470741,-30.997823417186737,126.44605681300163,-32.345555305480957,96.142916795055498,63.079605475188146,261.01809921488166,197.55929787299138,142.71833836968884,144.85606982463662,155.60373136609471,158.91320710991278,191.03172139824289,188.12468730684589,235.34394144235225,230.57050672031221,257.16166768711003,259.4388246949095,-1.8443316673166521,2.8525485433548852,-1.5655422784989526,-4.4180908218538377,6.0085857907757259,3.7780749824882776,-2.2305108082874483,-2.571312124239256,0.53380371906948199,3.105115843308738,-6.9470648090443774,-1.5497301400690162,5.3973346689753612,1.0363148535031428,-0.030027766085879648,-1.0663426195890224,5.3135343710280836,8.6989032463867204,1.458066146977643,-2.3928604774007738,7.3828355715493785,2.3872205808197293,8.2850607684485169,12.819980393632108,7.970309654922886,19.237773597490332,0.56338544950389746,0.080031650154722911,0.48818438202923903,0.5782868928653685,0.4794557976364176
1868,2020,126.82558013329577,42.725195436192095,4,4,22.746087902919768,-3.2777786254882812,132.83600681649114,145.34555643683416,-12.509549620343023,145.88945245381183,-13.053445637320692,160.73614517288934,250.01212726783706,531.72757931053638,190.75929795132083,133.5747123751662,131.64834500268287,159.29891220400782,156.01322211760234,190.95587695413957,190.60745387138272,221.07652434925654,225.90195090957138,248.28770499150355,252.0786162807031,-0.97917448525936379,-2.6770960325933686,-0.70328103090071181,1.9738150016926568,-4.725671960307551,-1.6879364596731534,3.0377355006343976,-2.3227723751789995,-1.8040656604995036,0.51870671467949592,3.0807325001040624,-1.6617855363566889,-4.7425180364607513,2.5731804004427943,-1.1864267105313786,-3.7596071109741729,95.763378165109316,104.02313616754691,-8.2597580024375929,104.38225505402806,-8.6188768889187486,103.27088647026585,180.40442762061684,301.28048403467983,192.122404221615,146.44680834916468,141.12589286406617,164.93884469599649,161.18355818609834,192.81900044642683,193.96555166384096,216.48570214835695,227.59466513923462,242.6585657822406,252.67668732538525,0.66253078687017819,-7.2356634142690837,-2.5538407178436842,4.6818226964253995,-5.9429118303190762,-2.6102534881623853,3.3326583421566909,-1.7554659800069032,-2.5469950374335326,-0.79152905742662938,9.0121695716963188,-2.1965348403586233,-11.208704412054942,7.9526076406423556,-1.8865411553624085,-9.8391487960047641,37.072628561974852,41.322422189879944,-4.2497936279050919,41.507196929569545,-4.434568367594693,57.465258654194713,69.607699685300759,230.44709511846304,187.71632486693719,119.16550127478558,118.96368719387922,141.61060666961498,140.29003460107671,184.03313882144721,181.95623204557458,233.7616860151328,221.30788992506169,257.73485432817955,250.62450268260159,-4.0149360167177974,1.4629093001351521,0.13343534906601917,-1.3294739510691329,0.055962230481611641,1.5514527418349076,1.4954905113532959,-1.5745117747936774,0.057887339026962081,1.6323991138206395,-11.970975299539958,0.079622967549909163,12.050598267089867,-7.1856894844701458,0.5412084507063355,7.7268979351764813,1.641705272129542,4.6774668035879756,-4.5585673816757151,-8.6985727144042357,-1.2172398700115252,-5.9988740608006879,0.56730639517209625,-0.1809542052132258,5.9314370715922564,20.983144871236277,5.3794272401995613,15.138297125112501,0.56660684109207693,0.64248701721188284,0.72158270717544137
1871,2020,127.57558356400716,42.725195436192095,4,4,22.746087902919768,-4.0454559326171875,130.91707412843243,121.79340533139111,9.1236687970413186,121.39672401809003,9.520350110342406,165.74441456550085,243.49745699176856,546.02183798328042,188.42984198428164,132.09806832538521,131.18753974424197,155.1735165593515,156.76105821821517,187.3804636779027,192.12236009648242,219.34113522176233,227.3069533992996,248.40980642475409,252.41048180789249,2.0344499851680951,-1.5389955605037642,-0.8833627726465636,0.65563278785720058,-0.065841242681415224,-1.8506436128766381,-1.7848023701952229,2.5681024575880826,-2.1610089757177491,-4.7291114333058317,5.8552902039436958,-2.0548674752683382,-7.9101576792120341,2.3905773371874091,-1.6704257788656776,-4.0610031160530866,98.614317659994413,87.197343480733252,11.41697417926116,86.700953636511258,11.913364023483155,115.14772968315947,170.70285579367192,311.79759109497536,187.90737827077962,135.52329796553738,140.25447358457271,159.64179493876031,162.33604871021606,187.71901450867929,195.52486595309028,213.22145090847275,229.28931500785956,243.28995494476126,252.99170668518198,5.4858277453609219,2.6843546442975992,-2.8029673532322477,-5.4873219975298468,-0.27361376951316174,-3.0686357181565427,-2.7950219486433809,4.7656476065496634,-3.0451507797494912,-7.8107983862991546,13.035924826363555,-2.4594536881300257,-15.495378514493581,7.226032440356164,-2.3858939484534574,-9.6119263888096214,32.302756498240342,34.596062538818842,-2.2933060405785,34.695770755462945,-2.3930142572226032,50.596684913498393,72.794601011832128,234.22424669936299,189.64019124323812,120.79861373797505,119.87754879137711,144.19607957622722,141.02082601006092,186.7222676435315,183.76786910698763,235.20972087077078,222.02632483073333,255.65574182992179,251.0041834980172,-5.0288588551864279,0.45698283272729157,-0.188936396971215,-0.64591922969850657,-1.2553749549376221,1.997919911406683,3.2532948663443051,-2.6997381032003887,-0.29278774474977354,2.4069503584506151,-13.070495772883078,-0.19735007548948147,12.873145697393596,-5.374305491195372,0.14160129146779354,5.5159067826631656,3.4513777601928268,10.51468660054735,4.2233502048013634,2.2273718115703076,-0.20777252683174652,0.98176118542446034,2.1975451489615807,7.465385709750052,7.1806346224198592,26.106420599246633,4.8354551031687549,12.600337931551536,0.5710350198567018,0.69473067907005714,0.70104574356783744
1872,2020,127.82558470757763,42.725195436192095,4,4,22.746087902919768,-4.2222213745117188,107.70207348494296,107.68979028455578,0.012283200387173565,107.68925433019831,0.012819154744647676,140.89729203207662,243.40049825445021,519.28356809914112,190.61969688266191,132.07337042731154,130.95128917441119,157.60090033438595,156.90222010724062,189.11252526450374,192.28239722792748,223.24886754811348,227.88897068508084,250.39767823219807,253.37688653258888,0.028891514713137667,-1.8215818347995594,-0.83378925021014538,0.98779258458941399,-2.5895773964194859,-1.934562710607679,0.65501468581180688,0.88832191910623237,-2.2300468952394965,-3.1183688143457289,2.4729851017669944,-2.0848850221113082,-4.5578701238783026,1.2884404351010801,-1.6970401661544656,-2.9854806012555457,73.29820710129934,69.75829486710245,3.5399122341968905,69.604384977183145,3.6938221241161955,85.798165254682317,165.04271987636093,275.51827747072093,192.11501997956626,140.92958137226674,142.24052083269561,163.7111495032089,164.36133976403949,191.81772194187167,197.09220144097151,218.11607883892134,230.22925875206775,248.36274707536813,253.64050139273041,2.1675655356595485,-1.3203672815292862,-3.035485231408785,-1.7151179498794988,-3.0061447278914102,-3.2839573121062529,-0.27781258421484267,1.9695436335940713,-3.1761021452944647,-5.1456457788885359,8.8063920570063203,-2.8167095744126414,-11.623101631418962,2.6270595459562003,-2.6461021946419123,-5.2731617405981126,34.403866368742456,37.931493639246582,-3.5276272705041265,38.084869402685399,-3.6810030339429431,55.099126807196626,78.35777840044102,243.76529081910849,187.80914035770232,121.19706280440303,120.99561641376803,143.08665304331439,141.37304128501981,180.57148226877368,182.41459670777681,232.43918067821491,222.80810759460022,255.09169846839711,252.80155387565912,-3.250704364483596,0.42821581380924556,-0.59021906163542326,-1.0184348754446688,-0.73952367550285203,0.97073065044321538,1.7102543259460674,1.6341763588834795,-0.28548885724831052,-1.91966521613179,-9.7971478554399596,-0.079550967342271406,9.7175968880976882,-2.373262149726969,0.14282871747130343,2.5160908671982725,2.1386740209464108,5.4182699001431445,0.5012145532702732,-1.7485830953385317,-0.41656733147192426,-2.2666210523885582,1.0812217144878389,0.3353672747105918,6.333406955239326,18.60353991244628,1.3386191108551202,5.0003216956831693,0.53057384133926466,0.60894119409441549,0.67807059172009465
1873,2020,128.07558585114811,42.725195436192095,4,4,22.746087902919768,-2.3684234619140625,109.16621929226676,109.94455254360946,-0.77833325134270126,109.97839265983202,-0.81217336756526493,140.42781366848249,238.29443697981696,512.57838268205523,190.71770585146459,132.72086353677423,132.36368622615757,159.66767320783799,157.56290655386874,189.46648322972158,192.53081707368216,221.87221726059579,227.69826218746721,249.72735994334681,253.07272812176467,1.1322254632401894,-0.66707961562300966,-0.5247443191929051,0.14233529643010456,-3.1144623009843428,-1.0620558061498286,2.0524064948345142,1.8865359281153076,-1.2239098289059029,-3.1104457570212105,4.6539988130953134,-1.0983207542084301,-5.7523195673037435,2.3425888911500294,-0.95452004566286064,-3.2971089368128901,76.71225744739786,76.251394464627083,0.46086298277077731,76.231357990058314,0.48089945733954664,89.14629602506966,170.40127162804311,285.84931183222216,192.01144009806634,142.23773037088012,141.44972999611969,164.79956584280444,163.86996713663083,191.6986163863705,196.09180387090825,216.8500156794174,229.56739717654179,245.59620756634175,253.08840526377739,3.0882702805394047,-2.0884736895087599,-1.528534560076622,0.55993912943213786,-3.1868678153521728,-1.7303063142580868,1.456561501094086,2.9522512975782149,-1.7547598986111268,-4.7070111961893417,10.957094556644535,-1.640256544298353,-12.597351100942888,5.83013694288843,-1.463451301755299,-7.293588244643729,32.4539618448689,33.693156833562171,-1.2391949886932707,33.747034848587646,-1.2930730037187459,51.281517677136435,67.893165267954828,226.72907076403499,187.90011433222801,121.33971192337158,121.6621734475891,142.8208090728055,141.53363240924014,180.45238701935369,182.92943071717124,232.65637645448902,223.26459695309813,256.22887659638712,253.03355316477948,-2.614913304001476,1.395021476241638,-0.3881923774353595,-1.7832138536769975,-0.081779787886347322,1.167196366736647,1.2489761546229943,2.6455995992052692,-0.11157399119747424,-2.7571735904027435,-9.5479726740209401,0.19590788492399724,9.7438805589449373,-3.0443870351867588,0.20576004304513162,3.2501470782318904,1.9560448172992153,5.7031835845408807,-1.4213940738857502,-3.4834951657503979,-0.072405514367829937,-3.1050880274658255,1.0657153694629073,0.3066516983729457,6.3030957435492212,20.505067230665475,3.4875480517384005,8.8745239780751888,0.55766946381258187,0.63481936872935585,0.71508707373842606
1874,2020,128.57558813828902,42.725195436192095,4,4,22.746087902919768,-4.2857131958007812,108.35430270433426,109.78054547309875,-1.4262427687644958,109.84255623817444,-1.4882535338401794,141.96986986667571,214.38246597790749,490.40180562436581,189.5608469609636,131.28593667082683,132.09205920448832,156.03461868543397,157.97902240062589,188.6380890865486,193.06187756037269,223.43789568845094,228.66756556880159,248.85712732471453,252.81658624202632,1.7804137087610172,0.14756084262006652,-0.78911014076743413,-0.93667098338750066,0.080095547455300675,-2.0468396427447715,-2.1269351902000722,2.3088919562283934,-2.1161771029081251,-4.4250690591365185,3.3495373245515054,-1.8588121927375596,-5.208349517289065,2.309246960555754,-1.6544252353495779,-3.9636721959053318,77.664531886577606,76.383121430873871,1.2814104557037354,76.327407896518707,1.3371239900588989,91.74379338898575,148.59003138297885,276.44093323522247,191.18639284244762,136.14400787406893,141.82699742824047,161.41787208098395,164.15590221335515,191.2604089843403,197.00955338517176,220.00041679628185,231.46777310885031,248.07258386727835,253.79567694225435,3.6179975634233017,3.1851930219706617,-2.8498877407384668,-6.0350807627091285,-0.60764400517069816,-3.1170164219334708,-2.5093724167627727,2.7464864156652311,-2.8946348407993412,-5.6411212564645723,8.7521061472872645,-2.4439907822322766,-11.196096929519541,3.5272937500910757,-2.1508171761156802,-5.6781109262067559,30.689770817756653,33.397423446178436,-2.7076526284217834,33.515147268772125,-2.8253764510154724,50.226076388282991,65.792434334158315,213.96087203919888,186.19350788634088,120.93848222465941,121.69930110083632,141.50471060112562,141.80906869543145,180.18300532909336,183.55123114967944,231.06455152307927,221.96635543720893,251.85798326033009,249.99264613249079,-1.9717809712041685,1.5901595174771899,-0.55413715547376796,-2.1442966729509578,1.8838172400457722,1.6408415192925361,-0.24297572075323615,2.6735198705996766,-0.65160434179043136,-3.3251242123901079,-10.288918157538234,-0.4284577256929083,9.8604604318453255,-2.2140226193432113,-0.16281760445787086,2.0512050148853405,1.8375838546622845,5.5897785346274702,3.0376321793505952,1.5950335044934718,-0.68773955262599884,-2.4914612452164704,0.43759445943683772,0.072966545065554556,5.4025688227357591,19.041024304825498,1.2180467895353218,5.741316369434287,0.56370292699731328,0.64622016963981577,0.69310720307831208
1875,2020,128.82558928185949,42.725195436192095,4,4,22.746087902919768,-5.5454559326171875,96.519960536057624,96.991316914016352,-0.47135637795872753,97.01181164422087,-0.49185110816324595,133.75832111360796,223.85843039982501,494.93634958565235,190.54991582384119,132.46542524365006,134.55008257363014,157.76727724195931,160.87377991552304,189.41403230453793,194.99543702976425,224.70117774592256,230.28982784901464,248.89145746032477,253.18523963044385,2.0698202376411245,1.1275634896892655,-1.2578512040810494,-2.3854146937703149,0.45814703768962772,-2.6442848377946575,-3.1024318754842852,2.8163173760619031,-2.7734416701570126,-5.5897590462189157,3.1086707163082394,-2.4704914308538548,-5.5791621471620942,2.1239846276417893,-2.1510303812626432,-4.2750150089044325,70.886919821155061,67.951302700426822,2.9356171207282387,67.823665977633937,3.0632538435211245,88.022899408916146,160.38321626314337,290.12183061195537,192.53294166316189,139.8133555464226,144.28671161134292,162.31194835713367,166.97960305537197,191.97692532908869,199.19152352494308,223.46878135672108,233.53634850357179,248.36044457619244,254.50902276525048,3.6641495605480259,1.3654743478549278,-3.4836369349973211,-4.8491112828522489,0.39136864339889144,-3.8822902200831777,-4.2736588634820691,3.7157415788760204,-3.3730678044978788,-7.0888093833738992,6.8997551281401854,-3.1691799601666162,-10.068935088306802,3.3713272738429225,-2.5666939718352069,-5.9380212456781294,25.633040499513299,29.040016009857027,-3.4069755103437274,29.18814524935442,-3.5551047498411208,45.735421416151439,63.475214234724262,204.81451860815287,186.03940530445635,122.55729852613314,123.8207447168066,143.14459606448759,144.67878057168443,179.94557503098287,184.9622131916332,230.04961181950418,222.1188238267373,251.34953411612281,248.5871963680749,-1.1111992624619802,1.552055455733111,-1.2454644078893864,-2.7975198636224974,2.6040878961875649,0.91784574321101786,-1.686242152976547,3.5506191881297298,-1.3982392775129711,-4.9488584656427008,-9.2442036354588026,-1.2671918578405723,7.9770117776182303,-3.2676171891901333,-0.15030172010136766,3.1173154690887657,1.5943293229069013,4.7753488230100061,0.23791085816566238,-0.18658110787818316,-0.066778394290736287,-2.2127192527886734,0.89942420281411728,0.16512239074629065,3.791084411831946,16.143958763598988,1.2473426462011332,6.6389444630330559,0.58618008326694471,0.65807419438341841,0.71644930225182502
1882,2020,82.825378864894333,42.47519429262163,1,10,22.836202739143371,17.350006103515625,87.440311458367432,87.088952217465703,0.35135924090172921,87.073674778814166,0.36663667955326673,86.614812534096927,66.650305591028882,185.84461467154324,184.68192055029462,130.69067193053442,130.89579120217596,149.24731403598835,149.30098761895192,183.64385028364154,179.6144492364366,219.22261569664843,211.85283614535362,242.00999383064288,236.13134776794439,4.1284892299221951,5.7485773127359323,5.1523731231794443,-0.59620418955648802,8.2302233265818927,7.8429882118264231,-0.38723511475546957,4.4084138479728097,8.5402589265669349,4.1318450785941252,0.97594660277593448,8.3449976058638242,7.3690510030878897,0.90336546037326571,6.6311144927590533,5.7277490323857876,3.4754512390677519,3.6883654708221911,-0.21291423175443924,3.6976225819025785,-0.22217134283482665,3.4754512390677519,10.961413346315823,16.165201231837273,215.04182790848054,182.50013377533546,157.91000089704733,195.06866059359805,174.06450517815853,218.79183094817171,193.9388504172093,236.65286169807376,213.60637607444855,250.86073003402166,229.46000107926761,-4.9072570799339985,-6.7634704054045756,16.842341164085866,23.605811569490442,-2.6361244376288937,16.811471030652399,19.447595468281293,-7.8128194285644099,16.321471586362634,24.134291014927044,-8.2653261390277635,15.975383670861078,24.240709809888841,-7.0476615784330079,13.775655777251473,20.82331735568448,83.964860282070731,83.400585205865355,0.56427507620537654,83.376052066407283,0.58880821566344821,83.139361357800226,55.688892374446368,169.67941361106932,181.52476878843603,128.99466441331629,129.7369107715798,147.14399592217956,147.11309787603486,176.41963060494254,177.25626197671238,215.84694595472783,211.4984149113784,240.67456151947249,236.91889006167412,5.3229231098086416,6.0240349627179057,4.8369464752638862,-1.1870884874540195,7.7322204079892458,7.5151334654821085,-0.21708694250713734,8.2556123482629573,7.6244985302425334,-0.63111381802042388,2.6742441410307265,7.177008358899883,4.5027642178691565,1.8858635103344739,5.795163465810873,3.9092999554763992,-9.0357463098561936,-10.23018018974264,-12.512047718140508,-12.787505368122481,-10.866347764210786,-10.36834484561814,-12.22123327653722,-16.068431776827367,-9.241272741803698,-10.93957028005849,-7.9510270388062736,-8.9335250887674817,0.086982349531124228,0.040125368137229417,0.16446156171549836
1884,2020,84.575386869887566,42.47519429262163,1,10,22.836202739143371,13.695648193359375,80.794463872909546,83.20862752199173,-2.4141636490821838,83.313591480255127,-2.5191276073455811,82.834713929576537,79.653233700133569,222.915747217834,192.4242719068701,142.54969558672752,143.27523409303348,163.34762595984679,160.92270233318382,192.39869623191828,186.78778473743901,220.04284904661714,213.31599555530818,241.08690852570319,235.99811395993328,1.128156612323636,2.9715282383374699,2.2359553428531456,-0.73557289548432436,2.739446319301635,5.2306895491024079,2.491243229800773,1.5157118564345353,7.20225694329622,5.6865450868616847,0.44841370995482066,7.1966167115500355,6.7482030015952148,-0.42562084167244052,4.6499113027724661,5.0755321444449066,32.569117929786444,33.589979234384373,-1.0208613045979291,33.634364468744025,-1.0652465389575809,32.569117929786444,41.459639465478176,75.737295398488641,198.48919656202239,159.66557688868733,152.26402932428309,175.09853308009107,166.45750800976134,198.7800792199339,186.07780640743167,218.70401112883891,205.53231112087732,237.27784237225191,221.29665708340036,0.98225178191933082,6.2921915324849067,13.195346304890734,6.9031547724058271,4.9470551306116306,13.251457821114286,8.3044026905026556,0.46428936052106451,13.247608743405095,12.783319382884031,-0.18818987376786822,13.038104009539296,13.226293883307164,-3.9635617759370803,12.532786693101031,16.496348469038111,48.225345879793167,49.618649542331696,-1.3933036625385284,49.679227530956268,-1.4538816511631012,50.265595936460159,38.193594314283473,147.17845176905394,187.34872428826603,136.1379735882079,137.59253544455294,149.87542070017528,153.44587848272846,184.16756456583903,188.21992556408748,221.73393637911732,224.54551220142545,244.89260957017851,244.70344491137061,1.2098481859430308,2.2455513081395964,0.4054541510595584,-1.840097157080038,2.3113658893998661,-1.4134121823890951,-3.7247780717889611,0.46394183521377386,-3.7224412287074244,-4.1863830639211983,1.8059891926323246,-0.88575399066141358,-2.6917431832937382,1.5750971014336699,2.0566252278566424,0.48152812642297249,-0.14590483040430513,-0.22759640402369996,3.3206632941474368,4.0466402243453103,2.2076088113099956,2.6356892412117645,-1.0514224959134708,0.00034752530729065256,-0.63660358372268888,-1.9941790664001928,-3.5379409342646397,-5.5386588773707501,0.33975749288128088,0.39318199320970287,0.52050164870341797
1885,2020,84.825388013458024,42.47519429262163,1,10,22.836202739143371,17.600006103515625,99.457158899816932,105.45105180135579,-5.9938929015388567,105.71165828641642,-6.2544993865994911,97.465260459792262,85.576067824567872,262.63781061396003,193.04590099922817,142.4602906654124,143.42530182054267,162.25095826673763,160.93785834466092,192.9881306844093,186.59185203209933,220.90854884481703,213.7960000710664,243.73536348785683,236.97924428230303,2.280667742314165,4.8217804167196618,3.819107473108545,-1.0026729436111168,4.8257528682100315,6.3161346076930158,1.4903817394829844,2.5541024513617003,8.9991069587383379,6.4450045073766375,1.6777535350603046,8.8642200990015567,7.1864665639412522,-0.34354267385865001,6.3908375206479207,6.7343801945065707,26.275513997683447,31.81704424383679,-5.5415302461533429,32.057980253501228,-5.7824662558177806,26.275513997683447,34.911135431804951,63.929007362108678,202.43185510677404,167.68244047237772,155.4122054557003,183.92040015447347,169.5518476249778,201.41870870106192,187.57694886644231,220.345295006871,206.92167581058214,238.90407500120961,223.14535636050792,2.4427215726403517,5.0581437900388266,16.64762269174912,11.589478901710294,2.598447583736629,16.859054720485545,14.260607136748916,2.8808346295222407,16.73547603103188,13.854641401509639,2.5176457763064946,16.232231761243355,13.714585984936861,-1.0177246929040678,15.352590390880891,16.370315083784959,73.18164471959426,73.634010143476189,-0.45236542388192902,73.653677687860181,-0.47203296826592123,71.18974627956959,50.664932756723829,198.70880348607898,188.33295056297843,138.07091980370154,138.55177782049176,152.47846534669898,152.95596583601977,183.48670030756966,185.04315264220347,221.42242780357208,221.83203937192371,246.01031975732334,244.13876325768939,0.66840224695636152,2.840946128242706,2.2656674635218508,-0.5752786647208552,2.4585261239310228,1.874862222410826,-0.58366390152019676,-0.26380159708614315,-2.2898139510448914,-2.0260123539587482,0.28112055557141957,0.22467604838769262,-0.056444507183726955,0.67227011555741001,2.9279786147934885,2.2557084992360785,0.1620538303261867,1.7743193256839902,0.23636337331916479,2.2171976617961207,-2.2273052844734025,0.13992145980560622,0.32673217816054034,3.1446362266083838,0.83989224124619,2.236525220735075,-0.67418201904541775,-1.6899948084614778,0.24341128648865856,0.2695885064455657,0.4079544236990798
