pixel,year,lon,lat,zone,igbp,area_km2,A,E_I,E_K,E_R,E_K_loo,E_R_loo,E_early,E_late,E_annual,E_centroid,E_q10,E_q10_null,E_q25,E_q25_null,E_q50,E_q50_null,E_q75,E_q75_null,E_q90,E_q90_null,E_centroid_advance,E_q10_advance,E_q10_null_advance,E_q10_gap,E_q25_advance,E_q25_null_advance,E_q25_gap,E_q50_advance,E_q50_null_advance,E_q50_gap,E_q75_advance,E_q75_null_advance,E_q75_gap,E_q90_advance,E_q90_null_advance,E_q90_gap,Et_I,Et_K,Et_R,Et_K_loo,Et_R_loo,Et_early,Et_late,Et_annual,Et_centroid,Et_q10,Et_q10_null,Et_q25,Et_q25_null,Et_q50,Et_q50_null,Et_q75,Et_q75_null,Et_q90,Et_q90_null,Et_centroid_advance,Et_q10_advance,Et_q10_null_advance,Et_q10_gap,Et_q25_advance,Et_q25_null_advance,Et_q25_gap,Et_q50_advance,Et_q50_null_advance,Et_q50_gap,Et_q75_advance,Et_q75_null_advance,Et_q75_gap,Et_q90_advance,Et_q90_null_advance,Et_q90_gap,En_I,En_K,En_R,En_K_loo,En_R_loo,En_early,En_late,En_annual,En_centroid,En_q10,En_q10_null,En_q25,En_q25_null,En_q50,En_q50_null,En_q75,En_q75_null,En_q90,En_q90_null,En_centroid_advance,En_q10_advance,En_q10_null_advance,En_q10_gap,En_q25_advance,En_q25_null_advance,En_q25_gap,En_q50_advance,En_q50_null_advance,En_q50_gap,En_q75_advance,En_q75_null_advance,En_q75_gap,En_q90_advance,En_q90_null_advance,En_q90_gap,centroid_Et_minus_E_advance,centroid_Et_minus_En_advance,qdiff_Et_minus_E_q10,qdiff_Et_minus_En_q10,qdiff_Et_minus_E_q25,qdiff_Et_minus_En_q25,qdiff_Et_minus_E_q50,qdiff_Et_minus_En_q50,qdiff_Et_minus_E_q75,qdiff_Et_minus_En_q75,qdiff_Et_minus_E_q90,qdiff_Et_minus_En_q90,Et_fraction_annual,Et_fraction_early,Et_fraction_late
3868,2004,101.8254657762495,34.475157698366822,6,10,25.477303873744965,-5.68182373046875,71.782661115585142,69.584103231791232,2.1985578837939102,69.488514793065406,2.2941463225197367,101.50698453123368,96.740360179943309,333.29122828692198,196.21680309394705,142.33977905622194,144.84247050301954,164.42720951440984,168.1279751934012,195.03018306612134,199.9868607408176,226.77456216058891,229.98447860931759,251.29265320391119,251.95216570660529,1.3558829948443645,2.1761919618989509,-0.39191116609387677,-2.5681031279928277,2.3092982698771038,-1.3942198630648193,-3.7035181329419231,2.6426853846788845,-2.1289998206659675,-4.771685205344852,0.83975471534122903,-2.4002880064351473,-3.2400427217763763,-0.86885754352064737,-1.4060229310936165,-0.53716538757296917,36.210424470558792,34.157758668603492,2.0526658019552997,34.068511655243128,2.1419128153156635,40.0765937034339,49.712076580040502,108.98542818636633,202.18406106897959,161.03247895922416,170.66886688655177,177.71506013304335,186.8294324339488,202.09413197944951,209.79144177020601,225.45041519731134,230.93715024961367,244.32692284366658,248.21415696192113,1.9745565191454659,4.8167018705208875,-5.0377829759152633,-9.8544848464361507,3.6149860076744744,-5.1297540217318556,-8.74474002940633,2.138341973380733,-5.1001322063933117,-7.2384741797740446,0.17702828974870499,-4.9182148023180901,-5.095243092066795,-1.0852874190652813,-4.2971939358097586,-3.2119065167444774,35.572236913247252,35.426346039757846,0.14589087348940666,35.420003026741142,0.15223388650611014,61.430391174251781,47.028283604982789,224.30580012872815,191.27674482377867,137.04883102072074,138.65621011151737,152.34147999357566,152.31160660900974,184.30745000625046,184.67878377869656,228.36249192499685,228.55876656196307,257.26639919974946,255.10041541706002,0.7973114266975756,1.0386270730984393,-0.67442120413429052,-1.7130482772327298,0.38575556462504323,0.15501836469638874,-0.23073719992865449,2.1497470531954548,1.9148140871768078,-0.23493296601864699,1.6614867748895961,1.4631802643928324,-0.19830651049676362,-2.0849022172775733,0.21507163878416691,2.2999738560617402,0.61867352430110145,1.1772450924478903,2.6405099086219366,3.7780747974224482,1.3056877377973706,3.2292304430494312,-0.50434341129815152,-0.01140507981472183,-0.66272642559252404,-1.4844584851408911,-0.21642987554463389,0.99961479821229204,0.32699758930512129,0.39481611919130882,0.51387111323105306
3869,2004,102.07546691981996,34.475157698366822,6,10,25.477303873744965,-0.875,113.55004773522705,121.52880921678661,-7.9787614815595589,121.87571177349673,-8.3256640382696787,138.45954524214358,110.95190097902923,374.55779784172773,199.90322949547652,140.02024170805549,142.27114436238492,165.60651396606505,167.76276375526149,199.56635500230075,200.75795099051447,233.2576280333607,232.10223916598582,259.99809186657399,257.91386115156774,0.27630829874883034,2.2930821216434367,0.040310784011012402,-2.2527713376324243,1.8919214743580994,-0.23354402590339873,-2.1254655002614982,0.63610642467949674,-0.394441425369223,-1.0305478500487197,-1.3076575116234039,-0.3303562070015289,0.97730130462187503,-2.4874456325060805,-0.18998563308991834,2.2974599994161622,64.932868936844898,69.519685329047206,-4.5868163922023086,69.719112799799404,-4.7862438629545068,66.506581767276657,62.059590432978439,151.45989579916932,205.66122966188681,159.51490906435367,164.41874359086577,178.17452711345493,182.62950394289868,204.49328284153447,207.16061140058756,231.25170470051452,230.7507807695446,255.38469012889152,251.93719154374591,1.0473357343074099,4.4580332334403749,-0.76987012866428017,-5.2279033621046551,3.7657990232462168,-0.79460586692695756,-4.5604048901731744,2.1373939121690171,-0.80236724994699671,-2.9397611621160138,-0.66031690873057869,-0.80782463440854713,-0.14750772567796844,-4.7722716038753106,-0.72641354220422727,4.0458580616710833,48.617178805832737,52.009122777603807,-3.3919439717710702,52.156598777498402,-3.5394199716656658,71.952963554029338,48.89231031322015,223.09790170192719,193.77734605923132,132.09365744789815,132.93694812308203,149.05845643188761,147.56029085905109,186.80314801642243,185.19773663045015,236.30691272861193,234.78038873916117,267.02035031648114,265.11886198791501,-0.9667698105988336,0.79014495246246952,-0.073963678533004895,-0.86410863099547441,-1.3049236538869309,0.11605967898071867,1.4209833328676496,-0.78062751146742926,0.64666798107154477,1.427295492538974,-0.99934040486428444,0.60409207940156762,1.6034324842658521,-1.7686493705914472,0.35267084939243887,2.1213202199838861,0.77102743555857955,2.0141055449062435,2.1649511117969382,3.6678882809779054,1.8738775488881174,5.0707226771331477,1.5012874874895203,2.9180214236364463,0.64734060289282525,0.33902349613370575,-2.28482597136923,-3.0036222332838634,0.4043698907669514,0.48033222737347064,0.55933778407914059
3870,2004,102.32546806339042,34.475157698366822,6,10,25.477303873744965,-1.5,102.39499221567348,108.91567539303287,-6.5206831773593876,109.1991834015389,-6.8041911858654203,129.58795930270389,116.5187355330836,365.30827355384827,196.6123900291233,135.23119732516929,138.43773326684411,160.37472639382671,165.13587354983318,195.7292815121919,199.61346440516394,231.34952298866546,230.60529776318239,258.54913673348955,256.18981349507391,1.2998310722078656,3.3814082042808593,0.077781451559928882,-3.3036267527209304,4.3276656334632833,-0.40930412602463662,-4.7369697594879199,2.9049013900942668,-0.63603461105270753,-3.5409360011469744,-1.2442202208631272,-0.68555819720967293,0.5586620236534543,-2.8161142121168155,-0.39093749344931439,2.4251767186675011,51.167162240997641,56.476093808509177,-5.3089315675115358,56.706917022072957,-5.5397547810753167,52.93584692413242,68.71992011268685,145.75473163445713,206.78273547590388,158.78002471845375,164.70528352438052,178.72617605179218,183.75117501009373,207.48420422630838,208.0344652140889,233.55242210799071,230.9050627286463,257.96286640608469,251.89375890464177,-0.23374497918493375,4.8530974779781957,-1.3279275845735867,-6.1810250625517824,3.6084610120179832,-1.3648910515217665,-4.9733520635397497,-0.694760239825996,-1.3799487230963905,-0.6851884832703945,-3.6756321230589322,-1.3294427096046491,2.3461894134542831,-7.7837556363544138,-1.1900187942404159,6.5937368421139979,51.227829907620617,52.4395812889843,-1.2117513813636833,52.492266473839663,-1.2644365662190467,76.652112875664898,47.798815482485224,219.55354250967503,186.67046977078041,128.5971716099221,129.31099439670859,140.40621710845278,144.0678668038538,179.14820414739111,179.67812386248684,228.02851921314956,229.98272845985989,259.68418985076471,261.45201655290333,1.9227738357845681,0.9144085373960138,0.10222005877179186,-0.81218847862422194,3.8003104240295613,0.10917678948584353,-3.6911336345437178,1.3855698965265333,0.6754617702571295,-0.71010812626940378,2.5248928242895374,0.85950098112718365,-1.6653918431623538,2.0657014738938528,0.43257360159736891,-1.6331278722964839,-1.5335760513927994,-2.1565188149695018,1.4716892736973364,3.9386889405821819,-0.71920462144530006,-0.19184941201157812,-3.5996616299202628,-2.0803301363525293,-2.4314119021958049,-6.2005249473484696,-4.9676414242375984,-9.8494571102482666,0.39899104998773632,0.40849356073645571,0.58977571116170369
3871,2004,102.57546920696089,34.475157698366822,6,10,25.477303873744965,0.0416717529296875,119.02431437961786,130.16677850340784,-11.142464123789978,130.65123503231007,-11.626920652692206,145.20477380942248,108.13467000274977,361.7375633046031,197.67548976742017,134.42022520010198,138.13467336250702,160.46538003929842,165.03313348169218,197.9860412613846,200.33100981803841,232.94252218668197,232.06955269778098,259.93816497202704,258.60982947308656,1.4810966297854407,3.7858655330278737,-0.0010591165895732502,-3.7869246496174469,4.5895551336248275,0.011079950188133125,-4.5784751834366944,2.0399277340997628,0.019645287139809398,-2.0202824469599534,-0.92575006260418036,0.019595805120815157,0.94534586772499551,-1.5352591686721553,0.01547863815051187,1.5507378068226672,59.819431790276212,68.319707789887616,-8.5002759996114037,68.689285426949937,-8.8698536366737244,60.728317969604177,62.702652681416566,141.98019584361464,208.46518199196032,159.92984847512193,163.92373567490282,180.95463759448018,183.49717731992621,209.47632557272667,208.21387900963964,234.28889045126704,231.21866212762302,258.37247998905229,252.05041327052859,-0.84912215130179902,4.0652661741709153,0.037471104854830628,-4.0277950693160847,2.7866528343527932,0.036712678451692682,-2.7499401559011005,-1.6678478864826616,0.038782489090351646,1.7066303755730132,-3.1772082760107025,0.036794544062786372,3.2140028200734889,-6.8824088690365954,0.034251541740360381,6.9166604107769558,59.204882546500812,61.847071341853734,-2.6421887953529222,61.961949376875054,-2.7570668303742423,84.476455633064688,45.432017361690669,219.75736717507243,187.42379373936205,128.14220642649991,129.09829001756219,139.71772530768155,144.36405182118799,178.8283884939483,181.80181808516056,230.68211820361051,233.83159447902065,262.87250069867434,266.03215001130434,2.8297253891323351,1.0200599510603467,-0.0087189855643430292,-1.0287789366246898,4.6262182450617502,-0.0026429847701763265,-4.6288612298319265,3.2245293062411804,-0.010221047500749592,-3.23475035374193,3.0753498337494989,-0.02179977437029379,-3.0971496081197927,3.0942262001786389,-0.00090258866646308888,-3.095128788845102,-2.3302187810872397,-3.6788475404341341,0.27940064114304164,3.0452062231105685,-1.8029022992720343,-1.839565410708957,-3.7077756205824244,-4.892377192723842,-2.2514582134065222,-6.2525581097602014,-5.3471497003644402,-9.9766350692152344,0.39249503022736798,0.41822535428007712,0.57985706785642466
3872,2004,103.07547149410182,34.475157698366822,6,10,25.477303873744965,-8.0416717529296875,98.784074452469213,102.4973694643304,-3.7132950118611916,102.65881690854803,-3.8747424560788204,135.36093545060794,123.31815172043935,366.9052405487746,197.09743956266101,135.83431245535664,139.33249034564284,165.07795948752553,167.91198535810989,198.7804684994463,203.23496812934744,229.65138514489152,233.85364476533721,255.12347473586806,257.09908685766845,0.8460528764349533,2.7898517064423061,-0.78532037775644881,-3.5751720841987549,0.40190220463998116,-2.3038484867927593,-2.7057506914327405,0.51745236055143096,-3.8510698545761386,-4.3685222151275696,0.41240918331021703,-3.942250908598993,-4.35466009190921,-0.70788601829872277,-2.5082036665320686,-1.8003176482333458,50.36341790174265,52.9558447232248,-2.5924268214821495,53.068558642713469,-2.705140740970819,51.451259248602582,70.087405953723646,138.73837265698239,207.99064398448112,168.25915403751776,171.09159417337671,186.48218864066678,190.30592700156089,207.5718988730795,213.85254388996185,229.68478441095266,236.16494242575371,250.99040777739853,255.15111667284063,-1.5507284753888371,-4.312205958673843,-7.1927418960161447,-2.8805359373423016,-3.0696600953923792,-7.2723465005214507,-4.2026864051290715,-0.65054682715518197,-7.273513678907193,-6.6229668517520111,-0.10705000399676123,-6.8228462425406349,-6.7157962385438736,-2.0916917915499198,-5.7928971992526499,-3.7012054077027301,48.420656692287594,49.54152504906142,-1.1208683567738262,49.590258037349486,-1.1696013450618921,83.909676298862905,53.230745625154668,228.16686764918268,187.44349857327174,128.59083733593553,130.44896172996613,141.68803075129927,147.08718782641208,180.48158707051442,184.02768799332924,229.40682501771903,229.42231468359199,258.06450999247733,258.96323930727459,2.7126499699388944,1.1983029489335877,-0.63614849805898643,-1.8344514469925741,5.1211372958935328,-0.44914890241614103,-5.5702861983096739,4.6789475716994389,0.78734971996775016,-3.8915978517316887,1.6095548933812722,1.6205641602329592,0.011009266851687016,1.5822344088060163,0.80588316614864652,-0.77635124265736977,-2.3967813518237904,-4.2633784453277315,-7.1020576651161491,-5.5105089076074307,-3.4715623000323603,-8.190797391285912,-1.1679991877066129,-5.3294943988546208,-0.51945918730697827,-1.7166048973780335,-1.383805773251197,-3.6739262003559361,0.37813134652825758,0.38010419385271399,0.56834622458996054
3873,2004,103.57547378124274,34.475157698366822,7,10,25.477303873744965,-4.8636322021484375,102.31736934185028,104.98985385894775,-2.6724845170974731,105.1060483455658,-2.7886790037155151,134.43919336681574,154.92110293548285,394.04902357049286,195.59397348022441,134.04564272112199,136.7530433949338,163.71378967222657,165.00236120565611,197.92031007308449,199.95671634498234,227.70566799749486,231.27236864544133,252.96732813029109,255.03379003165645,0.57027758824776242,2.017027252940693,-0.71325789503089254,-2.7302851479715855,-0.29554593840208554,-1.5665717790047893,-1.2710258406027037,-0.38399326355795438,-2.3787842866544509,-1.9947910230964965,1.2857207386360869,-2.2969375133507413,-3.5826582519868282,0.3966263113759112,-1.45339603366196,-1.8500223450378712,51.710667356848717,54.141595333814621,-2.4309279769659042,54.247288554906845,-2.5366211980581284,55.233553127030973,96.016451717072414,172.3504121764563,204.38080561267992,158.46237982158573,158.36875991344365,181.99365807019151,181.09496390639723,205.23917392219656,207.38767431693825,227.75975497400432,231.91656816423651,247.81960866229264,252.34444624920303,-2.1521732829264977,-3.464051914197114,-3.6532350397679636,-0.1891831255708496,-4.9862611021362966,-4.0811256157325033,0.90513548640379327,-1.8663783100144542,-4.155843931742254,-2.2894656217277998,0.43618014766775559,-3.9125934830359483,-4.3487736307037039,1.2078860896485537,-3.1130244563735516,-4.3209105460221053,50.606702089309692,50.848257482051849,-0.24155539274215698,50.858760178089142,-0.25205808877944946,79.205640226238756,58.9046512705645,221.69861167855561,185.9711685586646,124.04847274861154,127.5512184152653,140.83343577998136,146.60333928471823,180.67141912938817,186.18814205131812,227.64659706928461,229.8271536625351,256.59495602084991,257.99259148468906,3.7282915288398328,3.1385431907247181,-0.27238122864346792,-3.410924419368186,5.8092235562806707,-0.039640415420507225,-5.8488639717011779,5.8087138835447263,0.11484054013396872,-5.6938733434107576,2.7654235923337751,0.64942561458454406,-2.115997977749231,1.686703411256758,0.34919377450114553,-1.3375096367556125,-2.7224508711742601,-5.8804648117663305,-5.481079167137807,-6.6025951049218321,-4.690715163734211,-10.795484658416967,-1.4823850464564998,-7.6750921935591805,-0.84954059096833134,-2.3292434446660195,0.81125977827264251,-0.47881732160820434,0.43738317282144951,0.41084412769665224,0.61977645328963749
3876,2004,104.82547949909505,34.475157698366822,7,10,25.477303873744965,-7.2857131958007812,104.53218932126038,106.77148481860786,-2.2392954973474843,106.86884626430401,-2.3366569430436357,133.27751170117699,153.76169160473364,390.91116092633456,194.27630387409519,132.96332862597964,131.2780781465232,160.21153836895996,160.98099276928653,194.22843812378326,196.93335078561211,228.18134685626737,229.88032954606931,254.7421151159291,254.62767543491202,-1.658958652750556,-1.773852806979761,-0.12731973579144551,1.6465330711883155,-1.6954390420626453,-2.3973989879760609,-0.70195994591341559,-0.90737409319390849,-3.607932350094984,-2.7005582569010755,-1.9218594194861112,-3.7659580762654059,-1.8440986567792947,-2.5638479271019605,-2.5529675223401398,0.010880404761820728,65.513216499784903,64.237685438347398,1.2755310614375048,64.182226376331528,1.3309901234533754,72.165243702112093,97.566850805611466,180.95536890806397,198.10293797784973,147.66003925953962,158.72643402756245,172.41746821079693,178.47293489012552,197.66636818029369,205.24659331443536,224.45687780919275,230.77599502040877,246.73423422400808,251.52692292137087,0.30979089424118911,4.4521381352152787,-6.6603039171359057,-11.112442052351184,-0.68402067083653151,-6.725930776731559,-6.0419101058950275,0.73440981057561316,-6.6669163427080491,-7.4013261532836623,0.1327813197751766,-6.3909351446111202,-6.5237164643862968,-1.1104989682557402,-5.7515990142736939,-4.6411000460179537,39.01897241914412,42.533801526027673,-3.5148291068835533,42.68662009658874,-3.6676476774446201,61.112267499875998,56.194840761869273,209.95579167734832,188.73953287128182,124.64555651787117,120.27053627351769,138.80502199620577,137.13643523279453,186.0289271863906,177.66234848036993,234.34973772425593,227.70316116625122,262.66171252522349,258.97716281716038,-3.4412081616182206,-4.640404203126522,-0.46211814561361564,4.1782860575129064,-1.1212594098178954,0.27627944677689698,1.3975388565947924,-4.7908158469489877,3.4824051953833077,8.2732210423322954,-4.5796200297740199,2.3779908354290455,6.9576108652030655,-2.5986559595897916,1.1311484602338169,3.7298044198236084,1.9687495469917451,3.7509990558594097,6.2259909421950397,9.0925423383418007,1.0114183712261138,0.43723873898136389,1.6417839037695217,5.5252256575246008,2.0546407392612878,4.7124013495491965,1.4533489588462203,1.4881569913340513,0.46290663198067195,0.54146601914293391,0.63453289169334171
3953,2004,100.32545891482673,34.225156554796357,6,10,25.551998821846009,0,85.934592291921945,83.702821683365983,2.2317706085559621,83.605787653434163,2.3288046384877816,102.87732644400057,96.109120824063211,322.65675991028547,204.09194224103172,153.38009557568594,151.82373404248978,175.0026430534584,174.58882189219253,202.59450595492322,203.27240594549775,233.87021783282856,232.41080942077392,256.24406251741283,254.2699999526468,-0.63144844629954378,-1.0753632271077151,0,1.0753632271077151,-0.46932029627814131,0,0.46932029627814131,0.63722564939234871,0,-0.63722564939234871,-1.4617933937403507,0,1.4617933937403507,-2.0771424884650855,0,2.0771424884650855,47.904929698328488,43.323864563692041,4.5810651346364466,43.124688013394916,4.7802416849335714,50.810889345477335,55.15694935036845,119.70051318488549,208.34536632524606,168.63641115436968,171.6133477539147,184.60940197610498,187.33962813510399,206.70086451752206,208.89863156250817,231.92083902630057,230.59755705491739,253.02363581013762,248.6223796686962,0.9836701630857192,3.2095234652717579,0,-3.2095234652717579,3.0210153049706037,0,-3.0210153049706037,2.1653935549583991,0,-2.1653935549583991,-1.2375045283958457,0,1.2375045283958457,-4.6950636811314439,0,4.6950636811314439,38.029662407328942,40.378956051757086,-2.349293644428144,40.481100022502687,-2.4514376151737451,52.066437057545045,40.952171503851787,202.95624655485153,199.24639402972355,147.34906545300726,144.24125893885503,161.68457352891582,159.08700895719426,194.23659315192569,192.11386966703088,236.04687179794075,235.20364535603812,260.81870325028297,259.9776267324732,-1.5860230190871789,-2.7321110660031707,0,2.7321110660031707,-2.2876741670987712,0,2.2876741670987712,-2.2218768501858221,0,2.2218768501858221,-1.2059886666679915,0,1.2059886666679915,-0.99783480424622439,0,0.99783480424622439,1.615118609385263,2.5696931821728981,4.2848866923794731,5.9416345312749286,3.490335601248745,5.3086894720693749,1.5281679055660504,4.3872704051442213,0.22428886534450498,-0.031515861727854144,-2.6179211926663584,-3.6972288768852195,0.37098405506262494,0.49389784028976813,0.57389921869474214
3954,2004,100.57546005839718,34.225156554796357,6,10,25.551998821846009,-1.2083282470703125,90.859215065836906,95.211641028523445,-4.3524259626865387,95.400876119732857,-4.5416610538959503,111.73761594036841,97.516252979636192,322.83419870957732,204.23616202714018,151.0359137384622,150.31002812368695,172.88197473164141,173.73688051597895,202.57493991073602,203.10615113520626,235.84082727600139,233.38733088942786,258.67896576809972,256.36793112301484,-0.95755013663352884,-0.4968149587832329,-0.093361582732796933,0.40345337605043596,0.46911868677551638,-0.38547971853037666,-0.85459840530589304,0.028102390004875133,-0.51364498685555304,-0.54174737686042818,-2.8362025678947305,-0.39773987869813254,2.4384626891965979,-2.6448829159045886,-0.18542151000093554,2.459461405903653,49.531192168593407,50.585687935352325,-1.0544957667589188,50.631535977125168,-1.1003438085317612,52.113661172827392,56.814885504543781,122.57228768120694,210.19211140770958,168.56079253640078,173.4946339476198,184.61169836236962,188.85776065727362,210.09102925385648,210.15800914915712,235.81843183264036,232.02965824539081,255.71238322099225,250.11141630683747,-0.29665596610732337,4.1502575696398196,-1.1712761286682962,-5.3215336983081158,3.3219074534262347,-1.1735169482093681,-4.4954244016356029,-0.83321621433807991,-1.1483854616818405,-0.31516924734376062,-4.3505098406817524,-1.1089721648070565,3.2415376758746959,-7.0150853491618363,-1.0456748097504942,5.9694105394113421,41.328022949397564,44.625952199101448,-3.2979292497038841,44.769339762628078,-3.4413168132305145,59.623954620702534,40.701367624104023,200.2619110904634,197.7694707336361,144.44473243821051,142.69065330140234,158.16456067860429,156.59925450565686,190.15931294212092,189.22145678977938,235.87576414739308,235.69037573017587,263.45049679032371,262.83345707924303,-0.77957556007328321,-1.6844048909952107,-0.13376355903170634,1.5506413319635044,-1.5228694066895798,0.098552792230577779,1.6214221989201576,-0.38457276390477091,0.53553303158531662,0.92010579549008753,0.14110315296940712,0.58835304010972322,0.4472498871403161,-0.16225989231236326,0.47193034823294511,0.63419024054530837,0.66089417052620547,0.48291959396595985,4.6470725284230525,5.8346624606350304,2.8527887666507183,4.8447768601158145,-0.86131860434295504,-0.448643450433309,-1.5143072727870219,-4.4916129936511595,-4.3702024332572478,-6.8528254568494731,0.37967566066776393,0.46639317238197703,0.58261965332495025
3956,2004,101.07546234553811,34.225156554796357,6,10,25.551998821846009,-1.9130401611328125,94.634374335601024,100.18867674919784,-5.5543024135968153,100.43016866630751,-5.7957943307064852,113.95355322926844,97.5885052640715,322.31234691664577,201.10881506765458,145.2399311063941,145.58791244421425,168.11332895632677,170.90909502910932,201.4370148644754,202.52130129357485,232.99691686692074,232.79884711913857,257.75353265916658,256.02202515468571,0.0307857925159567,0.004713039141279296,-0.48455023216428117,-0.48926327130556047,2.037997253314046,-0.80244520646169804,-2.8404424597757441,0.019104654039978186,-1.005174820103548,-1.0242794741435262,-0.95459630901893888,-0.7858143525103003,0.16878195650863859,-2.20638855151239,-0.47454070306844187,1.7318478484439481,48.714499500833881,52.668302985979608,-3.9538034851457269,52.840208263320164,-4.1257087624862834,51.313999052665224,54.923846245160348,118.01949404960033,207.23513009286503,161.68572096709656,169.29941647504802,182.16451408965111,187.69522706652373,208.31164875580279,210.27009706532894,231.58894679285009,233.39999835262944,254.28908965170444,252.60728656521249,1.7387606585278661,6.3553226739244906,-1.6994021331849183,-8.0547248071094089,3.8294215517523469,-1.7351798358762949,-5.5646013876286418,0.26310044946444577,-1.7090886692420213,-1.9721891187064671,0.54833056892564969,-1.5943415749051724,-2.1426721438308221,-3.3412837839774454,-1.3939118777029478,1.9473719062744976,45.919875018764287,47.520374072256345,-1.600499053492058,47.589960775516374,-1.670085756752087,62.639554398096152,42.664658998826781,204.2928530909121,194.92818375433055,138.73101654205951,136.99381990957841,153.56771727925397,151.56598706344019,189.23600439232197,186.63824052338487,234.22211490169778,231.76097519992746,261.2096505001594,259.9376465503878,-1.7558779067099977,-1.8550604791006435,-0.37010546572633984,1.4849550133743037,-1.663945663941206,-0.16349716042094542,1.5004485035202606,-2.0105824155531877,0.61528474939137823,2.625867164944566,-2.0482788885922787,0.59349339372604959,2.6417722823183283,-1.0879831950774701,0.2433669925425761,1.3313501876200462,1.7079748660119094,3.4946385652378638,6.3506096347832113,8.2103831530251341,1.7914242984383009,5.4933672156935529,0.24399579542446759,2.2736828650176335,1.5029268779445886,2.5966094575179284,-1.1348952324650554,-2.2533005888999753,0.36616497996001912,0.45030626600492407,0.56281061070192751
3957,2004,101.32546348910857,34.225156554796357,6,10,25.551998821846009,-2.7916717529296875,104.95930959429279,110.3627766747195,-5.403467080426708,110.59770902809396,-5.6383994338011689,129.97662375919936,113.08712819073662,383.41930235177279,198.43002437199516,140.53277375987153,141.73588346005155,164.24922889721992,167.68005924995921,198.56744471609173,201.09144102620687,230.93891952519999,231.9846874102297,257.70557409625235,256.31091280690839,0.79075332051016289,1.0899789616640874,-0.12695498221583534,-1.2169339438799227,2.6834544859480047,-0.70932935154709753,-3.3927838374951023,1.1638932636937795,-1.2263855726761221,-2.3902788363699017,-0.036184479695947402,-1.1362525342560161,-1.1000680545600687,-2.0843318089207514,-0.62121393942760506,1.4631178694931464,60.26552073631683,59.35592865338549,0.90959208293133997,59.316380816697347,0.94913991961948341,62.307825584402963,66.511219267060369,143.39671270921826,205.31264011764065,159.19313211064502,166.89551761155727,178.04831665720127,185.49330420139151,204.41892059427587,209.4133001442797,230.81999536855773,232.59939846332975,255.09069892899311,252.66425215204029,1.7392549161471038,5.4576046782702861,-2.5682779412061905,-8.0258826194764765,4.9170161750475359,-2.605048572188025,-7.5220647472355608,2.4756546188957316,-2.5695650955848635,-5.045219714480595,-0.142586472723508,-2.4551429648246312,-2.3125564921011232,-4.8265808554892544,-2.116836772663504,2.7097440828257504,44.693788917580605,51.006847097461105,-6.3130581798804997,51.281328049967669,-6.5875391323870645,67.668798323808005,46.575908852895736,240.02258940786123,190.66938479141496,132.81991401126905,132.43182101974634,148.0283646293812,147.1501806839446,183.46141918887196,182.86964041092912,231.2042636334117,230.83383161308311,260.56583276738775,260.4287581063877,0.28599890299187791,-0.13685632507042556,0.30065687404035657,0.43751319911078212,-0.648207084699294,0.21469824418471717,0.86290532888401117,0.83547651891970531,1.1290343700485721,0.29355785112886679,0.88630533183189186,1.2808330121564495,0.39452768032455765,0.55842975769905934,0.76791209391961956,0.20948233622056023,0.94850159563694092,1.4532560131552259,4.3676257166061987,5.5944610033407116,2.2335616890995311,5.5652232597468299,1.311761355201952,1.6401780999760263,-0.10640199302756059,-1.0288918045553999,-2.742249046568503,-5.3850106131883138,0.37399450635288356,0.47937716631136146,0.58814137675227074
3958,2004,101.57546463267903,34.225156554796357,6,10,25.551998821846009,-2.86956787109375,105.40841399663623,116.95993617026397,-11.551522173627745,117.46217540202269,-12.053761405386467,132.86805822518363,105.58713530711793,376.19745674729347,202.6932764739436,142.6244362423073,145.31947694342952,167.17615989931318,170.03266172590909,202.84455778707826,203.5273243209395,236.67102254170973,235.30287503241601,263.15649464813873,261.26202124622057,-0.43653789056000392,2.3164364434381355,-0.46170053467776029,-2.7781369781158958,1.8571606068392725,-0.97681975076008598,-2.8339803575993585,-0.88797512933481926,-1.4400417920258235,-0.55206666269100424,-2.5149598176394932,-1.2337633293390127,1.2811964883004805,-2.8502814687594196,-0.94025508006086511,1.9100263886985545,50.424662776757032,64.20901173513812,-13.784348958381088,64.808332498709206,-14.383669721952174,53.010488995866126,62.436396263069582,136.04354637628421,213.7249972155609,167.05511336155789,169.8879559052136,186.62864692944285,187.9589257751409,213.82811716683742,211.6092065323601,241.23880937674258,235.07397406820112,262.06702238535127,256.06293398667873,-4.0540695187417271,0.57586993811770526,-2.595428037549965,-3.1712979756676702,-1.3598899800208244,-2.6279188735458945,-1.2680288935250701,-4.3366639313399276,-2.6319994528396649,1.7046644785002627,-8.2950023538907658,-2.4911885080998672,5.8038138457908985,-9.0074442814087661,-2.3206245754421957,6.6868197059665704,54.983751458297775,52.750922978698327,2.2328284795994477,52.653842927932601,2.3299085303651736,79.857569457370118,43.150738999344867,240.15391056984663,192.33968470506912,136.39331548081336,137.1537613158352,151.82418599055359,151.23120398606528,182.62137502888214,185.61769584646149,230.76440443534207,235.70216418082995,265.02628065278867,266.77387161100972,2.6402171524403855,0.2530249534821678,-0.53583604368611759,-0.78886099716828539,-0.73334606143504288,-0.29262909523933445,0.44071696619570844,4.484139917106944,1.2166653994473506,-3.2674745176595934,5.9948928738236589,1.2663380143017946,-4.7285548595218643,2.4497003618880058,0.59469427554171261,-1.8550060863462932,-3.6175316281817231,-6.6942866711821125,-1.7405665053204302,0.32284498463553746,-3.2170505868600969,-0.62654391858578151,-3.4486888020051083,-8.8208038484468716,-5.7800425362512726,-14.289895227714425,-6.1571628126493465,-11.457144643296772,0.36162803319446674,0.39897090168973803,0.59132579060377788
3959,2004,101.8254657762495,34.225156554796357,6,10,25.551998821846009,-6.909088134765625,77.069836649128774,79.037070827334901,-1.9672341782061267,79.122604896956545,-2.0527682478277711,108.0975412315729,82.698934907019066,312.15935164690018,199.31070808810776,142.24461909214463,145.74489370376261,165.30318772537748,169.36299110798913,197.23866776735363,202.66486244691225,231.8713092917651,233.98556843641296,258.39907741554634,257.58873658502193,1.2755656389254852,2.830895494095671,-0.69150033946556277,-3.5223958335612338,2.6719077870469903,-1.3308281530791817,-4.002735940126172,2.8303839272749087,-2.3585177527313874,-5.1889016800062961,0.032351299742998663,-2.0260096027343764,-2.058360902477375,-2.0261828973172555,-1.0326008076431776,0.99358208967407791,32.920698075450673,36.931047116313493,-4.0103490408628204,37.105410669933917,-4.1847125944832442,35.702767987077323,39.396528422131269,91.072369900066406,209.51100820816032,167.6968474513549,175.15304651514717,185.05657041156945,191.7745729702919,209.36624696603494,214.13138908723579,233.78614704810667,235.42037203092681,255.21593709282905,253.21090684166953,-1.6740557712588782,1.8355379860792596,-6.2407684404932127,-8.0763064265724722,0.47336955204011133,-6.3881275315872017,-6.861497083627313,-1.4679202274745649,-6.3694561024974234,-4.9015358750228586,-4.2863665827224509,-6.1072478826935424,-1.8208812999710915,-8.3746258676783611,-5.6632812542497106,2.7113446134286505,44.149138447018231,42.106024989811885,2.0431134572063456,42.017194000795826,2.1319444462224055,72.394773258719397,43.302406529591281,221.08698178827763,192.68967060003652,137.80326452679191,140.01549399142019,153.43872437486749,154.48901405394815,184.33071872383189,187.15239848396652,230.21529538484097,232.16093021777903,260.19724752381597,260.913711108911,2.9465743218035811,1.6122419844967908,-0.73518236402301795,-2.3474243485198087,1.164772137143359,0.26889309770575665,-0.89587903943760239,5.1270020867970629,2.3626385519428368,-2.7643635348542261,4.7909055038481654,3.1500902315619612,-1.6408152722862042,2.1777385720713482,1.6451969141809855,-0.53254165789036279,-2.9496214101843634,-4.6206300930624593,-0.99535750801641143,0.22329600158246876,-2.1985382350068789,-0.6914025851032477,-4.2983041547494736,-6.5949223142716278,-4.3187178824654495,-9.0772720865706162,-6.3484429703611056,-10.552364439749709,0.29174961256032828,0.33028288692147728,0.47638495545832588
3960,2004,102.07546691981996,34.225156554796357,6,10,25.551998821846009,-3.6521759033203125,93.607812908452615,102.79040417761098,-9.1825912691583653,103.18964794893509,-9.5818350404824741,123.00841034267887,95.915675982509129,333.83925811946392,197.999068811988,138.21887717219829,141.75538240274412,162.72724627621369,167.97523791026686,196.0518335445328,201.58867655832435,232.39552609374434,233.18585165607857,258.93146399565154,257.86023747923974,1.6572288814061267,3.2099070416891777,-0.3092816792315034,-3.5191887209206811,4.2160720912517888,-1.0576025785410934,-5.2736746697928822,3.7440503686610782,-1.5567225234773048,-5.300772892138383,-0.54476981839189875,-1.3929218503243987,-0.84815203193249999,-2.2516916114614673,-0.94309127431245088,1.3086003371490165,46.634936842976458,55.266799148099381,-8.6318623051229224,55.642098217263992,-9.0071613742875343,48.59912279794753,51.993926926236782,120.80723346245941,208.19239717707575,162.94683357074996,168.61579410802563,181.19681841164356,186.70624427081643,207.30337999994015,210.90076802029228,234.34460407400408,234.65765474156643,257.59652449040607,254.89602001999776,-0.26846911113480587,2.4778076254975758,-3.3922591089288403,-5.8700667344264161,2.5500259133927727,-3.4171504277653355,-5.9671763411581082,0.50069576570879804,-3.3772983001472596,-3.8779940658560577,-2.4764855312279792,-3.207950156841747,-0.73146462561376779,-5.9262683228411959,-2.9588842438652705,2.9673840789759254,46.972876274092414,47.523605010075698,-0.55072873598328442,47.547549979807627,-0.57467370571521315,74.409287968715944,43.921748976583331,213.03202474117279,189.33373435152441,132.02026764896621,133.08399781779269,146.68553739690319,147.61786134576411,180.69796108318431,182.34819093352419,229.39064968872896,230.56926378170741,260.43560214337049,261.4486267599458,1.9956665702630687,1.1101723109864565,0.025153533983257148,-1.0850187770031994,1.1650381495183524,0.25284803915553766,-0.91219011036281472,3.3541917498519069,1.2640471878681296,-2.0901445619837773,3.1550537672848691,1.8110260896703494,-1.3440276776145197,1.9359466715671374,1.1459572992890799,-0.78998937227805754,-1.9256979925409325,-2.2641356813978746,-0.7320994161916019,1.3676353145111193,-1.6660461778590161,1.3849877638744204,-3.2433546029522802,-2.8534959841431089,-1.9317157128360805,-5.6315392985128483,-3.6745767113797285,-7.8622149944083333,0.36187245964711767,0.3950878046676588,0.54207955470926594
3962,2004,102.57546920696089,34.225156554796357,6,10,25.551998821846009,-4.2916717529296875,108.83288802382413,116.59149554324904,-7.7586075194249133,116.92882655849826,-8.0959385346741328,142.02540089105423,109.89977633777198,381.70579630881548,199.59150426355026,137.45764077721543,140.34432076910977,164.3441435654494,168.12133133453861,199.61583040759706,202.96642169094318,234.39235316664215,234.97385602627389,260.05648283828708,260.18152472112087,0.73882920645718286,2.9597958405788347,-0.12415284527082804,-3.0839486858496628,2.6151635942024427,-1.1846876269490281,-3.7998512211514708,1.1339251173369576,-1.933992143835809,-3.0679172611727665,-1.2841184096108691,-1.7642671014263556,-0.48014869181548647,-1.484569052588995,-1.3761299947908014,0.10843905779819352,55.672586268015039,62.812620721089843,-7.1400344530748043,63.123056756005099,-7.4504704879900601,58.85936483253829,65.830026255719531,143.63979177712463,210.78712956600688,164.62008377097709,169.99260076980227,184.93870356194915,188.45255744909613,212.27896611765752,212.82418383210512,237.14247513997637,236.33203253570662,259.25998988532211,256.71018745741566,-2.1229327701339002,1.488561301956139,-3.9481992664189534,-5.4367605683750924,-0.18869818927487358,-3.9543596866795667,-3.7656614974046931,-3.3201768554197884,-3.9862623605901035,-0.66608550517031517,-4.9812549377487016,-3.8328897716897643,1.1483651660589373,-7.1247609967140022,-3.6014083994733141,3.5233525972406881,53.160301986777085,53.778874782422463,-0.61857279564537748,53.805770110450794,-0.64546812367370876,83.166036460071155,44.06975006715129,238.06600529700518,188.61993910619353,130.47790468641205,131.59515862775396,145.49203902051843,146.84103879566553,179.54934637354091,182.02833402692559,228.9769271425177,232.42356202073483,261.57986884542333,264.71155290810759,3.1526742147216282,1.3197460897289659,0.17378565890771824,-1.1459604308212477,1.5024099509265625,0.21300853852616797,-1.2894014124003945,4.0887501634673242,1.1809522434938344,-2.9077979199734898,5.6650078564330499,2.3263964675946625,-3.3386113888383875,4.2117930368714838,1.18715143357241,-3.0246416032990737,-2.8617619765910831,-5.2756069848555285,-1.4712345386226957,0.16881521222717311,-2.8038617834773163,-1.6911081402014361,-4.4541019727567459,-7.4089270188871126,-3.6971365281378326,-10.646262794181752,-5.6401919441250072,-11.336554033585486,0.37631021893341698,0.41442843648572775,0.59900054803927838
3963,2004,102.82547035053135,34.225156554796357,6,10,25.551998821846009,-4.5833282470703125,103.70503969490528,110.48921616375446,-6.7841764688491821,110.78417980670929,-7.0791401118040085,135.45797049292923,102.64264286219986,349.50031799450517,197.19091958243547,134.21073122893301,137.67113030694287,160.59583829618984,165.22308325848888,199.28542991533121,201.44250783954405,231.20632638746326,233.88871315995246,257.59743813033299,258.93131180184923,1.1672336819855786,3.0470086949262338,-0.60387785174526698,-3.6508865466715008,3.3393186527521266,-1.2257299712199199,-4.5650486239720465,0.0058431658535198494,-2.0333376492997672,-2.0391808151532871,0.86217798577524718,-1.7943587713911029,-2.6565367571663501,-0.058670238991055612,-1.2059940565741272,-1.1473238175830716,43.839499071240425,50.462241485714912,-6.6227424144744873,50.750186786055565,-6.9106877148151398,44.876409469172359,56.397710719639235,116.34263661487785,211.79473863114458,169.89219605610299,168.32868836853217,190.43933355182895,188.15540672359688,213.49511608865248,212.48717852152734,233.82060331938601,235.37312319206382,255.24744214798795,255.1540879016901,-4.1895013313660172,-5.2800482151872927,-4.0056624121420441,1.2743858030452486,-6.1274824271477542,-4.1264282070545448,2.0010542200932093,-4.9599764015245853,-4.204173502840348,0.75580289868423733,-2.4718963017862734,-4.0514920430349548,-1.5795957412486814,-4.2492024906644303,-3.8673970576712406,0.3818054329931897,59.865540713071823,60.026973567903042,-0.16143285483121872,60.033992685377598,-0.16845197230577469,90.581561066597715,46.24493240395168,233.15768186748028,186.38169052890035,128.33937358075008,130.11360986726393,141.49264279855478,147.68028897499786,178.46199414325426,184.40314854079278,226.99641520199813,231.84992938798595,259.35392878670359,262.6323756760757,4.8884348073147521,1.5577193468651274,-0.31902601417141341,-1.8767453610365408,6.0561098103307813,-0.22976783301248815,-6.2858776433432695,6.6960962329298468,0.36573361592800779,-6.330362617001839,6.1133167059061861,1.2160509241126647,-4.8972657817935215,4.0450569713808591,0.90846670837186139,-3.1365902630089977,-5.3567350133515959,-9.0779361386807693,-8.3270569101135266,-6.8377675620524201,-9.4668010798998807,-12.183592237478535,-4.9658195673781051,-11.656072634454432,-3.3340742875615206,-8.5852130076924595,-4.1905322516733747,-8.2942594620452894,0.33288277756790763,0.33129397484598266,0.54945692303884341
3964,2004,103.57547378124274,34.225156554796357,6,10,25.551998821846009,-5.173919677734375,102.45601795290531,98.803427235521667,3.6525907173836458,98.644619703562057,3.8113982493432559,128.8776155935393,101.46285391841775,324.46873937733471,194.9612125067917,134.41901970135859,135.54922160400409,162.09857849759331,163.70748571859559,195.71406806067927,199.7128276850689,227.50457260671413,230.90141683461906,253.29339587942997,254.4892034444207,0.58779000684492644,0.50277566229507897,-0.66421262069150089,-1.1669882829865799,0.35077689416158364,-1.2514924795370064,-1.60226937369859,1.4873730733667685,-2.3990816544867926,-3.8864547278535611,1.0075567223355506,-2.5222288704051721,-3.5297855927407227,-0.61986696510444972,-1.6740320870374887,-1.054165121933039,46.356741833504202,44.272908319475391,2.0838335140288109,44.182307693794428,2.1744341397097742,48.579528274009817,53.88984794677981,116.57546189776622,205.66208727247513,164.02718710485303,167.22398562018972,184.23782706001347,187.26571229097618,205.31689142593157,211.006510293525,229.01800632906509,233.29799900432567,248.31602534194784,252.22098742477061,-0.23510999039336866,-1.1778439538804264,-4.5398259646798351,-3.3619820107994087,-1.4926018509529513,-4.6522291368403614,-3.1596272858874102,0.94940883495070238,-4.684347417088361,-5.6337562520390634,0.10322345632201291,-4.4198603730535808,-4.5230838293755937,-0.46541877525288555,-3.9456619493234086,-3.4802431740705231,56.099276089598789,54.530518398393724,1.5687576912050645,54.462311875657178,1.6369642139416101,80.298087328153997,47.573006051488846,207.89327760227025,186.38607693538759,127.54680094345126,127.69191135191438,143.90662886237513,145.64964898103665,180.67805490539274,183.15216905049107,226.76086093877518,227.02345860636456,256.05171037550559,256.48809410684567,1.3729369715706241,-0.44297586290278446,-0.57220962574299961,-0.12923376284021515,1.3742107023017809,-0.2673212155410738,-1.6415319178428547,2.5103206466239953,-0.238006844450382,-2.7483274910743773,0.84050756968682094,0.65025120889933419,-0.19025636078748676,0.77034125732211578,0.43083187261061084,-0.33950938471150494,-0.8228999972382951,-1.6080469619639928,-1.6806196161755054,-0.73486809097764194,-1.8433787451145349,-2.8668125532547322,-0.53796423841606611,-1.560911811673293,-0.9043332660135377,-0.73728411336480804,0.15444818985156417,-1.2357600325750013,0.35928102695340708,0.37694310257277241,0.53112884041395581
3971,2004,106.5754875040883,34.225156554796357,5,5,25.551998821846009,7.6315765380859375,123.95763181080474,140.07622071204605,-16.11858890124131,140.77702906453851,-16.819397253733769,129.65545772677888,211.67610206952122,447.28465338796377,192.0517658691214,126.67801294354842,123.22461706512385,153.24341724787288,148.50938742490649,192.82878402187117,185.49086519246973,229.94324517623497,222.30052230719647,256.79236350816154,250.3852689147939,-2.2098156680296199,-1.4079524123294931,2.078030356769645,3.4859827690991381,-1.0296950038615478,3.7040361458321627,4.7337311496937104,-2.9040468273746853,4.3625398399538824,7.2665866673285677,-2.8814521836832796,4.6150768671220703,7.4965290508053499,-2.9101984243882555,3.5465179153895861,6.4567163397778415,90.845043763049034,94.095197721020668,-3.2501539579716336,94.236506999877747,-3.391463236828713,95.113318028588765,138.67734992327132,254.61439789319411,188.68866155915944,129.0663863601186,126.81037754320012,151.49331754036129,149.54409888291846,186.76862431404339,182.90312193743975,224.92555989469381,217.68371997443219,253.14018546894809,243.12942532189282,1.4297978929712087,4.117360426332425,5.8485255712754025,1.7311651449429775,4.5347443550228093,6.3406211202684233,1.805876765245614,2.4073302227431554,6.2721665735880379,3.8648363508448824,-0.67078827224759152,6.2895908250239927,6.9603790972715842,-4.6826547119352711,5.7574794958035511,10.440134207738822,33.11258807383274,45.981023538445697,-12.868435464612958,46.540521838791392,-13.427933764958652,34.542139724267145,72.998752198403963,192.67025552690029,199.36305357534007,123.77729877783602,115.33106972364239,156.24802380514387,145.38358797307038,207.20395196927976,191.12869763036019,239.49367630629141,233.95794454220334,263.36195143127014,261.68939750194249,-9.8935646252453182,-9.4610805167655769,-1.622823435024074,7.8382570817415029,-13.561764980269601,-2.8252510142348513,10.73651396603475,-15.862680981540052,0.21345946635614155,16.076140447896194,-5.3601679555098372,0.26128619529910679,5.621454150808944,-1.3145851981426517,0.58365030491927428,1.898235503061926,3.6396135610008287,11.323362518216527,5.5253128386619181,13.578440943098002,5.564439358884357,18.09650933529241,5.3113770501178408,18.270011204283207,2.2106639114356881,4.6893796832622456,-1.7724562875470156,-3.3680695137926193,0.56924465430372773,0.7335851470982403,0.65513937835894787
3973,2004,107.07548979122922,34.225156554796357,5,4,25.551998821846009,8.380950927734375,105.58130068012906,129.37421420001556,-23.792913519886497,130.40868634742219,-24.827385667293129,111.32784967309271,222.85453157038501,439.49435665458441,190.56242458086464,127.43077921982177,121.64299375464584,154.54811496806485,147.27655265909377,190.39232043567549,183.28772992975891,226.20035058135338,219.99925643443868,254.14315703802669,248.42289039225795,-2.3834957255061795,-3.574604742122105,2.0032802262488048,5.5778849683709097,-3.3694728254863264,3.9976732782305078,7.3671461037168342,-2.3242039492587878,4.8282489898458891,7.1524529391046769,-1.1930409442695407,4.9136122634100445,6.1066532076795852,-1.9154649567712454,3.7060161785803984,5.6214811353516438,76.293273386891087,89.129683976056185,-12.836410589165098,89.687789645910016,-13.394516259018928,80.538707835929017,161.27002829030425,262.718486065045,188.20820811611654,130.12753772637896,124.72987528983492,154.9919925140633,148.3674753631054,186.69361800447106,180.85861011846171,221.07665657543222,215.59173394949352,250.68110687437206,242.39347872554208,0.43800996943915038,0.76108761395266811,6.0352280449045566,5.2741404309518884,-0.22562209566694946,6.5438563552106928,6.7694784508776422,0.85106907248703578,6.9457160742435065,6.0946470017564707,1.0808925242805003,6.7033429342395436,5.6224504099590433,-2.733859448698837,5.8159164071827831,8.5497758558816201,29.288027181479265,40.244528159085348,-10.956500977606083,40.720897570037778,-11.432870388558513,30.78914174030615,61.58450330802043,176.77587080001831,196.72511431286748,123.94946659608895,114.67977849864188,153.8655399778996,144.1376057604665,202.84252074340498,189.71650802653153,237.67421885673829,231.4203063156624,262.62537981879672,259.36547536339378,-9.3563077319922456,-11.355656000213017,-2.5056113152320307,8.8500446849809862,-13.128447506009081,-3.2782951683045951,9.8501523377044862,-14.276772298643408,-0.39984649733861488,13.876925801304793,-5.6041957002247216,0.35488885821706617,5.9590845584417877,-3.2229282418737739,0.40122314543827997,3.6241513873120539,2.8215056949453299,9.794317701431396,4.3356923560747731,12.116743614165685,3.143850729819377,12.902825410342132,3.1752730217458236,15.127841371130444,2.273933468550041,6.6850882245052219,-0.81839449192759162,0.4890687931749369,0.59777442437452188,0.72343719987789135,0.72365604214500667
4031,2004,99.575455484115338,33.975155411225899,6,10,25.626203941604615,-1.31817626953125,86.969031820270175,96.205066855112818,-9.2360350348426437,96.60663257352644,-9.6376007532562653,112.37218082005711,86.319465039244278,357.54566637426615,205.87610383318955,153.4708040350661,155.80096800294362,174.41532588902876,178.24353122025479,205.20765713562417,206.4756978743884,236.52897442947139,235.49473817713113,258.64566444801329,257.77252723306486,0.67391774446605268,2.4593985300621455,0.21299413375203358,-2.2464043963101119,3.4060009113634919,-0.38205541620138206,-3.788056327564874,0.76648207019420056,-0.54628652093174423,-1.3127685911259448,-1.6666236845253195,-0.4722950010105933,1.1943286835147262,-1.2667317161399296,-0.24900161762019479,1.0177300985197348,36.52257262720741,51.468452158253058,-14.945879531045648,52.118271689589164,-15.595699062381755,38.240252536129447,45.936282860198844,92.069078348344192,216.52864496764136,176.77017773378014,179.14547305296261,196.53508433569166,194.29881754214196,215.94768170698782,213.74071454935083,239.11284714902803,235.06159626472154,256.63536179958288,252.51756151739335,-2.764523275195387,1.6604402845064499,-1.2337250185305209,-2.8941653030369707,-3.4048244391942717,-1.2382731032869003,2.1665513359073714,-3.2296523809590667,-1.2325187107249747,1.9971336702340921,-5.3676476556782688,-1.1933180710886404,4.1743295845896284,-5.6354970366883776,-1.0949180877361187,4.540578948952259,50.446459401679022,44.73661479033035,5.7098446113486716,44.4883608040127,5.9580985976663214,74.131928465281817,40.38318212689137,265.47658813744783,198.04574843967927,148.83543163085096,148.2562281780896,161.0497454834053,161.67037428329124,189.37361509338322,191.53791559856217,233.67986852542529,236.36434748553759,260.3724693728667,262.98439523651388,1.7548703863233186,-0.52479169724887242,-0.15562392731570185,0.36916776993317058,0.78541652972162979,0.069773607340096078,-0.71564292238153371,2.6808369048588929,0.57979613976806377,-2.1010407650908292,3.3720920372320506,0.66291038165653049,-2.7091816555755202,2.8830889760737932,0.39898256782117869,-2.4841064082526145,-3.4384410196614397,-4.5193936615187056,-0.79895824555569561,2.1852319817553223,-6.8108253505577636,-4.1902409689159015,-3.9961344511532673,-5.9104892858179596,-3.7010239711529493,-8.7397396929103195,-4.368765320548448,-8.5185860127621709,0.25750299054658249,0.34029999468786681,0.53216598179002117
4032,2004,99.825456627685796,33.975155411225899,6,10,25.626203941604615,-2.100006103515625,97.562955195538962,95.752187399324612,1.8107677962143498,95.673457380711625,1.8894978148273367,123.05914766221031,104.99668406345427,365.96592903882265,204.42913439119849,152.11069727518466,152.33757911672114,175.15366829909905,176.03445517349533,203.62819619772861,204.92885335285914,233.93595401238059,234.12532943170734,257.17492279783187,256.96240843352336,0.094270346765966906,0.48461530290262544,0.065396405475041774,-0.41921889742758367,0.3107976624939397,-0.62104107768524841,-0.93183874017918811,0.38356889366855285,-0.93371355325979266,-1.3172824469283455,-0.67378919537529214,-0.75577014108569074,-0.081980945710398601,-0.74955166122470018,-0.45182752055228548,0.29772414067241471,53.372283953875922,52.713296981164603,0.65898697271131823,52.684644862674759,0.68763909120116296,55.363156731874369,66.64687299385605,129.78090403423266,212.89602036590654,173.66143620207276,175.46412548509576,189.93627282899774,191.15591383743418,212.5248796115946,211.9551251882512,235.29942025936191,233.47381007585525,255.02926675967913,251.67659292929156,-2.0607949359844042,-0.078824638239808564,-1.9772599714426633,-1.8984353332028547,-0.570191462499821,-1.98485954356957,-1.414668081069749,-2.3835491591268578,-1.9724649107197934,0.41108424840706448,-3.6928549518436569,-1.8706991771881007,1.8221557746555561,-5.5875379226075665,-1.7225379326568486,3.8649999899507179,44.190670909367327,43.038889759529411,1.151781149837916,42.988812479294211,1.2018584300731163,67.695990814107063,38.349810939957933,236.1850246116519,194.68763589541541,144.018919691056,144.58678454791044,157.12906851713774,158.22946629731945,184.0830059559128,189.87348690618697,231.37824835300205,235.31323184306285,260.65215107439406,262.88453101055126,3.26794478390363,0.62705502767192911,-0.1432493296422308,-0.77030435731415992,1.34682112440683,0.098285060503940258,-1.2485360639028897,6.5302376087687151,0.93878551504900543,-5.5914520937197096,4.8070009204424196,1.1726164874324922,-3.6343844330099273,2.735360123214889,0.53923315262159122,-2.1961269705932978,-2.1550652827503711,-5.3287397198880342,-0.56343994114243401,-0.70587966591173767,-0.8809891249937607,-1.917012586906651,-2.7671180527954107,-8.9137867678955729,-3.0190657564683647,-8.4998558722860764,-4.8379862613828664,-8.3228980458224555,0.35462564609522751,0.44989062400986868,0.63475216944544954
4033,2004,100.07545777125625,33.975155411225899,6,10,25.626203941604615,-1.75,91.25407617464225,91.275477038005192,-0.021400863362941891,91.276407759629365,-0.022331584987114184,113.58972977771919,100.65874130852899,360.74949172884226,206.63400242494512,155.62873630264912,155.25789743838163,178.68080806446937,177.80467982552688,205.90125207017027,206.21066574505181,235.21608664807675,234.09955106988576,257.46016566380302,256.11393141300988,-1.050863288070957,-0.24141989810718201,0.072998391866519796,0.3144182899737018,-1.4437791915748619,-0.57456261131312658,0.86921658026173532,-0.47879890778852996,-0.81542138434522826,-0.3366224765566983,-1.9034355295250691,-0.69956887876435303,1.2038666507607161,-1.9216817087828701,-0.43082388580353381,1.4908578229793363,49.203489631679986,50.459802001390926,-1.2563123697109404,50.514424484099436,-1.3109348524194502,51.023787464280758,63.685405133536733,124.90333224853384,214.62971726242668,176.88039906393422,176.87979146307512,192.44688393625458,192.80512294674625,213.71037788093355,212.97576717613182,236.87471641145774,233.75085633060485,256.10336699063834,251.62081745339469,-2.6619472727946913,-1.3893232072087471,-1.6652272458035213,-0.27590403859477419,-0.9573864033410473,-1.6527251064705126,-0.69533870312946533,-2.2121081179061264,-1.6436970371445057,0.56841108076162072,-4.6479518628439109,-1.5576997007863724,3.0902521620575385,-6.5947735542051191,-1.4272442417695856,5.1675293124355335,42.050586542962265,40.815675143903718,1.2349113990585465,40.761983302350927,1.2886032406113372,62.565942368386459,36.973336241302604,235.84615937620401,197.4197303919133,148.20343672186962,147.13210912664576,160.61427737760275,160.6803905471408,189.3243642936533,191.10250236987324,232.95083051754688,234.73996165569426,259.78295863606036,261.5162822980576,1.3865669048300333,-1.0914060101597443,-0.17932336748503985,0.9120826426747044,0.31290888795140859,0.11205019289511142,-0.20085869505629717,2.3971467211153765,0.66994349407536902,-1.7272032270400075,2.5125032908227638,0.98765505212125504,-1.5248482387015088,2.1420606621620664,0.45122530527555682,-1.6908353568865095,-1.6110839847237344,-4.0485141776247247,-1.1479033091015651,-0.29791719704900288,0.4863927882338146,-1.2702952912924559,-1.7333092101175964,-4.6092548390215029,-2.7445163333188418,-7.1604551536666747,-4.673091845422249,-8.7368342163671855,0.34623287104287193,0.44919366886537976,0.63268628541990879
4036,2004,100.82546120196764,33.975155411225899,6,10,25.626203941604615,-2.1666717529296875,68.219099922960595,74.396692428057577,-6.1775925050969818,74.665283939382789,-6.446184016422194,91.08055730228989,77.646334727190151,259.07232295721769,202.35910517188151,151.26388627537196,153.26783152920186,172.33511308457923,175.35237122715751,202.05045087442201,203.71523690942345,231.27185195432776,232.93185665133657,254.62236084045188,254.55396810688381,1.1485362087655631,2.1757133913490918,-0.0029059015175789682,-2.1786192928666708,2.2596392675750678,-0.75145892831812944,-3.0110981958931973,0.78837240700630673,-0.87953982008934872,-1.6679122270956555,0.9094377887048779,-0.70306761147435282,-1.6125054001792307,-0.61948061855335368,-0.48742028347999167,0.13206033507336201,29.209543238383048,35.060840044810902,-5.8512968064278539,35.315244087443716,-6.1057008490606677,31.938564072731651,37.026700134723797,81.380048161256127,208.81290048101673,168.11719541929182,174.14895905952525,186.75965061677709,189.5705996229743,210.07452520234838,210.51381138651305,230.61652870722645,231.74736438126459,250.21172665020464,249.12533966494829,0.38845568420708787,4.3778207790725503,-1.9422758595465268,-6.3200966386190771,1.1261514276637854,-2.0016660416400498,-3.1278174693038352,-1.4948584101665574,-1.9706124527456836,-0.47575404257912624,-0.6726042115152211,-1.8997758715173632,-1.2271716600021421,-3.0347462826771618,-1.7334236384487838,1.3013226442283781,39.009556807512126,39.335852964391961,-0.3262961568798346,39.350039770810326,-0.34048296329820005,59.141993327657474,40.619634719126225,177.69227510690689,197.89759320921607,146.91199137475382,146.90728463570292,162.68166371024884,162.62058922855007,193.25336409731804,194.16952480175371,232.33509638481365,234.46606646241992,257.57197417154731,258.71165587984126,1.3804379236021589,-0.1886116125122328,-0.28954809625065536,-0.10093648373842257,0.19461281848350609,0.25369863518000102,0.059085816696494931,1.4740877798091105,0.47986514389415902,-0.99422263591495152,2.5283698105592691,0.64717814787093175,-1.8811916626883374,1.1093336277212984,0.17112644563462709,-0.93820718208667131,-0.76008052455847519,-0.99198223939507102,2.2021073877234585,4.5664323915847831,-1.1334878399112824,0.93153860918027931,-2.2832308171728641,-2.9689461899756679,-1.582042000220099,-3.2009740220744902,-2.4152656641238082,-4.1440799103984602,0.31412096526688782,0.35066280904199815,0.47686346386879491
4037,2004,101.07546234553811,33.975155411225899,6,10,25.626203941604615,-4.409088134765625,78.448736535066928,84.737248651939808,-6.2885121168728801,85.010663471344742,-6.5619269362778141,103.43535755434459,86.206092490201627,274.5663896612823,202.7128523176105,147.860460379437,149.17254665884434,170.35751604311349,174.2975332770803,202.81792700302432,205.51456155844875,233.82313872235076,234.75442854139297,258.49320322339275,257.58163122495648,0.43319857278154927,0.65488796699247587,-0.74850894050140937,-1.4033969074938852,2.3536012458516495,-1.4800930777950327,-3.8336943236466823,0.66935564183967244,-2.0399042416589168,-2.7092598834985893,-0.75894307808488293,-1.679086139591135,-0.92014306150625202,-1.91006905806546,-0.94858173386995759,0.96148732419550242,34.444262364198039,42.001888858654638,-7.5576264944565992,42.330481296912694,-7.8862189327146552,36.413617396496619,45.387125014077355,91.64981896255631,212.89418828321834,170.48104813920216,177.40319999974218,188.96808660603216,193.93280974494945,213.34024853590026,215.18579670891347,236.25184415177324,236.32505919475415,258.00992598964461,254.8046777242713,-1.1966080907027106,3.121507828581997,-4.1358194820174674,-7.2573273105994645,0.98898640057845455,-4.1413543457459525,-5.1303407463244071,-1.9879188353461075,-4.0985214546249438,-2.1106026192788363,-3.3865594230861404,-3.7954369374856469,-0.40887751439950648,-6.630568737222859,-3.3709543174029193,3.2596144198199397,44.004474141066567,42.735360630459581,1.2691135106069851,42.680181998327498,1.3242921427390684,67.021740220839092,40.818967632586464,182.91657105647027,194.98997232895704,140.87261626176297,141.89990025434076,155.65824483032696,156.41666736412643,188.52441859216552,188.47273676462871,231.25939967310742,232.44190612472133,259.42411831006871,260.28747637278843,0.92307231578942606,0.097053153020596028,-0.96506341586905364,-1.0621165688896497,0.72066010690363669,-0.027427275918597616,-0.7480873828222343,1.0204581417757197,1.0896638659445159,0.069205724168796223,2.6134214889050327,1.5107048647808483,-1.1027166241241844,1.8340316557685696,1.028408449690744,-0.80562320607782567,-1.6298066634842598,-2.1196804064921366,2.4666198615895212,3.024454675561401,-1.364614845273195,0.26832629367481786,-2.6572744771857799,-3.0083769771218272,-2.6276163450012575,-5.9999809119911731,-4.720499679157399,-8.4646003929914286,0.3337983905299543,0.35204226347228534,0.52649556084723548
4039,2004,101.57546463267903,33.975155411225899,6,10,25.626203941604615,-7.7894744873046875,65.974018543958664,68.037241697311401,-2.0632231533527374,68.126946926116943,-2.1529283821582794,97.223358914056007,79.333136620130972,315.39414542913437,202.12488526844166,149.88341763993103,152.954669507745,170.88414171477527,176.02555035300401,201.89404121488232,206.6295006904412,231.55294802215892,235.37191886394709,255.63554299054366,256.90699774885718,1.4923486206095617,3.1212353257791108,-0.088397646326399126,-3.2096329721055099,2.9725361490630462,-2.04177166183743,-5.0143078109004762,1.5973191185689757,-3.0929498922060077,-4.6902690107749834,1.0708817289654462,-2.8044648794400757,-3.8753466084055219,-0.91852085844271869,-2.0568833276330452,-1.1383624691903265,33.975611135363579,36.299157977104187,-2.3235468417406082,36.400182694196701,-2.4245715588331223,40.792426401929788,42.017421099124476,96.431409701122902,208.19514437392363,164.7558655390859,176.20143097805655,183.63502429858175,192.84917825694197,207.99797804728499,215.75964469630691,231.95152453523704,236.93169099473113,255.2700149454127,255.01343821989886,0.78768807839915667,4.5729570615950195,-6.9752820031277167,-11.548239064722736,2.3629295455940849,-6.9990760318954699,-9.3620055774895548,1.0832458922931778,-6.8540822631675837,-7.9373281554607615,-0.87377559413724271,-6.2950501857984591,-5.4212745916612164,-5.7672012485041364,-5.2707259997016251,0.49647524880251126,31.998407483100891,31.738083004951477,0.26032447814941406,31.726764142513275,0.27164334058761597,56.430932592906174,37.315715439050109,218.96273590624332,196.76280303375475,144.69628497279061,146.46830960681504,160.15856816946308,160.82490288716789,192.94423348179217,192.29556882974978,230.93107758087933,233.19344985040095,256.35397229364713,258.5628589658283,2.2032041867441876,1.1292737187362434,-0.79640152315573687,-1.9256752418919802,1.6129220608017647,0.72716749957706384,-0.88575456122470086,1.8136751457414846,2.5293279747175745,0.71565282897608995,4.0321012130780503,1.9771592612045197,-2.0549419518735306,2.5352718856067895,0.52209562907216878,-2.0131762565346207,-0.70466054221040508,-1.4155161083450309,1.4517217358159087,3.4436833428587761,-0.60960660346896134,0.75000748479232016,-0.51407322627579788,-0.73042925344830678,-1.9446573231026889,-4.905876807215293,-4.8486803900614177,-8.3024731341109259,0.30574888944091067,0.41957433745926925,0.52963267165794192
4040,2004,101.8254657762495,33.975155411225899,6,10,25.626203941604615,-3.375,110.69013205170631,119.75901320576668,-9.0688811540603638,120.15331435203552,-9.4631823003292084,141.70591674745083,109.59498457610607,379.66159903258085,199.37223788460943,139.44694304069444,144.46829533513065,165.55021590411573,170.7700605118996,198.44017399427707,202.94549453096562,233.28731387402394,233.61209169708206,258.33653146472011,257.85950402635331,1.6894563648037604,4.8992696480700886,-0.11615999827742485,-5.0154296463475134,4.2391606432040305,-1.0880326194717895,-5.3271932626758201,2.6894860726416709,-1.6660267746110264,-4.3555128472526974,-1.2688060179453657,-1.4303391486281498,-0.16153313068278408,-1.6607980021805702,-0.93546061276424552,0.72533738941632464,64.215665102005005,72.416447103023529,-8.2007820010185242,72.773003593087196,-8.5573384910821915,67.289969477802515,66.299369402229786,153.2488579954952,207.81907157027484,161.44623174234735,167.40954444838459,180.11225184749591,185.81227232765363,206.45226320810241,209.92069206744296,234.54396128640229,234.01189970189844,257.66016718431013,254.34680702932377,-0.68910581329947718,2.932316937122323,-3.0597460511826853,-5.9920629883050083,2.6581666854036996,-3.1260538448217972,-5.7842205302254968,0.32538457525541276,-3.1081351494957516,-3.4335197247511644,-3.5138647099742855,-2.9286169547661132,0.58524775520817229,-6.642934046723866,-2.6651353902720132,3.9777986564518528,46.474467098712921,47.342567160725594,-0.86810006201267242,47.380310602486134,-0.90584350377321243,74.415947511792183,43.295615084469318,226.4127412289381,189.78603478561203,132.18819977064572,134.35511687996296,146.36405347865508,148.75909166635145,182.70065309463331,185.34156531485354,230.34383631306284,232.77169828146731,259.94421604902544,262.9258894319197,3.5491014808621912,2.2345453463919966,-0.085942098459497629,-2.3204874448514943,3.0320767708113578,0.51370086483609612,-2.5183759059752617,4.5980454510130926,1.9051996349385831,-2.6928458160745095,4.3421311848652522,1.8464105324313778,-2.4957206524338744,4.0184869380441341,1.2057027469475088,-2.8127841910966254,-2.3785621781032376,-4.2382072941616684,-1.9669527109477656,0.69777159073032635,-1.5809939578003309,-0.37391008540765824,-2.3641014973862582,-4.2726608757576798,-2.2450586920289197,-7.8559958948395376,-4.9821360445432958,-10.661420984768,0.40364592675685401,0.47485645640137325,0.60494893683925377
4041,2004,102.07546691981996,33.975155411225899,6,10,25.626203941604615,-3.2916717529296875,136.67985235686865,132.05406937534644,4.6257829815222067,131.85295084758036,4.826901509288291,170.2666350985146,143.87183177371298,439.28410232067108,200.37791757341063,139.71767540716201,141.5265470795232,167.9422418229899,168.32056889626975,201.05455114163505,202.26212424608732,231.97745229773611,233.49919580947326,258.49701843883906,258.91003496050467,-0.22753648724787467,1.5436053655031117,-0.26699958054268791,-1.8106049460457996,-0.64236015285294457,-1.0073043202926613,-0.36494416743971669,-0.51845101061536525,-1.6046220549753514,-1.0861710443599861,0.080699435636944372,-1.3497512287528082,-1.4304506643897525,-0.73612753397748065,-0.9153624573647221,-0.17923492338724145,88.072691689654675,74.642715697869789,13.429975991784886,74.058803513798921,14.013888175855755,90.191989245112666,92.087640376435047,203.41386019147467,207.44002019798631,162.31691734712166,164.48351873869311,181.46207577588919,184.25242720109108,205.747107922493,208.82176339788887,231.93397561983528,232.44395895199145,255.87252588597812,253.59992705170617,-1.7531358534553476,-0.40130029605626305,-2.8650640772503948,-2.4637637811941318,-0.0069147932758255592,-3.0097343346802177,-3.0028195414043921,0.28976445160117237,-3.0269191757942053,-3.3166836273953777,-2.3473583288106568,-2.8932423356716583,-0.54588400686100158,-5.6685498781118895,-2.6750250081540798,2.9935248699578096,48.607160637411653,57.411356091462039,-8.8041954540503866,57.794147284111204,-9.1869866466995518,80.074645505863373,51.78419143204701,235.87024143710732,190.61537564359955,129.929104017469,132.08885615328083,142.77088765472115,148.39988964476433,185.83873397798845,186.51433193842064,232.10047902042331,235.47156629516311,263.05182672175101,265.36174640975611,3.3341568506903059,2.5334515637263451,0.30715536206201932,-2.2262962016643257,6.114596430840237,0.5221226631025786,-5.5924737677376584,2.4925689054871611,1.7805641247387314,-0.71200478074842977,4.4693687414223007,1.2478304951628445,-3.2215382462594562,2.9986824331603543,0.84318271952957957,-2.1554997136307747,-1.5255993662074729,-5.0872927041456535,-1.9449056615593747,-2.9347518597826081,0.63544535957711901,-6.1215112241160625,0.80821546221653762,-2.2028044538859888,-2.4280577644476011,-6.8167270702329574,-4.9324223441344088,-8.6672323112722438,0.46305764109575148,0.52971029346371046,0.64006719898634468
4042,2004,102.32546806339042,33.975155411225899,6,10,25.626203941604615,-2.565216064453125,136.69729013548931,147.02839149141801,-10.331101355928695,147.47757167363307,-10.780281538143754,172.0729700070151,130.7689830155141,427.47741638869047,203.7906327048255,141.00217888590083,145.77494793092967,170.14783718148513,172.60028897143118,204.09728057011992,206.19002350758402,237.06760887198035,237.1714415784929,262.44997825913754,262.10375719179814,0.32218470425075907,4.4867354279162157,-0.32125013493791243,-4.8079855628541281,1.5993931788511304,-0.78951527741941163,-2.388908456270542,0.70638786276464316,-1.4391389319319501,-2.1455267946965932,-1.4189077883705181,-1.4745433065048985,-0.055635518134380391,-1.4293091372219919,-0.96733133269680138,0.46197780452519055,72.577065963007044,89.205544402066153,-16.628478439059108,89.928521754816757,-17.351455791809713,76.786597818929977,86.96962462184274,185.23643904138589,215.42234835329614,172.07248924151918,168.99384678280703,190.16279526199935,188.88857441536035,216.05390243089875,213.05619427486945,240.89599820686146,236.8461035990488,260.73585442202716,256.99350767341889,-4.8325180227544138,-5.2280336146273214,-2.1307397739999772,3.0972938406273443,-3.4660939794486296,-2.2714460249200101,1.1946479545286195,-5.2964167233346302,-2.3531826096599673,2.9432341136746629,-6.5335949526987349,-2.3183920211434099,4.215202931555325,-6.191489458697788,-2.1738568157851716,4.0176326429126163,64.120224356884137,57.822848929321481,6.2973754275626561,57.549049613018724,6.5711747438654129,95.286372106493218,43.799358420234057,242.24097756296396,190.09572818547639,132.8091276128948,136.14889306545095,149.11207807957751,150.87911419482143,179.93447163912163,186.36918484761998,230.38627519070647,238.08760458880852,265.53856657687248,269.55745517779775,5.6209183407494834,3.2984581003829589,-0.50016698594151876,-3.7986250863244777,1.7748916490170927,-0.27180959129728421,-2.0467012403143769,7.62900418463866,1.1929611257478143,-6.4360430588908457,8.0882648127256687,0.56670692721758087,-7.5215578855080878,4.205638108913206,0.36892037490542862,-3.8367177340077774,-5.1547027270051728,-10.453436363503897,-9.7147690425435371,-8.5264917150102804,-5.06548715829976,-5.2409856284657224,-6.0028045860992734,-12.92542090797329,-5.1146871643282168,-14.621859765424404,-4.7621803214757961,-10.397127567610994,0.43332450309598763,0.44624439164268231,0.66506309536356101
4043,2004,102.57546920696089,33.975155411225899,6,10,25.626203941604615,2.2173919677734375,148.27767526216849,151.42061733367882,-3.1429420715103333,151.55726741351828,-3.2795921513497888,177.67706974102111,131.10850736822249,451.06459327787161,202.94767044184894,143.06005805303636,145.93876235552327,170.18476980121065,170.64255590678536,203.18986084440985,202.66893031656159,235.1779519092446,232.99735047386497,259.44772787080115,258.27878738855361,0.24926956495662012,3.0185323028773041,0.12443997426200326,-2.8940923286153009,1.1232740789155571,0.68692428441735842,-0.43634979449819866,0.65982568814976617,1.186829726396013,0.52700403824624686,-1.1358824716474203,1.159815386880922,2.2956978585283423,-0.50729071945187343,0.80188455895643074,1.3091752784083042,78.578639716459293,86.40087787963239,-7.8222381631730968,86.74097573484687,-8.1623360183875775,80.152179862921912,90.000138102918754,193.33112916257232,214.96190476559471,172.72758339977432,166.30091441490958,190.56761499481581,185.14671877982391,215.28423258293924,208.43161591841675,238.96663293354072,231.32845210529592,259.03970343803553,251.58092419488437,-4.6954915168371656,-4.6455652236513458,1.9210250858936604,6.5665903095450062,-3.2622015677311822,2.0284286777258274,5.2906302454570096,-4.8168469705619827,2.0471560141060081,6.8640029846679909,-5.8193988605633251,1.9961010888688122,7.8154999494321373,-6.4122090787516015,1.8641344728407603,8.2763435515923618,69.699035795303644,65.019741257086935,4.679294538216709,64.816293153886363,4.8827426414172805,97.524890242246329,41.108369282148487,257.73346443474293,188.20193160922614,134.46586008921972,136.73202545170358,149.51172524790127,151.03064729558906,177.06037714559264,186.47369121712515,226.10604457016055,236.9582887420853,260.49385013638903,267.03581835092984,6.2643846861791133,2.832257241562445,0.11597793502320997,-2.716279306539235,1.6271140969398346,-0.13943157844533971,-1.7665456753851743,8.7719203430663981,-1.2179137678074881,-9.9898341108738862,9.9286142741150343,-0.62993530106524531,-10.55854957518028,6.0634286989148904,-0.30072453295321111,-6.3641532318681016,-4.9447610817937857,-10.959876203016279,-7.66409752652865,-7.4778224652137908,-4.3854756466467393,-4.8893156646710167,-5.4766726587117489,-13.588767313628381,-4.6835163889159048,-15.748013134678359,-5.9049183592997281,-12.475637777666492,0.42861074011072636,0.45111155862571506,0.68645536364890836
4044,2004,102.82547035053135,33.975155411225899,6,10,25.626203941604615,-2.5,131.54879224949036,128.5747102049063,2.9740820445840654,128.44540342154869,3.1033888279416715,163.97395203166161,119.42202242283747,426.25152193382382,198.8338158048762,140.31498277908645,142.84080916120197,166.55423305551182,168.60972495186977,197.99861402025405,201.71716757193957,230.90737479351301,232.43579941478981,257.27701661582034,256.95841257633225,1.1874558765168501,2.5012314649603979,-0.034548598977977463,-2.5357800639383754,1.4339899696755936,-0.69730975961925878,-2.1312997292948523,2.4305067465197681,-1.147185475309044,-3.5776922218288121,0.43816944832235549,-0.99091291074483934,-1.4290823590671948,-1.3412898423681554,-0.79069267322586256,0.55059716914229284,76.52855647587603,72.592245390505923,3.9363110853701073,72.421102115076792,4.1074543607992382,79.064124808641282,73.994380273084062,173.65126815158874,207.50312056715507,162.58302497915912,165.45661600404526,182.01674550888168,184.14734498942752,205.75704968870207,208.46755133598327,232.03887490009424,231.78332589698351,255.34107693681432,252.23122394874687,-1.3806450353360731,0.65212870501244424,-2.1517991778966916,-2.8039278829091359,0.092680089585030601,-2.2594785600155092,-2.3521586496005398,0.42017124830135799,-2.269532818766578,-2.689704067067936,-2.1581089800093878,-2.1802422067690088,-0.022133226759621039,-5.936385860684652,-1.9722719656579102,3.9641138950267418,55.020235728910848,55.982465072688683,-0.96222934377783531,56.024301266735165,-1.0040655378243173,84.909827139666959,45.427642083939645,252.60025326535106,188.6532373826106,131.78263395579887,134.2464456569609,147.58837256724746,149.49515105164659,180.96794900964369,186.41239816757729,227.44677680103226,233.74591403554703,258.45272909965189,262.41535744804338,4.7298853287742588,2.4578573307599356,-0.23895935381992217,-2.6968166845798578,2.6769125730643282,0.25428558773327836,-2.4226269853310498,6.7433871774149736,1.3421790125312327,-5.4012081648837409,7.0903011325088698,1.1324587733393798,-5.95784235916949,4.1258843423804024,0.44560145629372983,-3.6802828860866725,-2.5681009118529232,-6.1105303641103319,-1.8491027599479537,-1.8057286257474914,-1.341309880090563,-2.5842324834792976,-2.0103354982184101,-6.3232159291136156,-2.5962784283317433,-9.2484101125182576,-4.5950960183164966,-10.062270203065054,0.4073915498618404,0.48217490539823571,0.61960414647050788
4045,2004,104.07547606838367,33.975155411225899,6,10,25.626203941604615,-4.2727279663085938,122.11663621664047,126.86492621898651,-4.7482900023460388,127.07137155532837,-4.9547353386878967,148.59411072399485,165.85984801538507,405.36844313330948,193.54423009059821,129.22678544507824,128.30347491945952,157.94433521285467,158.20865913387428,194.9826908200115,195.82613978587125,227.87526753386572,230.13712055803495,255.86045091174671,256.9062204096146,-0.91892873116458418,-1.3803445500993234,-0.59721419444984747,0.78313035564947597,-1.3448299823183731,-1.5557271984955889,-0.2108972161772158,-1.4325446278025709,-2.2669008749218733,-0.83435624711930245,0.031560875099074792,-2.3990083960305526,-2.4305692711296274,-0.52672115806728925,-1.6137893305552495,-1.0870681724879603,51.585002094507217,64.867598667740822,-13.282596573233604,65.445102661848068,-13.860100567340851,56.559592947300928,96.970560587317777,170.59686607681215,202.86103040294287,154.66293434008747,155.36450404391522,178.55017532820716,177.37937020330213,204.111228685969,205.50229779568011,227.40774066447614,231.01790387273107,250.45705330974789,252.6958935691425,-2.3153297460870306,-2.6452202323404492,-3.7126427905697881,-1.0674225582293388,-5.1904443179317923,-3.9013777369296179,1.2890665810021744,-2.870601395853555,-3.9367278126733254,-1.0661264168197704,0.19317348391078326,-3.8805426908130016,-4.0737161747237849,-1.3962839327279255,-3.4620747424982596,-2.0657908097703341,70.531633824110031,61.997324526309967,8.5343092978000641,61.626268327236176,8.9053654968738556,92.034517506441034,68.88928736168964,234.77157648466527,184.65549066370261,120.37154481638778,117.86299934672759,138.93436441229483,136.82003872398136,179.20674276372822,178.00145247942868,228.65359623559857,227.96080752993726,260.41195606674586,262.00689941003407,-0.49762287728563592,-2.5783849355960626,-0.27099807177403079,2.3073868638220318,-2.3323765680497104,-0.1945951011171303,2.1377814669325801,-0.61704981909514345,0.52378135535744264,1.1408311744525861,0.032682313078424841,1.1073683862963719,1.0746860732179471,1.8642984212432907,0.27205228615133592,-1.5922461350919548,-1.3964010149224464,-1.8177068688013946,-1.2648756822411258,-0.066835296744386596,-3.8456143356134191,-2.8580677498820819,-1.4380567680509841,-2.2535515767584116,0.16161260881170847,0.16049117083235842,-0.86956277466063625,-3.2605823539712162,0.42084397285140829,0.38063145754381322,0.58465362019578626
4054,2004,107.32549093479969,33.975155411225899,5,5,25.626203941604615,-2,103.4268957043605,113.05415472140521,-9.6272590170447074,113.47273068045615,-10.045834976095648,126.95159938582947,176.27177358150584,414.70873412489891,192.38947736110106,128.78642798171276,129.33742469615413,157.40568450556245,156.1072392726382,193.98650211843906,193.21939595377623,227.0343998461193,228.7271105190033,253.97796806399725,254.53363749754575,-0.51886943041324685,0.34119869775310008,-0.3334923172469928,-0.67469101500009288,-1.8187402956064886,-0.68630093728711472,1.1324393583193739,-1.694110160758612,-0.8987027418809248,0.79540741887768718,0.67369016473705301,-0.9804214477220512,-1.6541116124591042,-0.11329960390591509,-0.645963805451089,-0.53266420154517391,59.630017268082156,67.482489202626311,-7.8524719345441554,67.823901646312152,-8.1938843782299955,68.84959272535707,105.17828802120857,200.34037413506303,194.01726821449742,137.63221447778542,139.09755640958133,167.75509968045455,163.04941470916123,193.8102189577277,195.49086847288467,222.98297325893776,227.43133474743138,250.18861357464971,251.06281824088239,-0.19699905860008471,0.68732137813944405,-1.4788049129160186,-2.1661262910554626,-6.2520650824537256,-1.5787298621349066,4.673335220318819,0.19325439167732839,-1.5052998699486295,-1.6985542616259579,3.110864351075378,-1.4011826423932519,-4.5120469934686298,-0.32858400860547476,-1.0424692544358152,-0.71388524583034041,43.796878536861186,45.571664340232019,-1.7747858033708326,45.648828950155803,-1.8519504132946167,58.102006694000011,71.0934854853258,214.36835989356041,190.19682351605749,123.79400175891352,121.06015612479305,140.86093732972378,144.54824679644568,195.08980333763941,188.94442050624482,232.52902309637327,231.30142455944954,259.46805412027038,258.70216290187193,-0.95823350697443743,-2.5363317055730619,-0.1016986027401714,2.4346331028328905,4.1744749557147998,0.52895556195110771,-3.6455193937636921,-6.2100014936242758,0.47687100193715537,6.6868724955614312,-1.339894986938873,-0.16329085833439194,1.176604128604481,-1.0198263402712087,0.18853751860416423,1.2083638588753729,0.32187037181316214,0.76123444837435272,0.34612268038634397,3.2236530837125059,-4.433324786847237,-10.426540038168525,1.8873645524359404,6.4032558853016042,2.4371741863383249,4.4507593380142509,-0.21528440469955967,0.6912423316657339,0.48308694186972678,0.54232946302716822,0.59668253109494851
4055,2004,107.57549207837015,33.975155411225899,5,5,25.626203941604615,6.3043441772460938,95.148180366257293,99.700809486763319,-4.5526291205060261,99.898749954743835,-4.7505695884865418,103.51249950220881,177.25548321027964,375.60297231003642,190.66596164743748,125.37408857109966,122.28890833325302,153.67137901838834,151.1436735460743,193.32634549260581,188.4828036851419,226.69591530582591,222.90890089350322,253.55009553558057,249.5964997162335,-0.69409094726802323,-1.6381779320486203,1.4816032524139899,3.1197811844626102,0.095120340368367806,2.5861231397323934,2.4910027993640256,-1.3813893863982685,3.514441276536445,4.8958306629347135,-0.3205679819317595,3.4411579257130143,3.7617259076447738,-1.4079859229637748,2.5920316706396704,4.0000175936034452,45.193636713585875,46.030597844051954,-0.83696113046607934,46.066987263919145,-0.8733505503332708,47.590245382413173,96.975459211362249,163.88952584890649,193.39408724562946,136.22218966124504,135.74984343245046,166.2264785337141,160.39012734723255,193.69735081659928,192.11637232012052,222.72374064211951,221.32247615748739,252.12852126969904,244.98525507715243,2.7548878920183313,6.431540560112353,4.8174482662195999,-1.6140922938927531,0.12024354012302751,5.3446585089554901,5.2244149688324626,3.817104059562098,5.2210458774560493,1.4039418178939513,3.8019762737498297,5.216497950399372,1.4145216766495423,-3.0527619677439759,4.4074659429544738,7.4602279106984497,49.954543319723598,53.670211480095531,-3.7156681603719335,53.831762377900304,-3.8772190581767063,55.922253836086384,80.280024039895579,211.71344601735473,187.77031712115016,118.71505506212628,113.72022458675548,139.81063312219192,137.50354878483012,192.19082644555493,183.14222692233241,230.73286721477373,225.29811253199475,256.22832370029016,254.86798895407608,-4.2138669953001795,-4.1849552635882645,0.84808540027196955,5.0330406638602341,-2.3914539729628643,-0.25513926323876035,2.136314709724104,-8.8596657317333154,0.38765481835613969,9.2473205500894551,-4.9771979154008079,0.69689453466747864,5.6740924500682866,-1.1308127940302484,0.4098163497378664,1.5406291437681148,3.4489788392863545,6.9687548873185108,8.0697184921609733,10.616495823700618,0.025123199754659709,2.5116975130858918,5.1984934459603664,12.676769791295413,4.1225442556815892,8.7791741891506376,-1.6447760447802011,-1.9219491737137275,0.43633713769875626,0.45975361054244146,0.54709427011811795
4056,2004,107.8254932219406,33.975155411225899,7,5,25.626203941604615,1.9444427490234375,121.66295944473313,122.8837138970157,-1.2207544522825629,122.93679314136898,-1.2738336966358474,138.7658948397484,164.10229398603951,409.05992181971669,193.52618611558847,131.28921581495035,131.21058413580943,160.86396154287789,157.85400430064794,194.46813610101623,192.81577477317703,227.2445763854117,226.55417972216139,253.08870750049169,251.88039785691078,-0.53546137966580432,0.43884124178927664,0.3941568647621807,-0.044684377027095934,-2.0084059766215319,0.86406569223714769,2.8724716688586795,-0.68237662529949716,0.98003571517099886,1.662412340470496,0.33261625355990532,0.9611713488683904,0.62855509530848508,-0.58846088350941272,0.7279024504674112,1.3163633339768239,80.062103483647661,76.633638437509944,3.4284650461377169,76.484574869495191,3.5775286141524703,85.438191654525326,92.403543520636958,201.03493737056851,194.08757345896842,141.59498261810452,141.01498651451715,168.40675737410874,163.12408373187611,191.56226592463705,193.98438940518531,222.37108547201424,225.19605108523311,246.91149610656569,248.75683666705166,1.7337513025010196,1.5326815396025779,1.4335029835443152,-0.099178556058262757,-3.7123058113720901,1.6152139755714359,5.327519786943526,4.0741522401804104,1.5476048262268876,-2.5265474139535229,4.4627553018547133,1.4787572883618623,-2.983998013492851,2.6386224467009924,1.192886249558768,-1.4457361971422245,41.600855744087312,46.250079274202108,-4.6492235301147957,46.452219086469995,-4.8513633423826832,53.327702953323751,71.698750135714363,208.02498407661915,192.72765034586476,122.78312640107264,120.74850435900866,146.23726901623158,145.80596483472991,197.89806367975299,190.27745506786826,232.9979636826917,229.09864409960144,257.39627647912238,256.55536743951626,-3.933782859954988,-1.5874771111932375,-0.046397161732002701,1.5410799494612348,-0.66185255545261157,-0.58913799396808031,0.072714561484531259,-8.1959685754941916,-0.018445608326032925,8.1775229671681586,-4.0136770238011081,0.21223297120243956,4.2259099950035477,-0.97028896419362809,-0.20777803695352759,0.7625109272401005,2.2692126821668239,5.6675341624560076,1.0938402978133013,3.1201586507958154,-1.7038998347505583,-3.0504532559194786,4.7565288654799076,12.270120815674602,4.1301390482948079,8.4764323256558214,3.2270833302104052,3.6089114108946205,0.49145596194380986,0.61570021764492111,0.56308502017953443
4057,2004,108.07549436551108,33.975155411225899,7,4,25.626203941604615,7.388885498046875,111.43789172172546,119.75073397159576,-8.3128422498703003,120.11216294765472,-8.6742712259292603,121.58180847635231,249.67772809495364,469.6245489269495,190.55783301401587,121.1585060048981,119.49454383109206,150.05554338292291,147.54185823374891,190.21448259361637,185.6318077841222,230.78621718031496,224.76954858335898,259.74692290599575,255.05312421763068,-0.66785228550864417,0.54687875186131407,2.1385444400010698,1.5916656881397557,1.0248778078916416,3.6866947598216768,2.6618169519300352,-0.41129868873090913,4.1251329829449617,4.5364316716758708,-1.9648234152060127,3.9838746875118147,5.9486981027178274,-2.1528858870785825,2.7170373486791846,4.8699232357577671,81.721438072621822,78.804147899150848,2.917290173470974,78.67730912566185,3.0441289469599724,86.641068872881988,159.61712858937608,265.48697991576046,186.05532491467582,121.21122201116711,124.52472186783902,146.72241135135343,149.00471835591517,183.0063568805075,182.77293754415683,222.02263757595432,220.40818054605563,256.42764420035269,249.72348163164514,4.4222441274612265,8.8488287132840071,5.5897231936885134,-3.2591055195954937,8.4715339241280674,5.9986706337787155,-2.4728632903493519,5.689504539460728,5.8560907828805284,0.16658624341980044,4.3992379379344015,5.5350491342303201,1.1358111962959185,-2.5072207327225726,4.4289120203877417,6.9361327531103143,29.716453731060028,40.946586698293686,-11.230132967233658,41.434853345155716,-11.718399614095688,34.940739697016397,90.060599810120038,204.13756969571114,199.42797413847768,121.10142893927554,110.41470888636607,155.52979735248988,143.73176637192745,207.31850609848811,191.81059904937715,240.91447429914535,233.69803838927302,264.29036756216044,262.54976112446474,-10.513206478767074,-11.254148576411069,-1.7316348169280218,9.5225137594830471,-14.875596537742382,-2.8297349911066476,12.045861546635734,-15.743261606499686,0.51566475470843898,16.258926361208125,-6.8175430242084758,0.58084611743487358,7.3983891416433494,-0.83973454851877705,0.84846586556005832,1.6882004140788354,5.0900964129698707,14.935450606228301,8.301949961422693,20.102977289695076,7.4466561162364258,23.347130461870449,6.1008032281916371,21.432766145960414,6.3640613531404142,11.216780962142877,-0.35433484564399009,-1.6674861842037956,0.56531750847006335,0.71261539829565623,0.63929261855776309
4117,2004,99.575455484115338,33.725154267655434,6,10,25.699918021945955,-2,85.024508142174454,89.769696978793945,-4.7451888366194908,89.976008783356519,-4.951500641182065,112.35690023869392,100.36956455021209,394.29507178813219,206.08725290849574,154.75617581750771,156.11244582814595,176.95890671112176,178.1384527407445,205.5280653427746,205.78692679152732,235.70661500869235,234.66940283022305,256.85789269085109,256.10458722138731,-0.25709591789853903,1.5707093516134307,0.28158931577991098,-1.2891200358335198,0.72529804109322527,-0.45730537571833452,-1.1826034168115598,-0.40138171146637092,-0.69761351406748418,-0.29623180260111326,-1.7502274047857327,-0.57424124890960115,1.1759861558761315,-1.1481068229585674,-0.22875810743386182,0.91934871552470554,39.588254254311323,48.236837277734594,-8.6485830234232708,48.612862453577691,-9.0246081992663676,41.268717229366302,60.208052496137498,108.91596190468408,216.87299981593793,180.27625681287032,178.73624122620257,196.22764556366627,193.20430512272026,216.39366716190111,213.24700620445384,238.91097964944112,234.75137830724222,255.79101615927004,252.08479736841858,-4.3114672757419328,-3.0901633018967516,-1.8661261489664867,1.2240371529302649,-4.7321954346505777,-1.8588476782571774,2.8733477563934002,-4.9248318339126627,-1.8362457216783241,3.0885861122343385,-6.0735971794318573,-1.6995059142936668,4.3740912651381905,-5.6325264408953615,-1.5398648075432106,4.0926616333521508,45.436253779829713,41.532859028851817,3.9033947509778955,41.363146405939915,4.0731073738897976,71.088183158339234,40.161512213020615,285.3791094571352,196.2489989624093,148.83213063262644,148.37876052220454,160.36470975732658,161.7880891121508,186.8318694048981,190.99347183517315,231.03288955015597,234.53460417141645,257.71116532639905,260.35329539708755,3.0852651936264408,-0.29213469037259188,0.036751577389992462,0.32888626776258434,1.7379562185917621,0.25449682630016923,-1.4834593922915928,5.1882774264659304,1.0942663340502179,-4.0940110924157125,5.0604505103331974,1.6005247131201372,-3.4599257972130602,3.2698657954717305,0.76794515695610244,-2.5019206385156281,-4.0543713578433938,-7.3967324693683736,-4.6608726535101823,-2.7980286115241597,-5.4574934757438029,-6.4701516532423398,-4.5234501224462917,-10.113109260378593,-4.3233697746461246,-11.134047689765055,-4.4844196179367941,-8.902392236367092,0.27622957956524558,0.36730024717390714,0.59986364159243799
4118,2004,99.825456627685796,33.725154267655434,6,10,25.699918021945955,-0.4736785888671875,96.330664913355577,90.873591085224689,5.4570738281308877,90.636327913038258,5.6943370003173186,120.54617096762195,109.31232061499395,402.87838823348284,205.86521480647102,155.55667702703491,155.77463206691351,177.67033857566392,177.0182143832032,205.3052592852975,205.2407197969093,234.17907251622398,234.25528479932069,256.17410924715273,256.45262138995548,-0.1711781154400569,0.22242841372690236,0.051490846069214058,-0.17093756765768831,-0.74626962609744396,-0.11762862058947121,0.62864100550797275,-0.24988279035864025,-0.1836549819338984,0.066227808424741852,-0.18325738761822663,-0.18944036581888213,-0.0061829782006554979,0.065775248833858768,-0.081344387633237147,-0.14711963646709592,55.183397013232025,48.83029624998926,6.3531007632427645,48.554074804067568,6.6293222091644566,57.676101571695881,72.193993381748442,146.80912878806703,213.53461675966429,174.41640424262596,175.73480474882632,191.52003869866405,191.10005652398897,213.25142643729117,211.89453228739754,235.75544551132811,233.53708020887953,255.2633253527361,251.41463629095603,-1.2766717283755895,1.1035534062842771,-0.43142250333877996,-1.5349759096230571,-0.64579481209457867,-0.43731200876268872,0.20848280333188995,-1.7225232784784623,-0.438194933998858,1.2843283444796043,-2.78597283280331,-0.38466762113449704,2.4013052116688129,-4.6947865914061708,-0.38925516657312187,4.305531424833049,41.14726787032123,42.043295868119458,-0.89602799779822817,42.082253264256906,-0.93498539393567626,62.870069191427319,37.118327298339864,256.06925890594721,195.90379946572151,148.32372511866595,147.88404588301228,159.39967929914286,161.0582512270374,186.21385925685763,190.93207154329045,231.13010074974079,235.70961464259545,257.91074197276674,261.88239781186422,3.004707043268894,-0.33349917059084078,-0.033714505209360368,0.29978466538148041,1.7891509713397227,0.030121011039881296,-1.7590299602998414,4.7415161409316227,0.24162417434152417,-4.4998919665900985,4.6759080513434128,0.29539489319944323,-4.3805131581439696,4.0822571309517457,0.099168168237213195,-3.9830889627145325,-1.1054936129355326,-4.2813787716444835,0.88112499255737475,1.4370525768751179,0.10047481400286529,-2.4349457834343013,-1.4726404881198221,-6.464039419410085,-2.6027154451850834,-7.4618808841467228,-4.7605618402400296,-8.7770437223579165,0.36440060592921591,0.47845652092248847,0.66043784429406638
4119,2004,100.07545777125625,33.725154267655434,6,10,25.699918021945955,-2.8000030517578125,80.051316821110959,79.578434226172249,0.4728825949387101,79.557874858666764,0.49344196244419436,108.79527053445236,108.92141771048045,363.37135799229145,202.43201756754482,149.27148946268227,150.63712919469322,172.96476292507288,173.86177438639453,201.93420188905776,203.60880358002282,232.32955499826988,232.77214862898575,255.13101397098603,254.81662831639466,0.19853172268085473,1.4580856427288325,-0.0075287502683636376,-1.4656143929971961,0.30363133393009889,-0.5993793824379452,-0.90301071636804409,0.54661750114559027,-1.1379718744716172,-1.6845893756172075,-0.60251124811571799,-0.9974861894890239,-0.39497494137330591,-1.2183868979418548,-0.70629633426557348,0.51209056367628136,40.34532119853975,38.899362341075175,1.445958857464575,38.83649444668481,1.5088267518549401,41.693730900609808,68.02118774329756,120.40146510314662,213.57903592377573,175.96742132198932,176.25404507726873,191.92144851643152,191.97629055591645,213.05447680188453,212.94731894856022,235.57560816751848,234.04713698759085,255.05002147342302,251.63464615888432,-2.7729670507473259,-2.1817345458802606,-2.600207792815354,-0.41847324693509336,-2.3986501851341018,-2.624098492487235,-0.22544830735313326,-2.6430272137702673,-2.5953149535701812,0.047712260200086121,-4.0914392328666054,-2.4364561696496025,1.6549830632170028,-6.0043340112173951,-2.191820003696705,3.81251400752069,39.705995630021789,40.679072549690318,-0.97307691966852872,40.721380426883115,-1.0153847968613263,67.101539690653226,40.900229950791982,242.96989291906357,191.10818257749892,141.42937722917495,143.82686171639145,153.71412501082318,156.99103741778202,181.80204771050762,186.27372132658576,226.16960054379319,230.59566565760173,255.27031084890561,258.2566375379858,3.8975203740617417,2.1874030351291651,-0.18711741659473091,-2.374520451723896,3.2357433919266612,0.1029841850352966,-3.1327592068913646,5.5609513418419283,1.1479186215953234,-4.4130327202466049,5.5003540854511357,1.4867811444879067,-4.013572940963229,3.4229368278548407,0.60586912760783207,-2.8170677002470086,-2.9714987734281806,-6.6704874248090675,-3.6398201886090931,-4.3691375810094257,-2.7022815190642007,-5.6343935770607629,-3.1896447149158575,-8.2039785556121956,-3.4889279847508874,-9.5917933183177411,-4.7859471132755402,-9.4272708390722357,0.33134550221126896,0.38323109723236171,0.62449781845570429
4120,2004,100.32545891482673,33.725154267655434,6,10,25.699918021945955,-3.0833282470703125,81.735995806011488,86.04564945322636,-4.3096536472148728,86.233024230021329,-4.4970284240098408,109.30061450718858,89.371810518947314,333.18124404922128,202.85872040109763,150.1493065891375,153.30934358815338,172.89640861935874,176.74965892795402,200.81541821980156,205.62996771891656,233.88912950179179,234.55648075497052,256.63735516505574,256.46481601953718,1.7757642346474825,3.2326883572492875,-0.023055798979783049,-3.2557441562290705,2.9125622198255883,-1.029883460455352,-3.9424456802809402,3.4220541121262045,-1.3079664406760116,-4.7300205528022161,-0.51038048746468689,-1.0684758196178166,-0.55809533215312968,-0.95796106457024166,-0.68158379910298095,0.27637726546726071,39.874913336588179,44.2861546385775,-4.4112413019893211,44.477946843406244,-4.6030335068180648,41.427805532213597,47.554989284025396,101.17958544008434,212.14827323247675,173.139359945335,177.03247643893374,187.97676403223164,192.77598721493402,210.87074987134199,213.87738162621298,236.29220415681561,235.69716392603218,255.62691881327467,253.76340002000927,-0.3417138098553778,1.3406796903987868,-2.8540694261681381,-4.1947491165669248,2.277290039233975,-2.8439954849141884,-5.1212855241481634,0.30261182125119035,-2.8113123146065959,-3.1139241358577863,-3.2198851500488388,-2.6072583374508156,0.61262681259802321,-4.684185510926568,-2.3414553027624834,2.3427302081640846,41.861082141597763,41.759494206185082,0.10158793541268096,41.755077535626697,0.10600460597106576,67.872808470819109,41.816821063558564,232.00165783241391,195.32281787452698,144.34515176154159,146.09782788668252,158.56747193195051,160.20898528454015,187.848469259583,191.0217454229672,231.14767379397225,232.77442333336202,257.54963728574211,259.30570591774551,2.5418254105072151,1.4929499446512864,-0.47721211882404191,-1.9701620634753283,1.641385127932665,0.059651466204911685,-1.5817336617277533,4.015953748651782,0.8331211059330883,-3.1828326427186937,2.8640060205904945,1.4496560106673542,-1.4143500099231403,2.3966647960791647,0.77840364464640288,-1.6182611514327618,-2.1174780445028603,-2.8835392203625929,-1.8920086668505007,-0.15227025425249963,-0.63527218059161328,0.63590491130130999,-3.1194422908750141,-3.7133419274005917,-2.7095046625841519,-6.0838911706393333,-3.7262244463563263,-7.0808503070057327,0.3036773145163506,0.379026281956438,0.53210278507162478
4121,2004,100.57546005839718,33.725154267655434,6,10,25.699918021945955,1.095245361328125,80.332646643393673,80.266633581621136,0.066013061772537185,80.263763386119535,0.068883257274137577,100.62743889550256,84.221492329903413,288.70626352354884,202.68069884564758,149.61327216392249,152.857019417526,171.64329600537695,174.5411624877537,200.65485595067778,203.46113538318895,234.11534327662372,233.93340281122366,257.44834658440266,256.65798594850656,2.0300694309771075,3.4856948101279386,0.16929958778737841,-3.3163952223405602,3.4555320512984906,0.48798958539200044,-2.9675424659064902,3.1874502622439991,0.49828608014479414,-2.6891641820992049,0.14152979804853771,0.39857398420269874,0.25704418615416103,-0.61248178311376478,0.27798848833049306,0.89047027144425783,37.117840488970614,37.159916697968583,-0.042076208997968934,37.16174572496675,-0.043905235996135161,38.670647127914435,45.009828629721596,97.922645542304963,211.51419225264726,169.84591188798055,171.29459184793805,185.30127761183294,186.77749734901667,210.99340848504789,209.01541271008969,237.17707901343974,231.91265277767479,257.42072257379431,250.64821338376302,-0.80538804397727404,2.6196122601067202,0.96974647252559976,-1.6498657875811205,2.7066587630015988,0.98713729658916805,-1.7195214664124308,-0.89797129382677099,0.98549744461993782,1.8834687384467088,-4.2364628749187432,0.92756352670761544,5.1640264016263586,-6.485822042672396,0.85238297188089973,7.3382050145532958,43.214806214027703,43.106717605294762,0.10808860873294179,43.102017460341813,0.1127887536858907,61.956791863913168,39.211663842097551,190.78361855819821,195.37416316991934,142.76076589183072,145.68601048802057,158.39916297875081,162.4041786965399,188.4559544663868,195.05293664872534,230.81448912065062,236.28522314663115,257.48327868027968,261.24591395969662,4.4636468439354644,3.6274497769921368,0.2857001511201247,-3.3417496258720121,3.9509852457182433,0.0031393865413633648,-3.9478458591768799,6.455377300328081,-0.10881664086608112,-6.5641939411941621,5.1163383737990387,-0.044515385458254286,-5.1608537592572929,3.6246633400523933,-0.01618295684545501,-3.6408462968978483,-2.8354574749543815,-5.2690348879127384,-0.86608255002121837,-1.0078375168854166,-0.74887328829689181,-1.2443264827166445,-4.0854215560707701,-7.353348594154852,-4.3779926729672809,-9.3528012487177818,-5.8733402595586313,-10.110485382724789,0.33917741980100036,0.38429525338583154,0.53442212177164838
4122,2004,100.82546120196764,33.725154267655434,6,10,25.699918021945955,-4,70.652061642980698,73.676350098699913,-3.0242884557192156,73.807839966475512,-3.1557783234948147,95.743576856231812,79.064738352873974,277.4266104362905,202.96505858872837,150.31794453767361,152.71614942920351,172.38899691992296,175.73584989736929,202.61512774810936,205.14266664751941,233.19945894637934,234.70951044827785,255.75906491259025,256.59926492850013,1.1776454223200687,2.4203954926755955,-0.13564701932585876,-2.5560425120014543,2.2202173797550699,-1.1723082863234708,-3.3925256660785408,1.0522225388756965,-1.4894775119467738,-2.5417000508224703,0.25234427452272712,-1.2201264227668105,-1.4724706972895376,0.058859538757388918,-0.78726659153306855,-0.84612613029045747,31.393353420250605,34.150255180436034,-2.7569017601854284,34.27012084011767,-2.8767674198670647,33.89330009178866,39.468792603086058,83.894783046226621,211.18495059516948,170.40196071300647,176.35658240743359,188.07171109693087,191.95113668716698,212.2086788938706,213.53381273956742,233.62257836038344,234.7354201025891,253.99801013372826,252.38586900099793,-0.82267691266184784,2.5207205401133308,-3.6315043016838331,-6.1522248417971639,0.47269287165650553,-3.6604065208765633,-4.1330993925330688,-2.2262259389302983,-3.607187146492322,-1.3809612075620237,-2.1033975327476071,-3.3755690169444961,-1.272171484196889,-4.8434502462653484,-2.9746742488285633,1.868775997436785,39.2587080662679,39.526094639847543,-0.26738657357964257,39.537719156160165,-0.27901108989226486,61.850276625676088,39.595945746258622,193.53182729333639,197.02074187268977,144.70981538235984,146.77038757996385,160.03840249357569,162.26867589289157,191.0993892757009,194.26750953550305,232.53720982782147,234.68114252773088,257.65815077067685,259.66028874119883,2.7043060158323442,1.8134691292871992,-0.50826437273181568,-2.3217335020190148,2.6726277155831042,0.46031546956825764,-2.2123122460148466,4.0992596523374232,0.88621594103642565,-3.2130437113009975,3.199081900933038,1.2734384124209726,-1.9256434885120655,2.4126465879933221,0.49707038264676839,-1.9155762053465537,-2.0003223349819166,-3.526982928494192,0.10032504743773529,0.70725141082613163,-1.7475245080985644,-2.1999348439265987,-3.2784484778059948,-6.3254855912677215,-2.3557418072703342,-5.3024794336806451,-4.9023097850227373,-7.2560968342586705,0.30240351822880596,0.35400077169336081,0.49919589219321536
4123,2004,101.07546234553811,33.725154267655434,6,10,25.699918021945955,-1.9130401611328125,84.195700467731513,91.312694678004846,-7.116994210273333,91.622128485067151,-7.4264280173356383,109.8578963170512,85.373056738470041,308.82871739193797,203.61310622536269,149.59528140946801,152.94259257145629,171.97161111572697,175.79871249910263,203.49611216083443,206.07551547218708,233.75821465560895,235.91213603502075,258.58418242496202,259.49989698385809,1.9666881037903465,3.4724601986812331,0.033511485433905364,-3.4389487132473278,3.164474728831749,-0.67143277765529774,-3.8359075064870467,1.7052709833617143,-0.87246588543530379,-2.5777368687970181,1.3862485100392234,-0.74840873146115428,-2.1346572415003777,0.29318364617171255,-0.59099222177354704,-0.8841758679452596,39.018518828363085,47.787153667935854,-8.7686348395727691,48.168398960026025,-9.1498801316629397,42.245577064852341,44.064340166240072,98.521679591853172,211.14925751839775,168.07545406950138,172.7336922546823,187.20886525315723,189.91579915340543,212.0364405593001,212.36376625069516,233.8667526148781,234.7737827931347,256.48435089505443,254.51397113892475,0.16369104518940958,3.1964895582387669,-1.7279080929426698,-4.9243976511814367,0.99232617714937987,-1.7570090744740696,-2.7493352516234495,-1.0941580107576385,-1.7535902798538245,-0.65943226909618602,-0.43561860867370683,-1.6357436952808371,-1.2001250866071302,-3.7279507661307605,-1.4460051230981321,2.2819456430326284,45.177181564862622,43.525539893777932,1.6516416710846897,43.453729703855061,1.7234518610075611,67.612318954337752,41.308716393416034,210.30703748390079,197.64139856460864,142.84344136313493,145.30863758981914,159.29561498998822,161.03042119193447,192.13513326832643,194.9342041734223,233.59843927258808,237.64861298108528,260.90690609940299,263.72650181626966,2.7978782916128466,2.5269612238265609,-0.20851922766237863,-2.7354804514889395,2.1694014184500361,0.27361017821226596,-1.8957912402377701,3.2693895621973752,0.48882891391514249,-2.7805606482822327,4.240475289242795,0.30274450012515786,-3.9377307891176372,3.0556032540370097,0.2000175315300794,-2.8555857225069303,-1.802997058600937,-2.634187246423437,-0.27597064044246622,0.66952833441220605,-2.1721485516823691,-1.1770752413006562,-2.7994289941193529,-4.3635475729550137,-1.8218671187129303,-4.6760938979165019,-4.021134412302473,-6.7835540201677702,0.31901722230973167,0.38454747888973861,0.51613871928266331
4124,2004,101.32546348910857,33.725154267655434,6,10,25.699918021945955,-6.5217437744140625,85.602502860243476,88.928847925652008,-3.3263450654085318,89.073470859484587,-3.4709679992411111,116.57168741984788,83.995300719083389,303.45009941980243,201.44486030026718,140.89922006060658,145.58346044088503,166.46019994408658,171.72428351857349,201.51599841031614,206.02743046751937,234.52950798718874,238.61626552284213,260.32492671534294,263.37753485338334,2.0344096350770258,4.0212870530169766,-0.71057873466463661,-4.7318657876816133,3.8203081125610652,-1.438193166847725,-5.2585012794087902,1.7424995732557704,-2.7178140171912162,-4.4603135904469866,1.7032639576404733,-2.4964076902539034,-4.1996716478943767,1.312247776344293,-1.7528651671938746,-3.0651129435381677,38.133479767602239,41.444740745579111,-3.3112609779768718,41.588708505471004,-3.4552287378687652,40.738002900205856,43.866702060391162,94.850794378784485,213.39743394403334,168.54652363922534,177.1104162500452,188.37184485881119,194.12716476442404,213.1934448156448,217.27175243427033,239.11950728919669,240.00233952199429,260.34014163309729,259.54454318519265,-1.4104620960700913,2.6943941436016132,-5.9498157516254366,-8.6442098952270499,0.016293860100887514,-6.0376314395677468,-6.0539252996686344,-1.4420090674420578,-5.9430916586526337,-4.5010825912105759,-4.3088926987428238,-5.4695853097968268,-1.160692611054003,-6.0439594786485884,-4.910494376860072,1.1334651017885164,47.469023535464657,47.484106381888523,-0.015082846423865703,47.484762398717066,-0.015738863252408919,75.833685052196415,40.128598537216021,208.59930543974042,192.72440434070975,136.82645010761212,139.02312873042541,150.72708113398929,154.71010482170672,186.34540265441996,189.91761121257829,230.63884348726674,236.82561268030156,260.30759804455255,266.37524469094217,4.7546591687158752,1.957619855348554,-0.38572141065873211,-2.3433412660072861,4.3253075483598025,0.27969656309653601,-4.0456109852632665,5.182604510641255,1.5361234333425386,-3.6464810772987164,7.4390020704809956,1.2346819078104829,-6.2043201626705127,6.6778592868755027,0.50670812839422297,-6.1711511584812797,-3.4448717311471171,-6.1651212647859666,-1.3268929094153634,0.73677428825305924,-3.8040142524601777,-4.309013688258915,-3.1845086406978282,-6.6246135780833129,-6.0121566563832971,-11.747894769223819,-7.3562072549928814,-12.721818765524091,0.31257460307358448,0.34946738613710476,0.5222518603403824
4125,2004,101.57546463267903,33.725154267655434,6,10,25.699918021945955,-1.565216064453125,93.223627274652245,99.413559021846595,-6.1899317471943505,99.682685391668201,-6.4590581170159567,119.95765581216983,92.430420722244889,336.31380422413349,198.95172557393752,139.69904074396752,144.87287621337606,163.76625378390042,169.77772338370326,198.95905733368332,202.51793132349735,232.02804800527861,234.74664109488637,258.1281492602464,259.57433881610774,3.0847563889830667,5.0942341528906354,-0.17664354838305485,-5.2708777012736903,5.6343263085261697,-0.46072568822233961,-6.0950519967485093,2.7998144829964247,-0.69722595349333005,-3.4970404364897547,2.193826217461492,-0.56160225331976221,-2.7554284707812542,0.89634942231651848,-0.43564459366075425,-1.3319940159772727,41.776778019993799,50.136468804226752,-8.3596907842329529,50.499934291146928,-8.7231562711531296,44.94112273230985,46.673862226749407,106.41344884503633,207.44687165877673,160.89140796824648,167.14313138198057,181.83762657024047,184.62410589173618,207.80831303354393,209.16327689362049,233.04790774930211,232.92422009543174,254.67086408111439,253.36552228081166,0.68303358158644301,5.1864856763816363,-1.3807038166612813,-6.5671894930429175,1.5761408821862233,-1.4184124710800177,-2.9945533532662409,0.16716709062220048,-1.4144380827675036,-1.5816051733897041,-1.3296866483998429,-1.3191862082842079,0.010500440115635001,-2.8136196967307114,-1.2136716345782759,1.5999480621524356,51.446848971536383,49.277088749529867,2.1697602220065164,49.182750933368879,2.2640980381675035,75.016532476282009,45.756558521410625,229.90035460889339,192.50755291797569,136.02200594913123,137.33309364531721,149.9689111070615,153.27315005674606,185.81164072003995,190.87427397921957,231.70486006031797,237.41207379606723,260.54809685922538,265.35205372616269,4.1940765329294152,1.5175316678234481,-0.024961930489752149,-1.5424935983132002,3.7613203516840201,0.31417176822313309,-3.447148583460887,5.5963737989198705,0.48565676363517696,-5.1107170352846936,6.1003577890378722,0.41662026243093919,-5.683737526606933,5.0760857616448902,0.38193529009134863,-4.6941504715535416,-2.4017228073966237,-3.5110429513429722,0.092251523491000853,3.6689540085581882,-4.0581854263399464,-2.1851794694977968,-2.6326473923742242,-5.42920670829767,-3.5235128658613348,-7.430044437437715,-3.7099691190472299,-7.8897054583756017,0.31641118356865894,0.37464155520577058,0.50496213110405741
4126,2004,101.8254657762495,33.725154267655434,6,10,25.699918021945955,-3.173919677734375,125.09522042333265,122.29615062231096,2.7990698010216875,122.17445279309686,2.9207676302357868,156.98468957196019,121.62066505051735,416.28584712743759,198.86550318163481,138.62726404055957,142.14204806447898,165.70746009239357,169.53314042780599,197.96819309478619,203.28191961411758,231.56072085236676,234.48011959966581,258.24288010965495,259.33603410994886,2.2371790237657763,3.4437375640145831,-0.046320888497263013,-3.4900584525118461,2.9926090320299181,-0.74316221179029185,-3.73577124382021,3.7222761735208962,-1.5539487137959611,-5.2762248873168573,1.4168174900326278,-1.3619862181028282,-2.778803708135456,0.047428434527091667,-0.87925752116154854,-0.92668595568864021,79.532004536737077,71.912103971879333,7.619900564857744,71.580804072360479,7.9512004643765977,81.912263935790861,77.562284410342272,176.70134356533526,206.74545147233511,160.80170119294971,167.04054629660672,180.05096522746942,186.19144009143051,204.18506713655219,210.76045980790377,231.87995142768798,235.11000302445953,257.17839937346548,255.90360275304886,1.3878189012594078,3.6387965719216311,-2.9075474500198197,-6.5463440219414508,3.6550536266998961,-2.9348212003305889,-6.589874827030485,3.6570159174372634,-2.9092691382158762,-6.5662850556531396,0.52661164249315107,-2.7387791132565269,-3.265390755749678,-4.0164237301700041,-2.4884808681528625,1.5279428620171416,45.563215886595572,50.384046808510902,-4.8208309219153307,50.593648003536146,-5.0304321169405739,75.072425471305905,44.058380633696288,239.58450335264206,188.31700421429485,129.93353292761142,131.10392951916813,141.38026203592023,146.35886283787619,180.76237554597805,183.57454651755364,230.04649084886319,233.03322635962235,260.73610425966416,264.26646923920566,3.8651607022237044,2.137695517383122,0.70601664452792079,-1.4316788728552012,5.3944773316285648,0.42255701513772692,-4.9719203164908379,4.535773151164932,1.5991839279722626,-2.9365892231926694,4.8405300356052976,1.9592874797765205,-2.8812425558287771,4.5381384037631847,1.2281827881202503,-3.3099556156429344,-0.8493601225063685,-2.4773418009642967,0.195059007907048,1.5011010545385091,0.66244459466997796,-1.7394237049286687,-0.065260256083632839,-0.87875723372766856,-0.89020584753947674,-4.3139183931121465,-4.0638521646970958,-8.5545621339331888,0.4244711771602499,0.52178504896965194,0.63773935439446394
4127,2004,102.07546691981996,33.725154267655434,6,10,25.699918021945955,0.5,154.4399498548737,155.4662613028122,-1.0263114479384967,155.51088339369016,-1.0709335388164618,180.42220191624074,120.75059889290424,425.71983408927917,198.65891306149729,136.91777225703646,140.42099151606774,165.31970454675215,167.91139080146957,199.21904648380388,201.50895888020889,231.52182521305917,233.17390745268361,258.28203631570233,258.47337992311549,2.1424180938920756,3.5880974490164874,0.033794307755584896,-3.5543031412609025,2.6484713290410582,0.1297565658855433,-2.5187147631555149,2.5522596064884908,0.26156314903832367,-2.2906964574501671,1.754483296145537,0.26841612271169879,-1.4860671734338382,0.2708726611750194,0.20305865076790042,-0.067814010407118985,94.031273744484679,94.051650382798471,-0.020376638313791773,94.052534532431309,-0.021260787946630444,95.088768451890246,78.594382443049653,201.67412452917779,206.89335876062515,160.82145564945282,161.78460611870833,180.97530654541947,182.06405355943266,205.19272847862783,207.5183611590609,231.31042702910173,232.4033954469526,255.51795297134083,252.92004798433894,0.70857990473686527,1.4851035071558272,0.42031470955879513,-1.064788797597032,1.6593506611085331,0.4560328554950388,-1.2033178056134943,2.8960458088698715,0.46051418959538637,-2.4355316192744851,1.2594532627189494,0.46082745157630711,-0.79862581114264231,-2.5638944966999304,0.43336249428921292,2.9972569909891433,60.408676199795991,61.414611893556412,-1.0059356937604207,61.458348280114024,-1.0496720803180324,85.333433352591783,42.156216360447615,224.04570963978767,187.44086929238858,127.93441006966457,129.48027122952334,138.66896329413575,144.8169783205299,179.97215160340076,183.82473413478951,232.15568542775421,235.40168592318904,262.73341773157597,267.11233729087985,3.8777269057773083,1.7220372465230724,-0.076231475703821161,-1.7982687222268936,6.0484461911854055,-0.042885258250834113,-6.0913314494362396,3.7504162306896092,-0.25825047701107451,-4.0086667077006837,2.8738198919259901,-0.21279601918897129,-3.0866159111149614,4.0733829145721074,-0.096671613002285994,-4.1700545275743934,-1.4338381891552103,-3.169147001040443,-2.1029939418606602,-0.23693373936724527,-0.98912066793252507,-4.3890955300768724,0.34378620238138069,-0.85437042181973766,-0.49503003342658758,-1.6143666292070407,-2.8347671578749498,-6.6372774112720379,0.47372499089831932,0.52703474096848835,0.65088192657956379
4128,2004,102.32546806339042,33.725154267655434,6,10,25.699918021945955,-2.4166717529296875,149.09084334969521,144.88871690630913,4.2021264433860779,144.70601770281792,4.3848256468772888,185.56438026896831,139.80079447492244,481.25573740899563,200.19391884081108,139.70366484366295,142.30440480579341,167.1857733863535,168.82490903438386,200.51052469457886,203.65329885847817,232.4272582430558,235.01548076779585,258.62069221765665,259.34864690891226,1.2162564583798883,2.415250379737472,-0.14113384669229845,-2.5563842264297705,0.98969741623940877,-0.62042659072247375,-1.6101240069618825,1.9707121511751495,-1.1239060124011644,-3.0946181635763139,1.2003219583714042,-1.1474421693541785,-2.3477641277255827,-0.24399882557258934,-0.79263331126253433,-0.548634485689945,91.493714183568954,81.115819841623306,10.377894341945648,80.66460619866848,10.829107984900475,95.206602737307549,91.819074843008821,219.83847025572322,208.72351365991994,162.41351573857841,165.8276648861181,183.39567423660057,186.35009322328682,207.46345614951147,211.49846085965834,233.85749187838661,235.44313060459118,258.1176907734926,255.35775154539508,-0.12192518901886729,1.5364702959376757,-1.9394753130677316,-3.4759456090054073,1.0916067782938512,-2.0435759598747154,-3.1351827381685666,1.8025626777905188,-2.1248675204518008,-3.9274301982423196,-0.60735256080570821,-2.072811109343121,-1.4654585485374128,-5.1768041722426119,-1.8950883098922304,3.2817158623503815,57.597129225730896,63.772899687290192,-6.1757704615592957,64.041410945355892,-6.4442817196249962,90.357777606166565,47.981719541265193,261.41726755350828,188.66248138635319,130.42878137343871,133.74436515790742,144.77433447379491,148.71277085477715,181.57391234221396,184.89320460874626,228.39227092963725,234.10908472664113,260.07306608702442,264.5495806935653,4.4420874100468097,3.3843151510586722,-0.14035619574065095,-3.5246713467993231,4.1008110477041271,0.16705541891019493,-3.9337556287939321,4.6523562342669038,1.0641274450382241,-3.5882287892286797,6.3855120301686839,1.0280704663925349,-5.357441563776149,4.8791259054603984,0.68339955911471861,-4.1957263463456798,-1.3381816473987556,-4.564012599065677,-0.87878008379979633,-1.8478448551209965,0.10190936205444245,-3.0092042694102759,-0.16814947338463071,-2.849793556476385,-1.8076745191771124,-6.9928645909743921,-4.9328053466700226,-10.05593007770301,0.45680176498112746,0.51306507530868428,0.65678507184363244
4129,2004,102.57546920696089,33.725154267655434,6,10,25.699918021945955,-3.7916717529296875,128.18776705861092,130.26525112986565,-2.0774840712547302,130.355577647686,-2.1678105890750885,160.68333770420668,153.27863298309239,447.46867637336254,196.18644801709596,133.11280864279749,135.47262287733847,161.13144588288162,164.6494761759447,197.03905085732293,200.06582112079644,230.32952199998439,231.44088944917436,256.4054259328376,256.11458648730689,0.32570258731180957,1.9563404693471682,-0.65037847992400089,-2.6067189492711691,2.3939352959555436,-1.1536671954943074,-3.547602491449851,0.92916158488336009,-1.9371016559933594,-2.8662632408767195,-0.90625323492810139,-1.9233428216245159,-1.0170895866964145,-1.8364737541062084,-1.3824235715300688,0.4540501825761396,71.245114855584688,74.191446572542191,-2.9463317169575021,74.319549009203911,-3.0744341536192223,74.441100751216254,103.8197654215719,211.25810531165916,206.89910919626101,160.67093056110485,162.60827082969266,183.16295152985342,183.08565373854393,206.31285272358826,208.17529679436848,231.81949909521347,231.80176351157019,255.25663718229848,251.9424279323579,-3.0030597469822737,-0.91490545767317144,-3.1742856523424052,-2.2593801946692338,-2.9040164530966592,-3.4015075554393377,-0.49749110234267846,-1.4755350664575815,-3.4753932356251198,-1.9998581691675383,-3.6942870835846406,-3.390879790853063,0.30340729273157763,-7.4419371379347581,-3.104039577021922,4.3378975609128361,56.942652247846127,56.073804102838039,0.86884814500808716,56.036027804017067,0.9066244438290596,86.242237028543968,49.458867608707806,236.21057133376598,182.11398877647829,125.92237383973426,124.98891904848529,136.72020045213245,140.45291226999518,171.18549448121007,177.7751332906208,225.43125388155002,230.48024569757422,257.63366286356342,262.02173014407776,4.9712438592633248,-1.0893724772734998,-0.39010484672273549,0.69926763055076435,3.7931645686260538,-0.24952350452522865,-4.0426880731512824,8.0460088456177346,1.7851752482784775,-6.260833597339257,6.9020410735392943,1.9687529946830296,-4.9332880788562647,4.8531136398596573,0.75176285418541511,-4.1013507856742422,-3.3287623342940833,-7.9743036062455985,-2.8712459270203396,0.1744670196003284,-5.2979517490522028,-6.697181021722713,-2.4046966513409416,-9.521543912075316,-2.7880338486565392,-10.596328157123935,-5.6054633838285497,-12.295050777794415,0.47211819835940405,0.4632782827068907,0.67732705727499465
4130,2004,102.82547035053135,33.725154267655434,6,10,25.699918021945955,-0.04166412353515625,122.71917462348938,118.21666240692139,4.5025122165679932,118.02089953422546,4.698275089263916,144.32114442159354,142.06256645917892,416.08956412225962,192.52831595150997,130.94857311533389,131.57442352951713,157.51573440360713,159.0207732636529,191.36195968419079,194.5532191342451,226.88801866153509,227.59628884101915,254.86926764203699,254.27594064470168,1.1254359241046075,0.71386255991419034,-0.0061594281958150532,-0.7200219881100054,1.5302522957933888,-0.0070455397817283938,-1.5372978355751172,3.1321660093808532,-0.019549270891729975,-3.1517152802725832,0.75983386467277114,-0.020933635445999244,-0.78076750011877039,-0.75587585697857662,-0.015171540781466319,0.7407043161971103,57.27743124961853,56.71895020455122,0.55848104506731033,56.694668643176556,0.58276260644197464,60.383254207172058,75.606929954141378,154.33488433196908,198.81528661347809,156.10952649067332,156.97068716705743,173.57832401079418,176.27052191386178,197.03549529413911,201.08936540653747,223.88201962338547,224.69152636975178,245.70258143685186,244.81444303721781,1.4602360688723763,0.99301566157595289,-0.035227316328047209,-1.0282429779040001,2.6275055515782242,-0.036676237886837271,-2.6641817894650615,4.0264017217386368,-0.036583689421121335,-4.0629854111597581,0.38174818247782127,-0.037739236847869506,-0.41948741932569078,-1.9727840302579409,-0.035841319181685094,1.9369427110762558,65.441743224859238,61.497710585594177,3.9440326392650604,61.326230943202972,4.1155122816562653,83.93789013991568,66.455636382102966,261.75467973947525,186.84345489354371,125.68189941576739,123.05362403204961,138.31349482838687,139.43495970736817,181.09288599902175,180.78863950558022,233.47144334806586,233.60906432914976,260.20777356616742,262.40854004399984,0.25419930503053934,-2.5234307597254144,-0.0065667059420064788,2.5168640537834079,1.2462063605323408,-0.0071035856066146152,-1.2533099461389554,-0.41954135425456229,0.012644004260408792,0.43218535851497109,0.12024424930876876,0.013241095814123582,-0.10700315349464518,2.089740470563811,0.005097427354598949,-2.084643043209212,0.33480014476776887,1.206036763841837,0.27915310166176255,3.5164464213013673,1.0972532557848353,1.3812991910458834,0.89423571235778354,4.445943075993199,-0.37808568219494987,0.26150393316905252,-1.2169081732793643,-4.0625245008217519,0.37091746018081062,0.41839506227015083,0.53220867283054973
4131,2004,103.07547149410182,33.725154267655434,6,10,25.699918021945955,0.9565277099609375,141.29319800946178,145.4267741404401,-4.1335761309783265,145.60649157434818,-4.3132935648864077,165.42921736405333,114.36884732129329,406.39726983755827,197.58786891602912,135.75868578898957,137.0623491961147,162.17437730290865,164.61881869825083,196.66802288663195,199.05511876430575,233.43673834668041,230.88072523519284,258.53289229803505,256.13781923489671,0.63071590791889776,1.4877958338414032,-0.018895819659377366,-1.5066916535007806,2.8243834929522791,0.30693833826035188,-2.5174451546919272,2.6041106649950905,0.50628286289997959,-2.0978278020951109,-2.0664778491051834,0.45947981565504392,2.5259576647602273,-2.2399140834176023,0.32101221107518541,2.5609262944927877,67.190246119414041,79.959754294070081,-12.769508174656039,80.514950527596739,-13.324704408182697,69.225392964986213,76.352495513919166,163.64159087697044,211.88924745199719,165.99488786811912,163.60205911435426,185.6004038560429,182.88366185117383,213.08457994127417,206.89253444857573,240.94804201009455,231.02637040869288,259.33264316230816,250.6329549342293,-4.2284312808703248,-1.31850807852814,0.86210594860574474,2.1806140271338847,-1.362167042709757,0.87377917598593058,2.2359462186956875,-5.1135850826449882,0.89152807458614802,6.0051131572311363,-8.9736972312967964,0.8676581777072272,9.8413554090040236,-8.5054777883338204,0.80672536039782017,9.3122031487316406,74.102952117290442,65.46701683471565,8.6359352825747919,65.091542434503026,9.0114096827874164,96.203824563627677,38.016351755867618,242.75567898899317,182.07630754848228,128.31844597065376,126.89302789997629,139.94216497197328,141.57424428914479,172.19474798710485,177.9147237571631,215.70456067082455,230.48106795697674,256.80087014822988,263.98262805784628,4.8018516444873285,-1.340747718396031,0.061741600489881421,1.4024893188859124,1.7028064087168389,0.014489662505553724,-1.6883167462112851,5.2810458966212934,-0.35548483901698091,-5.6365307356382743,14.345024249400154,-0.58339119606227996,-14.928415445462434,6.8599066437433862,-0.14664071143158708,-7.0065473551749733,-4.8591471887892226,-9.0302829253576533,-2.8063039123695432,0.022239639867891015,-4.1865505356620361,-3.0649734514265958,-7.7176957476400787,-10.394630979266282,-6.907219382191613,-23.318721480696951,-6.2655637049162181,-15.365384432077207,0.40266409993940139,0.41845929073486887,0.6675987150541457
4132,2004,104.32547721195414,33.725154267655434,5,4,25.699918021945955,-1.111114501953125,117.20501723137568,125.2219658450631,-8.0169486136874184,125.57052827598818,-8.3655110446125036,137.0152436695189,180.21019912279553,411.39910209085792,190.57790928613079,126.59907407070499,124.28284152036474,153.71240296081046,152.36655107668165,191.07436427301107,190.17410825340156,227.35156924873894,225.99291130750007,253.90350894419245,252.85831175092298,-1.6087660165289321,-2.521879825939692,-0.27508120658134771,2.2467986193583442,-1.7481757387268715,-0.4401817965027135,1.307993942224158,-1.4606076971332698,-0.58968631744855315,0.87092137968471661,-1.8804750274018147,-0.58245797703733615,1.2980170503644786,-1.5207938833254673,-0.39628119927357375,1.1245126840518935,53.484697596708429,68.331511735152162,-14.846814138443733,68.977025674990728,-15.492328078282299,56.796500882931468,107.75495653027792,183.81851031631231,198.61908802859961,147.54604070965649,141.95167133038962,171.79880389454317,165.32298736564545,200.11952569387924,196.62082968607686,226.54604101921305,225.81790363123946,249.26912704075974,248.74427666651633,-3.7538554071568058,-5.6208034548032799,-0.93103267296265813,4.6897707818406218,-7.2128582041378309,-0.97974511877808368,6.2331130853597472,-4.3568101426246528,-0.9622606619435885,3.3945494806810643,-1.5335690285904775,-0.93201585545475041,0.60155317313572709,-1.5596845609069874,-0.803750661718027,0.75593389918896037,63.720320118954987,56.890453762218385,6.829866356736602,56.593503044721729,7.1268170742332586,80.218743299228663,72.455242786232702,227.58059218060225,181.91115646494782,117.3438512481347,113.25985508319879,135.24385478052938,133.73029261347881,176.12052391616277,178.33217060785407,228.61139516239746,226.35958897629021,257.44113875049828,258.36221397214206,-0.2694011156611964,-4.1350786617912973,-0.073178766283490404,4.0618998955078069,-1.2959817596103846,0.10824002206206274,1.4042217816724474,2.1450891747339824,0.097224688328907405,-2.047864486405075,-1.8900778609755946,0.27472364006715111,2.1648015010427457,0.88654010277633688,0.089275617961902753,-0.79726448481443413,-2.1450893906278736,-3.4844542914956094,-3.098923628863588,-1.4857247930119826,-5.4646824654109594,-5.9168764445274462,-2.8962024454913831,-6.5018993173586352,0.34690599881133721,0.3565088323851171,-0.038890677581520094,-2.4462246636833243,0.44681310528411361,0.41452687570971863,0.59794038880592726
4139,2004,107.8254932219406,33.725154267655434,5,5,25.699918021945955,5,149.08086683278088,157.44163391432085,-8.3607670815399615,157.80514712906734,-8.7242802962864516,163.18082990174298,222.00688158620324,517.48649464547634,190.80540578607472,126.49957466095661,124.32690574153314,152.17320300686734,150.22000509965568,191.91646466396102,187.64897541669825,228.52970511102509,224.06513723195775,254.99881400449627,250.80872220361687,-1.0715995253763992,-0.70178233014638636,1.4957891815898563,2.1975715117362427,0.49095734873105812,2.4327631086868848,1.9418057599558267,-1.5337545535226127,2.5983093566282207,4.1320639101508334,-1.7721448819004024,2.6584393858881867,4.4305842677885892,-2.3309735312223268,1.9607685053347552,4.291742036557082,97.109561735862371,102.43063344683287,-5.3210717109705001,102.66198427706877,-5.552422541206397,103.04180971729147,127.3117021193957,260.46256952919066,190.43618945350698,131.58101216515891,130.57224988892409,153.66011813107156,153.28527212569333,188.76214733483781,187.72807249146686,226.15816212779018,222.24963466012426,254.25421132483763,247.5930705270824,1.4941587447597442,3.1003919731286373,3.9302254021898477,0.82983342906121038,4.1567580411054905,4.2217163656837613,0.064958324578270776,3.1084840211393612,3.8221777631999885,0.7136937420606273,-0.034013900957859278,3.803802277027188,3.8378161779850473,-3.8336691524592368,2.9420823012626443,6.775751453721881,51.97130505221503,55.011001833689079,-3.0396967814740492,55.143163502943935,-3.1718584507289052,60.139020154649188,94.6951793252465,257.0239250510931,191.35470480323343,119.38919889263964,114.92122792411288,146.95339059890679,142.5982133003431,196.80761916944928,187.52083315139825,232.18716789120901,227.71294856292849,256.85906749692117,256.27413417232054,-5.3953866838539852,-4.7049306451520465,-0.2525594006314833,4.4523712445205632,-6.1169896006097986,-1.506832492829119,4.6101571077806796,-9.7855946750875376,-0.21447545425445469,9.5711192208330829,-4.3534045301925062,0.69165569551853423,5.0450602257110404,-0.28217098888063674,0.093228711161202682,0.37539970004183942,2.5657582701361434,6.8895454286137294,3.8021743032750237,7.8053226182806839,3.6658006923744324,10.273747641715289,4.6422385746619739,12.894078696226899,1.7381309809425431,4.3193906292346469,-1.50269562123691,-3.5514981635786,0.50332244845854457,0.6314578114312609,0.57345835953270552
4140,2004,108.07549436551108,33.725154267655434,5,5,25.699918021945955,5.6999969482421875,141.02794590703706,157.30726337656233,-16.279317469525267,158.01505940473726,-16.987113497700193,152.32960032516712,244.3003396459535,525.9754164069891,193.12024035493786,127.38077990208293,124.17812216131271,157.80900512785675,150.27939890463247,194.92715726303632,187.88829073986957,228.74718562875117,224.71852046377094,256.03166483064041,252.83679439147437,-2.6205283983280196,-1.9241780600434737,1.3531942738322442,3.2773723338757179,-5.1686300664475198,2.4615409589703461,7.6301710254178658,-4.147514986539818,2.8598183182104151,7.0073333047502331,-0.90564601738358874,2.9749178951318243,3.880563912515413,-1.1789625402278432,2.0523330453611948,3.231295585589038,97.826900447689695,108.90372341665716,-11.076822968967463,109.38532502262751,-11.558424574937817,105.91473115264489,167.54010752352406,307.04653367493302,192.99069586751543,132.65076392252962,128.21174665939571,160.90165727510066,151.99801452625883,193.44025468803224,186.9189898347426,224.90830111734897,221.919860430433,253.99004772222239,248.92968467578734,-1.361982627079442,0.34961759766869704,4.1614459966458526,3.8118283989771555,-4.153482788252262,4.4104276290350128,8.5639104172872749,-2.2283581299813591,4.158864292105676,6.3872224220870351,1.5864424272889721,4.2476469012347593,2.6612044739457872,-1.5534851426000671,3.1659039458139659,4.719389088414033,43.201045355039241,48.403539739367261,-5.2024943843280198,48.62973444171439,-5.4286890866751492,46.414869053312941,76.760232418590022,218.92888298630714,193.40783571798721,120.49733839194857,115.85896516881002,146.56240930071343,145.32668733045375,198.18949946816852,190.49554600603517,236.39469445344153,231.29767077087217,261.86550004948475,259.87806374212482,-5.059350525123449,-5.2691210711584375,-0.85554359702533134,4.4135774741331062,-4.0325832593401856,-2.9047346676518941,1.1278485916882914,-8.4622823617024778,-0.51103931639568145,7.9512430453067964,-4.5938798689543319,0.14968683317067644,4.7435667021250083,-2.2467892834993677,0.2581636589971481,2.5049529424965158,1.2585457712485777,3.697367898044007,2.2737956577121707,5.6187386688271346,1.0151472781952577,-0.12089952891207645,1.9191568565584589,6.2339242317211188,2.4920884446725609,6.180322296243304,-0.3745226023722239,0.69330414089930059,0.58376594056887754,0.69529973771713627,0.68579563895133178
4141,2004,108.32549550908153,33.725154267655434,5,5,25.699918021945955,8.6666641235351562,114.34670175484644,130.4945890589006,-16.147887304054166,131.19667085140827,-16.849969096561836,121.35942027366764,249.52126141358895,473.33949928730726,193.19058777500499,125.18664973326102,121.19699826963327,157.01317582942684,148.54040048027321,193.72114898267964,186.30399474285841,230.61785503040585,223.41033102315359,259.38620896971469,253.03252771579955,-2.3738962528703382,-1.951341690892761,2.0171907900744372,3.9685324809671982,-4.2144973866650162,4.1939974075720272,8.4084947942370434,-2.2714233578073788,5.0117419516515724,7.2831653094589512,-1.8119363108399966,5.2079467715423391,7.0198830823823357,-2.5945351110394768,3.7457818831656766,6.3403169942051534,65.151005058549345,79.787457066799107,-14.636452008249762,80.423824595629412,-15.272819537080068,68.58250251155323,161.14010259690622,250.58721257653087,192.89935459472281,136.04350707606187,128.3584386189024,162.35991088838088,151.92674000182228,189.89413963617741,185.35894880678907,224.01290856394709,219.25348276584677,255.31029291183145,246.22218135527606,0.18054895461025922,-0.3712264542897401,6.9182973179359237,7.2895237722256638,-2.9634982185939975,7.1210739174620983,10.084572136056096,2.9135440194669968,7.349190262279194,4.4356462428121972,2.9291296180430493,7.2407872606747787,4.3116576426317295,-2.5419443276188076,6.3799953314073719,8.9219396590261795,49.195696822956961,50.707129968854133,-1.5114331458971719,50.772845881594549,-1.5771490586375876,52.776917878840322,88.381158622967632,222.75228671729565,193.66454453060828,118.92026521129029,110.90128217312795,140.37253492144103,139.90150843469684,199.70356971990867,188.47294328286196,239.51348809790974,232.52877008000519,264.90714916124796,263.25557300842024,-6.6248970642353697,-7.7745203089914696,-0.46707235787030754,7.3074479511211621,-3.8328567582926212,-3.906244510291458,-0.073387751998836848,-11.777689573927574,-0.21480209451482324,11.562887479412751,-6.7322844218068099,0.45004725343633822,7.1823316752431481,-1.0199257976585159,0.59816892292525381,1.6180947205837697,2.5544452074805974,6.8054460188456289,1.5801152366030209,7.4032938547017295,1.2509991680710186,0.86935853969862364,5.1849673772743756,14.691233593394571,4.7410659288830459,9.6614140398498591,0.05259078342066914,-1.5220185299602917,0.52940270768408793,0.5651189034761247,0.64579708231681177
4205,2004,100.07545777125625,33.475153124084969,6,10,25.773139861682893,1.8636322021484375,86.932810071687527,84.16909106552157,2.7637190061659567,84.048931046187136,2.8838790255003914,106.72375367170298,88.445719685573749,355.83376557379961,204.3070269870768,152.75145910913,153.16619741546756,174.33327304952223,174.28921106145091,203.11305668592252,203.14382936430746,233.81025545427329,233.4678202183637,257.30829515751577,257.2211569493391,0.36387032478234005,0.30853586366603736,-0.16218036273474468,-0.47071622640078203,0.22269293462446171,0.35648507120950512,0.13379213658504341,0.57409843316932552,0.63342263697873591,0.059324203809410392,0.0010705071658492216,0.49691082036324019,0.49584031319739097,0.18064508306537164,0.34369298258513936,0.16304789951976772,37.050191401644042,33.986441851410746,3.0637495502332968,33.853234808558227,3.1969565930858153,38.617292028991869,44.368803218798348,92.583000230835751,211.56529243454798,173.29748166780215,173.82457502859177,189.90171787226114,188.90525520784692,212.07638953687919,208.72125996109844,232.73180193285251,228.56511781264118,252.28597105186441,245.6777036267473,-0.69235318497459275,2.8365216360629972,1.7152837723537289,-1.1212378637092684,1.1060125770656555,1.7370208266572718,0.63100824959161628,-1.583857128718023,1.7443658585715411,3.3282229872895641,-2.6563128899533126,1.672477632420339,4.3287905223736516,-5.5272708236242067,1.5663036763629634,7.0935744999871702,49.882618450251357,50.182650577567074,-0.30003212731571693,50.195696185474844,-0.31307773522348725,68.106461346550532,44.076916418346627,263.25076492130756,198.93782604578192,148.31563507301396,147.49339881956001,161.65317420720137,163.3256726419358,191.84631775556332,195.6643849249721,235.39437710462124,238.80526501937175,260.15348376267099,263.02293068349667,1.9416076936402646,-0.6769646820314108,-0.055017481427228176,0.62194720060418263,1.3131072486663697,-0.3641243496691402,-1.6772315983355099,3.1871182232918045,-0.73517695418433959,-3.9222951774761441,2.6953776295289629,-0.57806309014549129,-3.2734407196744542,2.5964445688674118,-0.23028990857227427,-2.8267344774396861,-1.0562235097569328,-2.6339608786148574,2.5279857723969599,3.513486318094408,0.88331964244119376,-0.20709467160071426,-2.1579555618873485,-4.7709753520098275,-2.6573833971191618,-5.3516905194822755,-5.7079159066895784,-8.1237153924916186,0.26018610145538346,0.36184345752852731,0.50165008975595771
4209,2004,101.07546234553811,33.475153124084969,6,10,25.773139861682893,-0.75,86.898245352347658,85.749298048542187,1.1489473038054712,85.699341922470921,1.1989034298767365,108.67548574789362,84.549897861639693,289.33754244819283,200.69142084379035,145.08674954700933,149.48853958093872,167.45253662114285,172.94846091077935,200.31634210703203,203.55091833937746,232.76558294667163,234.13055771668908,257.35984113238129,257.3328735947228,2.6228714902289028,4.4004360643219798,-0.19215614578553186,-4.5925922101075116,5.2527569904250129,-0.33792192033749302,-5.5906789107625059,2.7833503145246823,-0.35136311867100289,-3.1347134331956852,1.0492881878691662,-0.29371177146902028,-1.3429999593381865,-0.29040934773593108,-0.13891716543520261,0.15149218230072847,34.33964901534182,37.901267575416568,-3.5616185600747485,38.056120911001926,-3.7164718956601064,36.181120679949345,39.859200051750122,85.937302673701197,210.00474217355242,167.02878677110488,170.81873866470127,184.66298372878541,187.6026358891967,210.75476190748037,210.56923122786205,234.0070583354337,232.80643371210007,255.68259868999451,252.11295993228879,0.11998900183746741,3.6354759380952828,-0.66407490577353201,-4.2995508438688148,2.7449938076494504,-0.67263081616124509,-3.4176246238106955,-0.86705733023293874,-0.65990429241043103,0.20715303782250771,-1.7984948222678554,-0.62682227609255392,1.1716725461753015,-4.8982121202058977,-0.57562148837740779,4.3225906318284899,52.558596173093065,47.848028083972167,4.7105680891208976,47.643220907160867,4.9153752659321981,72.494364866778596,44.690697780087248,203.4002392962575,194.64809140208746,139.28417560658886,143.11344806263824,155.42783677272971,159.96619784073965,188.15414550145692,193.76456958163527,231.27255393313118,235.68335533386036,258.35440828302598,261.21360526561176,3.7511709981566526,3.4945933845350226,-0.23643137451841767,-3.7310247590534402,4.4165925845279048,-0.13666739758090785,-4.5532599821088127,5.7031391352665253,0.02617161488609554,-5.6769675203804297,4.480252664925473,0.08694585633915608,-4.3933068085863169,2.9264409814861096,0.08538128564202907,-2.8410596958440806,-2.5028824883914353,-3.6311819963191851,-0.76496012622669696,0.14088255356026025,-2.5077631827755624,-1.6715987768784544,-3.650407644757621,-6.570196465499464,-2.8477830101370216,-6.2787474871933284,-4.6078027724699666,-7.8246531016920073,0.29701400636278874,0.33292807877466163,0.47142812776636422
4210,2004,101.32546348910857,33.475153124084969,6,10,25.773139861682893,-3.4583282470703125,85.363059103488922,85.726484417915344,-0.36342531442642212,85.74228709936142,-0.37922799587249756,110.57449125235144,94.198018864389269,318.49157824367285,199.11439024821294,141.29529712914652,145.79412388556162,165.96539160546385,171.28253004571582,199.18437087604511,203.77292284509477,231.24104070720946,234.91726827008114,257.06974776737565,258.83564055934971,2.938875265343853,4.1650017471168894,-0.33469133291569619,-4.4996930800325856,4.2983081729179275,-1.1090651820146888,-5.4073733549326164,3.0117178945799026,-1.6231841014820816,-4.6349019960619842,2.2670963399365007,-1.3592461596464318,-3.6263424995829325,0.81185117127222384,-0.86163674931225387,-1.6734879205844777,42.063931442797184,42.207019202411175,-0.14308775961399078,42.213239930570126,-0.14930848777294159,44.328017699773,49.349888801715679,103.21132348990068,208.06762217189276,164.99143888333086,170.60173877578546,181.8483200138399,188.0347635970839,206.57822514640606,211.35243175863064,232.93317667252273,234.62101209818837,255.82556376740132,254.63970065050017,0.78041985838243022,2.7832419008846045,-3.2170864004215218,-6.0003283013061264,2.9655903821697223,-3.1316273494724953,-6.0972177316422176,1.8924178306034776,-3.1360401472551303,-5.0284579778586078,-1.0962863923018915,-2.8696445557921209,-1.7733581634902293,-4.2781677132475977,-2.5456885991533511,1.7324791140942466,43.299127668142319,43.519467040896416,-0.22033937275409698,43.529046595096588,-0.22991892695426941,66.24647332036875,44.848129988167784,215.28025460243225,191.56478849233574,136.54886714175143,137.56983121557624,149.94807058428199,153.86335380954071,186.08738387686216,190.73441108847885,228.83746747582518,235.3014841022115,257.40678217452978,262.62419730679841,4.6373956593467369,1.3183596424019868,0.1794945811364812,-1.1388650612655056,4.6896878258554011,0.50084074772527742,-4.1888470781301237,5.6454203721772842,0.9265959822208174,-4.7188243899564668,6.91385787494292,0.7423888516898387,-6.1714690232530813,5.4854853245339541,0.30475642643932588,-5.1807288980946282,-2.1584554069614228,-3.8569758009643067,-1.3817598462322849,1.4648822584826178,-1.3327177907482053,-1.7240974436856789,-1.119300063976425,-3.7530025415738066,-3.3633827322383922,-8.0101442672448115,-5.0900188845198215,-9.7636530377815518,0.32406295971485732,0.40088828081160477,0.52389518799499901
4211,2004,101.57546463267903,33.475153124084969,6,10,25.773139861682893,-5.625,89.956796806867715,93.38269517828121,-3.4258983714134956,93.531645227401896,-3.5748484205341811,121.87423078399479,97.980543150935773,356.99963882192969,200.3074168252997,141.9711110555551,146.34369763603587,167.15414572436319,171.99926017299026,199.8288143270679,204.78089130325404,233.00710052438956,235.99058075629438,258.29902290353124,260.11797754314307,2.2163545179160735,4.3300225199395754,-0.12700279856855445,-4.4570253185081299,3.4788594444622163,-1.4616379277768772,-4.9404973722390935,2.4806305747719932,-2.4239357337634715,-4.9045663085354647,0.85054242430030058,-2.02553760662434,-2.8760800309246406,0.12662073645265082,-1.5376652597118436,-1.6642859961644945,48.308535178950478,50.926550043137468,-2.6180148641869891,51.040377703366175,-2.731842524415697,51.67697894462799,56.350248256871055,122.64998431841377,209.84186235872909,165.54582318175122,172.48538889095707,183.13367707255176,189.76736500043523,209.77681025352493,213.54124814398006,235.53701821234728,237.43580995350419,258.85507854111893,257.89095111841181,-0.50453970754921329,2.2336520437410741,-5.1080489446480328,-7.3417009883891069,1.5589821211557648,-4.9856196186090358,-6.5446017397648006,-0.974948698076048,-4.9898388158190983,-4.0148901177430503,-2.618077127028954,-4.5242003195409097,-1.9061231925119557,-5.8993372069092231,-4.0289358175410825,1.8704013893681406,41.648261486356205,42.45614349105017,-0.80788200469396543,42.491268134983329,-0.84300664862712438,70.197251706187672,41.630295072878653,234.34965451061726,191.09698767101244,136.40853275834576,138.2444633540602,149.65889319786916,152.85226067984968,185.29699381288933,188.14050944421578,228.2997459899064,233.88753987223831,257.51072121419554,262.68292901445915,4.8088876659085429,2.1849586025024337,0.13087500309922007,-2.0540835994032136,4.4707296193228387,0.86863589459400714,-3.6020937247288316,5.2324056521912325,2.3062087125911432,-2.9261969396000893,7.2246853069149779,1.802479283698716,-5.4222060232162619,5.9270501037303234,0.78290353810479019,-5.1441465656255332,-2.7208942254652868,-5.3134273734577562,-2.0963704761985014,0.048693441238640389,-1.9198773233064514,-2.9117474981670739,-3.4555792728480412,-6.2073543502672806,-3.4686195513292546,-9.8427624339439319,-6.025957943361874,-11.826387310639547,0.34355772662165407,0.42401891369651623,0.57511671648998075
4212,2004,101.8254657762495,33.475153124084969,6,10,25.773139861682893,-7.75,117.3883473277092,121.87578988075256,-4.4874425530433655,122.07089579105377,-4.682548463344574,154.74635303020477,107.19877149164677,403.79436581581831,203.33343064427913,142.82172256487698,146.90677057280752,170.15342655541158,174.97971556713676,203.3132822411545,208.97331215974276,235.62905169405985,240.23495222809782,261.1853480357147,264.23823600297777,1.5295448534504885,3.7152513057047258,-0.30875859723511212,-4.024009902939838,2.8003693007376,-2.0725462831678669,-4.872915583905467,1.9495286062173136,-3.8458972618068401,-5.7954258680241537,0.78633165992971499,-3.8318357726737702,-4.6181674326034852,0.41187753191485399,-2.5480235299647802,-2.9599010618796342,67.178199410438538,74.15950071811676,-6.9813013076782227,74.463035881519318,-7.28483647108078,71.012296627741307,66.483680820092559,153.10714104573708,213.09119954745617,168.70962456524487,176.05743564476251,187.69341719061271,194.74823429686535,213.21652086235417,218.47554414562066,237.81818285673035,242.37379101529845,259.78381528354657,262.14553206207881,-1.163910223469486,0.27767900440449012,-6.9911306571035254,-7.2688096615080156,0.20546068477770518,-7.1505528303338792,-7.3560135151115844,-1.9578404395481073,-7.0754080195762015,-5.1175675800280942,-2.1919677257864407,-6.7342150958882598,-4.5422473701018191,-3.8562736720286921,-5.9430152061600552,-2.0867415341313631,50.210147976875305,47.716288298368454,2.4938596785068512,47.607860147953033,2.6022878289222717,83.734056383371353,40.715090669691563,250.68722415715456,192.55269006730887,135.26931303989031,136.78363259933491,149.37025617099701,151.82699286069791,184.68108467088729,186.82732610924293,233.16363907252381,235.55315594873241,265.21228171929704,267.06560872677488,3.9962926405391386,1.9388295060952032,0.32900178955267734,-1.6098277165425259,3.0189343989126201,0.30312429694251364,-2.7158101019701064,5.2146886601697418,2.9236648773172647,-2.2910237828524771,4.9755503296091206,2.5268151543991735,-2.4487351752099471,3.6577052863038944,1.7226554480277514,-1.935049838276143,-2.6934550769199745,-5.1602028640086246,-3.4375723013002357,-1.6611505016907131,-2.5949086159598949,-2.8134737141349149,-3.9073690457654209,-7.172529099717849,-2.9782993857161557,-7.1675180553955613,-4.2681512039435461,-7.5139789583325864,0.37917106826491348,0.45889479937456423,0.62019069710396035
4213,2004,102.07546691981996,33.475153124084969,6,10,25.773139861682893,-4.4736785888671875,136.24937725978089,133.51198729019961,2.7373899695812725,133.39296833367553,2.8564089261053596,171.30127150928638,114.70416391459366,414.78262597322464,194.75060384839392,134.63217873556749,137.43849056264298,160.05304419718667,164.77123466956434,195.07727894555052,200.53746171021271,227.70195340110922,232.59651756372187,254.74393806930249,256.58268440170775,2.5871960649049583,2.4890726909872285,-0.4155569302967308,-2.9046296212839593,3.6097419782743714,-1.065286505128654,-4.6750284834030253,3.4190878728696532,-1.966726780486141,-5.3858146533557942,2.9868689390515613,-1.7735151359611336,-4.7603840750126949,0.5160446202690423,-1.2068653033885255,-1.7229099236575678,80.463352745980956,76.24206329556182,4.2212894504191354,76.058530098525807,4.4048226474551484,83.19121798945298,66.205161073669842,177.0915738097392,203.03050809728163,157.88958699827387,163.16176488718716,177.74118822501262,184.48187392795722,201.9971140410712,210.0111080667352,227.86464066845744,234.28237941721068,252.75897848788759,254.17043031906076,2.2431818304249873,1.8604249602284995,-3.7495075073140924,-5.6099324675425919,2.7092324715824248,-3.9979983714368643,-6.7072308430192891,4.1605699496724355,-3.9627435173412664,-8.1233134670137019,2.5677761141252518,-3.6500828696563588,-6.2178589837816105,-2.4486199438232745,-3.2641214653559416,-0.81550152153266708,55.786024543602252,57.269921014405554,-1.4838964708033018,57.334438972364296,-1.5484144287620438,88.110053466894897,48.499002840923822,237.69105177000165,185.69565723633528,127.63680428509775,127.45181801572181,138.86504450263556,143.26306620284672,180.10191550079057,179.31133602391847,227.42064430963924,228.71536901805868,257.65620737940537,259.91477051345134,2.3001204841228571,-0.39566547710217037,-0.39554795734285619,0.00011751975931417746,4.1980871541189799,-0.1356461674439231,-4.333733321562903,0.87235451657267049,1.7237478254616292,0.8513933088889587,3.3745656222986895,2.4692095227292441,-0.9053560995694454,3.0193836530257272,0.96763806037739641,-2.0517455926483308,-0.34401423447997104,-0.056938653697869768,-0.62864773075872904,2.2560904373306698,-0.90050950669194663,-1.4888546825365552,0.74148207680278233,3.2882154330997651,-0.4190928249263095,-0.80678950817343775,-2.9646645640923168,-5.4680035968490017,0.42695031739630035,0.48564273491071613,0.57718184601358347
4214,2004,102.32546806339042,33.475153124084969,6,10,25.773139861682893,-6.875,105.11365139484406,102.78906890749931,2.3245824873447418,102.68799588084221,2.4256555140018463,143.11596095561981,171.21360667539557,451.06005176901817,191.14504052096285,130.49968475677099,132.10146895414027,157.48294196774896,161.11466104167692,192.03291988747159,198.0185520967251,224.41724778347259,230.25933029664986,249.61478012811563,252.89884098147473,1.964498361180631,1.2891339735508893,-0.44852935275255845,-1.7376633263034478,2.0624240213241762,-1.701851560548306,-3.7642755818724822,3.0512518030189142,-2.9405588407894925,-5.9918106438084067,2.5437354785192099,-3.2623277981679735,-5.8060632766871834,0.93695089523995989,-2.0925098912250633,-3.0294607864650231,59.133578052744269,54.059343039989471,5.0742350127547979,53.838723242282867,5.2948548104614019,63.853544962126762,115.55097305141953,209.51106354233343,200.02911972825473,155.03026798511394,162.56150867718114,174.52109715637965,184.07788798251926,200.05638971778703,210.01000389725942,224.95515738496852,233.81404815150191,247.53118365860843,252.57567375671454,2.883938512222926,2.308181175024572,-5.3906631764617998,-7.6988443514863718,3.9973323127260869,-5.7059189069827028,-9.7032512197087897,4.5217540938971865,-5.8028125466279619,-10.324566640525148,3.1234936659668904,-5.4167706315257078,-8.5402642974925982,-0.34685626252607449,-4.4917008705937747,-4.1448446080677002,45.980073273181915,48.729723423719406,-2.7496501505374908,48.849273644387722,-2.8692003712058067,79.262416049838066,55.662633659987478,241.54898847639561,179.33223071026572,122.71584915095377,122.74429089011031,135.26297992397781,137.65565425601713,169.64302523235563,169.71360438391022,222.85275304435623,220.04568960738135,252.65285194012199,253.49131310378269,1.0980366908459871,-1.0325490805666249,-1.1483179560793815,-0.11576887551275661,1.5269224205105445,-1.138521349427748,-2.6654437699382925,1.8493812873000195,1.8838635533143702,0.034482266014350671,-0.042861421594210469,2.6377539768390648,2.6806153984332752,1.8912993042551705,1.4759053891368126,-0.41539391511835788,0.91944015104229493,1.7859018213769389,1.0190472014736827,3.3407302555911969,1.9349082914019107,2.4704098922155424,1.4705022908782723,2.672372806597167,0.57975818744768048,3.1663550875611008,-1.2838071577660344,-2.2381555667812449,0.46448596527369096,0.44616648300973022,0.6748936331356713
4215,2004,102.57546920696089,33.475153124084969,6,10,25.773139861682893,-2.4782562255859375,136.25036767538404,138.23791985388016,-1.9875521784961165,138.32433456284343,-2.0739668874593917,166.08277787307634,131.14524574521056,435.69247078895569,196.45201082706862,135.93958049306008,136.87405245259572,162.48549197502172,164.45323084891669,195.16412381563487,199.02944867830283,231.12093771531903,231.6684432140016,257.54182234481158,257.11943382125793,0.81997907415396298,0.93530577876967413,-0.13800980176887379,-1.0733155805385479,1.3549130761910817,-0.69428821782867089,-2.0492012940197526,2.5582417161033106,-1.1627850877924004,-3.7210268038957111,-0.7463435420168878,-1.1474088722164879,-0.40106533019960011,-1.3911324296808516,-0.83890432909129231,0.55222810058955929,84.944668775713581,83.876311050147706,1.0683577255658747,83.829860401701808,1.1148083740117727,87.364962039166585,84.076360818031389,195.46729184998549,203.97195677290233,158.53465804753341,160.31101261436618,176.41422854323233,180.19406845755898,201.8017221282806,206.36520691470989,230.90240055659973,231.40424350016013,254.6805956785297,252.14118582818097,-0.20011714582179252,-0.015605160786662964,-2.2338911902063785,-2.2182860294197155,2.027182897998955,-2.2630056695983001,-4.2901885675972551,2.4276823946461548,-2.2865275540326877,-4.7142099486788425,-1.8358101142761996,-2.218520687047743,-0.38271057277154341,-5.6760259718629129,-2.0922412424758647,3.5837847293870482,51.305698732032397,54.361608762268588,-3.0559100302361912,54.494474772089234,-3.1887760400568368,78.717815803125632,47.06888493041879,240.22517901659012,186.20268019542323,126.85826151684489,126.42025763603894,138.24031209931121,141.15610927635603,179.14097999199564,180.02612547637148,231.79574584203868,232.36639837539605,260.8684168621661,264.13254672230681,2.5056132413834575,-0.43109604021317693,-0.16726101030549501,0.26383502990768193,3.2163721661639215,0.077779230737007765,-3.1385929354269138,2.0381106106487437,1.3758287055320295,-0.66228190511671414,2.0877242108875578,1.5346491254538819,-0.55307508543367589,3.9497639415499748,0.92129902274001552,-3.0284649188099593,-1.0200962199757555,-2.7057303872052501,-0.9509109395563371,0.41549087942651397,0.67226982180787331,-1.1891892681649665,-0.13055932145715587,0.3895717839974111,-1.0894665722593118,-3.9235343251637573,-4.2848935421820613,-9.6257899134128877,0.44863591857814672,0.52603263961500313,0.64109347113791104
4216,2004,102.82547035053135,33.475153124084969,6,10,25.773139861682893,-4.578948974609375,153.45689412024876,152.35090728730574,1.1059868329430174,152.30282295301004,1.154071167238726,195.77627146898158,141.71647647949794,569.68311578035355,191.08585424218165,132.35912220770021,133.61707061119625,156.3784674797424,158.77432528077324,189.98654781003773,194.96394620194781,224.9490462630842,228.81692101013638,251.59603514747991,252.99108046562685,1.8211876488210521,0.83761034530328971,-0.36390911899022171,-1.2015194642935114,1.5297580064793976,-0.98052423159785462,-2.5102822380772523,3.48973089510676,-1.4946352824721032,-4.9843661775788632,2.1662156822215195,-1.7175687063009093,-3.8837843885224288,0.2103663963128497,-1.0386089393009001,-1.2489753356137498,46.11463611979525,43.843626895693887,2.2710092241013626,43.744886075380236,2.3697500444150137,49.293172340178899,34.12376720051725,103.70309372665361,193.92441688748198,150.08029106845282,157.02164766170748,168.39120776430187,177.35689724677741,191.94516247368355,202.8089834760834,220.45350658798429,227.16716825403941,241.37567270177806,247.00179208796396,4.3194934170209649,3.8321240213283829,-3.4013238359185891,-7.233447857246972,5.1381331558228567,-3.8120036068874867,-8.9501367627103434,6.9756808044607226,-3.8963902722506418,-10.872071076711364,2.7097691960993586,-3.7267833170752169,-6.4365525131745756,1.3468060688793173,-3.1460947866493996,-4.4929008555287169,107.342258045157,108.50728318675647,-1.1650251415994717,108.55793738740613,-1.2156793422491319,146.48309930531286,107.59270959190508,465.98002268373966,190.15391104402178,129.70960675359538,130.15305537816207,150.31896057513131,151.19861540104759,189.2454255850823,190.89920787482822,226.77936095268657,229.6185757711321,254.06943524370951,254.93653269885192,0.89113229186853005,0.14944927849313672,-0.42163843431887926,-0.57108771281201598,1.003981153372564,-0.11642274216660553,-1.1204038955391695,1.2326661841146063,-0.52129398770244961,-1.7539601718170559,2.0788026018545054,-0.71771167054677676,-2.7965142724012821,0.33141001274444193,-0.42570802748954861,-0.75711804023399054,2.4983057681999128,3.4283611251524349,2.9945136760250932,3.6826747428352462,3.608375149343459,4.1341520024502927,3.4859499093539625,5.7430146203461163,0.54355351387783912,0.63096659424485324,1.1364396725664676,1.0153960561348754,0.18203645299299562,0.251783180721106,0.24078898973651747
4217,2004,103.07547149410182,33.475153124084969,6,10,25.773139861682893,-1.5416717529296875,133.46430812918697,131.98960700434327,1.4747011248437047,131.92549228046482,1.5388158487221517,160.64634702989861,114.65739253765787,436.04942198470235,194.35622014961584,134.27993506967718,135.07200468372505,159.57460192735064,162.94697042352033,192.92369791330361,197.55476751748324,229.36620301777111,229.97848080816411,255.84094499484556,255.20417673572464,1.6347896084479316,0.79470116665174828,-0.15971262656674412,-0.9544137932184924,3.1523155307390311,-0.38207915446230345,-3.5343946852013346,3.9054482586163886,-0.70967050537782939,-4.6151187639942179,-0.1204189608528452,-0.69527755378692291,-0.57485859293407771,-1.2815759424298392,-0.53852198991410205,0.74305395251573714,78.318179741418135,73.901591949630529,4.416587791787606,73.709565289593229,4.6086144518249057,80.684200303259956,70.514625873500336,164.17121005756781,202.61346080596022,157.97066007694457,162.23414946492633,176.64566429311134,181.47813302228224,199.70761832850766,205.8576452098871,229.10788009047499,230.01248766417143,253.65783208959488,249.8746959819112,1.8094002071949831,3.1943969425948637,-1.3793785346605887,-4.5737754772554524,3.4878050767935633,-1.4079629512340261,-4.8957680280275895,5.0313775068052564,-1.4267806302339636,-6.45815813703922,-0.65472855507880467,-1.3550903426344973,-0.70036178755569267,-5.7311421533396469,-1.240197022226198,4.490945131113449,55.146128246207809,58.088020212998345,-2.9418919667905357,58.215927760764316,-3.0697995145565073,79.962146638007653,44.142766511420632,271.87821177765727,184.29630335310574,126.14300651976485,125.14730199554947,137.97066033524391,139.89159295763324,176.29826665445054,177.48214134599669,231.00584409572591,229.89643562659745,259.04130626420948,261.80088105441178,1.8487312031440979,-1.1161008224082991,-0.27742951454700915,0.83867130786128996,2.095305950015188,-0.094667402894430097,-2.1899733529096181,1.731767914127488,0.78515344449550639,-0.94661446963198159,-0.39467102389073716,0.8544561687891985,1.2491271926799357,2.6975415476157423,0.11322193663949065,-2.5843196109762516,0.17461059874705143,-0.039330995949114822,2.3996957759431154,4.3104977650031628,0.33548954605453218,1.3924991267783753,1.1259292481888679,3.2996095926777684,-0.53430959422595947,-0.26005753118806751,-4.4495662109098078,-8.4286837009553892,0.37649679550160559,0.50224733892170892,0.61500287345485061
4218,2004,103.82547492481321,33.475153124084969,6,5,25.773139861682893,-5.3913116455078125,99.691686265010503,99.797235953019481,-0.10554968800897768,99.80182558841625,-0.11013932340574684,125.60470251194602,111.41395670569909,327.45053704455495,196.5594492828256,139.50584349179042,140.07029942502723,165.91478767338711,166.55397502948927,196.69922612296281,200.32392169757421,228.27510157179151,231.44946578264111,252.35224623711596,254.23848612886627,0.28482661115751284,-0.14166278602036186,-0.75648487831051625,-0.61482209229015439,-1.0813946370922451,-1.8175802990615466,-0.73618566196930146,0.96325135407050766,-2.5204879493876149,-3.4837393034581225,0.73248815898125486,-2.4448975983429193,-3.1773857573241742,0.25266752201304143,-1.5430307895913984,-1.7956983116044398,51.140957191706548,51.817467453927748,-0.67651026222119981,51.846882139640002,-0.70592494793345395,57.355492702251695,61.852288352401956,153.47408933378756,201.31484657355429,153.8007895109368,155.53699603211174,177.41313163576172,179.67794225608736,202.13739278271538,207.21732698807347,226.1581754398361,231.94637115445306,247.33953395372947,251.78674001789713,0.12860180715770753,-0.79696129618091049,-3.0268433620354358,-2.2298820658545253,-1.9124006201068084,-4.0687388142428915,-2.1563381941360831,0.84859316009797681,-4.3205883892137251,-5.1691815493117019,2.0090178959283946,-4.1676264212880199,-6.1766443172164145,0.71987860329815589,-3.1278394511708996,-3.8477180544690555,48.55072912545802,47.979767662035556,0.57096146342246357,47.954943687194827,0.59578543826319219,68.249209688865449,49.561668554462813,173.97644773498178,191.74766659698378,132.44993753735864,132.63890830834293,150.95079880550566,152.51281331147334,188.95066398496525,189.55621048935208,231.80577086459431,230.35821539290109,255.74202160111855,256.7587480166784,0.41421051444271484,-0.15144984964925357,-0.32932530117804504,-0.17787545152879147,1.347911672305969,-0.18600888017235206,-1.533920552478321,0.29939289693990645,0.1996947163516154,-0.099698180588291052,-1.1768508140227709,0.36852023982069682,1.5453710538434677,1.2173125487939274,0.36941405077106992,-0.84789849802285744,-0.15622480399980532,-0.28560870728500731,-0.65529851016054863,-0.64551144653165693,-0.8310059830145633,-3.2603122924127774,-0.11465819397253085,0.54920026315807036,1.2765297369471398,3.1858687099511656,0.46721108128511446,-0.49743394549577147,0.46869396128950286,0.45663491537505713,0.5551574522731052
4219,2004,104.32547721195414,33.475153124084969,5,5,25.773139861682893,-6.5454559326171875,117.5920968024584,121.26742368926352,-3.6753268868051236,121.42721990001155,-3.8351230975531507,148.46873112108733,152.91090710296703,391.51489235088229,193.72312550769857,130.55746928943077,132.62991260798898,157.6019275614573,161.49474156294556,194.26941279576022,198.40751891015697,229.63677287985669,232.32061728795023,256.08959704364014,257.87180456776952,0.45328552047985227,1.1540816749434839,-0.9559059940571899,-2.1099876690006738,1.1346920368906694,-2.7263703046720593,-3.8610623415627288,0.66836722941559401,-3.3903666113322686,-4.0587338407478626,-0.76606648210741923,-3.4800398190677129,-2.7139733369602936,-0.62797902021614505,-2.4105238376978377,-1.7825448174816927,69.592253513379546,70.483794073508761,-0.89154056012921501,70.522558354932698,-0.93030484155315207,74.291499124303982,87.785678251737409,189.43719734251499,199.52658303780416,148.86807683952213,152.31328669060284,171.4256750599495,174.57064736823247,197.31964396493191,205.32889977662666,227.71626547818269,232.93304307964129,253.74541389314143,255.3969380738904,-0.6510270171785919,-1.6478425429538106,-5.4276674729558465,-3.7798249300020359,-2.2824831201176607,-5.5713971949708139,-3.2889140748531531,2.1573378793879385,-5.5243216308207082,-7.6816595102086467,-0.059423812401405485,-5.4491512442560577,-5.3897274318546522,-2.8118271757785465,-4.3890994786718238,-1.5772723028932774,47.99984336358466,50.783628383022005,-2.7837850194373459,50.904662011078472,-2.904818647493812,74.177231978834243,65.12522910793632,202.07769546285272,186.97085427612279,119.25390192034865,121.3573706978943,139.49697822739387,141.91427589818375,186.34447723395661,186.46260906361957,231.70588472348015,230.88944538951972,260.32835987425983,261.2499654886613,1.4708446073281607,1.7023145352752067,-0.42590070991768414,-2.1282152451928908,3.3409994767085607,0.84695023945243975,-2.4940492372561209,-0.010394401921985263,-0.35417637746175501,-0.34378197553976975,-0.87018214774647618,0.2099187734900454,1.0801009212365216,1.0259614897453844,0.1656705428326859,-0.86029094691269847,-1.1043125376584442,-2.1218716245067526,-2.8019242178972945,-3.3501570782290173,-3.4171751570083302,-5.6234825968262214,1.4889706499723445,2.1677322813099238,0.70664266970601375,0.81075833534507069,-2.1838481555624014,-3.8377886655239308,0.4838569388894105,0.50038481883241615,0.57409690332046981
4225,2004,106.82548864765876,33.475153124084969,5,4,25.773139861682893,5.6842117309570312,130.57007575700118,136.80670195357015,-6.2366261965689773,137.0778621160498,-6.5077863590486231,145.03467696525968,224.92489627538453,479.2498372271657,190.07816854039433,122.40104617845944,120.82780161638509,149.28882382368411,147.53095954411478,191.77100659170191,186.59823488482101,229.1746341444867,224.76669018121009,255.13382525609003,252.5157938424469,-0.83873539936774932,0.51243051376526694,1.9456365109273435,1.4332059971620765,0.73982718635116385,2.5772927098566072,1.8374655235054433,-2.1107557744431347,3.054333879084794,5.1650896535279287,-1.3166813521856398,3.1396330824543952,4.456314434640035,-0.19828402137451917,2.4923366282982329,2.6906206496727521,88.305514011595733,90.850751295874943,-2.5452372842792101,90.96141365575204,-2.6558996441563067,92.488906205033572,141.95567307897909,258.1283731199801,190.71401286784698,129.15410960473397,123.29075290190833,153.1161389977639,147.84163857618933,189.47974357606125,184.13995103287721,227.45733621235988,221.43799041140397,254.38671729927995,248.2004398497632,-1.7111031897554199,-1.4716325849606022,3.620604523798491,5.0922371087590932,-1.380280500057097,4.1572058299129253,5.5374863299700223,-0.91997859675714722,4.3171904543557673,5.2371690511129145,-2.0060974668351719,4.2842357368084549,6.2903332036436268,-2.7256436210402057,3.4118656965028435,6.1375093175430493,42.264561615020284,45.95595356263857,-3.6913919476182855,46.116448672050865,-3.8518870570305808,52.545770765716043,82.96922323365834,221.12146376818419,188.97814084263985,112.15743190507007,116.53725445683448,142.39887303622461,146.67823151035859,196.88462823950726,191.34232717807893,233.19847157140433,231.40910542241716,257.23299335500366,259.13341650830898,0.73002011479300677,3.6085107298597023,-1.217444182801998,-4.8259549126617003,3.3664165116455251,-1.0195718628989709,-4.3859883745444961,-4.5073155915303005,0.81218289912675345,5.3194984906570539,-0.90862708247129831,1.071724965766208,1.9803520482375063,2.8297572964627307,1.1246375023080759,-1.7051197941546548,-0.87236779038767054,-2.4411233045484266,-1.9840630987258692,-5.0801433148203046,-2.1201076864082609,-4.7466970117026221,1.1907771776859875,3.5873369947731533,-0.68941611464953212,-1.0974703843638736,-2.5273595996656866,-5.5554009175029364,0.53860920352827701,0.63770201816761063,0.63112476844349452
4275,2004,96.575441761269786,33.225151980514511,6,10,25.845868269451142,-0.421051025390625,69.941403240165528,76.684795804816531,-6.7433925646510033,76.97798559338662,-7.0365823532210925,92.94991524924626,101.5659687359821,289.50383001379669,206.52115786328028,149.98890731480506,153.97835892669045,178.48241536391046,177.27996024367766,207.68271736844852,205.2990931562482,237.09321437521308,234.50690240327665,257.18748706577378,256.65221238894259,-0.93019501609146005,4.4617791758365115,-0.021181417562019078,-4.4829605933985306,-1.3679988113540276,-0.18211054619800393,1.1858882651560236,-2.5914891726869769,-0.20195142457015436,2.3895377481168225,-2.7895417461698173,-0.17388172635452293,2.6156600198152944,-0.65236025336758985,-0.089656664196752445,0.5627035891708374,35.313818739720773,35.785194744081309,-0.47137600436053617,35.805689588043606,-0.4918708483228329,36.671857230154615,56.634620841824471,103.88759161435883,214.50903551987923,177.42815464667882,174.71744657919223,192.82419825353796,189.9311102063148,215.18645061899139,210.81321081155656,236.44084400871873,232.38696483145577,254.11735709270383,250.04290008538877,-3.3773146783522634,-2.9747904147506574,-0.38908622528938963,2.5857041894612678,-2.9075240373502425,-0.39623549723978613,2.5112885401104563,-4.5792104760016912,-0.39003122654332856,4.1891792494583626,-4.4289244377405339,-0.38161142567318507,4.0473130120673488,-5.0219180312573997,-0.3102587683596596,4.7116592628977401,34.627584545148238,40.899599622381174,-6.2720150772329362,41.172296221801844,-6.5447116766536055,56.278057970491318,44.931347968663431,185.61623859591782,199.15701301832166,142.64300185823859,146.38489209375618,160.73071531553944,163.80987070501479,194.97526726131454,196.29006194189625,237.73339321160447,237.35701268076983,260.77287128198276,261.67002422855683,1.965486531794312,5.0557943650858306,-0.087852482606365356,-5.1436468476921959,3.2778909552705215,0.047186029700441168,-3.2307049255700804,1.5656989828860901,0.082480682424460383,-1.4832183004616297,-0.33870788958603271,0.090190232030295192,0.4288981216163279,0.94001290345056532,0.017097698166537612,-0.92291520528402771,-2.4471196622608034,-5.3428012101465754,-7.4365695905871689,-8.030584779836488,-1.5395252259962149,-6.185414992620764,-1.9877213033147143,-6.1449094588877813,-1.6393826915707166,-4.0902165481545012,-4.3695577778898098,-5.961930934707965,0.35884703704751653,0.39453351981891122,0.55761414523642849
4279,2004,97.575446335551632,33.225151980514511,6,10,25.845868269451142,1.75,79.629018413957965,91.896795660060889,-12.267777246102924,92.430177358497531,-12.801158944539566,98.519777136978519,101.30025401042803,297.96083223633468,208.60976110232198,157.16757177331363,157.89343058689266,180.26518276357388,177.74612180169657,209.71899656935969,204.64889511040872,238.03721420782543,233.48350827766993,257.28616068156293,255.46979803045906,-2.1654457564913514,1.0055811702093536,0.082362059988327019,-0.92321911022102654,-1.7611347956628833,0.74056273425833297,2.5016975299212163,-4.237887520239326,0.81917991305212468,5.0570674332914507,-3.878212439269447,0.71824778121924737,4.5964602204886944,-1.4188473311191103,0.46795184251837441,1.8867991736374847,43.20489385752262,50.726160512358547,-7.5212666548359266,51.053172330601228,-7.8482784730786079,46.253049606739296,60.006563405140696,120.45067273429595,213.85434016728593,173.2334935034078,171.37369411599369,191.14581623859036,186.45193982523651,214.35103308081139,208.22977134905412,237.83553905960474,231.03818109643274,255.22820821213548,249.54487988651348,-2.9953642117554864,-0.11678187069389878,1.6330238717397663,1.749805742433665,-2.8331199243033893,1.602421356293064,4.4355412805964534,-4.3646842095932072,1.5847512500551773,5.9494354596483845,-5.4275414460891227,1.4581174964271213,6.885658942516244,-4.8610262253648386,1.322714491347881,6.1837407167127196,36.424124645842312,41.170635472547474,-4.7465108267051619,41.377005537516197,-4.9528808916738853,52.266727316035031,41.293690590386177,177.51015910319984,202.65332206027566,149.43022445638968,149.02400852862195,166.04593616567738,165.95991321940929,199.52099112928965,197.32584743594884,238.2816761171826,237.58359603354518,260.8484145961641,261.44776875223499,-0.86667426590659602,0.20265404552040422,-0.0078867141365321913,-0.21054075965693642,-0.54526952115372751,-0.53417362924315626,0.011095891910571254,-2.7207751055331926,-0.62997326401705322,2.0908018415161393,-1.3087535699210946,-0.5411515246120473,0.7676020453090473,0.48419627164696522,-0.14618521104858928,-0.6303814826955545,-0.82991845526413499,-2.1286899458488904,-1.1223630409032523,-0.31943591621430301,-1.071985128640506,-2.2878504031496618,-0.12679668935388122,-1.6439091040600147,-1.5493290068196757,-4.1187878761680281,-3.4421788942457283,-5.3452224970118039,0.4042500211529737,0.46947984405639331,0.59236340512002572
4281,2004,98.075448622692562,33.225151980514511,6,10,25.845868269451142,3.8636322021484375,101.58793185818831,105.90406520705983,-4.3161333488715172,106.09172449688413,-4.5037926386958134,123.42553044999659,115.03830613162972,351.96403267793357,205.65607522009734,148.99969402578944,151.31823657825834,174.42083489328786,174.65144048154482,206.39240809323229,203.46523077165463,237.80206500742037,234.17502627345837,259.1010615250778,257.9212640483496,0.14441521611698249,2.4378073608887973,-0.11792261737662102,-2.5557299782654184,1.6500593989794936,1.3716511034813834,-0.27840829549811019,-1.0835561505431031,1.7916569809611929,2.8752131315042959,-1.967517808020574,1.724424440018538,3.691942248039112,0.052712397676657474,1.2857551169045678,1.2330427192279103,41.995878021007229,47.789340227374851,-5.7934622063676215,48.041230306740545,-6.0453522857333155,42.455254325807076,65.52271746441329,114.73622666069423,217.65817662150391,180.74021513194418,175.72868720181623,196.50413408218444,189.92906280929745,217.66347315816992,210.33583710733654,239.88160668161083,232.32295351831166,256.98018258420211,250.50820699194685,-2.3757317267845792,-0.80754747853970343,3.7569552182256416,4.564502696765345,-2.8039200399149422,3.7091349731725813,6.5130550130875235,-3.5298037252048857,3.6350709650629085,7.1648746902677942,-4.1589325402566146,3.4417693788005579,7.6007019190571725,-3.5994300962735224,3.1463126691715217,6.7457427654450441,59.5920537924776,58.114726050197532,1.4773277422800675,58.050494466830969,1.5415593256466309,80.970275959049104,49.515588592710628,237.22780582867563,195.72425181675513,143.0806121837025,143.53639447424632,154.83755688208743,157.86877756447242,186.70475065234064,189.91662608516899,234.97541426805776,237.28829032905793,261.82008200926208,264.36072479643786,1.8732651571312999,1.5600353138510172,0.91547213850171261,-0.64456317534930463,3.2847731985687858,0.13653639297717746,-3.1482368055916083,2.4165758515783011,-0.88560850656060097,-3.3021843581389021,0.9646665795174556,-1.1593374214396874,-2.124004000957143,2.4036265091577889,-0.068201511830181971,-2.4718280209879708,-2.5201469429015617,-4.2489968839158792,-3.2453548394285008,-2.3675827923907207,-4.4539794388944358,-6.088693238483728,-2.4462475746617827,-5.9463795767831868,-2.1914147322360407,-5.1235991197740702,-3.6521424939501799,-6.0030566054313113,0.32598849884665398,0.34397465557587359,0.56957303760575673
4282,2004,98.32544976626302,33.225151980514511,6,10,25.845868269451142,3.4166717529296875,90.977467477321625,94.85043041408062,-3.8729629367589951,95.018818736076355,-4.0413512587547302,113.20743279664021,101.30546624515046,298.85919574508443,205.62495290456525,150.59016452911652,154.48305486169969,176.65853050192868,176.69903786308106,206.13493537179281,204.07201895652179,236.80790590059036,233.12720642169856,256.87381173174435,255.54881718232051,0.38675031467425924,4.0305009495298521,-0.032858854445720453,-4.0633598039755725,1.3255375834731637,1.156238777968241,-0.16929880550492271,-0.50402840768546753,1.5406361430037521,2.0446645506892196,-2.3277177299907805,1.4302183648239861,3.7579360948147666,-0.37343075188306329,1.0347099505209201,1.4081407024039834,35.127879872918129,42.411207236349583,-7.2833273634314537,42.727874107658863,-7.5999942347407341,35.898715967312455,52.501165978420431,94.314188411459327,216.9924508820454,181.40937432061142,176.4848781958828,196.41233445328703,190.56120043376836,217.35424620570475,209.88043445967585,238.85268426571287,230.6948097224421,254.57778730381176,247.83825400623394,-2.73421113613594,-1.0590638389006131,3.2799622787940734,4.3390261176946865,-2.3075195561319504,3.2639519652419153,5.5714715213738657,-3.9962176966964762,3.1611522195021848,7.157369916198661,-5.164930366011987,3.0346585997450291,8.199588965757016,-4.2735811556937051,2.7843476983772462,7.0579288540709513,55.849587634205818,52.439221419394016,3.4103662148118019,52.290944822132587,3.5586428120732307,77.308716719431686,48.80430020960921,204.54500733176246,197.65681843363012,145.62287314944922,146.71951264929302,160.69721247142604,162.37662754022733,191.56095435339878,193.75049749844007,234.34404364554948,236.79679032478504,259.03186254045562,261.544985631597,1.8069630610341108,2.0114719915968919,0.33919977929284073,-1.6722722123040512,1.6864716734613978,-0.22539959445813906,-1.9118712679195369,1.6011643902537571,-0.8419651142168334,-2.4431295044705905,1.3021996739681754,-0.91883036281254249,-2.2210300367807179,2.4685704806885269,-0.15159069951965876,-2.6201611802081857,-3.1209614508101993,-4.5411741971700508,-5.0895647884304651,-3.070535830497505,-3.6330571396051141,-3.9939912295933482,-3.4921892890110087,-5.5973820869502333,-2.8372126360212064,-6.4671300399801623,-3.9001504038106418,-6.742151636382232,0.31558068064904304,0.31710564474860053,0.5182461314710517
4289,2004,100.32545891482673,33.225151980514511,6,10,25.845868269451142,-2.68182373046875,89.36027887381897,85.587634256284218,3.7726446175347519,85.423606399532218,3.9366724742867518,119.51834588234306,95.156717896274131,359.64871221780777,201.79489419864541,148.62742599900454,149.91574277933549,170.44952263961193,173.31613987178983,200.64220769805277,203.77228085411161,232.990828543155,234.05767590559688,256.64428491902709,256.68260534984114,1.4610119167302571,1.3417187268463522,-0.13220099947341168,-1.4739197263197639,2.4400840921516931,-0.42938153232375953,-2.8694656244754526,2.1373041554603276,-0.88569374431091319,-3.0229978997712408,0.16038255767315945,-0.72294538115880869,-0.88332793883196814,-0.30910056774524719,-0.30995119853940878,-0.00085063079416158871,41.315340480099621,38.287858705736653,3.0274817743629683,38.156228880538038,3.1591115995615837,43.039005137545246,50.589859767957023,100.93722227771832,212.04400342193247,173.78634548455847,177.54885398900842,189.21822507274823,192.71587607785611,212.21035230971185,213.24353509883014,234.08649570486438,234.12415654180987,253.32343335337623,250.8193935988138,-0.87482824799971581,1.6780134639641915,-2.5111090507253664,-4.1891225146895579,1.4811017937297777,-2.5634137874361045,-4.0445155811658822,-1.407969253198246,-2.5345573531018033,-1.1265880999035573,-2.5475274128865237,-2.4424398368356321,0.10508757605089158,-5.1235207687485342,-2.307753936862639,2.8157668318858953,48.044938106871996,47.299776629527514,0.74516147734448168,47.267377259578097,0.77756084729389841,76.479340652829706,44.56685830306742,258.71149030327797,193.86723961890021,142.72228746359832,144.43895255662017,155.3293196830418,158.58013082339556,185.44753545091089,189.77852584407745,230.21591360245557,233.96189391636165,258.75101123604918,261.21720068879176,3.7872995020417761,1.4850419304879381,-0.23481023993676331,-1.7198521704247014,3.2306999590797147,0.028434597740101708,-3.202265361339613,5.4755015001411493,1.083910477650079,-4.3915910224910704,5.2411278193445128,1.7096394743000474,-3.5314883450444654,3.1792153550474609,0.68720341253725792,-2.492011942510203,-2.3358401647299729,-4.6621277500414919,0.3362947371178393,0.1929715334762534,-0.9589822984219154,-1.7495981653499371,-3.5452734086585735,-6.8834707533393953,-2.7079099705596832,-7.7886552322310365,-4.814420201003287,-8.3027361237959951,0.28065503600799624,0.36010375494916869,0.53164780045380144
4290,2004,100.57546005839718,33.225151980514511,6,10,25.845868269451142,1.7142791748046875,95.985958247454619,96.936121388594984,-0.95016314114036504,96.977431731826073,-0.99147348437145411,116.78145920945826,91.057607416159044,345.32148202136159,200.65135940705864,146.99045288668518,149.10125104957081,168.10211638629306,172.19220469528651,197.9128268303032,201.72546266498045,233.14237400235547,232.8230100048934,258.05695440315196,257.05363795802208,2.526634446325744,2.3078819503948296,0.013848047363978822,-2.2940339030308508,4.746908643554292,0.53562251016057871,-4.2112861333937133,4.4709938774869897,0.74831218390815479,-3.7226816935788349,0.25470303177689857,0.63131965384900468,0.37661662207210611,-0.59325929013851919,0.5286792356944261,1.1219385258329453,41.964828173978276,48.83214721645345,-6.8673190424751738,49.130726042565584,-7.165897868587308,43.78731550016704,43.473387695173187,96.938580359099433,208.66979996118613,167.94270563806708,169.27941106865936,183.93490752617973,185.06068076241266,205.35117866292637,207.07620352802181,233.21328734957584,230.34399439979859,255.50283236971055,250.26300395699326,1.2015003884690145,3.3945717231748631,1.609651803422139,-1.7849199197527241,3.1650395381514898,1.6139311963787861,-1.5511083417727036,3.3692995669318861,1.5929871148161396,-1.7763124521157465,-1.1806742519110287,1.5039962356255785,2.6846704875366072,-4.4098482063704125,1.3954333654804145,5.805281571850827,54.021130211312084,48.103972989628346,5.9171572216837376,47.846705942580229,6.1744242687318547,72.994143718072337,47.584219720985857,248.38290183246136,194.84853763276593,140.68301827024499,141.46383387108662,155.19214751411295,156.30574186694255,186.99727573370947,191.32454181855232,233.05744150560011,236.55072058557315,259.91885579317744,263.30365103507893,2.115552014607573,0.865006056510083,0.099528959900055725,-0.76547709661002727,1.0282362879562186,-0.15400222763810234,-1.1822385155943209,3.7203551065028932,-0.61826535106516189,-4.3386204575680551,2.8696397420092126,-0.4648090463696235,-3.3344487883788361,3.1116704668514785,-0.34834171724145335,-3.4600121840929319,-1.3251340578567294,-0.9140516261385585,1.0866897727800335,2.5295656666647801,-1.5818691054028022,2.1368032501952712,-1.1016943105551036,-0.3510555395710071,-1.4353772836879273,-4.0503139939202413,-3.8165889162318933,-7.521518673221891,0.28071980865963853,0.37495091940605463,0.47742730046142656
4291,2004,100.82546120196764,33.225151980514511,6,10,25.845868269451142,-0.304351806640625,91.404126829423149,88.74656396311002,2.6575628663131283,88.631015910661517,2.7731109187616312,116.9576927355547,82.122424133690402,310.31411560811102,201.43514617672386,148.63055341256472,151.45806383673369,169.01995872594404,173.38435007084675,199.5748541194921,202.9574532201427,233.21890812084524,235.06696578667331,257.52151749825862,258.30874727545347,2.7361325665317509,3.0271523241079592,-0.01988282275453912,-3.0470351468624983,4.3038837602943829,-0.10373183935743668,-4.4076155996518196,3.2465557085161834,-0.11022226732791296,-3.3567779758440963,1.6593183586457201,-0.08469863447953685,-1.7440169931252569,0.62353021887230398,-0.070215810610079643,-0.69374602948238362,36.765054031115596,38.272877124381012,-1.5078230932654151,38.338434685624634,-1.5733806545090374,38.851661531724631,41.221536284286685,90.468251222919207,211.96168890324824,171.11202878576961,173.21320544143467,187.08254086363985,188.50215478862478,212.76481549756198,210.43878850325305,236.44032013124095,233.70198131404032,255.99470170137278,251.80882357281982,-0.70244292856213519,2.3307077581834221,-0.27947523252592532,-2.6101829907093475,1.7801995055837381,-0.28188927058937452,-2.0620887761731126,-2.5063502763143504,-0.26135607275654138,2.244994203557809,-2.9318252989533278,-0.2560258810720768,2.675799417881251,-5.1349104156989256,-0.23766327539152599,4.8972471403073996,54.639072908770686,50.473684779454743,4.1653881293159429,50.292581135629916,4.3464917731407695,78.106031188281122,40.900887731490002,219.84586428664625,194.35241560767446,142.73484623914564,145.65526171408843,157.4740647298494,161.31228911193733,185.70981784072319,193.42746029939059,229.06593606953146,236.49015024397937,258.27291935362177,262.62436236510081,5.1708931352281695,3.4212622269311623,-0.060621362106701326,-3.4818835890378637,4.0060814533146072,-0.016680498873398619,-4.0227619521880058,7.8724837553899079,0.065316876213870501,-7.8071668791760374,7.5195686839325333,0.0395530508987747,-7.4800156330337586,4.3646533649813932,0.016418928209304795,-4.3482344367720884,-3.438575495093886,-5.8733360637903047,-0.69644456592453707,-1.0905544687477402,-2.5236842547106448,-2.2258819477308691,-5.7529059848305337,-10.378834031704258,-4.5911436575990479,-10.451393982885861,-5.7584406345712296,-9.4995637806803188,0.2915376603015043,0.33218560167367145,0.50195225870561844
4294,2004,101.57546463267903,33.225151980514511,6,10,25.845868269451142,-0.2173919677734375,94.145351854487672,95.186848212048062,-1.0414963575603906,95.232130058780967,-1.0867782042932959,117.0429701363646,97.787013256413957,323.50668892636895,197.51354132024289,138.95681525074411,141.65429547273533,163.94369374905779,166.78295597714785,196.37345961439675,199.74516257909036,230.59126903286216,232.52322018872931,257.0943559354352,257.18962316430168,2.0760549034632731,2.5291096260737334,-0.023613421547224789,-2.5527230476209581,2.7313519757110782,-0.058199441974664978,-2.7895514176857432,3.1162770803429112,-0.097047570986347864,-3.213324651329259,1.8379434149870235,-0.082380941894143689,-1.9203243568811672,-0.095887380094950458,-0.062076719416722881,0.033810660678227578,44.460083414978726,43.966368586230601,0.493714828748125,43.944902464847473,0.51518095013125276,46.330734823658922,51.018490484303584,111.79017618100625,205.79027738346463,162.23606079685612,165.05192287458101,178.64680644737155,182.55705767296735,204.33946885925977,207.00944108072309,230.86004322292658,231.46094827708865,254.4223372425773,251.77567553218321,1.4435080702541825,3.1548510114581916,-0.19360274440555258,-3.3484537558637442,3.9228029996298801,-0.20157609794486575,-4.1243790975747459,2.4598119526139044,-0.19690575473083527,-2.6567177073447397,0.37478992411902823,-0.17102000029302644,-0.54580992441205467,-3.5203474428983554,-0.1596131519975188,3.3607342909008366,49.685268417157204,51.220478658214233,-1.5352102410570296,51.287227243756206,-1.6019588265990024,70.712235196670008,46.7685226081976,211.71651300787926,190.65510882646075,133.81716213109857,134.15477308262984,148.46085572620439,150.34810943401214,185.0173934991175,187.5854868124984,230.01374103814982,233.90905217795904,258.39793155224874,261.84297447660327,2.5866398003859956,0.56439747071462421,-0.0028072006145407613,-0.56720467132916497,2.3869126290141196,0.024110446869798352,-2.3628021821443213,2.6524829471001112,0.076447822404759336,-2.5760351246953519,3.8242574725721283,0.029751147851186488,-3.7945063247209418,3.4935397808678772,-0.0024345193900785489,-3.4959743002579557,-0.63254683320909066,-1.1431317301318131,0.62574138538445823,2.5904535407435674,1.1914510239188019,1.5358903706157605,-0.65646512772900678,-0.19267099448620684,-1.4631534908679953,-3.4494675484531001,-3.424460062803405,-7.0138872237662326,0.3455575417992362,0.39584380650695927,0.52173073688757154
4295,2004,101.8254657762495,33.225151980514511,6,10,25.845868269451142,-0.1363677978515625,108.85986143380251,107.20476479912395,1.6550966346785572,107.13280490515899,1.7270565286435158,132.39778493399172,121.17115953214125,389.24606219679117,196.61576681656948,138.23814654496331,140.53429826229566,163.49384605241409,166.64522608214384,195.42624204342695,199.66013279973677,230.05808023012193,230.73146500089658,256.18002189659666,255.08154758408853,2.0348615068402296,2.2693031279482625,-0.0095709070602083557,-2.2788740350084709,2.9911537224384972,-0.0379037298130811,-3.0290574522515783,4.0308032929598028,-0.063661440055710727,-4.0944647330155135,0.6149021444626328,-0.055800257015874877,-0.67070240147850768,-1.224701637641914,-0.039759533968094729,1.1849421036738192,61.5813978723736,57.193540327847586,4.387857544526014,57.00276374006171,4.5786341323118904,63.297090420771923,71.525637058663051,149.35129398072604,203.05998599525597,158.25530673502206,161.71528711353227,175.83947482758947,181.161814482664,201.62718815493326,206.07340948415091,229.43246672163681,230.0776432335206,253.55946302802627,250.39084295384961,2.6292619892818152,3.877292894871772,-0.12552733999640964,-4.0028202348681816,5.2149575624875979,-0.12709008315431447,-5.3420476456419124,4.3423540169148112,-0.12378293991807254,-4.4661369568328837,0.41016567038883522,-0.12500469909528533,-0.53517036948412056,-3.5529398326033856,-0.099876276663280805,3.4530635559401048,47.27846347202194,50.011225686398575,-2.7327622143766348,50.130041138004344,-2.8515776659824041,69.100694248131731,49.645522381361843,239.89476808160543,189.29909417883388,129.64007676615714,130.46759437354007,144.49100271912604,146.401353275736,183.79494972529454,184.69134496981584,231.4682696313161,231.98803149348464,258.62857129283577,260.49660581364515,1.2161170620935877,0.9667523400168534,0.036737603301133959,-0.93001473671571944,2.203270080011805,0.028131137319633126,-2.1751389426921719,1.1052182897194314,0.065033997670241206,-1.0401842920491902,0.29486407105591184,0.063542512942404983,-0.23132155811350685,1.8447829479058555,0.019496255309888966,-1.8252866925959665,0.59440048244158561,1.4131449271882275,1.6079897669235095,2.9105405548549186,2.2238038400491007,3.0116874824757929,0.31155072395500838,3.2371357271953798,-0.20473647407379758,0.11530159933292339,-2.3282381949614717,-5.3977227805092411,0.38369378263669751,0.47808269943737608,0.59028598335473159
4296,2004,102.07546691981996,33.225151980514511,6,10,25.845868269451142,-4.9130401611328125,137.1411821537331,133.48227340607627,3.6589087476568238,133.32319286579514,3.8179892879379622,168.43657756714856,139.17242807062212,421.81685338914394,193.01534029674363,129.7733108118008,131.23102509644039,157.28650967272591,162.00975796314322,193.19944804721629,199.45299901855145,226.71289950440453,232.58673497651043,256.06461115400151,258.99134231032986,2.5617930767322719,0.96068797617002133,-0.37852485717107243,-1.3392128333410938,3.2134124036297464,-1.5436136733396495,-4.7570260769693959,3.6158137080635697,-2.5001852404263047,-6.1159989484898745,3.5116505447001032,-2.3404420986400112,-5.8520926433401144,1.26067466598289,-1.5493560119712697,-2.8100306779541597,78.072896173385743,72.612307824188974,5.4605883491967688,72.374890372584559,5.6980058008011838,81.349066723223359,85.088244756388121,182.38589332293486,200.59898364952082,153.67385034946165,162.43127370740598,174.15506020404968,183.83236431800248,200.67495020019101,209.11985133335978,225.50151697966194,233.40443859292137,248.42598941519111,254.71692620626439,3.6494655120636708,5.0107314433462875,-4.3998446841761165,-9.410576127522404,5.1824196253538162,-4.4958628719242597,-9.6782824972780759,3.9723749684745542,-4.5211550506762421,-8.4935300191507963,3.7150540040353803,-4.3013116258979096,-8.0163656299332899,2.1221551850653384,-3.9906910479431019,-6.1128462330084403,59.068285931918581,60.869968239476293,-1.8016823075577122,60.948301891333358,-1.8800159594147772,87.087510904825649,54.084183333832698,239.43096000701189,184.07444588626527,120.84280334598304,120.76342937807581,135.4661207537003,137.88822368897027,176.85084560998686,176.14804844541624,230.77237558877417,230.5637952422228,262.67452601505391,264.41103645062987,1.5983188105938382,-0.36385985111742514,-0.66490042821604334,-0.3010405770986182,1.8860614245601539,-0.52998841472569325,-2.4160498392858472,0.72825714672094932,1.5228231908638463,0.794566044142897,1.7524037665039032,2.1262037605657156,0.37379999406181241,2.6248261868715872,1.077495736770743,-1.5473304501008442,1.0876724353313989,2.0511467014698326,4.0500434671762662,5.3745912944637126,1.9690072217240697,3.2963582007936623,0.35656126041098446,3.2441178217536049,0.20340345933527715,1.9626502375314772,0.86148051908244838,-0.5026710018062488,0.43238171224675115,0.48296556423911496,0.61138722616243113
4297,2004,102.32546806339042,33.225151980514511,6,10,25.845868269451142,-3.125,94.075559377670288,93.041675791144371,1.0338835865259171,92.996724501252174,1.0788348764181137,124.8660993874073,128.35946054235137,396.24044003337622,194.12831136029573,137.11307742175353,137.92886945877643,163.00082880089423,163.89487185234881,194.93989659267464,197.76906493325885,225.25902118197496,228.00412855412773,248.86278848849921,250.72615042777582,0.95637650440582433,1.052738900543801,0.28514848425592731,-0.76759041628787372,0.52094411422828557,-0.44458408358372026,-0.96552819781200583,1.4731819865353089,-1.2559468215859226,-2.7291288081212315,1.1896547596395237,-1.4277384556510526,-2.6173932152905763,0.58069502602904777,-1.0136974887144561,-1.5943925147435039,49.39199335873127,47.410007506608963,1.9819858521223068,47.323833540081978,2.068159818649292,50.222010082099587,81.862246306724956,151.7301634902833,205.6900467634182,165.44838375389628,164.54681133531628,183.22353681842444,183.50152361776233,204.50752493434621,207.31802278744971,228.40240986471088,229.43483742635871,248.76039698939022,247.87413587206646,-1.970806091965045,-3.3564123957075367,-2.8019015391205357,0.55451085658700094,-2.2683901110266333,-2.8686134129187906,-0.60022330189215722,0.25967249337151088,-2.8420014128023467,-3.1016739061738576,-1.7727180369508062,-2.7492197238063056,-0.97650168685549943,-3.6980278842936798,-2.3595187507004312,1.3385091335932486,44.683566018939018,45.631667897105217,-0.94810187816619873,45.672890111804008,-0.98932409286499023,74.644089236855507,46.497214126971812,244.51027618348598,181.52217964687242,129.07992647546149,129.20648371749334,140.25152800332128,143.77594355113371,174.25977578554591,177.79742492302071,216.31638511519708,224.53190735032877,249.00260309892323,254.27621123240235,4.3822715649255883,0.52357826794829521,0.19471227948713477,-0.32886598846116044,3.7055090806115629,0.17944946319761357,-3.5260596174139494,5.0046024533110938,1.46340361032739,-3.5411988429837038,9.48113088475057,1.7323015061837452,-7.7488293785668247,5.2709463228839297,0.33368669600253043,-4.9372596268813993,-2.9271825963708693,-6.3530776568906333,-4.4091512962513377,-3.8799906636558319,-2.7893342252549189,-5.9738991916381963,-1.213509493163798,-4.7449299599395829,-2.9623727965903299,-11.253848921701376,-4.2787229103227276,-8.9689742071776095,0.38292447756595144,0.40220692668777686,0.63775779331602156
4298,2004,102.57546920696089,33.225151980514511,6,10,25.845868269451142,-2.434783935546875,131.98797509460564,144.83851597719331,-12.850540882587666,145.3972360948319,-13.409261000226252,162.46782562541011,137.00060550346097,431.87957286089659,195.38789491934145,130.75409943562414,132.50670401215388,159.32266916585371,161.25860854320493,195.503052845154,197.67004348580946,231.11894262510134,231.45601290935574,257.87515411369333,257.2804747460458,0.33074990616574951,1.7692551073073162,0.024502475370553611,-1.7447526319367626,1.4852548631326101,-0.53483287587715722,-2.0200877390097673,1.0645793063001463,-1.0777312775562962,-2.1423105838564425,-0.75272421838690207,-1.039198415061577,-0.28647419667467489,-1.3627829476525335,-0.74590464875086582,0.61687829890166768,69.934450168428157,82.355498067281587,-12.421047898853431,82.895542880003632,-12.961092711575475,72.724331298253674,86.992895471892552,176.74720200581942,206.23951538380112,158.9203055864526,159.23514696692629,180.05647382411001,180.18154000754046,204.83099391053486,206.2204313566788,232.31779358360868,231.40363626838342,255.75785036685318,251.9311617439925,-2.7097337580960073,-1.5841195486618744,-2.180350738439472,-0.59623118977759759,-1.839140766283009,-2.2465807721253555,-0.40744000584234641,-0.55366880421945552,-2.2445575931454016,-1.6908887889259461,-3.2727954041216094,-2.1535249162826631,1.1192704878389463,-6.9694370737280735,-2.011469190633278,4.9579678830947955,62.0535251329311,62.483021046284193,-0.42949591335309378,62.501693755804808,-0.44816862287370896,89.74349469596018,50.00771012810219,255.13237142562866,182.98592141784661,122.43878741924773,122.47494985382399,136.43822922261796,137.61453548733047,174.30734333693098,176.34949594536573,226.40068895784626,231.58710218343072,260.16641067546811,264.28531862072884,3.0952300129268622,-0.16973273739922945,-0.27864777116626271,-0.10891503376703326,1.5287789504709792,0.14155098766306651,-1.3872279628079127,3.2178108707359172,1.4784758874006911,-1.7393349833352261,6.2216529085099808,1.4556614771038312,-4.7659914314061496,4.5892316604787879,0.8002753101263238,-3.7889563503524641,-3.0404836642617568,-5.8049637710228694,-3.3533746559691906,-1.414386811262645,-3.3243956294156192,-3.3679197167539883,-1.6182481105196018,-3.7714796749553727,-2.5200711857347073,-9.4944483126315902,-5.60665412607554,-11.558668734206861,0.40925112719500545,0.44762297407690255,0.63498183203062486
4299,2004,102.82547035053135,33.225151980514511,6,10,25.845868269451142,-0.7083282470703125,135.19436783137644,135.92043615668081,-0.72606832530436805,135.95200490104617,-0.75763706966972677,162.45447913134194,133.67937286242159,437.04722155630589,194.18646645264491,132.78563070644955,132.99949136165321,160.84863286311338,159.67623953872513,194.65124198677003,194.45831918661023,226.63264834686504,227.92445982342463,253.92855380172639,254.68458654699168,-0.16644043100546924,0.117547159080857,-0.064893186594105146,-0.18244034567496215,-1.2751044408998951,-0.15849531310038856,1.1166091277995065,-0.48998454890767107,-0.32087658874880276,0.16910796015886831,1.0427391075474191,-0.32371926689097563,-1.3664583744383947,0.48130356080557135,-0.21436848113182805,-0.6956720419373994,76.46386128496124,76.642016035742927,-0.17815475078168674,76.649761240198131,-0.1858999552368914,78.331657375521331,80.740746871208103,174.77907467004843,201.53319512195432,159.75499885998923,154.18172804597449,177.95466243808326,174.22507179366883,201.26032384016298,199.38338599112549,224.53455702385818,223.62274983142575,246.29102333044412,243.70598520390524,-3.0877184499087207,-6.0411911671034773,-0.65505327454766871,5.3861378925558085,-4.1850329923801439,-0.6673629570349533,3.5176700353451906,-2.2504735918638517,-0.65744875122231861,1.593024840641533,-1.7956533094230736,-0.65201926600687443,1.1436340434161991,-3.4519242030218038,-0.61078782560832678,2.841136377413477,58.730506578080167,59.278421188852917,-0.54791461077275017,59.302243034999265,-0.57173645691909769,84.122821869519612,52.938626009839936,262.26814728230238,185.65991275417264,124.04228956283433,123.8960914415632,137.3052008861815,140.74765909859522,179.39091943847339,183.75739433102368,233.12426280780755,236.37272340260918,260.629361838568,263.84544602487642,3.7677555495239119,-0.11539146098898811,-0.12123301744358628,-0.0058415564545981624,3.9982533499974409,0.13998068117456341,-3.8582726688228774,5.1428209911813951,0.24355208122770478,-4.8992689099536904,2.9363964250426307,0.28190872337668793,-2.6544877016659427,2.8513857734049566,0.11331651741426185,-2.7380692559906947,-2.9212780189032514,-6.8554739994326326,-6.1587383261843343,-5.9257997061144891,-2.9099285514802489,-8.1832863423775848,-1.7604890429561806,-7.3932945830452468,-2.8383924169704926,-4.7320497344657042,-3.9332277638273752,-6.3033099764267604,0.39990890240113608,0.48217603967811434,0.60398807342030114
4300,2004,103.07547149410182,33.225151980514511,6,10,25.845868269451142,-2.3913116455078125,142.82653877740449,143.09117640373734,-0.26463762633284205,143.10268221340812,-0.2761434360036219,170.59819632560539,108.67056994258019,416.88486145809293,194.27109806549427,135.08654579183357,135.45047599191057,160.48341681107118,162.31644252703137,192.76680444653675,196.07426157934876,227.81226104727818,229.2107652103075,255.11787269290625,255.48903699302505,0.84890414049959873,0.26855938400859714,-0.30220809760709244,-0.57076748161568958,1.4063698702144336,-0.65865361588353721,-2.0650234860979708,1.9465199325765354,-1.1480560331929155,-3.0945759657694509,0.33375787022305303,-1.1387247388337016,-1.4724826090567547,-0.49393057823627373,-0.79749507997283331,-0.30356450173655958,89.891889769434783,88.386982603053184,1.5049071663815994,88.321553453788511,1.5703363156462729,92.265136563489364,61.307232958120494,166.41924544522772,199.29827868285756,154.93341113196647,156.22875400143189,173.38725357971703,176.33062262394427,196.83817342946816,201.27701669582117,224.63037035913609,226.16392260951324,247.43601951850121,246.63554190209604,-0.24941746510373264,-0.50130171416455482,-2.1983021782107244,-1.6970004640461696,0.84501462657215143,-2.25386204476834,-3.0988766713404914,2.0336697824738224,-2.2490587100116102,-4.2827284924854325,-1.1370931253393906,-2.2245436515208041,-1.0874505261814136,-3.6037114234408989,-2.0858749761596016,1.5178364472812973,52.934649067574355,54.704193045259672,-1.7695439776853163,54.78112893843354,-1.8464798708591843,78.333059801332638,47.363337054592193,250.46561614796519,188.12902833170705,126.15421293776329,125.56543424924656,138.89727685173224,141.99341396928162,181.95038398925681,184.00698055567233,235.44499693969419,236.04175106047077,261.18440498515156,264.32279263683171,2.3753756416799945,-0.78561318561352778,-0.3827135778713,0.40289960774222777,3.7182600171192348,0.45103372603199432,-3.2672262910872405,3.3093139669553295,0.824222991297205,-2.4850909756581245,1.3906271657038758,1.1702667845356416,-0.2203603811682342,3.0959974652230358,0.41105695740787951,-2.6849405078151563,-1.0983216056033314,-2.6247931067837271,-0.76986109817315196,0.28431147144897295,-0.56135524364228218,-2.8732453905470834,0.087149849897286913,-1.2756441844815072,-1.4708509955624436,-2.5277202910432663,-3.1097808452046252,-6.6997088886639347,0.39919714249915716,0.54083301318960741,0.56415672606221046
4349,2004,95.575437186987926,32.975150836944039,6,10,25.918102063709259,0.1363677978515625,71.568631442210972,79.455398830898048,-7.8867673886870762,79.798300862765245,-8.2296694205542735,94.543960980825432,107.80119600935177,270.57105533033609,207.45143594606085,151.62281177201692,156.20780341767824,180.00643859967877,178.43216441368637,209.00739321342837,206.33116987572058,237.06992458704451,235.18191273387797,257.1177078993756,256.84846800458007,-0.643330871710873,5.2312154867730953,0.018392049845715519,-5.2128234369273798,-1.4132160822252047,0.065341478832635858,1.4785575610578405,-2.5489975139991827,0.065593411600161744,2.6145909255993445,-1.8100710730444689,0.053309156967344506,1.8633802300118134,-0.26931924123698536,0.026742823070605937,0.2960620643075913,37.278897749144562,36.037628246935128,1.241269502209434,35.983660078503817,1.2952376706407449,38.581621919643112,59.596566171494487,104.7357206675224,214.90724027726586,176.81482556143894,175.3154695605372,192.07656604685212,190.36656157085937,215.9332815201609,211.39104781622956,237.94180056717218,232.69779808210583,254.49378133974091,250.14331840352233,-2.8924654501008149,-1.2624743132161029,0.13701459566897256,1.3994889088850755,-1.3329860705534031,0.12557281040392354,1.4585588809573267,-4.3571953471035556,0.12642573499476839,4.483621082098324,-5.2151466258529808,0.10588426412459739,5.3210308899775782,-4.9138792532939419,0.096331166726940864,5.0102104200208828,34.289733618560604,43.417769129066983,-9.1280355105063791,43.814640635249816,-9.5249070166892125,55.96233897456932,48.204629894752543,165.83533470332623,200.42428174823286,144.01179056374971,148.35382476568628,163.31931546665587,166.57650851173858,198.48235803101369,198.72380569868469,236.24180184932541,238.34488137833347,260.24262109438649,261.76031491244635,2.2879156609598965,5.9827538161065945,0.021480875574980018,-5.9612729405316145,3.389405414224484,-0.0065808042801620559,-3.3959862185046461,0.1454094866745379,-0.013455464002845474,-0.15886495067738338,1.9391615495707981,-0.031028272530079448,-1.9701898221008776,1.4663164218045495,-0.01762511319185478,-1.4839415349964042,-2.2491345783899419,-5.1803811110607114,-6.4936897999891983,-7.2452281293226974,0.080230011671801549,-4.7223914847778872,-1.8081978331043729,-4.5026048337780935,-3.4050755528085119,-7.1543081754237789,-4.6445600120569566,-6.3801956750984914,0.38709137065549065,0.40808129381704134,0.55283770846405522
4352,2004,96.325440617699314,32.975150836944039,6,10,25.918102063709259,0.18182373046875,75.109685705781885,84.763738048084633,-9.654052342302748,85.183480750849412,-10.073795045067527,98.70197336842466,103.54151568051384,294.66916470974684,205.33102394105828,148.5782555917956,152.98282658575891,177.10030537861974,176.03134531414727,206.55027053750476,204.14268988126531,235.93203917258032,233.8799609658403,256.34890453401562,256.25043768785753,-0.48141668432120355,4.8574714764362454,0.022667282316660931,-4.8348041941195845,-1.0148357625778033,0.087453635635057481,1.1022893982128608,-2.3471541244612695,0.095267295482017289,2.4424214199432868,-2.044153722067847,0.085680670655875701,2.1298343927237227,-0.1412517923531027,0.058388104998186918,0.19963989735128962,38.502828757727912,41.300317766326771,-2.7974890085988591,41.421947641854786,-2.919118884126874,39.625693447743743,58.632463270529115,104.45529168727808,213.78836504183275,175.53737080679727,173.96167432548745,191.80506039655486,188.70384839856234,214.47139964299416,210.23884990634386,235.98635939044894,232.4135064182498,253.36318778186074,250.3413103187263,-2.6488472548117556,-1.335845103220862,0.17516533959835101,1.511010442819213,-2.60422331578269,0.1654207449540479,2.7696440607367379,-4.145401775330015,0.16464515106517297,4.3100469263951879,-3.6015304292467363,0.15505796052050869,3.756588389767245,-3.476756579036703,0.13644160878453704,3.61319818782124,36.606856910801071,43.463420827005393,-6.8565639162043226,43.76153278658785,-7.1546758757867792,59.076279873776002,44.9090524899093,190.21387290209532,197.33948587755651,141.45413752321787,144.95757423595728,154.12642169589245,161.09343723281037,192.84752228166403,193.16350514245207,235.88220987316316,236.10538007189271,260.09402852152965,261.67914235472313,1.8154868046156309,4.677290789183445,0.040267225211294999,-4.63702356397215,7.0032770610247894,0.00014024735878592764,-7.0031368136660035,0.61291788782048684,-0.018733153643722744,-0.63165104146420958,0.14098524895672426,-0.029536825016975854,-0.17052207397370012,1.818624035989103,-0.0025441906744845255,-1.8211682266635876,-2.1674305704905521,-4.4643340594273866,-6.1933165796571075,-6.013135892404307,-1.5893875532048867,-9.6075003768074794,-1.7982476508687455,-4.7583196631505018,-1.5573767071788893,-3.7425156782034605,-3.3355047866836003,-5.295380615025806,0.3544832788668878,0.4014680972976396,0.56627008871923967
4353,2004,96.575441761269786,32.975150836944039,6,10,25.918102063709259,2.2727203369140625,83.486462920300255,92.715803961131314,-9.2293410408310592,93.117079537463724,-9.6306166171634686,104.59793256390731,102.33588739632251,310.52162323147058,206.08686244466301,149.73462323733318,153.88574043304087,177.99558147371246,175.37546113515461,206.56687004696164,203.41889928966276,237.18975284651174,233.58793405949851,257.16185678785058,256.4416241470829,-0.53213941775845797,5.038080916900185,0.37557998561044315,-4.6625009312897419,-1.3552338386917313,1.169248189703751,2.5244820283954823,-1.9948969244632906,1.2359104926508451,3.2308074171141357,-2.5261541230129581,1.0565577675951374,3.5827118906080955,-0.04758868451779108,0.75652244103633848,0.80411112555412956,44.86571112868387,46.29929475038989,-1.4335836217060205,46.361624914041386,-1.4959137853575157,47.12167619884508,58.658740321061487,115.90108710993081,212.54627036916762,172.56688099120692,170.60578441677544,189.32620205188587,185.84096286034105,212.95154721559979,207.70565866301681,236.72108949275076,230.39385167313168,253.97946457975752,248.89790570975319,-2.1107322239206496,0.063161207377135042,2.080386188332767,2.017224980955632,-1.1376789872417703,2.0856610856178577,3.223340072859628,-3.1726870744213329,2.032291393795731,5.2049784682170639,-4.5536607720520976,1.8911834472569069,6.4448442193090045,-3.9869824202457949,1.7093482981670434,5.6963307184128382,38.620751940627997,46.416509361107273,-7.7957574204792763,46.755454578718854,-8.1347026380908574,57.476256444309001,43.677147179569147,194.62053657695651,199.33198487016386,142.65112241316916,145.71530155800505,160.06321134967814,162.85333776173013,195.18316053606711,195.35313265299956,237.6897079992618,238.33055024407261,261.59037404146818,263.02150952732478,1.67540856868834,4.645351128044382,0.58664403067757576,-4.0587070973668062,3.0769235060166125,0.1707787054162111,-2.9061448006004014,0.26910772664692217,-0.21222766745992772,-0.48133539410684989,0.41492736893178517,-0.15967323352970197,-0.57460060246148714,1.5698484765400167,0.1210493545838176,-1.4487991219561991,-1.5785928061621917,-3.7861407926089896,-4.97491970952305,-4.582189920667247,0.21755485144996101,-4.2146024932583828,-1.1777901499580423,-3.4417948010682551,-2.0275066490391396,-4.9685881409838828,-3.9393937357280038,-5.5568308967858115,0.37324642935907637,0.45050294058206791,0.57319814010006254
4355,2004,97.075444048410702,32.975150836944039,6,10,25.918102063709259,5.0476226806640625,93.944083286241948,101.96481898755883,-8.0207357013168803,102.31354913291761,-8.3694658466756664,111.16640016387828,117.66779255598522,342.76472324877977,205.42287397959899,149.71035739725292,152.60431456938559,176.45958966519052,173.73672071846673,205.47761785385774,201.36012918193066,237.09986767374932,231.91139913982062,257.48229210114437,254.88591488526552,-0.49735822952584385,3.7735546809132643,0.62397415465682116,-3.1495805262564431,-0.23953768978060452,2.4704229098934718,2.7099605996740763,-1.5348462241861114,2.6424807219876527,4.1773269461737641,-2.9944385584361157,2.2997638430076393,5.294202401443755,-0.97686427070942727,1.7084120090832755,2.6852762797927028,48.911724352674355,52.332775393579141,-3.4210510409047856,52.481517673904818,-3.5697933212304633,50.310658770697955,67.641175317886336,131.721614388749,211.80848229182257,172.40669750023162,167.20603813710272,187.5144153242544,182.49290082925305,211.89100317590271,204.56571629419386,236.05462797895555,228.1672796661982,253.95503520880536,247.10830622236139,-1.8650827139398984,-0.66202304270439072,4.3859880819951229,5.0480111246995136,-0.31031559173061396,4.5671836437021511,4.8774992354327651,-2.4875379949161527,4.4998210491548605,6.9873590440710132,-3.6281138214826854,4.1962283438062116,7.8243421652888969,-3.6297953969613843,3.9076767936053898,7.5374721905667741,45.032359008073399,49.63204514582867,-4.5996861377552705,49.832031171633389,-4.7996721635599897,60.855741481700534,50.026617265062669,211.04310907423496,198.63014137977132,142.42402443611428,143.8480395328296,156.11351418195932,160.68229176533131,193.72244458412746,193.92516360683985,238.28427510884086,238.51877364967098,261.60443472104942,262.49003765666544,0.67755739289214034,2.9297238781070121,1.0386306755026737,-1.8910932026043383,4.5964725849617309,-0.077236017417789071,-4.67370860237952,-0.57589890428383228,-1.0878347825355377,-0.51193587825170539,-0.95363430966236251,-0.95278493023951683,0.00084937942284568635,0.88371729327258208,0.017014978593124397,-0.86670231467945769,-1.3677244844140546,-2.5426401068320388,-4.435577723617655,-3.5917469208114028,-0.070777901950009436,-4.9067881766923449,-0.9526917707300413,-1.9116390906323204,-0.63367526304656963,-2.6744795118203228,-2.652931126251957,-4.5135126902339664,0.38429163053966037,0.45257072907399576,0.57484868075266482
4358,2004,97.82544747912209,32.975150836944039,6,10,25.918102063709259,1.6315765380859375,78.079352102548,86.943996746646008,-8.8646446440980071,87.329416972250328,-9.250064869702328,97.656475408506594,95.51368312224804,255.9522883053869,207.1769586262219,151.80639550873786,157.29371299253773,178.3029335016528,177.61711155792784,207.63182306057033,204.93931035284959,238.19810763479478,233.44382336894071,257.81900492611925,255.76367849087106,-0.4780132869142335,6.6696745243381201,0.56280097875406909,-6.106873545584051,0.44669486186148788,1.0167395719198566,0.57004471005836876,-1.5468186969514477,1.0081234206880367,2.5549421176394844,-3.8946500270572812,0.86279285467412592,4.7574428817314072,-1.4938422648999676,0.61581518870005425,2.1096574536000219,44.900004427336171,47.657274351631713,-2.7572699242955423,47.77715548321612,-2.8771510558799491,46.748710745201379,55.451299611973809,112.1070264223963,212.78861702881099,172.07191041819522,169.58497790070916,187.97340545058654,185.33001989230056,212.79378994153521,207.61234755000123,237.73073287129839,230.05309717097606,255.4182798573911,249.09942143801999,-3.1433431152900937,-0.8833510057966123,1.443483867155777,2.3268348729523893,-1.0709907840412995,1.4847690048334812,2.5557597888747807,-3.5970812191657728,1.4602927191419326,5.0573739383077054,-6.3607262955277406,1.3694884698826115,7.7302147654103521,-5.729898470864299,1.2327618501118138,6.9626603209761129,33.179347779519958,39.286723667888509,-6.1073758883685514,39.552261502366491,-6.3729137228465333,50.907764757466794,40.062383431062699,143.84526194445789,200.87256573143955,144.45067369008834,148.17707463290211,162.04700240170177,167.3939266015596,198.31420341940336,199.4151374485883,238.76425039111336,238.63822844988292,261.54163249742766,262.04789247933741,2.6627638592671872,6.2549257702700061,0.52831417950235959,-5.7266115907676465,5.5207305354622633,0.33419500643250899,-5.1865355290297543,1.4251268740364935,0.16378387051366872,-1.2613430035228248,-0.011806558330960115,0.13974184622961161,0.15154840456057173,0.69762767428994721,0.11409196784313735,-0.58353570644680985,-2.6653298283758602,-5.8061069745572809,-7.5530255301347324,-7.1382767760666184,-1.5176856459027874,-6.5917213195035629,-2.0502625222143251,-5.0222080932022664,-2.4660762684704594,-6.3489197371967805,-4.2360562059643314,-6.4275261451542463,0.43799970363475293,0.47870569309046784,0.58055869901908863
4359,2004,98.075448622692562,32.975150836944039,6,10,25.918102063709259,-0.3333282470703125,81.727124346834898,90.590965995932493,-8.8638416490975942,90.976351286637509,-9.249226939802611,108.28792309483833,119.15313576241533,311.20362484455109,205.53946495801364,148.88567517288328,154.99681731567625,176.48307586289789,177.64493414162968,207.21705056467277,205.60656751131413,236.74603080010621,233.88720485341341,257.27090500894195,256.22565048591645,0.14152040949494449,6.8309418835510485,-0.025728376728437752,-6.8566702602794862,1.0229802127729215,-0.17040379416010865,-1.1933840069330302,-1.7610275544854233,-0.1833574031062426,1.5776701513791807,-3.0645034026103701,-0.15158672407713425,2.9129166785332359,-1.2001704452355284,-0.077794516379697143,1.1223759288558313,47.107877837819615,50.597183502681219,-3.4893056648616039,50.748892102552418,-3.641014264732803,50.165760628691203,75.177970902170273,138.15843686973676,213.4849643890544,172.47857543748336,172.17703038471191,189.54974220114866,188.26622660885531,214.2724301367551,210.34401687612819,237.84315523912454,232.61618987156942,256.17397525099125,251.80616359297812,-2.8461790621406351,-0.40741581984073605,-0.3028853332981214,0.10453048654261465,-1.3038439443839991,-0.32217211728308826,0.98167182710091083,-4.0927740405504665,-0.2969820459064465,3.79579199464402,-5.5904076661569491,-0.28404012610567975,5.3063675400512693,-5.1183368239067022,-0.24230651977944717,4.876030304127255,34.619246672928057,39.993783069430719,-5.3745363965026627,40.227458766852578,-5.6082120939245215,58.122162608950021,43.975164949652026,173.04518807679415,195.78486536177013,141.8529040293071,145.31359633520617,152.75092143270513,161.87244056090748,189.87637289349934,194.45977423743358,235.04751641664319,236.27460729354351,260.30872659765765,261.45431587097141,4.0643982595654791,4.2578731321950443,-0.0943125869969208,-4.3521857191919651,9.4468592545966885,0.00079164392849406795,-9.4460676106681944,5.1501641676176177,0.04488730657880069,-5.1052768610388171,0.8959122133247206,0.062439320244521923,-0.83347289308019867,1.1568925908422898,0.03399891351966744,-1.1228936773226224,-2.9876994716355796,-6.9105773217061142,-7.2383577033917845,-4.6652889520357803,-2.3268241571569206,-10.750703198980688,-2.3317464860650432,-9.2429382081680842,-2.5259042635465789,-6.4863198794816697,-3.9181663786711738,-6.275229414748992,0.44394867488689471,0.46326274615827784,0.63093573174667372
4360,2004,98.32544976626302,32.975150836944039,6,10,25.918102063709259,1.8095245361328125,94.639003241905812,104.1113918893534,-9.4723886474475876,104.52323536789117,-9.8842321259853634,120.66543557112345,118.58735064422399,369.8866032268852,207.64083933117513,153.44055899402736,156.63349836847974,178.73651322904286,177.09514465899082,207.96103298353614,205.00629495334087,238.12135878497014,234.40778126107458,258.40258402997006,256.77055748718254,-1.1617334476543135,3.286215628185829,-0.11360601380783919,-3.3998216419936682,-1.0905321797134206,0.57402560692017346,1.6645577866335941,-2.2480527366637659,0.71042220953009405,2.95847494619386,-3.137578131433628,0.70815882295278243,3.8457369543864104,-1.1991327802160754,0.5122500562690675,1.7113828364851429,48.10345459261589,55.676711795736992,-7.5732572031211021,56.005982964807117,-7.9025283721912274,50.242113829694063,69.424548583439901,129.90322537836619,215.20486363594918,177.77477400687684,173.37665819751356,192.53202977635115,188.36515937415081,215.799227594428,209.82605735382117,238.14590895423029,232.07385896379913,254.80782717386401,250.22082914464136,-2.8494249793052973,-2.529575368163961,1.6874010464210301,4.2169764145849911,-2.1758183212088511,1.6902871297907609,3.866105450999612,-4.205191507450138,1.660481611278243,5.865673118728381,-4.6738525371716833,1.589107135789618,6.2629596729613013,-3.4986990362014581,1.4664083368083425,4.9651073730098005,46.535548828103856,48.434681298478608,-1.8991324703747523,48.517251787878195,-1.9817029597743385,70.423321997543098,49.162802077104061,239.98337834514678,200.07172078803691,147.54604512775938,148.11300891245423,161.93757791218943,162.71089431078391,193.56202780671583,194.29943069555341,238.09668383693921,238.62616036620901,262.26748727479912,263.32900420459464,0.42669740417682078,0.88528308582579029,-0.074737090539656492,-0.96002017636544679,0.45399853950522129,-0.38986917325271975,-0.84386771275794104,0.20168067900090136,-0.86427900853482242,-1.0659596875357238,-0.41455208710277702,-0.89304296381172321,-0.47849087670894619,0.75153813164820349,-0.4132422718977864,-1.1647804035459899,-1.6876915316509837,-3.276122383482118,-5.81579099634979,-3.4148584539897513,-1.0852861414954305,-2.6298168607140724,-1.9571387707863721,-4.4068721864510394,-1.5362744057380553,-4.2593004500689062,-2.2995662559853827,-4.2502371678496615,0.35119743252416386,0.41637535713431384,0.58542962808674015
4361,2004,98.575450909833478,32.975150836944039,6,10,25.918102063709259,3.375,101.07502390899572,104.63290934296674,-3.5578854339710233,104.78759840295606,-3.7125744939603464,123.05822672405156,120.70488233409014,344.3314574174583,204.89889575562975,149.21825986430085,152.02294943220829,175.23889627098328,173.57114910075887,204.93417013422908,202.33157789390165,236.42927474360923,232.44281531722771,258.00755383479236,255.88543484819152,-0.34409245172128067,3.2947212061083917,0.12604179349682454,-3.1686794126115672,-0.22768009468754258,1.4322122586206376,1.6598923533081802,-0.90775449910231032,1.711751346032429,2.6195058451347393,-2.5613595396366691,1.5039502803072082,4.0653098199438773,-1.0065872709322434,1.2362585770806902,2.2428458480129336,49.587619010677372,53.682200757706596,-4.0945817470292241,53.86022618214156,-4.2726071714641876,51.964062196520899,70.137038837799992,135.81451785156969,212.85656138538218,170.9799598916409,168.57808109221153,189.44890859263839,184.4139532136731,213.31807454402022,206.73888140019093,237.4547655258196,229.55789883811224,255.29229503149358,248.76895782671264,-2.4354550947770974,0.81017522189753777,3.0738574935353995,2.2636822716378617,-1.6828688272269687,3.1009955682010286,4.7838643954279974,-3.4119820296805301,3.0733527625722559,6.485334792252786,-5.2253992443285711,2.8707604504399171,8.0961596947684882,-4.2456119736141886,2.6342165525784083,6.8798285261925969,51.487404943021829,50.950707119979597,0.5366978230422319,50.927371753910847,0.56003318911098177,71.094164506110246,50.567843555894797,208.51693965122104,196.91250996332747,143.36321562356468,143.59305995919206,155.58001829579956,159.27232015183304,190.55808344740748,192.72959607517359,234.91207228440572,237.46568073529338,261.4782742668109,262.91369868851393,1.6135135547043262,1.1025454990004562,0.83202778486671036,-0.27051771413374581,3.6150221681827475,-0.11092692044459795,-3.7259490886273454,1.7463492683327786,-0.66665004599175859,-2.4129993143245372,1.6779362008198575,-0.7691334385576738,-2.4470696393775313,1.4175753350252762,-0.11876950803969066,-1.5363448430649669,-2.0913626430558168,-4.0489686494814237,-2.4845459842108539,-0.29237027710291841,-1.4551887325394262,-5.2978909954097162,-2.5042275305782198,-5.1583312980133087,-2.664039704691902,-6.9033354451484286,-3.2390247026819452,-5.6631873086394648,0.39442959661658733,0.42227215180864125,0.58106215325800037
4367,2004,100.07545777125625,32.975150836944039,6,10,25.918102063709259,0.695648193359375,100.67601253145585,95.268327268606299,5.4076852628495544,95.033209852932487,5.6428026785233669,124.28423847546401,104.81143865628837,356.23556176945567,201.18407876990398,146.40593526250299,147.44097059320296,168.20795097867284,171.04403109075648,199.92643240505038,201.56886839364915,233.43403844497215,232.9700042359176,257.66598889483288,256.90297661941247,1.1781577491573216,1.4398349818776808,0.13390957742916498,-1.3059254044485158,3.0731173974910178,0.22392243356358676,-2.849194963927431,1.981439705922071,0.30165479551266117,-1.6797849104094098,-0.39633197549559895,0.29107529408747723,0.68740726958307619,-0.67610232651463775,0.1710447759417093,0.84714710245634706,43.525322241246613,42.008908419904401,1.516413821342212,41.942977761849761,1.582344479396852,45.054174413442524,53.415800800703892,106.49967898894101,210.83861877715006,170.4599733217506,170.97179255460549,187.50418543286867,186.70981236315643,210.11849697461921,208.48961539106318,234.1504568482269,230.4550825280858,254.18132155039274,248.59001038529183,-1.2956491071556968,1.450827460095411,0.63475836168996125,-0.81606909840544972,0.049731525054852455,0.64756211365275362,0.59783058859790117,-0.90532431618893838,0.64344072209715364,1.548765038286092,-3.2436390786012055,0.61061748331300691,3.8542565619142124,-5.6505863521382196,0.56770955621186658,6.2182959083500862,57.150690208252854,53.259417529949133,3.8912726783037215,53.090232590271626,4.0604576179812284,79.230064106724967,51.395637870485643,249.73588260635734,193.90616715008196,139.42557204255181,141.41358281299119,153.8076120342534,156.45329384541955,185.83512011742511,190.57947574463088,232.39326394753826,236.38375498564949,260.60361205315934,262.85840913607768,3.0326789605950353,2.1973325165983226,0.14810810743347247,-2.0492244091648502,2.8056218687312366,0.072301342896679444,-2.7333205258345572,4.6073118008849008,-0.10275721159965201,-4.7100690124845528,3.6313018160553554,-0.15622263627815869,-3.7875244523335141,2.3173428066730821,-0.043177638212910097,-2.3605204448859922,-2.4738068563130184,-4.3283280677507321,0.010992478217730195,-0.74650505650291166,-3.0233858724361653,-2.7558903436763842,-2.8867640221110094,-5.5126361170738392,-2.8473071031056065,-6.8749408946565609,-4.9744840256235818,-7.9679291588113017,0.29895858364040651,0.36250915615769769,0.50963713012157097
4368,2004,100.32545891482673,32.975150836944039,6,10,25.918102063709259,-0.600006103515625,78.997451647563139,79.609512777207783,-0.6120611296446441,79.636123047939691,-0.6386714003765519,100.68234218924044,82.469529287795012,304.85423026606441,204.40083712628345,152.40364072974072,153.59620160696483,173.6083407039886,175.73157363156758,201.84384647751625,204.33098770240503,235.94247433851666,234.46021880147777,258.1771091121347,256.90704468111716,0.4985320303931644,1.4105365599038748,0.0074693853132998811,-1.403067174590575,1.9151664071709433,-0.17908989887018834,-2.0942563060411317,2.1833666918027461,-0.25074178866589136,-2.4341084804686375,-1.9322747948797883,-0.20768314827725476,1.7245916466025335,-1.4580519562708218,-0.1194288400126311,1.3386231162581907,33.515139735719004,35.358723196169194,-1.8435834604501906,35.438878711172947,-1.9237389754539436,34.798327347213217,33.727354338968098,76.10010562685784,210.52614657656582,172.0956014363698,175.25778170386343,187.01690354052263,190.01438412258267,207.26327001238016,210.52092093374605,233.95484128199911,232.00116057994614,253.82323717254005,249.53563173556114,0.2346207235813722,2.7919685293555006,-0.55187855757381499,-3.3438470869293155,2.9168816925561316,-0.56747771328156205,-3.4843594058376937,2.5166242806774335,-0.53949339861370049,-3.056117679291134,-2.802009498144173,-0.53463360128199611,2.2673758968621769,-5.425382597777002,-0.49451643461219419,4.9308661631648079,45.482311693542215,44.250788306989307,1.2315233865529081,44.197244102818331,1.2850675907238838,65.884014607427162,48.742174975648595,228.75412423163652,200.73901253596009,148.21154444066869,147.2694772419697,162.80292299031495,163.37362252689823,196.1340848340341,195.80187200269637,237.12511676467238,237.26324903971479,260.74493658887366,261.79267681096451,0.14284614293018194,-0.67569251719726253,-0.089576565980394207,0.58611595121686832,0.51653097344251364,0.061750529249053443,-0.4547804441934602,-0.11395869156163485,0.1372721296089594,0.25123082117059425,0.34536714368019261,0.13806324189781094,-0.20730390178238167,1.2763759210307626,0.028838864740293957,-1.2475370562904686,-0.2639113068117922,0.091774580651190263,1.3814319694516257,3.4676610465527631,1.0017152853851883,2.400350719113618,0.33325758887468737,2.6305829722390683,-0.86973470326438473,-3.1473766418243656,-3.9673306415061802,-6.7017585188077646,0.24962784856369141,0.34562492876662526,0.40896746507754761
4370,2004,100.82546120196764,32.975150836944039,6,10,25.918102063709259,2.0833282470703125,95.959467437493004,96.49189616734111,-0.53242872984810674,96.515046007909405,-0.55557857041640091,116.54046450823716,90.936803985012375,330.10547806695104,202.15379682232364,147.11987426887097,148.18117479919974,168.00758642776364,171.0255083793347,201.30001027870676,202.00059860532431,234.51153865493205,234.13974312702814,259.18745924127705,258.94898954020744,1.303746639673534,1.2117571259334454,-0.0072945582232364359,-1.2190516841566819,3.6244742844796747,0.48461799597251343,-3.1398562885071613,1.4704648663410751,0.74957235339854833,-0.72089251294252676,0.2309521767022602,0.6788556499255094,0.44790347322324919,0.083919460472543506,0.40093143635334627,0.31701197588080277,33.187063549364211,39.919398092311894,-6.7323345429476831,40.212108887295472,-7.0250453379312603,34.018978982737593,43.684803070781527,90.999247540603392,215.12766587622474,172.53295619900587,171.41480683811739,192.04513262944587,187.49454010836999,215.07333706428062,209.29592695515137,239.16114704249708,231.89024759984503,259.11484010065953,251.22295220862429,-2.8868803556522664,1.5938603260033233,1.9380318066549762,0.34417148065165293,-2.1797886826102513,1.9370289378117889,4.1168176204220401,-3.6032032820665165,1.9260640033992615,5.5292672854657781,-5.3897445926148464,1.807832647964176,7.1975772405790224,-6.7194255329502823,1.6903701134305891,8.4097956463808714,62.772404080912565,56.572498000522501,6.1999060803900647,56.302937380142794,6.4694667007697717,82.521485778373062,47.252000958934332,239.10623080283403,194.38550203108636,141.47814103786931,142.27533127750411,155.73064705227677,157.71851154772261,186.31786042826735,191.62196881740232,230.52054603083428,236.69101584122006,259.31788487982612,264.12466587570322,3.2630751947830561,0.96190194746992574,0.1561490279644886,-0.80575291950543715,1.8760129464952797,-0.18603049035601771,-2.0620434368512974,4.8429906840718502,-0.64218427490433783,-5.485174958976188,5.4964024440023707,-0.62429561527051192,-6.1206980592728826,4.6134045594866961,-0.28704922642674546,-4.9004537859134416,-4.1906269953258004,-6.1499555504353225,0.38210320006987786,0.63195837853339754,-5.804262967089926,-4.055801629105531,-5.0736681484075916,-8.4461939661383667,-5.6206967693171066,-10.886147036617217,-6.8033449934228258,-11.332830092436978,0.27566718393612111,0.29190701381092493,0.48038639094883273
4371,2004,101.07546234553811,32.975150836944039,6,10,25.918102063709259,-2.590911865234375,79.282611488741168,77.183201204961733,2.0994102837794344,77.091923476089505,2.1906880126516626,102.78396757026167,82.546233347425186,278.98905272223055,199.13836671257747,142.25262984124583,144.76399738987834,165.32722475748886,169.14066781640528,199.54900320098486,201.98911961021582,230.40076852505504,233.46961738940541,256.74744466693988,257.48749803981173,1.9004917174720219,2.5136649758898955,-0.14117311166577906,-2.6548380875556745,3.4415246396471559,-0.30403954268678035,-3.7455641823339363,1.5089896172445378,-0.92875506080150672,-2.4377446780460446,2.1477834050123761,-0.8271963114887626,-2.9749797165011387,0.21719594435035106,-0.47741018962221915,-0.69460613397257021,26.65535586718488,26.990773780748896,-0.33541791356401518,27.005357476080462,-0.35000160889558174,27.99671658326406,31.698868076116014,71.907768364530057,208.02046510587741,166.87521320768093,174.96365621949087,185.82310282646014,191.4042198334121,209.23290859336612,212.45724954213895,229.06192596603614,233.08763286057163,249.1972684890971,250.31934957443261,2.2469956954533075,6.4105572275960583,-2.3565102365345183,-8.7670674641305766,3.6513615540106343,-2.4061535975689594,-6.0575151515795937,0.86015769271196518,-2.3770059412915998,-3.237163634003565,1.9285039832988389,-2.2573485773925483,-4.1858525606913872,-1.4530935140269889,-2.101329328905706,-0.64823581487871706,52.627255599204545,50.192428299317726,2.4348272998868197,50.086565693519333,2.5406899056852126,74.787250935690281,50.847365535804784,207.08128453604877,194.91801679594911,138.35460674564217,139.83564748443251,155.25823941706841,156.63534338289651,190.09127886252583,190.94760395538512,231.764516373253,233.85572809789747,259.25864265571181,261.26187869841533,1.4105887281373839,1.584864313575423,0.039325819204862,-1.545538494370561,1.5100131690313106,0.10506178100442298,-1.4049513880268876,1.193112374078936,0.32712632560236443,-0.86598604847657157,2.6094225505211739,0.54191822793256961,-2.0675043225886043,2.1123878124006978,0.09287886696233727,-2.0195089454383606,0.34650397798128552,0.83640696731592357,3.8968922517061628,4.8256929140206353,0.2098369143634784,2.1413483849793238,-0.64883192453257266,-0.33295468136697082,-0.2192794217135372,-0.68091856722233501,-1.67028945837734,-3.5654813264276868,0.25774405003669976,0.27238408134153708,0.38401350116970268
4372,2004,101.32546348910857,32.975150836944039,6,10,25.918102063709259,-0.5454559326171875,84.464222564713054,86.896552736250669,-2.4323301715376147,87.002306885160579,-2.5380843204475241,106.64651307617351,95.482880993255094,299.40545604750514,202.35609977604955,146.47962111005944,147.61494453376318,169.23930901270063,171.43413513383715,202.05442806436571,202.97279008654289,233.98676405133799,234.54450304370607,258.78322399129678,258.41053877282553,0.65823820755687734,1.3678063769068274,-0.059205847489380403,-1.4270122243962078,2.116371647730432,-0.15634186078094103,-2.272713508511373,0.67655400082347228,-0.23994040632365454,-0.91649440714712682,0.29766362660180334,-0.22188752215518548,-0.51955114875698882,-0.67363823158530067,-0.16542248081776734,0.50821575076753334,34.987222216610462,38.816871339799036,-3.8296491231885739,38.98337690266635,-3.9961546860558883,35.994699573265876,45.226411195058972,92.776750755030662,212.1647127395598,170.98432056346874,171.56104531183308,188.01041172658097,188.20958815562344,212.11689733324579,210.7883914754334,234.69586853835079,233.80070976572395,257.89375952624488,252.94823642626733,-1.1503117320923764,0.61823915749005209,-0.52586306719967979,-1.1441022246897319,-0.18931907797943381,-0.50311868257179526,-0.31379960459236145,-1.5405117030327062,-0.49561633775499558,1.0448953652777107,-1.273937523158537,-0.47037312513990059,0.80356439801863644,-5.8519301468542437,-0.43483546854980659,5.4170946783044371,49.47700056416943,48.07968213541335,1.3973184287560798,48.018929826032036,1.4580707381373941,70.651813599426532,50.256469723690316,206.62870517745614,195.76708515824225,139.88858201216124,141.22734223433793,155.8112204580612,156.54941284557128,189.72032472456522,191.05633285181688,233.62014150036998,235.46526960085833,260.10902570821412,262.85653320631178,1.2409071912479703,1.1856046971160197,-0.11742018416447308,-1.3030248812804928,0.73816851525990046,-0.006257474653978079,-0.74442598991387854,1.4143103628522056,0.095813796210421742,-1.3184965666417838,2.0588716739727317,0.10439418699527891,-1.9544774869774528,2.8078788353643063,0.043864252545631643,-2.7640145828186746,-1.8085499396492537,-2.3912189233403467,-0.74956721941677529,-0.56736553962596759,-2.3056907257098658,-0.92748759323933427,-2.2170657038561785,-2.9548220658849118,-1.5716011497603404,-3.3328091971312688,-5.1782919152689431,-8.65980898221855,0.30986994018008224,0.33751407837925507,0.47365989300483891
4373,2004,101.57546463267903,32.975150836944039,6,10,25.918102063709259,-5.8333282470703125,95.033832415045254,99.425266794183699,-4.3914343791384454,99.616198839681601,-4.5823664246363478,126.97922351370471,115.0416595191582,338.65315006673336,196.92415154973466,138.47179160814864,140.10204975118626,163.87468131949271,166.2091675531056,197.03728474818365,200.5002432152132,229.85440105925522,231.83506509154481,254.81973291440138,255.66633701153802,0.70771171730098104,1.6873651961970779,0.011010034262682211,-1.6763551619343957,1.2923263498248616,-1.0545497945952889,-2.3468761444201505,1.0729351656368351,-2.2607670336424519,-3.333702199279287,-0.0029139524990284826,-2.1617561885135785,-2.1588422360145501,-0.56061464916277259,-1.3399306507155586,-0.77931600155278602,46.360949134586008,51.074444046278586,-4.7134949116925782,51.279379016143139,-4.918429881557131,48.562850889845038,64.90117701165218,129.37095272081206,206.81321934828728,163.94655629466456,170.41501753995649,180.00092641290613,187.92806641978561,206.40919186659946,212.08600595083794,230.79344721665711,235.01112385890704,253.72450737184047,254.78354675107909,0.30316694132861244,1.4278882162577986,-5.4292057833601746,-6.8570939996179732,2.8614065370561548,-5.3320439699617452,-8.1934505070179,0.60785793224002305,-5.2087809531763014,-5.8166388854163245,-0.12514806463104833,-4.5928202346212004,-4.467672169990152,-3.4180124205767015,-3.8341421336166945,-0.41612971303999302,48.672883280459246,48.350822400210745,0.32206088024850033,48.336820250704477,0.33606302975476865,78.416372624790711,50.140482575802707,209.28219745308161,188.19607975292683,131.00565762702149,131.5123722650782,146.56541302089437,146.46606008821894,181.87520213461269,179.07566173967155,227.90242282955489,225.32878835756287,256.33708041385535,256.65401268781557,0.223812732935329,0.59467658208782836,0.028860083688101668,-0.5658164983997267,-0.19689366790510121,-0.3844232535442984,-0.18752958563919719,-0.53686780337832829,2.0757850836919829,2.6126528870703112,0.22791385904733374,3.0653689422265415,2.8374550831792078,1.707960621201039,1.4520915114525792,-0.25586910974845978,-0.4045447759723686,0.079354208393283443,-0.25947697993927932,0.83321163416997024,1.5690801872312932,3.058300204961256,-0.46507723339681206,1.1447257356183513,-0.12223411213201985,-0.35306192367838207,-2.8573977714139289,-5.1259730417777405,0.38201609137643883,0.38244721889170874,0.5641536925225249
4374,2004,101.8254657762495,32.975150836944039,6,10,25.918102063709259,-0.142852783203125,105.38657815298939,105.44809316116152,-0.061515008172136731,105.45076750485168,-0.064189351862296462,128.54993220662254,105.53264074483013,349.83079948090017,204.74653324968529,149.13922145334502,149.79481465759923,172.79216065899769,173.73418246332517,204.52075966808539,205.53606494255419,236.04825078926731,237.89397994882219,259.70250402177618,262.56003369089007,1.2455138609659571,0.90151394430648679,-0.0069660276017202705,-0.90847997190820706,1.0709093308984734,-0.044078689824800676,-1.1149880207232741,0.95275040376245101,-0.066306516024297935,-1.0190569197867489,2.0612624333572285,-0.06038553288559001,-2.1216479662428185,2.7636511744581185,-0.042658209160435945,-2.8063093836185544,58.97935348125975,56.852424317872646,2.1269291633871035,56.759949674978998,2.2194038062807522,61.092172497147658,65.40307833132465,142.50691449045553,212.7816241407524,168.73278167877638,170.42052919759462,186.77454248022391,188.54402448901752,212.84996867036293,212.64216132953754,237.47299512058416,237.8479384955663,259.42185771412119,258.7043388906452,0.6378173795797295,2.0777145189895805,-0.13558223170721817,-2.2132967506967987,2.3141915950064629,-0.12784667898395696,-2.4420382739904198,-0.47643899963517811,-0.12827792335710342,0.34816107627807469,0.39017723949768879,-0.11922462970437664,-0.50940186920206543,-0.8930144640241906,-0.10529696895645202,0.78771749506773858,46.407224664279056,48.595667629908348,-2.1884429656292923,48.690817934180814,-2.2835932699017576,67.457759847842681,40.129562368801999,207.3238848503679,195.29931561234562,140.24592529571245,141.47601373499649,154.71769010927363,156.36654506206526,187.18820147093675,190.76019808605383,234.54303195971616,237.97051810769139,260.3688421282551,266.67955417149597,2.7216708758060122,1.1912288865839287,-0.023921254209739118,-1.2151501407936678,1.6839485993597805,0.01086156742150024,-1.6730870319382802,3.636390320206857,0.046499171289610786,-3.5898911489172463,3.3197660590157909,0.035003679750616357,-3.2847623792651746,6.252263497301044,0.015577793013846986,-6.236685704287197,-0.60769648138622756,-2.0838534962262827,1.1762005746830937,0.88648563240565181,1.2432822641079895,0.6302429956466824,-1.4291894033976291,-4.1128293198420351,-1.6710851938595397,-2.9295888195181021,-3.6566656384823091,-7.1452779613252346,0.4073595426758187,0.47524079903015581,0.61974264900149989
4375,2004,102.07546691981996,32.975150836944039,6,10,25.918102063709259,-2.4583282470703125,108.5562869310379,113.62178659439087,-5.0654996633529663,113.84202489256859,-5.2857379615306854,137.30660590793377,104.55586295301146,345.505810264498,196.13163067086708,134.18841261757422,137.32083365529576,159.69554572503759,164.9362857998797,195.23273279891896,200.51426990092074,231.73266233411326,233.9177753017633,258.7156590824834,260.07595172463732,2.6376787249062374,2.8961786502216,-0.27161732932796667,-3.1677959795495667,4.5689520076691679,-0.66194011375563377,-5.2308921214248016,3.9782633885761527,-1.1975957078635133,-5.175859096439666,1.2095270963963856,-1.0668068333239376,-2.2763339297203231,0.45680791705223101,-0.78106780423382816,-1.2378757212860592,45.376890406012535,52.740741916000843,-7.363851509988308,53.060909196734428,-7.6840187907218933,46.060399218928069,56.472600280163533,116.16592780977953,211.5770682999883,167.40253227514015,169.29952092699196,185.61645903692192,187.80578386709789,211.53913760806174,211.47130766908811,236.65351972710289,235.39934262988834,259.54046318529112,255.73000925026824,-1.8107251258098245,0.25000997233621547,-2.2053932414296185,-2.4554032137658339,0.48903105389265988,-2.2531673288536922,-2.7421983827463521,-2.1598417631442999,-2.2569670535743569,-0.097125290430057021,-3.0707276961236687,-2.1702699487700272,0.90045774735364148,-6.3704564903454468,-1.9955569291076358,4.374899561237811,63.179396450519562,60.881044179201126,2.2983522713184357,60.781116306781769,2.398280143737793,91.246206554429591,48.083262836760696,229.33988256379962,184.76528412434777,127.26304795649347,128.77604084273949,141.44131585187043,144.80797824728407,177.47093972420706,180.553419838384,224.64457129206724,231.22927356190877,257.56044294065663,264.3914367015621,4.5903452029623395,1.3479128711254589,-0.46516231284869036,-1.8130751839741492,2.8246581004698896,-0.48539234490817762,-3.3100504453780673,3.5745378125934053,0.28271743817268202,-3.2918203744207233,7.5188216904963383,0.98235017859241225,-6.5364715119039261,7.1342405287416568,0.4855735074007157,-6.6486670213409411,-4.4484038507160619,-6.401070328772164,-2.6461686778853846,-1.0979028987892434,-4.079920953776508,-2.3356270465772297,-6.1381051517204526,-5.7343795757377052,-4.2802547925200543,-10.589549386620007,-6.8272644073976778,-13.504697019087104,0.33621989662301205,0.33545654205313535,0.54011892480427359
4376,2004,102.32546806339042,32.975150836944039,6,10,25.918102063709259,-3,104.82751754585479,106.71243372979734,-1.8849161839425506,106.79438618753557,-1.9668686416807759,132.52066919866775,114.3829183512571,363.14050277881324,194.53592126036608,133.3685471262414,136.1379204898104,159.53534498274351,163.77906396055565,193.55137326279942,198.8927195951031,228.73461926087217,231.3409420859721,256.15988250777519,257.31225659035874,2.1654674938120024,2.4177641150956219,-0.45560422267669765,-2.8733683377723196,3.4514785993410158,-0.84920586355048044,-4.3006844628914962,3.7800252888757484,-1.4603695983022646,-5.2403948871780131,1.3003276836663531,-1.3023235533405284,-2.6026512370068815,0.020134437798560612,-1.0638686281804439,-1.0840030659790045,51.708746320620776,52.173089391013491,-0.46434307039271516,52.193278530168755,-0.48453220954797871,53.437065003492535,65.458396502717733,131.60275359870866,204.93283398212898,160.09283827643472,165.95550303875854,178.68312095062416,184.5024262449073,203.23090211325015,208.45162646771638,230.13952588531606,232.02694892342632,254.41568343113448,252.79190819258068,1.0257917518009094,3.4409842906952122,-2.6944445889041617,-6.1354288795993739,3.6564992508853607,-2.7586906652327627,-6.4151899161181234,2.5701413505143194,-2.7296632217196475,-5.2998045722339668,-0.62000258836110334,-2.5785178602021404,-1.958515271841037,-4.6776229125347868,-2.3372364181436751,2.3403864943911117,53.11877143385027,54.539342843701888,-1.4205714098516182,54.601106954529314,-1.4823355206790438,79.083604276200276,48.924521803835887,231.53774947486818,184.87914574980852,125.67777853881243,127.36720260562606,139.81437395398336,143.35111176499953,178.58342222507176,180.03534762285372,226.63566414127439,230.26182716440658,257.77152886154829,262.07541497097327,3.0086473662930189,1.2431172994377135,-0.71486085688771084,-1.9579781563254244,3.0794126306311398,-0.6909282000542305,-3.7703408306853703,1.8423044855326793,0.4207125249004946,-1.4215919606321847,4.2689275314976669,0.92114668659795029,-3.3477808448997166,4.244162794394299,-0.095437920625499828,-4.3396007150197988,-1.139675742011093,-1.9828556144921095,1.0232201755995902,2.1978669912574986,0.2050206515443449,0.57708662025422086,-1.209883938361429,0.72783686498164002,-1.9203302720274564,-4.8889301198587702,-4.6977573503333474,-8.9217857069290858,0.36240174971302258,0.40323570146919957,0.57227422980853093
4377,2004,102.57546920696089,32.975150836944039,6,10,25.918102063709259,-4.7916717529296875,126.69761478900909,130.16167724132538,-3.4640624523162842,130.31228831410408,-3.614673525094986,159.47943627157656,118.79265491033038,414.04086716845632,196.22253729261257,136.29538773641599,137.8789810768906,162.81553242776388,165.87111008374941,196.31072274622804,201.12275583781431,230.16774389280897,232.77503590675374,255.84344066362482,257.90632786757413,1.5214082484132803,1.1306649085379377,-0.46918092907503706,-1.5998458376129747,1.8773884636122489,-1.3132690230546871,-3.1906574866669359,2.3272156286389247,-2.3780794226903765,-4.7052950513293013,0.34202587954337105,-2.2632393725882309,-2.605265252131602,0.27589160051016393,-1.7669652727430503,-2.0428568732532142,73.209478422999382,73.786119863390923,-0.57664144039154053,73.811189845204353,-0.60171142220497131,75.696694103500704,71.10206013253628,161.28287101211026,205.10842593626199,159.91298917433906,166.89204531194108,179.40553777035339,186.48201512951314,203.27616939548093,210.52878515094488,230.31179423466091,233.702153670266,254.22061116222139,253.65031296575958,0.87809409140803041,2.8682934317884303,-4.3172440888561709,-7.1855375206446013,3.01724714766749,-4.463804323357806,-7.481051471025296,3.0543893310619694,-4.4269025606257912,-7.4812918916877607,-0.89253188465937683,-4.2647428613857414,-3.3722109767263646,-4.9565346735884077,-3.8311854590013752,1.1253492145870325,53.488136455416679,56.375557519495487,-2.8874210640788078,56.501097798347473,-3.0129613429307938,83.782742041415986,47.690594911904554,252.75799610838294,186.30084976335391,127.64325328074992,128.07783876328958,140.76629981308542,143.23940468414929,180.64430576305588,178.72042496719462,228.93012413567783,230.2437118870439,257.80492556082362,263.10052887331824,2.1210323049535589,-0.16649925271563859,-0.8774311611870047,-0.71093190847136611,1.9521692386300913,-0.78646886880184752,-2.7386381074319388,-0.40802941990580166,1.7129900678818046,2.1210194877876063,3.7764573179490242,2.4815520495022554,-1.2949052684467688,5.8429008452409903,0.70834440145483768,-5.1345564437861526,-0.64331415700524985,-1.2429382135455285,1.7376285232504927,3.0347926845040689,1.1398586840552412,1.0650779090373987,0.72717370242304469,3.4624187509677711,-1.2345577642027479,-4.668989202608401,-5.2324262740985716,-10.799435518829398,0.38953370017576272,0.47464861848769807,0.59853919576262571
4378,2004,102.82547035053135,32.975150836944039,6,10,25.918102063709259,-1.75,95.380773725459221,97.579210286181478,-2.1984365607222571,97.674793927515566,-2.2940202020563447,118.97242674464906,95.378542503800418,335.29489705711603,197.5108612097919,138.67088420209001,138.43178121363931,163.85373111439961,164.5859013475895,196.95401786854347,199.19224324770497,231.17699399552478,231.52214250027362,256.31332159136542,256.52587929522042,0.39308883328666866,-0.072232710561223712,0.087644286457646103,0.15987699701886982,0.46649429354172867,-0.17640765441973372,-0.64290194796146238,1.4159815799282285,-0.66341452526185662,-2.0793961051900851,-0.23335766776034461,-0.58977335567311684,-0.35641568791277223,-0.34338583908694886,-0.5593301546858811,-0.21594431559893223,41.352430510034537,42.167564320152451,-0.81513381011791353,42.203004226163102,-0.85057371612856514,41.613472344984984,47.872087529377495,100.65029393555596,208.30838029191605,167.46674310997037,170.72507156992239,185.0441748959893,187.66325303180145,206.35219883406228,209.26557624762668,230.195723814785,230.80784952021764,253.70273948155551,249.21551842526509,-0.28024099626512111,1.9177440349324399,-1.6619825885885575,-3.5797266235209975,1.5843821145933816,-1.6697012116518692,-3.2540833262452509,1.4179203456884579,-1.6555663221733425,-3.0734866678618005,-0.89357351157582343,-1.5780248304416489,-0.68445131886582544,-6.0500580441400018,-1.4805647072574857,4.5694933368825161,54.028343085970846,55.411645939951086,-1.3833028539802399,55.471789557307602,-1.4434464713367561,77.35895422550675,47.506454911092987,234.64460314810276,189.77275312721173,131.3820475703107,131.52346035637083,147.43358025186561,146.57224289482875,183.86425162972955,182.71971671714468,232.26652938071047,232.69574300461082,258.31760390801099,262.11066339626615,0.90318959741119897,0.34840739189215242,0.12064393926718253,-0.22776345262496989,-0.62940140069946438,0.033485095129606179,0.66288649582907055,-0.37397654491246612,0.35950791415748995,0.73348445906995607,0.35019979356721365,0.52073400502337108,0.17053421145615744,3.7907063845859739,-0.024286426445428333,-3.8149928110314022,-0.67332982955178977,-1.1834305936763201,1.9899767454936637,1.5693366430402875,1.117887821051653,2.213783515292846,0.0019387657602294439,1.7918968906009241,-0.66021584381547882,-1.2437733051430371,-5.7066722050530529,-9.8407644287259757,0.30018438938070274,0.34977409038062346,0.50191674429780686
4380,2004,103.32547263767228,32.975150836944039,6,10,25.918102063709259,-3.2173919677734375,79.911235389079593,79.78971711709346,0.12151827198613319,79.784434393726769,0.12680099535282352,106.65402358398933,116.52274968145502,303.97073712199926,194.72013247974132,133.1787170634079,135.26141295722078,159.99054258722532,160.99732391417854,197.07617929883341,197.23692111626349,227.31757254036836,230.27031361696973,252.80711714230085,255.72941142877738,0.51615514754371361,1.3755439850612561,-0.78150736980970237,-2.1570513548709584,0.21813443019527767,-0.70617533612397665,-0.92430976631925432,-1.2725331267917284,-1.387298107480035,-0.11476498068830665,1.6701705561254983,-1.3510772187188707,-3.0212477748443689,2.1546589907597991,-0.79000400416430239,-2.9446629949241014,24.181939667789266,26.120211319997907,-1.9382716522086412,26.204484426846648,-2.0225447590573822,24.314727402059361,54.22723312659673,84.652816231420729,209.03807122392669,172.81474006399827,170.10308434398669,189.54439608691712,187.10407202873182,209.47841888212974,208.82422255955302,227.3646481849847,229.33788276915294,244.43429630577577,246.211290986618,-3.4773906007271194,-5.2725326613803816,-2.9600563904533601,2.3124762709270215,-5.276082633131324,-3.0001087422627108,2.2759738908686131,-3.4463001001214195,-3.0145669728464952,0.4317331272749243,-1.0149600723564731,-2.9584132679475772,-1.9434531955911041,-1.2646948868311654,-2.6624200291819022,-1.3977251423507369,55.729295675655521,53.669505895897601,2.0597897797579208,53.579949647477406,2.1493460281781154,82.339296106492839,62.295516531575231,219.31792094931006,186.9449712529229,127.18119391378224,129.79390975316966,143.9916306060299,146.81651294107809,181.94082594385614,184.42441332363947,227.22971229430061,231.45465574651826,257.30426283950027,260.8409053667412,2.9068678465234541,1.8457785428228988,-0.92592171273508939,-2.7717002555579882,2.1122648459140407,-0.81066226641308958,-2.9229271123271303,2.547436715635115,-0.18134819674858704,-2.728784912383702,4.174854376698562,0.4491967980444258,-3.7256575786541362,3.2798819351780253,-0.27869467492979538,-3.5585766101078207,-3.993545748270833,-6.3842584472505735,-6.6480766464416376,-7.1183112042032803,-5.4942170633266016,-7.3883474790453647,-2.1737669733296912,-5.9937368157565345,-2.6851306284819714,-5.1898144490550351,-3.4193538775909644,-4.5445768220091907,0.27849001858835232,0.22797759132745402,0.46537893479891995
4382,2004,104.07547606838367,32.975150836944039,6,5,25.918102063709259,-7.1052627563476562,87.719490144918382,88.589277611743455,-0.86978746682507335,88.627094915187627,-0.90760477026924491,115.29973282386163,126.67137481958525,300.91021380852908,193.81472296487553,130.99716447743376,133.47608184184463,158.37929342452591,161.45257375923222,196.12330865666436,198.72291659835614,228.34125166316471,231.19245492984155,253.97759310368889,255.01060940344152,0.00075717627004223687,1.1429116862978503,-1.3184361267994973,-2.4613478130973476,0.95146764946406392,-2.2782783202869439,-3.2297459697510078,-0.72776657034842174,-3.3748466510681965,-2.6470800807197747,-0.42236747833979393,-3.3754574303123945,-2.9530899519726006,-1.0491343402144082,-1.9087802621979222,-0.85964592198351397,40.839539351974963,41.747080920336884,-0.90754156836192124,41.786540173830872,-0.94700082185590873,45.914094728459531,62.401427769520524,125.45279927179217,199.39377762453663,148.47600788963032,154.7825102840132,173.76824347942517,179.92215448249775,200.82207711028533,208.24762834442353,225.56346491019278,232.66212252896585,248.88968398181291,252.27068393795165,0.65196544797629485,1.5008996140549584,-4.9641461253389991,-6.4650457393939575,0.081222472971688831,-5.8370847709193185,-5.9183072438910074,1.1692794918219533,-6.0363721932752696,-7.205651685097223,1.384679631293352,-5.8821338721559755,-7.2668135034493275,-1.3245824713390846,-4.3151382709018833,-2.9905557995627987,46.879950964306772,46.842195974582864,0.037754989723907784,46.840554755473931,0.039396208832840784,69.38563834127126,64.269947143196987,175.45741477143019,189.29341376219426,122.91353616713191,125.79515440506961,146.83621529849296,145.92521328438386,188.6818946615829,185.56299304792157,231.60979713145338,228.81053407500255,256.99490612173486,257.32033864685917,-1.1403953369678845,1.8253110941948734,-1.1660681473858574,-2.9913792415807308,-1.8794914282192963,-1.0061200421104388,0.87337138610885745,-3.4354331570609133,-0.51652765494438313,2.9189055021165302,-2.1952375293672617,0.84033936629376171,3.0355768956610234,0.67765802753450544,0.39459500750666621,-0.28306302002783923,0.65120827170625262,1.7923607849441794,0.35798792775710808,-0.32441148013991494,-0.87024517649237509,1.9607139011909851,1.8970460621703751,4.6047126488828667,1.807047109633146,3.5799171606606137,-0.27544813112467637,-2.00224049887359,0.41691107019590407,0.3982151007981995,0.49262454014095336
4383,2004,104.82547949909505,32.975150836944039,5,4,25.918102063709259,3.9473648071289062,135.48060378506489,143.14634597087206,-7.6657421858071757,143.47963875339337,-7.9990349683284876,147.93983896218515,214.81918168072116,456.57871421426535,189.60944752513382,125.19553124940499,120.52789349412097,152.05170134007528,147.40970181459772,189.89736198787057,186.65361264729702,226.7034697892197,224.63423778204933,254.16613262974508,253.37240551575519,-1.0835193578079156,-3.4719386135322452,1.1754395027447657,4.6473781162770109,-2.7151777110444471,1.9232314250006368,4.6384091360450839,-1.0490115444927142,2.1117578698777777,3.1607694143704919,0.11377659452867306,2.1952055615413144,2.0814289670126414,0.75294554486509924,1.6297011357531801,0.87675559088808086,82.826123850107251,87.535476663471854,-4.7093528133646032,87.740230580366187,-4.9141067302589363,87.741356862316024,137.58614082327244,247.14715017471462,190.40713032277657,133.96385567048586,130.69189230222295,158.13495049066057,154.78045901855904,189.7322979045218,189.66045783305117,222.5640363452498,222.68550370559927,248.25861137880474,248.54227836764824,2.1326669379030818,0.49766118793442615,3.1012714885054606,2.6036103005710345,0.19171122934571372,3.1715426171984404,2.9798313878527267,3.2158558653661089,3.3112254706336159,0.09536960526750704,3.2688438736182945,3.3055591950787004,0.036715321460405903,2.7245701680839431,2.7361352530329555,0.011565084949012316,52.654480009463441,55.610870160686318,-2.9563901512228767,55.739409275713115,-3.0849292662496737,60.198482204177253,77.233040795883426,209.43156379833817,188.30159706404592,116.61160920332155,109.66768803073083,138.51857178871595,132.36531990925482,190.4342581060678,179.03352792219084,233.3399063423845,229.21780892890183,262.3492773693543,261.5532554112574,-6.4408445467033459,-6.5340035925957523,0.070116205328361048,6.6041197979241133,-7.0345814090710519,-0.94590419534316084,6.0886772137278911,-11.75951621858033,-0.18253829882050354,11.576977919759827,-4.341914452167714,0.099561861235969218,4.4414763134036832,-0.81919062430472422,-0.0018763764180107501,0.81731424788671347,3.2161862957109975,8.5735114846064278,3.9695998014666714,7.0316647805301784,2.9068889403901608,7.2262926384167656,4.2648674098588231,14.975372083946439,3.1550672790896215,7.6107583257860085,1.9716246232188439,3.5437607923886674,0.54130239207501096,0.59308809228015691,0.64047418739245687
4422,2004,95.075434899847011,32.725149693373581,6,10,25.989840072753907,0.565216064453125,77.687464734870446,88.418843639054103,-10.731378904183657,88.88542374352437,-11.197959008653925,98.596511133400782,109.43240688727383,291.25316908862442,210.27616012554321,154.90815736425637,159.08881634268846,181.90368824124423,180.86227736906625,211.10468104367746,208.3376148147054,240.3237397404547,237.20872225114488,260.15563846959623,259.44641517647085,-0.99721473497015722,4.9947919882937413,0.029916689123325568,-4.9648752991704157,-0.74095629118184547,0.26734786219182638,1.0083041533736719,-2.3148599375796834,0.29440215216590104,2.6092620897455845,-2.8635544421317434,0.267941582678759,3.1314960248105024,-0.60013714112540129,0.12828028073050746,0.72841742185590874,43.489439582230261,45.157990972145853,-1.6685513899155922,45.23053571366836,-1.7410961314380984,45.234246043266467,64.604230681716217,114.17946927761659,215.596224445356,177.48485097346327,176.2273151739023,191.5330477488522,190.74584032231974,216.72747122245943,211.96150763814518,239.38861593410226,233.57973978288896,256.18316214269868,251.00704028700522,-2.5070499641652475,-0.90285443164034973,0.54221353130765237,1.4450679629480021,-0.0032695592836375909,0.51944918663090789,0.52271874591454548,-4.2346254269624808,0.52115395623582117,4.755779383198302,-5.5484821072174668,0.52359228168538152,6.0720743889028483,-5.2348261637928033,0.44501028271844234,5.6798364465112456,34.198025137739023,43.260852355927454,-9.0628272181884313,43.654887985152527,-9.4568628474135039,53.362265127387218,44.828176145952966,177.07369972672313,204.32499262705855,144.94575874312915,149.63909178772238,167.74083762115754,168.55506590434518,202.30047947116773,201.88846680016462,242.28044010277756,242.83966031502632,266.61431998791949,266.14831776847319,1.3887266255268287,6.4979027356497738,0.020588716130617968,-6.4773140195191559,1.1188996091827335,-0.040158614225703104,-1.1590582234084366,-0.4826014745687246,-0.079659713952935363,0.40294176061578924,0.14054613600288235,-0.072102458517008472,-0.21264859451989082,-0.53695003485972848,0.08686512446706729,0.62381515932679577,-1.5098352291950903,-3.8957765896920762,-5.897646419934091,-7.4007571672901236,0.73768673189820788,-1.122169168466371,-1.9197654893827973,-3.7520239523937562,-2.6849276650857234,-5.6890282432203492,-4.634689022667402,-4.6978761289330748,0.39202824688535259,0.45878140639342369,0.59035739521168484
4426,2004,96.075439474128856,32.725149693373581,6,10,25.989840072753907,0,78.292411173897563,88.485908826029117,-10.193497652131555,88.929103942908114,-10.636692769010551,101.31934979112702,111.04381509765517,320.7377845197916,203.89275496554589,146.16382629437436,147.86844635719268,173.19858434912069,171.84890244522791,205.12073213984272,201.67305956318373,235.08371362472789,232.65143468135241,256.84434775043439,256.33220753523017,-1.6267912700927525,2.0764063595691198,0,-2.0764063595691198,-1.4045909409344972,0,1.4045909409344972,-3.4166158945561733,0,3.4166158945561733,-2.5602989739902569,0,2.5602989739902569,-0.55955536371016024,0,0.55955536371016024,33.816037530921676,37.955215597137794,-4.1391780662161182,38.135179863693338,-4.319142332771662,34.835728772433868,54.133204651358028,95.356357316559297,212.07513753232655,173.03489918485403,172.25580577973602,190.45988562112385,187.666754584442,212.93417522905111,209.1409881155746,233.26153807371401,231.04314284460517,252.24345430738524,249.25821897734934,-2.3465554904747989,-0.79602893277925091,0,0.79602893277925091,-2.4806783049020851,0,2.4806783049020851,-3.6861476620248368,0,3.6861476620248368,-2.4414668213925665,0,2.4414668213925665,-3.6005969238527769,0,3.6005969238527769,44.476373732382854,50.530692888648446,-6.054319156265592,50.793923855697358,-6.3175501233145042,66.483621239955028,56.910610416494819,225.38142738491297,197.99314481335014,140.74676405819662,141.52434639579837,154.53250971328913,157.3811335164653,194.37796233973594,190.59012137463412,236.62034955357768,234.84830031786188,260.34057288375391,261.28149479826988,-1.3598069174971101,0.98076738525506357,0,-0.98076738525506357,3.0673481036616579,0,-3.0673481036616579,-3.6759748112160366,0,3.6759748112160366,-2.0140516897602936,0,2.0140516897602936,0.9704316603176153,0,-0.9704316603176153,-0.71976422038204646,-0.98674857297768881,-2.8724352923483707,-1.7767963180343145,-1.0760873639675879,-5.548026408563743,-0.26953176746866347,-0.010172850808800149,0.11883215259769031,-0.42741513163227296,-3.0410415601426166,-4.5710285841703922,0.29730316139499052,0.34382108495809338,0.48749409954756784
4427,2004,96.325440617699314,32.725149693373581,6,10,25.989840072753907,0.2608642578125,77.386808173399913,87.414603723753316,-10.027795550353403,87.850595942225482,-10.463787768825568,99.551590419159766,115.09811309517681,326.42941716592759,204.63681641207438,146.67123801452985,148.26855005909178,174.4864872572052,172.22771861448336,205.62451472529526,201.96293538517799,236.62272913955007,233.35184135662016,257.53813487214347,256.98482577305856,-1.8014752362570334,2.0901155984692821,0.070651091047466252,-2.0194645074218158,-2.0994501131132211,0.11202047066734622,2.2114705837805673,-3.4591564621068471,0.12298361884265319,3.5821400809495003,-3.3229672595041393,0.11346739020140717,3.4364346497055465,-0.53985561021153217,0.0663650960814266,0.60622070629295877,35.26312428043093,37.961672962568628,-2.6985486821376981,38.079000378364071,-2.8158760979331419,36.464408783995168,63.495660214055079,108.30501490051392,213.47818959649803,174.9968775612476,172.36256262632492,190.61371291135583,187.52926282536285,214.09223286746032,209.04259259481421,236.89538266514123,231.39820836845132,254.24117461448625,249.72945888941837,-3.390152490443711,-2.2756547005685377,0.25719513193408261,2.5328498325026203,-2.5437268200898586,0.23947152788997528,2.7831983479798339,-4.6521024672570093,0.23561252604093852,4.8877149932979478,-5.5488430625370881,0.21110325639608618,5.7599463189331743,-5.1358010819125752,0.19226982367777623,5.3280709055903515,42.12368422079453,49.452931783534041,-7.3292475627395106,49.771595081517262,-7.6479108607227317,63.087181879171112,51.602452865572559,218.1244023507461,196.93093886716241,140.21491150536201,141.73667851675242,153.18911426027793,157.22925871051388,192.18163227953355,190.70771008254749,236.39819753298599,236.04225376286857,261.30949421543744,262.31722895150187,0.20750091324666187,1.886234122133402,0.070203714009238638,-1.8160304081241634,4.3317600124269404,0.050900235761815793,-4.2808597766651246,-1.3062609206826892,-0.0087744869029791062,1.2974864337797101,-0.73683251627912227,-0.036623038114640849,0.70020947816448142,1.1038033334086776,-0.0071352028965065983,-1.1109385363051842,-1.5886772541866776,-3.5976534036903729,-4.3657702990378198,-4.1618888227019397,-0.44427670697663757,-6.875486832516799,-1.1929460051501621,-3.3458415465743201,-2.2258758030329489,-4.8120105462579659,-4.5959454717010431,-6.2396044153212529,0.33178693219753941,0.36628655183169434,0.5516655182830783
4428,2004,96.575441761269786,32.725149693373581,6,10,25.989840072753907,0.1666717529296875,82.304534262380912,89.665114726451066,-7.3605804640701535,89.985137798383221,-7.6806035360023088,105.1458028459474,115.32126070169033,332.98797654826194,204.91628375220117,148.49505900910043,150.71106821546027,175.61743823770749,174.03975854017793,205.56464645216781,202.81889389377793,236.46885562510425,233.79602232417398,257.21241079294276,256.99795363018529,-1.0447651313851338,2.8195961266901293,0.03022301596601551,-2.7893731107241138,-1.4748661080810734,0.070191799715502157,1.5450579077965756,-2.6592103920289105,0.071582909131166161,2.7307933011600767,-2.7447485275353358,0.068197236872833855,2.8129457644081697,-0.23707055361444418,0.044031631229813684,0.28110218484425786,40.242308923361634,40.494718471389206,-0.25240954802757187,40.50569276706301,-0.26338384370137646,42.121219139389041,62.305628552515827,113.63531132508069,212.16745230279187,172.22852995772087,172.09140856975225,187.9219262215193,187.33797448869345,212.75425578212833,208.70029104137814,235.89653224825196,231.25358164950228,253.76919780298061,249.51644487317299,-2.481332729505084,0.12168014873569177,0.15756019980958058,0.035880051073888808,-0.20674479286887504,0.15366273957897647,0.36040753244785151,-3.7864565107437045,0.15871694796314273,3.9451734587068472,-4.7710628813260314,0.13749339699708685,4.9085562783231182,-5.0761553771095862,0.1230775599659637,5.1992329370755499,42.062225249612311,49.170394424701044,-7.108169175088733,49.479445423717152,-7.4172201741048411,63.024583663096564,53.015632156004358,219.35266533214599,198.39081607528141,141.63937261151511,144.26967181386732,154.94561405782056,160.2853232940532,193.89972610223987,193.64800636516927,236.9272387999136,237.19085863022926,260.84651978444276,262.2658282952583,0.85229201827391421,3.3059436715999482,0.041488881557256718,-3.2644547900426915,5.5801450994743504,0.0099254689513372796,-5.5702196305230132,-0.13303243419656496,-0.017076240836360057,0.11595619336020491,-0.21379254970617012,-0.023628563286564486,0.19016398641960564,1.5417649908728777,-0.0039627475829320247,-1.5457277384558097,-1.4365675981199502,-3.3336247477789982,-2.6979159779544375,-3.1842635228642564,1.2681213152121984,-5.7868898923432255,-1.127246118714794,-3.6534240765471395,-2.0263143537906956,-4.5572703316198613,-4.839084823495142,-6.6179203679824639,0.34125950282955891,0.40059819792428836,0.54027876710163791
4430,2004,97.325445191981174,32.725149693373581,6,10,25.989840072753907,-0.72222900390625,76.469450910870364,85.361437739005851,-8.8919868281354866,85.748047607779881,-9.278596696909517,95.534847241338866,97.579083573416938,252.8463685400784,203.81786944087327,148.17155282341486,154.32154660317414,173.92784905395416,176.82276291005346,204.07361890692795,204.23785569207033,236.01767173074154,233.92693657444138,255.95647001092496,255.5987626851437,0.91534459017233871,6.8457766696976421,-0.27689168790149665,-7.1226683575991387,2.5241171770535118,-0.4400543499214109,-2.9641715269749227,-0.21139466661665551,-0.37716867702772561,-0.16577401041107009,-2.2966937386576944,-0.3031560891320737,1.9935376495256207,-0.42961797744345631,-0.12313951124252753,0.30647846620092878,40.983540613020523,43.023602131748703,-2.0400615187281801,43.11229996576003,-2.1287593527395074,43.926218979065197,50.806400085708447,102.65891901776195,207.97259810108829,166.30185473384049,168.83362545729909,183.67217976903456,184.86373131136816,207.76220906398763,207.72150113148786,232.9370670667318,231.24067412588713,252.29835921979139,250.01683207432939,-0.1246713938114965,1.8903632961695109,-0.62729338774860821,-2.5176566839181191,0.87654759153053874,-0.64273977169341379,-1.5192873632239525,-0.39199864553427233,-0.63031871790099103,-0.2383200723667187,-2.1246293157800267,-0.54930076463014643,1.5753285511498802,-2.9943851328794437,-0.45487172234908257,2.5395134105303612,35.485910238245197,42.3378373838068,-6.8519271455616035,42.635747484730018,-7.1498372464848217,51.608628281313941,46.77268359201662,150.18744963780046,199.81722833046734,142.73328335168307,146.6986596706337,160.31073765081985,166.39529071006476,198.6208005665932,198.63912687371626,238.69950812023259,237.60568066896207,260.2943888351395,260.3641188944959,2.1382437781838064,6.0398237994464239,-0.33970243655366517,-6.3795262360000891,5.9884269642450931,-0.13766543454124758,-6.1260923987863407,0.33865205611616034,-0.047018915877629297,-0.38567097199378964,-1.2746971819168493,0.063175031380893643,1.337872213297743,0.11984101322980223,-0.00066315794487081803,-0.12050417117467305,-1.0400159839838352,-2.2629151719953029,-4.9554133735281312,-4.149460503276913,-1.6475695855229731,-5.1118793727145544,-0.18060397891761681,-0.73065070165043267,0.17206442287766777,-0.84993213386317734,-2.5647671554359874,-3.114226146109246,0.4060130252631633,0.45979263323778979,0.52066896126855433
4432,2004,98.32544976626302,32.725149693373581,6,10,25.989840072753907,-6.0454559326171875,86.720096631188426,96.305683509526716,-9.5855868783382903,96.722447961812577,-10.002351330624151,122.35646899028325,125.39561459587094,369.29195665568113,208.51446396342416,152.94221649449028,156.29725867632175,178.90718900055481,179.72924039922756,209.37645156587459,208.6945209732252,239.28528960200552,237.89253979665682,260.53274724855834,259.52810300540909,-1.8665713930132597,3.4189341456782358,-0.13358518347629911,-3.5525193291545349,-1.4863978810352307,-2.2627133396424313,-0.77631545860720053,-3.4314862093991678,-2.7709402941660812,0.66054591523308659,-3.8587268039885316,-2.3732328852861713,1.4854939187023604,-2.6853209174199719,-1.579407872657896,1.105913044762076,48.896991633087964,56.816210358278113,-7.9192187251901487,57.160524917133444,-8.2635332840454794,54.349477394822543,73.599531877576737,142.25567806325853,214.81155079378004,175.0433167007036,177.45257197969585,191.62243405197418,193.5525606052274,215.56779243383198,215.93391978005104,238.79877735715542,238.4199017857064,256.48328561221962,256.39159498116669,-3.6718611297650625,-2.7046204515160071,-5.4591572314448911,-2.754536779928884,-3.4384380751233721,-5.5432887928148205,-2.1048507176914484,-4.8722625342137178,-5.3927370728678738,-0.52047453865415605,-5.6571196038869118,-5.0003788052923426,0.65674079859456924,-5.1941207252513948,-4.4541602207645781,0.73996050448681672,37.823104938495817,39.489472343876514,-1.6663674053806972,39.561922334842166,-1.7388173963463487,68.006991418678808,51.796082774173556,227.03627815842628,201.78921076776092,146.7625127894745,148.89374483809067,161.82671660922267,162.73399761998198,196.95606747713637,194.15348537035661,239.9988834437419,236.89468365799345,264.83141922989893,263.43807041921633,0.029135279767928068,1.4722375917443458,-1.3909913896236219,-2.8632289813679677,1.4990160237937573,0.50409435094317701,-0.99492167285058031,-0.82018461023687905,1.7160374642977843,2.5362220745346633,-0.95771739452072779,2.5327733620474362,3.490490756568164,-0.79809972983844091,0.63161945504475625,1.4297191848831972,-1.8052897367518028,-3.7009964095329906,-6.1235545971942429,-4.1768580432603528,-1.9520401940881413,-4.9374540989171294,-1.44077632481455,-4.0520779239768387,-1.7983927998983802,-4.699402209366184,-2.5087998078314229,-4.3960209954129539,0.38521195899182359,0.44418965211507228,0.58693864306798682
4433,2004,98.575450909833478,32.725149693373581,6,10,25.989840072753907,-0.23809814453125,96.536647468004958,103.29889827217266,-6.7622508041677065,103.5929097053704,-7.0562622373654449,124.6284296461381,140.40273219749724,382.17786445654929,204.21435674398953,149.33601059653668,150.55357786496594,174.03266482281305,173.39603429014846,204.95466848659959,202.44761101295646,235.51218052323989,231.87277730520418,256.81050810732955,254.61082560743182,-1.5459855580155306,1.4875955038507698,-0.036766358875155447,-1.5243618627259252,-0.70638882305522088,-0.086415369955233245,0.61997345309998764,-2.5875461468259005,-0.11271257647155153,2.4748335703543489,-3.7358385353923609,-0.083801320900448673,3.6520372144919122,-2.2817664042311776,-0.0563533074329996,2.225413096798178,54.075463076513188,57.382369811422905,-3.3069067349097168,57.526149358958719,-3.4506862824455311,57.432365884842966,87.23745727199821,159.33334220084362,211.14059779658763,168.30620885564517,169.04235280753056,186.78769471011873,185.53543479087384,211.96167793516599,208.0338595846309,235.99342941869733,230.72872199946133,254.48728019210262,249.91290588165796,-2.8047420273138925,0.74356539706093372,-0.22035958040990522,-0.96392497747083894,-1.4055627150191299,-0.22069178674951218,1.1848709282696177,-4.022930211521242,-0.21402783501528688,3.8089023765059551,-5.5418298423458623,-0.19966934046328788,5.3421605018825744,-5.2595697958634844,-0.16924622480098606,5.0903235710624983,42.461184302084803,45.916528895012561,-3.4553445929277586,46.066760244232682,-3.6055759421478797,67.196063328718083,53.165274985103679,222.84452212043107,195.88927451993254,142.59602124987862,142.60540468821944,153.55383752802379,156.65962982234419,190.05725497490124,189.90974445475229,234.97301429512771,234.14383981002504,260.64140883303838,260.00325670296849,0.30944503925988442,0.054145575803289603,-0.038285236947814383,-0.092430812751103986,3.3231216333787472,0.053624260645875665,-3.2694973727328716,0.096068111071275553,0.074299023035251821,-0.021769088036023732,-1.3130001444749837,0.1218806186912218,1.4348807631662055,-0.5840566978496895,0.017879199823994441,0.60193589767368394,-1.2587564692983619,-3.114187066573777,-0.74403010678983605,0.68941982125764412,-0.699173891963909,-4.7286843483978771,-1.4353840646953415,-4.1189983225925175,-1.8059913069535014,-4.2288296978708786,-2.9778033916323068,-4.6755130980137949,0.4169088715470558,0.46082876955051677,0.62133731948524906
4435,2004,99.075453196974408,32.725149693373581,6,10,25.989840072753907,-2.5,99.456679741866537,106.02524127588185,-6.5685615340153163,106.3108304283669,-6.8541506865003612,130.84269596172089,126.82172982525117,358.38667837437242,205.76411973864793,150.00213380129355,152.04095749890726,175.59267071456475,175.95661338797211,205.78249216935816,205.86643423966552,237.77270498190575,235.61480909947966,259.93109006847845,258.69566068506197,-0.90017653301831047,1.8795987786115234,-0.40077905226928578,-2.2803778308808091,-0.58933449913081404,-0.97630543402146941,-0.38697093489065537,-1.1235723148153056,-1.3012379436046899,-0.1776656287893843,-3.4775572219196249,-1.2127962515929767,2.2647609703266482,-2.2014556771758294,-0.82872666196828959,1.3727290152075398,52.953385615912339,60.804120601598697,-7.8507349856863584,61.145456317699427,-8.1920707017870882,55.912821538006028,75.881948475426725,143.84150933544151,214.42806899003403,172.49826604553388,173.34552214555444,189.5645310175353,190.11191807210594,214.94281388462517,212.72123411953697,239.55752849516634,235.84177226103532,258.25258372213085,255.03724768565539,-3.2851120712798263,-1.3254567879033061,-2.376757004001206,-1.0513002160978999,-1.6081259414113731,-2.3581685483703154,-0.75004260695894232,-4.4178640107253955,-2.2957079048479443,2.1221561058774512,-6.0196449113983022,-2.16736039728832,3.8522845141099822,-5.6445062291606689,-1.9107545311305216,3.7337516980301473,46.503293976942587,45.221120244633312,1.2821737323092748,45.165373276202445,1.3379207007401419,74.929874286810445,50.939781469033733,214.54516906198114,196.69232894521915,143.32595569176718,143.75952750468883,155.40964787300783,157.20077354795259,189.62761963015424,190.48325736925966,234.61627455129104,235.16004609889782,262.45375096589083,263.05936707049767,0.97608933799770625,-0.037716524159833398,-0.45368186088967377,-0.41596533672984037,2.0081443513164174,0.15615836564242613,-1.8519859856739913,1.6088980196556406,0.65467334948451139,-0.95422467017112922,1.1014835680174713,0.72470095843127069,-0.37678260958620058,0.75900500502444856,0.2365976800866747,-0.52240732493777386,-2.3849355382615158,-4.2612014092775325,-3.2050555665148295,-1.2877402637434727,-1.0187914422805591,-3.6162702927277905,-3.2942916959100899,-6.0267620303810361,-2.5420876894786772,-7.1211284794157734,-3.4430505519848396,-6.4035112341851175,0.40135841540734946,0.42732856524420582,0.59833554218181029
4437,2004,99.575455484115338,32.725149693373581,6,10,25.989840072753907,-0.5,89.083162426948547,92.997670829296112,-3.9145084023475647,93.167867720127106,-4.0847052931785583,117.75412184000015,109.29692459630314,345.62135178595781,203.69667014583527,148.96626172161277,150.65405533759807,172.09383557005245,173.30319076194533,203.22653984068603,202.73980295514122,235.72443682692892,233.23589616103172,258.34591498184545,256.49894182466164,-0.41879578798949524,1.9923415761911656,-0.050299126544075534,-2.0426407027352411,1.0127717733192299,-0.14745534179010633,-1.1602271151093362,-0.76354198256856876,-0.19982147516080317,0.56372050740776558,-2.8632759033456239,-0.16637517712180738,2.6969007262238165,-1.9504126505175918,-0.10463777517429662,1.8457748753432952,39.4795101583004,44.443579837679863,-4.9640696793794632,44.659409075975418,-5.1798989176750183,41.950002996250987,56.348457430733106,106.0516527199652,212.82749252416932,172.61295748058203,172.40672673230407,189.80309905951435,188.2318466525065,213.21517483500142,209.66887088961818,236.91078191046486,231.47353676548909,254.44954559151444,249.22412944499627,-3.2104703520899136,-0.48131578834141919,-0.43735943122362642,0.043956357117792777,-1.7754183817759213,-0.47596727713056453,1.2994511046453567,-3.9633825136033352,-0.47115578048666862,3.4922267331166665,-6.2488741706902431,-0.45525336144382322,5.7936208092464199,-6.1210754573384349,-0.42242180240492644,5.6986536549335085,49.603652238845825,48.554091215133667,1.0495610237121582,48.508458077907562,1.0951941609382629,75.804118633270264,52.948467131704092,239.5696986913681,196.72558080725474,143.83532079457936,144.56381538555533,156.46250625732904,158.91711571979269,189.84469199088278,191.05918403693263,234.47909297880801,235.86958216072509,261.56238731314284,262.16457475368594,1.2886580590729295,0.69750164319103192,-0.083001923095679331,-0.78050356628671125,2.5398450640306294,0.059427540392164246,-2.4804175236384651,1.5220461605582614,0.15304212650389104,-1.3690040340543703,1.2228408555623389,0.23879120073169702,-0.98404965483064188,0.70033841252887896,0.028174880630444932,-0.67216353189843403,-2.7916745641004184,-4.4991284111628431,-2.4736573645325848,-1.1788174315324511,-2.7881901550951511,-4.3152634458065506,-3.1998405310347664,-5.4854286741615965,-3.3855982673446192,-7.471715026252582,-4.1706628068208431,-6.8214138698673139,0.30684346372686677,0.3562508245210394,0.51555391552745511
4439,2004,100.07545777125625,32.725149693373581,6,10,25.989840072753907,0.25,92.763134072112734,97.340391086574527,-4.577257014461793,97.539404140476108,-4.7762700683633739,117.27446771650284,102.26645715053746,336.50432917848229,205.20066685341357,150.44995023791077,153.68278801806116,174.19660159082463,176.23996463090003,203.99627429328532,205.10201044900413,237.26105497072029,235.01473786521379,260.44537889931939,258.5056012009502,0.68583081291791359,3.3946270528527975,0.034663423845586294,-3.3599636290072112,2.1429917689186766,0.11028870939358626,-2.0327030595250903,1.3074487240904489,0.13220943068208157,-1.1752392934083673,-2.3092124328102841,0.12163299587777487,2.430845428688059,-1.9841141303398331,0.1028922062614015,2.0870063366012346,45.913208923439925,51.036335259568659,-5.1231263361287347,51.259079678149646,-5.345870754709722,48.021952942125608,54.061165294961938,112.19668441065369,212.81983315831249,172.11906340387318,172.20306077500271,187.67471563462036,188.29916127323804,212.3424235432085,210.01227035348234,237.54135233177718,232.32782851782193,258.22934748476877,251.38111945254155,-1.7981007252917891,0.59959205673689553,0.22674251993211669,-0.37284953680477884,1.2119507177324067,0.2320866209631447,-0.97986409676926201,-1.9587321565145714,0.23012520772533662,2.1888573642399081,-5.052690669062315,0.22221456942381224,5.2749052384861272,-7.2497583307993807,0.19924210751250371,7.4490004383118844,46.849925178475132,46.304057501895841,0.54586767657929158,46.280324304374517,0.56960087410061533,69.252514976448765,48.205291885377846,224.30764531716704,198.57881441536387,144.47035375836424,145.63223599557773,158.46945309623726,161.4703281664153,192.67626154197885,195.47546803151442,236.93509812785427,239.29792826485397,262.58589711345411,264.73458305504187,2.3954445634854551,1.5233554667505871,0.060743295173210754,-1.4626121715773763,3.0654707557707468,-0.0058773007265244814,-3.0713480564972713,2.9039049115357329,-0.040345733344338441,-2.9442506448800714,2.2813663621217586,-0.040126767185142853,-2.3214931293069014,2.1621877455958725,0.028111502334809302,-2.1340762432610632,-2.4839315382097027,-4.1935452887772442,-2.795034996115902,-0.92376341001369155,-0.9310410511862699,-1.8535200380383401,-3.2661808806050203,-4.8626370680503044,-2.7434782362520309,-7.3340570311840736,-5.2656442004595476,-9.4119460763952532,0.33341824957961963,0.40948344407081855,0.52863046986543449
4440,2004,100.32545891482673,32.725149693373581,6,10,25.989840072753907,0.100006103515625,86.13831356575065,90.095488631110129,-3.957175065359479,90.267540004419061,-4.129226438668411,109.25262628625023,93.405513133506247,307.13536772876978,202.82462522072154,147.10737532084701,149.84759918847874,168.42303350797238,173.07222720633871,201.80047111602912,203.47304554400301,236.39102144253764,235.2884203394413,259.99016353234219,259.03671740741237,1.4240821106115789,2.995107408444369,0.0070749032847743365,-2.9880325051595946,4.7733812882595146,0.033380459838696197,-4.7400008284208184,1.6823101542181007,0.044546165070244115,-1.6377639891478566,-1.1447074477667059,0.040650252114858176,1.185357699881564,-1.0010279608442829,0.032123001802574436,1.0331509626468574,32.366878814180382,40.106866266686666,-7.7399874525062842,40.44338744462766,-8.0765086304472788,33.525530437256975,41.326660555670969,86.518239342491142,213.31338566509564,172.00501986698396,171.2401162368065,188.32433784571808,187.14122525450389,213.05505637364652,210.02214142946258,238.16826318542974,233.4720962114055,258.3753429544841,252.56657181612806,-2.4533738097956928,-0.12518617652560238,0.09231469300181061,0.21750086952741299,-0.5051275627031373,0.091718405900280686,0.59684596860341799,-3.1198257554055147,0.090548055747376566,3.2103738111528912,-4.9224945624313534,0.079600340871053277,5.0020949033024067,-6.3563178904989286,0.07645173788122861,6.4327696283801572,53.771434352964206,49.988622021696756,3.7828123312674506,49.824152962122753,3.9472813908414537,75.727095396929144,52.078852339416699,220.617127597332,196.68166620792874,141.94717235528921,143.59107351734886,155.7533933620814,159.91640059398861,190.22025416849743,194.46927147917856,234.9932089054098,237.35479957929644,261.5706025146626,263.56708562841931,2.7200875684867754,1.7342366383616934,0.019445229595845603,-1.7147914087658478,4.1394427616081941,0.0017137641760314182,-4.1377289974321627,4.2700494877855704,-0.015284928394123654,-4.285334416179694,2.3669936814135042,-0.014176313245968686,-2.3811699946594729,2.0568056769466807,-0.0049905021365930224,-2.0617961790832737,-3.8774559204072716,-5.1734613782824681,-3.1202935849699713,-1.8594228148872958,-5.2785088509626519,-4.6445703243113314,-4.8021359096236154,-7.389875243191085,-3.7777871146646476,-7.2894882438448576,-5.3552899296546457,-8.4131235674456093,0.28169415975204493,0.30686246708081433,0.44244348293019919
4441,2004,100.57546005839718,32.725149693373581,6,10,25.989840072753907,-0.75,82.569471915388931,84.853458236197184,-2.2839863208082534,84.952762231581801,-2.3832903161928698,106.28275637807928,82.961012589608799,288.96515429578722,201.90987431237681,146.92330329872271,148.51154900405817,167.60541566742211,172.17055093656242,201.07742722591922,203.39538561996056,234.10139216618126,235.20842028326601,258.58422175393042,259.33057922545328,1.7384253138774284,1.7966592287977221,-0.1372654440804979,-1.93392467287822,4.3188305928242698,-0.22733925429483293,-4.5461698471191028,1.9647661070875131,-0.29839790807483269,-2.2631640151623458,0.67799994132295183,-0.24856892628579885,-0.92656886760875068,0.44137340091162969,-0.20957590911228863,-0.65094931002391831,32.728654716031087,35.671702041284334,-2.9430473252532465,35.799661797187582,-3.0710070811564947,34.374820924114829,38.504152454568612,82.172465096227825,211.77530854914227,169.21697840428641,173.4821232564463,187.47697982153139,189.5975283003151,212.66738569060874,211.66211537535852,234.90926456462162,233.78991603225154,255.84437802888201,252.20916514547534,-0.58710317561627789,3.7491951948334474,-0.70013139693671178,-4.4493265917701592,1.5428062645577256,-0.70357851777637848,-2.2463847823341041,-1.7293831314420913,-0.69497767314362591,1.0344054582984654,-2.2866575626440238,-0.65099357069900066,1.6356639919450231,-4.873276852695767,-0.60431900571293795,4.2689578469828291,49.840817333468294,49.18175518660064,0.65906214686765452,49.153100240679123,0.68771709278917115,71.907935516246653,44.45686015739193,206.79268909804523,195.73117814083133,141.59344822281236,143.22153875908623,155.28185931227736,158.86304634790363,188.86832487957491,192.67733159402721,233.6095841710808,236.87496110397993,260.85347084999023,263.90017695902793,2.9371564216611148,1.4936096057840302,-0.16048773074649603,-1.6540973365305263,3.5665701611622467,-0.019242370366981731,-3.5858125315292284,4.011137173717799,0.13201377461058428,-3.8791233991072147,3.5388900929855822,0.11595311939251474,-3.4229369735930675,3.1784447839740437,0.05506064649603104,-3.1233841374780127,-2.3255284894937063,-3.5242595972773927,1.9525359660357253,2.2555855890494172,-2.7760243282665442,-2.0237638966045211,-3.6941492385296044,-5.7405203051598903,-2.9646575039669756,-5.825547655629606,-5.3146502536073967,-8.0517216366698108,0.28436807647788348,0.32342801500022633,0.4641234629697783
4442,2004,100.82546120196764,32.725149693373581,6,10,25.989840072753907,-2.5,101.90631746798317,102.36487882929396,-0.45856136131078529,102.38481779711219,-0.47850032912901952,126.48644494562905,109.65349140918443,356.94352111406624,200.16863040952089,142.41850227863426,143.12523211088728,165.32610763070497,168.58511367699998,200.40561366129509,201.85169227795217,233.09855150745426,234.5035053397969,258.3445372937046,258.8650918997165,0.59948864883682518,0.34638572376914567,-0.35647604453339454,-0.70286176830254021,2.6508844762698232,-0.64111187119371493,-3.2919963474635381,0.33626587821765952,-1.1352096967565615,-1.471475574974221,0.39477893505451789,-0.97567563220400189,-1.3704545672585198,-0.22096762204188281,-0.6362882693461529,-0.4153206473042701,41.146435252577248,42.506018973130267,-1.3595837205530188,42.56513136214744,-1.4186961095701918,43.269636619091216,50.979277311799706,106.43832089728676,208.97695439090407,165.82024736943472,171.99219419005587,185.79224489324099,189.15815735667371,209.72688741520409,211.87530657704292,231.68509925500737,234.8409980463147,254.20330157611642,253.64193622629836,0.93736817057177291,4.1735170652216027,-2.3329007757910745,-6.5064178410126772,1.1271954031069527,-2.3447750717978693,-3.4719704749048219,-0.1195011604557692,-2.3122899905137899,-2.1927888300580207,0.84873885365001911,-2.1954615612746693,-3.0442004149246884,-2.8588236874323059,-2.0336446669833776,0.82517902044892821,60.759881818041322,59.858860171571905,0.90102164646941674,59.819686313271632,0.94019550476969016,83.216807985052583,58.674213999285712,250.5051997397095,194.31783764353489,136.89290851096146,136.15354192700906,152.71111581290899,152.63946580304324,188.40487247141866,187.96832497989922,233.96304222924999,234.07047558095431,261.84034794379693,262.93311572184575,0.043403425504948245,-0.89531481154028825,-0.18316075444724333,0.71215405709304491,-0.11906598771648191,-0.065539390747488824,0.05352659696899309,-0.08579788872131644,0.35190299435907946,0.4377008830803959,0.55241477430530495,0.59063960346458089,0.038224829159275941,1.3226028865080934,0.16144532606170969,-1.1611575604463837,0.33787952173494773,0.89396474506682466,3.827131341452457,5.068831876761891,-1.5236890731628705,1.2462613908234346,-0.45576703867342871,-0.033703271734452755,0.45395991859550122,0.29632407934471416,-2.6378560653904231,-4.1814265739403993,0.29819373262492394,0.34208911980798362,0.46491248620223824
4443,2004,101.07546234553811,32.725149693373581,6,10,25.989840072753907,-10.041671752929688,74.835348807513583,79.025700238582431,-4.1903514310688479,79.207889043374962,-4.3725402358613792,109.51964149420292,97.642205582552378,315.2814551666379,200.72658712998484,141.72465382181957,142.89809923743709,165.67839755569682,168.61034596408868,201.37450720581671,204.77770194732051,233.84759107192625,237.13770401790293,258.84658800509982,260.61111536965723,0.19738805909395296,0.83490851727933091,-0.35575437826759071,-1.1906628955469216,2.1194094816850111,-0.80938758803299038,-2.9287970697180015,-0.31327877062585685,-3.655486341546748,-3.3422075709208912,-0.13258415623323572,-3.3958891417841812,-3.2633049855509455,-0.50877803309106184,-2.1678508770436338,-1.6590728439525719,27.659481229599805,32.353921324306611,-4.6944400947068061,32.558027754867908,-4.8985465252681024,29.865225042458405,43.728452093816486,83.510638758365531,213.40966698047538,172.71804893870953,182.51761331450183,191.93070688033282,199.01211912599922,214.35361405845029,220.75894635459497,235.93738402235709,242.58631059745318,257.24734445280967,260.08071802787157,-1.471969999907941,0.50285152501629682,-9.3011613992979392,-9.804012924314236,-1.9411655584297876,-9.3178772755317709,-7.3767117171019834,-2.6599886776875792,-9.1084380216796035,-6.4484493439920243,-2.1595227546394824,-8.5631838006888472,-6.4036610460493648,-5.1981706481095387,-7.7202412892865198,-2.5220706411769811,47.175867674771325,46.671778901857579,0.50408877291374665,46.64986135556228,0.52600631920904561,79.654416576541735,53.913753272669055,231.77081627398729,193.73843643325051,137.50355447564493,136.83550275615028,152.72800620010341,153.49069909958993,187.50079085462912,186.18948545092258,232.67185948761502,230.47656207777516,260.44999020098697,261.09041406724202,0.41245009133396593,-0.77259839214312365,-0.12446151652565618,0.64813687561746747,0.45587050650320293,-0.40504976767567769,-0.86092027417888062,0.39142025146773562,1.5936399509548096,1.202219699487074,0.68728435784615272,2.9461760850681458,2.2588917272219931,2.2039065332061796,1.517472887349129,-0.68643364585705058,-1.6693580590018939,-1.8844200912419069,-0.33205699226303409,1.2754499171594205,-4.0605750401147986,-2.3970360649329905,-2.3467099070617223,-3.0514089291553148,-2.0269385984062467,-2.8468071124856351,-4.6893926150184768,-7.4020771813157182,0.26487646954758909,0.2726928670967137,0.44784375601640747
4445,2004,101.57546463267903,32.725149693373581,6,10,25.989840072753907,-0.7083282470703125,81.381814645801569,83.23064237755716,-1.8488277317555912,83.311026016623146,-1.9292113708215766,103.35914946636876,113.13908085020921,292.5862573813647,198.78258523806261,139.77275108612915,141.01181923316167,164.63028996039333,166.53564653577661,199.39115156487674,199.5241996612549,231.65327561839868,231.47949692943723,257.3914936912422,256.10313454702634,0.16135187959542918,1.230160742543319,-0.08146798112562692,-1.3116287236689459,1.7077066879425047,-0.15264703908124488,-1.8603537270237496,-0.24151009846832494,-0.30593421211600003,-0.064424113647675085,-0.38591290365792474,-0.23662557717449317,0.14928732648343157,-1.5802632863146755,-0.1674094152986072,1.4128538710160683,34.679507333547008,35.222740041961515,-0.54323270841450721,35.246358210732978,-0.5668508771859706,35.846899102236989,57.947120938688386,112.46020681969821,207.4150715914659,164.35673977735044,166.42265865181975,183.08269973404438,183.51052346936976,206.72773962701964,206.9872964602562,230.71380645693682,229.8755502506302,253.72477335206224,249.36519797713456,-0.7644491555804791,2.0234454512736306,-0.67096802277370671,-2.6944134740473373,0.014717372509494453,-0.67953198640614687,-0.69424935891564132,-0.25721254050549192,-0.65481213638759073,-0.39759959588209881,-1.1517420697549312,-0.6146955889520882,0.53704648080284301,-5.4166207012541747,-0.53714569243314259,4.8794750088210321,46.702307289902819,48.00790252682782,-1.3055952369250008,48.064667699098209,-1.3623604091953894,67.512250350782779,55.191960082884179,180.12605084292591,192.18398860827122,133.66232965155436,133.79956627587191,149.12957641274124,150.2119890213142,185.89723318597109,187.72212721603893,233.18657263544316,233.49542671569833,259.69765781785031,261.28700503784199,0.90981735032295319,0.19416971709799213,-0.0034642498534083188,-0.19763396695140045,1.4235465060189938,0.081053330986293304,-1.3424931750327005,2.1576336190202596,0.24795735100735783,-1.9096762680129018,0.33717150634382165,0.13638464001749639,-0.20078686632632525,1.7647224603563245,0.1221623032312209,-1.6425601571251036,-0.92580103517590828,-1.6742665059034323,0.79328470873031165,1.8292757341756385,-1.6929893154330102,-1.4088291335094993,-0.015702442037166975,-2.4148461595257515,-0.76582916609700646,-1.4889135760987529,-3.8363574149394992,-7.1813431616104992,0.38436599116517833,0.34681882820544047,0.51217599173717554
4446,2004,101.8254657762495,32.725149693373581,6,10,25.989840072753907,0.4499969482421875,131.59516844919563,131.42377338141341,0.17139506778221403,131.41632263839711,0.17884581079852069,152.31841240414633,115.85361577675212,346.05291224643588,196.62146948726195,135.12657288275079,135.13590526852022,160.71607430879197,161.52004224853064,194.96562538489889,197.56281339902313,232.04248041509041,233.16679775589895,259.9198833439865,261.35093119543575,1.418235523687116,0.17721987447529841,0.073501117462427601,-0.10371875701287081,0.97202786800559693,0.17911435387495089,-0.79291351413064604,2.6803431059862248,0.23978330298052697,-2.4405598030056979,1.5262284617699606,0.21823082055846044,-1.3079976412115002,1.5582193766533692,0.17060215098263143,-1.3876172256707378,64.139851848342005,62.941582123976332,1.198269724365673,62.889483885075606,1.2503679632663989,65.911488119289743,62.845506234652021,150.48314569075592,205.56872340989659,158.75352659015957,157.93842767841463,177.0504373172933,177.97224310026985,203.97779079479665,205.09154650495455,231.38563673569925,230.98047068150609,258.83706250473421,253.64825803333568,-0.085740879010984372,-0.0043308168712883344,0.35728288312358814,0.36161369999487647,1.1855029494982432,0.39835052562344231,-0.78715242387480089,1.6401309524818828,0.40314983671993332,-1.2369811157619495,0.22224957908289866,0.38649597873083508,0.16424639964793641,-5.2156999808701983,0.32743560742198952,5.5431355882921878,67.455316511446654,68.482193011303025,-1.0268764998563711,68.526838638582376,-1.0715221271357223,86.406924221014378,53.008109494416203,195.56976633891463,188.35821771258568,127.31768257141294,126.37661289601262,142.61719388410987,144.07194966033481,181.10377812761828,184.22357005938312,232.96373019602544,236.54869097884549,261.16398717927154,268.11200451066532,3.0354556284451064,-0.63340255064132123,0.13900808592237013,0.77241063656369136,1.9751209108682133,0.11763049466941311,-1.8574904161988002,3.496093089457645,-0.023427883279481421,-3.5195209727371264,3.4313481265941732,-0.013274364952991391,-3.4446224915471646,7.0017556412722683,0.0036146873163716009,-6.9981409539558967,-1.5039764026981004,-3.1211965074560908,-0.18155069134658675,0.62907173377003289,0.21347508149264627,-0.78961796136997009,-1.040212153504342,-1.8559621369757622,-1.303978882687062,-3.2090985475112745,-6.7739193575235674,-12.217455622142467,0.43485588580624868,0.43272173783171297,0.54245614876409387
4447,2004,102.07546691981996,32.725149693373581,6,10,25.989840072753907,-5.7916717529296875,116.52783788491433,117.87392215855652,-1.346084273642191,117.93244796344152,-1.4046100785271847,152.25193207204575,113.00769626704096,367.81690357625484,197.5933170424282,137.73755308202874,140.62553737000934,163.00311363077392,167.89233308858454,195.65723428788684,203.2644367890787,232.26803337473245,236.59555339480511,259.37238441864764,262.59245861625374,3.0019993579778941,2.401268815862494,-0.48848405887653712,-2.8897528747390311,3.3302769846254137,-1.5560358570471635,-4.8863128416725772,4.8361948859547965,-2.7015459095954384,-7.5377407955502349,2.0203843275216968,-2.4160124439263768,-4.4363967714480737,1.7138591808312071,-1.4467625554133292,-3.1606217362445364,61.944838096131207,60.347520728166273,1.5973173679649335,60.278072594201149,1.6667655019300582,64.819949480556943,62.901741311814476,149.76228587934747,208.10419741690114,163.94561241443014,171.10409639935366,180.11469539385627,189.90786149152038,205.67027681030186,214.30633612656939,232.50797163023483,238.67559920825957,259.2841548780288,259.67723165170855,1.8098497155041855,2.7002522942210589,-4.9365502356379238,-7.6368025298589828,5.0556229207270746,-4.9617429974190657,-10.01736591814614,3.484506645298211,-5.0573861341484303,-8.5418927794466413,1.3438335780933244,-4.729145349218328,-6.0729789273116523,-4.0566690307944953,-4.0135911480220159,0.04307788277247937,54.582999907992416,57.526401177070511,-2.9434012690780946,57.654375711967077,-3.0713758039746608,87.431982786290973,50.10595483601719,218.05461783707142,187.83261058897324,129.61005368124833,132.09099435977492,144.63227689616042,147.9756093987308,180.03937413160267,183.27782953991732,232.09251081959653,232.85038284771795,259.55224017783712,265.67585031087657,4.125285826870595,1.8624895138401882,-0.52071909716948994,-2.3832086110096782,2.5929390770736802,-1.011404809849779,-3.6043438869234592,4.2903539314773127,0.69824694527375186,-3.5921069862035608,2.3589504398347856,1.7191787926178392,-0.63977164721694635,6.5481170096638266,0.57927865239241783,-5.9688383572714088,-1.1921496424737086,-2.3154361113664095,0.29898347835856498,0.83776278038087071,1.725345936101661,2.4626838436533944,-1.3516882406565855,-0.80584728617910173,-0.67655074942837246,-1.0151168617414612,-5.7705282116257024,-10.604786040458322,0.40716531628432662,0.42574139190485993,0.55661466775834068
4448,2004,102.32546806339042,32.725149693373581,6,10,25.989840072753907,-3.13043212890625,131.34320984442456,139.29428550917874,-7.9510756647541712,139.63998494734187,-8.2967751029173087,164.00362169281289,113.01095013463055,373.67702354118228,195.56488969758931,129.98445509031242,134.42376948202482,158.34191297320302,162.77963360472992,193.96987470535171,199.59357352688167,232.78845527110619,234.20942547107836,260.26552560149935,261.73978377809652,2.1903351269639302,4.0169891580953276,-0.385426788662528,-4.4024159467578556,3.7372161445561289,-0.73449633073607856,-4.4717124752922075,3.9439606262060352,-1.5503345307026279,-5.4942951569086631,0.031370963847933808,-1.5025538988949734,-1.5339248627429072,0.34246489777302713,-1.0378683586112629,-1.3803332563842901,66.637485204917539,74.150247486772059,-7.5127622818545206,74.476888194540152,-7.8394029896226129,67.993949825374784,64.661997467075707,146.17476138519123,208.75788365742196,162.6010077858123,165.56303792208737,180.52757730228049,184.90250841573771,206.69966930029034,209.91784796392514,235.05051046119266,235.15844101281294,259.77507774329609,256.84436482746787,-1.1149510360039301,0.23691300937085202,-2.8804760727720122,-3.1173890821428643,1.9306148093386639,-2.9471465620812012,-4.8777613714198651,0.5197072727883949,-2.912497035739591,-3.4322043085279859,-2.5136878776609706,-2.777274362445354,-0.2635864847843834,-6.1281359691065802,-2.5723506449342608,3.5557853241723194,64.705724483044833,65.144039899630116,-0.43831541658528295,65.163096293134004,-0.45737181008917105,96.009671483692728,48.348952697357163,227.50226190313697,183.44140836856303,122.21053509420435,125.33031095167938,137.56264493825776,140.85107061117256,174.47438286946814,177.64798458475971,228.15079436474448,232.11723822276417,260.858215719138,267.18750617356301,4.367562803807516,2.713233229772797,-0.67614097555272679,-3.3893742053255238,2.7240429911391288,-0.56246465453753558,-3.2865076456766644,4.2190017179409551,0.83416305069039254,-3.3848386672505626,5.0668247632799535,1.2008231733369996,-3.8660015899429538,6.4963670508372502,0.2798372930016626,-6.2165297578355876,-3.3052861629678603,-5.4825138398114461,-3.7800761487244756,-2.476320220401945,-1.806601335217465,-0.79342818180046493,-3.4242533534176403,-3.6992944451525602,-2.5450588415089044,-7.580512640940924,-6.4706008668796073,-12.62450301994383,0.39117942013119672,0.41458809947947922,0.57217462015887421
4449,2004,102.57546920696089,32.725149693373581,6,10,25.989840072753907,3.9166717529296875,123.08652710914612,127.14294511079788,-4.0564180016517639,127.31931063532829,-4.2327835261821747,142.65769897761311,119.45924913883391,362.93059679493308,194.60670461498975,133.96332709317625,135.35835399041451,159.46505670802861,160.75440620364643,193.42980333788122,194.73445112295255,229.98186949722322,228.61037817631669,256.47775493764527,255.74727887655118,1.6037298775576403,1.3399443309595824,-0.072035444613760546,-1.411979775573343,2.2343261878237968,0.89630512166687026,-1.3380210661569265,2.7086233816119432,1.6700841576748644,-1.0385392239370788,0.065725742175118285,1.5288786447892164,1.4631529026140981,0.067129076623302808,0.89174529721904605,0.82461622059574324,56.194733787328005,60.373951852321625,-4.1792180649936199,60.555656388401985,-4.3609226010739803,57.074259473845188,59.839433580638797,128.18551210686564,202.24714776921843,156.52283837320073,156.00648590216377,174.33057107600678,175.22631184448147,200.8307928207843,199.87370645779609,227.90926798913165,224.43314897571824,252.94900192761546,245.2481614395989,1.4103684972855319,3.160869939683721,3.6184853322840809,0.45761539260035988,4.7013340796592047,3.6831938456874695,-1.0181402339717351,2.8332729633907547,3.6701975080564466,0.83692454466569188,-0.11684617192346991,3.5224267583056417,3.6392729302291116,-5.0243131488786617,3.2375709082443791,8.2618840571230407,66.891793474555016,66.768993854522705,0.12279962003231049,66.763654425740242,0.12813904881477356,85.583439486383213,59.619815394282341,234.74508411809802,188.45482852620682,125.68801467973351,126.37933131880486,143.66230994259391,143.34965199430397,183.94255249305527,184.3429140901959,232.37400147755415,235.50072446418602,259.44826477421964,264.23392208701023,0.84818400014955841,1.0333064034469714,0.1742323045756109,-0.85907409887136055,-0.38336923160062497,-0.43822204541862675,-0.054852813818001778,-1.3732758755290035,-1.793035340427366,-0.41975946489836247,1.0181033011268994,-1.7528001228163532,-2.7709034239432526,4.3080785845009473,-0.36607894348503578,-4.6741575279859831,-0.19336138027210836,0.56218449713597352,1.8209256087241386,2.1275635362367495,2.4670078918354079,5.0847033112598297,0.12464958177881158,4.2065488389197583,-0.18257191409858819,-1.1349494730503693,-5.0914422255019645,-9.3323917333796089,0.3531956612059754,0.40007836859054974,0.50091921732317457
4450,2004,102.82547035053135,32.725149693373581,6,10,25.989840072753907,0.5416717529296875,113.01929919815484,113.18338299287279,-0.16408379471795342,113.19051854201462,-0.17121934385977511,131.0389855021549,102.51728964526956,307.39900891110301,198.75947184399075,140.37023492874775,140.16843098373053,166.31271984713575,166.51638139861134,199.3044886815635,200.39871165727814,231.09255334601571,231.98087575066324,257.23124088294782,257.73587698601,1.0197631654206418,-0.12294159231225876,0.11411016287050302,0.23705175518276178,0.40918480761459364,0.18706970915815191,-0.22211509845644173,1.2056802737156147,0.28064766708391176,-0.92503260663170295,1.2197546582465577,0.28141367586050592,-0.93834098238605179,0.62049921489403914,0.16736685651858352,-0.45313235837545562,57.407822279521497,54.83200156508974,2.5758207144317566,54.720009746626602,2.6878125328948954,58.483112429361654,57.9658116847977,130.06907071114983,207.18174582301944,162.19539882266366,166.54469436829979,181.14925315634369,185.36920603872488,205.9766484832177,208.51160204092074,230.50738930225441,231.19293819777573,256.72295849971772,251.25526865900378,1.7559227629459713,4.9490098430507317,0.52785427909856253,-4.4211555639521691,4.8348674008908006,0.52916662158557415,-4.3057007793052264,2.6452989955580506,0.52854131754799027,-2.1167576780100603,0.98656111656995904,0.49683326645833858,-0.48972785011162046,-5.5367934249268274,0.4384042711143934,5.9751976960412208,55.611477097447278,58.351382582622136,-2.7399054851748588,58.470509283401043,-2.8590321859537653,72.555873273377074,44.551478143011082,177.32993849739432,190.38455148355627,131.10329542153397,131.49612172769881,147.59507593295754,146.26552264549031,186.56460913746648,183.80516885516278,231.81764220525983,233.37328864469438,257.45251002718527,263.94824518513775,0.67419101543578108,0.51010755529446783,0.068354780256129288,-0.44175277503833854,-0.910901055870454,0.041035818380720457,0.95193687425117446,-2.7509762932552349,-0.13035111062274041,2.6206251826324944,1.1441971569710461,-0.17706001526218529,-1.3212571722332314,6.3179081764033072,-0.035810950549148401,-6.3537191269524556,0.73615959752532945,1.0817317475101902,5.0719514353629904,4.4389022877562638,4.4256825932762069,5.7457684567612546,1.4396187218424359,5.3962752888132854,-0.23319354167659867,-0.15763604040108703,-6.1572926398208665,-11.854701601330135,0.42312781414583095,0.446303153258157,0.56542473845505536
4451,2004,103.07547149410182,32.725149693373581,6,10,25.989840072753907,1.3333282470703125,90.865138147330072,90.267344030158711,0.59779411717136099,90.241352628770983,0.62378551855908881,106.48779828741499,89.176270486326757,258.98294794745743,197.73326063632803,139.79286359700106,139.11727562853727,163.86439124084205,163.59083851136768,199.43812660775245,197.48805539067962,229.29434066644905,229.78281040882081,254.74322606935766,255.4574350232279,-0.020010811871088663,-0.42173761240900376,0.31510269178821204,0.7368403041972158,0.12320769804370002,0.37948873604139521,0.25628103799769519,-1.3586882833321852,0.60942952814573914,1.9681178114779243,0.99648909829537047,0.49770922959069708,-0.49877986870467339,1.0495392090606686,0.30585551013194845,-0.7436836989287201,29.314347641591667,32.079683156655847,-2.7653355150641801,32.199915571951351,-2.8855679303596844,30.245335425532176,37.890170535390098,82.430233399616554,206.41211511951639,161.23075436841702,164.89226375892795,185.81320490664092,182.42935058724024,207.64154142524353,204.71452900962066,226.83606095762624,225.22578917913933,246.93797568021941,242.7025098408709,-1.1464587370797403,5.1861496959291458,1.1918278585237374,-3.9943218374054084,-1.9389797775259296,1.212435415785194,3.1514151933111236,-1.5020609569245096,1.2395445412230401,2.7416054981475497,-0.25608971706114403,1.1950929825194123,1.4511826995805563,-3.6703845020115295,1.0107433720604604,4.6811278740719899,61.550790544853953,58.187659860755957,3.363130684097996,58.041437731274527,3.5093528135794259,76.242462820206129,51.286099824276789,176.55271448753774,193.09635321052167,135.19238321572053,133.85219569260965,150.91500305057306,151.07301081177525,189.43900731230468,188.94242097887212,232.58667646095358,234.3411135162479,257.98353997616709,261.262759221083,0.43335799890601834,-0.92536085039984073,0.24407778331109853,1.1694386337109393,0.36906993662043419,-0.049974429458615077,-0.41904436607904927,-0.69461710846135816,-0.034533207747074357,0.6600839007142838,1.4504661809590118,-0.05332435843405392,-1.5037905393930657,3.4719964314650156,0.1502326508204419,-3.3217637806445737,-1.1264479252086517,-1.5798167359857587,5.6078873083381495,6.1115105463289865,-2.0621874755696297,-2.3080497141463638,-0.14337267359232442,-0.80744384846315143,-1.2525788153565145,-1.7065558980201558,-4.7199237110721981,-7.1423809334765451,0.31828440464095742,0.28402630077766056,0.42489072853971543
4453,2004,104.32547721195414,32.725149693373581,6,5,25.989840072753907,0.111114501953125,127.33897916566639,129.21776438891902,-1.8787852232526348,129.29945109688197,-1.9604719312155794,145.69706848382884,173.72847070360513,398.1980491373688,190.58715202071787,123.51382265182532,123.57147981894433,153.54856523154729,152.1697618568974,191.98001367736074,191.28703087939397,227.28458463327306,228.37106312803448,254.78207689009002,255.64605952930333,-0.12266588748082086,0.11385450867118152,0.04554728321585344,-0.06830722545532808,-1.3092173532548657,0.054743681426629109,1.3639610346814948,-0.58174621119863446,0.059196323907229953,0.64094253510586441,1.1668133426020688,0.055963394667230659,-1.1108499479348382,0.87122729411825617,0.030590955672920472,-0.8406363384453357,65.381818803154601,62.835271990410547,2.5465468127440545,62.724552223851788,2.6572665793028136,71.3089591733833,96.869035365636591,207.14472231268883,193.27629920719883,135.05383069182022,136.38668656348347,163.91923698311479,162.05762059801432,193.84698613766153,195.58632000931661,224.54303291560046,226.63986762227654,251.02769431540901,251.51927061268867,1.2024337503988534,2.0100872189792085,0.082429221750516035,-1.9276579972286925,-1.6666154851766919,0.089973190500501232,1.7565886756771931,1.9577092272626544,0.081584140983636644,-1.8761250862790178,2.2315827443891862,0.078018119856551493,-2.1535646245326348,0.19126745541180412,0.071984081247052245,-0.11928337416475188,61.957160273104819,66.382493064092159,-4.4253327909873406,66.574898843228766,-4.6177385701239473,74.388109131631609,76.859435226209825,191.05332669056952,187.59698530476064,117.12876488969964,115.86361642320045,143.22899535154835,141.05363363335076,187.09263990104378,185.20051396169339,232.07904863510362,230.67987862200047,260.11095313112554,260.16047445326251,-1.0979044918793761,-1.1795181168226776,0.027545891572458459,1.2070640083951361,-2.1656794314289698,0.033912263126438802,2.1995916945554086,-1.6494705195789834,0.022197557489590736,1.6716680770685741,-1.6393428553504918,0.026255112610328979,1.6655979679608208,0.061306344974070726,0.012483265514333652,-0.048823079459737073,1.3250996378796742,2.3003382422782295,1.896232710308027,3.1896053358018861,-0.35739813192182623,0.4990639462522779,2.5394554384612888,3.6071797468416378,1.0647694017871174,3.8709255997396781,-0.67995983870645205,0.1299611104377334,0.52020526660397792,0.48943304018020101,0.55758871860964587
4454,2004,104.5754783555246,32.725149693373581,5,10,25.989840072753907,-2.2631607055664062,138.98372879398812,142.91310093263928,-3.9293721386511606,143.08394302577108,-4.1002142317829566,163.68518328371829,147.3703772007475,399.82935013528913,190.3607525129915,124.71532013652919,125.46588809666981,152.06772995128702,153.29246143791713,191.76264930658289,191.83172466611751,227.99874463045626,228.11443636550288,254.28863497128441,254.5243955092613,-0.39899046120510206,0.056182163219745007,-0.67193518728402069,-0.72811735050376569,0.44668627754799672,-0.96077998958014632,-1.407466267128143,-0.97589897713768892,-1.1382351993872248,-0.16233622224953592,-1.0298334951588402,-1.1590717317814949,-0.12923823662265477,-0.71642709588388698,-0.75619453265522907,-0.039767436771342091,78.192777687861962,75.419504273531857,2.7732734143301059,75.298925474227872,2.8938522136340907,84.796747957663911,71.700111300168828,190.09910001605749,192.23175592873056,135.68372801207789,138.26970920313963,159.65554566179421,163.42129860937987,192.04346298949866,196.51429385363724,224.49483682825363,227.06771798616046,249.82938412545639,250.64765797870101,1.4071582558975706,1.6739638540843487,-1.6068399810908431,-3.2808038351751918,2.0930003840743154,-1.7697587171242333,-3.8627591011985487,2.6624476157280412,-1.8025010120193485,-4.4649486277473898,0.46064385171951017,-1.7069423080254751,-2.1675861597449853,-0.65483453173712292,-1.2927686959160383,-0.63793416417891535,60.790951150829642,67.493595515640664,-6.7026443648110217,67.78501681275975,-6.994065661930108,78.888435542513434,75.670265587654285,209.73025003727525,188.46628666910507,117.48924883783044,117.60337578134229,142.52113762309375,141.42551293631379,191.61650550353073,185.01243393594933,232.49279991214178,229.93815618096602,259.3094538298925,258.45027535646284,-2.2925326888598079,-0.15897192019257034,-0.32475144032819969,-0.16577952013562935,-1.2492277459548689,-0.21006697396666141,1.0391607719882074,-6.6128779873151302,-0.44803779199608584,6.1648401953190444,-3.1273083163261219,-0.28995832659501275,2.8373499897311092,-0.88785498836949728,0.065651619986510923,0.9535066083560082,1.8061487171026727,3.6996909447573785,1.6177816908646037,1.832935774276919,1.6463141065263187,3.3422281300291843,3.6383465928657301,9.2753256030431714,1.4904773468783503,3.5879521680456321,0.061592564146764062,0.23302045663237436,0.47545058898686199,0.51804779306557192,0.48653001140452495
4501,2004,95.325436043417469,32.475148549803123,6,10,26.061081134658814,-2,86.450568292901153,96.443526153219864,-9.992957860318711,96.878003505597007,-10.427435212695855,109.31808701591217,119.37912384010269,357.22935304790735,211.8934856642463,161.00252113794892,160.20469184162451,183.44943710592685,181.48360343168977,213.56895759135239,209.44579915806153,240.82968513343161,238.17504003425739,261.17242018595044,259.36267718606865,-2.6688018141979342,-0.48622742173708389,0.0083212779933887759,0.49454869973047266,-2.7455073135522241,-0.71943306059534962,2.0260742529568745,-4.8723743790358185,-0.82690179926612473,4.0454725797696938,-3.4771363286951669,-0.79183502096518055,2.6853013077299863,-2.1869538364853724,-0.36932882986627646,1.817625006619096,43.186062801381922,48.67458548603463,-5.4885226846527075,48.913215307533392,-5.7271525061514694,45.654546722522355,64.793001017949791,114.41785738384351,216.69353424939965,179.61053999306145,180.02559824424719,195.23990462558419,194.68023120863762,218.09960007246536,215.56426730981963,238.49132054066914,236.49894143664383,254.16456928992793,252.52523198996903,-2.6091254333597078,-1.3388199823995137,-1.9174410999564202,-0.57862111755690648,-2.0536130754329065,-1.8923942659284023,0.16121880950450418,-4.2685627809510152,-1.8346506220740935,2.4339121588769217,-3.9445036057783796,-1.7692538250363157,2.1752497807420639,-3.6353144916436122,-1.5877689887140889,2.0475455029295233,43.264505282902974,47.768943189403217,-4.5044379065002431,47.964787680444715,-4.7002823975417414,63.66353997674014,54.586122702943612,242.81149529665709,207.41014445432788,150.05906864487721,152.08110235190458,170.20459011828578,168.29950656033316,205.50614227607133,199.27730321717593,244.44340305549994,240.77832746907472,268.03705551415425,265.24127934933227,-2.2088712900735743,2.9667278220112507,0.051960066493307977,-2.9147677555179428,-1.6034423343049866,0.26785470676804835,1.871297041073035,-5.2661943900624806,0.73678477264908793,6.0029791627115685,-3.1029009981801607,0.73606765432214161,3.8389686525023023,-2.7549935194577415,0.32635181783399503,3.0813453372917365,0.059676380838226351,-0.40025414328613351,-0.85259256066242983,-4.3055478044107645,0.69189423811931761,-0.45017074112791988,0.60381159808480334,0.99763160911146542,-0.46736727708321268,-0.84160260759821881,-1.4483606551582398,-0.88032097218587069,0.32029242952075987,0.41763031140379314,0.54274984548164407
4503,2004,95.825438330558399,32.475148549803123,6,10,26.061081134658814,-2.7142791748046875,75.835594316784409,87.029418939979223,-11.193824623194814,87.516106847371702,-11.680512530587293,105.76318866965448,115.86312023752544,354.9891662420705,207.57077398580847,150.46024193594147,153.44013271787875,178.47887659667333,176.42547806215885,208.73100699383565,205.93695886992086,238.46668050003242,236.13146661569397,259.63023831125781,258.58813350096392,-2.0669351003647023,3.2219450652036414,-0.059412107040685669,-3.2813571722443271,-2.9902431336762731,-0.84510867857071048,2.1451344551055627,-3.8646350933331632,-1.0544614586654006,2.8101736346677626,-3.3223462251650631,-0.94295454238451271,2.3793916827805504,-1.5232853543568012,-0.48578502925437306,1.0375003251024282,35.922380753268044,41.25987958015503,-5.3374988268869856,41.491944693847472,-5.5695639405794282,37.379269791633419,55.953582547198494,102.1119144258555,214.31200922424657,177.7711462581083,176.49351303129058,192.18172486252553,191.55731780784703,215.59455970811197,213.33327646452872,235.27877363973786,235.20919370261265,253.44200577554497,252.72148240771773,-2.9249748661459876,-3.7258167960737012,-2.5463560043635027,1.1794607917101985,-2.8845818043718623,-2.5776959404128661,0.3068858639589962,-4.4409416598098232,-2.4710846577438872,1.9698570020659361,-2.6237288172084732,-2.3606026324731033,0.26312618473536986,-3.5223789565529842,-2.0661860905106835,1.4561928660423007,39.913213518812881,45.769539710356185,-5.8563261915433031,46.024162511152099,-6.1109489923392175,68.38391883717577,59.909537630722298,252.87725162599236,202.66655877947647,144.63121951265757,147.00494575415686,163.22466377483346,162.46802000621693,200.99931402004873,194.79631839556336,241.2622679312154,237.42051871577479,264.32450447105577,263.22693378801512,-1.6951187434424924,2.5442538817119384,-0.47154431255941631,-3.0157981942713548,-0.4003579324701434,0.088715265749272021,0.48907319821941542,-5.2101483770977097,0.71192345873396334,5.9220718358316731,-2.9151213801413292,0.92263984854417913,3.8377612286855083,-0.79630808055782154,0.37857668864512561,1.1748847692029472,-0.85803976578128527,-1.2298561227034952,-6.9477618612773426,-6.2700706777856396,0.10566132930441086,-2.4842238719017189,-0.57630656647666001,0.76920671728788648,0.69861740795658989,0.29139256293285598,-1.9990936021961829,-2.7260708759951626,0.28764797389964408,0.35342419476766646,0.48292832466871888
4504,2004,96.075439474128856,32.475148549803123,6,10,26.061081134658814,0.625,92.691440105438232,102.31190596520901,-9.6204658597707748,102.73018832504749,-10.038748219609261,117.08319656550884,123.00886484980583,377.04835660755634,204.55693118062672,147.65418633942872,149.20993810614107,174.65906017051628,172.82767044235868,205.4228621075803,202.08079514834728,235.85102413544266,233.100757582196,257.17960558335193,256.43558016725274,-1.4907602987428561,1.8234153903311494,0.052985819176910809,-1.7704295711542386,-1.7705479079995996,0.20454470706323491,1.9750926150628345,-3.0814224549399682,0.25981260870656797,3.3412350636465362,-2.6570350221147123,0.22275947085395842,2.8797944929686707,-0.61330242960241321,0.11209927879019688,0.72540170839261009,45.677676521241665,46.569870576262474,-0.89219405502080917,46.608661994338036,-0.9309854730963707,47.458026087959297,64.085752943530679,123.54146407320513,210.82542269477378,171.23958222442889,171.25512265053749,187.10772109877121,186.88720122007877,212.04091928304672,208.57447445500708,233.108017770591,231.03325108325384,252.26653240776008,248.82525808848433,-1.204699562122272,0.67739336558315699,0.56265884933532107,-0.11473451624783593,0.66496892624715542,0.5790981506958417,-0.085870775551313727,-2.7897046891924902,0.57030282917239106,3.3600075183648812,-1.9023233962903703,0.53441586599689117,2.4367392622872615,-3.702711463885862,0.46343272674553759,4.1661441906313996,47.013763658702374,55.742036752402782,-8.7282730937004089,56.121526673436165,-9.1077630147337914,69.625170566141605,58.923111774027348,253.50689216703176,199.11764228931813,141.77135413461514,142.67070543185793,154.46689749460469,158.59000404417156,196.10746241659186,191.78877039515237,238.54899268110972,236.16008350472774,261.91946138722346,262.24905943692278,-1.4217712258305824,1.1270815587658944,0.076243342742117193,-1.0508382160237772,4.2526715925998246,-0.019822745342906956,-4.2724943379427316,-4.3257197394413254,-0.13066272711816396,4.1950570123231614,-3.0738956372471478,-0.21376305526266037,2.8601325819844874,0.21856461696734186,-0.082431761383588764,-0.30099637835093063,0.28606073662058407,0.21707166370831033,-1.1460220247479924,-0.44968819318273745,2.435516834246755,-3.5877026663526692,0.2917177657474781,1.5360150502488352,0.75471162582434204,1.1715722409567775,-3.0894090342834488,-3.9212760808532039,0.32765416400366631,0.40533592761456771,0.52098483326205447
4505,2004,96.325440617699314,32.475148549803123,6,10,26.061081134658814,-0.5833282470703125,95.636795852638897,102.23200695396372,-6.5952111013248214,102.51875553827995,-6.8819596856410499,122.21139755206059,125.93690009707279,392.94557164981961,203.48658495170446,146.83090546178951,148.74585551727671,172.97170828254698,172.6429620437338,202.97613042083896,201.91208316560878,235.43772064017617,233.43457011485953,257.51026542285803,257.03285511508494,-0.81165125497719259,1.9401899681556642,-0.12356876824054552,-2.0637587363962098,-0.60709094209715886,-0.22113454140819044,0.38595640068896842,-1.3549966565360876,-0.27417694871360254,1.080819707822485,-2.3681543803343175,-0.20019315719648034,2.1679612231378371,-0.59136221595252891,-0.10356869746726716,0.48779351848526176,48.258767351337156,48.599082528819054,-0.34031517748189799,48.6138779124758,-0.3551105611386447,50.596094241194805,68.077735585077335,130.56963051797356,210.07092050657738,170.61559572871923,171.07354143875156,186.23193494198739,186.48771744311659,210.04252609162305,208.47337943114209,233.16179365109116,231.38767950703377,252.25960172871956,249.63335366966825,-1.4402388812023617,0.097315417657284797,-0.53835123114362204,-0.63566664880090684,-0.22068854554052564,-0.51938606319626501,-0.29869751765573938,-1.9770963883259469,-0.53877847822872127,1.4383179100972256,-2.6124723540177399,-0.47421841801568121,2.1382539360020587,-3.8132632749426705,-0.43390750914758769,3.3793557657950828,47.378028501301742,53.632926657835014,-6.2548981565332724,53.904877712727284,-6.5268492114255423,71.615303376058364,57.859164403962495,262.37594110891223,197.45150834784596,140.90589213362685,141.94094929868942,153.30374218917729,157.53458971382196,192.25495961845422,191.27788209622179,238.04543400551617,236.59877824122935,262.29652872079254,262.70746370979214,0.090006977005970157,1.1356628750497464,-0.096941255408239613,-1.232604130457986,4.3558810691518772,-0.019229254076350344,-4.3751103232282276,-0.68209259561209024,0.082729253659323376,0.76482184927141361,-1.5957161243115365,0.2098222959953091,1.8055384203068456,0.45459106315558984,0.049128712631841154,-0.40546235052374868,-0.62858762622516906,-1.5302458582083318,-1.8428745504983794,-1.0383474573924616,0.38640239655663322,-4.5765696146924029,-0.62209973178985933,-1.2950037927138567,-0.24431797368342245,-1.0167562297062034,-3.2219010589901416,-4.2678543380982603,0.33228426514584314,0.41400471031878572,0.54057020247919929
4506,2004,96.575441761269786,32.475148549803123,6,10,26.061081134658814,-1.1666717529296875,88.295440871041137,95.816607417558771,-7.5211665465176338,96.143615210270582,-7.8481743392294447,112.56329597859985,115.02451574452607,350.81708407215774,203.58247783253552,146.33349421507626,147.97862763837836,172.6786484997975,172.34748304224803,203.9249273705135,202.1585913569541,236.2892241252207,233.45950027238246,257.61474327177245,256.71757864413274,-1.3063258106777198,1.4501251645993136,-0.31872997919072077,-1.7688551437900344,-0.72743564001001459,-0.42887099150178187,0.29856464850823272,-2.3268083386500393,-0.57911400131524715,1.7476943373347922,-3.3955236743330488,-0.41164375514028961,2.9838799191927592,-1.1628019210992306,-0.24642583633180948,0.91637608476742116,42.298238794661302,43.549657337114695,-1.2514185424533935,43.604065469566194,-1.3058266749048926,44.872554202133642,62.428271163844329,118.96053482126445,211.30001195550807,169.82019716367509,173.32374513859182,186.99505276438737,188.50025603020987,212.28569926285687,210.46794116805393,236.15325957778606,233.25949296459868,254.25802366541964,251.36999144098493,-1.2337395466518331,2.547458751481912,-1.0872540570368585,-3.6347128085187705,0.60490358786316278,-1.0948953749304167,-1.6997989627935794,-2.7883674848253008,-1.0530689759355596,1.7352985088897412,-4.2032322712519488,-0.98571492017322271,3.2175173510787261,-4.450508335791767,-0.84621209815219345,3.6042962376395735,45.99720176345545,52.266951451349996,-6.2697496878945458,52.539549874814838,-6.542348111359388,67.690741339365559,52.596244744594514,231.85654877312481,196.69812752168872,140.59166316628932,141.16630077422556,153.04919767240182,156.01440824161722,192.08493966196571,189.13187143989336,236.41304766622082,233.78452630691436,261.21971680516339,261.32976088555728,-0.9712613456012491,0.58778564977089331,-0.25190496846894916,-0.83969061823984248,2.9290117339404844,-0.10578402697527167,-3.0347957609157561,-2.7838165191860185,0.13609510809322956,2.919911627279248,-2.5540696388068227,0.329697243169079,2.8837668819759017,0.054564506548558711,0.054989633868899546,0.00042512732034083456,0.072586264025886749,-0.26247820105058395,1.0973335868825984,1.9596731017110187,1.3323392278731774,-2.3241081460773216,-0.4615591461752615,-0.0045509656392823672,-0.80770859691889996,-1.6491626324451261,-3.2877064146925363,-4.5050728423403257,0.33909561484410511,0.39864285966417207,0.54273883058547234
4507,2004,96.825442904840244,32.475148549803123,6,10,26.061081134658814,2.4583282470703125,100.93125555319784,110.66343905997201,-9.7321835067741631,111.08658062414906,-10.155325070951221,117.39269275665902,118.82849798696043,338.0675700455904,205.1693577566528,148.4706728047891,149.63185433613796,173.88786270881931,172.48802385351371,204.6795671753984,201.76010131712755,238.63881574630747,233.78904707582123,259.39644275429617,257.49290765631139,-0.97018890888315923,2.4488512515405887,0.79190016856637158,-1.6569510829742171,-0.05837670385986371,1.3250361598758786,1.3834128637357423,-1.6551064059485441,1.316401259217173,2.9715076651657171,-3.6757740095938232,1.1598483339755887,4.8356223435694119,-1.0577609323466959,0.91764588310149975,1.9754068154481956,54.419019013532306,55.711531440700128,-1.2925124271678214,55.767727414959154,-1.3487084014268476,56.665192483091005,67.134523563197945,131.69079726096243,209.79327743230212,166.78844211649249,168.16583396200124,183.64647847342729,183.53839783436902,209.46002201871187,206.85759518917956,236.55490123478361,231.37154034738825,254.87108131037917,250.74378022784842,0.39161059152712596,3.9707211197989238,2.3343568937542898,-1.6363642260446341,2.2964817928437071,2.3370004834248448,0.040518690581137662,-0.2737383493237644,2.2554411884106571,2.5291795377344215,-3.139636185881443,2.1054243382236848,5.2450605241051278,-2.52850227922832,1.9450675768320309,4.473569856060351,46.512236286345797,54.95191062930553,-8.4396743429597336,55.318852859012623,-8.806616572666826,60.727499738988627,51.693974542971773,206.37677231431007,200.07744883327859,141.89074768457232,141.35208195310562,154.53552206864711,156.82036585329368,196.52270127699148,191.79447496048468,240.86759427899165,237.92705171848968,263.62974869135132,264.11119131164264,-2.0785841452757268,0.88945499128905681,0.73984750092799345,-0.14960749036106336,2.734594865482876,0.38514258503710153,-2.3494522804457745,-4.5866365375524936,-0.15514544472159741,4.4314910928308962,-3.9749539978196538,-0.41895458107097738,3.5559994167486764,0.31354058078125036,0.12480506189024254,-0.18873551889100781,1.3617995004102852,2.4701947368028527,1.5218698682583351,3.081266128509867,2.3548584967035708,-0.43811307263916888,1.3813680566247797,4.3128981882287292,0.53613782371238017,0.83531781193821075,-1.4707413468816242,-2.8420428600095704,0.3895398699236462,0.48269778256599971,0.56496989106573503
4508,2004,97.075444048410702,32.475148549803123,6,10,26.061081134658814,5.899993896484375,89.987997195748903,96.511261592284427,-6.5232643965355237,96.794881518326292,-6.806884322577389,99.407309099575286,99.77847693390413,267.6948942374438,205.85990779914002,149.90850600822586,151.30824121823997,176.0925567282824,171.95348808422801,204.91440038352385,200.31792168249666,239.00753676008742,232.31988331251515,259.16927593587809,255.83633201075574,-0.66545170531946951,4.1292415463621808,2.0349672844553481,-2.0942742619068326,-0.55407464628015646,3.5212908873003812,4.0753655335805377,-1.2441283227999804,3.4798382316348295,4.72396655443481,-3.7228788963983277,2.946467423872889,6.6693463202712167,-1.1260142945818075,2.3664368517459877,3.4924511463277952,44.72599329588229,45.409504262042901,-0.68351096616061113,45.439221585078485,-0.71322828919619496,47.273616920976565,53.95186432795208,109.05221165530384,209.48233469168838,163.7208600584336,164.70529408821557,182.57263324441203,179.83363201794131,209.28240257487303,202.95680106902958,238.72879092799954,228.00956314653112,256.00163704142994,247.59315910583578,0.13756425285041018,6.6964135925350092,5.4107147993409228,-1.2856987931940864,3.022565730672568,5.4521728404860994,2.4296071098135315,-0.74820716058346193,5.2951629792143819,6.0433701397978439,-5.8937868006251506,4.9678954633452577,10.861682263970408,-4.6704720135901425,4.4900025363540976,9.1604745499442402,45.262004078680548,51.10175695324142,-5.8397528745608724,51.355660226800865,-6.0936561481203171,52.133692342511495,45.826612844370629,158.64268290810287,202.1167395861936,145.12392111889508,143.44613620861543,162.94275234312835,161.87538550660545,199.52055114884229,195.85784536896438,239.29577406862049,238.28208958199653,262.45312390400591,262.2556293233132,-0.95470973435809015,1.4676307240522419,2.2084981028839366,0.74086737883169462,0.76404042811046224,1.112547157923359,0.34850672981289676,-2.9031785971937722,0.54053261155422661,3.4437112087479989,-1.3756373415198766,0.26158101620592333,1.6372183577257999,0.65675987532745239,1.1119438781100826,0.45518400278263016,0.8030159581698797,1.0922739872085003,2.5671720461728285,5.2287828684827673,3.5766403769527244,2.2585253025621057,0.4959211622165185,2.1549714366103103,-2.1709079042268229,-4.518149459105274,-3.5444577190083351,-5.3272318889175949,0.40737501537319259,0.47555473887360805,0.54071645494940968
4510,2004,97.575446335551632,32.475148549803123,6,10,26.061081134658814,-4,58.413358139230695,64.945397441806563,-6.5320393025758676,65.229400348260242,-6.8160422090295469,75.746982040240255,72.636443105509898,193.36374519392848,202.22798408821313,148.00221445933403,152.18483147521604,172.12163337481513,175.56993496349304,202.54187482188999,204.26761711192333,234.05843974625046,232.60757955584853,254.66467314350444,253.94382494900202,-0.29491109141790162,2.6454306613903498,-1.9614242708662175,-4.6068549322565673,1.08751662511213,-2.2378144579225534,-3.3253310830346834,-0.63347652043012204,-2.3862060139663015,-1.7527294935361795,-3.2552410995108971,-1.9410535956683077,1.3141875038425894,-1.9199533338804429,-1.1502993377374082,0.76965399614303465,23.339070060252197,23.764981687070758,-0.42591162681856076,23.78349970416275,-0.44442964391055284,26.485325154810198,28.478822220659367,60.864891798235476,205.29621723909821,159.94461801631974,174.24879169787727,182.13141830990679,191.27442611763428,205.47425684329244,211.82166698154657,229.26380615722397,231.93396884086317,251.53869454068467,249.33694465220231,3.0638223428744311,11.084443329144023,-3.5841995602585541,-14.668642889402577,5.6299820367908637,-3.6813471163394809,-9.3113291531303446,2.861448594061585,-3.5624258949887633,-6.4238744890503483,-0.33256823563465332,-3.2623760314535275,-2.9298077958188742,-5.1491171305638375,-2.6542909008553295,2.494826229708508,35.074288168385465,41.180416880482881,-6.1061287120974157,41.445900375521887,-6.3716122071364225,49.261656963661153,44.157620618048895,132.49885319545865,200.42275889817722,145.22441157040379,147.24424999567847,164.15657870640291,165.3282167750645,199.90030004370757,196.36799659375177,236.26962531513928,233.19101111119394,257.14878346513444,256.57057722600427,-2.0755442768198691,0.49440997479126736,-1.8932345919983788,-2.3876445667896462,-0.21096390903187512,-1.4468475053161853,-1.2358835962843102,-4.6688931225971828,-1.2284697287899746,3.4404233938072082,-3.8067254997314421,-0.79190138810460553,3.0148241116268366,-1.1367880513411706,-0.60350414568483757,0.53328390565633299,3.3587334342923327,5.1393666196943002,8.4390126677536728,10.590033354352755,4.5424654116787337,5.8409459458227388,3.4949251144917071,7.5303417166587678,2.9226728638762438,3.4741572640967888,-3.2291637966833946,-4.0123290792226669,0.31476889184781159,0.34965518679991742,0.39207346895127748
4511,2004,97.82544747912209,32.475148549803123,6,10,26.061081134658814,-2.4583282470703125,85.462184298998181,92.487123166178208,-7.0249388671800261,92.792554958261462,-7.3303706592632807,105.86334258744046,121.214195616285,310.7665051613003,201.27650940712468,146.40114120035642,149.07398709779289,170.54879824343885,172.64437469011401,201.89277176960547,201.59581425367574,234.0242259490723,231.78298270714401,254.46752126003938,253.66622184183424,-0.7252049299516159,1.5579616888292946,-1.120247769426129,-2.6782094582554237,0.79511603637223516,-1.3962405886873341,-2.1913566250595693,-1.7288434358104325,-1.4422384827342682,0.28660495307616429,-3.3654005992051736,-1.250568797443492,2.1148318017616816,-1.7014083363388011,-0.85435452974456894,0.84705380659423213,38.684628453729601,43.686280722677111,-5.0016522689475096,43.903744226752679,-5.2191157730230771,43.271771717070123,64.70947363758296,119.39871062524617,206.30020738613686,161.31164589028509,169.00824299010569,182.53875311153047,184.90789659163366,206.9167954999607,207.95508731626495,231.90991048806771,231.34691577972865,251.46854772285454,249.98823052971747,0.13314820528105997,5.564371725946728,-2.2224627381885682,-7.7868344641352962,0.30986873202778042,-2.2487892626977555,-2.5586579947255359,-0.89325385731800111,-2.1814947461790837,-1.2882408888610826,-2.4560174040923926,-2.0034269231699113,0.45259048092248122,-3.6870987707522147,-1.6979558870538938,1.9891428836983209,46.777555666454646,48.800842555258896,-2.0232868888042503,48.88881080353076,-2.1112551370761139,62.591570474868604,56.504721953866465,191.36779423989356,196.72166446878725,142.37586662663028,141.58779681402308,155.95289143898646,157.62612491709876,193.29912175036006,191.70858740458164,235.45143417403915,232.34821658713497,257.92321213024559,257.02172406089574,-1.3844704457771684,-1.2455496972305298,-0.76626084269420858,0.4792888545363212,1.620528121807979,-0.47657210526969607,-2.0971002270776751,-1.9307330311374358,-0.46161451359682815,1.4691185175406076,-3.3976478548148918,-0.23576134068613896,3.1618865141287529,-1.1440026648386379,-0.17913533926122227,0.96486732557741561,0.85835313523267587,1.5176186510582284,4.0064100371174334,6.8099214231772578,-0.48524730434445473,-1.3106593897801986,0.83558957849243143,1.0374791738194347,0.9093831951127811,0.94163045072249929,-1.9856904344134136,-2.5430961059135768,0.38420714151054808,0.40875123210216729,0.5338440213919079
4516,2004,99.075453196974408,32.475148549803123,6,10,26.061081134658814,-1.0833282470703125,107.99757092995787,112.93426042619103,-4.9366894962331571,113.14889668206524,-5.1513257521073683,137.18601229005799,125.00678264738963,382.59337596595287,204.27286856836693,149.74968255328307,151.04526263935995,170.955881525801,173.3420168341203,202.84349405661234,203.26187195921105,238.09070301392714,234.83911941125083,260.70717773563729,258.14032423938085,-0.49449263310236802,1.2622782611194907,-0.26615125266695827,-1.528429513786449,2.0316877065592962,-0.46603310063846948,-2.4977208071977657,-0.12298662858160014,-0.49115349459171398,-0.36816686601011384,-3.752650387594116,-0.44063932258424643,3.3120110650098695,-3.0338252457333965,-0.29781439823972278,2.7360108474936737,57.512364829216494,61.004152342611633,-3.4917875133951384,61.155968277189459,-3.6436034479729642,60.565458013271609,71.598208713325221,149.69138008542359,211.49872051279732,167.79417711687825,169.6814374758516,184.90956053955617,186.20936534719073,210.88499164282229,210.07124136250528,238.41046885872677,234.91296280374254,258.27731136050028,254.54227179952039,-1.5738384548670297,0.9828522812031224,-0.97315421581802752,-1.9560064970211499,0.46567283324046116,-0.96422840377411489,-1.4299012370145761,-1.8401319913233181,-0.95341946787490883,0.88671252344840923,-4.5452504673386613,-0.88864600379673675,3.6566044635419246,-5.224340303327125,-0.79546697961419,4.428873323712935,50.485206190148347,51.930107408061303,-1.4449012179129568,51.992928690481676,-1.5077225003333297,76.620554552458088,53.40857397628406,232.90199617296457,196.92839803994127,143.82511407956034,143.64163388526029,154.97283494539874,157.82745830507366,188.40124811303818,190.58378182814707,237.64093884760058,234.71472280994109,263.14948856283002,261.90437919873057,0.34306885325915459,-0.3158869894439249,-0.26007686339255542,0.05581012605136948,3.0032749254644102,-0.064547627865550794,-3.067822553329961,2.5792382911979246,0.20868027370636355,-2.370558017491561,-2.934805618722919,0.33568623441610157,3.2704918531390206,-1.1958848105441007,0.11090245170737489,1.3067872622514756,-1.0793458217646617,-1.9169073081261843,-0.27942597991636831,1.2987392706470473,-1.566014873318835,-2.5376020922239491,-1.7171453627417179,-4.4193702825212426,-0.79260007974454538,-1.6104448486157423,-2.1905150575937284,-4.0284554927830243,0.39125450017917895,0.4414842082093296,0.57275459136712947
4517,2004,99.325454340544866,32.475148549803123,6,10,26.061081134658814,-4.6666717529296875,83.186017984624414,80.889899304258506,2.2961186803659075,80.790067246576655,2.3959507380477589,108.66173577022982,119.26185681434254,319.78435746207833,200.38432119276868,144.47022685710149,145.60265275988479,166.7599762356939,169.33265949468122,199.22096040794887,200.56676957158683,234.33595462019051,232.99730410308706,258.38376611400673,257.02729132297083,-1.0278441063889261,-0.55232973543087382,-1.6107887924976581,-1.0584590570667842,0.67009836425549452,-1.8124132817816019,-2.4825116460370964,-0.99999932773258138,-2.2349529167904336,-1.2349535890578522,-3.0317483877147424,-1.6493378390024986,1.3824105487122438,-2.4120287218203771,-1.0307997844304566,1.3812289373899205,35.798253504672175,35.349271995652998,0.44898150901917688,35.329750697990676,0.46850280668149935,38.750690994094043,62.168073250188172,115.56836545839906,208.31018460839979,165.37857202650974,170.77534944023421,183.36230987658772,186.7179480261365,206.99501255487138,209.52804993123297,234.23358280385682,233.19333446589337,254.42896129824024,251.76852294117296,-2.159219549408931,1.2429575346559432,-4.0864886193408836,-5.3294461539968268,-0.80737582824178844,-4.247652063338478,-3.4402762350966896,-1.734912495324636,-4.1859760418279564,-2.4510635465033204,-4.8494912069702423,-3.9098371816867825,0.93965402528345976,-6.7267003171489534,-3.5922860850826623,3.1344142320662911,47.387764435248755,45.540627311090248,1.8471371241585075,45.460316734850494,1.9274477003982611,69.911044849399786,57.093783668462493,204.21599219366908,194.08638472849671,138.82730486454014,138.57995800752317,152.57725745208236,154.08930098012047,187.26210065764198,188.23883126507764,234.44935628253123,232.75497536338486,261.6175250465526,261.12596610694391,0.21908010086119134,-0.97106400916061375,-1.0966686284692742,-0.1256046193086604,0.92250100666248613,-1.016735261078793,-1.9392362677412791,1.1872922182074035,0.029055991314322682,-1.1582362268930808,-0.5769577989504171,1.1058863797886715,1.6828441787390886,-0.39963877925600855,0.090466058061849708,0.49010483731785826,-1.1313754430200049,-2.3782996502701224,1.795287270086817,2.2140215438165569,-1.477474192497283,-1.7298768349042746,-0.73491316759205461,-2.9222047135320395,-1.8177428192554999,-4.2725334080198252,-4.3146715953285764,-6.3270615378929449,0.36139467976354578,0.35661763287155784,0.52127373253098463
4518,2004,99.575455484115338,32.475148549803123,6,10,26.061081134658814,2.6842041015625,95.78032088551663,97.209299925081723,-1.4289790395650925,97.271430273185615,-1.4911093876689847,116.33136323641338,99.522023555897249,323.65123123303056,205.32211025594927,150.49189331384554,151.94357351709616,172.72662074671632,173.26747324527091,203.49981310175178,202.78934621754652,238.54395231476875,234.40368094640098,261.7792669030124,258.35836546878028,-0.24487234309995642,2.1058255229867484,0.24012877907068741,-1.865696743916061,1.6077063301126771,1.01129918494874,-0.596407145163937,0.49037784111797578,1.2421648494822364,0.7517870083642606,-3.171101238416469,1.0972382164893304,4.2683394549057994,-2.7080907037470752,0.80422270558494802,3.5123134093320232,43.51934255512333,47.556562638175819,-4.0372200830524889,47.732093534008527,-4.2127509788851967,44.480536006695729,52.252176334691285,108.88200875204348,214.5233130589292,173.44740631348679,169.21914282299343,187.84420856644539,185.10232286868407,213.45230464393046,207.88513174241129,240.21233201975139,232.06709270048972,259.81439247796715,251.90601191455943,-3.072669691695495,-1.598579652865169,2.4467557924284051,4.0453354452935741,-0.024530990129193242,2.4652598889752255,2.4897908791044188,-3.0675464972961493,2.4340233069168278,5.501569804212977,-6.0461132245287104,2.2543512917839337,8.300464516312644,-6.4358264005602166,2.0417423163407591,8.4775687169009757,52.260978110601172,49.65273924444773,2.6082388661534424,49.539336828584055,2.7216412820171172,71.850826959970618,47.269847325514093,214.76922242715955,197.85021428715169,144.82071913298381,144.66494456311543,157.27575382239465,160.23221830358247,189.67789047260106,194.19235295986965,236.84060091059223,237.80092554462271,263.50935501595501,263.51700776212351,1.677311777540865,0.59378769345210003,0.64840561192178825,0.05461791846968822,3.0170226580121096,-0.037111928091661639,-3.0541345861037712,4.0237565117585916,-0.59812577533440958,-4.6218822870930012,0.30316512203043544,-0.64559139632734741,-0.94875651835778285,-0.036268167431671827,-0.013207695195717406,0.023060472235954421,-2.8277973485955386,-4.74998146923636,-3.7044051758519174,-2.192367346317269,-1.6322373202418703,-3.0415536481413028,-3.557924338414125,-7.0913030090547409,-2.8750119861122414,-6.3492783465591458,-3.7277356968131414,-6.3995582331285448,0.33641771834832868,0.38236065295908683,0.52503128923361853
4519,2004,99.825456627685796,32.475148549803123,6,10,26.061081134658814,1.0526275634765625,85.707257180765737,84.308180012711091,1.3990771680546459,84.24734948873629,1.4599076920294465,103.96351347895325,103.95805980016667,329.08081552758813,200.84538692739562,146.88986450547438,145.92308808006322,168.27496491921221,168.67738485452759,199.36689628411352,198.76792565456185,233.54300738170656,230.75557944080023,257.20838414135807,254.01767210267082,-0.95949968263764163,-0.66057810807666328,0.17736649145200545,0.83794459952866873,0.74385096627716507,0.37709191163011724,-0.36675905464704783,-0.32389780673656787,0.46621576183568436,0.79011356857225223,-2.630127389602734,0.28642810978564626,2.9165554993883802,-3.02364961137215,0.20266170488653756,3.2263113162586876,36.191920471230333,35.67633094818666,0.51558952304367267,35.653913896645463,0.53800657458486967,37.161464971229293,56.582967314971938,106.36183232138865,211.08903376712507,170.30599080279248,168.2816286094079,185.8744558526341,183.96478341741113,208.49834869397426,206.88386310520033,236.60295630286529,230.96504584706173,257.8403196150694,249.91347691443175,-2.6709074127031727,-0.9251527308626919,0.94428765502942724,1.8694403858921191,-0.93099643341122373,0.93286898078491731,1.863865414196141,-1.0330985660119438,0.90452874854315723,1.9376273145551011,-5.2040674383552528,0.82193687875786736,6.0260043171131201,-7.9223741647279269,0.69648466765906392,8.6188588323869908,49.5153367877665,48.631847968113107,0.88348881965339388,48.593436232448767,0.92190055531773396,66.802048508116059,47.375092402062364,222.71898309513927,192.4349042693367,140.8646904398112,139.94024576538865,153.09300543894869,154.26035331707678,185.76186095562898,187.2771755565625,229.1316608627896,230.46167188348278,256.0927137421221,257.51871223067013,0.76999180508940412,-0.71667816065863121,0.22192011074540119,0.9385982714040324,1.5056675221426303,-0.015783681818930972,-1.5214512039615613,1.477252001820375,-0.23982753055625494,-1.7170795323766299,0.94546445669530499,-0.40260238507042345,-1.3480668417657284,1.236597511088803,-0.12803987130610039,-1.3646373823949034,-1.711407730065531,-3.4408992177925768,-0.26457462278602861,-0.20847457020406068,-1.6748473996883888,-2.4366639555538541,-0.70920075927537596,-2.5103505678323188,-2.5739400487525188,-6.1495318950505578,-4.8987245533557768,-9.1589716758167299,0.32320885114760484,0.35744718245552942,0.54428648845254057
4520,2004,100.07545777125625,32.475148549803123,6,10,26.061081134658814,-0.1363677978515625,93.136388510089091,95.365321258361291,-2.2289327482722001,95.46223213009398,-2.3258436200048891,117.69880684965938,106.4611852477874,362.05541329085827,205.19298438055318,150.62669458194833,151.12533313642544,172.7008246549739,173.08528855267247,204.06624115662515,203.39052705894542,237.81546730014978,235.60278219574866,260.92744580991217,259.45907216690625,-0.69426554734835122,0.83076606604367953,-0.0076525280948658292,-0.83841859413854536,0.4195258662026049,-0.039135413998508284,-0.45866128020111319,-0.8020033272510716,-0.050508896210459397,0.7514944310406122,-2.3967007983798112,-0.046374951611397819,2.3503258467684134,-1.5219161524515243,-0.044908013054964613,1.4770081393965597,49.560029246097656,47.383157570055118,2.1768716760425377,47.288511291548275,2.2715179545493811,50.878091796972058,60.539708412832169,122.93824271461926,213.47748444358581,170.50820061356589,171.12869374413305,186.86643649782997,187.06453269586393,213.1898132525705,210.39279258766931,239.29927371147707,234.62440087377158,259.55209534181216,254.11379586160299,-2.3366910598216748,0.67879212632232111,-0.12545590982318799,-0.8042480361455091,0.3123018725522968,-0.12848617800557349,-0.44078805055787029,-2.8865277585570368,-0.12272736844681731,2.7638003901102195,-5.1268350508905769,-0.1178146766472139,5.009020374243363,-6.2410012398998447,-0.11165382271587987,6.1293474171839648,43.57635920438679,47.982163227724413,-4.4058040233376232,48.173720243853495,-4.5973610394667048,66.820714924969252,45.921476939263357,239.11717060208321,197.00580310567986,143.72371155139265,144.48871591487134,155.57815583687952,158.88255735657145,189.35166284710002,191.74441031859388,235.7096440957321,237.06226332909404,262.64578915846567,264.07098168728669,1.6468725890146061,0.81939176018835269,-0.015655722268064665,-0.83504748245641736,3.4109508545665221,0.018453680020172669,-3.3924971745463495,2.3845198431924359,0.044951644459644058,-2.3395681987327919,1.2741930314867318,0.045903769075181344,-1.2282892624115505,1.2869850270108145,0.011682234808688463,-1.2753027922021261,-1.6424255124733236,-3.9835636488362809,-0.15197393972135842,-0.14059963386603158,-0.1072239936503081,-3.0986489820142253,-2.0845244313059652,-5.2710476017494727,-2.7301342525107657,-6.4010280823773087,-4.7190850874483203,-7.5279862669106592,0.33955642755673004,0.43227364115899958,0.56865521712844525
4522,2004,100.57546005839718,32.475148549803123,6,10,26.061081134658814,4,80.977597935610902,84.22026957149501,-3.2426716358841077,84.361255684196294,-3.3836577485853923,95.180737747365129,79.133993678333354,279.08652227558196,201.04715675463081,145.7298161425704,145.78332287286895,165.85570585965104,168.53343620276868,201.0118819173934,199.93771300147245,233.35370984623111,232.19083695675417,258.22718759322578,257.06520707969577,0.8535032194084522,0.61330924314898994,0.53251420660450322,-0.08079503654448672,3.6489955526370181,1.0482030548018884,-2.6007924978351298,0.48253551132799544,1.5521465895099311,1.0696110781819357,0.056064771612369668,1.3525572928149927,1.296492521202623,-0.45367093246250079,0.84597458037700335,1.2996455128395041,21.2887396088272,27.229068516564439,-5.9403289077372392,27.487343784161567,-6.198604175334367,21.94697194382843,28.171913887395931,59.201727547711926,211.00732161453939,170.15838911923655,168.66772959031181,190.46931881829875,185.19396089458959,212.74204713467913,206.45859521961407,231.28297958824029,227.81533919548403,252.21710505877297,246.24102823439259,-0.94152669576402559,2.1785171805251764,3.6594453534038678,1.4809281728786914,-1.2835811576180163,3.6675442016843078,4.9511253593023241,-2.6573907017884437,3.6296805029911354,6.2870712047795791,-0.47328459652166543,3.4029301492922173,3.8762147458138827,-4.1123953304671943,2.9396276486112072,7.0520229790784015,59.688858535399959,56.991201872550846,2.6976566628491128,56.873912827632012,2.8149457077679472,73.233766015878246,50.962079624143371,219.88479487784207,197.02775999842663,142.16968550516239,141.20309870249798,158.10045833143977,158.49737596814046,191.35701348137368,193.24221658837115,234.44175106171062,236.01055907706686,260.98739162818515,261.58873923897772,0.75182410333835037,-0.18195792306929093,0.71444271479589361,0.89640063786518454,0.63280752721917111,0.12298743468244311,-0.509820092536728,1.38685024908429,-0.52356329595457396,-1.910413545038864,1.1242582805856784,-0.39479303267071941,-1.5190513132563979,0.96741373617106774,0.2370337123157924,-0.73038002385527534,-1.7950299151724778,-1.693350799102376,1.5652079373761865,2.3604751035944673,-4.9325767102550344,-1.9163886848371874,-3.1399262131164392,-4.0442409508727337,-0.5293493681340351,-1.5975428771073439,-3.6587243980046935,-5.079809066638262,0.21212678801183243,0.23058207430668906,0.35600268074312186
4523,2004,100.82546120196764,32.475148549803123,6,10,26.061081134658814,-0.2608642578125,100.10893110254619,102.51041890834131,-2.4014878057951137,102.61483132192006,-2.5059002193738706,117.9642026484762,99.922287187782786,320.47191227972507,201.53674452002977,144.00186574440636,142.57349879719891,166.64378920561813,168.22123039297387,201.49593232638153,201.65104038875401,233.9121494664185,234.76726985411912,260.24578840284221,259.67209577496618,-0.070651604328361373,-1.494728658596955,-0.045821551710162112,1.4489071068867929,1.5344493027695876,-0.068665438671047241,-1.6031147414406348,0.06698660202957285,-0.1145438805701815,-0.18153048259975435,0.72000130609950475,-0.098196453878472312,-0.81819775997797706,-0.73402417099327977,-0.083114404711352563,0.6509097662819272,34.828053221031951,38.388284920531078,-3.560231699499127,38.543078419146696,-3.7150251981147449,36.335439482567381,47.152170501723958,93.985617954866029,212.87435912379814,172.1964165170474,172.87106894661594,191.36442367304406,189.7583583954675,213.5117934884245,211.97007970864806,234.40277301683378,234.78197333162322,257.25552424839765,253.38401471052376,-0.79324448102556744,0.78200050083705719,-0.23364174621053735,-1.0156422470475945,-1.6149937013762496,-0.23854882174967429,1.3764448796265754,-1.5127696026553394,-0.23784480205975456,1.2749248005955849,-0.15656596261260347,-0.23080856609240641,-0.074242603479802938,-4.2940175401114686,-0.20084169294321441,4.0931758471682542,65.280877941118888,64.122132331999637,1.1587456091192507,64.071752001253117,1.2091259398657712,81.628763348771827,52.770116395486184,226.48629379272461,194.49390026859243,138.75303831110537,136.39035770370791,153.61777252622809,152.94023057563584,187.09132630788437,188.12629117603674,233.58607120276884,234.75046302306424,262.29131126368162,263.89742562287637,0.15451076569701172,-2.2875521718261211,-0.029852475803721745,2.2576996960223994,-0.67644872728777727,0.031359553987584832,0.70780828127536211,1.0917915922625525,0.034948353829236112,-1.0568432384333164,1.1189517073584057,0.048543148161087402,-1.0704085591973183,1.5208326124639484,0.0093024378791142226,-1.5115301745848342,-0.72259287669720607,-0.94775524672257916,2.2767291594340122,3.0695526726631783,-3.1494430041458372,-0.93854497408847237,-1.5797562046849123,-2.604561194917892,-0.87656726871210822,-1.2755176699710091,-3.5599933691181889,-5.814850152575417,0.29327255947731962,0.30802089673630956,0.47188842278111026
4524,2004,101.07546234553811,32.475148549803123,6,10,26.061081134658814,2.5833282470703125,129.91584637761116,133.89106386899948,-3.9752174913883209,134.06390079855919,-4.1480544209480286,145.44512366451636,126.75619649021246,389.07008253410459,201.28967087792597,144.84751770551577,143.06482671573519,167.42315624152758,167.65611838752787,200.42957990767692,199.95897208853776,233.45063619118741,232.88482782631897,260.10625050602732,259.25877228921479,0.37643737413321787,-1.3772805341017431,0.40656228179864229,1.7838428159003854,1.3407066744066469,1.0293965333563051,-0.31131014105034183,0.88080118118591599,1.3423599313035766,0.46155875011766057,0.73820538656207191,1.2406212497533886,0.5024158631913167,0.0037499303371077986,0.94494337585541643,0.94119344551830864,65.188305065967143,68.186325587332249,-2.9980205213651061,68.316674433648586,-3.1283693676814437,67.98920712589188,72.691898208606744,153.53816646430641,207.59815916634659,162.83256409164895,163.56803750962231,181.8379091957847,181.02817432038802,206.53548500511383,205.8752901846035,231.80466640086019,230.73185389762315,256.88836633141415,251.7580311720059,1.3376843248301213,3.3556935979324862,2.3497798839241,-1.0059137140083863,1.7010828210138982,2.3829263640567433,0.68184354304284511,1.9046603277710403,2.4185586080868688,0.51389828031582852,1.2177369784543828,2.3524506268041137,1.1347136483497309,-3.311350045060351,2.2309708450513881,5.5423208901117391,64.727541208267212,65.704739451408386,-0.97719824314117432,65.747225657105446,-1.0196844488382339,77.455916430280922,54.064298267325285,235.53191613033414,194.54177206559152,137.40362335178659,133.95178901762705,151.7356394978014,149.4111539735772,186.41242119251041,186.95747535523046,235.53084569087798,236.91745865754632,264.24279394500275,267.26772105058006,-0.61472070340661844,-3.3223966973041001,0.14627520730653032,3.4686719046106305,-2.2672345335351736,-0.051247547863482623,2.2159869856716909,0.035979064273249151,-0.75202498916354443,-0.78800405343679358,0.72735047614074233,-0.69831772486497812,-1.4256682010057204,2.7536471489320888,-0.27823297320753682,-3.0318801221396257,0.96124695069690347,1.9524050282367398,4.7329741320342293,6.6780902952365864,0.36037614660725126,3.9683173545490718,1.0238591465851243,1.8686812634977912,0.47953159189231087,0.49038650231364045,-3.3150999753974588,-6.0649971939924399,0.39462856014082698,0.4674560783675068,0.5734780643581372
4525,2004,101.32546348910857,32.475148549803123,6,10,26.061081134658814,1.904754638671875,96.330351413176686,99.379207538180708,-3.048856125004022,99.511766323421398,-3.1814149102447118,112.73024503684428,103.5041923467179,293.85165650956333,200.81935330057414,141.91291272631264,141.9068545004057,167.12208974305315,167.67005189382249,201.0815775909204,200.51491892763775,233.18491715182006,232.72632636688903,259.2552692375445,258.23859835944415,0.18296836367755986,0.18122314239775505,0.10246240417131958,-0.078760738226435478,1.0402904268056261,0.55479087429904439,-0.48549955250658172,0.25467644401751954,0.87003033815730646,0.61535389413978692,0.39455363182364067,0.7799587349261401,0.38540510310249942,-0.52628283745571025,0.58738953081882528,1.1136723682745355,39.285468846732329,41.011602980370299,-1.7261341336379701,41.086652643443813,-1.8011837967114843,40.458823724342096,51.097640017434969,109.62871995987371,210.44930931680548,168.26043583135845,166.88266726615132,186.88025831371968,184.59473822708887,209.73697017172617,207.63185601924368,232.46678588202542,230.61653901182478,257.5714192728376,250.49150508386245,-0.84857615120091623,0.7835561391455883,1.7494361688514459,0.96588002970585762,-0.44493900602066105,1.7774238497126191,2.2223628557332802,-0.18732774038392108,1.7570551900019211,1.9443829303858422,-0.2466757042819836,1.6900986772479598,1.9367743815299434,-6.0679197147252069,1.5067545525775472,7.5746742673027541,57.044882562719067,58.367602616756812,-1.3227200540377453,58.425113344701458,-1.3802307819823909,72.271421250059575,52.406552120666674,184.22293624840677,193.74765735783507,135.88885773467601,134.86253012140097,151.41244346411901,152.15985632162037,188.01538293655889,189.35138957670205,233.67530932428784,235.53402810980521,260.98192870874226,263.87844525963612,0.81640803860867095,-1.0000238027549528,0.01378132445807978,1.0138051272130326,0.89702781229985362,-0.26549556138076014,-1.1625233736806138,0.93129509985521963,-0.27315610257730327,-1.2044512024325229,1.4866295093553106,-0.33625171722229652,-1.8228812265776071,2.7937036780551239,0.070727931298904423,-2.7229757467562195,-1.0315445148784761,-1.6649841898095872,0.60233299674783325,1.7835799419005411,-1.4852294328262872,-1.3419668183205147,-0.44200418440144063,-1.1186228402391407,-0.64122933610562427,-1.7333052136372942,-5.5416368772694966,-8.8616233927803307,0.3730750449463805,0.3588994569391622,0.49367700823429755
4526,2004,101.57546463267903,32.475148549803123,6,5,26.061081134658814,-2.7826080322265625,128.2537055158391,133.24247187579022,-4.9887663599511143,133.45937367347506,-5.2056681576359551,138.90344530312359,146.5410056820092,363.23535462841392,196.95533113202666,133.5294267744936,129.84453398056445,161.49552331427299,160.90361673325808,198.03558473412966,198.47391205299459,232.69703372262188,233.745027596803,259.09809402872895,259.62451637325103,-1.5870680842137688,-4.9456117842694027,-1.1517452614006345,3.7938665228687682,-2.0562666432603862,-1.4055920258918491,0.65067461736853716,-1.183704726751813,-1.6142518852312548,-0.4305471584794418,-0.36205500759891152,-1.4035862457738801,-1.0415312381749686,-0.48553959273908731,-0.97112419156167107,-0.48558459882258376,58.352446144905116,59.92848328411128,-1.5760371392061643,59.997006390247407,-1.6445602453422907,65.43104857061553,81.682500876711856,180.1625689958455,200.53208370124855,144.17740810271954,153.78808030189211,173.28707551117643,178.73284174472244,202.23372164521697,207.6812617890171,229.70174499773617,235.22090792910797,257.81329430221348,257.46931205021303,3.4358548065052616,8.1173196421789555,-1.8632133988952546,-9.9805330410742101,3.2823829138974645,-2.2346515970290568,-5.5170345109265213,3.407280144446645,-2.2726568137437937,-5.6799369581904386,3.3087863532973927,-2.1098063027179705,-5.4185926560153632,-2.0854353412950672,-1.7929509783174069,0.29248436297766034,69.901259281527018,73.313989391806899,-3.412730110279881,73.462367992651707,-3.5611087111246889,73.47239661329877,64.858504730791537,183.07278546318412,193.15149006000931,129.46230879727062,121.04980833007002,149.94300796806388,142.86464719669922,189.6967069120318,183.09337283470055,236.0863470909888,231.25564821711225,261.97843599931002,262.31707406425505,-6.2099931126105048,-9.145153355568084,-1.034465466668081,8.1106878889000029,-8.2236414136970666,-1.2346274728349442,6.9890139408621224,-7.1419118103942481,-0.79809263723780077,6.3438191731564473,-5.5035234875480796,-0.23114452446935729,5.2723789630787223,-0.10851765528582291,-0.30406847630973743,-0.19555082102391452,5.0229228907190304,9.6458479191157664,13.062931426448358,17.262472997747039,5.3386495571578507,11.506024327594531,4.590984871198458,10.549191954840893,3.6708413608963042,8.8123098408454723,-1.5998957485559799,-1.9769176860092443,0.49599403444675694,0.4710541803180468,0.55740371438395275
4527,2004,101.8254657762495,32.475148549803123,6,10,26.061081134658814,-1.4782562255859375,106.76428104921979,113.07140396380782,-6.3071229145880352,113.34562642959645,-6.5813453803766606,129.39059430793532,103.68384043223887,312.86941491812468,200.32292519075693,141.44871090712087,142.35074811474104,166.17088195751694,168.55475345268229,199.75958346149935,202.38538592694593,233.3526529697489,235.25087835949154,260.08592230695393,261.4980332909426,1.3095497088176842,0.75020719001679481,-0.23177937087046985,-0.98198656088726466,1.842196867701773,-0.50260768906591125,-2.3448045567676843,1.8696355820740109,-0.73439759975892116,-2.6040331818329321,1.4161694909525977,-0.63898183106840634,-2.055151322021004,0.91449430725560887,-0.43548192204457337,-1.3499762293001822,52.706187942136239,58.349610788156497,-5.6434228460202576,58.594977667728017,-5.8887897255917778,54.600676741286748,56.765554159441308,132.31473293376621,209.55583398848981,164.10795252820597,167.43073916984576,183.69769215042933,186.24281919236421,207.93744102888374,210.92950433783292,233.53660074947635,235.78602053308393,259.26235317969417,257.41320270504008,0.73960842536513383,2.3182295718619059,-1.3051277030569111,-3.623357274918817,1.3973912355775724,-1.2824774242235435,-2.6798686598011159,1.7114964973999633,-1.3335716628323837,-3.0450681602323471,1.2670180499705168,-1.2430162573835162,-2.510034307354033,-2.932687707980449,-1.1204806540978893,1.8122070538825596,54.058093136885873,54.721793033444555,-0.66369989655868267,54.750648814022497,-0.69255567713662458,74.789917653382872,46.918286399133649,180.55468186363578,191.87456906084543,133.78114820962625,133.33530363204974,149.50577142905888,148.75223314140837,184.18328291294969,185.0289101907652,233.10409118735242,234.3702395730067,261.42754568591459,265.88415658230826,1.1131946125279626,-0.37121593638605077,-0.064366426954336475,0.3068495094317143,-0.55984523833285493,-0.083721404735484839,0.47612383359737009,1.3456725927046875,0.33708269709563865,-1.0085898956090489,1.3596813537764092,0.35439129285069271,-1.0052900609257165,4.4684576719034794,0.039389194729949395,-4.42906847717353,-0.56994128345255035,-0.37358618716282876,1.5680223818451111,2.6894455082479567,-0.44480563212420066,1.9572364739104273,-0.15813908467404758,0.36582390469527581,-0.14915144098208089,-0.092663303805892383,-3.8471820152360579,-7.4011453798839284,0.42290721503855488,0.42198335229331407,0.54748699433582082
4528,2004,102.07546691981996,32.475148549803123,6,10,26.061081134658814,-2.3478240966796875,128.58240532875061,132.4471447467804,-3.8647394180297852,132.61517918109894,-4.0327738523483276,158.15477448777347,109.30706169562472,342.09908577799797,194.6070458761335,130.29385448350814,133.32489965794338,156.3739859005814,160.70602623213395,193.4531170086598,198.14227349473254,230.80142060114102,233.63211314826242,259.92123590571498,262.20332518653237,2.3833152815484198,2.7061550438677955,-0.19912981460831247,-2.905284858476108,3.6617410517833946,-0.69580479220024927,-4.3575458439836439,3.3866075678216703,-1.1428240891267478,-4.5294316569484181,1.7501957473330094,-1.1512783302154617,-2.9014740775484711,1.4603593829235137,-0.81258456040501414,-2.2729439433285279,66.783393368124962,66.492038831114769,0.29135453701019287,66.479371480643749,0.30402188748121262,69.31490927037089,58.339994743609168,143.96566997561604,202.82120175808052,153.87587514795706,161.66743425726636,174.03887395889387,181.64711994350625,202.91674765381111,207.48826348874977,227.71014140540603,232.52971916866133,253.94181529903932,254.313607823258,2.6702119337828947,6.1174039982299746,-2.0962880963735415,-8.2136920946035161,5.5691774387454132,-2.1830038056007197,-7.7521812443461329,2.4784667661145363,-2.1961451313037514,-4.6746118974182878,2.7053100319889154,-2.1333417223202673,-4.8386517543091827,-2.0561473833303694,-2.0047176187401305,0.051429764590238847,61.799011826515198,65.955106556415558,-4.1560947299003601,66.135806679725647,-4.3367948532104492,88.839865130263206,50.967067005789431,198.13341565430164,187.10686505741623,122.77518415685964,125.15859629328256,139.39779922486429,141.70661311081952,179.45605767628592,180.20607847402513,235.17512921975418,235.32045704156815,265.24504578920727,269.15978990341318,2.2986686467430957,2.0344715649861058,-0.47784616931062374,-2.5123177342967296,1.8170298671178386,-0.5333469865019822,-2.3503768536198208,1.2502598991254388,0.32822578626490895,-0.92203411286052983,0.43985056336745743,0.68710738577004804,0.24725682240259061,3.8958645752599068,-0.045653617313689665,-3.9415181925735965,0.28689665223447491,0.371543287039799,3.4112489543621791,4.0829324332438688,1.9074363869620186,3.7521475716275745,-0.90814080170713396,1.2282068669890975,0.95511428465590598,2.265459468621458,-3.5165067662538831,-5.9520119585902762,0.42083032653598268,0.43827263195098448,0.53372576152547302
4529,2004,102.32546806339042,32.475148549803123,6,10,26.061081134658814,2.3333282470703125,125.37802409016513,133.6876414988692,-8.3096174087040708,134.04892900799314,-8.6709049178280111,143.37273322090005,110.48354362533428,358.29069093987346,199.62487034421548,142.46835901551614,142.0469712563704,165.25455244990044,166.41787876269669,197.96902874321714,199.34287574644412,232.73640589303017,232.91380997151916,259.55658155032705,259.97729706415345,1.2944389988761884,-0.272789647617941,0.11337747778347307,0.38616712540141407,1.8365900170291809,0.64483913327339337,-1.1917508837557875,2.3153854129842557,1.0205406903359915,-1.2948447226482642,1.1240463699343479,0.91062251432501284,-0.21342385560933508,1.0678295648274343,0.69800341756371154,-0.36982614726372276,63.849806219084712,68.29073231478651,-4.4409260957017977,68.483816244774061,-4.6340100256893493,65.525842291979643,56.834771984913004,132.18463215790689,204.88714090847739,159.78545665517217,162.06216542395768,177.80623565369928,180.16975966603275,203.6117923112476,204.47412044720943,228.66284204575689,229.01048817006247,254.84827908518241,250.06031618484494,2.5518896236636408,5.1024249173501062,2.2328858833712104,-2.8695390339788958,5.1727773644678052,2.2317940149728486,-2.9409833494949567,3.0335416580140304,2.2200900472447529,-0.81345161076927752,2.278766307570379,2.1317807918237861,-0.14698551574659291,-3.3498794748043395,1.9885913282599574,5.3384708030642969,61.528217617760674,65.396909909271017,-3.8686922915103423,65.565113823684442,-4.0368962059237674,77.846890867453112,53.648771753421897,226.10605881735682,194.7281715498257,135.34067490004333,134.0197107381392,150.3994769246784,149.60113159885802,188.63478275406067,188.57164802550332,237.54942358624251,239.48587269956087,262.60960906919189,268.53907013443717,0.092631674547703824,-1.4476059151249672,-0.33809799366810012,1.1095079214568671,-1.0479729112347513,-0.51412045849036758,0.53385245274438375,-0.98443305756907762,-1.199683839376803,-0.21525078180772539,0.72334563967626764,-0.78783929027383692,-1.5111849299501046,5.7735665243065455,-0.29226604146032287,-6.0658325657668684,1.2574506247874524,2.459257949115937,5.3752145649680472,6.5500308324750733,3.3361873474386243,6.2207502757025566,0.71815624502977471,4.017974715583108,1.1547199376360311,1.5554206678941114,-4.4177090396317737,-9.1234459991108849,0.36893124912388375,0.45703140911055512,0.51441843843865076
4530,2004,102.57546920696089,32.475148549803123,6,10,26.061081134658814,1.86956787109375,88.53898751910674,93.497807501347779,-4.9588199822410388,93.713407764573276,-5.1744202454665356,105.75645652613821,114.1918886434014,291.86921377945691,194.48504093595909,137.19695455932342,136.92335300533824,160.81881808307861,161.11483438551144,194.11366613294302,193.82613208727133,228.13447069696207,226.81310302498042,253.06780061489374,252.11774987338336,0.27717574562188929,0.019417002923944437,0.39325614300230427,0.37383914007835983,1.0238484554125478,0.66181018952411819,-0.36203826588842958,0.50853712851161958,0.87826217534407647,0.36972504683245688,-0.55467836553390271,0.7408617649748237,1.2955401305087264,-0.74307849832149486,0.39600209294965794,1.1390805912711528,38.950798059766385,40.043391262824116,-1.0925932030577314,40.090895431157151,-1.1400973713907661,40.900561587791231,52.560421430560382,101.75163193419576,198.20366296507672,152.49644639230368,155.43543575611463,172.83576040375391,173.73008154394117,197.71825438210823,197.42040180694588,223.30862220498511,221.27227592456273,245.51410696780457,240.61033837892987,1.0576051399843323,5.185101399159521,1.7771335809326558,-3.4079678182268651,2.8299906057737303,1.7665348611145077,-1.0634557446592225,1.2928698292224396,1.7468057754319091,0.45393594620946942,-0.70679458349434299,1.6556261449228487,2.3624207284171916,-3.7684871012627355,1.4714882385228805,5.2399753397856159,49.58818939228513,53.454415851093472,-3.8662264588083417,53.622512936913154,-4.0343235446280232,64.85589482634532,61.631467346951467,190.11758172232658,191.7373668269187,128.67980423871066,128.91987829845553,149.65868051851331,148.05656445344283,188.82387765133021,188.40416096311722,233.35426840660318,233.51743004314719,257.93585879826446,258.97449214028131,-0.43051169949424661,0.94384580847591337,0.15031075949184469,-0.79353504898406868,-1.2154164653171904,0.11054411508195017,1.3259605803991406,-1.0426914896685844,-0.24292603275765146,0.79976545691093293,-0.46048604300787588,-0.37202556351851968,0.088460479489356203,0.90203310834840522,-0.0081325141975412407,-0.91016562254594646,0.78042939436244296,1.4881168394785789,5.1656843962355765,4.2412555906836076,1.8061421503611825,4.0454070710909207,0.78433270071082006,2.335561318891024,-0.15211621796044028,-0.24630854048646711,-3.0254086029412406,-4.6705202096111407,0.34862063941790594,0.38674292739453181,0.46028156688691035
4532,2004,104.07547606838367,32.475148549803123,6,5,26.061081134658814,1.8636398315429688,119.05443327291869,114.30518133703299,4.7492519358856953,114.09869235802034,4.9557409148983425,134.67060242433263,156.33671718256664,360.4677313119173,190.2714205319069,128.21605716578088,126.54017454748454,154.00536131920018,152.42387530072824,190.9238485952188,189.88882016492087,226.25362611142609,224.83924225053656,251.35715685720251,250.29647355252629,-0.61084985044067253,-1.0055171205268749,0.68968256711808351,1.6951996876449584,-0.65589497503080452,0.86453789964545535,1.5204328746762599,-0.064499303903488681,0.8952349189898996,0.95973422289338828,-0.69960299089393629,0.84242821549233327,1.5420312063862696,-0.78940720664203923,0.41239292221538904,1.2018001288574283,60.48221408277459,56.299900210600754,4.182313872173836,56.118061541783391,4.3641525409911992,64.721187962040972,78.181796420569299,169.84526924416423,190.99366112126702,135.87813550985251,135.52622099004529,159.47921267492043,159.26673104655663,190.50294382722566,192.86924107079321,221.95369104983001,223.38679602565739,247.34262043153313,247.03780351518159,1.8744970249621247,1.3652331488078175,1.3789926895109375,0.01375954070311991,1.3076141147417388,1.4177467782108124,0.11013266346907358,4.3150758288115867,1.4050123318696421,-2.9100634969419445,2.260732902764488,1.3114447709616854,-0.94928813180280258,0.44409715918965276,0.86166388974788788,0.41756673055823512,58.572219160341774,58.005280310931994,0.56693884940978023,57.980630615747941,0.59158854459383292,69.94941444942242,78.154920907283667,190.6224621757865,189.57454475000398,121.57932559762826,119.99193048221824,148.9877273071281,144.76866777297519,191.38818087885716,186.20895305923477,231.50760716644945,227.08594968458712,254.09016401989692,253.38985021117196,-3.0927905333624324,-1.2440777180186018,0.32498878221905159,1.5690665002376534,-4.1393357550615519,0.27424199532089233,4.4135777503824443,-4.9384650856116252,0.1337354696336206,5.0722005552452458,-4.5324953497403726,0.15256439202605065,4.6850597417664233,-0.83402224315861417,-0.026677091338683567,0.80734515181993061,2.4853468754027972,4.967287558324557,2.3707502693346925,2.6093108668264193,1.9635090897725433,5.4469498698032908,4.3795751327150754,9.2535409144232119,2.9603358936584243,6.7932282525048606,1.233504365831692,1.2781194023482669,0.47118023193370107,0.48058883525382512,0.50008595440359849
4593,2004,96.325440617699314,32.225147406232651,6,10,26.131824097324373,4.2608642578125,90.605494901945349,96.023812175255443,-5.4183172733100946,96.259392491905601,-5.6538975899602519,105.61964727316808,111.47914360238792,348.55615613237023,202.61894591679513,146.34720304184725,146.06247612075356,171.95484519626291,169.42591039557942,202.91567582989913,199.26706728096812,234.09553088551607,230.20484341314537,256.73016269986073,255.20719405517883,-1.1828564213631978,0.53965028939407489,0.81666855072768385,0.27701826133360896,-1.2334369983186377,1.292760820953788,2.5261978192724257,-1.781385640283645,1.8703799448752818,3.6517655851589268,-2.4861316954167592,1.3962882579226061,3.8824199533393653,-0.87236022395148893,0.67317855886338407,1.545538782814873,35.320703075809433,34.864942897342189,0.45576017846724426,34.845127730059176,0.47557534575025784,36.255489268916335,55.975099846708872,106.78573397686705,210.52833582879396,171.09942296131723,167.57526605895828,187.32950063710513,184.20271831831479,212.07434044567302,205.14389342832578,231.57515257410085,226.46635106110463,252.09480427265277,245.37868511298626,-1.4271825816288128,0.2813233936493873,3.7833428015381116,3.5020194078887243,1.2574214391123917,3.8911574262567967,2.633735987144405,-2.9910221455524209,3.8187618662427099,6.8097840117951307,-1.9405298222476688,3.4732149079792691,5.4137447302269379,-4.5137522827713497,2.8760623562100704,7.3898146389814201,55.284791753492755,61.158870442147418,-5.874078688654663,61.41426482695806,-6.1294730734653058,69.36415805280194,55.504043977900437,241.77042236924171,196.77688465803058,141.13144694597739,140.83397408435761,154.13117015812975,157.83555176675932,192.40362007268098,191.45745936232476,235.92062140221304,234.59013939499945,260.77450478500083,260.58040117897514,-0.35182272640966517,0.62957679940114986,0.71821540200170375,0.088638602600553895,3.9594195291189465,-0.029017742702563964,-3.9884372718215104,-1.1603729987655527,-0.43726364127829243,0.72310935748726024,-2.6251083419422798,-1.0014415984100538,1.6236667435322261,-0.3833744316858656,-0.12381576712601827,0.25955866455984733,-0.24432616026561504,-1.0753598552191477,-0.25832689574468759,-0.34825340575176256,2.4908584374310294,-2.7019980900065548,-1.2096365052687759,-1.8306491467868682,0.54560187316909037,0.68457851969461103,-3.6413920588198607,-4.1303778510854841,0.30636593873933277,0.34326463120206596,0.50211275434941416
4595,2004,96.825442904840244,32.225147406232651,6,10,26.131824097324373,0.3333282470703125,99.891054049134254,109.75967782735825,-9.8686237782239914,110.18874716758728,-10.297693118453026,120.05176529269102,119.62190981209278,377.55056595429778,200.89079110225239,144.27850638211822,145.41530219607048,167.79723953658208,169.31645588188613,200.76368902060952,199.67447999641647,234.47158874362435,232.29614023264776,257.61991684993143,256.51378292576618,-0.1208485922426803,1.336316260766182,0.085049014739155382,-1.2512672460270267,1.6252654641000106,0.12586949790642166,-1.4993959661935889,-0.88346196233013075,0.15529136716583025,1.038753329495961,-2.019901611205114,0.11875017022970269,2.1386517814348167,-1.0434751346359121,0.081504947877704126,1.1249800825136163,39.115970626473427,47.996607452630997,-8.8806368261575699,48.382721483707428,-9.2667508572340012,41.691061240304748,55.06164623145014,111.42557500395924,206.30559815691626,162.9941689462409,168.14042773503067,182.43540001837513,183.98558335549626,207.28745078005571,206.78386212928334,229.62061403279168,230.69732740356616,249.39838515702476,249.62781316056754,1.6796076356424692,5.8358983612997406,0.30691896135979846,-5.5289793999399421,2.2347712184944157,0.30831741010266001,-1.9264538083917557,0.20126040433433445,0.29314836526791055,0.091887960933576096,1.271824686259464,0.30138761883466714,-0.97043706742479685,-0.16802484158199604,0.24188789913094411,0.40991274071294015,60.775083184242249,61.763069607317448,-0.98798642307519913,61.80602552741766,-1.0309423431754112,78.360703744428974,64.56026366353035,266.12499053403735,197.22514821026581,140.16537878024712,138.53789793114046,154.02750973518926,153.97002924370381,192.29450665951481,188.96271215714847,238.32362022402128,234.59825060483894,262.00733981216501,261.68667613284691,-2.2292766428870436,-1.3856402632780487,0.028472930196841162,1.4141131934748898,0.34603348158705671,0.014787948257435346,-0.33124553332962137,-3.16424864064345,-0.05860943693187437,3.1056392037115756,-4.3534327776822863,-0.10354080671351085,4.2498919709687755,-0.37277699903006578,-0.0040445772123689494,0.36873242181769683,1.8004562278851495,3.9088842785295128,4.4995821005335586,7.2215386245777893,0.60950575439440513,1.888737736907359,1.0847223666644652,3.3655090449777845,3.291726297464578,5.6252574639417503,0.87545029305391608,0.20475215744806974,0.29512755390081236,0.34727570343226749,0.46029733447612842
4596,2004,97.075444048410702,32.225147406232651,6,10,26.131824097324373,4.18182373046875,89.684545033640461,97.762452267763365,-8.0779072341229039,98.113665056816899,-8.4291200231764378,102.98294513991277,109.4560474523023,324.88330607488751,205.30283503155684,149.78315120038158,149.86428858635819,174.37799620266253,171.5488855004528,205.20845458960258,200.6226598590705,238.11858683245913,231.90472219151332,258.77013643802252,255.2525009240982,-1.892772663213691,1.1900345301509958,0.82508888694462712,-0.36494564320636869,-0.96990078195108254,1.8529496536847887,2.8228504356358712,-2.7311663134306059,1.9463003859898436,4.6774666994204495,-4.5495706942687661,1.6367831175022047,6.1863538117709709,-2.2706009419283077,1.2937211792558685,3.5643221211841762,40.160859673944287,45.057931052260756,-4.8970713783164683,45.270847362378845,-5.1099876884345576,42.662009268292422,58.643634833332726,114.21774308662862,211.1909374796173,166.1122778669754,166.26835472794778,184.39624903819796,181.95828225332528,212.79638692125258,205.07959266330428,238.73376751500871,229.01988804497228,257.31191781205939,248.47619936890234,-1.5910657144157767,4.3831867175973684,3.7526628073420909,-0.63052391025527754,1.5952816754796686,3.8258006014293926,2.230518925949724,-3.7910394260256624,3.7491568822363774,7.5401963082620398,-6.3519204933427602,3.4733229223804187,9.8252434157231789,-6.3083506995490097,3.1965911239134641,9.5049418234624738,49.523685359696174,52.704521411251335,-3.1808360515551612,52.842817911859129,-3.3191325521629551,60.320935745638053,50.812412705667157,210.66556279733777,199.93542724868308,145.25124805137946,142.84309916954052,162.36011911433482,159.16472425334703,195.88150480544252,193.00525755339993,237.32113130801963,236.05116034230733,261.22524812258928,260.9685450165282,-2.0561132669309359,-1.0622118347154128,1.0655879761148981,2.1277998108303109,-2.6220080016993279,0.02612710466442536,2.6481351063637533,-3.2403566789812146,-0.63660045590646064,2.603756223074754,-2.7198626259289256,-0.92515626601883127,1.7947063599100943,-0.33734675845755646,-0.0048066199451568536,0.33254013851239961,0.30170694879791427,0.46504755251515917,3.1931521874463726,5.4453985523127812,2.5651824574307511,4.2172896771789965,-1.0598731125950565,-0.55068274704444775,-1.8023497990739941,-3.6320578674138346,-4.037749757620702,-5.9710039410914533,0.35156544196303136,0.41426285886786163,0.53577336472786374
4597,2004,97.325445191981174,32.225147406232651,6,10,26.131824097324373,-1.5454559326171875,75.64734083615258,83.93577710057798,-8.2884362644253997,84.296143957115419,-8.6488031209628389,94.730807561694746,95.373825196056714,267.27279249206185,205.11475385561309,149.95948773306193,152.05907265580626,174.86577033398294,175.2158221953124,205.13624312166485,203.96535158876307,236.5024714527637,234.54390643568456,258.10608324709898,257.24057098816496,-1.1115256125211204,1.8364901940669824,-0.64984976634087843,-2.4863399604078609,-0.51703045597093933,-0.85303445743957695,-0.33600400146863763,-1.9911922080654278,-0.81523269747700056,1.1759595105884273,-2.609077938348122,-0.67308857464902871,1.9359893636990932,-1.3848840298918503,-0.36752976128047976,1.0173542686113706,32.614570333875236,37.81121161530973,-5.1966412814344949,38.03715217771969,-5.4225818438444549,35.967895957477026,44.177682685147374,88.463751011993736,208.83307902442812,165.69803745695742,172.12696553785091,185.24134825735646,187.48427463557115,210.44045125569218,209.47360252552474,233.05011218813047,232.2254505473789,251.75489402808711,250.67073668389992,0.12508503096464096,5.2742654808019722,-1.3696101349712251,-6.6438756157731973,1.0712164128705695,-1.4137608126031012,-2.4849772254736706,-1.9373023434659444,-1.3815519849123916,0.55575035855355281,-2.1781284788090716,-1.2665589729650435,0.91156950584402807,-2.9234615954151479,-1.107786231780949,1.8156753636341989,43.032770457573861,46.124566325152045,-3.0917958675781847,46.258991684569992,-3.226221226996131,58.762911503973555,51.19614276422908,178.80904169753194,202.40458769284396,146.55642158395477,146.0878793442389,164.64648572961033,163.16753787455508,199.28960313923807,196.37657095361328,239.520226736137,237.22271124665335,262.15741277322013,261.63626654059368,-1.9658283583783884,-0.63899423250606446,-0.66040324862586886,-0.021409016119804392,-1.5282114486923604,-0.31155106674941635,1.216660381942944,-2.8730591993241035,-0.16946305273225448,2.703596146591849,-2.3803888491660814,0.050182614954593419,2.4305714641206748,-0.56017416354194438,-0.089015774237793721,0.47115838930415066,1.2366106434857613,2.0909133893430294,3.4377752867349898,5.9132597133080367,1.5882468688415088,2.5994278615629298,0.053889864599483417,0.93575685585815904,0.43094945953905039,0.20226037035700983,-1.5385775655232976,-2.3632874318732036,0.33098674274756629,0.37968530917518506,0.46320552409775767
4598,2004,97.575446335551632,32.225147406232651,6,10,26.131824097324373,-1.76190185546875,76.257591638990561,87.531652882564231,-11.274061243573669,88.021830746351043,-11.764239107360481,96.193432111507718,94.864273357961792,260.41839852370322,205.70410828250274,150.59382655897269,153.73208833194673,175.07951989382477,176.19509419904639,204.95760955711123,204.7094652063623,238.36887505999374,235.42360072885458,259.21376559900199,257.5949976896992,-0.97285040881882878,2.7416975177141865,-0.71429213780211853,-3.455989655516305,0.034747595241356066,-1.0442135190371573,-1.0789611142785134,-1.240563595325284,-0.95369197672425798,0.28687161860102606,-3.7419717690955565,-0.77581084220915386,2.9661609268864026,-2.1626678336108398,-0.48507022253329524,1.6775976110775446,37.165419200377073,44.382247980785905,-7.2168287804088322,44.69602314644726,-7.5306039460701868,41.137388355549774,47.738112557067325,99.936368711292744,209.88534665614776,164.3782591099073,171.38080261756022,183.63974533420816,186.86757502267633,209.95753095494166,210.08868337733867,237.99473579529317,234.56350603036623,256.098773997092,253.61847947624423,-0.21626982026575092,5.8223372430092581,-1.6336734368537407,-7.4560106798629988,1.9336134301798609,-1.6209850523915463,-3.5545984825714072,-1.0453590910525747,-1.5748334262451351,-0.52947433519256037,-4.8726954938664448,-1.4383111152999959,3.434384378566449,-4.374422364362232,-1.334196328848833,3.040226035513399,39.09217245351465,43.149405332493188,-4.0572328789785388,43.325807407607499,-4.2336349540928495,55.056043666550977,47.126160632014944,160.48202950693667,202.06737269977864,147.03102505831288,146.69324833735976,164.3435818222936,163.22838755323022,198.93316400557362,196.04377677179897,238.70393530469596,236.60916537978034,262.11901939491833,261.54308220653695,-1.720413814004047,-0.50072985182603702,-0.85171763630606279,-0.35098778448002577,-1.2283327885863855,-0.42673643200390643,0.80159635658247907,-2.6925501612249434,-0.21378347600776237,2.478766685217181,-2.2499600991441184,0.10543452267521047,2.3553946218193289,-0.69077754491769383,0.0046868976119753825,0.69546444252966921,0.75658058855307786,1.5041439937382961,3.0806397252950717,6.3230670948352952,1.8988658349385048,3.1619462187662464,0.1952045042727093,1.6471910701723687,-1.1307237247708883,-2.6227353947223264,-2.2117545307513922,-3.6836448194445381,0.38375310376619398,0.42765277683265518,0.50322540686030304
4601,2004,98.32544976626302,32.225147406232651,6,10,26.131824097324373,0.1052703857421875,95.558019845775561,98.760104883767781,-3.2020850379922194,98.89932590472381,-3.3413060589482484,114.03946360183363,108.3129557832217,301.70647940970957,202.65427116448438,148.30334112990801,151.3845511707793,170.58497418323381,173.86527927816974,201.8537488774349,203.28318051221888,234.92261402034444,234.41553565553158,258.9816963077235,257.45551787046674,1.5198639090320967,3.476217075145172,0.039059492684202723,-3.4371575824609693,3.2993270951600664,0.054575536206215247,-3.2447515589538511,1.4408664519730792,0.057225259415588425,-1.3836411925574907,-0.44498875245736258,0.048655811082539913,0.49364456353990249,-1.5539896417854493,0.031460735067639689,1.585450376853089,44.418376660481954,44.800794814591427,-0.38241815410947311,44.817420823179418,-0.39904416269746434,49.295843327123521,51.227142842610192,121.2324289418757,205.15678653713954,159.16036232539574,166.50725663347453,180.06445934504822,184.19052869719576,203.9679715084155,208.06306451837949,230.64502139911232,232.44156719728468,254.36971985402076,252.023743363623,3.4144425330797219,7.7348323060874691,0.092059356909516055,-7.642772949177953,4.5208920519876301,0.090386104118579169,-4.4305059478690509,4.4285539041349011,0.089554779982279342,-4.3389991241526218,1.6780864271652263,0.085255952639926136,-1.5928304745253001,-2.7131979733922833,0.071074227449798855,2.7842722008420822,51.139643244898252,53.95931022446257,-2.8196669795643174,54.081905087818996,-2.9422618429207432,64.743620264514902,57.085812982177231,180.4740504194051,200.58941456446968,144.94271364668555,145.42171081374326,162.68352792206426,163.5438040956318,197.47704305308378,196.40092656796151,238.26502431654808,237.06066927774512,262.10902044346858,261.5986390880737,-0.076423362506005788,1.3101997048285909,0.043441083068017861,-1.2667586217605731,0.92030553063847265,0.033629258477986923,-0.88667627216048572,-0.96612923362019387,0.010661278424379361,0.97679051204457323,-1.4652137197033142,-0.00079130738927801758,1.4644224123140361,-0.48683636364279437,0.005415799331387916,0.49225216297418228,1.8945786240476252,3.4908658955857277,4.2586152309422971,6.4246326012588781,1.2215649568275637,3.6005865213491575,2.987687452161822,5.394683137755095,2.1230751796225888,3.1433001468685404,-1.159208331606834,-2.2263616097494889,0.40182242416227726,0.4322700385476988,0.47295489696668008
4603,2004,98.82545205340395,32.225147406232651,6,10,26.131824097324373,3.375,101.43179890905049,107.01496648490865,-5.5831675758581696,107.25771284466828,-5.8259139356177911,115.745648663682,106.06466400013414,314.78281601518393,204.28153830964825,149.58735107762377,149.4988771007333,170.23794467293854,171.50472977162136,202.74024632909533,201.74384262965202,238.42809029481884,233.78185938514878,261.80225378800145,257.81350073196847,-0.045482662805909513,1.2276022473221531,0.92052925661008089,-0.30707299071207217,2.7923414626961289,1.5893118762385257,-1.2030295864576033,0.59381755835823924,1.7095022488191489,1.1156846904609097,-3.160283700343598,1.5004641124176885,4.6607478127612865,-2.9784082972206534,1.1409193536559883,4.1193276508766417,43.135468178550582,49.086755113798063,-5.9512869352474809,49.345506632431352,-6.2100384538807702,46.209891845594029,49.645077498815226,109.3314298056066,208.25030308387247,161.82551923232762,166.08982304125558,180.80052179089452,182.68673422909544,207.92333593817293,206.9204042075618,236.19962741179003,231.91618696225444,257.20676231934954,252.23323939512593,2.2287379323319385,7.315574280189054,2.9629538343761226,-4.3526204458129314,4.9633172685458078,3.0042703220927933,-1.9590469464530145,2.0161602921425583,2.9614789504536816,0.94531865831112327,-1.8313162384893644,2.7385222084780878,4.5698384469674522,-3.3041574641102898,2.4113004910359734,5.7154579551462632,58.296330655994097,57.928212503597933,0.36811815239616408,57.912206430787592,0.3841242252065058,69.535756732406298,56.419586397010789,205.45138572156429,201.26121526844301,145.87398728107158,142.72123928033616,161.78115812521759,159.2993203494643,196.3680034428437,193.28015367238839,240.3206165932107,236.39121287414156,265.00636931031516,262.51940183191209,-2.4989031034694733,-1.6198405544736545,1.2172303264482025,2.837070880921857,-1.6584421572888459,0.44836809314139714,2.1068102504302431,-2.8887945689318713,-0.078048334352473603,2.8107462345793977,-4.5002750669137299,-0.26562842684700172,4.2346466400667282,-2.3278504151809898,0.22609615304003228,2.5539465682210221,2.274220595137848,4.7276410358014118,6.0879720328669009,8.9354148346627085,2.1709758058496789,6.6217594258346537,1.4223427337843191,4.9049548610744296,1.3289674618542335,2.6689588284243655,-0.3257491668896364,-0.97630704892929998,0.34732337422234916,0.39923653613851579,0.46806425086824804
4604,2004,99.075453196974408,32.225147406232651,6,10,26.131824097324373,3.0869598388671875,101.64406943744689,104.77587624722946,-3.1318068097825744,104.91204363785073,-3.2679742004038417,117.2082425763565,101.23910240548776,311.88864162936807,204.20675020532195,149.7994535633388,149.86385241823623,169.80319794752876,171.58343148524861,202.26186674643213,201.79086524640891,238.46813608242459,234.34277752318036,261.91902446444976,258.30149905837993,0.17590377346576247,0.98938994579526707,0.63097643746300491,-0.35841350833226215,3.1269142983847189,1.3536962620455313,-1.7732180363391876,1.0037109521566379,1.506802130320068,0.50309117816343019,-2.7257601099246074,1.3815139494814446,4.1072740594060519,-2.6037156700036803,1.0698317296010487,3.673547399604729,43.686071982567228,48.473827929548861,-4.7877559469816333,48.681991136494617,-4.9959191539273888,46.77109729370386,48.557502335063873,107.71543652936816,209.06933187306416,162.97607103140746,165.68536923138882,182.33808559515276,182.29836255508869,208.62754298432912,206.83260785148047,237.1189675702685,232.17504663936668,258.00093481428104,252.22833234404524,1.2560757274122807,5.6576193933802585,2.766007313823394,-2.8916120795568645,2.9744112708160344,2.7716398689642574,-0.202771401851777,1.0959375486787621,2.7358475234404978,1.6399099747617356,-2.7367028370766491,2.5558192220136675,5.2925220590903166,-3.9484058125709112,2.2568135700483367,6.2052193826192479,57.957997484681982,56.302050030019018,1.6559474546629644,56.230052761802654,1.7279447228793288,70.437145312454959,52.681599981016916,204.17320518568158,200.44174182133699,145.89546922117086,143.17548605715606,160.99070035232344,160.28807977772331,193.87628165133117,194.05552403351527,239.66589876754958,237.34782450380118,264.9090781030585,263.16677435744913,-1.0700377003946642,-1.616292111225448,0.89798042323391769,2.5142725344593657,-0.33666338231171267,0.17320760122444767,0.50987098353616034,0.23031646592156108,-0.17070923778587144,-0.40102570370743251,-2.8225923159031368,-0.24368908426316693,2.5789032316399698,-1.4042519607698409,0.35849894575835606,1.762750906528197,1.0801719539465182,2.3261134278069449,4.6682294475849915,7.2739115046057066,-0.1525030275686845,3.3110746531277471,0.092226596522124282,0.86562108275720107,-0.010942727152041698,0.085889478826487675,-1.3446901425672309,-2.5441538518010702,0.34536505070092127,0.3990427316853109,0.47963189302665893
4605,2004,99.325454340544866,32.225147406232651,6,10,26.131824097324373,-0.4166717529296875,94.769672453403473,95.643143892288208,-0.87347143888473511,95.681121230125427,-0.91144877672195435,114.33624597933886,107.88550887747624,327.94575237482786,201.43566863258508,146.60026642376181,146.32874517859221,166.86885384769144,169.68415429160197,200.06412829083246,200.81733536214966,235.85256194989265,233.24961811093985,259.80444790091923,257.29891953079243,-0.11543119823093662,-0.29957528083346574,-0.11771776036673032,0.18185752046673542,2.673667965586219,-0.1509371250944298,-2.8246050906806488,0.53831206110629637,-0.18935817751662398,-0.72767023862292035,-2.8715423893577849,-0.13979981173500278,2.7317425776227822,-2.6797621413832076,-0.088588634916220599,2.591173506466987,37.960558146238327,43.383662477135658,-5.4231043308973312,43.619450703263283,-5.6588925570249557,40.275230630425995,56.148893641418908,109.09441308863461,210.99587109559585,166.17784076254804,169.20459098449763,184.10293599726529,185.77187459724507,211.3254427269548,209.52386923735673,239.12494512348965,234.07417401235625,259.19478379419894,253.77627051920769,-1.1523555849839227,2.8292035113169902,-0.38617416690280493,-3.2153776782197951,1.3776068691627756,-0.37903920853119644,-1.7566460776939721,-2.0999534132739939,-0.38188786048962697,1.7180655527843669,-5.5439088124215345,-0.33888243780117477,5.2050263746203598,-6.4089530426300314,-0.2972033906638103,6.1117496519662211,56.809114217758179,52.259481430053711,4.5496327877044678,52.061670422554016,4.7474437952041626,74.061015350154776,51.736615101946882,218.85133948922157,194.10775510845301,141.71529795532697,139.49467809413943,154.24026585858618,153.58610304011486,186.67281287484892,187.24777157421107,232.7053585070795,232.00520843767276,260.89245099546298,260.5056140423244,-0.098587410466507208,-2.235457860138041,-0.025825062753483508,2.2096327973845575,-0.21660259020472949,0.0051876905565961806,0.22179028076132568,0.89996856040414741,0.066272709013986741,-0.83369585139016067,-0.60026030772576178,0.1661549918470655,0.76641529957282728,-0.4548069156675183,0.027635301490192887,0.48244221715771118,-1.036924386752986,-1.0537681745174154,3.128778792150456,5.0646613714550313,-1.2960610964234434,1.5942094593675051,-2.6382654743802902,-2.9999219736781413,-2.6723664230637496,-4.9436485046957728,-3.7291909012468238,-5.9541461269625131,0.33265993628099927,0.35225251874811364,0.52044889277193163
4606,2004,99.575455484115338,32.225147406232651,6,10,26.131824097324373,1.9523773193359375,95.188044893744518,94.963299338851357,0.22474555489316117,94.953529587790399,0.23451530595411896,115.32892942234321,102.95199288309504,346.63716703653336,204.23232687514408,149.92172054293056,150.29463867367019,169.69695410654271,171.99284660669781,202.37613970240932,202.50395303557931,238.3361733330207,234.67557826003355,261.69120326977344,258.41177266843863,-0.069655388885081493,0.61419697826735842,0.10878731433848543,-0.50540966392887299,2.8042875567141152,0.59464440632254423,-2.209643150391571,0.75837717623869594,0.77043890625009226,0.012061730011396321,-2.8986312375246541,0.77337474847519161,3.6720059859998457,-2.8387697115706487,0.6037657021437326,3.4425354137143813,43.363561670434137,44.029374397283391,-0.66581272684925352,44.058322120828961,-0.69476045039482415,45.152628893685971,52.574399377381269,112.84153989888728,211.79721704795486,167.2757532514525,168.90321162758681,184.66488611547453,185.17628688507386,210.99263295981916,209.2470557348241,239.60439438702088,233.559591779388,259.53463361195753,252.65876646822596,-0.44394073637326414,3.6617513586295729,1.7540652970832298,-1.9076860615463431,2.1107230253454077,1.7645108160562586,-0.34621220928914909,-0.03692800751912273,1.713253545859601,1.7501815533787237,-4.5638333758957117,1.6257416785445855,6.1895750544402972,-6.3429546554671958,1.3622008523019815,7.7051555077691773,51.824483230760961,50.933926965997671,0.89055626476329053,50.8952067517057,0.92927647905526101,70.176300353036368,50.377593550417259,233.79562740772963,198.09984784338349,144.59393616830553,143.67150712511204,157.13168849570198,158.76011836577223,190.20962071333454,191.99935103833175,237.04268615684722,236.31883647321351,263.77949867705581,262.96525128911861,-0.052457157300409563,-0.5355046971829438,0.32839233712380178,0.86389703430674558,1.7024663646247973,-0.15686901436293965,-1.8593353789877369,1.4152924720337978,-0.46004557498540066,-1.8753380470191985,-1.2487213110891275,-0.45520347030557673,0.79351784078355081,-0.73679182791363473,0.074649375938804496,0.81144120385243923,-0.37428534748818265,-0.39148357907285458,3.0475543803622145,4.1972560558125167,-0.69356453136870755,0.4082566607206104,-0.79530518375781867,-1.4522204795529206,-1.6652021383710576,-3.3151120648065842,-3.5041849438965471,-5.6061628275535611,0.32553214320204299,0.39151173187720878,0.5106690789082734
4607,2004,99.825456627685796,32.225147406232651,6,10,26.131824097324373,-0.7916717529296875,105.36006023188565,111.1271782387048,-5.7671180068191461,111.37792246531535,-6.0178622334296961,128.29576036744947,112.04131817775487,376.81801474839449,203.16083289413032,146.82491755176525,146.32189691470762,166.89389003974108,169.83926627318951,201.30656526229797,202.19020660947709,238.78123574845924,235.5805177821909,263.16122956915899,260.94761915602265,-0.46353279877797604,-0.69146195498839802,-0.23281143669709081,0.45865051829130721,2.6920978985237412,-0.3089302155584619,-3.001028114082203,0.44248782842956302,-0.3560568600284455,-0.79854468845800852,-3.6308510804403511,-0.31867458717491104,3.3121764932654401,-2.5861063288394348,-0.19688433592438059,2.3892219929150542,46.429440380798042,56.021096409464008,-9.591656028665966,56.43812552935924,-10.008685148561199,48.463149348971911,60.487955206874176,125.88939594617113,213.41863235784717,167.05981838622759,169.67802838868477,183.92829840179209,186.72870770650124,213.43610607261255,211.14080526504398,242.7184656081925,236.2297480730121,262.39109075454849,256.74617270671928,-2.2452408674265314,2.1582227425026872,-0.7372041829522118,-2.895426925454899,2.1705581701082224,-0.71251964539632695,-2.8830778155045493,-2.7338999074002857,-0.71736068701869726,2.0165392203815884,-7.4169927839922707,-0.68833403567879259,6.7286587483134781,-7.1757122699499689,-0.61739759764276414,6.5583146723072048,58.930619888340516,55.106081705062934,3.824538183277582,54.939797042748069,3.9908228455924473,79.832611045796511,51.553362970880698,250.92861850559711,194.6546084731589,140.1992878249969,138.83089964468826,153.33779517252086,152.19643831010509,185.81128384630242,185.47675209704573,234.49590882659831,234.43722791855677,263.84544305867166,265.2153434907342,-0.15270987847657125,-1.3764733042653745,-0.076002986381695337,1.3004703178836792,-0.83791073051580156,-0.13755212583029675,0.70035860468550482,0.10518261621194824,0.18386375333938076,0.078681137127432521,-0.1995002504158947,0.28505540246408145,0.48455565287997615,1.2090319699694305,0.060975164281671823,-1.1480568056877587,-1.7817080686485554,-2.0925309889499601,2.8496846974910852,3.5346960467680617,-0.52153972841551877,3.0084689006240239,-3.1763877358298487,-2.8390825236122339,-3.7861417035519196,-7.217492533576376,-4.5896059411105341,-8.3847442399193994,0.33408539671392534,0.37774552495085978,0.53987186326127756
4608,2004,100.07545777125625,32.225147406232651,6,10,26.131824097324373,1.0416717529296875,106.32934629406191,107.19803382780083,-0.86868753373892105,107.23580278794725,-0.90645649388534366,125.86007871048241,115.09026066287879,381.63582731038332,201.53032249489038,146.8167382407415,145.44382808859405,166.51662619627942,168.14277069966514,199.96679901943094,199.77999872572937,234.89447749372357,232.35864048434809,260.90575999760472,257.6875809864602,-0.50581671199952893,-1.0720243106988505,0.22339691636960879,1.2954212270684593,2.0239547790348524,0.36941032012992991,-1.6545444589049225,0.22934723507648869,0.45515187849514405,0.22580464341865536,-2.2373165029848678,0.41428612282396671,2.6516026258088345,-3.0740933074534951,0.29750992562554757,3.3716032330790426,51.359059228321712,52.163407467205616,-0.80434823888390383,52.198378126151511,-0.83931889782979852,53.323293784364068,63.528915287217842,133.98495860164985,209.07679947308554,164.68847608022435,165.97478979976512,181.93954535671944,182.93171807514091,207.11593757138078,207.24052786332572,234.88903356019219,231.44167096531041,258.93469302669234,252.23636447161428,-0.54878214180857299,2.223161693068505,0.90388466264818135,-1.3192770304203236,2.0591842136173284,0.9157641185506975,-1.1434200950666309,0.84948728200126311,0.92350882558704939,0.074021543585786276,-2.8835761708251084,0.85182576187625614,3.7354019327013646,-7.0058455377535722,0.76057621330051006,7.7664217510540823,54.970286905552712,55.034628163635716,-0.064341258083004504,55.037424527685289,-0.067137622132577235,72.536784773381441,51.561345327852905,247.65086832642555,194.42447408878991,139.4765390156376,138.37740610672728,152.50311591448684,152.16354006443848,185.89849819201356,186.16639555629703,234.90023066234568,233.83268597093152,262.85194067451238,262.59231380789817,-0.67180993266245537,-0.86842824936650231,0.12619554534458644,0.99462379471108875,0.18887038171502013,-0.044598180612126725,-0.23346856232714686,0.17385525743441121,-0.2441593113403826,-0.41801456877479382,-1.9727198913425639,-0.3320245303931415,1.6406953609494224,-0.48717418803119017,-0.06120360756460741,0.42597058046658276,-0.042965429809044053,0.12302779085388238,3.2951860037673555,3.0915899424350073,0.03522943458247596,1.8703138319023083,0.62014004692477442,0.6756320245668519,-0.64625966784024058,-0.91085627948254455,-3.9317522303000771,-6.518671349722382,0.35108066123121157,0.42367122546478253,0.55199210533814058
4609,2004,100.32545891482673,32.225147406232651,6,10,26.131824097324373,0.625,111.44161666419132,116.62355148988172,-5.181934825690405,116.84884847214562,-5.4072318079543038,131.73321355368716,106.75414504740002,386.80219428241253,200.21508591977863,145.4633948944664,144.55759359038078,165.45842853871702,167.31622624827102,198.25996320774041,199.22719270883204,232.72750057572878,232.48879718406212,260.0533313665652,259.00746493106152,0.44623957324554908,-0.80480665288666842,0.13024077784749011,0.93504743073415852,1.9981540724930369,0.20071271004763958,-1.7974413624453973,1.3187092187193628,0.27167284339850539,-1.0470363753208574,-0.11236545542504928,0.22373649081484359,0.33610194623989287,-1.0187050264352138,0.1638691923501483,1.1825742187853621,53.311863055861977,57.26605929942707,-3.954196243565093,57.43797958239702,-4.1261165265350428,56.783596875555304,57.015851649372962,131.981934315525,206.64276404920375,163.53498412158825,165.46687008787117,180.62938676812058,182.23438586163593,205.67435805359128,206.65179283502584,230.60946417019983,230.78252317692278,256.52067430046282,252.51493166964238,1.4042901440524815,2.7620222942126702,0.58242402945555227,-2.1795982647571179,2.5148361081932364,0.57403021405647792,-1.9408058941367585,1.6199010198972985,0.576395673242871,-1.0435053466544275,0.95553573114585788,0.54368966033717925,-0.41184607080867863,-4.1290681708136674,0.49647933445720582,4.6255475052708732,58.129753682835144,59.357489021473157,-1.2277353386380128,59.41086951808029,-1.2811158352451457,74.949616689307732,49.738293344631529,254.82026005536318,194.34870938595921,139.3077663802855,137.29404650594594,152.415037276231,151.42956888611062,185.24275527656681,185.63059907378113,235.28322847558735,235.16799706077879,263.18062561825593,264.50047333772829,-0.44468352168405545,-2.0148357201120746,-0.01164945862782929,2.0031862614842453,-0.67281736169837814,-0.029159771183913108,0.64365759051446503,0.27430353588641765,-0.18235876820187968,-0.45666230408829733,-0.78849747109819646,-0.34695410496451018,0.44154336613368628,1.0394325964626887,-0.075136970801281677,-1.1145695672639704,0.95805057080693246,1.848973665736537,3.5668289470993386,4.7768580143247448,0.51668203570019955,3.1876534698916146,0.30119180117793576,1.3455974840108809,1.0679011865709072,1.7440332022440543,-3.1103631443784536,-5.1685007672763561,0.3412129927555741,0.4310499633595703,0.5340856003676232
4610,2004,100.57546005839718,32.225147406232651,6,10,26.131824097324373,0.850006103515625,87.381712229260302,90.687769135958661,-3.3060569066983589,90.831511081381905,-3.449798852121603,105.0292583499031,99.660017203770622,317.20636501163244,201.82150422454475,145.42932878529027,144.41456549026319,166.39580761892441,168.14604548825713,202.54831321296012,200.47233972859399,233.91263960239976,233.05343214263777,259.68358391075998,258.89262253112514,-0.47470327112017685,-0.85743400434864725,0.17324390230609765,1.0306779066547449,1.896947375072159,0.23901998456832985,-1.6579273905038292,-1.6223386964299209,0.36342078153123225,1.9857594779611532,-0.60280275974787401,0.33616617100850021,0.93896893075637422,-0.6595086975854656,0.25237419939094252,0.91188289697640812,31.389853559907351,34.787093521703355,-3.3972399617960036,34.934800074999657,-3.5449465150923061,33.331253367861791,50.837222793140882,96.632185789290816,212.36123319713076,168.1535229247128,169.0409691498443,189.73599686710722,186.02806846665598,213.82211247737749,208.11772103926259,234.82307556413585,230.30439899662468,257.66769204048524,249.7465743892796,-3.1369169895763207,1.8459913640053855,0.7750228076549206,-1.070968556350465,-2.6419939264866343,0.78859526348526288,3.4305891899718972,-4.9089945651235496,0.79068482128946016,5.6996793864130098,-4.0964482210125936,0.7631212755668173,4.859569496579411,-8.1079225910958712,0.70017802887804237,8.8081006199739136,55.991858797642635,55.900675487595436,0.091183310047199484,55.896711078652515,0.095147718990119756,71.698005067490158,48.822794364436049,220.57417888939381,194.4608417108538,139.99167396760052,138.77810285330949,153.92960007294073,154.97857646331073,186.22952988432664,190.21207168839851,233.13601521487698,236.12729236331032,262.0226411540483,264.09100603642247,1.8861249188669831,-0.99465837055026896,0.14106435361668446,1.1357227241669534,1.1801825949628153,0.0081665730972417805,-1.1720160218655735,3.9389479539440799,-0.16082745869789505,-4.099775412641975,2.6643077110544198,-0.078368621600219512,-2.7426763326546393,2.0267187694009294,0.034463075595340342,-1.9922556938055891,-2.6622137184561439,-5.0230419084433038,2.7034253683540328,2.8406497345556545,-4.5389413015587934,-3.8221765214494496,-3.2866558686936287,-8.8479425190676295,-3.4936454612647196,-6.7607559320670134,-7.4484138935104056,-10.134641360496801,0.30463507813201407,0.31735207780692226,0.51010650228161369
4611,2004,100.82546120196764,32.225147406232651,6,10,26.131824097324373,3,97.308419776809387,103.11061746324958,-5.802197686440195,103.36288839960616,-6.0544686227967759,112.05514846528786,99.393176145678808,291.74384303018451,198.07584796734153,139.96451345906664,139.46225078046584,162.84455245924906,164.72932329549752,198.76946790508853,197.70681045597613,231.44846252552881,230.2068047716069,257.17476272883886,255.15167741820608,0.55874369404361346,0.39132146397284373,0.76957661140482969,0.37825514743198596,2.9566944375675916,1.0453580170384384,-1.9113364205291532,0.43666316538883621,1.495322519016014,1.0586593536271778,0.045468008945306337,1.2773494674700032,1.2318814585246969,-1.3293718101889169,0.68893736155584406,2.018309171744761,29.186365916308205,33.492399252044379,-4.3060333357361742,33.679618483050945,-4.4932525667427399,30.122182463210265,40.216783280983691,85.130491964460816,208.08169040035173,164.56609969369293,166.28700653737647,186.40629486226717,183.84841016835125,208.72768540644481,206.52821449561566,230.50625192929408,228.79153173783627,252.02491187812117,247.55270989467616,0.6729747702352995,4.2408716382312548,2.6317117650143871,-1.6091598732168677,0.12113163440287167,2.7237218347746079,2.6025902003717363,0.4486475663111662,2.7169549913957383,2.2683074250845721,0.74239177198026596,2.5797818732260396,1.8373901012457736,-2.561813228762162,2.3442526256119152,4.9060658543740772,68.122053856775892,69.618220155806739,-1.4961662990308469,69.683270050665669,-1.5612161938897771,81.932965929434431,59.176392815734289,206.61335093900561,193.08822266591204,133.57340284581423,133.66412598846907,152.94300262114928,151.7356147334103,187.97745995226742,187.8512163036464,232.56172962773792,231.6762544344858,259.90745503553944,259.50041788435703,-0.32665758959723235,0.7268174128857936,0.51572590888767422,-0.21109150399811938,-0.57890439336398458,0.2989619208527472,0.87786631421673178,0.064385668279868469,0.17534710419533894,0.11096143591547047,-1.0109510699728332,-0.069794633590845478,0.94115643638198776,-0.29969706689445275,0.14200909119364269,0.44170615808809544,0.11423107619168604,0.99963235983253185,3.8495501742584111,3.5140542253454612,-2.83556280316472,0.70003602776685625,0.011984400922329996,0.38426189803129773,0.69692376303495962,1.7533428419530992,-1.2324414185732451,-2.2621161618677093,0.29179876113324871,0.26881569366303087,0.40462318280320037
4612,2004,101.07546234553811,32.225147406232651,6,10,26.131824097324373,1.2083282470703125,110.90662491035437,116.25341280117937,-5.3467878908249986,116.48588149264833,-5.579256582293965,125.9251962741655,114.2656681758599,326.08973803371191,201.34869835555637,145.50287711881529,143.93099340352603,167.6602190684429,168.70538613483902,201.04430191209053,200.51101856214567,233.43130194240632,232.70579289363988,259.32904368843299,257.51336523453375,-0.15431189015589553,-1.3208369605979442,0.28392792049803006,1.6047648810959743,1.5717294314340222,0.52645006245822401,-1.0452793689757982,0.070555783654072002,0.63877876529431887,0.56822298164024687,-0.20078574874369792,0.54778860688313102,0.74857435562682895,-1.4744397059933476,0.4459809035993203,1.9204206095926679,49.066028026900312,52.65693300228304,-3.5909049753827276,52.81305914607583,-3.7470311191755172,51.513599967910068,59.815788737598268,129.21805996075273,208.47199338386775,163.50657855928631,166.3867380650818,184.13634448335682,184.08569348056841,207.75050446904413,208.36185760429441,232.21632104309828,232.88542375377472,257.43544848557832,253.21319985263557,1.2786752463494224,4.1792022824568846,1.0854409584364646,-3.09376132402042,0.95643091424253157,1.0887549556465785,0.13232404140404697,1.7420757073319066,1.0743388086981724,-0.6677368986337342,1.5552831975372499,0.98024556517705719,-0.57503763236019267,-3.4737936171534898,0.87532309611628989,4.3491167132697797,61.840597181477278,63.596478922209826,-1.7558817407325478,63.672822537804677,-1.8322253563273989,74.411596558333258,54.449879333953504,196.87167812511325,195.19455420924305,139.24859293126187,135.91831327889349,154.16305948364595,152.30743408355931,188.74571394268031,187.60051277063414,234.55178398039158,232.43728459269536,262.08260874359456,261.59806073627942,-1.7306915791725714,-2.9995340685335066,0.20812959943646092,3.2076636679699675,-1.7104545565837839,0.038947774411781211,1.7494023309955651,-1.090560844245573,-0.059041555376580845,1.0315192888689921,-2.3498819182911177,-0.073497307398099565,2.2763846108930181,-0.40951410122841025,0.021818705005216543,0.4313328062336268,1.4329871365053179,3.0093668255219939,5.5000392430548288,7.1787363509903912,-0.61529851719149065,2.6668854708263154,1.6715199236778346,2.8326365515774796,1.7560689462809478,3.9051651158283676,-1.9993539111601422,-3.0642795159250795,0.3962653370815179,0.40908095831555569,0.52347997165289517
4613,2004,101.32546348910857,32.225147406232651,6,10,26.131824097324373,1.875,128.10762897163659,133.94504366912224,-5.8374146974856558,134.19884396606358,-6.0912149944269913,145.54778412014275,114.14362614975471,342.07745383679867,203.57552990178507,146.04299886329872,145.52980222638723,169.37745449444341,170.20529269808532,203.91530376158227,203.14742586030505,235.44068315562509,235.77512893261684,261.85777334014006,261.94207544189862,0.60282257323689237,-0.43280141971405328,0.12982548208867684,0.56262690180273012,1.5591013191389322,0.72096603655830904,-0.8381352825806232,0.30414069676004374,0.98666359188590036,0.68252289512585662,1.3560694894422909,0.97674998964873794,-0.37931949979355295,0.78445421815695227,0.79865469496195374,0.014200476805001472,68.462775569842051,71.91997031540086,-3.4571947455588088,72.070282208604112,-3.6075066387620609,70.456791288652312,67.483101164587879,155.42225579125807,210.76198262243324,165.1119499721614,165.43367136689815,185.33045022600496,184.04028810074297,210.3465283774556,209.32939884390692,234.51278353197179,234.48289608509563,259.84635981161352,256.28138753618839,0.57309385141007851,2.1944632388408536,1.6974148384261412,-0.49704840041471243,0.34074635842591761,1.7042025300480361,1.3634561716221185,0.56972295263196315,1.716754228958564,1.1470312763266008,1.5176398299859954,1.6618241575020534,0.14418432751605792,-2.3206987894419058,1.5716879885631556,3.8923867780050614,59.644853416695696,62.025072727871702,-2.3802193111760062,62.128561322841961,-2.4837079061462646,75.090992938592535,46.660524894517948,186.65519805252552,195.43354901343216,137.44642573592523,136.37535079332116,152.2407083190287,152.16087323753456,187.9130769647503,189.20768647292905,236.24966950790349,238.20320892539775,265.58234147615701,268.61797571671144,0.61865463234371987,-1.096796256320971,-0.011310451983121084,1.0854858043378499,-0.069067995474682675,-0.34831562411557115,-0.27924762864088848,0.85944225764910698,-0.43896724064111936,-1.2984094982902263,1.667801607391084,-0.27342548541531642,-1.9412270928064004,3.0815811109479228,-0.18055982516347058,-3.2621409361113933,-0.029728721826813853,-0.045560780933641354,2.6272646585549069,3.2912594951618246,-1.2183549607130146,0.40981435390060028,0.26558225587191941,-0.28971930501714382,0.16157034054370456,-0.15016177740508851,-3.105153007598858,-5.4022799003898285,0.45434814264435064,0.48408013708057274,0.59121217225087164
4614,2004,102.07546691981996,32.225147406232651,6,5,26.131824097324373,-1.5500030517578125,155.66847402608983,159.09827707854129,-3.4298030524514616,159.24739552597021,-3.57892149988038,169.53661659487352,167.40961022642296,415.98304763436317,195.86231916305726,126.25257966450303,125.32975152809915,156.06170778467353,157.49914901526256,197.66378127544473,198.08005375008466,234.97972111792683,236.28726772625649,262.55886705068104,264.35379259263169,-0.1589063068995813,-1.4753668588127624,-0.69424557618992822,0.7811212826228342,0.71142567063284901,-0.76887975537565012,-1.4803054260084991,-0.52659211375072346,-0.91459971557574704,-0.38800760182502358,0.56897752016411118,-0.79918786904130457,-1.3681653892054157,1.0144471390456147,-0.64300950366521192,-1.6574566427108266,71.873182436680509,74.255544496179937,-2.3823620594994281,74.359124834751128,-2.4859423980706197,77.278741305923177,102.79758464512452,217.67201794683933,202.62241022222256,141.18572578318512,150.11345797266762,173.91122145767085,177.66854473657449,205.0652786525566,208.55259659821047,232.44012166642796,238.57319803122508,259.65800422592628,262.3407122829567,3.1056809751255798,7.9017398691299547,-1.2175119191898318,-9.1192517883197866,2.5272354631722749,-1.3249578270465747,-3.8521932902188496,2.3273588489676911,-1.3086030911462672,-3.6359619401139582,4.8932391177169734,-1.1895594437635282,-6.0827985614805016,1.3541887412873166,-0.96625933643679218,-2.3204480777241088,83.795291663915123,84.842731154831199,-1.0474394909160765,84.888271317067847,-1.0929796531527245,92.257875437961957,64.612025605139934,198.31102979183197,188.10217936592085,120.28987515370341,114.79462944094692,142.1601057201523,137.01844555869221,181.16373079546031,178.23543206068229,237.5530423087184,231.94786659999681,267.6590480460996,266.70602361370931,-3.4321255444092174,-4.8452964495921691,-0.50085502800928339,4.3444414215828857,-5.7772412578231638,-0.54745393345413618,5.2297873243690276,-2.9510345654063315,-0.45199785856729591,2.4990367068390356,-5.9064650296115531,-0.21065732097497403,5.695807708636579,-1.6731788771480183,-0.40063293594721472,1.2725459412008036,3.2645872820251611,6.5378065195347972,9.3771067279427172,12.747036318722124,1.8158097925394259,8.3044767209954387,2.8539509627184145,5.2783934143740225,4.3242615975528622,10.799704147328526,0.33974160224170191,3.0273676184353349,0.52327136690956366,0.45582330742502236,0.61404828854263438
4616,2004,103.07547149410182,32.225147406232651,6,10,26.131824097324373,-7.0500030517578125,100.84021961420513,100.79176559192638,0.048454022278747289,100.78965716314269,0.050562451062432956,129.23738564942505,139.39591276903047,332.79395825974643,200.29487648086516,142.67556489441085,142.76524214635199,167.72048298971725,168.93781472664151,201.25655231326718,203.32699840375537,232.47715476024635,234.94699491192455,257.40670867109026,258.49001025232565,-1.0190148890260957,-1.5067203737493458,-1.5141547024691988,-0.0074343287198530561,-1.3796776796124277,-2.6690602287087586,-1.2893825490963309,-1.416763021333395,-3.4555389199323372,-2.0387758985989421,-0.565524371675167,-3.0080464346721953,-2.4425220629970283,-0.81906953098018676,-1.9280064735190194,-1.1089369425388327,55.010182929299845,55.420207434726763,-0.41002450542691804,55.438034505439646,-0.42785157613980118,61.262365901091016,84.665438393864861,161.91056881099939,205.66758903382276,158.39687145385562,162.13304012662948,179.87647739954687,183.92731639768169,206.09757442417003,211.40113147021449,229.32661601456741,236.5151226022025,254.96785948162292,257.23156060135403,-1.049510551755219,-1.8296264094355479,-5.9133735333922743,-4.0837471239567265,-2.0266309085343437,-6.1080146640891257,-4.0813837555547821,-0.55095585648805923,-6.0071503212958248,-5.4561944648077656,1.8703455569051641,-5.427347735906892,-7.2976932928120561,-2.7226617091995706,-4.4698311224578902,-1.7471694132583195,45.830036558245411,45.371556485289148,0.45848007295626303,45.351622478889112,0.47841407935629832,67.975019545678151,54.730474472023161,170.88338929973543,193.90536529411872,132.39424439530472,133.12749459807304,151.66967338067298,151.27471913330123,188.64857045364147,188.54054566763031,236.80229280784187,231.63719981334168,261.15225361178977,260.21630176450515,-0.67958358200908719,0.30812660225652166,-0.56237777740713568,-0.87050437966365735,-0.38660097843765584,-0.11340247093630751,0.27319850750134833,0.78511146629639939,0.73361789541596067,-0.05149357088043871,-3.613388507196504,1.6320601460619457,5.2454486532584497,0.15268189086731354,1.2996218021858112,1.1469399113184977,-0.030495662729123296,-0.36992696974613182,-0.32290603568620213,-2.1377530116920695,-0.64695322892191598,-1.6400299300966878,0.86580716484533582,-1.3360673227844586,2.4358699285803311,5.4837340641016681,-1.9035921782193839,-2.8753436000668842,0.48651895502450149,0.47402975225198357,0.6073738943418644
4617,2004,103.57547378124274,32.225147406232651,6,10,26.131824097324373,4.1666717529296875,115.0304131942903,121.12351039019268,-6.0930971959023736,121.3884264974331,-6.3580133031427977,131.26233489739934,137.25026392413565,377.26859007775784,200.26373770949729,144.0674542881753,143.11558039576144,168.53134079777021,166.40055105933195,201.53138111800041,198.88864539370275,230.96448330881043,230.23719826529134,255.35255555704978,254.24935965148401,-0.2186864671068065,-0.58608976834966597,0.43951948681177555,1.0256092551614415,-0.9550447434765772,1.1975739364908691,2.1526186799674463,-0.81831307902004369,1.9642216894051785,2.7825347684252222,1.1129932174748944,1.8072250019694707,0.69423178449457623,0.11804156819272293,1.2239421592241513,1.1059005910314283,57.246026593627903,64.729715369318001,-7.4836887756900978,65.055093375085562,-7.8090667814576591,61.840388978104329,73.115998793375184,178.01585093140602,203.00636612083497,153.41968127806717,151.01398237287071,178.32708287280073,172.48100621599431,203.91256567941662,200.95485771303609,227.30367431042902,227.43489514050356,252.49465021346367,249.47707115148239,-0.031595334804677577,-0.11278948445306014,2.2331081922801559,2.345897676733216,-2.7221490030161135,2.8476247242604131,5.5697737272765266,0.30670689057424738,3.1461356498333828,2.8394287592591354,3.1179367223144538,2.9168362299815271,-0.20110049233292671,-0.5989587407929946,2.6498773944244078,3.2488361352174024,57.784386652816465,56.39379393805757,1.3905927147588955,56.333333195198065,1.4510534576184,69.421946085691161,64.134265317024983,199.2527391910553,197.49235612617744,138.94233550272418,137.27330953504017,157.64798510788677,158.01115083800701,197.6807038511331,195.36781330115048,235.97862201116499,234.39567114271492,259.51062370276298,259.67107735763472,-0.84510359536892565,-1.7232751997204616,0.0030177482736064576,1.7262929479940681,-0.32368079848598086,-0.62580915360001654,-0.30212835511403568,-2.3705280129933897,0.072016577385142,2.4425445903785317,-1.8493113916013613,-0.040209384711118901,1.8091020068902424,0.21736805634157008,0.15811307295490451,-0.059254983386665572,0.18709113230212893,0.81350826056424808,0.47330028389660583,1.6104857152674015,-1.7671042595395363,-2.3984682045301327,1.1250199695942911,2.677234903567637,2.0049435048395594,4.9672481139158151,-0.71700030898571754,-0.81632679713456469,0.47185441781600646,0.47112059241092741,0.53272027829243129
4618,2004,103.82547492481321,32.225147406232651,6,5,26.131824097324373,-7.9565200805664062,126.26324813142855,127.88747813148802,-1.6242300000594696,127.95809694229683,-1.6948488108682795,157.41330023750902,143.24385884469666,384.42490577790886,193.02964086060356,128.36851905382616,129.73603464081125,156.27983160562619,158.32038930304668,194.63840180005886,197.42692021758694,228.29507136440333,232.2728283624177,255.38352892192131,257.29537625758326,-0.83180488403414188,-1.1828742458704227,-2.5284965623181108,-1.3456223164476881,-1.1635699468976668,-3.204390889801914,-2.0408209429042472,-0.99519972490725195,-3.7976693040209568,-2.8024695791137049,0.3417004527975962,-3.6650465922341482,-4.0067470450317444,-0.39550333241376734,-2.2951153829828286,-1.8996120505690612,66.048733894904217,65.996600346970808,0.052133547933408408,65.994332928803487,0.05440096610072942,74.165609708061197,75.953998400220371,188.80692104995251,197.80059519150308,141.54123821643859,145.13409964201378,170.85398474942349,172.04386309792588,199.22606004356069,204.84294907828976,226.47874936921602,233.4276371398675,253.59859786136821,255.59246144308077,-0.90244613383734418,-0.99342550203161295,-4.9627072196127244,-3.9692817175811115,-4.7623011638094965,-6.013607459771066,-1.2513062959615695,0.071472170069426966,-5.8179330546734889,-5.8894052247429158,1.2957459319170823,-5.8724419636497203,-7.1681878955668026,-2.3288507359970083,-4.1829608490648127,-1.8541101130678044,60.214514288678401,61.890878609912761,-1.6763643212343595,61.963763964255122,-1.7492496755767206,83.247690656107693,67.289860630740804,195.61798500362784,188.27193238088154,120.46457240225209,122.26372377469563,144.60449900009695,144.64423807223858,186.42985848420577,187.56426308950847,232.19862738677838,230.36681390966714,257.91780449907219,259.0014378685641,-0.80691117993825401,-0.32578798498833805,-2.2343144286453906,-1.9085264436570526,-1.8131605587309139,-1.8886495682260431,-0.075489009495129267,-0.28387577224921756,-1.509619844475651,-1.2257440722264334,-2.4920464339746218,-0.2512780862249997,2.2407683477496221,1.0463966973418906,0.14132534107812944,-0.90507135626376112,-0.0706412498032023,-0.095534953899090169,0.18944874383880972,-0.6676375170432749,-3.5987312169118297,-2.9491406050785827,1.0666718949766789,0.35534794231864453,0.95404547911948612,3.7877923658917041,-1.933347403583241,-3.3752474333388989,0.49114122995722503,0.47115211736338874,0.53024261572406273
4676,2004,96.325440617699314,31.975146262662193,6,10,26.202067818393708,1.409088134765625,81.13722887194308,88.866103549531545,-7.7288746775884647,89.202141788315203,-8.0649129163721227,102.64738705629134,114.59979240729444,359.81044776365161,203.57917958211374,147.15551440074165,147.87522196350363,172.36349329231541,171.07998556144307,204.15129888582527,201.82091713022828,235.12404150173506,232.38557480052643,257.32877305711827,255.99019329530844,-1.1809709443859617,1.035350131439742,0.18628395851385449,-0.84906617292588749,-0.96600861182295716,0.36848798336032473,1.3344965951832819,-1.8460132611327822,0.52144760817753877,2.367460869310321,-2.3411122116959859,0.45860217397583369,2.7997143856718196,-1.1599759729766106,0.20001124950320559,1.3599872224798162,31.515213724575005,32.859228019580769,-1.3440142950057634,32.917664080923714,-1.4024503563487087,33.446792349155203,57.11032772793078,98.65238444073475,211.1699297683144,170.0579072775318,172.42150808458689,187.87131639061468,187.90973503979731,212.84851905027566,208.40073996795081,233.37182556750454,228.98881966045536,252.27713426098416,246.65782628846773,-1.2427068067246978,3.9434746275350392,1.3666944411205293,-2.5767801864145099,1.7814351120883316,1.3413519786977588,-0.44008313339057281,-3.2979093988742534,1.3165177780659292,4.6144271769401826,-3.6643793255971389,1.235574881622,4.8999542072191389,-5.2304600862441362,1.1094241214730118,6.339884207717148,49.622015259126783,56.006875094430143,-6.3848598353033594,56.284477398530726,-6.6624621394039423,69.200594777408696,57.489464610276627,261.15806318446994,198.15336728721599,142.61573270963783,142.60691118536633,155.98839947893691,158.47886144691543,193.27164923096433,193.21205622255363,236.78990771327719,235.91917480086127,261.40757076975996,260.94710368026915,-0.44876147980019709,0.3375531222393704,0.18842168315774188,-0.14913143908162851,2.8258854937344893,-0.090268139640301115,-2.9161536333747904,-0.42071347112454305,-0.39906325468200521,0.02165021644253784,-1.2239971437636257,-0.32871014552910083,0.89528699823452484,-0.73102352430015571,-0.14502056059001234,0.58600296371014338,-0.061735862338736069,-0.7939453269245007,2.9081244960952972,3.6059215052956688,2.7474437239112888,-1.0444503816461577,-1.4518961377414712,-2.8771959277497103,-1.3232671139011529,-2.4403821818335132,-4.0704841132675256,-4.4994365619439805,0.27417876566368204,0.32584163424260515,0.49834582182275949
4677,2004,96.575441761269786,31.975146262662193,6,10,26.202067818393708,-3,80.873343146004117,88.374933470573524,-7.5015903245694062,88.70109125871204,-7.8277481127079227,109.62731049076501,107.82765060976635,368.70383290946484,203.91228181209217,147.80663014998791,149.21420532213585,171.96292235498842,172.50178073597857,203.07420315957293,203.46303227468462,235.83165643307618,234.46562790246773,259.83085276379074,258.14638077001791,-1.0391864041096142,0.8110735296327789,-0.68896123514730334,-1.5000347647800822,-0.3794902785504064,-0.85003824337172773,-0.47054796482132133,-0.87978925510438444,-1.2825102774387176,-0.40272102233433316,-2.2906802082118247,-0.9404278309143308,1.3502523772974939,-2.2284002940719461,-0.43038474760169265,1.7980155464702534,32.737355446252877,37.149733854334045,-4.4123784080811674,37.341577003251587,-4.6042215569987093,36.176860851976926,47.948947594021774,102.45129911508411,209.21478834525399,167.06818190074392,174.56507066368781,185.69517930279841,190.78290930535192,210.4357619362888,211.93284707758988,231.27442358464057,233.47518729767083,251.47502479494838,251.13984108501052,0.41264528431560166,5.2081647089306955,-2.7661265784071247,-7.9742912873378202,2.8499787799866567,-2.8265229974261956,-5.6765017774128523,-1.0015824215101645,-2.7682356320817689,-1.7666532105716044,-1.0171011586908776,-2.5934428259796505,-1.5763416672887729,-3.1702758097482615,-2.3157943479147036,0.85448146183355789,48.135987506036145,51.225200967278397,-3.0892134612422524,51.359514568384839,-3.223527062348694,73.450449512128216,59.878703015744577,266.25253335386515,200.56659451235458,144.09091770296868,143.84820432719962,161.93566430141371,159.07855728801806,195.66629577189812,192.17045469940493,239.98700769050868,235.75790213619928,264.51310770139827,262.43580284985308,-2.0873838803620686,-0.62371830467012046,-0.57016634715805026,0.053551957512070203,-2.4405704549964184,0.081917331746922173,2.5224877867433406,-2.550240631760289,0.62382088140947189,3.1740615131697609,-3.4418026573224836,0.97052649272097824,4.4123291500434618,-1.8786518788222111,0.28204850984604946,2.1607003886682605,1.4518316884252158,2.5000291646776702,4.3970911792979166,5.831883013600816,3.2294690585370631,5.2905492349830752,-0.12179316640578008,1.5486582102501245,1.2735790495209471,2.424701498631606,-0.94187551567631544,-1.2916239309260504,0.27786882036629384,0.32999861704191363,0.4446813718268926
4678,2004,96.825442904840244,31.975146262662193,6,10,26.202067818393708,1.625,98.003341618286868,103.32784632269249,-5.3245047044056264,103.55934853996951,-5.5560069216826378,116.76435991685321,119.05488384100499,384.66482317447662,200.34198961367807,145.73248815961981,145.68295678939327,168.14452982422196,169.18994223674753,200.2995622441675,199.09352654519836,231.59747048297663,230.16687229264531,255.40508024710033,254.2447195546153,-0.14191820112898768,0.36308710990425652,0.37003646821275993,0.0069493583085034061,1.5093541471351557,0.50689537659951611,-1.0024587705356396,-0.48231115259142143,0.68751005550035416,1.1698212080917756,-0.99768984619262824,0.49553545331846749,1.4932252995110957,-0.9587394387828283,0.14929543033127857,1.1080348691141069,40.137372372002574,41.193458850228126,-1.0560864782255521,41.239375640670914,-1.1020032686683408,43.384999835194321,54.02771514996266,117.41635056771338,202.88347306781898,161.01359709030038,167.79823261280464,180.33693153905716,184.01378821108497,204.07489825151822,205.4206363541559,225.31910477751137,227.25427079815603,243.73937916463836,245.42482899731107,4.4049249495092226,8.8791158693900627,1.4742654056675235,-7.4048504637225392,5.6214455569613904,1.5060498485893561,-4.1153957083720343,3.2444375709688984,1.4786971497321701,-1.7657404212367283,3.1030232488763829,1.4078124502804599,-1.6952107985959231,2.3147546913868098,1.2849414331252262,-1.0298132582615835,57.865969156877327,62.134390350874128,-4.2684211939968009,62.319973872840819,-4.4540047159634923,73.379360014603662,65.027168694146894,267.24847218394279,198.55325319339104,141.8275246041643,139.89052292230465,156.25659111328756,156.03605142442211,194.30908992391741,190.05245970301198,239.04222093403939,233.92553513012925,261.24467405486786,259.65471263514593,-3.3889506730625385,-1.5906166224137621,0.28572438237659981,1.8763410047903619,-0.33016787621147614,-0.096986195627067673,0.23318168058440847,-4.4884766464524262,-0.29619871756659677,4.1922779288858294,-6.2005200352809879,-0.71316565654188935,5.4873543787390986,-1.8983211452350588,-0.1619330367396401,1.7363881084954187,4.5468431506382103,7.7938756225717611,8.5160287594858062,10.469732491803825,4.1120914098262347,5.9516134331728665,3.7267487235603198,7.7329142174213246,4.1007130950690112,9.3035432841573709,3.2734941301696381,4.2130758366218686,0.30524327542800961,0.371560293449888,0.45380511413639618
4679,2004,97.075444048410702,31.975146262662193,6,10,26.202067818393708,1.7391357421875,98.453743289814156,100.87770911629559,-2.4239658264814352,100.98309750466433,-2.5293542148501729,114.04686480334931,109.25046024526819,351.26363264024258,199.20181289247256,141.67475812041448,141.61463976021443,165.96165528259203,166.09273015866535,200.58153934717467,198.53599445782851,233.22629274791117,230.36420578947087,255.36225287512679,254.32385233135602,-0.39884046236537074,0.3594534629258419,0.41004368573555894,0.050590222809717034,0.5265674589363698,0.47267954682240543,-0.053887912113964376,-1.2180443155034197,0.77279239655300103,1.9908367120564208,-2.3126591135430203,0.5422072163263465,2.8548663298693668,-0.81257173250108394,0.24622497073303862,1.0587967032341226,33.508761547214817,32.105405901977065,1.4033556452377525,32.044390422084689,1.4643711251301283,35.572165619581938,53.831912370541886,104.0165180520271,209.05419284575078,166.55773694672484,170.30060479606638,186.50932568991124,187.12504027527856,211.52175433071642,208.4181647121338,232.11872916592071,229.99477612608118,250.85865660916954,247.84129812010377,0.83408674885603773,5.6316172847267296,1.5811521101602182,-4.0504651745665115,2.7567048135102254,1.6072368249623992,-1.1494679885478263,-1.4252289991707414,1.5967864493028969,3.0220154484736383,-1.1727376299455159,1.5145899295135052,2.6873275594590211,-2.3011417536617955,1.3464476697140242,3.6475894233758197,64.944981839456887,68.772302075189145,-3.8273202357322589,68.938707265928315,-3.9937254264714284,78.474699180333118,55.418547833261982,247.24711457639933,192.62311714452011,136.55498382379841,135.77951794559058,150.81218148646118,152.72096324096199,187.02494175116982,187.20116417811619,233.79915362769358,230.76568676291174,259.45530307760237,258.17981038317691,-0.21908767598398526,0.0052792643885481993,0.15650421435955764,0.15122494997100944,2.2493178092580592,0.19388194007208881,-2.0554358691859704,0.070606311216266704,-0.054289211183487396,-0.1248955223997541,-3.5763184766659037,-0.51240867623369013,3.0639098004322136,-1.5726062699594081,-0.091948083937097635,1.4806581860223105,1.2329272112214085,1.053174424840023,5.2721638218008877,5.6263380203381814,2.2301373545738556,0.50738700425216621,-0.20718468366732168,-1.4958353103870081,1.1399214835975044,2.4035808467203879,-1.4885700211607116,-0.72853548370238741,0.2961209427523025,0.31190831664613422,0.49273854086919905
4681,2004,97.575446335551632,31.975146262662193,6,10,26.202067818393708,2.875,95.015694076795626,100.46671638787848,-5.451022311082852,100.70371761621209,-5.6880235394164629,107.73011584081178,112.79783533206682,333.56920558214188,203.23737377362878,146.66995466555093,146.45562997588962,170.90551885900234,169.57018048273144,203.82490923116788,199.36756131254916,236.57750796026127,231.88962966503806,257.91205739576782,255.14299759638706,-1.6598281412857716,0.91792677817500135,0.94315304546833545,0.025226267293334104,-0.064813153902548493,1.3067664596734687,1.3715796135760172,-3.086931915438015,1.3629880825168925,4.4499199979549076,-3.5978845768249528,1.1063898152824834,4.7042743921074361,-2.0947531622089741,0.73667844824072404,2.8314316104496982,40.111602918797871,43.257313481453821,-3.1457105626559496,43.394083393619439,-3.2824804748215684,42.948585476347944,61.677872531378853,116.4799273442477,210.42874656040198,164.38242517054837,166.42967877449124,184.82249535768756,181.97189874665398,212.0843360857547,205.23985211471276,237.49419354331863,229.79935900098576,255.76142304061605,248.75904289512371,-1.6736601219100464,4.9495904820704482,2.6860118691882917,-2.2635786128821564,0.21113715670955457,2.6888169282734964,2.4776797715639418,-3.799723421681847,2.6203656379865095,6.4200890596683564,-5.3451940130049138,2.4562024398722144,7.8013964528771282,-5.2565433572464428,2.3518487362406972,7.6083920934871401,54.904091456020979,57.209403604294494,-2.305312148273515,57.309633894767103,-2.4055424387461244,64.781530574942735,51.119962825523544,217.08927874267101,196.7455862450324,142.16687786257253,140.03288693343862,155.54769106789979,156.00190034128849,192.57735041471491,190.50464459712012,235.60790165543557,234.60660697461716,260.77690231834282,260.32589559656503,-0.99228510505480472,-1.0332022287779807,0.68345470315648527,1.716656931934466,0.76664778980929782,0.12150361951003674,-0.64514417029926108,-2.3117650934626397,-0.29818668270266357,2.0135784107599761,-1.8835072551422058,-0.70518421616054638,1.1783230389816595,-0.77658307253295789,-0.18841007302825119,0.5881729995047067,-0.01383198062427482,-0.68137501685524171,4.0316637038954468,5.9827927108484289,0.27595031061210307,-0.55551063309974325,-0.71279150624383192,-1.4879583282192073,-1.747309436179961,-3.461686757862708,-3.1617901950374687,-4.479960284713485,0.34919268743938164,0.39866833095966636,0.54680014336981442
4682,2004,97.82544747912209,31.975146262662193,6,10,26.202067818393708,4.173919677734375,103.00783945793228,110.92076649279625,-7.9129270348639693,111.26480677499785,-8.2569673170655733,116.74113088669401,113.96513270119613,341.83814517408609,207.33618352361455,150.80031577022427,150.71519907361946,177.2053825740285,172.94151926761342,207.80516399874355,202.24196931852543,239.01661137110054,233.91781700884002,260.94701224764896,257.5652708953354,-2.1150357849780903,1.1027445929041164,0.88506639843348012,-0.2176781944706363,-2.3730309781957999,1.9703124972578792,4.343343475453679,-3.4437425230890142,2.1663999893173127,5.6101425124063269,-3.2827104752742287,1.8342177554658861,5.1169282307401147,-2.2668753530738854,1.2816145778556347,3.5484899309295201,43.517239827437152,50.197473136737244,-6.6802333093000925,50.487918031285517,-6.9706782038483652,45.735081025807858,59.110967858546246,114.18718956131488,212.90922579879941,170.50639884575875,169.11366805645972,188.57933453633896,184.48696941446215,213.94105002774677,207.07471882253211,237.46310952220031,230.27768067518429,254.33048405204588,248.68167055842073,-1.4404388140082176,2.7572520408648984,3.8008489578843694,1.043596917019471,0.02649774130560445,3.8738124838749002,3.8473147425692957,-2.8342705652136431,3.8088442177252091,6.6431147829388522,-3.7866051986664502,3.6644737898386381,7.4510789885050883,-2.7418648833844372,3.4463700584957166,6.1882349418801539,59.490599384625966,60.723292932671029,-1.2326935480450629,60.776888810119999,-1.2862894254940329,71.006049740381059,54.85416472344059,227.65095489472151,202.69364036337367,146.57998206537826,143.76623326164756,163.07957695081225,160.34991244747664,198.19263252102169,194.49289704059666,241.5874002359281,238.98783276383458,265.59384730965866,264.27653758854393,-2.6477296245729178,-1.1317234482603169,1.409727577983972,2.5414510262442889,-1.8466056562789959,0.56731566614564599,2.4139213224246419,-4.0749158546088893,-0.41636959417726871,3.6585462604316206,-3.7185942979444064,-0.56367002103161212,3.1549242769127943,-1.3494210562509465,0.16516184468150641,1.514582900932453,0.6745969709698727,1.2072908105647002,1.654507447960782,3.8889754891252153,2.3995287195014043,1.8731033975846003,0.60947195787537112,1.2406452893952462,-0.50389472339222152,-0.068010900722043743,-0.4749895303105518,-1.3924438271334907,0.33403875832278279,0.39176493047850608,0.51867590075579184
4683,2004,98.075448622692562,31.975146262662193,6,10,26.202067818393708,8.1666717529296875,131.2079161618567,137.09955056291801,-5.8916344010613102,137.35570603463202,-6.14778987277532,139.00770577423464,125.44280700414492,376.11899174749851,204.61663156340447,147.79844712271225,146.3939336471017,171.64901399736382,168.75113434458777,204.36986629894199,198.83923672484391,238.31691837753414,231.73754826022903,260.90188939937747,256.70391456613612,-0.63328945768606104,0.95054502165214672,2.2270828289261146,1.2765378072739679,0.88595948217721343,3.9204225193895468,3.0344630372123333,-1.3069636725971634,4.2763607792728067,5.5833244518699701,-2.5749961942926518,3.9211530428683545,6.4961492371610063,-1.4229998327548401,2.8749551632689077,4.2979549960237478,55.973944864990699,63.874156390949793,-7.9002115259590937,64.217645487728078,-8.2437006227373786,57.640749471903518,71.887069512689777,143.43242188543081,212.37598940354977,166.78912943927256,162.65697983733259,186.60885805528187,178.958107093481,213.39612422937657,202.80579433264521,239.19782684024955,228.04072622711811,258.07881528228347,248.19885892327767,-1.3483334735541916,3.3986620774386722,7.3398323069823164,3.9411702295436442,0.05830063997200341,7.5438621473524279,7.4855615073804245,-3.066434524870715,7.4309750153052789,10.497409540175994,-4.0885088555615141,7.214683711686547,11.303192567248061,-3.8384821891658021,6.6354184711227333,10.473900660288535,75.233971371371808,73.225389798476499,2.0085815728953094,73.138060015428891,2.095911355942917,81.366956381803902,53.55573752125747,232.6865701675415,197.16753108254116,142.97644008759158,138.91093388693909,155.39662596787642,155.30737800174091,189.66332066486626,191.02241583813174,237.0072320639689,237.74758867553618,264.09417849326678,265.01605350327458,-0.13105741328269005,-1.3683829031914172,2.339399311677937,3.7077822148693542,0.95432567520424527,0.69461394022488321,-0.25971173497936206,0.41895391536874627,-1.1385198547636151,-1.5574737701323613,-1.0577398855818956,-1.3432490689299357,-0.2855091833480401,0.50237232534715304,-0.24920453181789526,-0.7515768571650483,-0.7150440158681306,-1.2172760602715016,2.4481170557865255,4.7670449806300894,-0.82765884220521002,-0.89602503523224186,-1.7594708522735516,-3.4853884402394613,-1.5135126612688623,-3.0307689699796185,-2.415482356410962,-4.3408545145129551,0.38134852276144005,0.4146586633515057,0.57306649324512049
4686,2004,98.82545205340395,31.975146262662193,6,10,26.202067818393708,-4,64.036120785975072,70.158739293117833,-6.1226185071427608,70.424939305063162,-6.3888185190880904,83.395463778280828,91.696223092982109,218.7949157897383,206.23435892086476,151.74834276762766,155.76145944029273,174.86303610107399,178.55945016456087,206.13980655881451,207.7027024780991,238.45904186281285,237.17795164479207,261.22989710949213,259.16296901859249,-0.37338091303979581,2.8442187923120343,-1.6902729296026848,-4.5344917219147192,1.3290564997734577,-2.2798763356101972,-3.6089328353836549,-0.74399877378564838,-2.284827865952451,-1.5408290921668026,-3.1104188637683876,-1.748194173862089,1.3622246899062986,-3.1141098804976082,-0.88990396512980396,2.2242059153678042,25.577311816934525,28.852060941975651,-3.2747491250411258,28.994441312370327,-3.4171294954358018,29.232049840811669,39.964318924861345,76.707017965614796,209.74351957629565,166.06450775158638,173.35024660970734,185.13270988511775,190.81362495795281,211.81330252399334,213.51454547882895,235.02224420825158,235.92597126553156,253.92347394989389,254.60510300096308,0.24985036553141526,4.0024250915718653,-3.3751283885991938,-7.3775534801710592,2.0606536445816914,-3.5544757146909376,-5.615129359272629,-2.0122728419805753,-3.4788363393272164,-1.466563497346641,-2.7904172179477769,-3.2098893352974187,-0.41947211734964185,-3.0479392601115762,-2.7883267976024513,0.25961246250912495,38.458809073348675,41.306677755095734,-2.8478686817470589,41.430498736095615,-2.9716896627469396,54.163413877864514,51.731904098582163,142.08789764530957,203.94132866721154,149.38487522787906,150.169710607284,165.35763814152321,168.80605162690904,200.79492075680099,200.84361180263215,241.2981397909985,238.42588802451971,265.16360069786151,262.47975652835112,-0.91518929425669171,-0.062138239339503798,-1.7335712048476069,-1.6714329655081031,1.7517583513192108,-1.5007395996257458,-3.2524979509449565,-0.71725203297276607,-1.031128177036976,-0.31387614406420994,-3.0620458328519078,-0.27380043179519475,2.788245401056713,-2.7472195334802905,-0.077452887906190426,2.6697666455741,0.62323127857121108,1.165039659788107,1.158206299259831,4.0645633309113691,0.73159714480823368,0.30889529326248066,-1.2682740681949269,-1.2950208090078092,0.32000164582061075,0.27162861490413093,0.066170620386031942,-0.30071972663128577,0.35058866742283062,0.35052326009636925,0.43583386072877389
4687,2004,99.075453196974408,31.975146262662193,6,10,26.202067818393708,4.4761962890625,75.435892840327142,81.480553758825408,-6.0446609184982663,81.743363418629087,-6.3074705783019454,82.237059322153073,79.815873026160261,204.89962130738422,201.90114544280462,148.67063614381493,148.7979284263549,167.96808919984764,170.13181117971223,201.94409714746101,199.25871704849627,234.63208616631161,230.56063979578639,257.88100355570043,254.5256131443706,0.87028437973296491,2.4990972581720143,2.0227607634291473,-0.47633649474286699,4.7955203342581854,2.6743977610784384,-2.121122573179747,-0.059459659170954637,2.6528186658750883,2.7122783250460429,-1.802280439126946,2.231187619230468,4.0334680583574141,-1.966647588727227,1.416484642014268,3.3831322307414951,27.436411277047227,34.127244332313239,-6.6908330552660118,34.418150097702892,-6.9817388206556643,29.502323575905393,33.96862478661842,67.060695640742779,204.52150602378242,157.38269868241028,162.98430399392876,179.3898984681413,178.70763910353065,206.20541364803304,202.02200261720569,230.26702160666969,225.84478406730398,249.74355208197545,245.34548968664427,2.1697537900082295,10.059610629314591,4.0967836041010912,-5.9628270252134996,3.7807898144436649,4.1329376276295307,0.35214781318586574,0.0063334878663567906,4.0853428082378116,4.0790093203714548,-0.56413677292914599,3.8463892038012091,4.4105259767303551,-1.5680160374645027,3.470471519796547,5.0384875572610497,47.999481593082237,47.353307992808368,0.64617360027386894,47.325213516770418,0.67426807631181873,52.73473575369826,45.847248234929793,137.83892578585073,200.21405458370623,146.63325700079957,142.67939619292991,161.73604800226585,161.27699399356729,196.68800410644837,195.45770429636426,238.25942441940626,235.65952220760403,262.07776392605507,260.3485712877125,-0.36460233871443393,-1.4358014518849984,1.9660116325910053,3.4018130844760037,0.96000697638703514,1.5478740610531645,0.58786708466612936,-0.021176658836679962,1.043728726484261,1.0649053853209409,-2.1909943689634588,0.46609229091666293,2.6570866598801217,-1.1193954484749042,0.70425830982776461,1.8236537583026688,1.2994694102752646,2.5343561287226635,7.5605133711425765,11.495412081199589,-1.0147305198145204,2.8207828380566298,0.065793147037311428,0.027510146703036753,1.2381436661978,1.6268575960343128,0.39863155126272432,-0.44862058898959845,0.32728560069000984,0.35874730710316194,0.42558733618668737
4689,2004,99.575455484115338,31.975146262662193,6,10,26.202067818393708,2.625,99.964546218514442,103.45294557511806,-3.4883993566036224,103.60461287200451,-3.6400666534900665,116.86869207024574,111.34686788025283,348.52374305576086,200.29832127858438,145.76643886183561,145.77013713036251,165.53243871748157,168.19766555207102,199.45965063885339,199.30001319645817,233.78178640077564,231.83934355097446,258.27890629135294,256.31212223387638,0.7352884931686674,0.38492504501004987,0.34038150344886731,-0.044543541561182565,3.4722259004633145,0.90519879390097913,-2.5670271065623353,0.89623339970529514,1.0749688170337208,0.17873541732842568,-1.0426554278328695,0.94772629054818935,1.9903817183810588,-1.3472791538113142,0.69461755031414896,2.0418967041254632,42.008758388459682,47.033992081880569,-5.025233693420887,47.252479650080204,-5.2437212616205215,43.956510438583791,57.68225812633483,109.12678323173895,207.33585057091025,163.01569023799672,165.75177146188167,181.47436272159371,182.07363949984781,206.73428940693191,206.46909919612835,232.39624403254172,230.92651031764137,253.46001799363412,250.92723384749124,2.0319005211715648,5.3421994312265326,2.5123809853909336,-2.8298184458355991,3.0500009391876119,2.4393224003224248,-0.61067853886518719,2.0732532128658647,2.3701487913920118,0.29689557852614712,0.38874386245907999,2.1926565543091669,1.803912691850087,-0.80810568497398094,1.9532377439647632,2.7613434289387442,57.955787926912308,56.418950773775578,1.5368371531367302,56.352132618427277,1.6036553084850311,72.912181660532951,53.664610124662431,239.39696004241705,194.64731858013988,139.83907461123721,138.44923441684969,153.38900421880911,152.70446302266896,187.40123502211009,186.65696292664052,234.80195783821443,233.2832763038532,262.01180531411899,261.17904992046709,-1.3516838491210876,-1.2750833256303622,0.0676322486822869,1.3427155743126491,-0.51519615915111672,-0.25932353543910835,0.25587262371200836,-1.3648861746221712,-0.80317556756594399,0.56171060705622722,-2.7124081112557121,-1.0295288225250658,1.6828792887306463,-1.1121660303381304,-0.1153069360311747,0.99685909430695574,1.2966120280028974,3.3835843702926525,4.9572743862164828,6.6172827568568948,-0.42222496127570253,3.5651970983387287,1.1770198131605696,3.4381393874880359,1.4313992902919495,3.1011519737147921,0.5391734688373333,0.3040603453641495,0.31311147491687413,0.37611878476541044,0.51804113779265704
4690,2004,99.825456627685796,31.975146262662193,6,10,26.202067818393708,6.611114501953125,100.57686569083307,104.87184531388266,-4.2949796230495849,105.05858366144821,-4.4817179706151364,111.83919365331167,101.05372531425382,334.15507385507226,203.11472610155619,147.7539067994735,146.84966938246961,167.70357040614635,168.5381048060693,202.61421011396547,199.48485948371166,236.15100777312634,232.48418201182392,261.44622985558658,258.18220352000003,0.08611028494416928,-0.11067878996374247,0.69357696856965845,0.80425575853340092,2.9744773425147457,2.1816814573018348,-0.79279588521291089,-0.39232069397476721,2.8250638145666187,3.2173845085413859,-1.1033343527244597,2.6528363026355919,3.7561706553600516,-1.4591033746019662,1.9463065323413957,3.4054099069433619,37.670041735324048,43.733479474274645,-6.0634377389505971,43.99710614903961,-6.3270644137155614,38.99496767752953,46.384939374362148,93.996105999569409,209.69436927450539,163.58964266526314,163.65192602058744,184.28943356410943,180.28280181942,211.08535212876535,204.00364200358828,234.35356283390936,228.27657401190203,256.83130718738738,248.51032879855822,0.99075453471650121,6.2830122082040702,6.0936291840055219,-0.18938302419854836,2.0285164008386687,6.1485019021136225,4.1199855012749538,-0.93655190563546853,6.1024842903581202,7.0390361959935888,-0.56071050773431352,5.7737315903991657,6.3344420981334792,-3.7326419954814014,5.3353757752427668,9.0680177707241683,62.906823966684897,61.138366892209888,1.768457074475009,61.061477212315367,1.8453467543695297,72.844226139281091,54.66878607493345,240.15896822139621,198.70914175918557,142.918491825822,140.09570188553127,157.7763890483383,156.76146220173547,192.8824319561071,192.27468307336272,237.85400995976815,237.8562998305739,264.01307271314454,264.87955914289978,-1.4555124948903426,-1.8701148767452764,0.87266327947097011,2.7427781562162465,-1.1618262286455092,-0.48397347798237433,0.67785275066313488,-1.9994205392779065,-1.5267809959344163,0.47263954334349023,-1.6877743757778205,-1.3220537078528025,0.36572066792501801,0.61501841809098323,-0.023319379746055802,-0.63833779783703903,0.90464424977233193,2.4462670296068438,6.3936909981678127,8.1531270849493467,-0.94596094167607703,3.1903426294841779,-0.54423121166070132,1.062868633642438,0.54262384499014615,1.127063868043507,-2.2735386208794353,-4.3476604135723846,0.28129486383419944,0.34866996447067866,0.4590126611375846
4691,2004,100.07545777125625,31.975146262662193,6,10,26.202067818393708,-6.2916717529296875,77.67431073165244,84.069995300531446,-6.3956845688790054,84.348067288799939,-6.6737565571474988,107.82560654501503,96.106335943495651,334.00827182456851,202.40480238485819,147.22036913285248,147.46133363740211,166.53577556240759,171.07970375923483,202.0504536397049,203.70344939097811,235.48357900831056,236.12134497683871,261.05065083553666,260.33703804391297,-0.14020447046522122,-0.34984260497594732,-0.63989561010791363,-0.2900530051319663,3.152924684234705,-1.3689335774325002,-4.5218582616672052,-0.70976675474835815,-2.4276710826746637,-1.7179043279263055,-1.3323429597985523,-2.0082291169549364,-0.67588615715638412,-2.0349767862296062,-1.292933013761683,0.74204377246792319,28.461579434537271,38.904392268670563,-10.442812834133292,39.358427517718155,-10.896848083180885,30.685125789892027,42.957508265493743,83.339091204630677,212.81595558836483,167.80869194101365,175.9857209069703,188.21627049295194,192.63610509603362,214.25460745614026,215.70108571737862,236.4939197215875,238.75446731386739,258.00352775843902,257.59628703504757,-2.1652627102955933,2.7130044153897472,-5.8752344257783591,-8.5882388411681063,-1.5396928368809029,-5.8628094836619198,-4.3231166467810169,-3.9694697106595811,-5.7176214035273176,-1.7481516928677365,-3.1053308884268631,-5.3144922908914509,-2.2091614024645878,-5.6731818729821555,-4.7480513034271041,0.92513056955505135,49.212731192807041,45.165602326539556,4.0471288662674851,44.989639939961307,4.2230912528457338,77.14048075444407,53.148827681727198,250.66918043419719,196.52016953647046,142.10971223583633,140.75854907336594,155.93818657323908,155.60838902467017,189.12598992645295,188.12260958050354,234.83166917822206,232.80471621954354,262.93274408984723,262.84598172868021,-0.34415373759168233,-1.215307114620515,-0.011731123909783037,1.203575990710732,-0.10134902210697305,0.017784331957784616,0.11913335406475767,0.3073998831087863,1.3175084906456505,1.0101086075368642,-0.11867127127047183,2.1974852843534904,2.3161565556239623,0.52174907499801293,0.66953838109498065,0.14778930609696772,-2.025058239830372,-1.8211089727039109,3.0628470203656946,3.9283115300102622,-4.6926175211156078,-1.4383438147739298,-3.2597029559112229,-4.2768695937683674,-1.7729879286283108,-2.9866596171563913,-3.6382050867525493,-6.1949309479801684,0.24951205773850699,0.28458106356287083,0.44697894102164082
4692,2004,100.32545891482673,31.975146262662193,6,10,26.202067818393708,2,97.738123793584236,99.038576809631195,-1.3004530160469585,99.095118759694742,-1.3569949661105056,114.73886545417918,92.597426579690364,328.55300255119801,200.91225642382943,145.00151591528089,144.35596138937089,164.50440338593981,167.92189595979224,200.16693903124892,200.5403775954228,234.29279186449403,233.82603852372503,261.18933617437659,259.60339122210121,0.95283399904215571,-0.31320583767919175,0.35511247090408915,0.6683183085832809,3.9023180295387192,0.52304649276194937,-3.3792715367767698,1.1732807859157504,0.7597180397852128,-0.41356274613053756,0.20622026384080527,0.69116755697035615,0.48494729312955087,-1.1777150080456522,0.39702025976259847,1.5747352678082507,33.53474864567761,37.850326974246855,-4.3155783285692451,38.037960869463859,-4.5032122237862495,34.96485391090755,40.799342494148732,88.52743608574383,210.91345217943609,168.43441003273819,169.82155054340743,187.97594912412802,186.70611923927777,211.00672311190766,209.50961979679587,232.96346271548177,232.75269064964485,255.62709846253526,252.39460459595043,0.89999642101707877,3.4039674206717905,1.8404881842186285,-1.563479236453162,0.60930361540096101,1.8657788022752584,1.2564751868742974,0.34379818034310006,1.842194606650196,1.4983964263070959,1.3238177303851728,1.7389509125555378,0.41513318217036499,-2.2270362976200317,1.589246566806878,3.8162828644269098,64.203375304368819,61.1882504578316,3.0151248465372191,61.057157711740729,3.1462175926280906,79.774011755613174,51.798083951431181,240.02556621283293,195.15318895147684,139.78672846522355,138.55238078709394,154.02018639618228,153.95337464388709,186.3603191114556,188.50021966272024,235.35053966753301,235.12045364133826,263.67038377766721,264.14640679855233,0.090874342934426977,-1.0538615152672719,0.15956050420595602,1.2134220194732279,0.2867247444050065,0.037884942822074663,-0.24883980158293184,1.7936727113900588,-0.45617855143436259,-2.2498512628244214,-0.83274429048063325,-0.57287739136106097,0.25986689911957228,0.3077033174390067,-0.085678877875295711,-0.39338219531430241,-0.052837578025076937,0.8091220780826518,3.7171732583509822,4.4578289359390624,-3.2930144141377582,0.3225788709959545,-0.8294826055726503,-1.4498745310469587,1.1175974665443675,2.1565620208658061,-1.0493212895743795,-2.5347396150590384,0.26944643755598829,0.30473417854101686,0.44060989598924077
4693,2004,100.57546005839718,31.975146262662193,6,10,26.202067818393708,3.25,102.99019065499306,106.5168694704771,-3.5266788154840469,106.67020009458065,-3.6800094395875931,116.51671156287193,101.5304824732375,331.05247388221323,198.57110544379805,140.92072210949178,139.40823934225287,162.45829578848577,163.83117013625983,198.82277398368851,196.88088473799317,232.31452723045194,230.42805204758969,258.52758580231637,256.01481513877701,-0.11521015451361905,-0.83971305463396106,0.65107834447292134,1.4907913991068824,2.3562826739002958,0.96893479609821043,-1.3873478778020853,-0.34735661581117938,1.5834151295576646,1.930771745368844,-0.60318944970285315,1.3262365886660064,1.9294260383688595,-1.6430479240086129,0.89871228079505272,2.5417602048036656,28.841653388459235,37.432054959237576,-8.5904015707783401,37.805551640689373,-8.9638982522301376,30.581600195262581,42.315736910756982,86.519937288991059,209.02447648088935,164.64940333745062,165.52088903744095,187.28045079545348,182.89711979705518,210.38720220270622,206.23306477780042,231.87791359134238,229.67810787879904,253.72450014516949,249.42063334781386,0.35102316592977445,4.185051814883451,2.8717598691808632,-1.3132919457025878,-1.4100181784708639,2.9272278396150284,4.3372460180858923,-1.1501977590269803,2.9287572156182478,4.078954974645228,0.41222483660837383,2.7823429769880761,2.3701181403797023,-2.0017190230285848,2.5399317941345316,4.5416508171631165,74.148537084460258,69.084810495376587,5.0637265890836716,68.864648699760437,5.2838883846998215,85.935111418366432,59.214745494959061,244.53253653086722,193.32120072124837,136.79469752574869,132.97281378509552,153.1533080792064,149.65089958646968,186.72382367438922,185.58051982365001,232.65226641527451,231.28266974377433,261.45445558117245,260.25177033263617,-1.7731448244168462,-3.0871939164312607,0.51662286877561314,3.6038167852068739,-3.0180489837567279,0.50400146880619445,3.5220504525629224,-1.0939521603285129,-0.0063393571391259229,1.087612803189387,-1.9238683373761774,-0.39408923375884797,1.5297791036173294,-1.2079876938881853,0.084527509053202721,1.292515202941388,0.4662333204433935,2.1241679903466206,5.0247648695174121,7.2722457313147117,-3.7663008523711596,1.6080308052858641,-0.80284114321580091,-0.056245598698467347,1.015414286311227,2.3360931739845512,-0.35867109901997196,-0.79373132914039957,0.26134810676501519,0.26246535612842864,0.41677864499374384
4695,2004,101.07546234553811,31.975146262662193,6,10,26.202067818393708,0.625,119.32237033600541,124.0075451986886,-4.6851748626831977,124.2112486177175,-4.8888782817120955,137.31139144355984,125.82585613444826,356.31156707927585,203.96241817718655,147.36338660265071,146.78494522679463,169.69807575692985,170.67604000187379,203.4342207040375,202.64692924804586,237.31311308094931,236.04907833010873,262.68483044772927,260.98165790016708,-0.30206954767425032,-0.4723291110632033,0.12105110658825424,0.59338021765145754,1.3185619113412486,0.25605127064648059,-1.062510640694768,-0.44343069002493962,0.30565493282247758,0.7490856228474172,-0.95604089947443072,0.27454911171020058,1.2305900111846313,-1.5167172498213404,0.20722422425234299,1.7239414740736834,57.515753210662297,62.575985641660736,-5.0602324309984397,62.795994866675755,-5.2802416560134589,62.062194758234909,65.785970598776657,156.20014216005802,208.43772922603461,159.03472840243313,161.20476793707167,181.57533205385553,181.1029017270192,207.50383248049692,207.89159567425898,234.46597671438258,234.81153649127921,260.16843191198853,256.63244215170437,0.175929454619137,2.7317796243281407,0.4494754891597097,-2.282304135168431,0.087688666543158433,0.50761985051548209,0.41993118397232365,0.93407938480154939,0.51544879041207992,-0.41863059438946948,0.66517168630468859,0.4984335834573983,-0.16673810284729029,-3.1477588225146178,0.41926629135798521,3.567025113872603,61.806617065738465,61.431561394839264,0.37505567089920078,61.415253840448713,0.39136322528975143,75.249196744929577,60.039885664815301,200.11142506077886,199.73324982372861,142.0582641813773,139.45456341026875,159.33572237678158,158.4672652000861,195.26818160833986,193.83225567973068,238.94200094288146,237.95727956569715,265.99280183956898,265.44253575423227,-1.1012244488885869,-2.4540408975572632,0.061573849758332244,2.5156147473155954,-0.70847316562174001,0.030836084423128796,0.7393092500448688,-1.349278725309631,-0.029240941320949787,1.3200377839886812,-1.526664913524769,-0.0552699114370796,1.4713950020876894,-0.70909607355628168,0.022720630750654891,0.73181670430693657,0.47799900229338732,1.277153903507724,3.204108735391344,5.1858205218854039,-1.2308732447980901,0.79616183216489844,1.377510074826489,2.2833581101111804,1.6212125857791193,2.1918365998294576,-1.6310415726932774,-2.4386627489583361,0.43838077848678153,0.45198139867182696,0.52283348287718068
4699,2004,102.07546691981996,31.975146262662193,6,5,26.202067818393708,-0.26087188720703125,187.28914878096111,193.17137992403514,-5.8822311430740228,193.4271301176741,-6.1379813367129827,203.54049174473266,210.5262374099475,502.6744446605444,196.31369786316156,124.22378255528905,124.84480096093124,154.42140515506546,154.72680642904692,195.76223630131608,195.43786311926175,238.69433886457327,235.58863422506536,267.63722717479874,264.98688803988352,-1.2833868690601093,0.608475058465757,-0.11203716933981411,-0.72051222780557111,0.34498772417302348,-0.14682436037284674,-0.49181208454587022,-0.49703350962599302,-0.147344685394728,0.34968882423126502,-3.2016449118544585,-0.12616550483264177,3.0754794070218168,-2.8594787672315078,-0.11781047859841465,2.7416682886330932,98.736948513171228,106.86949461037148,-8.1325460972002475,107.22308391274782,-8.4861353995765967,102.70315089144424,133.85460186354612,278.28274668753147,203.1680217876621,142.07170234186739,142.10960178800806,168.59994716631132,168.48992542508032,203.38204325486231,203.06226768034594,237.54021688447503,236.50009365760079,265.48758242891563,262.81237209760519,-1.0307315987668346,-0.067490918377274056,-0.20628403928580497,-0.13879312090853091,-0.57355982689577445,-0.21634259918698717,0.35721722770878728,-0.43149999897525504,-0.21262065763392002,0.21887934134133502,-1.0604304902443573,-0.19951356412775567,0.86091692611660164,-3.1607051466702387,-0.16326209912637069,2.997443047543868,88.552200476406142,86.301884901614358,2.2503155747917845,86.204046050731449,2.3481544256746929,100.83734091289307,76.671635606006021,224.39169798791409,187.17926706750563,116.56850973958053,111.91405989385849,136.71899185997503,134.66160651825913,179.44450769739609,178.88275938846689,240.20465489463075,233.43046655571229,270.66212284409357,268.20430666483549,-2.3086980617852078,-3.3916405762081183,-0.075215436307232153,3.3164251399008862,-1.9988964438790333,-0.070273148362161919,1.9286232955168714,-0.18812419985655993,-0.048679824947384986,0.13944437490917494,-7.2822008301800452,-0.0075932425798441727,7.274607587600201,-2.8941324238292623,-0.034445871433831599,2.8596865523954307,0.25265527029327473,1.2779664630183731,-0.67596597684303106,3.3241496578308443,-0.91854755106879793,1.4253366169832589,0.065533510650737981,-0.24337579911869511,2.1412144216101012,6.2217703399356878,-0.30122637943873087,-0.26657272284097644,0.55360432511236091,0.50458338786096624,0.63580959556550465
4700,2004,102.32546806339042,31.975146262662193,6,10,26.202067818393708,4.850006103515625,87.628271157378549,93.115962392092115,-5.4876912347135658,93.354558633167471,-5.7262874757889222,98.830331941810073,125.01688298217596,290.9320040885359,201.94828001661287,144.04869953365113,140.96019882645061,168.15384877370508,166.18059391313156,203.04668765946673,198.82876246610857,234.38943354240627,231.11936544934358,258.62939098965182,256.21158061111106,-1.5035638065100443,-2.2318517490541012,0.82940285978193629,3.0612546088360375,-0.47486831161737086,1.497659152993009,1.9725274646103799,-1.8772200650569744,2.3995303880285803,4.2767504530855547,-1.1697481610550255,2.0887357835862588,3.2584839446412843,-0.93207292816276777,1.5702185636622517,2.5022914918250194,35.647198334674613,38.863979865360307,-3.2167815306856937,39.003839566379611,-3.3566412317049981,37.333257614255217,74.04103814685277,123.06939870317001,209.86696951658783,162.66420755420387,159.44672903376878,187.43565802787955,180.06689173911116,211.80072662586184,204.7070600068146,233.19229983588596,229.38977028536368,255.86911241541748,249.94422253187375,-1.5799130091343159,0.68694856604557231,3.8385988155487496,3.1516502495031773,-3.4008908396614856,4.0926421785292746,7.4935330181907602,-2.8299258739660615,4.2651947039859408,7.0951205779520023,0.0023575891363520896,3.9923686035936612,3.9900110144573091,-2.6975133382490242,3.6233919884790566,6.3209053267280808,51.981072733296969,54.251984425140108,-2.2709116918431391,54.350719320107601,-2.3696465868106316,61.497074228462225,50.975844959002643,167.86260529793799,194.10693956202505,136.66298565900524,134.40366893806146,153.20165164077312,151.62740779568099,186.85609318232318,188.68596969366595,236.23422951719107,233.6896164345288,262.1062419950328,261.63060606434732,-0.89756412312536327,-2.123368213681033,-0.049158101255187603,2.0742101124258454,-1.6303333426799043,-0.26354728244058379,1.3667860602393205,1.1994462368639347,-0.87911504661946083,-2.0785612834833955,-3.6226232512025547,-0.76593953272433168,2.856683718478223,-0.15979499310094525,0.33940800793550352,0.49920300103644877,-0.076349202624271584,-0.6823488860089526,2.9188003150996735,2.8103167797266053,-2.9260225280441148,-1.7705574969815814,-0.95270580890908718,-4.0293721108299962,1.1721057501913776,3.6249808403389068,-1.7654404100862564,-2.5377183451480789,0.42301773944992915,0.37775100903472147,0.59224831383301269
4702,2004,103.07547149410182,31.975146262662193,6,5,26.202067818393708,-9.409088134765625,88.885025560855865,90.929994940757751,-2.044969379901886,91.018905997276306,-2.1338804364204407,117.58993042349812,115.42030772005182,288.41812201961875,202.31608446251136,147.88817736534773,148.29307085175643,170.48876864036143,173.27953576006385,202.03308118591934,206.67828186146878,233.55449073528649,237.76006820322002,258.17308589347647,260.6724534494827,-0.63919213242402861,-2.2024410023230416,-2.6993470597337819,-0.49690605741074023,-1.2090621922613707,-4.0669860911666547,-2.857923898905284,-0.27837253212447877,-4.8485280190218418,-4.5701554868973631,-0.099516579011549311,-4.276611067617182,-4.1770944886056327,-0.33562907249103091,-2.7016787387289583,-2.3660496662379273,46.474581450223923,50.017525553703308,-3.5429441034793854,50.171567380428314,-3.6969859302043915,55.881878090800001,65.046961965011178,135.20638417080045,205.42843572543802,155.64572616654206,162.4095876584818,178.90589648298203,184.65246509103412,205.68458728531076,213.17937056366617,229.95738687197735,238.54533034147823,256.10115874280211,259.15892504660144,-0.9087773035355724,-0.33380599128329891,-7.3956723414590613,-7.0618663501757624,-2.0664215568696989,-7.6894723332052308,-5.623050776335532,-0.19337261983037024,-7.7610901401434944,-7.5677175203131242,1.2830631171790969,-7.0574005422304538,-8.3404636594095507,-3.1138815306110246,-5.7363211860450178,-2.6224396554339933,42.41044408082962,40.912468016147614,1.4979760646820068,40.847339302301407,1.5631047785282135,61.708052220939408,50.373345762491226,153.21173768863082,198.95805158716621,141.98135243383913,139.17890756530326,160.78516931601254,159.75109880291308,196.78252974378583,196.26144778716639,237.61779958436711,236.45720320323008,261.61290586698675,262.46879092843506,-0.40249608451571817,-3.0072422153430409,-0.20605489146879563,2.8011873238742453,-1.038675552309968,-0.024534391484507978,1.01414116082546,-0.86655619560417563,-0.1179106127951286,0.74864558280904703,-1.3309640726832015,0.37838970737846012,1.7093537800616616,1.0576049538823327,0.41516703351703654,-0.64243792036529612,-0.26958517111154379,-0.50628121901985423,1.8686350110397427,2.673436224059742,-0.85735936460832818,-1.0277460045597309,0.084999912294108526,0.67318357577380539,1.3825796961906462,2.6140271898622984,-2.7782524581199937,-4.1714864844933572,0.46878602226528421,0.47522672978496011,0.56356600714304506
4703,2004,103.57547378124274,31.975146262662193,6,10,26.202067818393708,-2.2857208251953125,123.78851185232634,125.80412945366697,-2.0156176013406366,125.89176408280036,-2.1032522304740269,153.86361613117879,142.2415539750582,423.33019732683897,200.51941443514954,144.69899665758138,144.5467121058484,169.4050348624292,168.06155333643542,201.42442614321564,201.20540882445471,230.86298864811849,232.10561212952379,255.51881577388423,255.44030318551683,-0.75447383503617971,-0.44415603812029758,-0.27717915170345009,0.16697688641684749,-2.0756726792291431,-0.59829957399077216,1.477373105238371,-1.1543309195868403,-0.87828104210979063,0.27604987747704968,0.33359375886266207,-0.81126945727635302,-1.1448632161390151,-0.79315220486867588,-0.62923437074471167,0.16391783412396421,68.208402116637444,71.438801774929743,-3.2303996582922991,71.579254231794039,-3.3708521151565947,77.002535703675676,81.857755314487804,201.34495653957129,204.56726895735312,156.83597431251738,154.43914979187383,179.44483127968101,176.4620846095934,205.1925352438403,205.5441840192573,228.53927102872265,231.4671272020386,253.9738996409782,253.07951639413977,-1.9017187184007014,-3.5264973850037507,-1.3965933315991776,2.129904053404573,-4.6650093921793712,-1.6078370930856636,3.0571722990937076,-1.2967236680704843,-1.7245422787597704,-0.42781861068928606,1.3408391779768749,-1.5639948519930158,-2.9048340299698907,-2.4713069060115913,-1.1405296212575706,1.3307772847540207,55.580109750590054,54.36532765035372,1.2147821002363344,54.312510773459508,1.2675989771305467,76.861080427503111,60.383798690372714,221.98524099588394,195.83404222047909,138.37015564318159,137.97967870621923,155.77278262206008,157.06065332296279,194.57122289043465,193.86958882828009,234.15874651624932,233.18054392671178,257.78231243114959,258.33785389262107,0.40705541998872263,-0.2493650183891134,0.1472925289024829,0.3966575472915963,1.8806626124555237,0.60131390654248662,-1.2793487059130371,-0.4041113449052034,0.44468948605589276,0.84880083096109615,-0.97435509004475307,0.20693147138686641,1.1812865614316195,0.8243156355068777,0.42852955955794414,-0.39578607594893356,-1.1472448833645217,-2.308774138389424,-3.0823413468834531,-3.2771323666146372,-2.589336712950228,-6.5456720046348948,-0.14239274848364403,-0.89261232316528094,1.0072454191142128,2.315194268021628,-1.6781547011429154,-3.295622541518469,0.47562153092546722,0.50045967747193709,0.5754841185779046
4708,2004,109.07549893979292,31.975146262662193,5,4,26.202067818393708,2.111114501953125,126.56189455898857,125.00715188313188,1.5547426758566871,124.93955366742739,1.6223408915611799,149.05796169743735,217.48755574124425,490.50184904038906,193.95242653777814,127.91947599818998,129.50513255935778,156.83939405188352,156.85159636249483,194.42335511619237,194.57780991826206,230.90945149373809,229.8543768810278,259.77627230755235,256.80628256443617,0.67860911859182238,1.9505667565506002,0.27128492617080724,-1.679281830379793,0.95767423074963176,0.99374868002718131,0.036074449277549547,1.3905671584577135,1.1734445147662598,-0.21712264369145373,0.21414943241649098,1.2750774070864281,1.0609279746699372,-2.0011801719260234,1.0575035204273036,3.0586836923533269,76.180183447388117,78.487613108056394,-2.3074296606682765,78.587935264451517,-2.4077518170633994,81.602126708414289,130.98854558879123,237.15968050761148,196.49509064090097,138.07472475663056,138.09738317703813,163.98239923397577,162.86821099327588,195.85331820136514,197.63800351058069,226.56370514594678,229.52857521857624,258.47722281219058,254.56020277827463,1.9140208897625541,2.4215922983450469,1.7495793195541864,-0.67201297879086042,0.29057039483240032,1.8067693290052773,1.516198934172877,3.7161639723288147,1.7632990477735859,-1.9528649245552288,5.1007205471492512,1.7691441117130751,-3.3315764354361761,-2.841962034993486,1.4800852060276952,4.3220472410211812,50.38171120100742,46.519538430691682,3.8621727703157376,46.351618707622038,4.0300924933853821,67.455835279595703,86.499010712798736,253.34216953441501,190.44135378732278,117.67163100230998,117.96445950109309,145.05448158585966,143.92733833770083,192.30361566402689,188.48719533404656,236.827398517652,230.72180685560247,263.05540165253058,260.65260605376864,-2.2279641896921873,0.12672303095740745,-0.27822513510898261,-0.40494816606639006,-2.352428223289337,-1.3265429419231793,1.0258852813661576,-4.2782984497985126,-0.56217576893470778,3.7161226808638048,-6.3748402897004155,-0.081738542932185965,6.2931017467682295,-2.703015215716448,0.40080029490070501,3.103815510617153,1.2354117711707318,4.1419850794547415,0.47102554179444667,2.2948692673876394,-0.66710383591723144,2.6429986181217373,2.3255968138711012,7.9944624221273273,4.8865711147327602,11.475560836849667,-0.84078186306746261,-0.138946819277038,0.48350415186321388,0.54745231840787489,0.60228064609192999
4709,2004,109.32550008336338,31.975146262662193,5,4,26.202067818393708,0.26316070556640625,126.30900952369848,127.71533223049482,-1.4063227067963453,127.77647632583103,-1.4674668021325488,153.06973557271522,216.4464696811483,505.1547726392746,192.95073614428526,128.87914654418552,130.40987361227263,156.39542272523732,157.86294368161879,193.53787854057461,195.71233863760571,227.78027958971649,230.75998120111865,257.92655240049515,256.86452842497499,1.6303222438279477,1.7228326457367302,0.027589698142833186,-1.695242947593897,1.5551999604207083,0.13087777273611323,-1.4243221876845951,2.4447541631568868,0.13130479012787077,-2.313449373029016,3.0458414705487087,0.13075601520577607,-2.9150854553429326,-1.0482710853526669,0.070630278827024995,1.1189013641796919,77.063847989818896,79.993278966645448,-2.9294309768265521,80.120644649610767,-3.0567966597918712,85.135753655346662,123.28432457105373,237.01674232352525,194.27645657784802,137.41837560719645,138.2246259317748,162.09307302328909,163.10162517144465,193.35187119105726,198.33169516017881,223.7310221135576,230.72380470158345,256.27419719153835,255.37507156231854,3.2989501005243369,1.9901977554890209,0.20995683539737797,-1.7802409200916429,1.6248386288154109,0.19963553391491473,-1.4252030949004961,5.3510903341482958,0.18824197836727308,-5.1628483557810227,7.111891144274523,0.1756968434536077,-6.9361943008209153,-1.3330624743556712,0.11212577369059318,1.4451882480462643,49.245161464961711,47.722054650441351,1.5231068145203608,47.655831930323984,1.5893295346377272,67.93398178100324,93.162145163179957,268.13803039491177,191.23556921081007,119.44406507176083,120.05139776247412,147.43193499421338,147.22300070807097,193.85290107140716,190.92283003647549,234.25285991493291,230.85386122430822,261.04784141573327,259.35415219584013,-1.4297016791935562,0.61424918308257759,-0.054138501833350006,-0.66838768491592759,-0.14142277040934914,-0.10887610418373583,0.032546666225613308,-3.0038805106566144,-0.029989225520495211,2.9738912851361192,-3.6310435409560853,0.012986340406826002,3.6440298813629113,-2.242189575956445,0.013670267647682977,2.2558598436041279,1.6686278566963892,4.7286517797178931,0.26736510975229066,1.3759485724064433,0.069638668394702563,1.76626139922476,2.9063361709914091,8.3549708448049103,4.0660496737258143,10.742934685230608,-0.28479138900300427,0.90912710160077381,0.46919628430943533,0.55618932989469516,0.56958343904923181
4711,2004,110.32550465764524,31.975146262662193,5,4,26.202067818393708,6.388885498046875,150.89694353855157,154.74795913188427,-3.8510155933327042,154.91539765274501,-4.018454114193446,159.78528635793009,290.29147911204745,554.91780921071768,186.23066545560323,108.14382983492804,108.00861318339066,141.08190834096894,141.21102595536203,187.30025886032661,185.78646160633733,230.44386126289618,225.43993490167202,261.54228274444142,257.22010712337152,0.85353019679351405,1.8892440307055836,1.9269319811191679,0.037687950413584304,3.3065244844994197,3.1414956366380693,-0.16502884786135041,2.4499030753285922,3.9948586061633478,1.5449555308347556,-1.0453937774056783,3.9507428755338765,4.9961366529395548,-1.4915291302867786,2.7929163602963172,4.2844454905830958,94.379026084890938,95.460754832776729,-1.0817287478857907,95.507786869624397,-1.1287607847334584,96.04865803060602,205.19323260614448,323.02162410225719,189.25960730860314,119.58956915495258,119.73244614376414,149.77518854648551,149.55370128693335,188.48350460231023,189.15820693781143,226.8627193186683,225.00483634229829,258.55484245108772,253.6572915376415,3.6129968372207202,5.9007135706103355,5.4230648003195228,-0.47764877029081276,5.5550940708495204,5.5950809364408656,0.039986865591345122,6.2771208280780399,5.5169413347149714,-0.76017949336306856,3.3303762731938775,5.3644693319522787,2.0340930587584012,-0.45400570015891617,4.6976772183660103,5.1516829185249264,56.517917438759468,59.287206696539215,-2.7692892577797465,59.407610125814244,-2.8896926870547759,63.73662845025865,85.098246442883465,231.89618530869484,180.10008492044071,92.648950918311641,90.977609049453875,122.25706595399501,118.49448971918746,181.98097841455976,176.50886155936084,233.67738320853195,226.86970959957159,269.54030827767531,265.48946784727008,-4.8918849723867197,-1.3032833672716748,0.12888071350676,1.4321640807784348,-5.694626580300195,-2.5422171694252995,3.1524094108748955,-6.3376885523679221,-0.56794871550781068,5.7697398368601114,-7.6406635692961231,-0.70875134128894501,6.9319122280071781,-6.441736262597658,-1.3308428703904838,5.1108933922071742,2.7594666404272061,8.5048818096074399,4.011469539904752,7.2039969378820103,2.2485695863501007,11.249720651149715,3.8272177527494478,12.614809380445962,4.3757700505995558,10.971039842490001,1.0375234301278624,5.9877305624387418,0.58210714945642861,0.6011107794709607,0.70685241342183336
4747,2004,93.825429181994693,31.725145119091728,6,10,26.271811165279388,-9.6842041015625,63.720871103956597,71.704778537019592,-7.9839074330629956,72.051905381365941,-8.3310342774093442,96.323436407928966,107.80687407990627,287.59151586331427,206.28020459164838,148.41283810100978,161.86625269279909,178.01905083537068,185.19839335961737,206.92335605818235,213.12971900214581,236.74257397649069,240.44828053337031,258.7725823177625,260.54149348501147,1.2690673649337043,9.9637900205917731,-4.0708982039198531,-14.034688224511626,0.94376694251991466,-6.2720412999461246,-7.2158082424660392,0.32968019210460398,-5.928233960849667,-6.257914152954271,-0.71220171718130132,-4.4745050189492588,-3.7623033017679575,-0.80542162171610698,-2.5889161586493969,-1.78349453693329,28.545871415768488,32.198532110622182,-3.6526606948536937,32.357343416333606,-3.8114720005651179,32.413817542013931,55.103088887073682,93.242727363482118,214.32808771632776,173.64002534286703,182.41996010952332,192.37933689655071,198.56168950783351,216.9191796457655,219.69081500948991,236.26531096395766,240.09324834642757,255.48935376100121,256.73729988101763,-3.1799054253471866,0.061233352967263954,-8.9601325984620246,-9.0213659514292885,-2.3657397911698297,-8.9521389895251104,-6.5863991983552808,-5.7930491512591686,-8.6319220081457786,-2.83887285688661,-4.4066204610967361,-8.0193153420664487,-3.6126948809697126,-6.069683635515986,-6.7636260963506629,-0.69394246083467692,35.174999807397398,39.506246814611586,-4.3312470072141878,39.694561756416078,-4.51956194901868,63.909618993555341,52.70378526184868,194.34878871776164,200.24036862519651,143.57381530321348,154.42765237996366,162.20247995802706,174.15703951395659,197.25255780186203,204.50714665525072,237.36418314625877,240.86179601990278,261.45273213630406,263.38141242356505,4.7073937325787085,7.5656936866143383,-4.5419654196169006,-12.107659106231239,8.1734406805828144,-4.312846303357901,-12.486286983940715,5.0295637075489878,-2.2679885481348094,-7.2975522556837973,2.9091856633822033,-0.40786442556131419,-3.3170500889435175,0.98299905087691286,-0.77952836850488438,-1.7625274193817972,-4.4489727902808909,-7.8872991579258951,-9.9025566676245091,-7.5044603336470743,-3.3095067336897444,-10.539180471752644,-6.1227293433637726,-10.822612858808156,-3.6944187439154348,-7.3158061244789394,-5.264262013799879,-7.0526826863928989,0.32421932574602885,0.33651018641757835,0.51112778621362653
4749,2004,94.325431469135623,31.725145119091728,6,10,26.271811165279388,-1.5217437744140625,74.161869403782475,75.43271906933478,-1.2708496655523049,75.487973504083129,-1.326104100300654,92.271747359540313,113.16159785183845,274.23624392598867,207.34343463930435,151.30494473279848,163.7571128850588,180.82739201717581,183.59596063540033,207.05294303096585,209.75630444472068,236.95913750361515,237.10747192306164,257.2905255655258,256.98222740935768,1.86440765272053,11.832192547928116,-0.86167801628985785,-12.693870564217974,2.0736474541595271,-1.0866811634577118,-3.1603286176172389,1.7673505892499861,-0.93475877820671371,-2.7021093674566998,-0.40682469550509381,-0.63703883724792831,-0.2302141417428345,-0.62800102522407997,-0.19753419662106353,0.43046682860301644,34.587751373797801,37.364186570915081,-2.77643519711728,37.484900921776898,-2.8971495479790974,36.895298198014643,58.920650709398615,101.74780911207199,212.494625640067,171.28292871066529,173.2519949231984,187.84176888247458,189.44652498598623,214.49156298833154,211.80716037996345,236.28209823523963,234.35055041083359,254.45380606738192,252.23975324020657,-1.5500501248760088,1.0787051561082706,-1.4422823304692827,-2.5209874865775532,0.59722495182433022,-1.4057683225972255,-2.0029932744215557,-3.8055793198951449,-1.291270271455204,2.5143090484399409,-3.1524977507430947,-1.1481495081590651,2.0043482425840295,-3.4194055124381748,-0.85087260826506395,2.5685329041731109,39.574117955478869,38.068532784133822,1.5055851713450465,38.003072330282521,1.5710456251963478,55.376449057217542,54.240947157340997,172.4884347692132,202.84080765435627,146.40262778461596,153.74388010571082,168.48652295812516,177.36741779208154,202.03029165455172,206.8488769906867,237.85748736579757,240.73995877547864,260.28120934161035,260.74836913242001,4.8000902496404194,8.7468282223561289,-0.046633149945051855,-8.7934613723011807,8.4998377966615521,-0.68041887948010071,-9.1802566761416529,4.5465402811974798,-0.44036497962858334,-4.9869052608260631,2.6472698425059775,-0.0079829208161470433,-2.6552527633221246,0.58014475497361673,0.060753630713861639,-0.51939112425975509,-3.4144577775965388,-6.3501403745164282,-10.753487391819846,-7.6681230662478583,-1.4764225023351969,-7.9026128448372219,-5.572929909145131,-8.3521196010926246,-2.7456730552380009,-5.7997675932490722,-2.7914044872140948,-3.9995502674117915,0.3710224719221718,0.39985476870022557,0.52067708328529383
4751,2004,96.325440617699314,31.725145119091728,6,10,26.271811165279388,1.0416717529296875,96.883303788503326,102.71191038388133,-5.8286065953780053,102.96532837335326,-6.0820245848499326,122.27686566082593,127.91480444204535,429.92051935195923,200.12167303612677,144.83061431879074,145.66657334460396,167.77511129727796,168.27992314650163,200.82156101179828,199.15990138183705,232.12068296851368,229.8103086073192,253.52020889215186,252.43713102787368,-0.62114276679261593,1.1446153193627424,0.16656174580387528,-0.97805357355886713,0.52352801096910184,0.19362226821900208,-0.32990574275009976,-1.2977134086843307,0.4109640200260003,1.708677428710331,-1.9009689021944212,0.35651221072899375,2.2574811129234149,-0.94485753841823339,0.22093652852501577,1.1657940669432492,39.205618174202755,35.946274732030361,3.2593434421723941,35.804564238183957,3.4010539360187977,41.816699808766032,65.556400964148906,116.79648089781404,207.88788119171417,166.87333132172444,172.11727818210886,184.9067849962359,187.3304632516228,209.41646680281949,208.47321638650413,230.79094958147766,229.6460356244871,248.86674609536195,246.30950340768888,1.5939196295198599,6.4320187291118316,1.0016336131685364,-5.4303851159432952,3.6420399832394139,0.99370805903657811,-2.6483319242028358,-0.080312904006007102,0.96367926820033745,1.0439921722063445,-0.84171050309615225,0.91035998139176399,1.7520704844879162,-2.1626986333740206,0.82324125227097511,2.9859398856449957,57.677685703707539,66.765635941181245,-9.0879502374737058,67.160763253517871,-9.4830775498103321,80.460165885742754,62.358403521979199,313.12403833866119,194.28292359547228,140.45914733681082,140.41146911037373,152.89999027303688,154.9775147697934,189.6427445382574,187.98180595770376,234.04757477220315,229.99575176331788,258.31390136162793,256.53597362198173,-0.96351874888338784,0.27561043635930105,0.12729188526043345,-0.1483185510988676,2.3835002403480701,0.029877860956247559,-2.3536223793918225,-1.715627163880356,-0.2669810921756266,1.4486460717047294,-4.3101731483023968,-0.23295246923964896,4.0772206790627479,-1.9782532827326236,-0.052837382430936941,1.9254159003016866,2.2150623963124758,2.5574383784032477,5.2874034097490892,6.1564082927525305,3.1185119722703121,1.2585397428913438,1.2174005046783236,1.6353142598743489,1.0592583990982689,3.4684626452062446,-1.2178410949557872,-0.184445350641397,0.27166993814081547,0.3419837397922682,0.51250049789077146
4752,2004,96.575441761269786,31.725145119091728,6,10,26.271811165279388,7.3913116455078125,102.79624402803529,106.95531856257548,-4.1590745345401956,107.13614596929438,-4.339901941259086,113.62244014797579,99.923370991644333,355.82195696234703,196.1157166340968,138.07016982569775,136.17715685830615,160.66396854162537,160.31070342936175,195.10213214761006,194.17859676128225,231.68941365185447,228.30058858194377,256.78493445965216,254.04900640567425,0.29389451478161277,-0.90415773634398988,0.86026803145625763,1.7644257678002475,0.72510403127748191,1.1554555875472943,0.43035155626981236,1.718365360142684,2.7790851910861534,1.0607198309434693,-1.1535974662526769,2.2195944864784565,3.3731919527311334,-1.5288512508868735,1.2153222193001625,2.7441734701870359,26.774070207813566,24.848311466103951,1.9257587417096147,24.764582667776267,2.0094875400372985,28.018726148074506,31.712363924200417,71.145106794312596,201.41264154319322,153.17521803873618,165.36715378860703,178.46165774107916,181.8096082155833,202.26957808823141,203.10833761470224,226.53064399725068,224.83700894239723,246.69963329868725,242.59646841787804,7.9864546386556867,18.683468736600162,6.9816435960361503,-11.701825140564011,10.570494268566591,6.9588057594570785,-3.6116885091095128,7.2519795520549053,6.7533821929569058,-0.49859735909799952,3.5105428671638492,6.3504392480799936,2.8398963809161444,0.53895870657862588,5.333262835586055,4.7943041290074291,76.022174125695528,82.107006051527605,-6.0848319258320771,82.371563231668915,-6.3493891059733869,85.603714105991457,68.211007150695877,284.67685019224882,194.05875427995787,135.23926413009448,131.87115007050599,152.17034452719426,149.59467713565428,190.78862237098858,186.41146674221926,234.81937617791544,231.01948610742434,260.30792535160413,258.05460919618565,-3.1644900916038523,-2.9319164989396995,0.22412687322463398,3.1560433721643335,-2.0585974397524751,0.44057959110205047,2.4991770308545256,-4.8207722767462826,-0.52514741986422564,4.295624856882057,-4.9429496132906365,-1.0471909902860546,3.895758623004582,-2.039865566033086,0.4362468166489748,2.4761123826820608,7.692560123874074,11.150944730259539,19.587626472944152,21.615385235539861,9.8453902372891093,12.629091708319066,5.5336141919122213,12.072751828801188,4.6641403334165261,8.4534924804544858,2.0678099574654993,2.5788242726117119,0.19994580267524398,0.24659500457466338,0.31736683429997803
4753,2004,96.825442904840244,31.725145119091728,6,10,26.271811165279388,-2.1052703857421875,77.298744916937721,82.678508661354499,-5.3797637444167776,82.912412680592752,-5.6136677636550303,101.42351087183943,104.16571228938847,350.39775997400284,202.26741657698187,147.6453978034917,148.70735443235426,170.28340057015762,172.48569166802218,202.37879659010565,202.8895191914373,234.01056734792175,232.52019238758376,256.11739994145205,255.24935475673968,-0.30851326442220284,0.80804326394141412,-0.41035955622149345,-1.2184028201629076,1.5072372036311776,-0.55037985469033401,-2.0576170583215116,-0.46552824799019277,-0.91142907348398694,-0.44590082549379417,-2.2346333824792737,-0.69615440447614674,1.5384789780031269,-1.3404276945612708,-0.41795279081517833,0.92247490374609242,33.819363229720693,35.989946247360422,-2.1705830176397285,36.084319983510795,-2.2649567537901021,37.521291600320637,49.030735201924472,101.16491884924471,206.00534348427504,163.58593787459202,173.0232329484098,182.81459673811193,189.30598806852493,207.85098223679086,210.41999126335614,227.45879594950944,231.24671216364732,246.83777092807208,248.67261036200279,2.448497977066836,7.5483383208092505,-1.9450795501447544,-9.4934178709540049,4.7762657767984251,-1.9956631183887339,-6.771928895187159,0.80314515016968357,-1.9664687127605873,-2.7696138629302709,1.6694654128526736,-1.8789473617659951,-3.5484127746186687,-0.55960481728860145,-1.767561511124768,-1.2079566938361666,43.479381717019351,46.688563351198354,-3.2091816341790036,46.828092607674989,-3.3487108906556387,63.902219390728078,55.134977016683479,249.23284137994051,199.54956722763731,143.94309317198332,142.74659405743773,160.79099503758221,158.11378677345505,195.55019880725263,192.18876510544422,238.88018135269454,234.17712767865277,261.64740734680601,259.83602725921247,-2.2936732698737501,-1.3932268399483689,-0.38645047590955528,1.0067763640388137,-2.2107964235838438,0.24389551739912463,2.4546919409829684,-2.6432049086103007,0.42534222783172027,3.0685471364420209,-4.266532669570438,0.76973465815800068,5.0362673277284387,-1.8351582143078531,0.11961310802820435,1.9547713223360574,2.7570112414890389,4.7421712469405861,6.7402950568678364,8.9415651607576194,3.2690285731672475,6.9870622003822689,1.2686733981598763,3.4463500587799842,3.9040987953319473,5.9359980824231116,0.7808228772726693,1.2755533970192516,0.28871451363373574,0.36994668472612052,0.47069937049640198
4754,2004,97.075444048410702,31.725145119091728,6,10,26.271811165279388,-1.8333282470703125,104.29615525901318,111.53908096253872,-7.2429257035255432,111.85399085283279,-7.5578355938196182,130.28623781299393,118.97847514286696,372.40876426547766,196.01971476612846,130.03854488355981,134.2020237675506,158.82935086553454,162.05097029081304,197.69252421572594,198.09818427460823,233.38817040282902,232.13138404358344,258.21616297309203,257.30646391480752,0.54378031424360529,4.3785969187868545,-0.0051712604192175604,-4.3837681792060721,2.734345953607999,-0.29878312586893685,-3.0331290794769359,-0.3053430888189439,-0.7357831319336583,-0.4304400431147144,-1.8561570511017464,-0.62108362974990428,1.2350734213518422,-1.2699472113171169,-0.29955287621663729,0.97039433510047957,31.143660988658667,33.272766666486859,-2.1291056778281927,33.365336505696177,-2.2216755170375109,33.13660466298461,50.596073575341961,93.374525798019022,206.93741018109773,163.94377884882684,172.52776235498632,185.10887305515357,189.40858898207523,210.16998510563172,211.00286420006464,228.9546626505855,233.28308262033357,247.16667117960006,251.33220761050072,2.6681102007806601,7.1162066243586537,-1.6903908145015976,-8.8065974388602513,2.9196637936250909,-1.7298032967248957,-4.6494670903499866,-0.5402131831359327,-1.683551299072974,-1.1433381159370413,2.3486487459107366,-1.6030905093780632,-3.9517392552887998,2.3507253989971275,-1.4212566557276034,-3.7719820547247309,73.152494251728058,78.266313791275024,-5.1138195395469666,78.488654665648937,-5.3361604139208794,97.149633101580548,68.382401750684949,279.03423865884542,190.49711083606192,122.67326486255159,127.7903030029459,146.36403263671468,147.8146908016825,185.58791235240108,184.62408896501259,236.3399442998961,231.12703060663358,263.53774519887821,260.78743992117637,-0.43063322217346922,5.5011643783060862,-0.054172872612397782,-5.555337250918484,1.3055209849356118,-0.35676559841857625,-1.662286583354188,-0.62285092027184419,0.1423502953634852,0.76520121563532939,-5.2866208775536165,0.20131601824701306,5.4879368958006296,-2.8149373442041679,-0.019493135216293922,2.7954442089878739,2.1243298865370548,3.0987434229541293,2.7376097055717992,1.6150422460525675,0.18531784001709184,1.6141428086894791,-0.2348700943169888,0.082637737135911493,4.204805797012483,7.6352696234643531,3.6206726103142444,5.1656627432012954,0.25073127906156223,0.25433695238438891,0.42525400930367629
4755,2004,97.325445191981174,31.725145119091728,6,10,26.271811165279388,4.25,96.609434980064179,100.77370704657915,-4.1642720665149682,100.95476309347941,-4.3453281134152348,108.1139079510267,90.675069544190592,316.60779007151723,204.01431413054354,146.62777264000704,145.60460378708049,170.48916303110434,169.64669331748925,203.44595183232505,201.14335170022025,237.72014305888413,234.33590175232737,261.05092308140974,260.14838053274377,-0.29569082394175439,0.36471312395886457,1.1929222976390577,0.82820917368019309,0.45228062269504221,1.4701615970369915,1.0178809743419492,-0.40542065844249464,1.9566455381857395,2.3620661966282341,-1.831708067275656,1.6204033304373127,3.4521113977129687,-0.017703950761188025,1.0533954016781308,1.0710993524393189,41.067923428203358,35.716010421758256,5.3519130064451019,35.483318101638361,5.5846053265649971,42.748011197607411,41.550846488048137,91.1182094598189,208.12499728599221,164.47695547114074,170.01129434261517,183.47973083403275,185.71198015739046,208.8100936476192,206.51212190040746,231.90057877198601,228.22261143725552,251.74848742915594,247.21383779367639,2.9470476164964339,9.7487767322838863,3.9842727718680351,-5.7645039604158512,6.6442959197739242,3.9961281679154297,-2.6481677518584945,1.7499448266233628,3.9214423817588511,2.1714975551354883,-0.57971620646759447,3.6723438738848984,4.2520600803524928,-2.1586265565221936,3.2718426481822291,5.4304692047044227,55.541511499706758,65.057696777559613,-9.5161852778528555,65.471444971973142,-9.9299334722663843,65.365896710578454,49.124222970460778,225.48958047106862,200.9876259080128,142.14633724049435,140.75655445875805,157.86023577411765,158.11972062736794,196.86253880291162,194.30218215273052,243.29388985578262,240.03647981754264,266.41667953171952,265.68915887118357,-1.4046801509288116,-0.14143063768466391,1.0595345258154225,1.2009651635000864,0.77274717115494695,0.36163387315536966,-0.4111132979995773,-2.7806885885996451,-0.24247540450846827,2.5382131840911768,-3.2741827592018353,-0.069325565490146346,3.204857193711689,-0.2609554253270403,0.46788200352591502,0.72883742885295533,3.2427384404381883,4.3517277674252455,9.3840636083250217,9.8902073699685502,6.192015297078882,5.8715487486189772,2.1553654850658575,4.5306334152230079,1.2519918608080616,2.6944665527342408,-2.1409226057610056,-1.8976711311951533,0.28779522272410474,0.39539789105552775,0.45823892605671823
4757,2004,97.82544747912209,31.725145119091728,6,10,26.271811165279388,-5.0833282470703125,96.626633394060264,103.35158818849231,-6.7249547944320511,103.64397460005785,-7.0173412059975817,123.95854772095299,122.61717667928133,375.31337197124958,204.33759115781803,146.68706193372881,147.53192860481514,170.57237062528111,172.71846862929954,204.07450974469327,204.92566724637814,238.23589522861991,238.13787068727882,261.58161616622306,262.76273268527973,-1.0732013659823565,-0.6317615820703395,-1.5926844785355172,-0.9609228964651777,0.043064412328362778,-2.0445544168334209,-2.0876188291617837,-1.6932004807656256,-2.5308081851580937,-0.83760770439246812,-2.272627111932934,-2.2302306811283472,0.042396430804586771,-0.55279196694414168,-1.5760862562853504,-1.0232942893412087,46.57238180107106,48.891337695857146,-2.318955894786086,48.992161445479724,-2.4197796444086634,50.525609708914999,67.804474713183026,125.95563942752779,211.55900201571751,165.72863150838367,174.87009988117958,185.48052269816446,191.45420052054621,212.66426950196725,214.4512569329907,238.06384059261944,238.33056481112504,257.60779051145113,257.61483235989004,-0.96903032048865612,4.8322615794524211,-4.7366282952841914,-9.5688898747366125,1.4786220334480333,-4.7726533933255553,-6.2512754267735886,-2.7643874330192375,-4.6880772544715796,-1.9236898214523421,-4.4064598588169588,-4.4548654927958182,-0.048405633978859441,-4.8701470248601595,-4.1225162536084667,0.74763077125169275,50.054251399274108,54.460248160602532,-4.4059967613284243,54.651813777943062,-4.5975623786689539,73.432937803421737,54.812702088412152,249.35773247480392,197.67451754525652,141.55608859416938,139.48038762846465,154.88349124307885,155.31141627101789,191.39209812783281,190.09585320361793,238.39016000548213,237.85172775941064,265.53837435973929,267.18667969045947,-0.38269964062769191,-2.4420538436283152,-0.58008929341733051,1.8619645502109847,-0.53161206288768881,-0.8385971951301201,-0.30698513224243129,-0.94822254536404671,0.34027910618806345,1.2885016515521102,0.24325904004672338,1.052973038023481,0.80971399797675758,1.6067464988498159,-0.058209171586668162,-1.6649556704364841,0.10417104549370038,-0.58633067986096421,5.4640231615227606,7.2743154230807363,1.4355576211196706,2.0102340963357221,-1.0711869522536119,-1.8161648876551908,-2.1338327468840248,-4.6497188988636822,-4.3173550579160178,-6.4768935237099754,0.33560125706679178,0.40760085236441135,0.55297696904678428
4759,2004,98.32544976626302,31.725145119091728,6,10,26.271811165279388,2.4166717529296875,112.83047408660786,119.33004280221212,-6.499568715604255,119.61263518886335,-6.7821611022554862,132.02406230033921,120.38845381835563,352.72156954556704,199.38297581765053,144.38352748763435,145.39201852790421,164.64560443142048,167.70208464340581,198.553463351819,198.1088567622719,233.03190521006755,230.32157953360993,257.40034467822659,255.08067240348836,0.7802881650393374,1.6332570875643455,0.64485428159289881,-0.9884028059714467,3.900372834718894,0.98881080014240297,-2.911562034576491,0.72859112750981581,1.1790441431887473,0.45045301567893148,-1.7318193064824641,0.9528548715143188,2.6846741779967829,-1.9315137929102093,0.49855045883205662,2.4300642517422659,53.770352768802695,60.045958980690557,-6.2756062118878617,60.318812331497611,-6.5484595626949158,57.494516598423843,70.804223795330472,144.09455166384578,206.44314619808688,160.07660669538132,161.23248809907139,180.98901792398482,178.46423841592815,206.77013671754628,202.86153060898749,233.02535623014538,227.70962586983967,253.15089369249486,248.29404212253831,-0.93013467024925944,3.1823878869626583,1.9862479125748109,-1.1961399743878474,-0.25192790903994933,2.1177711853434857,2.3696990943834351,-1.8564513104765581,2.1123065066848596,3.9687578171614177,-3.1517651448800166,1.9872035617677852,5.1389687066478018,-3.7234515158198747,1.7380182501602803,5.461469765980155,59.06012182444465,59.284084693238583,-0.22396286879393301,59.293822663650644,-0.23370083920599427,74.529546291752922,49.584229993222834,208.62701859325171,192.08474492968077,138.65777776035492,138.50159069608787,150.98726222717224,153.67862036149606,183.74430813182019,189.07143022763725,233.04079198389843,234.78204554122394,261.67769982313627,261.19103295257833,2.6151240968813738,0.26465822348410484,0.32486041182497161,0.060202188340866769,2.8708440662051089,0.0062335310308583303,-2.8646105351742506,4.8342313260253036,-0.63366894048650124,-5.4679002665118048,0.76009994629126254,-0.7612451148264654,-1.5213450611177279,-0.73361438095764697,-0.21341268525020496,0.52020169570744201,-1.7104228352885968,-3.5452587671306333,1.5491307993983128,2.9177296634785534,-4.1523007437588433,-3.1227719752450582,-2.5850424379863739,-6.6906826365018617,-1.4199458383975525,-3.9118650911712791,-1.7919377229096654,-2.9898371348622277,0.40852208683889585,0.43548513503266234,0.5881313493913729
4760,2004,98.575450909833478,31.725145119091728,6,10,26.271811165279388,-1.3333282470703125,111.06692868471146,120.77579832077026,-9.7088696360588074,121.19792318344116,-10.130994498729706,136.7170446513046,136.75190937166371,357.09396230243146,198.20315805769786,137.45046382711422,142.23592406077705,161.02524956400526,167.59822822708293,198.01079341913905,200.67215293710848,235.41136985283788,234.52270485805499,260.5927279889284,259.8438528739203,2.1529941379879745,4.1587669108655234,-0.50569208985868386,-4.6644590007242073,5.8038670981198663,-0.60087240456962832,-6.4047395026894947,1.925221691127831,-0.75709174551946035,-2.6823134366472914,-1.4671685052911982,-0.62899126493593371,0.83817724035526453,-1.3062442929722238,-0.43545850829752908,0.8707857846746947,43.991110995411873,52.296476021409035,-8.3053650259971619,52.65757891535759,-8.6664679199457169,46.856820828047148,75.416723893633389,130.97563780471683,208.95297321150068,161.37637335475986,166.33856484207092,182.51726914017084,184.3446908843045,210.53231650996872,209.16949579653792,236.57594568316873,234.22468292329842,257.4132567822366,254.62266601980099,-0.5405249004329562,3.8403613634539795,-1.2048222054017401,-5.0451835688557196,0.91155738618311943,-1.2192348322611224,-2.1307922184442418,-2.3596093717600297,-1.1848869888449656,1.1747223829150641,-3.4676553439642817,-1.1218746401119404,2.3457807038523413,-4.1400881669685248,-1.007857204197677,3.1322309627708478,67.075817972421646,68.479323029518127,-1.4035050570964813,68.540344536304474,-1.4645265638828278,89.860223967301863,61.335185567437293,226.11832487396896,189.50965334081087,129.20606896893122,133.42393241320482,146.98026110341101,150.7207265282953,181.46277078098618,186.56404943131051,233.86160149382033,234.96615650096797,263.90609004060354,264.46442446648331,3.866479339481117,4.5911882931502817,-0.20111716842058058,-4.7923054615708622,3.4235561007946274,-0.42039564903166138,-3.8439517498262887,5.3799905859880255,-0.045099852215798819,-5.4250904382038243,1.2116134869664847,0.17777695695457396,-1.0338365300119108,0.41569876006320783,-0.0070902897463156478,-0.42278904980952348,-2.6935190384209307,-4.4070042399140732,-0.31840554741154392,-0.75082692969630216,-4.8923097119367469,-2.5119987146115079,-4.2848310628878608,-7.7395999577480552,-2.0004868386730834,-4.6792688309307664,-2.833843873996301,-4.5557869270317326,0.36678200034586528,0.34272845019108611,0.55148571043835415
4761,2004,98.82545205340395,31.725145119091728,6,10,26.271811165279388,4.1363677978515625,89.833581149578094,97.727642595767975,-7.8940614461898804,98.070862710475922,-8.2372815608978271,98.172392942154602,100.31906932900529,243.20114341564476,206.64914462125785,151.57395138768885,151.88879426149484,175.20662538648233,172.63302328958562,207.13296675273688,201.96621614067942,238.75511815011552,232.63868921243053,261.58060311854041,256.04761324419673,-1.5828816717849179,2.3316354798358248,1.5585566622823421,-0.77307881755348262,-0.15280534759926923,2.4811180819531273,2.6339234295523966,-2.6274373649833365,2.5500103787928481,5.1774477437761846,-3.9221939852673984,2.2221114720376534,6.1443054573050517,-3.9976518798299594,1.6978706793065612,5.6955225591365206,39.762115344405174,47.232713654637337,-7.4705983102321625,47.557523399591446,-7.7954080551862717,42.025308639836794,56.05890445287514,103.58939595520496,212.22048880944044,164.60068432589173,164.90719390636693,185.51975219464666,181.52783529721512,213.94396057581392,205.40576634650023,239.18968587388977,229.59356210383615,259.53051806028515,249.46919628131866,-2.6063681938049115,4.3679957137150325,3.7198317536985144,-0.6481639600165181,-0.13918541679737473,3.7312039388904168,3.8703893556877915,-4.7312374732328237,3.6939353489044606,8.4251728221372844,-6.2954880912879503,3.4604664977678965,9.7559545890558468,-7.4099201679775319,3.1670110131165075,10.576931181094039,50.071465581655502,50.494927972555161,-0.4234623908996582,50.513339579105377,-0.44187399744987488,56.147084140437073,44.260164935734792,139.61174725927413,201.20669990989467,147.50014788058488,144.18111694181442,162.35031821191137,161.96043573213578,197.19888905201242,195.84614503924007,238.4596989842525,236.99326858819208,263.99954577988143,261.89955863986739,-0.39516598781921175,-1.1068413565467097,1.5956141834022048,2.7024555399489145,1.0857769214328528,1.2317032197327933,0.14592629829994053,-0.38781193617043641,0.77759799102952343,1.1654099271999598,-1.1407540741743389,0.3997628090845069,1.5405168832588458,-1.3835673139022333,0.76858361428543276,2.1521509281876661,-1.0234865220199936,-2.2112022059856997,2.0363602338792077,5.4748370702617422,0.013619930801894498,-1.2249623382302275,-2.1038001082494873,-4.3434255370623873,-2.3732941060205519,-5.1547340171136113,-3.4122682881475725,-6.0263528540752986,0.4259412373656678,0.42807664538236384,0.55880606576427649
4764,2004,99.575455484115338,31.725145119091728,6,10,26.271811165279388,4.3333282470703125,104.34636048972607,109.56194812059402,-5.2155876308679581,109.78871156275272,-5.4423510730266571,117.76618612417224,115.19900710135698,315.80446675047278,199.67154931031754,142.75055819815333,141.63514113092717,163.31698084593179,165.08350965146673,199.31558855851921,196.83785584145113,234.99581672747365,230.58111434988817,259.81135108735924,256.18046539238804,-0.033057291623379115,-0.052643336662015372,1.0037891944992907,1.0564325311613061,3.523777673498472,1.828071696507493,-1.695705976990979,-0.3076507042031551,2.1947895996855777,2.5024403038887328,-2.4894837901338178,1.9453331821578388,4.4348169722916566,-2.3320340484920621,1.4664710853233487,3.7985051338154108,45.351429536938667,48.565795481204987,-3.2143659442663193,48.705550283193588,-3.354120746254921,46.328186168294209,61.402226760983467,113.22196408640593,207.06479971502699,159.35212212426461,160.89741305698774,179.70096262166325,177.71156655464293,206.76819921286139,202.72278208894883,234.87444158728792,228.34304666634856,257.56966646430897,249.30656658269587,0.41845596089009973,6.0580646264849349,4.1401384566524939,-1.917926169832441,2.2424612967344046,4.0893294639577391,1.8468681672233345,-0.10682870520619758,3.9517017976550335,4.0585305028612311,-2.94356889470086,3.7211975687009726,6.6647664634018327,-5.8249343526419182,3.3326890188963887,9.1576233715383069,58.994931027293205,60.99615290760994,-2.0012218803167343,61.083161525428295,-2.0882304981350899,71.438000088746776,53.796780385077,202.58250304684043,193.31167132312802,134.16446872468956,133.61162701959009,150.77470361190836,149.88426404053968,186.86539397945074,187.25699444646472,235.14639282328807,233.81086740098812,262.79454634088131,261.78099655281511,-0.671624234960575,-0.39780286268978671,0.048361583076854231,0.44616444576664094,-0.75104314062494382,0.18712871112333573,0.93817185174827955,-0.18358160859023087,-0.63117360155791857,-0.4475919929676877,-2.1853230423177763,-0.5996896115200343,1.585633430797742,-0.69154805161889499,0.44845683416093607,1.1400048857798311,0.45151325251347885,1.0900801958506747,6.1107079631469503,6.4558674891747216,-1.2813163767640674,2.9935044373593485,0.20082199899695752,0.076752903384033289,-0.45408510456704221,-0.75824585238308373,-3.4929003041498561,-5.1333863010230232,0.35851919781700309,0.39339124151856236,0.53301003460003071
4765,2004,99.825456627685796,31.725145119091728,6,10,26.271811165279388,1.3333282470703125,92.520769064192791,93.807270589799373,-1.2865015256065817,93.863204378812952,-1.3424353146201611,111.64205335303177,101.66395117275897,329.51516843214631,202.04983180440613,147.28284809957614,147.15337382999311,166.64179773941888,169.73371605190991,201.84003493647108,201.1880792190077,234.34655391568174,233.42578308949106,259.78325299183291,258.39394091090514,0.32608047788403383,0.21944376233139451,0.19776079833150106,-0.021682963999893445,3.2655035494723847,0.3778163633305951,-2.8876871861417897,-0.20737796864094094,0.52231800463420086,0.7296959732751418,-0.57812324901354373,0.44360860905214849,1.0217318580656922,-1.1631598765987405,0.31692768352598932,1.4800875601247299,32.545336007077822,35.425883313242593,-2.8805473061647717,35.551125082314684,-3.0057890752368621,34.736384508433389,43.888740942231379,85.617589275818318,209.09816738838629,164.2522993078303,169.29371073748581,186.00065630306057,186.0848817398261,210.74155571463407,208.15196329282998,231.45965146816428,230.32055464707915,253.07578240369887,249.78914937398051,0.13654359942799488,5.9053171314076565,1.253142980801556,-4.6521741506061005,0.9461657371118406,1.2463674467377643,0.30020170962592374,-1.8009006038305699,1.214389773068234,3.015290376898804,-0.84753440839736527,1.1225140283097517,1.9700484367071169,-3.9708154327632883,0.96550351989597516,4.9363189526592635,59.975432878301035,58.38138566309226,1.594047215208775,58.312079258831545,1.6633536194694898,76.905668806103677,57.775210293443706,243.89757940545678,197.93509572915528,143.45530517895529,142.00132140933582,156.73567092729181,158.28084397006012,191.40678763163748,192.7533803131515,236.63390627828875,236.51845667585147,263.17346505571953,262.8231181861284,0.0048779347195022638,-1.1918464840661045,0.18030211261336149,1.372148596679466,1.7747593017264762,0.0035107551231590151,-1.7712485466033172,0.9337605848891144,-0.15105977381330149,-1.0848203587024159,-0.3059703121295172,-0.094518751220789454,0.21145156090872774,-0.22139270601087446,0.091846835367789481,0.31323954137866394,-0.18953687845603895,0.13166566470849261,5.685873369076262,7.097163615473761,-2.3193378123605441,-0.82859356461463562,-1.593522635189629,-2.7346611887196843,-0.26941115938382154,-0.54156409626784807,-2.8076555561645478,-3.7494227267524138,0.25982897747375983,0.31114068099939762,0.43170406457693772
4768,2004,100.57546005839718,31.725145119091728,6,10,26.271811165279388,-0.8333282470703125,99.158666715606159,101.68017619330749,-2.5215094777013292,101.78980799426972,-2.6311412786635628,120.34194188782385,100.7991890156427,353.29430182464421,203.86446800516731,148.52911465616339,148.23510240649375,168.9490710019559,171.61954003423571,203.77563848102847,203.4315852047867,236.11473734512134,235.23206842164691,261.11361569660107,259.51323249859649,-0.41222690220655522,-0.23995061721899447,-0.048117224245089574,0.19183339297390489,2.4497886744385085,-0.22391104825322827,-2.6736997226917367,-0.64503959984637049,-0.31649072654121824,0.32854887330515226,-1.1805927985236906,-0.29102349344842082,0.88956930507526977,-1.9461409138218073,-0.25842995940257651,1.6877109544192308,42.680410360458609,47.601683877963296,-4.9212735175046873,47.815652346675051,-5.1352419862164425,44.503703186306893,51.477719957467798,115.45188205549493,212.62254264043014,168.74522264011529,171.97512533090332,188.58438284103661,188.88120888712751,213.45139405660558,212.08984257215033,235.30278817996094,234.94016281871919,258.41090331934367,254.20677667822602,-1.1552686447375606,2.6935859523023566,-0.75256279241634161,-3.4461487447186983,-0.46799683571629203,-0.75965723234642724,-0.29166039663013521,-2.2535193318071265,-0.7460752283113834,1.5074441034957431,-1.2496196172466227,-0.70144589682283254,0.5481737204237902,-5.450431754063402,-0.64310378907558174,4.8073279649878202,56.47825604346508,54.078492491674297,2.3997635517907838,53.97415525768065,2.5041007857844306,75.838238619560798,49.321469086735306,237.84241979010403,197.14814947550383,142.83471874486267,141.42867726857784,155.73657623482359,156.28826688258886,189.25641059184093,189.72299402580728,236.70357990519216,235.64649335161255,263.68426103083425,263.77541600619776,-0.3457256071692143,-1.3587551465965646,-0.056948706468830324,1.3018064401277343,0.83301191793108842,0.017282701799985034,-0.81572921613110339,0.98987002671523783,0.23047047108366314,-0.75939955563157469,-0.98948878925617123,0.36993442342060234,1.3594232126767736,0.076579878109157562,0.040510247804263599,-0.036069630304893963,-0.74304174253100541,-0.80954303756834634,2.9335365695213511,4.0523410988989212,-2.9177855101548005,-1.3010087536473804,-1.608479731960756,-3.2433893585223643,-0.069026818722932148,-0.26013082799045151,-3.5042908402415947,-5.5270116321725595,0.3267867085860866,0.36981041263062547,0.51069577503722907
4769,2004,100.82546120196764,31.725145119091728,6,10,26.271811165279388,2.4583282470703125,121.45968860387802,126.28143754601479,-4.8217489421367645,126.49107849597931,-5.0313898921012878,137.82978801232821,128.91959985511494,366.96718623582274,203.81456518735214,144.41148416995537,143.67170897330175,167.00071258692734,167.9800534778953,204.04036789215667,201.46504479545376,238.39391183953114,235.25753418614602,265.30758033063427,262.50861328975827,-0.55361002232413625,-0.27049647311656599,0.46758125980542786,0.73807773292199386,2.045265484755987,1.0600076179547671,-0.98525786680121996,-1.3035846602150798,1.3371116831543475,2.6406963433694273,-1.8494543508832066,1.2621244094815722,3.1115787603647789,-1.8131913618624367,1.107570691365936,2.9207620532283727,58.569388829171658,64.800414893776178,-6.2310260646045208,65.071328788995743,-6.5019399598240852,59.744237627510557,76.278608928096219,152.59075175481848,212.60215732211063,164.59869428139115,164.18760319850941,185.6360953866386,182.45702225594565,213.26277438302299,208.01931716459782,238.6708972256418,233.5633427784029,262.29013644440511,256.33407691434428,-1.6971310490783935,1.8928740162471627,2.2692961268571707,0.37642211061000808,-1.0070226891623975,2.2754117679695582,3.2824344571319557,-3.1661474380232733,2.2795559926894668,5.4457034307127401,-3.1456276832306855,2.1860275829930629,5.3316552662237484,-4.6228734772262214,2.0501496602469729,6.6730231374731943,62.890300154685974,61.48102293908596,1.4092772156000137,61.419750064611435,1.4705500900745392,78.085550765961671,52.640990941919881,214.3764348262921,194.67094906625732,135.16511469234902,133.91239206287975,150.21738536734546,149.19592290962154,185.4223127544374,186.78623119111788,238.12380211642625,238.48131865547907,268.62922992612488,269.78551504371302,0.075752943614929791,-0.82435812584350288,0.21145092542070643,1.0358090512642093,-0.72172858855444133,0.30083289725405393,1.0225614858084953,1.0026878838175435,-0.57164072701064583,-1.5743286108281893,-0.37773503352053694,-0.46123491224059876,-0.083499878720061815,0.98455317389846186,-0.086528948611714895,-1.0710821225101768,-1.1435210267542573,-1.7728839926933233,2.1633704893637287,2.7172321420906655,-3.0522881739183845,-0.28529410060795612,-1.8625627778081935,-4.1688353218408167,-1.2961733323474789,-2.7678926497101486,-2.8096821153637848,-5.6074266511246833,0.41581579355915399,0.43346390130242907,0.59167581200857899
4771,2004,102.07546691981996,31.725145119091728,6,5,26.271811165279388,-4.8000030517578125,148.1711102188201,153.26388302471605,-5.0927728058959474,153.48530612666946,-5.3141959078493528,163.37331427855543,203.30321958947752,442.20398292690516,194.64386563373773,123.87940242110875,126.32413401584758,154.67754975753579,157.14462174909295,195.22474820922619,197.18266734780474,235.33504965140679,235.78719440664159,262.69497608995022,263.33755425840616,-1.182930012766974,0.074002884627319077,-2.4795511123771661,-2.5535539970044852,-0.38835572866076973,-2.9067667170808988,-2.5184109884201291,-0.88681286700708029,-2.8413459805894661,-1.9545331135823858,-2.0850736722039187,-2.5348028217202341,-0.44972914951631537,-1.2402219560767094,-1.8380580214632118,-0.59783606538650247,68.89502873741003,77.032057093150797,-8.1370283557407674,77.385842187570233,-8.4908134501602035,72.100433913095912,127.16669788906984,227.64114017039537,202.26459266671199,145.03866334252439,147.00422499789769,170.90099583649155,173.70893664104898,203.04839210046663,206.8662780416183,233.08498278949591,238.15159420255014,260.68094599656439,262.29602912257832,-0.66206403635962374,-1.6736365821051891,-4.02731773424685,-2.353681152141661,-1.2810381657890275,-4.1299944630432606,-2.848956297254233,-0.25093736475432138,-3.9133550485321962,-3.6624176837778748,1.5116410887538905,-3.400744804921743,-4.9123858936756335,-1.2286193329426283,-2.8570575350300373,-1.6284382020874091,79.276081138683367,76.231824393764327,3.0442567449190392,76.099464707998777,3.1766164306845894,91.272880052535129,76.136521962667757,214.56284254044294,185.57292717444594,116.48940186788326,113.85097050391619,136.65412030830538,136.96200658388733,179.85248415817733,179.20535777665825,237.38448363709372,230.50498013709975,265.75570353149703,264.99232438719747,-2.3878551178479768,-3.7029526557164303,-2.2364975374976694,1.4664551182187608,-1.6153844598657372,-2.0406171770308106,-0.42523271716507338,-1.7382494860609938,-1.4886893962963086,0.24956008976468524,-7.0855301858976532,-0.1766284695197271,6.908901716377926,-1.6481253671013292,-0.64115507459979426,1.0069702925015349,0.52086597640735022,1.725791081488353,-1.7476394667325081,2.0293160736112412,-0.89268243712825779,0.33434629407670968,0.63587550225275891,1.4873121213066725,3.5967147609578092,8.5971712746515436,0.011602623134081114,0.41950603415870091,0.5147876295994912,0.44132320037385631,0.62550262679485713
4772,2004,102.82547035053135,31.725145119091728,6,5,26.271811165279388,-2.0500030517578125,67.870847582817078,76.759485065937042,-8.8886374831199646,77.145947694778442,-9.2751001119613647,79.633811244037361,123.36541178822517,234.47346411831677,200.86306438424907,144.46212630429184,143.03686397885852,168.44521544762921,168.48238456019018,203.03452098739584,201.52480243547268,233.46420976373562,232.77913791268429,256.91484502681902,255.85352032138195,-1.7483844892478544,-2.3867278059425416,-1.0792433649100417,1.3074844410324999,-1.2714219470537955,-1.2295350925774642,0.041886854476331337,-2.862842256226628,-1.2332904687232542,1.6295517875033738,-1.7306364307102058,-1.035829046379007,0.69480738433119882,-1.615756600899374,-0.58030628578302412,1.0354503151163499,28.425568245351315,34.468208327889442,-6.0426400825381279,34.730932220816612,-6.3053639754652977,30.263757944107056,68.898139469325542,107.28425431624055,206.16020080361832,156.76791120812811,157.39413403954538,181.87664923678113,180.24676936798619,207.85065986852359,207.56743020150668,230.09545755655708,232.50034102586744,253.52872991000896,252.61116370233484,-1.9297113242479327,-0.57672737129936991,-1.5597768051680703,-0.98304943386870036,-3.3989916913874652,-1.7518983112933029,1.6470933800941623,-2.1778835139165835,-1.7338060940363391,0.44407741988024441,0.63885945378859788,-1.6439270558165049,-2.2827865096051028,-2.5807019515911804,-1.4009603386591891,1.1797416129319913,39.445279464125633,42.291275680065155,-2.8459962159395218,42.41501522064209,-2.9697357565164566,49.370053404238433,54.467272445559502,127.18921006657183,195.80443928618351,131.95059836952427,133.99819780438324,156.02203982809883,155.29406233696858,194.50753297962581,191.86637401208492,237.14039617028098,233.21410028747138,261.12637064219069,259.52465818670919,-1.8208107965684803,1.7677012987211072,-0.55795692105738226,-2.3256582197784894,-1.5114152766436177,-0.81112733645204571,0.70028794019157203,-2.9860606469131881,-0.46105687998485223,2.5250037669283358,-4.078265232189807,-0.14489779232832234,3.9333674398614846,-1.5366427972120391,0.19168664781346934,1.7283294450255084,-0.18132683500007829,-0.10890052767945235,1.8100004346431717,-2.3444286700204771,-2.1275697443336696,-1.8875764147438474,0.6849587423100445,0.80817713299660454,2.3694958844988037,4.7171246859784048,-0.96494535069180642,-1.0440591543791413,0.45755392713481746,0.38003653814036281,0.55848830292561502
4775,2004,103.57547378124274,31.725145119091728,6,5,26.271811165279388,-7.9523773193359375,158.9268946576085,166.71232018453884,-7.7854255269303394,167.05081601622805,-8.1239213586195547,186.56896682386468,160.80965249313522,441.04262017458677,189.56961783823985,119.20642961678784,121.84251324802771,149.62582952917251,153.31745304870105,192.86993327263326,196.14147092267956,227.47267556051423,233.1618932760382,256.32444563418198,259.224084739001,-0.095957852451391545,-0.50175994191216944,-3.0223842803722505,-2.520624338460081,0.074697408134426269,-3.6411178459389077,-3.715815254073334,-1.0141474636400574,-4.259887546679721,-3.2457400830396637,1.4560815084055605,-4.2347523163898018,-5.6908338247953623,-0.011039157108541531,-2.885142594812919,-2.8741034377043775,78.949775729790417,83.577751369935868,-4.6279756401454506,83.778967846523301,-4.8291921167328837,83.573698504892036,91.165415663792373,214.94332862272859,198.39988545447207,138.93918585267127,141.12286281240895,170.57939538736341,171.32552725451166,200.70589414310226,205.94660793446167,227.68047586244643,234.83584197278225,255.07478443280357,258.04818015386422,-1.8787491961650176,-2.8184362491451509,-5.0111661205926907,-2.1927298714475398,-5.5127397358510279,-6.2195138074897045,-0.70677407163867656,-0.89717328655140705,-6.1813576242260524,-5.2841843376746453,1.2507818422623984,-5.8355213610347221,-7.0863032032971205,-2.0156014884223623,-4.66768312959843,-2.6520816411760677,79.977119043302082,83.134568031226081,-3.1574489879239991,83.271848080297787,-3.2947290369957045,102.99526833156779,69.644236918749812,226.09929172694683,180.6319582118841,111.09760871025514,112.94268609733683,131.93497754244683,136.04207388891112,179.02551242972669,181.57499926168441,227.09802244023277,229.83688862195567,257.31282914916875,260.61912308693866,1.6019248075775749,-0.77705473234618694,-3.0528900265207284,-2.2758352941745414,1.6348713153412575,-2.4925942106800676,-4.1274655260213251,0.84382094089622228,-1.74915080614457,-2.5929717470407923,1.6035690774281193,-1.0103260879223228,-2.6138951653504421,2.6922355246076677,-0.46854725676683984,-3.1607827813745075,-1.782791343713626,-3.4806740037425925,-2.3166763072329815,-2.041381516798964,-5.5874371439854542,-7.1476110511922855,0.11697417708865032,-1.7409942274476293,-0.20529966614316209,-0.35278723516572086,-2.0045623313138208,-4.70783701303003,0.48735273824022551,0.44795069580779728,0.56691507164151178
4810,2004,93.825429181994693,31.475143975521267,6,10,26.341053015193939,-8.81817626953125,56.13592597787283,64.832683398917652,-8.696757421044822,65.210803850088269,-9.0748778722154384,84.734150402064188,100.67792785966958,262.91030061803758,205.91195313799844,149.28886336309472,163.79201808255911,178.4953061812019,185.53118990331316,206.79085166545599,212.96357710809596,235.7685042765379,239.59191656920768,257.44022742436192,258.63689397217286,1.3920215271513428,10.054033534587177,-4.6476331264942132,-14.70166666108139,1.0931320713197579,-6.0821976076367434,-7.1753296789565013,0.45597517182827119,-5.6706986861668156,-6.1266738579950868,-0.6409182985564712,-4.4525452417558142,-3.811626943199343,-1.6874920228826511,-2.8225644523897699,-1.1350724295071188,26.243231623526299,27.918215364045864,-1.6749837405195649,27.991040507888101,-1.7478088843618025,30.44340481000836,48.198053463304859,85.877825109288096,211.23327056761087,169.11371536860977,179.66155209618802,187.46533850176195,196.65756891934561,213.61266578858871,218.2994314733005,232.63453790419877,238.91033053615817,253.60270145082023,255.44379644533035,-1.0138344056591109,2.8497085877895643,-8.2105809840252846,-11.060289571814849,1.466157696362842,-8.1723988833639396,-9.6385565797267816,-3.2257547079164794,-7.8644360705575025,-4.638681362641023,-1.0743876675748538,-7.3006520106048356,-6.2262643430299818,-4.9576197435376059,-6.2115285391248847,-1.2539087955872787,29.892694384148854,36.914468844952353,-7.0217744608034991,37.219763512885947,-7.3270691287370937,54.290745562253505,52.479874235161333,177.03247529082,201.9925587332921,145.2065617220116,156.20867577848787,166.53587465998618,176.83690173451339,201.61277093717828,206.58418278410986,238.10851371106457,240.30395473982952,260.24744863901554,260.94159935564744,3.2989830601051722,9.1265411508311161,-4.1551595735085982,-13.281700724339714,6.4400764127879597,-4.6550436803223931,-11.095120093110353,1.9715533676053383,-2.9151877684784893,-4.8867411360838275,0.46593826863067989,-1.6016910523252363,-2.0676293209559162,-0.61490312960131632,-1.3307865813113153,-0.71588345170999901,-2.4058559328104536,-4.312817465764283,-7.2043249467976125,-6.2768325630415518,0.37302562504308412,-4.9739187164251177,-3.6817298797447506,-5.1973080755218177,-0.43346936901838262,-1.5403259362055337,-3.2701277206549548,-4.3427166139362896,0.32664306003762655,0.35928140738479319,0.47873505631230262
4812,2004,94.325431469135623,31.475143975521267,6,10,26.341053015193939,-11.652175903320312,65.475514416815713,74.90914299733231,-9.4336285805165971,75.319301846868257,-9.8437874300525436,97.665707642725465,112.14717044379722,289.1238263156265,204.6560968906056,148.57099500134393,162.27038083558503,176.63176971723178,185.91250834601922,204.9883578007105,213.2903380137522,235.79729758322651,241.4615418601214,257.77828042683666,260.95183985499852,1.9864242563048435,7.9419345872358917,-5.9948408168904166,-13.936775404126308,1.3380440950916466,-8.0067281571364788,-9.3447722522281254,1.1756231444526861,-7.1244623771927422,-8.3000855216454283,0.22013486515004388,-5.5090191645786035,-5.7291540297286474,-0.11786170875114976,-3.1927545481007087,-3.0748928393495589,32.83977245085407,34.281053888738825,-1.4412814378847543,34.34371835051752,-1.5039458996634494,38.321754607488401,50.855832220157026,95.851169392466545,207.41311714353213,163.71552012222799,181.13919614415281,183.23637892416889,197.23962683691127,207.37269228285274,219.78325334425239,229.54790383331536,242.01562192385225,251.58329975301456,258.9260688082972,2.5338640527673135,6.5661080476959057,-11.040696905450091,-17.606804953145996,3.603112718945539,-10.806883105418706,-14.409995824364245,2.3511991873762668,-10.189764168561055,-12.540963355937322,3.2012505396999984,-9.1493377986412838,-12.350588338341282,-0.48067296170177087,-7.3958528647540902,-6.9151799030523193,32.63574193615932,40.628089468165854,-7.9923475320065336,40.975583108920546,-8.3398411727612256,59.343953020335903,61.291338357750647,193.27265706472099,202.61801660920415,144.14499543532355,154.04577746085479,164.76408506727984,175.41955967506897,202.63683941822345,205.36475007624318,240.98395638394624,240.84364617647267,262.18180761143611,262.63856633760452,1.5364981799023951,5.9690471883398857,-5.3843604022871432,-11.353407590627029,5.6390010318667692,-5.687822191750854,-11.326823223617623,-0.68188330304536748,-3.5834044286790743,-2.9015211256337068,-1.8730042162270308,-1.3563610788825713,0.51664313734445955,-0.39384650552517542,-0.84870521630330131,-0.4548587107781259,0.54743979646246999,0.9973658728649184,-1.375826539539986,0.59706085935602005,2.2650686238538924,-2.0358883129212302,1.1755760429235806,3.0330824904216342,2.9811156745499545,5.0742547559270292,-0.36281125295062111,-0.086826456176595457,0.33152290011487717,0.39237676695769846,0.45347405573325211
4813,2004,94.575432612706081,31.475143975521267,6,10,26.341053015193939,-5.434783935546875,82.107011024141684,84.856496014414006,-2.7494849902723217,84.976037952204933,-2.8690269280632492,101.38985967152621,117.49062687973128,299.36875598877668,205.59321566684181,150.4644872503859,158.75190142245785,177.62883963300501,181.92066320574457,205.97947772517176,209.69455809695509,235.70919822402533,238.52952354445182,258.0548827655777,259.32933240221308,1.2844642492859748,6.0249551088259352,-2.4831885363396964,-8.5081436451656316,0.58776130248810432,-3.8192822418619414,-4.4070435443500457,0.37815487822294358,-3.2598359892917301,-3.6379908675146737,0.58260070560979216,-2.3357752470939204,-2.9183759527037125,0.19858093681961009,-1.0284275340223417,-1.2270084708419517,39.562991906976094,38.180564859583683,1.3824270473924116,38.120459713580203,1.4425321933958912,43.012435485696187,56.028480283646331,104.65330692380667,207.66621213235086,163.28020560647269,175.42420108471799,182.70226869301007,191.4603692353493,208.60426418405768,214.37336346333905,230.31604759644242,237.09717897068893,251.4969589542489,255.18763087173326,2.4269068011795127,7.1146100630822673,-5.1462024495608887,-12.260812512643156,3.9145767297069085,-4.9905689533518967,-8.9051456830588052,1.1579243198773383,-4.696234129056279,-5.8541584489336174,2.4301861012582151,-4.1411981112664478,-6.5713842125246629,0.08983044941243179,-3.1510904970465674,-3.2409209464589992,42.54401911716559,46.67593011304416,-4.1319109958785702,46.855578328031697,-4.3115592108661076,58.377424185830023,61.462146677717101,194.71544912457466,203.87999632948407,145.53982127431732,150.75122417659699,167.92847268531324,172.40790057573281,203.63455035516682,203.50603429894497,240.79188701977361,240.19342507710192,263.04886240818428,262.54043783177843,0.37018974290359097,3.7937879336530784,-2.6823486860885737,-6.4761366197416521,2.6989396604431306,-2.499202442020902,-5.1981421024640326,-1.5034768398411131,-1.4438086743686824,0.059668165472430701,-1.1226827037691578,-0.2192840235289566,0.9033986802402012,-0.62297809081491096,-0.010463134905080551,0.61251495590983041,1.1424425518935379,2.0567170582759218,1.0896549542563321,3.3208221294291889,3.3268154272188042,1.2156370692637779,0.77976944165439477,2.6614011597184515,1.8475853956484229,3.5528688050273729,-0.1087504874071783,0.71280854022734275,0.34957992385728492,0.42422817848889449,0.47687617107532859
4814,2004,95.075434899847011,31.475143975521267,6,10,26.341053015193939,-0.149993896484375,79.410696602970347,76.928489390842515,2.4822072121278325,76.820568394439761,2.5901282085305866,86.109261467279794,112.72339885482324,263.21861794125289,206.83651547354177,153.80182102889455,158.75087545065844,179.06812310343221,179.35442779323503,206.57008529506695,207.1516160244216,236.94589514170582,236.42535141655549,257.67144956199809,257.52979279290935,0.56379815281869128,5.2786867543227061,-0.089128595589187398,-5.3678153499118935,0.31287456855613982,-0.11545796542989706,-0.42833253398603688,0.47135955016807429,-0.093848754023611036,-0.56520830419168533,-0.53883165842668745,-0.061638832253947839,0.47719282617273961,-0.31186943959454538,-0.023453114060714597,0.28841632553383079,34.976151769493299,33.731372556464521,1.244779213028778,33.677251785093176,1.2988999844001228,35.625104074810224,60.586476228052561,101.18375040590763,211.25802357087306,165.18471069588026,170.55329636425091,184.98860353342482,186.44621094008889,212.46689608194299,209.84496205482014,237.05219257338342,233.54551633378694,256.11729609184806,252.49395702848958,-0.96762967456851356,5.5026653441072142,-0.13276870084393977,-5.635434044951154,1.6279280777771987,-0.13303235567644833,-1.7609604334536471,-2.4763651988456559,-0.1309502000790701,2.3454149987665858,-3.682031645720599,-0.11566530306743061,3.5663663426531684,-4.2457696963946603,-0.098490422659295973,4.1472792737353643,44.434544565256147,43.197118363237678,1.2374262020184688,43.143316627973036,1.2912279372831108,50.48415715405099,52.1369225820672,162.03486722242087,202.69116567833277,149.43915018749485,149.48002927853835,168.04983868454428,172.54403466909326,201.52695471234478,203.3964317530008,236.83343038308035,239.67040174364135,260.35632151153203,261.29618710039171,2.3406683392695697,1.215853409653306,-0.071314361234158241,-1.2871677708874643,4.6902015594023112,-0.076450676702393139,-4.7666522361047043,1.8284461268108032,-0.042507664167175108,-1.8709537909779783,2.6903571766186474,-0.0056933820781353006,-2.6960505586967827,1.0118713874328478,0.018702104922112994,-0.99316928251073477,-1.5314278273872048,-3.3082980138380833,0.22397858978450813,4.2868119344539082,1.3150535092210589,-3.0622734816251125,-2.9477247490137302,-4.3048113256564591,-3.1431999872939116,-6.3723888223392464,-3.9339002568001149,-5.2576410838275081,0.38440954973971703,0.41371977262105797,0.53747914668614671
4820,2004,96.825442904840244,31.475143975521267,6,10,26.341053015193939,-2.0833282470703125,88.1863537459285,90.454384538734303,-2.2680307928058028,90.552996655478637,-2.3666429095501371,107.59426805323528,116.79413073858086,391.50242350995541,200.4170517233668,144.88672977173081,142.30029463708112,168.24410312904342,167.27104250730312,200.8130155292298,200.23124623122879,233.00437251340219,231.27048924840369,254.81516684482239,253.92744300963255,-1.7899206673154424,-2.8245566409787841,-0.3604173111092166,2.4641393298695675,-1.3917162050733793,-0.35889350827554267,1.0328226967978367,-1.4218718203615026,-0.88030960289859195,0.54156221746291067,-2.5398674870308184,-0.83827438789217013,1.7015930991386483,-1.4638915011755103,-0.54506298503247308,0.91882851614303718,29.666168684008881,30.84315717273239,-1.1769884887235094,30.894330749630171,-1.2281620656212908,33.137420096102232,55.786095818635658,98.781375821912661,207.06866742058591,166.10494094510588,174.28413803323267,184.71046156004445,190.46890620820778,210.21961260723992,211.71371599115255,229.14322571467565,232.63657191531263,247.3995186615513,249.44484154090401,2.5006499681665559,6.6797935428528774,-1.9671897471619673,-8.6469832900148447,4.2752235374482268,-1.9843098172073894,-6.2595333546556162,-0.30492883864189935,-1.9432882436572072,-1.6383594050153079,1.1440311084325856,-1.8655143041615929,-3.0095454125941785,-0.001910852834527077,-1.7188672875005864,-1.7169564346660593,58.520185054469039,59.61122758082638,-1.0910425263573416,59.658665262615614,-1.138480208146575,74.456847939127329,61.008034703878366,292.72104738652706,196.05071667890363,141.56888026915408,136.22489887350514,156.38791730003987,152.33642464793101,190.72243338805754,186.48287211531357,235.80499172121483,229.70745493003105,260.08517861840249,257.16136481689369,-3.9850829704759008,-5.2097872045486895,-0.081094846421819966,5.1286923581268695,-4.0615733425493659,-0.078750890998719569,3.9828224515506463,-3.9940313731116248,0.35715661601167881,4.3511879891233036,-5.7900472595439396,0.32665345391259848,6.1167007134565381,-3.035998024986668,0.16259802231081721,3.1985960472974853,4.2905706354819984,6.4857329386424567,9.5043501838316615,11.889580747401567,5.6669397425216061,8.3367968799975927,1.1169429817196033,3.6891025344697255,3.683898595463404,6.9340783679765252,1.4619806483409832,3.034087172152141,0.2523135742974546,0.30798499488566217,0.47764468527533394
4821,2004,97.075444048410702,31.475143975521267,6,10,26.341053015193939,8.0416717529296875,92.185488008837638,100.59501582731718,-8.4095278184795461,100.96064632766502,-8.7751583188273798,99.342142937875906,90.280737052489712,324.75661858916283,199.69039705662996,142.35740130093876,139.85404148323923,164.85790534127452,164.06371161939427,200.29674391406485,196.25090104256162,234.43013072112174,228.93082172013257,257.80181684403993,253.99698844088351,-1.0188499448989887,-1.3040145334293527,1.1199093991027098,2.4239239325320625,0.82722466525973459,1.6244581462751171,0.79723348101538249,-1.0666964726081574,3.0121036524817555,4.0788001250899129,-3.0509611462707653,2.4733157856942682,5.5242769319650336,-2.3872356463246831,1.4176229406316736,3.8048585869563567,24.78471074369736,29.02935102443098,-4.2446402807336199,29.213900898527754,-4.429190154830394,26.093173817964271,31.805303611971112,66.310574116883799,204.51625957600899,159.4455882635157,164.04217853234411,182.3949765817087,180.56555304860376,207.94213900774318,201.98078382677076,226.66968392399713,223.56425884958961,245.19828037130964,242.08507877837712,4.3903055395494732,11.030369093606794,7.1391033828738557,-3.891265710732938,5.7873091229288605,7.3845292570000254,1.5972201340711649,1.3742598301473947,7.2308951783642783,5.8566353482168836,3.1617226699211471,6.8011091424939707,3.6393864725728235,2.0920789989143884,5.6446047170897771,3.5525257181753886,67.400777078875763,71.565662000226439,-4.1648849213506764,71.746745291301522,-4.3459682124257597,73.248969000702346,58.475433332795546,258.44604426622391,197.56922519213501,139.9321710073126,135.03098831623225,156.77522005457877,153.41348277981521,193.34899816271013,190.11094990662428,238.84472850698688,233.76595538560588,261.65807001924497,258.70009579784926,-4.0290720500731823,-3.9877768752570262,0.64737353596029834,4.6351504112173245,-3.5675439988108337,-0.23092467889193813,3.3366193199188956,-4.1471647179593845,-1.0347130898173305,3.112451628142054,-6.4919898262808431,-1.3277964083148106,5.1641934179660325,-2.6879364082215034,0.3797296680535851,3.0676660762750885,5.4091554844484619,8.4193775896226555,12.334383627036146,15.01814596886382,4.9600844576691259,9.3548531217396942,2.4409563027555521,5.5214245481067792,6.2126838161919125,9.6537124962019902,4.4793146452390715,4.7800154071358918,0.20418544325580248,0.26265966332417212,0.35229335349222213
4822,2004,97.575446335551632,31.475143975521267,6,10,26.341053015193939,4.15789794921875,93.75764767092187,99.352613344184647,-5.5949656732627773,99.595872796846379,-5.8382251259245095,107.16653820666761,99.874660082221453,336.26910394057631,204.64964516967186,147.63378339764557,146.76441696045069,170.76792304502339,169.89818985019724,204.51925227410746,200.78624955655289,238.19164277547588,233.30506209896203,260.89927968761833,257.87886818559764,-1.3630325456858543,0.48897602607880231,1.0759011879170259,0.58692516183822363,0.59552926357238789,1.5150395853524401,0.91951032178005221,-1.8835975550254318,1.8353402210482841,3.7189377760737159,-3.2397537339772668,1.5758370848963636,4.8155908188736305,-2.0159219454023969,1.113582782666299,3.1295047280686958,36.831112985571963,36.009302480331826,0.82181050524013699,35.97357142961846,0.85754155595350312,38.244801437301476,47.945354950235924,92.870741380378604,210.90528248460396,167.88405891652923,168.6288325469568,186.9850292720584,184.6505628021095,212.35953402669469,206.08911390223858,235.44265950244878,227.94274135496102,252.17222011147763,246.48846198302758,-0.7883932558415836,4.6024513639693225,3.7772655469134691,-0.82518581705585348,1.7309384101038745,3.8691818815737236,2.1382434714698491,-2.6302594892965203,3.8233005240288094,6.4535600133253297,-4.1088344018747307,3.6597949755215495,7.7686293773962802,-3.3091302140450694,3.2612740358756298,6.5704042499206992,56.926534648097004,63.34331247317823,-6.4167778250812262,63.622301519964822,-6.6957668718678178,68.9217366607445,51.92930526609598,243.39836257323623,200.18816653448803,143.07595405806074,141.77560088677043,158.75175775953866,159.05213249994216,194.87521550625823,194.24396644428293,241.84159140218981,238.56748705121976,265.74703476125558,263.28073384268993,-1.0359925862292414,0.062261437241829753,1.1750073513726136,1.1127459141307838,0.91256088032406524,0.37195769075597696,-0.54060318956808828,-0.92923220650010308,-0.2574158724529525,0.67181633404715058,-3.6923979822855699,-0.33082533560360616,3.3615726466819638,-2.0978544410034488,0.43892642779024982,2.5367808687936986,0.57463928984427071,0.2475993303876578,4.1134753378905202,4.5401899267274928,1.1354091465314866,0.81837752977980927,-0.74666193427108851,-1.7010272827964172,-0.86908066789746385,-0.41643641958916078,-1.2932082686426725,-1.2112757730416206,0.27617982232703192,0.35687260293457895,0.48005525035845009
4824,2004,98.075448622692562,31.475143975521267,6,10,26.341053015193939,6.625,117.46660863825309,121.12123958099619,-3.654630942743097,121.28013701690361,-3.813528378650517,129.7145238018893,117.3764886610843,392.27449459210038,202.5618194050287,146.54133549203414,145.96560471603104,168.12380326646394,168.67029191258325,202.19087972094263,199.00482048368787,235.81364025048737,231.500528305334,260.2602767551802,256.90509382817248,-0.063936118603834302,0.54828156778737025,1.0073122468535018,0.4590306790661316,2.7757757216764674,2.2320820193710063,-0.5436937023054611,-0.27707569282065947,2.8637230971035024,3.1407987899241618,-1.8666685450756972,2.3446045425554303,4.2112730876311275,-2.0038685276209094,1.4793894986802911,3.4832580263012005,47.032507847849047,49.379197089694571,-2.3466892418455245,49.481226069907279,-2.4487182220582326,48.05719504863373,57.06609858959564,115.82536244951189,209.00127391488863,164.04358294954577,163.64699528354302,184.22676443770183,180.18975495544751,209.5518354040737,202.84167379804325,233.63290872574061,225.8846868642282,254.48697130219637,245.28570416164328,0.3451832600724174,5.872093367651928,6.0263736317671999,0.15428026411527185,2.5224304805737177,6.2072688460899599,3.6848383655162422,-0.61135111854505908,6.1381793018117037,6.7495304203567628,-2.0518195031841628,5.9208243153219371,7.9726438185060999,-4.208474152598825,5.5454928963529255,9.7539670489517505,70.434100551985466,71.742043278579331,-1.3079427265938648,71.798910860072283,-1.3648103080868168,81.657328485034668,60.310390101290977,276.44913187995553,197.79357587858249,141.70783860051728,139.61760939314038,155.61328209493536,157.06975034169187,192.33500637226999,192.98287772339395,238.21933061517601,238.35295504979081,264.13281813104305,264.01318974944201,-0.47071693420059546,-0.82899651301389099,1.1764995053607379,2.0054960183746289,1.4668717009199952,-0.17095344704904392,-1.6378251479690391,-0.90342702951897991,-1.5135107060786765,-0.61008367655969664,-1.8644804345731814,-1.6737868798193176,0.19069355475386374,-0.44762051672785219,-0.15832859144762779,0.2892919252802244,0.4091193786762517,0.81590019427301286,5.3238117998645578,6.701089880665819,-0.2533452411027497,1.0555587796537225,-0.33427542572439961,0.29207591097392083,-0.1851509581084656,-0.18733906861098149,-2.2046056249779156,-3.7608536358709728,0.29526610586790969,0.37048430383964276,0.48617997727270296
4826,2004,98.575450909833478,31.475143975521267,6,10,26.341053015193939,4.8000030517578125,100.72959278602502,106.75564615326948,-6.0260533672444581,107.01764891984203,-6.2880561338170082,114.98357486575514,107.06194213600975,315.07855904102325,201.51169063321396,145.80267614121109,146.19717494734306,166.86212754145123,168.27081979514566,202.17301268550324,199.66541147565877,235.37318987493674,231.83987971730753,258.18220442182286,255.99333111931324,0.32990845373521438,1.7125202139876592,1.2704587117176231,-0.44206150227003604,3.0494467493359139,1.6979725809567014,-1.3514741683792124,-0.56099210147615963,1.9015536361215766,2.4625457375977362,-2.0141199334092335,1.5071501704103127,3.5212701038195462,-1.4678983396910326,0.7982178239193729,2.2661161636104055,43.903629502772674,47.46352466055032,-3.5598951577776461,47.618303134211601,-3.7146736314389273,47.949967416571326,52.78703797335038,144.31850776076317,204.71299145798073,151.5395309550222,157.45683143922309,178.09957349600413,178.02482085875582,207.19106777239773,204.18057324601594,231.89699649643649,229.81365018275602,254.38513117784788,252.14628410253974,2.4834043213175789,8.9776818648527978,2.9725219303366828,-6.0051599345161151,3.6194127587997684,3.4732418017387658,-0.14617095706100258,0.66959588682124149,3.615073885101566,2.9454779982803245,0.76495851942922855,3.1061093693525947,2.3411508499233662,-0.38968614978958271,1.9773057727809373,2.36699192257052,56.825963178944221,59.292122306322199,-2.4661591273779777,59.399346164120288,-2.5733829851760675,67.033607279310672,54.274904252066335,170.7600512355566,198.85326677828982,142.8812704282719,141.19716391546316,160.25326198724366,159.08135240227301,195.43399960186355,193.1085085264863,238.17086883147587,234.377957394974,262.31073795035547,259.07368184950582,-1.7256059746705716,-0.5054772577934159,1.0234094284004129,1.5288866861938288,-0.64807039339623884,0.42638694538365485,1.0744573387798937,-2.4138973047743946,-0.12889043466515204,2.2850068701092425,-4.4771932524967042,-0.48815100049614557,3.9890422520005586,-3.3951944652353632,-0.054176587874792403,3.3410178773605708,2.1534958675823646,4.2090102959881506,7.2651616508651387,9.4831591226462137,0.56996600946385456,4.2674831521960073,1.2305879882974011,3.0834931915956361,2.779078452838462,5.2421517719259327,1.0782121899014498,3.0055083154457805,0.4580397606235494,0.41701579962662971,0.49305137680288469
4827,2004,98.82545205340395,31.475143975521267,6,10,26.341053015193939,2.625,126.71612147281485,132.60159915774784,-5.8854776849329937,132.85748786397744,-6.1413663911625918,146.59373969624357,140.89723362734003,371.69847666844726,199.62687986798352,139.01039458704906,141.09470428222576,163.22285743327313,166.19798477298224,199.59406962566661,199.20692995153854,235.70441961544594,234.10909542446143,261.65367173491279,260.87408408184837,1.6776455131082173,2.9446222952299195,0.72509145253187057,-2.2195308426980489,4.0474883346786612,1.1811064933866362,-2.866381841292025,1.0350959255421799,1.3921501146085689,0.35705418906638897,-0.3344847098810817,1.2476859499539614,1.5821706598350431,0.11239095088359363,0.92331448355912471,0.81092353267553108,51.316216441286088,59.368241446567481,-8.0520250052813935,59.718329775232633,-8.402113333946545,53.134937650007487,74.47922164719057,145.28328757360578,208.49558181242347,161.45724998462518,160.72590288527331,182.34265239028417,179.31875061329035,209.30288161554046,205.13120106295514,235.40428142323711,231.48300468161429,257.02108761895488,253.7248598068814,-0.29995092183946781,1.7920715700873018,2.3481244154291119,0.5560528453418101,-0.16362641929103461,2.3891179805713136,2.5527443998623482,-1.6609377417237852,2.3617770700264202,4.0227148117502054,-1.7681279510576644,2.2061707164193933,3.9742986674770577,-1.8481554995090903,1.9380683862005981,3.7862238857096884,75.399904860165407,73.233355731809752,2.1665491283556548,73.13915836938304,2.2607464907823669,93.458801655080606,66.418012069556426,226.41518868878484,192.54785518738726,130.57115128257166,132.58879752574754,149.10794878433177,150.89531380829649,185.70860754536909,189.5891702314631,236.11133645353033,237.83118471866976,266.35953385925365,266.80948352597272,2.6965087101049789,2.4074775964479898,0.15899790446326278,-2.248479691984727,2.2846926323778405,0.40620218771562122,-1.8784904446622193,4.0180259317588707,-0.049741902444054631,-4.0677678342029253,1.8325046599539689,-0.1506721103707207,-1.9831767703246896,0.49086214370697689,0.31754022860832265,-0.17332191509865424,-1.9775964349476851,-2.9964596319444468,-1.1525507251426177,-0.61540602636068797,-4.2111147539696958,-2.4483190516688751,-2.6960336672659651,-5.6789636734826558,-1.4336432411765827,-3.6006326110116333,-1.9605464503926839,-2.3390176432160672,0.39086328487484645,0.36246389347940933,0.52860669957638151
4828,2004,99.075453196974408,31.475143975521267,6,10,26.341053015193939,3,128.6842963445597,139.29147768223629,-10.607181337676593,139.75265901046441,-11.068362665904715,145.17418888692191,140.14870190914735,362.48329163715243,200.48857389802097,141.7415449759423,141.81646164836727,164.99442955738837,166.75773087000917,201.48290084059627,199.0987852603927,235.76714186321266,233.40232493846096,260.60203389016499,258.66535258377081,0.60138124688796779,1.1662438981693697,0.91897365428155808,-0.2472702438878116,3.1349893847610133,1.5182397293264671,-1.6167496554345462,-0.6971046026235399,1.6072189456906472,2.3043235483141871,-0.89717243323781304,1.4767137721827055,2.3738862054205185,-0.97963372031063045,1.0688983930973563,2.0485321134079868,56.033922922326383,64.334961610753453,-8.3010386884270702,64.695875574003367,-8.6619526516769838,59.307248350693044,75.268128549403627,147.17556420713663,206.95286468280401,155.23549669995967,161.0683873850862,180.72161873972991,179.48151162587058,208.92678584456823,205.85936236677105,235.1581488092252,232.77855804294555,256.97048193654865,254.13071335531689,1.9211783895487997,8.4655103490978263,2.7669281249597759,-5.6985822241380504,1.6382889315125908,2.7694187870177132,1.1311298555051224,-0.39788347645909994,2.7021634167658988,3.1000468932249987,0.014396545698872387,2.5124175928447414,2.498021047145869,-1.1652519167661524,2.1416779822611431,3.3069298990272955,72.650373347727509,74.95651572378847,-2.3061423760609614,75.056783272548273,-2.406409924820764,85.8669404468219,64.880573434249527,215.30772737786174,194.71776977776724,133.13934080127643,132.46432495927738,152.41769266158289,150.94055076867338,189.27574226733913,187.83555723186703,236.62822898395186,234.37624284854846,264.05352196396808,263.14397967770503,-1.2032192273499049,-0.41732764187369753,0.027564649189770307,0.44489229106346784,-0.85776084005999564,0.44222775618985111,1.2999885962498468,-1.0740259969623764,0.10966861578938847,1.1836946127517649,-2.5691513282432652,-0.17286850122198416,2.396282827021281,-0.89315543337818326,0.22557270536066198,1.1187281387388452,1.3197971426608319,3.1243976168987047,7.2992664509284566,8.8828379909715238,-1.4967004532484225,2.4960497715725865,0.29922112616443997,0.6761425205032765,0.91156897893668543,2.5835478739421376,-0.18561819645552191,-0.2720964833879691,0.40602027073418906,0.40852474400176081,0.53705904888221412
4829,2004,99.325454340544866,31.475143975521267,6,10,26.341053015193939,1.4166717529296875,104.13559781454569,110.84124952493221,-6.705651710386519,111.13279964162575,-6.9972018270800618,121.23865206535265,137.7370450156177,341.15787687897682,199.16181606312668,142.36888243809591,141.63637841055487,164.53290080193594,166.41898157397912,200.23977609769764,198.7645265199489,233.66032825089519,231.40931939262106,256.78826463458034,255.4146807001909,0.015091726155844754,-0.15305581700235393,0.42302504248166883,0.57608085948402277,2.3563790778401881,0.5487766075177376,-1.8076024703224505,-0.69589371775902009,0.70553349063598603,1.4014272083950061,-1.6429034516822867,0.5797762127168653,2.222679664399152,-1.1102525400547449,0.23721350930910035,1.3474660493638453,38.421952359601164,41.31688076006867,-2.8949284004675064,41.442746807124422,-3.020794447523258,40.560453082128788,67.911376798120727,116.34930428117514,206.97822290596272,156.67545875028978,162.27548326249777,181.33148869436559,182.1813081366239,208.87989788692693,206.93681667939146,233.84564590619993,231.34276620327074,254.79118692460568,251.36645209664911,0.84449138681080171,6.9567218231751156,1.2492898209982286,-5.707432002176887,2.3793293974232768,1.266594828775311,-1.1127345686479657,-0.50423119525049742,1.235916708983865,1.7401479042343624,-1.6191166493227627,1.1154600510681405,2.7345767003909032,-2.8727026876179025,0.89191269808659968,3.7646153857045022,65.713645335735237,69.524369768208999,-3.8107244324737621,69.690053400745455,-3.9764080650102187,80.67819898570724,69.825668128090001,224.80857256799936,193.52833985244752,134.11546305991249,134.14441540351569,153.88365361160805,153.35045448423702,189.25156862783541,188.38893367245478,233.48058430732058,231.49124243041797,258.17209906067882,258.64982885293557,-0.69682303245815547,0.13903407457459593,0.018432003561542842,-0.12060207101305309,-0.30327656181458451,0.057519554921952931,0.36079611673653744,-0.76105573476760924,0.055456965549410597,0.81651270031701983,-2.1856507871657698,-0.11877613577510715,2.0668746513906626,0.10397182855712117,-0.078791791624382768,-0.18276362018150394,0.82939966065495696,1.5413144192689572,7.1097776401774695,6.8176877486005196,0.022950319583088685,2.6826059592378613,0.19166252250852267,0.25682453951711182,0.023786802359524017,0.5665341378430071,-1.7624501475631575,-2.9766745161750237,0.34104240929617807,0.33455051166574357,0.49305092025475361
4832,2004,100.82546120196764,31.475143975521267,6,10,26.341053015193939,0.304351806640625,97.867916710936697,98.970288340118714,-1.1023716291820165,99.018217232209281,-1.1503005212725839,119.2791885033912,113.91491990667237,327.19303862936795,198.96507411547634,137.1495890912251,138.4010596395342,161.40369694091004,163.76269799069533,199.69187858231214,199.1938834442204,234.56526119327185,234.17228513668084,261.96536236151104,261.18967807993107,0.50670772079752169,1.2300722968661546,0.02146950461477104,-1.2086027922513836,2.4028883847943234,0.090767897155956234,-2.3121204876383672,-0.44828576388874808,0.1290099328064116,0.57729569669515968,-0.29734600540646738,0.090651667278393688,0.38799767268486107,-0.67336136830073201,0.064032737389823069,0.73739410569055508,28.214655561867403,31.680503507552203,-3.4658479456847999,31.8311923967849,-3.6165368349174969,29.174555688500106,48.06383171989728,94.726660521642771,211.31566009072495,165.45142230419614,166.51503851794445,187.51342638025119,185.66795554146574,211.72466103425896,209.37611852518924,234.28325538326362,232.76239037151299,258.60054555652897,253.3303057259819,-1.8747222655002247,1.2020643457652511,0.28074499906733763,-0.92131934669791349,-1.5746542433096238,0.31275595261129752,1.8874101959209213,-2.0763147329761864,0.27547922238656497,2.3517939553627514,-1.3474620191813074,0.26128311654625236,1.6087451357275597,-5.2726728382570798,0.22388071370500029,5.4965535519620801,69.653260664781556,67.289785616820154,2.3634750479614013,67.187025259459915,2.4662354053216404,90.104632232207223,65.851088037763475,232.46637728251517,192.84834222685592,130.14196860668835,132.28614732480054,150.40955660997849,151.34700897157424,186.99149085771037,188.27496976106073,234.72214646967012,235.59210094149711,263.37192505924702,265.03221988253108,1.1871824391014343,2.2495993845627424,0.0082518949363645788,-2.2413474896263779,1.3287584303503479,0.018393861073235485,-1.3103645692771124,1.4138692178834731,-0.020512867197027163,-1.4343820850805002,0.68065344125838578,-0.065214939734374866,-0.74586838099276065,1.5846728198685014,0.010096343014367903,-1.5745764768541335,-2.3814299862977464,-3.061904704601659,-0.028007951100903483,-1.0475350387974913,-3.9775426281039472,-2.9034126736599717,-1.6280289690874383,-3.4901839508596595,-1.05011601377484,-2.0281154604396932,-4.5993114699563478,-6.8573456581255812,0.28951306824392919,0.24459049440691535,0.42192745041013741
4833,2004,101.07546234553811,31.475143975521267,6,10,26.341053015193939,0.565216064453125,107.30989035919993,113.02875780270006,-5.7188674435001303,113.27740286333756,-5.9675125041376305,123.39890340211059,105.37103102882611,315.2016767533496,203.00019704583931,145.64704860885746,144.9794609591199,167.83952728074533,169.12895083634965,202.40868487979867,201.63298590529914,236.66715438627904,234.82968201706603,262.58367268844069,261.16885004436563,-0.44433401139883699,-0.62611690218676586,0.11482501238626242,0.74094191457302827,1.5172503807384601,0.20943139428376867,-1.3078189864546914,-0.6259304336331013,0.26584587989492547,0.89177631352802678,-1.5248365753518272,0.2092801489645808,1.734116724316408,-1.2800015682582853,0.17940030259302375,1.459401870851309,49.263424686923827,55.948450351521387,-6.6850256645975605,56.239103996167614,-6.9756793092437874,51.12932411041038,56.298402920656372,117.43716608081013,211.15103587712474,165.22332442487678,166.32740393795436,185.53878112993465,184.21525187596902,210.358365904115,208.31565213805297,236.34958569456205,232.72656322406357,260.05839077819724,254.42655281837861,-1.5603536119279227,1.6344558092759485,0.550829786434889,-1.0836260228410595,-0.94814895021355028,0.53426901332437637,1.4824179635379267,-1.5424982429817931,0.54312425613628079,2.0856224991180738,-3.1495420807991934,0.50633156888602571,3.6558736496852191,-5.3671201309658727,0.4611564542452129,5.8282765852110856,58.046465493462165,57.080305487465012,0.96616000599715335,57.038298815015878,1.0081666784462868,72.269579127787438,49.072628175548743,197.76451041270047,195.78402640450744,138.69509352278928,136.32591719620984,152.69914706745158,152.46609258594708,188.5164638858424,189.09486156620065,236.94283961758842,238.12016508523072,265.24206102395186,267.26719816803518,0.14697499411511217,-2.3400410602417878,0.014396456101991362,2.3544375163437792,0.20256042368319527,-0.031766279162638966,-0.23432670284583423,0.66406369030212886,-0.14618592505638617,-0.81024961535851503,0.47878422246543551,-0.21973529014081805,-0.69851951260625356,1.7902001954305433,-0.05890000467934442,-1.8491002001098877,-1.1160196005290857,-1.7073286060430348,2.2605727114627143,3.9744968695177363,-2.4653993309520104,-1.1507093738967455,-0.91656780934869175,-2.2065619332839219,-1.6247055054473662,-3.6283263032646289,-4.0871185627075874,-7.157320326396416,0.3725778596435152,0.41434180289106098,0.53428729292071697
4835,2004,101.8254657762495,31.475143975521267,6,5,26.341053015193939,-5.6363601684570312,116.12923277487425,123.36142337398996,-7.2321905991157109,123.67586605738325,-7.5466332825089921,141.21490155001777,134.50710448544942,336.64349885843694,197.90139321336315,133.48166264794048,134.21357476356945,162.59662925329633,162.90865173851535,199.14763635904802,199.69091851099071,234.05522396771386,233.76918711774476,259.69944789596724,258.65176925044142,-2.0312596900918436,-0.63592229543169765,-1.344640428646585,-0.7087181332148873,-1.7209748483034275,-2.1294659273989112,-0.40849107909548366,-2.2109892143365073,-2.7459507574459394,-0.53496154310943211,-2.6723316104393291,-2.4068312554930458,0.26550035494628332,-2.5040122765875026,-1.4603843781825958,1.0436278984049068,53.874819855642272,60.137824771971282,-6.2630049163290096,60.410129701633196,-6.5353098459909233,56.63740992124076,77.934407801112684,152.23259054496884,206.86132604987313,155.27491222456408,160.44580240896829,181.36514227787762,183.30935525262586,207.04565222592379,210.61885572586246,233.0017498117063,236.79789549050577,257.9986953254417,257.75844967817028,-1.9275404854072349,0.28929484571111175,-4.9282130260718304,-5.2175078717829422,-3.0834235752548977,-5.0436191701167843,-1.9601955948618865,-1.0288421188672885,-4.833961052508954,-3.8051189336416655,-0.63320057886232917,-4.3784822444177678,-3.7452816655554386,-4.1631322429730915,-3.6780977113132849,0.48503453165980659,62.254413254508108,63.223597957206039,-0.96918470269793033,63.265736580622615,-1.0113233261145069,84.577491904448493,56.572696624732089,184.41090861521661,189.35904215261337,121.60506333291688,123.87857800687574,147.17781106787936,143.82504406193209,183.55789901281926,181.59581116705704,235.9248086594493,228.20091753917967,262.71531484573961,259.8396591890658,-2.4821600042528189,2.0806480838805328,-0.5094693558218637,-2.5901174397023965,-4.1994809052075937,-0.91379439189040568,3.285686513317188,-1.9266705463608105,-0.06236243406937092,1.8643081122914396,-6.4734423192260522,1.3194043732081013,7.7928466924341535,-2.2460203458606998,0.76116754602963965,3.0071878918903394,0.10371920468460871,0.55461951884558403,0.9252171411428094,-1.791353238169421,-1.3624487269514702,1.1160573299526959,1.1821470954692188,0.89782842749352199,2.0391310315769999,5.840241740363723,-1.6591199663855889,-1.9171118971123917,0.45220713027636594,0.40107247393562079,0.57940737107714191
4836,2004,102.07546691981996,31.475143975521267,6,10,26.341053015193939,-0.9130401611328125,212.26714450083091,227.852580620558,-15.585436119727092,228.53020655221917,-16.26306205138826,232.04612887638359,248.83083155524218,569.44736126065254,194.08720777875919,121.19221869258588,120.31433583921327,152.05520659802508,151.3092718044395,194.16312148852094,193.40444748878593,236.15815919697269,234.7121038587,265.87569574747403,265.06243300922876,-1.4765731567044043,-1.1648474975093137,-0.34851994126789521,0.81632755624141851,-1.2156449959711608,-0.50292240384462161,0.71272259212653921,-1.3110828893259736,-0.48420755862821352,0.82687533069776009,-1.9443778246671002,-0.49671368072819178,1.4476641439389084,-1.3315638643222201,-0.41798306273534536,0.91358080158687471,105.07518789005189,120.00148964026812,-14.926301750216226,120.65046142751817,-15.575273537466273,106.82768897545247,157.63985402889011,289.89732047915459,202.75117534183659,145.41509974044953,143.14142751968433,170.07812977789757,168.79143337581368,203.08734711687154,203.3698850267354,233.50347563911811,236.2541696580499,261.17849628752856,262.18953448198982,-0.92041208940045749,-2.890211501847233,-0.82052322988769788,2.0696882719595351,-2.1160233416619292,-0.81198756315890819,1.304035778503021,-0.51378869419585271,-0.78837372557535446,-0.27458503137950174,1.9775336571051128,-0.73887761099337013,-2.7164112680984829,0.20359858824082266,-0.63467576264372383,-0.83827435088454649,107.19195655117437,107.85108507295081,-0.65912852177643799,107.87974295690583,-0.68778640573145822,125.21843991583228,91.190977615759039,279.55004100501537,183.4992295442174,111.14026989049827,106.88352336539805,128.91680778816445,127.4250331014975,175.59870106803243,172.90969528914616,238.851750058872,231.22765156503823,271.04542398000268,269.12633222002984,-3.1132379149113945,-3.8285004112247094,-0.2608758898635557,3.5676245213611537,-1.6094687061487463,-0.28791979583184002,1.3215489103169062,-3.213999763357748,-0.12234216626606553,3.0916575970916824,-7.5762509605289665,0.084755871744135902,7.6610068322731024,-2.156312963426501,-0.090756443858026614,2.0655565195684744,0.55616106730394677,2.192825825510937,-1.7253640043379193,0.93828890937747644,-0.90037834569076836,-0.50655463551318292,0.7972941951301209,2.7002110691618952,3.9219114817722129,9.5537846176340793,1.5351624525630427,2.3599115516673237,0.50908536978268693,0.46037264009847839,0.63352219274279509
4838,2004,102.82547035053135,31.475143975521267,6,5,26.341053015193939,-2.4444427490234375,76.617438568147918,81.923786181299874,-5.3063476131519565,82.154496924917112,-5.5370583567691938,89.508203984443753,143.98953459076074,285.37222220655531,203.81661010257821,149.60232702939777,147.54645047822143,175.46423281463137,171.34854467876505,205.99829261912754,202.97783988827976,233.44882799884024,232.55156595280289,255.1680560306427,254.03007492209667,-3.2808067964720635,-3.0941654280961188,-1.1047208325236113,1.9894445955725075,-5.3991142322646226,-1.3363892729379359,4.0627249593266868,-4.5287751359484503,-1.3870209974295733,3.141754138518877,-2.1268700842613839,-1.2026366929632388,0.92423339129814508,-1.9817682523746498,-0.72870206492962097,1.2530661874450288,37.395318027685789,41.389761305781576,-3.9944432780957868,41.563433151207391,-4.1681151235216021,41.516929766881731,87.148603902334798,140.09386630728841,207.90611516644086,160.32423653843136,160.02521365484247,183.99889643693828,181.50214706557097,210.18657124934319,208.11286922508665,232.24691396042411,232.66134187127165,254.04874543260462,251.86103327580818,-2.986881203108112,-1.6568011649503944,-1.9131294852274152,-0.25632832027702079,-4.3440706780418168,-2.0267161258992132,2.3173545521426036,-4.0422340180846845,-1.98560573610456,2.0566282819801245,-1.2271434357833755,-1.8387753808816854,-0.61163194509830987,-4.2601261385040345,-1.4695399204586295,2.7905862180454051,39.22212042870342,40.534024491399578,-1.3119040626961578,40.591063535291141,-1.3689431065877216,47.991274120704475,56.840930597363695,145.27835562732071,198.79736674765002,144.28597831988421,139.69710132595623,162.07183755352114,158.55807531556977,198.62669383951362,193.99277337002718,235.8205647117592,232.35859705961323,256.66544717936006,256.83357498412772,-3.1519360648695454,-4.7988448619679218,-0.5050124714475146,4.2938323905204072,-4.0906437702615221,-0.51710314095703325,3.5735406293044889,-4.9819403577169794,-0.39113450932708815,4.5908058483898913,-3.7183718210808365,-0.19954501679114856,3.518826804289688,0.23066371905230199,0.069826734027003567,-0.16083698502529842,0.29392559336395152,0.16505486176143336,1.4373642631457244,3.1420436970175274,1.0550435542228058,-0.25342690778029464,0.48654111786376575,0.93970633963229488,0.89972664847800843,2.491228385297461,-2.2783578861293847,-4.4907898575563365,0.49091626796768972,0.46383379309115891,0.6052426250978854
4839,2004,103.07547149410182,31.475143975521267,6,10,26.341053015193939,3.611114501953125,149.99319308949998,161.2627283411457,-11.269535251645721,161.75270629213264,-11.759513202632661,170.53403884851832,185.60375090826346,441.39466226659715,198.356540548982,135.537864508224,135.35102341033524,163.66561479371697,160.65053058922712,200.37975171123685,196.4617017103663,233.09904695090412,231.1840228785538,259.25335435209337,256.81983814652222,-0.76058598349035833,0.97800608171689873,1.123392408469698,0.14538632675279928,-1.3149151775918142,1.6332885567279618,2.948203734319776,-2.0220139448937005,1.9175468809239646,3.9395608258176651,-0.25952459840522124,1.696845735232472,1.9563703336376932,-1.2002192820723963,1.3279627720376084,2.5281820541100046,79.269747226404434,85.825091747714396,-6.5553445213099621,86.110107708218493,-6.8403604818140593,82.006732999252563,112.49842482263193,218.66033379733562,204.77159012689134,150.23050226143619,143.85319740300605,177.01773123998697,167.8265028523885,205.9255972903774,200.46430026370871,233.17468092728413,230.3964109623202,258.27585509396278,253.93703056811464,-2.9644762984530928,-3.5215455616290114,2.5149357302680642,6.0364812918970756,-6.31895661743809,2.7116996801536857,9.0306562975917757,-2.5141071561973831,2.7697539451455384,5.2838611013429215,-0.33388853031758003,2.53508527863616,2.86897380895374,-2.6668738713338485,1.9645776310134977,4.6314515023473461,70.723445922700193,75.437634109903229,-4.7141881872030353,75.642598991213163,-4.9191530685129692,88.52730599827737,73.10532605582921,222.73432851396501,190.63681079203937,123.26961399730814,127.26613211252673,148.59399625812733,150.85034142225609,186.8844844800245,189.8015214050229,232.875633911085,232.57801981556656,262.08797261683117,260.5416871527882,1.8324083102727116,4.8217012965627646,0.57084742158347979,-4.2508538749792848,2.6199629706464975,0.24517216593179114,-2.3747908047147064,3.3984115249441231,0.57543651195024381,-2.8229750129938793,-0.14968981172293638,0.20483259812118604,0.35452240984412242,-1.2439665832611695,0.42407261350246017,1.6680391967636297,-2.2038903149627345,-4.7968846087258044,-4.4995516433459102,-8.343246858191776,-5.0040414398462758,-8.9389195880845875,-0.49209321130368266,-5.9125186811415062,-0.074363931912358794,-0.18419871859464365,-1.4666545892614522,-1.422907288072679,0.49538508842516854,0.48088190224649147,0.60612150493787931
4840,2004,103.32547263767228,31.475143975521267,6,5,26.341053015193939,-5.9444427490234375,117.34170218854342,126.53319801913312,-9.1914958305897017,126.93282531831937,-9.5911231297759514,134.83044703078122,157.43319848273313,350.12013628985733,192.11628004730014,120.64673588378614,122.45768457568495,153.43832670176076,154.08665943935671,196.49154285731561,196.95348605166561,228.39453170332166,233.54121108209603,257.98940862489786,260.06797080866505,-1.2764554789986846,-0.79839078058884638,-2.6922013439330073,-1.8938105633441609,-2.3543926361991794,-3.1020891650746023,-0.74769652887542293,-2.9553078672775825,-3.3767171883510798,-0.42140932107349727,1.699536551476541,-3.4081464552876071,-5.1076830067641481,-0.32817335655568058,-2.3053262242946175,-1.9771528677389369,50.219988223348082,55.598149294231916,-5.3781610708838343,55.831982804580548,-5.6119945812324659,52.297159325514258,87.346615124785785,160.76535776630044,201.91787431445172,145.22755268755657,143.17466506994947,176.85497285691082,173.25495271079279,203.97665776987736,206.89455508324346,228.69057739335094,234.44290483762157,255.61946921335405,257.24504066221448,-3.5435238996083172,-6.7394752196710215,-4.6344230076743713,2.1050522119966502,-8.5480901228529262,-4.9972876284497545,3.5508024944031717,-1.9145674638033938,-5.0835250367881315,-3.1689575729847377,0.88976706238011616,-4.7032337851989325,-5.5930008475790487,-2.4646509304126312,-3.9094099687000892,-1.444759038287458,67.121713797557277,70.935046678474464,-3.8133328809171871,71.100842844875842,-3.9791290473185654,82.533287448221927,70.086583313243864,189.35477817710489,183.14804018252744,112.84538529123537,113.30664935859406,134.6469836772842,138.11489222634486,182.05971706684036,183.61553915798032,227.79483446389804,232.23383388326363,260.47418834965521,262.80251258870186,0.98355636625478837,-1.6172047963701033,-2.3563905504745151,-0.73918575410441179,1.3198817084946484,-1.9407610483928863,-3.2606427568875347,-0.32314743686504244,-1.9273998718167888,-1.6042524349517464,2.7042279164986383,-1.6100083787962944,-4.3142362952949327,1.4553513891838179,-0.84615440855225188,-2.3015057977360698,-2.2670684206096325,-4.5270802658631055,-5.9410844390821751,-5.1222704233009182,-6.1936974866537469,-9.8679718313475746,1.0407404034741887,-1.5914200269383514,-0.80976948909642488,-1.8144608541185221,-2.1364775738569506,-3.9200023195964491,0.45917198442195872,0.38787351430775158,0.55481700153837465
4846,2004,110.32550465764524,31.475143975521267,5,5,26.341053015193939,-0.65000152587890625,132.24637541871198,133.01375259514316,-0.76737717643118231,133.04711736753234,-0.80074194882035954,161.64193722943673,210.21705606651813,509.57663506269455,192.23320806751843,127.63734051645646,130.54931433827093,153.96810766575894,157.90127842154749,192.12382245115381,195.80977062148679,228.77725403467491,231.05308561459768,257.42013644576258,256.94540247463556,2.0829207759030055,2.9679859114820175,-0.12079158027583503,-3.0887774917578525,3.7530661672158772,-0.2518960555999854,-4.0049622228158626,3.4234319329255527,-0.32614005751577224,-3.7495719904413249,1.9115475025044759,-0.33577077573332303,-2.2473182782377989,-0.80932784949021652,-0.22451212194840764,0.58481572754180888,82.070388024691056,81.376905220244225,0.69348280444683041,81.346754509770108,0.72363351492094807,94.990006924081172,122.71644851664678,248.49818528001197,192.92100092884817,132.0836362379637,137.59098031619558,158.24764045881133,162.93724339039139,191.27344094767943,199.13401897327296,226.95322063661794,232.13875807236076,256.67722455399758,256.93509832096157,4.5489434993658335,5.6574342947479863,-0.46581403470548821,-6.1232483294534745,4.4233430544539374,-0.5035378821264942,-4.9268809365804316,7.3404629499137855,-0.4758919325282136,-7.8163548824419991,5.0967002490385198,-0.45028258264210308,-5.5469828316806229,-0.5593082972534944,-0.32784794395621475,0.23146035329727965,50.175987144426472,51.636846755010993,-1.4608596105845209,51.700362345161921,-1.5243752007354487,66.651930174970403,87.500607646030403,261.07844997942448,191.26185240711902,121.73372538018826,121.28643692622721,150.51071034458806,148.68348993724931,192.98010836758786,189.82768181208473,230.07550366612801,228.8276739671403,258.57221859271903,256.96552346816856,-1.7993154757701859,-0.20597379422443396,0.078867792720515695,0.28484158694494965,-1.8026495743908129,0.12296607844336904,1.9256156528341819,-2.8547324011766477,-0.012880734396304661,2.8418516667803431,-1.344828573191478,-0.13847398091959917,1.2063545922718788,-2.1454237291211484,-0.028854894597202474,2.116568834523946,2.466022723462828,6.3482589751360194,2.6894483832659688,5.8634080889724203,0.67027688723806023,6.2259926288447502,3.9170310169882328,10.195195351090433,3.1851527465340439,6.4415288222299978,0.25001955223672212,1.586115431867654,0.48765616039173104,0.58765694443052285,0.58376066534685045
4872,2004,94.325431469135623,31.225142831950805,6,10,26.409792255035402,-5.875,76.610717177391052,82.114783823490143,-5.5040666460990906,82.354089140892029,-5.7433719635009766,106.17265893518925,118.92339366674423,320.58402408286929,201.62794546715168,145.78187091037671,154.60422403680309,170.41287370315726,177.37835055053756,202.76174594130907,206.66912633059223,233.85286659758427,235.9924013754019,254.56528082169896,256.14433982197556,1.5968103849926649,6.2487937713674739,-3.1413591362754119,-9.3901529076428858,3.5324541327676116,-3.5366286194833378,-7.0690827522509494,0.47799530827535364,-3.4346221218119126,-3.9126174300872663,-0.7189425851625515,-2.909908748750297,-2.1909661635877455,-0.4524129120166549,-1.8662493632825488,-1.4138364512658939,33.080849468708038,31.493910193443298,1.58693927526474,31.424912929534912,1.6559365391731262,35.491462528705597,52.482208628207445,94.281771309673786,207.31565137350674,165.47306873305044,177.44029640611222,183.05000198079651,193.03783163965764,207.58002345968723,215.05881620196752,230.31740180889688,236.82429349497954,249.19368429638536,253.36949473448107,2.6172448415128429,6.7143209114308888,-5.7113199820881562,-12.425640893519045,4.8055357663376128,-5.577800006348582,-10.383335772686195,2.2760555539973097,-5.3362225391576885,-7.6122780931549983,1.4614476576637401,-4.9197333722176211,-6.3811810298813612,-0.56010479175034789,-4.1703960423947706,-3.6102912506444227,43.529867619276047,50.620872050523758,-7.0910044312477112,50.929176896810532,-7.3993092775344849,70.681196376681328,66.441185414791107,226.30225293710828,197.97888146164854,139.30964058199348,147.66036480450805,155.45909477383736,165.70188871420405,197.03180963123239,197.24405090836694,235.97558475131572,235.191324040713,258.73434996454893,258.03550001670754,1.0264596845065341,7.2277691518407607,-2.2399622334268372,-9.4677313852675979,8.3731260598522397,-2.4241296583356871,-10.797255718187927,-1.1797990583015974,-1.5901735427682411,-0.41037448446664371,-1.8332505434295285,-0.90142550699306412,0.93182503643646442,-1.1371221192677012,-0.42478320233794875,0.71233891692975249,1.0204344565201779,1.5907851570063087,0.46552714006341489,-0.51344824040987191,1.2730816335700013,-3.5675902935146269,1.7980602457219561,3.4558546122989071,2.1803902428262916,3.2946982010932686,-0.10769187973369299,0.57701732751735335,0.29409379203906444,0.33428062256941854,0.44131105756430816
4877,2004,96.075439474128856,31.225142831950805,6,10,26.409792255035402,-2.9565277099609375,95.781256075715646,102.60480732758879,-6.8235512518731412,102.90148343483452,-7.1202273591188714,127.98869222717803,123.14660695570819,380.58903054893017,203.74918966992399,145.41832158168185,149.0321695180821,168.16575592885127,172.03710366178055,204.70291594253968,204.96614563683059,237.44849353861085,236.04375434927508,260.781430307177,259.82917455976082,-0.34004910306600777,2.9784526922577754,-1.080010009576938,-4.0584627018347135,2.7921099665230145,-1.0866774370594214,-3.8787874035824359,-1.2281821642426678,-1.3855388723858084,-0.15735670814314062,-2.7192683938154687,-1.2663985908686186,1.4528698029468501,-1.800144537595088,-0.75691014738725926,1.0432343902078287,37.220301199020469,37.904610401499667,-0.68430920247919858,37.934363658874645,-0.71406245985417627,40.270522570284356,58.862799591270232,104.21354108955711,213.13370197120005,172.74071259797296,176.71084919927969,190.18346903387609,194.08101680824566,214.37638910825407,215.05687883862782,236.2602807080296,235.878262900377,254.6938373965252,253.5917821570263,-0.88235808658785686,1.2990172873346921,-2.8450325985124323,-4.1440498858471244,1.0773481677403254,-2.7877454548136029,-3.8650936225539283,-2.2039876894708641,-2.7012737433828988,-0.49728605391203473,-3.3217626181707658,-2.5015086635956436,0.82025395457512218,-3.8558446045012715,-2.1076762830418829,1.7481683214593886,58.560954928849242,64.700196328747552,-6.1392413998983102,64.967120327302837,-6.4061653984535951,87.71816998342365,64.283807364437962,276.37548968195915,197.62875678035806,138.97651831916573,143.32283488929482,154.29587265409208,159.17650874807657,192.64592941636721,192.67598764612399,238.91759803442329,236.2254482750169,263.80116429755651,263.56212304720145,0.53221272201008674,3.9441656230133333,-0.65832981915798428,-4.6024954421713176,4.5731799992334459,-0.51664856649858848,-5.0898285657320343,0.16673752478848769,-0.16848342621716483,-0.33522095100565252,-2.8150918702173442,0.10488320203054968,2.9199750722478939,-0.59659414948993117,-0.39857840100427211,0.19801574848565906,-0.54230898352184909,-1.4145708085979436,-1.6794354049230833,-2.6451483356786412,-1.7147617987826891,-3.4958318314931205,-0.9758055252281963,-2.3707252142593518,-0.60249422435529709,-0.5066707479534216,-2.0557000669061836,-3.2592504550113404,0.2738217150905482,0.31464125361016093,0.4779896177930526
4879,2004,96.575441761269786,31.225142831950805,6,10,26.409792255035402,-0.6666717529296875,94.505550340814807,96.257689144191318,-1.7521388033765106,96.333869439426053,-1.8283190986112459,119.73406932891885,108.22720086536719,399.59230867028236,199.42929258509881,143.31584112918355,144.17786418279871,165.26602148247966,166.52585069308981,200.0389331315923,199.60894504689895,233.16006027270134,230.98995640308482,255.80287180932535,253.9304511868813,-0.42122379911816665,0.85091131947393706,-0.03807406707326777,-0.88898538654720483,1.1131179256203723,-0.089103451356521646,-1.2022213769768939,-0.77632746924695084,-0.22502630305851312,0.55130116618843772,-2.3340497436382748,-0.20929712236861064,2.1247526212696641,-2.0821200507895696,-0.1182188829438644,1.9639011678457052,28.788477415255329,27.731912201766136,1.0565652134891934,27.68597425898588,1.1025031562694494,29.999323942734918,44.523993798451784,79.453223881311715,209.55203228084142,172.93623683695424,174.14107259925453,187.48666017825337,190.55423723476903,211.20022148320794,210.75951623951454,229.21478353206396,230.43072435754661,247.13524547964491,246.52852593710813,0.11157277801822829,1.1423756255869648,-0.63987171926041242,-1.7822473448473772,2.8363209109495529,-0.623840769920605,-3.4601616808701579,-1.2126765580674999,-0.60768920686936667,0.60498735119813318,0.020151007662548182,-0.57781815530321978,-0.59796916296576796,-1.6964760753391488,-0.52041399339162808,1.1760620819475207,65.717072739294963,68.525777424850276,-2.8087046855553126,68.647894676284523,-2.9308219369895596,89.734745184086933,63.703207094855316,320.13908471167088,194.51277664569653,138.05534444207737,139.78078502755355,153.91056749592767,155.36190864935847,188.88869656426627,189.2816592537111,235.65552767488671,231.45300730634494,259.67626809734031,257.44387347565566,-0.1809217656327462,1.9127299437297722,0.048147662870064778,-1.8645822808597075,1.8291816981370062,0.029566001250799445,-1.7996156968862067,0.79846622161159075,0.12695594749845895,-0.6715102741131318,-4.1146904389555914,0.12168785735062215,4.2363782963062135,-2.3312922544478738,0.022992737599736301,2.3542849920476101,0.53279657713639494,0.29249454365097449,0.29146430611302776,-0.77035431814280741,1.7232029853291806,1.0071392128125467,-0.43634908882054901,-2.0111427796790906,2.354200751300823,4.1348414466181396,0.38564397545042084,0.63481617910872501,0.19883571869965935,0.25054960639752777,0.41139374798983186
4880,2004,96.825442904840244,31.225142831950805,6,10,26.409792255035402,-2.0434722900390625,86.383063643763307,87.137641742032429,-0.75457809826912126,87.170448538860001,-0.78738489509669307,108.28441374089925,94.091492131974519,329.75212689116597,197.73980552623533,138.75122393970753,140.97769041736584,162.78837692918037,165.38779601500036,198.15276957185193,200.06104858722134,232.84913762039412,232.13360156589221,256.1233278441515,255.25125408429176,0.69055292748905117,1.9478347407141712,-0.30340379118734973,-2.2512385319015209,2.1842008206091066,-0.39343202660660381,-2.5776328472157104,1.0654688682649009,-0.79805552969435212,-1.8635243979592531,-1.2299328700936769,-0.63622736279799597,0.59370550729568095,-1.2587379440360849,-0.30578287864477716,0.9529550653913077,26.644141199089063,25.50546340663368,1.1386777924553826,25.455955776317751,1.188185422771312,27.603853581495059,41.404787161677177,72.504025907779578,209.59746480014849,173.55190756800997,176.85853606458122,188.52220263629087,192.92484715614879,211.30498408555385,213.20943825455444,230.78017014968506,233.74234110476246,246.609317067896,250.0962197730494,1.6844299094173323,1.38040345203882,-2.0021500805069365,-3.3825535325457565,2.8914351788538966,-1.9748809568375805,-4.866316135691477,-0.18836476062568863,-1.9291185170062874,-1.7407537563805988,0.87774352350780305,-1.833363755413842,-2.711107278921645,1.4057543912473989,-1.6392536890826932,-3.0450080803300921,59.738922305907181,61.632178767532423,-1.8932564616252421,61.714493178276825,-1.9755708723696443,80.680560076516485,52.686704995367108,257.24810099974275,191.6042598752426,133.7400501595354,135.43906170851773,149.862511876273,152.18567571051838,184.6900103530765,186.74953316269233,234.73924483271639,230.80433607807001,261.19157726875233,258.15925370562178,0.7066663246039866,1.5383820245260438,-0.23058767313165163,-1.7689696976576954,2.1307620857022016,-0.40353780554161744,-2.534299891243819,2.5164601367755779,0.25006124900389182,-2.2663988877716861,-3.5829611449587162,0.27831359524185473,3.8612747402005709,-2.8122760646364782,0.25918255761354203,3.0714586222500202,0.99387698192828111,0.97776358481334569,-0.5674312886753512,-0.1579785724872238,0.70723435824478997,0.76067309315169496,-1.2538336288905896,-2.7048248974012665,2.10767639360148,4.4607046684665193,2.6644923352834837,4.218030455883877,0.21987432375746097,0.25491991532174701,0.44004815125688551
4881,2004,97.075444048410702,31.225142831950805,6,10,26.409792255035402,-0.3333282470703125,98.874501191403397,102.28289219252292,-3.4083910011195258,102.43108294321428,-3.5565817518108815,120.33743892983512,113.13284958121585,402.97603184357285,203.67999983864894,145.07155508223357,144.04420679090757,168.88996929966314,168.91626345609399,203.24496577175481,203.07500490810526,237.79781559634122,236.80192296274251,262.82532384666905,261.71103286201816,-0.64887940790728749,-1.0596017433916813,0.0014959267850542801,1.0610976701767356,-0.0061556928828849777,-0.03516147751133758,-0.029005784628452602,-0.254740432667802,-0.1079178724146459,0.1468225602531561,-1.083113607675557,-0.10782782717132022,0.97528578050423675,-1.2342612646207272,-0.071187280789160923,1.1630739838315662,37.436019513419524,34.819533970930934,2.61648554248859,34.70577419340043,2.7302453200190939,39.29047483998238,49.957777832039937,95.024780827152426,209.05505076039262,167.44861655642319,174.25972024459526,186.6687273218941,191.16913481837895,210.98610057222928,213.02248563648172,229.8848044994414,235.18790473558113,248.86672840120659,253.43949353092813,4.1163535753715905,7.1026571745024967,-0.28421509532847722,-7.3868722698309739,5.0168131610133457,-0.3229997509953364,-5.3398129120086821,2.0632488167176177,-0.30232946174973563,-2.3655782784673534,4.6355303804139112,-0.26324860915781301,-4.8987789895717242,4.0416652865097262,-0.23784281946041119,-4.2795081059701374,61.438481596027486,67.46335823525169,-6.0248766392242032,67.725308697659784,-6.2868271016322979,81.046964106616542,63.175071421350367,307.95125064626336,200.35378188424411,140.0014398408064,138.83527822038616,158.3690250447286,155.39724492260777,194.14898879415662,192.02154295235425,245.58003826452946,238.4428519593975,268.47275187411663,265.78235508052632,-2.7604080369030726,-1.0843736549065284,0.028206347764239581,1.112580002670768,-2.8515968110463632,0.057939715595779262,2.9095365266421425,-1.7516305410291011,0.057392315952682793,1.8090228569817839,-7.2733981578022906,0.0847668487436124,7.358165006545903,-2.8381901118263499,-0.046574147409899069,2.7916159644164509,4.765232983278878,6.8767616122746631,8.162258917894178,8.187030829409025,5.0229688538962307,7.8684099720597089,2.3179892493854197,3.8148793577467188,5.7186439880894682,11.908928538216202,5.2759265511304534,6.8798553983360762,0.23580752530721014,0.32650250154394089,0.44158507468846375
4882,2004,97.325445191981174,31.225142831950805,6,10,26.409792255035402,2.9166717529296875,91.700977666519975,99.122921397281971,-7.4219437307619955,99.445612502551739,-7.7446348360317643,105.31802852553756,92.403223887800777,329.64507425948977,202.9603645166863,145.49230517342784,144.99973463916803,168.57864769834279,169.47965638206529,202.77408229901596,200.81064711567751,237.60743270532427,233.27632370857557,259.74285727532856,256.58310460795281,-0.92863077581867515,0.015220710253259995,0.4273837833666505,0.41216307311339051,1.5699812583998494,0.70668712774232745,-0.86329413065752192,-0.892609902551186,1.13462487645495,2.027234779006136,-3.3460063224172245,1.1125284146952765,4.458534737112501,-2.3447609626473991,0.94499115333525197,3.289752115982651,35.74517656095577,39.997798168932604,-4.2526216079768346,40.182694200387232,-4.4375176394314622,37.277980140088971,47.392880667222016,92.198423855938017,211.28179858944449,169.22728436583267,170.56401428171424,187.30230620208445,185.9819638897134,213.23476699738612,208.06347853770416,236.07906142727103,231.01636061029387,252.70513908295564,248.56342177132206,-0.22201995332667934,3.849090149679057,2.7269670220341027,-1.1221231276449544,1.8640577973117161,2.7531593753813581,0.88910157806964207,-2.4698250378766033,2.6762565597572916,5.1460815976338949,-3.0309516251357707,2.5464419793953255,5.5773936045310961,-2.152368265399673,2.3965258229409869,4.5488940883406599,55.955800811266272,59.125122499433928,-3.1693216881676562,59.262918723122311,-3.3071179118560394,68.040048251958979,45.010343242930503,237.44665044918656,196.72789621487604,139.80224804822723,138.76055242608865,155.41596937666915,154.76752994685458,188.76596386455176,189.93997375135305,239.4680546918112,236.11847486044022,264.95005332315657,262.23866099468279,-1.2292923451311708,-0.67854127266852515,0.28750438646386556,0.96604565913239071,-0.51057149662150891,-0.2255238755978155,0.28504762102369341,0.48954760168928146,-0.66390817193649809,-1.1534557736257796,-4.1860854806388375,-0.66823961868061588,3.5178458619582216,-2.6447914905460834,0.14832713029005617,2.7931186208361396,0.7066108224919958,1.0072723918044915,3.8338694394257971,4.5276314223475822,0.29407653891186669,2.374629293933225,-1.5772151353254174,-2.9593726395658848,0.31505469728145385,1.1551338555030668,0.19239269724772612,0.49242322514641046,0.27968997887516234,0.35395630417682755,0.51289206883915772
4884,2004,97.82544747912209,31.225142831950805,6,10,26.409792255035402,2.5,100.78492962381642,104.16315413110715,-3.3782245072907244,104.31003272152338,-3.5251030977069604,115.79374187252324,102.48271245738488,348.71121830679476,204.70712070514904,147.93344722469715,147.04239772975532,170.86022966356765,170.90362635537127,204.93039266982532,201.98187205234069,238.31055228653656,234.07171262989999,260.26559388420787,257.59861019472356,-1.3212486410035922,0.1108156388820305,0.68280127749395092,0.57198563861192042,0.81120968457449294,0.95649731883963796,0.14528763426514502,-1.8354604018884118,1.1756967905537294,3.0111571924421412,-3.1052213356593654,1.0075400323489418,4.1127613680083073,-1.9898434771903908,0.77968253931061327,2.7695260165010041,41.349118965501475,42.710523588348224,-1.3614046228467487,42.769714106181709,-1.4205951406802342,42.603934182609009,53.64255229526384,105.78112160088494,212.88908411131735,169.62802989884838,171.46565940463989,187.44009995073714,187.43280277699822,214.25831522705425,209.394812852651,237.90938708948784,231.97500169593224,255.68273920098949,250.07011401416827,-0.84721901484087425,4.3532417181383494,2.4153594372056091,-1.9378822809327403,2.5474202926327791,2.3850660781414774,-0.16235421449130172,-2.5252527330970054,2.3271488092213701,4.8524015423183755,-3.9773800936377768,2.1906109963827305,6.1679910900205073,-4.1280687672357033,2.0112634633026403,6.1393322305383435,59.435810926535851,61.452631299406676,-2.0168203728708249,61.540318496132386,-2.1045075695965352,73.189808073619133,48.840160175780511,242.93009697832167,198.25390873382915,142.75647815010333,141.23361045244096,156.05953943077731,156.84939480495359,192.70888595908696,191.02615064982507,238.75087593941095,236.73180261254083,264.01447363290384,262.99463723077747,-1.0969118595540124,-0.81023611845557753,0.65409030606849683,1.4643264245240744,1.2950172188611475,0.31554822837270535,-0.97946899048844216,-2.1180050052493868,-0.32396224925093975,1.7940427559984471,-2.655196492664146,-0.50586754120544697,2.1493289514586991,-1.0702905773355837,-0.001056083599678459,1.0692344937359053,0.47402962616271793,0.24969284471313813,4.2424260792563189,5.1634778365939269,1.7362106080582862,1.2524030737716316,-0.68979233120859362,-0.40724772784761853,-0.87215875797841136,-1.3221836009736307,-2.1382252900453125,-3.0577781899001195,0.30334877700383911,0.36792950546076547,0.52343025481073102
4885,2004,98.075448622692562,31.225142831950805,6,10,26.409792255035402,10.458328247070312,130.83061420992817,135.34307678568075,-4.5124625757525791,135.53927308519269,-4.7086588752645184,137.48005037060102,127.12880820333157,416.78452849574387,204.95921575784485,147.79180423587849,147.21593626116174,170.91757241739791,168.57838819759272,204.59585895287344,198.94320710237329,238.97765192689926,231.89060769358633,261.24324416844252,257.03168913929824,-0.6671776022153324,0.69511878684431849,1.1491200362279415,0.45400124938362296,1.7702271135181604,4.1991697917931958,2.4289426782750354,-0.94283235267735677,4.7716099727681751,5.7144423254455319,-2.6536753366322898,4.4043493240694715,7.0580246607017614,-1.2959098663479267,2.9865415349119075,4.2824514012598343,54.166116297737972,56.494036734662586,-2.3279204369246145,56.595249819927631,-2.4291335221896588,54.844382709345155,71.183220162494763,139.03618021868169,213.10405855253092,167.40182987322061,162.07198960022595,186.91737633553865,178.50829321422259,213.63125432149678,201.77441792337365,240.11289396237126,226.41000270483133,258.32771960599604,246.06084671094274,-1.2070086403247444,4.6047992632333319,9.4101283150276345,4.8053290517943026,1.6100371824677211,9.6560108424211819,8.0459736599534608,-2.2409585208944804,9.5848045960923116,11.825763116986792,-4.7569813210550365,9.1580345724636629,13.915015893518699,-4.6195605746390243,8.4673980603601535,13.086958634999178,76.664498091004134,78.849043468352647,-2.1845453773485133,78.944023131154609,-2.2795250401504745,82.635667862421542,55.945588100441455,277.74834799952805,197.55218939753431,142.3675135323497,139.89096060074866,155.57672937244888,157.54465584682191,191.35267814699714,193.83371167378615,237.85612559164929,239.68997868981248,264.39087204388062,264.73097517450083,0.22044947436705797,-0.9328792635450327,1.5456807277593612,2.4785599913043939,1.9074044123678391,-0.18445493402353463,-2.0918593463913737,0.12812146555751269,-2.5872468877320216,-2.7153683532895343,-0.98235140045662206,-2.3311788354026817,-1.3488274349460596,0.15636810885098384,0.0769298483483567,-0.079438260502627145,-0.53983103810941202,-1.4274581146918024,3.9096804763890134,5.5376785267783646,-0.16018993105043933,-0.29736722990011799,-1.2981261682171237,-2.3690799864519931,-2.1033059844227466,-3.7746299205984144,-3.3236507082910975,-4.7759286834900081,0.33359246976007051,0.39892611736395739,0.55992989447870334
4887,2004,98.575450909833478,31.225142831950805,6,10,26.409792255035402,4.434783935546875,142.6780553836943,147.870921109552,-5.1928657258577005,148.09669790288899,-5.418642519194691,156.58211438887292,161.99387526493956,406.42391786724329,198.36151798501544,133.24906499233404,133.07312173780861,160.84068818761682,161.0884025526932,199.24763506953886,196.34749342898658,236.38788736182096,232.88150611693172,262.72378052632496,260.26531178839821,0.092534737821353019,0.44015513629659608,0.71972336860173414,0.27956823230513805,2.1900285390719034,1.8776489748489382,-0.3123795642229652,-0.42014896497420295,2.4222709338259847,2.8424198988001876,-1.3596472982668502,2.1247108676978428,3.4843581659646929,-0.95767339282059538,1.5729582998485512,2.5306316926691466,62.287454052739122,65.869103970610013,-3.5816499178708909,66.024827618706695,-3.7373735659675731,65.921345501117685,89.977852836180318,188.20657070353627,203.8197975031639,147.95612775132625,152.96333775435582,176.67039927137935,174.96703453937943,206.68202140312445,203.22597306611212,234.53437212831773,231.55559160992073,257.92460304921281,255.03098983550075,2.6343612790513191,8.2528993883691157,3.2785101354075152,-4.9743892529616005,2.2753862479209772,3.7908603629096547,1.5154741149886775,0.42071550611450448,3.7257673723215134,3.305051866207009,0.51640471261464427,3.5273488138278992,3.010944101213255,-0.32765466088335415,3.0921705071482393,3.4198251680315934,80.390601465065629,82.001817138941988,-1.6112156738763588,82.071870526488055,-1.6812690614224266,90.660768917557562,72.016022443660404,218.21734721213579,193.13064645903518,125.36152114262876,123.83032779380056,148.46420117998889,144.69647212990756,187.94658126104153,184.64772441714766,238.72589563590159,235.00642749675694,268.34380145582259,265.45041083583845,-2.5488694867459287,-0.90329564185692846,0.36067696465465815,1.2639726065115866,-2.882752557323812,0.78044609242752472,3.6631986497513367,-3.1888931794534585,0.26730425717605044,3.456197436629509,-3.5930384007189389,-0.13248662574005721,3.4605517749788817,-2.627654439192213,0.38326225333906905,3.010916692531282,2.5418265412299661,5.1832307657972478,7.8127442520725197,9.1561950302260442,0.085357708849073788,5.1581388052447892,0.84086447108870743,3.609608685567963,1.8760520108814944,4.1094431133335831,0.63001873193724123,2.2999997783088588,0.46307946562587188,0.42100175846011056,0.55543984418560477
4890,2004,99.575455484115338,31.225142831950805,6,10,26.409792255035402,5,115.54236868744192,120.26917182002217,-4.726803132580244,120.47468491237669,-4.9323162249347661,128.29173443441687,118.75289260577665,329.00016247853637,202.72357157579145,145.22536135574083,143.62287785579301,166.94334094061145,166.94807754132512,202.63602860747574,198.93405279211291,237.84239516915332,232.49471793315445,261.76127887759839,257.63433392331353,-1.2328501626117259,-0.90377699297590652,0.72499754668771743,1.628774539663624,1.7237957260807946,1.7156104422882095,-0.0081852837925850963,-1.6286424316041064,2.0673746888317908,3.6960171204358971,-3.3371747021656404,2.0108274362993086,5.348002138464949,-2.6124600641896336,1.6063611793601353,4.218821243549769,47.703247082798043,51.858079457626445,-4.154832374828402,52.038723580219084,-4.3354764974210411,48.737548773555318,58.771666702972652,113.15420099999756,210.55442728395653,163.48524874809158,163.37275394236815,184.33910154745934,180.37738262925771,211.05378461109913,205.63721473355756,237.50568748587739,230.82560554600232,258.13397567588464,251.14805411285161,0.0084833673384139274,4.6939143155246938,4.8332083337228369,0.13929401819814302,0.91419792563976898,4.7561234583266128,3.8419255326868438,-0.94831549511437174,4.632729875819706,5.5810453709340777,-2.5485535885651416,4.3731717967665134,6.9217253853316549,-3.4924874115075397,3.9518135298632444,7.4443009413707841,67.839121768556652,68.411091892361583,-0.57197012380493106,68.435961651885009,-0.59683988332835725,79.554185817323742,59.981225932606321,215.84596186503768,196.69005546058554,138.23078312917417,136.2322270765417,153.56327256656635,152.70550889711916,191.17275836104162,188.19091875832163,238.13289550880739,235.02576584982543,264.46207690673367,263.08039438178747,-3.0187194965954802,-2.1318066531951274,-0.32230220249633135,1.8095044506987961,-1.2867271966767078,-0.84736586835475691,0.43936132832195085,-4.3972456203336208,-1.3283094174858547,3.068936202847766,-4.673939254940052,-1.4935090933175275,3.1804301616225246,-1.6894528542906642,-0.06386757343221916,1.625585280858445,1.2413335299501398,3.0272028639338942,5.5976913085006004,6.8257209687198213,-0.80959780044102558,2.2009251223164767,0.68032693648973463,3.448930125219249,0.7886211136004988,2.1253856663749104,-0.88002734731790611,-1.8030345572168756,0.34393357178776351,0.37989624965644303,0.49490724321197499
4893,2004,100.32545891482673,31.225142831950805,6,10,26.409792255035402,-1.6086959838867188,107.23750137350726,107.60062577271674,-0.36312439920948236,107.61641429440351,-0.37891292089625495,126.09997271302257,111.07770222235558,307.31239736638963,196.58252328087283,131.97125671987379,131.99457646646258,157.13915675157034,160.03148504115401,196.90456508547723,198.7336583177518,233.68874233770748,234.83966918889899,261.79207090872501,262.00547628275081,0.67803812610009118,-0.10011395068366369,-0.1129606477785785,-0.012846697094914816,2.6068723931911109,-0.35357614566748907,-2.9604485388585999,1.024591055700057,-0.67528775907129557,-1.6998788147713526,0.57806789643510115,-0.61818513977570433,-1.1962530362108055,-0.24868921399468036,-0.42267413864146874,-0.17398492464678839,31.155636180734291,31.220195774030799,-0.064559593296507956,31.223001943155396,-0.067365762421104591,31.592458051240101,48.456122990704898,86.2850854806602,210.58231968808661,160.81136926724724,170.75205665940396,185.14122997863518,190.06569949351842,211.45861094544847,213.8771667357226,236.45884204405846,237.58529523375981,259.80012977468289,257.79865331096033,1.5538467458609091,8.207393867797748,-1.5473740579622586,-9.7547679257600066,3.434813927523976,-1.5192304831604702,-4.9540444106844461,0.81918528560984782,-1.4728950598403969,-2.2920803454502447,-0.55189212559400858,-1.3637407917371718,-0.8118486661431632,-3.6501368845942466,-1.1915848057300309,2.4585520788642157,76.08186533899061,76.380431056182715,-0.29856571719210478,76.393412101815557,-0.3115467628249462,94.507514830351852,62.621579238777485,221.0273120533675,189.45040143844099,124.44581840517912,125.57188431356539,147.83523164705184,145.95472829141619,183.41366838798467,182.90300367021126,231.73837132308432,232.18338808145859,262.79363055791464,264.48798515527187,-0.03525099114520458,1.2518479703916796,-0.098698264837523197,-1.3505462352292028,-2.2725988128837855,-0.3282079583142945,1.944390854569491,-0.33906987500668606,-0.033205508203593581,0.30586436680309248,0.58255376089627475,0.21372729208925989,-0.36882646880701486,1.3776836748097026,-0.062897607138040712,-1.4405812819477433,0.87580861976081792,1.5890977370061137,8.3075078184814117,6.9555458974060684,0.8279415343328651,5.7074127404077615,-0.20540577009020922,1.1582551606165339,-1.1299600220291097,-1.1344458864902833,-3.4014476705995662,-5.0278205594039491,0.28077320088648361,0.25053501100383263,0.43623627443881874
4898,2004,101.8254657762495,31.225142831950805,6,10,26.409792255035402,-7.1999969482421875,122.22866308774974,128.75296581676957,-6.524302729019837,129.03663168407365,-6.8079685963239172,149.89582265755962,128.26046192736248,335.93446342740208,198.13296490544846,130.08067846805298,131.58383084389135,160.75199293408011,160.60149206650155,200.79248424013133,201.42729037912201,234.75064195346073,236.35670765828002,261.53950752182612,262.89727788499937,-2.2492025378605831,-0.84800723859007121,-2.3797616992749511,-1.5317544606848799,-2.7333817082736687,-2.6176686551519595,0.11571305312170921,-3.3602021245724529,-3.7642291903020748,-0.40402706572962188,-2.0697320349949564,-3.5003684333275942,-1.4306363983326378,-1.0717782342477449,-2.3616923759597626,-1.2899141417120177,54.066225958307768,57.448220173293521,-3.3819942149857525,57.595263215258456,-3.5290372569506872,55.658801098605181,74.45758044986087,143.828130453825,211.62758668402748,161.8615561037731,161.15780750466601,187.22390060351739,187.47516882922906,213.26811372187674,214.78516042600722,237.62012728746478,239.88823823349176,260.24259496612774,261.12872776944221,-5.0063140038163851,-6.7304086223525701,-6.2566765830130464,0.47373203933952368,-6.2763973748133708,-6.4484044269326546,-0.1720070521192838,-5.0442403471273849,-6.3509983136023038,-1.3067579664749189,-3.7590089324727955,-5.8149849924319881,-2.0559760599591925,-4.1930889197091687,-4.715408520237645,-0.52231960052847626,68.162437382761709,71.304746340851125,-3.1423089580894157,71.441368722134939,-3.27893133937323,94.237021894230566,53.802881510284351,192.10633330885321,186.27216704984465,119.67013271081895,121.85025868393888,142.20744517928338,142.96455400174639,180.29581072118822,180.93673082551518,232.25835329158974,230.28941142755636,263.28306154659981,264.96665157884001,0.482261983909126,1.7498481586438572,-0.86218045736477222,-2.6120286160086295,-0.87667296608594825,-1.6172534165813204,-0.74058045049537213,-0.078753859033554363,-0.75266056524858982,-0.67390670621503546,-1.3846413112263747,0.56006590092854935,1.944707212154924,0.96706018794975535,-0.65663149464245407,-1.6236916825922094,-2.757111465955802,-5.4885759877255111,-5.8824013837624989,-8.4802567809964273,-3.5430156665397021,-5.3997244087274225,-1.684038222554932,-4.9654864880938305,-1.6892768974778392,-2.3743676212464209,-3.1213106854614239,-5.1601491076589241,0.42814342114948656,0.37131655913960299,0.58051857393144501
4899,2004,102.07546691981996,31.225142831950805,6,5,26.409792255035402,-1.76190185546875,197.70045388794097,203.80442108387433,-6.1039671959333646,204.06981314400764,-6.369359256066673,221.44169124845575,255.25611816020682,579.9798628538847,190.97210870581145,119.85322102822666,119.64265233502498,149.94925525510823,150.10336950444983,192.20051905000369,191.57453689217573,232.2368273185489,232.00479686842652,260.49437022853789,260.69989370137364,-0.86426360874176567,-0.75724660298035928,-0.54246914584248884,0.21477745713787044,-0.73106323884644553,-0.92600835273196935,-0.19494511388552382,-1.5606351318158715,-0.89994518937700718,0.66068994243886436,-1.0237734257510738,-0.82331794951301163,0.20045547623806215,-0.52555803186027106,-0.6414824995592312,-0.11592446769896014,95.566395366928191,108.04543123488475,-12.479035867956554,108.58799692942921,-13.021601562501019,96.857347006342025,169.28559067495735,295.00741953402758,201.64296848516224,143.65367810800601,142.69426288439962,168.0419672924177,167.82687456288085,203.37849915189341,203.01900334806848,233.00468867133912,235.23487683379886,259.51971734585493,260.28148857854291,-1.4991107377061894,-2.4428938970353329,-1.5543346871448875,0.88855920989044535,-1.8747326852155766,-1.4935806861047922,0.38115199911078435,-1.8426729140106204,-1.4344115710889866,0.40826134292163374,0.98654267864472445,-1.2492136250008912,-2.2357563036456156,-0.40765858970002,-1.0093863740933102,-0.60172778439329022,102.1340585508151,95.758990474838356,6.375068075976742,95.481815737741272,6.6522428130738263,124.58434430171837,85.970527235476766,284.97244290262461,177.48406179407988,108.71297528154685,106.77100121067687,124.52103086508073,126.10714183255739,169.61833580519993,169.3684268678382,230.15310070916706,223.11042721217567,262.53397797429903,261.49265547444992,-1.2388880752209275,-1.9225764735812305,-0.52299130335487121,1.3995851702263593,1.0957881032504702,-0.4972791029714756,-1.5930672062219458,-0.68970192340896119,-0.14480588085709201,0.54489604255186919,-6.0809338538499844,0.24587533822668206,6.3268091920766665,-1.5081901535294833,-0.11099000228853129,1.397200151240952,-0.63484712896442375,-0.26022266248526194,-1.6856472940549736,-0.52031742345410237,-1.143669446369131,-2.9705207884660467,-0.28203778219474884,-1.1529709906016592,2.0103161043957982,7.0674765324947089,0.11789944216025106,1.1005315638294633,0.50865114192481764,0.43739436083726835,0.66319895442705257
4900,2004,102.32546806339042,31.225142831950805,6,10,26.409792255035402,0.13043212890625,124.60663407752872,131.67519673763309,-7.0685626601043623,131.98252651185612,-7.3758924343273975,146.18360081808351,142.54049841687083,381.87423320487142,200.73794517405116,142.15985787917302,140.81432068610042,166.70040703972026,165.29341591711625,201.40663478015637,199.39876351887352,234.57093349769266,232.68764465276118,259.1979110037401,257.35404284565834,-1.6355095819928067,-1.2718205403958223,0.024902709069465345,1.2967232494652876,-1.3712860233740116,0.043212088507772251,1.4144981118817839,-1.9932073259239758,0.058081182670349563,2.0512885085943253,-1.8348638047066572,0.051573836368248749,1.886437641074906,-1.8184421598314771,0.033680333772565518,1.8521224936040426,66.649313088841154,74.105845372072508,-7.4565322832313541,74.430041732939571,-7.7807286440984171,71.268030937277217,87.825531807862717,178.60276925191283,206.33164880764602,155.02573716316289,152.79128678795718,179.99675814487688,175.3008182896146,206.64665883389006,204.82331723205874,232.97274258615508,232.55504661990713,257.75529137760282,254.5904426280585,-2.2794812734892957,-1.6386534320625117,0.11319047926818371,1.7518439113306954,-4.7206331420294703,0.10214145027939026,4.8227745923088605,-1.6316495114711813,0.10392005230141876,1.7355695637726001,-0.31492163119540351,0.092622494333056693,0.4075441255284602,-3.1162680072967532,0.075465479674448943,3.1917334869712022,57.957320634784992,57.569351475700387,0.38796915908460505,57.5524836464283,0.40483698835669202,74.915569593635155,54.714966519601148,203.27146345004439,193.87287885522517,131.72073419389275,132.05769564699293,151.66166544911604,151.09255853296801,187.9870961424827,188.48098667310683,237.00522125351597,232.94338215525664,262.61370199589055,260.98035233386338,-1.132486201437473,0.59354495856217682,-0.0081503876110105011,-0.60169534617318732,-0.14945543444372333,-0.019885768577154295,0.12956966586656904,0.51492536242071196,-0.028152022236440644,-0.54307738465715261,-4.1417441298952156,-0.028176973559823182,4.1135671563353924,-1.667112657697885,-0.012661006505425121,1.6544516511924598,-0.64397169149648903,-1.1469950720518227,-0.36683289166668942,-2.2321983906246885,-3.3493471186554586,-4.5711777075857469,0.36155781445279445,-2.1465748738918933,1.5199421735112537,3.8268224986998121,-1.2978258474652762,-1.4491553495988683,0.46770049854632212,0.4875241171953747,0.61614441357578309
4901,2004,102.57546920696089,31.225142831950805,6,5,26.409792255035402,1,136.80785810932866,148.3958186710297,-11.587960561701038,148.89964194282948,-12.091783833500813,147.46064862594358,161.72862767889455,363.00422207545489,198.3008202640369,130.0869379307438,129.55283968152528,161.82892940383499,159.31059398782887,201.7018032223458,197.53335661296992,235.66942008999149,233.61904176253813,261.65206184058758,260.48606787346625,-1.760923406322604,0.018606852187758705,0.42630237083741918,0.40769551864966047,-1.8505685797273088,0.53719830916799083,2.3877668888952996,-3.641961488790372,0.62113792151902203,4.263099410309394,-1.5696670299440996,0.49606140490885764,2.0657284348529572,-0.85781936451348884,0.3924679575668506,1.2502873220803394,63.545731290611002,72.676935944198704,-9.1312046535877016,73.073945683330749,-9.5282143927197467,65.303579896124575,99.127922813229816,178.29115254431963,207.18373459611951,152.22801179457747,148.33653718432478,179.46590400383693,172.80539723415066,208.44927429583632,204.49107724951395,236.76893164664031,234.14881617191426,260.29574448820233,257.64298361498646,-3.2170663516127433,-2.5264361188859823,0.88394209501132082,3.4103782138973031,-5.6108341987080621,0.87607945776568386,6.486913656473746,-3.0878512446037121,0.83097644844673368,3.9188276930504458,-2.0647235768131509,0.73305432382753111,2.797777900640682,-2.4628960268103697,0.61602630658745738,3.0789223333978271,73.262126706958952,75.718879907803057,-2.4567532008441049,75.82569639225494,-2.5635696852959882,82.15706857335681,62.600704984874028,184.71306944917887,188.2106475412067,119.04895119970125,118.071696505825,144.20981142994711,142.61297164373804,184.78300166909594,185.36615293662032,234.61562415680592,232.75916821541935,263.8334774738434,263.88895564406221,0.16951559895943547,-0.89985828068091678,0.14341301467732137,1.0432712953582381,-1.4095566703196027,0.2577852790899442,1.6673419494095469,0.93833919151498435,0.26457711877029055,-0.6737620727446938,-1.259790913983835,0.23353718552695568,1.4933280995107907,0.25914197742713441,0.2824131791701916,0.02327120174305719,-1.4561429452901393,-3.3865819505721788,-2.545042971073741,-1.6265778382050655,-3.7602656189807533,-4.2012775283884594,0.55411024418665988,-4.0261904361186964,-0.49505654686905132,-0.80493266282931586,-1.6050766622968808,-2.7220380042375041,0.4911544871983875,0.44285428353008988,0.61292749611431918
4927,2004,95.075434899847011,30.97514168838034,6,10,26.478027781475067,1.7272796630859375,96.503280173616076,98.175856317800935,-1.672576144184859,98.248576412601324,-1.7452962389852473,119.11181808276706,120.68942960182903,338.84166447632015,200.8049954869704,144.59320428855406,147.07718048065811,168.02755758596768,169.16739616329986,202.45254979917993,201.1528617032111,232.90035279005011,231.7230285866531,254.55421854864312,254.45279727238207,0.52529347107122248,3.2443335463569838,0.6305455324826994,-2.6137880138742844,1.765621481454275,0.61142961710694976,-1.1541918643473252,-0.67553620489687205,0.663121284928053,1.3386574898249251,-0.65617420138994476,0.59957104579655152,1.2557452471864963,-0.038212114510656647,0.080299261236604025,0.11851137574726067,36.618837765701755,32.050988206239708,4.5678495594620472,31.852386695513815,4.7664510701879408,37.052142880209431,56.778141472793322,98.143032051622868,209.50368823071443,171.97599455140966,171.37362623686681,187.71197267575062,187.73149808326022,210.59789240392737,209.04762032523328,230.28014044318641,229.73972215562051,247.47387104874269,246.52668221493673,0.83175685197889493,1.3635017087919721,1.6738355024867815,0.3103337936948094,2.0233383506969176,1.6283474289342905,-0.39499092176262707,-0.0060719834924043425,1.5801170433049663,1.5861890267973706,0.54826264727876151,1.4982688379799356,0.95000619070117409,-0.066810815507324151,1.2438843342382881,1.3106951497456123,59.884442482420127,66.124866934706915,-6.2404244522867884,66.396189251426222,-6.5117467690060948,82.059675247261112,63.911287844559411,240.69863221608102,195.21346673823453,137.51540146245998,141.94656601199924,153.42090586033075,157.8173060816566,191.75718937531568,191.76538027512149,235.07292934359427,233.82906440413078,260.16044700610377,258.68095077742754,1.0257149736997917,4.9784283706552799,0.29446574934166847,-4.6839626213136114,4.7538556028597441,0.29449118013056363,-4.4593644227291804,0.067821033807547337,-0.13880866134849157,-0.20662969515603891,-1.8430059163468684,-0.35405097054149337,1.488954945805375,-1.8285326730411953,-0.17713095773342502,1.6514017153077702,0.30646338090767244,-0.19395812172089677,-1.8808318375650117,-3.6149266618633078,0.25771686924264259,-2.7305172521628265,0.66946422140446771,-0.07389301729995168,1.2044368486687063,2.3912685636256299,-0.028598700996667503,1.7617218575338711,0.28964275158812874,0.31107024875116135,0.47044833719168438
4930,2004,95.825438330558399,30.97514168838034,6,10,26.478027781475067,0.9499969482421875,102.13644618317994,102.05002204622906,0.086424136950881802,102.04626617197573,0.090180011204211041,126.95839043062006,120.27961987019444,338.3934882581234,194.63515703807334,131.93218947179875,140.20335759466911,154.56564827420431,162.39523966771867,195.33390514683236,197.04748497371952,232.4192958174346,232.65930707078391,258.035641971161,257.88706536918392,3.5171733276644659,8.9026302393998549,0.43567006658943797,-8.4669601728104169,8.0031013699274069,0.48403432356874987,-7.5190670463586571,2.1077131511160303,0.47752846221857226,-1.630184688897458,0.63116234087527801,0.36947253009532233,-0.26168981077995568,0.030017666861397174,0.21421146950461889,0.18419380264322172,29.828445215768625,20.972452101210365,8.8559931145582595,20.587409283880334,9.2410359318882911,30.133869935817529,43.301372601791627,78.430147033184767,204.03761297553066,158.60046171549391,165.35168786726871,180.0873459434539,184.45522525321329,204.71752404200433,208.31611267492414,227.30511563139777,231.89724485406762,247.10737763302672,250.9181852506876,4.7198577284793828,7.6483245040973884,0.85333414417968356,-6.7949903599177048,5.4006549392482839,0.85796721348739879,-4.5426877257608851,4.3936924878256889,0.82908367500709801,-3.5646088128185909,4.8048436654779323,0.74752222103884947,-4.0573214444390828,3.8139466554438854,0.62943254438539498,-3.1845141110584905,72.308001149205666,81.077570874478624,-8.7695697252729587,81.458855906481404,-9.1508547572757379,96.824520587189909,76.978247380906396,259.96334139257669,190.66242612122508,127.31407089660603,135.86039286904963,146.53218757461619,154.85230797747138,187.24919545639264,190.10368384438843,234.89576686447219,233.10541560912245,261.79628303560526,260.02868157123226,3.9184283511804097,9.594895037956789,0.37922290597549591,-9.2156721319812931,8.8553753216084488,0.41890813540740623,-8.4364671862010425,3.2504982720183762,0.31054096666815667,-2.9399573053502195,-1.7126887952328786,0.13732297852925512,1.8500117737621338,-1.6494316095261752,0.14167596341201261,1.7911075729381878,1.2026844008149169,0.80142937729897312,-1.2543057353024665,-1.9465705338594006,-2.6024464306791231,-3.4547203823601649,2.2859793367096586,1.1431942158073127,4.1736813246026543,6.5175324607108109,3.7839289885824883,5.4633782649700606,0.23177203390320261,0.23735233121346966,0.36000589832693514
4935,2004,97.325445191981174,30.97514168838034,6,10,26.478027781475067,5.3636322021484375,104.93815174165866,114.35962445335281,-9.4214727116941503,114.76925250064232,-9.8311007589836663,119.62226768430082,110.16211035400011,376.14995277300477,200.62918201939587,141.36460377199984,140.77488602290703,163.80866898538932,164.05799929631317,199.58688402302431,198.35505865265114,237.60302967278793,233.91898986657407,262.33560129374996,259.69858729035843,0.074586113954410393,0.35659782757809921,0.82363477563771426,0.46703694805961504,1.4442695918507695,1.1532675441836204,-0.2910020476671491,0.55645519760011553,1.7603218414846253,1.2038666438845098,-1.9816645689709844,1.7079134357653629,3.6895780047363473,-1.5186333309137012,1.135944227883158,2.6545775587968592,32.382117466976524,31.841377141371595,0.54074032560492924,31.817866217746086,0.56425124923043768,33.711183675686698,34.88401072096849,76.035049836616963,203.74263207474982,153.52532980174104,163.83985589239487,177.7448757017516,183.1705886446783,203.0127351482619,207.32076958193198,230.2766038328721,231.85980643107177,253.36034133358126,251.92204020580175,8.2071628301270607,15.099929990345601,4.9272772595573429,-10.172652730788258,10.91357596487768,4.9195164952604102,-5.9940594696172695,8.9291768389497008,4.722744845588835,-4.2064319933608658,5.8089971650858558,4.2247676033604193,-1.5842295617254365,1.4806994020712523,3.1584389899464043,1.677739587875152,72.556034454850305,82.518246799245389,-9.9622123443950841,82.951385739003854,-10.395351284153548,85.911084175066208,75.27809992292714,300.11490367725492,199.30423150270965,137.42005072850546,136.30491254424985,159.31055621538272,154.12936678542957,196.67612462078409,190.15915350633097,241.07549606531225,235.81691684764451,264.8973824985203,262.82990235129273,-3.9504098370269958,-0.83252357657477205,0.24333713444426053,1.0758607110190326,-5.2847235878014089,-0.35681492259396919,4.9279086652074398,-6.4544909203696079,-0.30129053511998904,6.1532003852496189,-6.0541703120668444,-0.573208688900678,5.4809616231661664,-1.4263782031569576,0.7398355467081501,2.1662137498651077,8.1325767161726503,12.157572667154056,14.743332162767501,15.932453566920373,9.4693063730269103,16.198299552679089,8.3727216413495853,15.383667759319309,7.7906617340568403,11.8631674771527,2.9993327329849535,2.9070776052282099,0.20214026155282236,0.28181361487524231,0.31666069766520061
4936,2004,97.575446335551632,30.97514168838034,6,10,26.478027781475067,5.095245361328125,104.07978489598463,112.63334703082546,-8.5535621348408313,113.0052385819763,-8.9254536859916698,116.43499545247505,96.870505421931739,339.46461787447333,203.64982232442446,145.32420260777013,143.67828623477641,168.17833423639635,168.11096225103722,204.17932278193769,200.79970445063668,238.48117907417958,233.83803561383976,260.8028597210606,258.51490525404256,-1.0129542206012729,-0.70407690453905047,0.95997493790062549,1.664051842439676,1.0473222650614957,1.1240619878041969,0.076739722742701133,-1.4432478696154192,2.0621784908192637,3.5054263604346829,-2.6378878160463444,1.9539450144248462,4.5918328304711906,-0.98732925706030983,1.3398086061193908,2.3271378631797006,37.316611707268748,41.56711911651837,-4.2505074092496216,41.751924393285663,-4.4353126860169141,38.423948314143274,51.460561794352543,95.869503737223567,215.79384929792971,174.12684268409913,169.90000491717686,192.02705724422739,186.59712307391683,217.99044048967892,208.48041511496848,241.44822012388158,231.37509739233019,259.16402370229457,249.45310617028326,-2.332381916498889,0.69490271077455645,4.882161351391602,4.1872586406170456,-0.011065686578149325,4.8423599530146078,4.8534256395927571,-4.7954593432034187,4.73601421611923,9.5314735593226487,-6.0126638102675827,4.493744115348477,10.50640792561606,-6.1184635892921904,4.0723546655914049,10.190818254883595,66.763173103965528,71.066225130983184,-4.3030520270176567,71.253314542061162,-4.4901414380956339,78.011047152922401,45.409943672282679,243.59511430934072,194.80562241032578,138.61991285654531,137.94810155902735,154.28178984111167,154.20465864731497,187.59921530412058,190.03114403576367,235.0233874883092,236.92685516652034,262.69685290371723,264.12854036553085,0.70282472013232677,-0.20986976029180937,0.32529856014721759,0.53516832043902696,-0.16571804804758017,-0.18566547079765883,-0.019947422750078658,1.0840352741769266,-1.359077061626067,-2.4431123358029936,0.57542859013645398,-1.2288230033568368,-1.8042515934932908,1.3558740213986766,0.063886076132121161,-1.2919879452665555,-1.3194276958976161,-3.0352066366312158,1.3989796153136069,0.90477247106636582,-1.0583879516396451,0.15465236146943084,-3.3522114735879995,-5.8794946173803453,-3.3747759942212383,-6.5880924004040367,-5.1311343322318805,-7.474337610690867,0.28241383251515784,0.33000343380291253,0.53123044594646796
4937,2004,97.82544747912209,30.97514168838034,6,10,26.478027781475067,5.4761962890625,82.915969380526803,84.854716112184178,-1.9387467316573748,84.939009481600806,-2.0230401010740025,93.672254322314984,88.581237180969765,311.24245582893491,202.21005460869796,149.22385562823723,148.08415725965466,169.17836327500413,169.49556647326392,203.14093684556528,199.88802276927851,233.32362668115246,229.87848069764627,254.10776523039544,252.14551094440267,-0.74879286344534535,0.073273808466581158,0.91389891738907636,0.8406251089224952,1.6342018768212654,1.4083592051229346,-0.22584267169833083,-1.3948870393780908,1.9630487249342821,3.3579357643123728,-1.9465668233233657,1.6590019565002478,3.6055687798236136,-1.3476563430549788,0.74021331978642024,2.0878696628413991,24.91872511600468,25.479669089953859,-0.56094397394917905,25.504057976310833,-0.58533286030615272,25.472440303655276,41.939837344222724,76.162116874940693,213.32370364481108,177.55596809874024,171.18618729054481,192.56000344003812,187.52317519870348,215.129504402328,207.42676107188458,234.61348825926288,227.48918529537664,250.34689802845125,244.21436548047907,-1.3885376248721002,-1.4598979966554282,4.9650600208798039,6.4249580175352321,0.1238484788514711,5.0629833436110516,4.9391348647595805,-2.8010444356920345,5.0199148145882759,7.8209592502803105,-3.1048873249433768,4.8136978479525396,7.9185851728959165,-2.5241653533145154,4.2491286624289728,6.7732940157434882,57.99724459979825,59.375047561155952,-1.3778029613577019,59.434951174980597,-1.4377065751823466,68.199814410391809,46.641399732438913,235.0803390853107,195.68629550403546,145.81318732622114,143.39265993558587,157.932723718722,159.54273019701972,190.13804880475925,191.41366775469791,232.31939103436724,232.20374605205748,257.14331147614809,255.82877098728972,0.17697981987967637,-0.60233009083000866,1.520281841686284,2.1226119325162927,2.4743560577176424,0.53933071999216509,-1.9350253377254774,0.43841741308827409,-0.95496169000091413,-1.3933791030891882,-1.4946203302945946,-1.4548317818382657,0.039788548456328954,-1.75455002712377,-0.38043919849454255,1.3741108286292274,-0.63974476142675485,-1.5655174447517766,-1.5331718051220093,-0.85756790582541953,-1.5103533979697943,-2.3505075788661713,-1.4061573963139438,-3.2394618487803086,-1.1583205016200111,-1.6102669946487822,-1.1765090102595366,-0.76961532619074546,0.24470349545372089,0.27193153925822761,0.47346186030954213
4938,2004,98.075448622692562,30.97514168838034,6,10,26.478027781475067,9.7727203369140625,102.83010429962815,109.88761545263696,-7.0575111530088179,110.19446472284835,-7.3643604232202051,108.93812339281612,106.21319080234753,345.21283457800746,204.04854842417336,147.28761200724472,143.8385360940612,170.07494463348311,166.59361117154506,204.74723398395631,197.73732449889798,237.44285667814637,230.07030760144812,259.98824024946589,255.82223576589917,-2.0051167799549887,-0.96329368245963565,2.194351276519086,3.1576449589787217,-0.099382618796028055,3.4286802136444692,3.5280628324404972,-2.7962354856994125,4.2950226503176623,7.0912581360170748,-3.7723284702883007,3.6159583584906443,7.3882868287789449,-2.1882258579620384,2.0903945730223086,4.278620430984347,35.815274478887659,37.403635252259846,-1.5883607733721874,37.472694389889512,-1.6574199110018526,37.132169492988851,53.82737184115831,102.39575432473794,212.47594550105475,168.66781742060371,163.54031075223057,187.95478538945832,180.03968149911546,214.14427731137511,201.49262247149204,237.25822286625836,223.25744640035981,256.32726568503273,241.97799445839442,-2.1035403108959372,2.9025590820407956,8.5892989482328801,5.6867398661920845,1.3807848049376048,8.9227403356843524,7.5419555307467476,-3.5744400373333178,8.9882607760614803,12.562700813394798,-5.523762905804972,8.7491058683651772,14.272868774170149,-7.1951492968774744,8.0610690810397045,15.256218377917179,67.014830018180874,72.48398208740582,-5.4691520692249469,72.721769902856977,-5.7069398846761032,71.80595412402181,52.385818915130585,242.81708038970828,197.87622177511076,142.82679980625323,138.11936953873933,156.62827422350779,155.97367931638075,192.8596891451682,192.43957999716281,237.6660012675359,237.20872319829053,262.98835543388464,262.45506903829244,-1.1024040407537257,-2.0913621929582575,2.5641956363338068,4.6555578292920643,0.5165875429964899,1.0728696717213211,0.55628212872483118,-1.7368118479108716,-1.3593433462635858,0.37746850164728585,-1.8503489193043947,-1.382089009237518,0.46825991006687673,-0.50573575592483166,-0.039645792570695448,0.46608996335413622,-0.098423530940948467,-1.0011362701422115,3.8658527645004312,4.9939212749990531,1.4801674237336329,0.8641972619411149,-0.77820455163390534,-1.8376281894224462,-1.7514344355166713,-3.6734139865005773,-5.006923438915436,-6.6894135409526427,0.29661630179511661,0.34085560074405979,0.50678612924194921
4939,2004,98.32544976626302,30.97514168838034,6,10,26.478027781475067,4.1666717529296875,105.6892693546215,113.40102926234067,-7.7117599077191699,113.73632348256979,-8.0470541279482859,120.68566973995712,118.25194493797426,397.48961989209056,202.55415170542631,145.69589868183002,144.50480127134176,167.93546560157557,168.75101670439702,202.24229239202441,200.94103580715839,236.83818823520787,234.03368177073722,261.38972543600477,258.79432148875117,-0.019796522456687171,-0.74159839987936493,0.45643236256972841,1.1980307624490933,1.7693159902011644,0.97937441908729284,-0.78994157111387153,0.21652559604692101,1.5499118581981861,1.3333862621512651,-1.43971163381309,1.3200698288297303,2.7597814626428203,-1.827125919407024,0.78554081121433228,2.6126667306213562,32.451556165136935,38.602016717839433,-6.1504605527024978,38.869427931489554,-6.4178717663526186,34.104957087421099,47.244268511091832,95.801767556113191,210.03527711303749,166.52824052501634,167.96193748219915,184.81141234617144,185.16433134442696,211.14054313074834,207.38156228831812,234.65714350456443,229.85379854230561,254.471677819001,247.87682220311672,1.0771826057016654,4.8938780932016925,3.6497037333267599,-1.2441743598749326,4.5643466605297078,3.8053418028626425,-0.75900485766706538,0.35170517457552819,3.8429875454359887,3.4912823708604606,-1.2858502437059371,3.7465423135872697,5.0323925572932069,-3.7078268643595038,3.5665155533520476,7.2743424177115514,73.237713155956953,74.799012169490197,-1.5612990135332439,74.866895168616793,-1.6291820126598395,86.580712627855974,71.007676184738557,301.68785214051604,198.69229499634821,141.93384947974494,138.86657393114282,157.65205894740714,156.78854017805224,194.52022639749478,192.78795919264107,238.32023846547673,238.37377112452359,264.1906141544012,264.63075364554948,-1.4100218186583788,-2.5138539899458294,0.55930162317406484,3.0731556131198943,-0.87837634498251305,-0.045364067335015079,0.83301227764749797,-2.7465660419846074,-0.97690433266717491,1.7696617093174325,-1.2547198828889918,-1.1206610766847973,0.13405880620419452,0.093120679584899335,-0.18537793307825723,-0.27849861266315656,1.0969791281583525,2.4872044243600442,5.6354764930810575,7.407732083147522,2.7950306703285435,5.4427230055122209,0.13517957852860718,3.0982712165601356,0.15386139010715283,-0.031130360816945313,-1.8807009449524799,-3.8009475439444032,0.24101702978337197,0.28259326199131568,0.39952212655675545
4941,2004,98.82545205340395,30.97514168838034,6,10,26.478027781475067,1.8571395874023438,123.7709892786861,127.49308310576998,-3.7220938270838815,127.65491412941446,-3.8839248507283628,131.40018735147694,168.67033222095961,358.57387297414243,198.19998336034706,131.75581871421008,128.01068521545201,159.610817866296,158.02986504373595,199.63644750139287,196.04253774632664,237.43634698817729,234.23481770557134,263.82845231096383,262.40545185840023,-1.6693035445779572,-2.5428117876922158,1.0002887499934729,3.5431005376856888,-0.76189276594226385,1.1701900680701272,1.932082834012391,-2.3747284465475502,1.1852155287632229,3.5599439753107731,-2.1896175406826046,0.94934445156459901,3.1389619922472036,-0.87400926880184215,0.61933164216299019,1.4933409109648323,48.985795524616151,46.911654987359725,2.0741405372564259,46.8214751302894,2.1643203943267508,52.672383335132508,83.538153264026732,169.99596924334764,200.5532450055957,133.8659922786039,146.0163868378884,167.88574325634005,173.26170538571566,204.38829758172307,203.56073947465634,234.73819000623334,233.01803359911855,259.46268794409173,257.6395707097663,3.0610035928904153,13.619164064395534,1.3518166437953028,-12.267347420600231,7.0013092084685411,1.5475155232759903,-5.4537936851925508,0.81234689732249876,1.528964146379991,0.71661724905749224,-0.44896447583980148,1.3517545197441336,1.8007189955839351,-0.93455069376017263,1.1404453540830559,2.0749960478432286,74.785193808707845,80.581428024036541,-5.7962342153286954,80.833438825277881,-6.0482450165700357,78.727804130586975,85.132179230120528,188.57790406607091,196.24380703764481,131.19884569927646,120.21441461624052,153.92327092588044,146.0082477912579,193.15397097967249,186.71931836406023,239.93235626242071,235.58720351077113,267.99364391170161,266.07176177185158,-5.0622117135409326,-8.7642419422789857,0.8320468351254533,9.596288777404439,-7.048959103449647,1.0724749389019905,8.1214340423516376,-5.5025622646481338,0.79833333429922959,6.3008955989473634,-3.6828423693476111,0.50192875744949106,4.1847711267971022,-1.704756259066869,0.31325993808997055,2.0180161971568396,4.7303071374683725,8.1232153064313479,16.16197585208775,22.38340600667452,7.763201974410805,14.050268311918188,3.187075343870049,6.3149091619706326,1.7406530648428031,3.2338778935078096,-0.060541424958330481,0.77020556530669637,0.47408911260973674,0.40085470498030051,0.4952747300846661
4942,2004,99.075453196974408,30.97514168838034,6,10,26.478027781475067,0.434783935546875,104.30653148450801,111.40440314998705,-7.0978716654790333,111.71300516674091,-7.4064736822328996,121.60968953486736,122.83088265739934,305.92120977863669,202.18037834420338,144.98504486531041,144.94987247633026,167.99624660119514,169.01279136074857,202.94966754487152,200.71055675783848,235.79515903384643,233.58994180145629,259.61603649926121,257.51356602802673,-0.90693423425074116,0.16618875551694146,0.17729316662345695,0.011104411106515499,1.272026811022954,0.20770312429152682,-1.0643236867314272,-1.9941750977966421,0.21850875129393899,2.2126838490905811,-2.0328019708042859,0.19125858581759303,2.224060556621879,-1.9954185852565729,0.13785051972007523,2.1332691049766481,40.218776490757591,48.528145307927844,-8.3093688171702524,48.889422734577238,-8.6706462438196468,43.688228516665731,61.654860535956232,130.73155238106847,209.09643726347929,159.74589024976504,163.37828397043847,183.76752721354745,182.35883697445288,211.65180599201307,207.65580657978379,236.10751477060256,232.97298231030078,256.98901316394853,253.11312100644878,-1.2150786301336893,4.3705662214982226,0.36234636614912574,-4.0082198553490969,-0.85882374668068451,0.38079931540553957,1.2396230620862241,-3.4905017393560627,0.38717106762308617,3.8776728069791488,-2.9996851821032067,0.34867053299558393,3.3483557150987906,-3.8798705157178972,0.30144990847955455,4.1813204241974518,64.087754971398681,62.87625555635077,1.2114994150479106,62.823582163942774,1.2641728074559069,77.921460982892313,61.176022307383391,175.18965757265687,196.94262004511057,139.15186944796432,137.98612537723375,156.90769384984014,156.04314274975098,193.18316204626058,191.1910826729445,235.44929012969581,234.38511867037721,263.00073643020494,261.32356253088653,-1.219393104215527,-1.2139401299268116,0.098468036619124177,1.3124081665459357,-0.78042473134337342,0.095322353596941412,0.87574708494031483,-2.0436705501112726,0.066208721609768872,2.1098792717210415,-1.0814913147563061,0.012926473219408763,1.0944177879757149,-1.691076241978692,0.025753916608891814,1.7168301585875838,-0.30814439588294817,0.0043144740818377159,4.2043774659812811,5.5845063514250342,-2.1308505577036385,-0.078399015337311084,-1.4963266415594205,-1.44683118924479,-0.96688321129892074,-1.9181938673469006,-1.8844519304613243,-2.1887942737392052,0.42733732805144592,0.35924956871252967,0.50194917761784996
4944,2004,99.575455484115338,30.97514168838034,6,10,26.478027781475067,5.4166717529296875,132.8861583173275,141.97586217522621,-9.0897038578987122,142.37106797099113,-9.4849096536636353,147.23892256456747,130.68310937378556,367.14237396419048,205.38921054556684,146.56301735009268,146.20339191750125,169.21431913357696,169.41940334886135,205.59656011464358,201.36772508112932,239.87153401619935,234.50319524645096,263.94324513398118,260.48369555026977,-0.85981212848474797,0.47080461031032428,0.82353394338369412,0.35272933307336984,2.3858763871774329,2.2224493338185596,-0.16342705335887331,-1.5704520076042456,2.7843312553172552,4.3547832629215009,-2.7216029208530017,2.6428560494744886,5.3644589703274903,-1.2799724543033335,2.201387182142355,3.4813596364456885,64.176573663949966,72.938869662582874,-8.7622959986329079,73.319840721786022,-9.1432670578360558,65.044412010391625,74.070483235330357,149.162452862598,213.35279265684963,166.01789194292797,163.00331557122917,186.83848791763683,180.8091997372338,213.33514606283288,206.09420937878977,239.97101773066856,231.72638170576931,261.24537129489659,253.4915410066468,-1.5704027749580973,2.1185149385825355,5.1722491982916097,3.0537342597090742,-0.58046472207516331,5.1790441075490605,5.7595088296242238,-2.409443284682709,5.0995155527827194,7.5089588374654284,-3.3474707088578555,4.9347771805966545,8.28224788945451,-3.4930246347889806,4.6799340204028681,8.1729586551918487,68.709584429860115,69.036992199718952,-0.32740776985883713,69.051227353513241,-0.34164292365312576,82.194510346180323,56.612626061465562,217.97992065548897,197.40797184714521,137.31880733751302,137.26427159844462,152.64718504540053,153.71086474732351,191.72443304183221,191.0399322089782,239.74013301892361,239.47397819745581,268.07617939006292,268.67032093428162,-0.94613539193255747,-0.29436911101450391,-0.31031151233003129,-0.015942401315527377,0.31381634058143959,-1.0615950321150365,-1.3754113726964761,-2.2425671088108174,-1.9757561643151575,0.2668109444956599,-2.037231131518638,-1.4030786610294399,0.63415247048919809,0.097926221780653577,-0.50084072770579269,-0.59876694948644626,-0.71059064647334935,-0.62426738302553986,1.6477103282722112,2.4128840495970394,-2.9663411092525962,-0.8942810626566029,-0.83899127707846333,-0.16687617587189152,-0.62586778800485376,-1.3102395773392175,-2.2130521804856471,-3.5909508565696342,0.4062795891741624,0.44176098872136366,0.56679461936791475
4945,2004,99.825456627685796,30.97514168838034,6,10,26.478027781475067,3.8947296142578125,103.0368541880016,108.77753715757353,-5.7406829695719352,109.02713283862977,-5.99027865062817,118.32935083677694,106.4414283754561,301.09877532534301,200.87332996657747,143.19796150775645,142.18184933648615,164.31807474252429,165.8955353922828,201.48983947287894,198.73500530740722,235.46961867248135,232.14786951396428,261.35380824251968,257.76474626811608,-0.13814247178575556,-0.032069744738407735,1.0073902148018874,1.0394599595402951,2.9067225607201124,1.3548737668880904,-1.551848793832022,-1.0302101857564878,1.7162595262462048,2.7464697120026926,-1.7709085798879869,1.6219111734215517,3.3928197533095386,-2.4172714460042357,1.2082287021943898,3.6255001481986255,37.977617064234437,38.44533998458428,-0.46772292034984275,38.465675690997159,-0.48805862676272227,38.825968432527588,51.318899275991498,99.658257694914937,211.11106543861297,167.13050479694786,166.5833952399916,186.49243235336317,183.95973428117136,211.47110540159085,207.58178229636192,235.17465432162879,230.56114719000755,257.50019614429146,250.44412330230435,-0.048804862551975248,3.2933587837489142,3.6815874598008236,0.38822867605190936,1.2748684535383177,3.6817996217887128,2.4069311682503951,-0.44605163029717687,3.5471352167174928,3.9931868470146696,-1.4897151560905684,3.3358737716605162,4.8255889277510846,-4.8460997030928752,3.0035297029163246,7.8496294060091998,65.059237060437226,70.332198237245393,-5.2729611768081668,70.561456746281692,-5.5022196858444659,79.5033822123969,55.122529024958794,201.44051747582853,194.01819124367776,134.81074618003873,136.12299986992417,151.38043240999178,152.72408042335334,187.27964181210044,187.82731165888509,235.72224375710147,233.95082894396251,263.773966791303,262.13860075189746,0.0011763700054530091,1.8854971404243486,0.22488893206391936,-1.6606082083604292,2.0444695785172371,0.37474935375337282,-1.6697202247638643,0.21277609432783606,-0.090849454599322144,-0.30362554892715821,-2.3215142342383785,-0.34346430587254417,1.9780499283658344,-1.180950178464343,0.51188640308458844,1.6928365815489315,0.089337609233780313,-0.049981232557428257,3.325428528487322,1.4078616433245656,-1.6318541071817947,-0.76960112497891942,0.58415855545931095,-0.65882772462501293,0.28119342379741852,0.83179907814781018,-2.4288282570886395,-3.6651495246285322,0.33098194300934064,0.3281178182586667,0.48213275657079513
4946,2004,100.32545891482673,30.97514168838034,6,10,26.478027781475067,3.2608642578125,117.96368425834953,118.25186196537106,-0.28817770702153211,118.26439107371698,-0.30070681536744814,140.37412373003463,158.7741984922377,411.83973277918994,198.05870252541368,134.02192134465236,137.17438701896157,160.90267161033168,163.06956425239841,199.19228752383978,197.05335455949557,234.97091052025036,232.23697028753455,261.82408373739207,258.2902136893178,0.74807798542786941,3.6721657431389758,0.63118348821527093,-3.0409822549237049,3.5406229346134523,1.3743182331283492,-2.1663047014851031,-0.45828621753250331,1.7052598931799992,2.1635461107125025,-1.3079358143531294,1.390853438433993,2.6987892527871225,-2.5465518353136076,1.0484718504006878,3.5950236857142954,36.592849491906236,40.171350607117347,-3.578501115211111,40.326937285626627,-3.7340877937203913,37.327581898935023,77.481265767311925,125.63533383347385,211.43927012612463,164.63451096189948,163.19759575354229,185.58252719808999,181.27867871235065,212.29764707170517,206.52538330796264,236.40733728375378,232.12912437713078,259.72292078836949,253.14299251017093,-1.6993763344315198,1.6384040852761927,2.9357601136892413,1.2973560284130485,-1.2763482469773351,2.9600192239822718,4.2363674709596069,-2.8188665142218667,2.9107030932669602,5.7295696074888269,-1.6504918162439424,2.6839756512236193,4.3344674674675616,-4.6934729167079183,2.3265078594009765,7.0199807761088948,81.37083424024604,78.080511752486927,3.2903224877591128,77.937453900010951,3.4333803402350895,103.04654132248106,81.292932799431583,286.20439834706485,189.72512378249965,125.37063891250781,129.06781137839755,146.89942619800632,147.67071601204682,183.4697118427878,185.0834885693059,234.15107179224904,232.37147448537175,263.2747619951478,261.83641061568773,1.3900842961065223,4.5035234188859476,0.71201480653482463,-3.791508612351123,1.7407538008329766,0.8168012393992683,-0.9239525614337083,2.1058003543944892,0.27954218210248882,-1.8262581722920004,-2.0220210974269435,-0.059901999131653838,1.9621190982952896,-1.2802148105603806,0.33963566453661542,1.619850475096996,-2.4474543198593892,-3.0894606305380421,-2.0337616578627831,-2.8651193336097549,-4.8169711815907874,-3.0171020478103117,-2.3605802966893634,-4.9246668686163559,-0.34255600189081292,0.3715292811830011,-2.1469210813943107,-3.4132581061475378,0.3050587979592389,0.26591497711303874,0.487996579438566
4947,2004,100.57546005839718,30.97514168838034,6,10,26.478027781475067,2.909088134765625,95.907538856641622,102.65538649781956,-6.7478476411779411,102.94877163750971,-7.0412327808680857,113.51634457856926,115.704942734832,321.64598701894283,198.85898898146039,138.17222759318747,139.37068420091029,163.43812467603254,164.56138073522305,200.47082947588362,198.00188614804804,233.18613141127477,232.26022336960878,259.61485660330612,258.46845534654608,0.79780256517278758,1.9221272842607675,0.81090089229851969,-1.1112263919622478,2.338057344868588,1.1519161558275073,-1.1861411890410807,-1.0614103213068518,1.5230933817035748,2.5845037030104265,0.32460179925618604,1.2905926592076469,0.96599085995146083,-0.40169522552469061,0.9867733284832525,1.3884685540079431,33.610311518684284,37.675695939729849,-4.0653844210455645,37.852451968687092,-4.2421404500028075,34.164020999595778,55.923225532800643,95.460250073228963,209.42798026754906,163.88465289837092,165.66774580576234,184.71571018974089,182.96276747186641,210.24971811729594,206.72408191739677,233.0733314865995,230.9657150722644,255.33724003304096,251.72529458874274,0.46420581669067928,4.6248148905501978,2.6803652754566656,-1.9444496150935322,0.87610425808418313,2.6647563402668766,1.7886520821826934,-0.80012168229421832,2.6568793748773203,3.4570010571715386,0.30002313912441991,2.5377911748306019,2.237768035706182,-2.0519925057983244,2.2764960442744666,4.328488550072791,62.297227313742951,64.979691347173684,-2.6824640334307333,65.096320168011516,-2.7990928542685651,79.352323588286708,59.781717388295874,226.18573712557554,192.01572255119436,130.14223707424222,131.70031852877639,149.70338143468305,149.27621496801828,187.34161006476742,186.24312639151748,233.3516553480471,233.78089424741839,262.22596085874937,262.78820261015045,0.58990370457436825,2.3011356773190528,0.51387994030758932,-1.7872557370114635,0.69271355319750683,0.72706029298979047,0.034346739792283643,-0.85600874243249336,0.15337847379046821,1.0093872162229616,0.25353469602211476,-0.16969154361618166,-0.42322623963829642,0.91096955149993164,0.33067432265005436,-0.58029522884987728,-0.3335967484821083,-0.12569788788368896,2.7026876062894303,2.323679213231145,-1.4619530867844048,0.1833907048866763,0.26128863901263344,0.055887060138275046,-0.024578660131766128,0.046488443102305155,-1.6502972802736338,-2.962962057298256,0.29678669694581633,0.30096125035060017,0.48332615885704444
4948,2004,100.82546120196764,30.97514168838034,6,10,26.478027781475067,-7.2727279663085938,114.73064869025984,118.78370310024184,-4.0530544099819963,118.95992451364145,-4.229275823381613,139.46103887308396,119.71979648474007,327.55588561855257,198.70482015839156,133.46215920334282,136.38898458052807,161.71752953403495,166.45907923264591,200.63212920555665,203.63295486701182,235.52902563536401,238.77742747547498,261.79659861704693,263.92540455753687,0.35734565233562421,1.413188746262108,-1.4839070279613225,-2.8970957742234305,1.6534373300694654,-3.0736929659197187,-4.7271302959891841,-0.83369289792017298,-3.8237781984803121,-2.9900853005601391,-0.031788510284343374,-3.2138592511853403,-3.182070740900997,0.1099660444752999,-2.0662607903353774,-2.1762268348106772,47.473611250998147,48.893946502033941,-1.4203352510357945,48.955700031759989,-1.4820887807618419,52.398424491764672,64.123286871383243,136.01274702325463,208.51191595297865,152.67978620502308,167.80138587089712,181.74011272070933,189.72707297592117,210.6279408782643,216.18345734366866,237.87111537521798,241.76697046102245,261.13576569429404,262.64038515656171,0.94956781992942751,9.3446828678018505,-5.8852626106070431,-15.229945478408894,1.9341813312521481,-6.2063666966085975,-8.1405480278607456,-0.56640202745569468,-6.079157114123575,-5.5127550866678803,-1.7177021520201379,-5.3541250228779234,-3.6364228708577855,-2.8513195438735011,-4.0780428723772388,-1.2267233285037378,67.257037789438982,69.889757969114726,-2.6327201796757436,70.004224586189594,-2.7471867967506114,87.062614761298917,55.59650961335683,191.54313901625574,190.69453964458478,125.47346264786577,127.06466627783323,148.8402812395781,150.47633137854817,185.39264865493584,187.13410159526251,233.73735831391463,234.80364417112111,262.73766046864688,265.141316110243,0.51100358503728671,1.2198343183713831,-0.6477887958391193,-1.8676231142105024,-0.69355115028298542,-2.5352537279198941,-1.8417025776369087,0.755316445240652,-1.2661034870992296,-2.0214199323398816,0.66868282260688261,-0.33596216588250627,-1.0046449884893889,1.7773688565965244,-0.54220134398900655,-2.319570200585531,0.59222216759380331,0.4385642348921408,7.9314941215397425,8.1248485494304674,0.28074400118268272,2.6277324815351335,0.2672908704644783,-1.3217184726963467,-1.6859136417357945,-2.3863849746270205,-2.961285588348801,-4.6286884004700255,0.41523524074803236,0.37572088172560997,0.5356113922191359
4949,2004,101.07546234553811,30.97514168838034,6,10,26.478027781475067,4.6818161010742188,125.90734939636604,129.98456188913042,-4.0772124927643745,130.1618289286962,-4.2544795323301514,142.60304256008703,154.99909038482292,378.9236487429589,196.15379652295306,132.03341853709864,135.93875642762779,160.59359999714914,162.17399172064779,198.02995871066634,195.96832085871887,231.68001768049928,230.54431261765336,257.50415882512272,256.28256541273686,1.665042432404789,4.3081890055436531,0.59941715880532342,-3.7087718467383297,3.5816078604630093,1.9522478382877466,-1.6293600221752627,0.36560090966642633,2.4855163635802171,2.1199154539137908,0.91641554815060999,2.1287759937563351,1.2123604456057251,0.15272510694353514,1.5376227373791949,1.3848976304356597,55.699516391463476,56.459786130866632,-0.76026973940315656,56.49284183817872,-0.79332544671524374,56.611595725722509,91.691404359333319,166.21713338047266,205.46539030199469,153.72003304301336,156.03828840516786,179.16582609619815,176.01150841177451,206.82329189112491,202.90526605619965,231.86815343950693,230.04727570598374,255.60763104008345,252.12601055597386,1.3928955102988141,6.6053107402104558,4.1476063656858742,-2.4577043745245817,1.1852304140376759,4.2040858239827799,3.0188554099451039,0.28021994682291052,4.0836262485883879,3.8034063017654773,1.6362278155366425,3.7311768506062037,2.0949490350695612,-0.75779499993976174,3.076532943857984,3.8343279437977458,70.207833042155471,73.524772100703558,-3.3169390585480869,73.668987018720145,-3.4611539765646739,85.991446990826717,63.307686085094247,212.70651556365192,186.90433026100601,122.5659125145621,125.45311544951228,144.34308408434049,145.19518572641613,180.83255897902595,184.07843105107239,231.39053275109285,231.40314794846591,260.30706240765647,260.67398082099845,1.9145694552966859,3.6493690815715496,0.58393257887449579,-3.0654365026970538,1.4501742329117917,0.5327657538641688,-0.9174084790476229,3.2315135437925164,-0.15761333607346728,-3.3891268798659837,-0.78918412158026285,-0.64719458969827315,0.14198953188198971,0.25826042478394129,-0.077131998566017046,-0.33539242334995834,-0.27214692210597491,-0.52167394499787179,2.2971217346668027,2.9559416586389062,-2.3963774464253333,-0.26494381887411578,-0.085380962843515817,-2.9512935969696059,0.71981226738603254,2.4254119371169054,-0.91052010688329688,-1.016055424723703,0.43865600347690437,0.39698729220218931,0.59156091904595776
4951,2004,102.07546691981996,30.97514168838034,6,5,26.478027781475067,-2.111114501953125,159.0226376249484,162.69332423876767,-3.6706866138192709,162.85292095785189,-3.8302833329034911,176.83666569590423,212.07477810810087,460.75687600299716,189.80794044789323,119.57116690705786,117.40474840523255,149.05344287838722,149.55298615024219,190.28280926356439,191.38929404068139,231.53005069200768,231.80122495908302,259.95714171334197,260.25822642420525,-0.74912947105306671,-3.0406423293556202,-0.8206117907815127,2.2200305385741075,-0.68042919216796349,-1.1857260354344987,-0.50529684326653523,-0.088217252943479707,-1.2320422485164784,-1.1438249955729987,-0.86590755739831593,-1.0334701665094883,-0.16756260911117238,-0.60843990515007818,-0.80576751162169558,-0.1973276064716174,75.593780696324757,79.228974995734461,-3.6351942994097044,79.387026549338771,-3.7932458530140138,78.496672608765948,123.35503626703394,232.83965246379375,196.38251290516601,133.95353526391207,134.94915882156641,160.17566629785631,163.38761480663689,199.64296591450881,200.92419643133249,230.38837055615863,233.93471366813068,258.90177294296365,259.63205243628965,0.32484317304368915,-0.4878132310987553,-1.5461051598194615,-1.0582919287207062,1.771945781205801,-1.6204903389956371,-3.3924361202014381,-0.31539928300770725,-1.6087114866274703,-1.2933122036197631,1.824200149130121,-1.4178432533952048,-3.2420434025253257,-0.69002070687838568,-1.1710319921427299,-0.48101128526434422,83.428857226646869,83.464353236544412,-0.035496009897542535,83.465894193273925,-0.037036966627056245,98.339993280853378,88.719741855968095,227.91722365841269,182.71347570599457,109.64792796670159,106.50740856760639,135.25201774728279,133.03494742742558,179.59004196393821,177.84066341647562,232.89879505320701,227.57926719456142,262.48222901130686,261.25448024855655,-2.4424439428921687,-3.7756216884033194,-0.61293598263972626,3.1626857057635931,-2.9318070745231921,-0.7281132412280158,2.2036938332951763,-2.688472741826871,-0.70461077519843229,1.9838619666284387,-5.3565638521925223,-0.025234075834958958,5.3313297763575633,-1.8970131391236009,-0.42991465977917187,1.4670984793444291,1.0739726440967559,2.7672871159358579,2.5528290982568649,3.2878084573045641,2.4523749733737645,4.7037528557289932,-0.22718203006422755,2.3730734588191638,2.6901077065284369,7.1807640013226433,-0.081580801728307506,1.2069924322452152,0.50534167711971201,0.44389364784649427,0.58165821210552526
4952,2004,102.32546806339042,30.97514168838034,6,10,26.478027781475067,-4.1818161010742188,158.60383342121349,159.82937471311379,-1.2255412919002993,159.88266001329976,-1.2788265920862614,186.59668744195369,211.65399940471252,487.62713238596916,193.24266307972528,123.81349722213777,124.74563276693866,153.88833710635191,155.78782616082393,195.4759921245126,196.03437432410087,231.98704093993808,233.73249618713774,259.77652394594861,260.80517101213519,-0.61214146455392893,-0.026632255322539322,-1.0333017873361854,-1.0066695320136461,0.20220565632129706,-1.7553536179926539,-1.9575592743139509,-1.5615895897923906,-2.03774221503744,-0.47615262524504942,-0.36893870057008371,-2.0072009736354914,-1.6382622730654077,-0.51074189073534626,-1.4160615926127775,-0.90531970187743127,73.350972522393931,77.788379874356906,-4.4374073519629746,77.981311766166982,-4.6303392437730508,75.667944807903041,134.50504429412285,230.32687096297741,204.02069075371813,148.98191151466983,151.1123334082329,176.11080918962807,175.74876190931477,205.96192495326673,207.6676537746302,232.3963520800221,236.84862667981187,258.29379586949375,259.63642213191912,-1.5099152008245085,-1.2008264739822891,-3.4829640588628195,-2.2821375848805303,-3.854581556520742,-3.6199474235209834,0.23463413299975855,-1.9252167256960888,-3.5264727918820711,-1.6012560661859823,1.0711987586504108,-3.180301109504029,-4.2514998681544398,-1.627506989674373,-2.5085553919378185,-0.8810484022634455,85.252860585895178,82.040994987768499,3.2118655981266784,81.901348328411586,3.3515122574835914,110.92874235092859,77.14895514039199,257.30026125907898,181.19843713703676,113.91496680668682,113.02346851821716,132.31703559256118,134.13555811997963,173.82531617084686,175.31295589297204,231.10600307492541,226.78306197319688,262.64127884596672,262.59164664709857,0.16777232211953219,-1.4215231954499359,-0.8835655150685966,0.53795768038133929,1.1692492865524571,-0.73070991589861478,-1.8999592024510719,1.2016487523190449,-0.31413394676587814,-1.515782699084923,-3.2598916074678073,0.79632814316406098,4.0562197506318682,-0.46254533379192253,-0.10658489409638605,0.35596043969553648,-0.89777373627057955,-1.6776875229440407,-1.1741942186597498,0.22069672146764674,-4.056787212842039,-5.023830843073199,-0.36362713590369822,-3.1268654780151337,1.4401374592204945,4.3310903661182181,-1.1167650989390268,-1.1649616558824505,0.47234219686665813,0.40551601341498494,0.63549493358228537
4953,2004,102.57546920696089,30.97514168838034,6,10,26.478027781475067,-2.4000015258789062,130.30896349989052,135.06751100064866,-4.7585475007581408,135.27440519330958,-4.9654416934190522,145.74301529340619,179.10016723138324,392.74477275647223,195.89205612884953,127.02239901752854,125.80218148538512,157.60259144531747,156.44125654688446,200.37146565590561,197.14669467638376,233.5534710814099,232.73786738091005,259.50826445906677,258.97030070079603,-2.5814038132160988,-2.0955268164601932,-0.86426075065942598,1.2312660658007673,-2.2299601731822918,-1.106910080425024,1.1230500927572677,-4.6076140582987648,-1.3249463242147783,3.2826677340839865,-2.0895278126100152,-1.188666810800953,0.90086100180906215,-1.3329809101275032,-0.69800260133240499,0.6349783087950982,47.111716103128856,55.334813834249871,-8.2230977311210154,55.692340006880841,-8.5806239037519845,49.255280968121951,104.25486515573357,169.53256054222584,207.84257207818672,153.13996284945614,150.82916085249039,184.02282376205255,177.64699557830465,210.43051168358451,207.655663770144,235.33441336187349,234.43634396198343,258.60000482480802,256.51299302022545,-4.7883179606263298,-4.2112959569967927,-1.972046853005736,2.2392491039910567,-8.3830960688435709,-2.040341926393296,6.3427541424502749,-4.9727667485677784,-2.0389223398967147,2.9338444086710638,-2.9017393911639999,-1.8465634171047327,1.0551759740592672,-3.9072628132361444,-1.4713647991168273,2.4358980141193172,83.197247732037795,79.73269864757458,3.464549084463215,79.582064953970985,3.61518277806681,96.487734764868492,74.845302045847347,223.21221260912716,185.18469043274075,118.37543843324752,115.92235706903746,140.71038077927454,139.51863726151726,180.57078458804131,180.95836987776963,230.43399491720103,230.11452102311827,261.04192436027222,261.58980464316187,-0.4768445436410218,-2.6491732880985097,-0.44711187309124512,2.2020614150072646,-1.9391092539196393,-0.70168949485031362,1.2374197590693257,-0.029396199906415177,-0.49949956979926924,-0.47010336989285406,-0.47143256131775502,-0.11491708381240073,0.35651547750535428,0.258895050157264,-0.25084559488220748,-0.50974064503947147,-2.206914147410231,-4.3114734169853079,-2.1157691405365995,-1.562122668898283,-6.1531358956612792,-6.4439868149239317,-0.36515269026901365,-4.9433705486613633,-0.81221157855398474,-2.4303068298462449,-2.5742819031086412,-4.1661578633934084,0.43166089608873609,0.33795980458454528,0.58210367286282061
4993,2004,95.575437186987926,30.725140544809879,6,10,26.54575850082016,1.9130401611328125,113.53224760299963,112.62185464221511,0.91039296078452026,112.58227439604525,0.94997320695438248,137.41110065505563,112.06189675513633,335.32051563728601,193.68490367437303,132.83207219204826,137.19760373134008,153.69006607367064,158.11587003518355,194.07753514179393,193.80241025697757,231.56425512940945,230.38490216162839,256.29044314821346,255.68603243542819,1.7205923656167386,5.4551101992008455,0.6328816955530101,-4.8222285036478354,4.9774411824303968,0.75675654757813504,-4.2206846348522618,0.26208384165656184,0.62653331851950611,0.36444947686294427,-0.66620601226705389,0.44679799241043838,1.1130040046774923,-0.6343005122395482,-0.044965391808887034,0.58933512043066116,20.121945123511068,15.742072740621097,4.379872382889971,15.55164365533301,4.5703014681780587,20.121945123511068,29.310924214151783,51.379316307604313,207.56921293694398,169.48921122304066,170.79885376375543,186.44392747324247,186.82407363469125,208.86910901876996,208.15942780899044,227.02159439243289,229.10559693077764,243.84014124909331,245.48605142102892,2.1333400971347487,4.2062347626936401,1.8424030105940119,-2.3638317520996281,2.6547895322847239,1.7766194223120237,-0.87817010997270017,0.94446087667833467,1.7131820774511084,0.76872120077277373,3.0388682041392485,1.511629230208456,-1.5272389739307926,2.4854163812982506,1.2539567135066534,-1.2314596677915972,93.410302547839819,96.879781553694556,-3.4694790058547369,97.030629828997917,-3.6203272811580973,117.28915559989582,82.750972722227743,283.94119962025434,190.25388591517503,129.92037375043077,134.39731447230707,148.07379896988093,152.37079908631537,185.55959951190025,187.73551166561728,233.08624815972985,230.87611257711288,259.09795185061841,257.52072284806763,2.2320015285620229,5.8692511071540991,0.72766978806245675,-5.1415813190916424,5.2186302297500049,0.75393440284830149,-4.4646958269017034,2.4737463172755838,0.31033832062595934,-2.1634079966496245,-2.0970315253686067,0.028641646404736321,2.125673171773343,-1.6610045687926345,0.0085328573250080808,1.6695374261176426,0.41274773151801014,-0.098661431427274238,-1.2488754365072054,-1.6630163444604591,-2.3226516501456729,-2.563840697465281,0.68237703502177283,-1.5292854405972491,3.7050742164063024,5.1358997295078552,3.1197168935377988,4.1464209500908851,0.15322449391429716,0.14643609597468676,0.2615601293827674
4994,2004,95.825438330558399,30.725140544809879,6,10,26.54575850082016,0.0434722900390625,108.77740548775182,109.44377079217884,-0.66636530442701769,109.47274380155432,-0.69533831380249467,140.04711957502514,145.53617068123276,401.36874838545918,195.86037644667849,136.90324427253356,140.93820293990473,157.49633238205323,161.44674595259863,196.91333899591055,196.27930472262832,231.26935874640256,230.56185909255598,254.86287133592793,254.9637319801376,0.85636961053029381,4.4623796480304918,0.020527965105003432,-4.4418516829254884,3.7526397795803064,0.016786156660259621,-3.7358536229200467,-0.79262746475754398,0.016683786209824802,0.80931125096736878,-0.70204095653895138,0.012626502600113554,0.71466745913906493,0.15402738435682295,0.0029796411022005032,-0.15104774325462245,24.157095046015456,19.980175443879489,4.1769196021359676,19.798569942657195,4.3585251033582608,24.284762443276122,57.196866510318159,84.661339931190014,210.74152276820362,175.05580565483672,174.71613351660397,190.5458514197108,191.47049063034021,211.80789228570552,212.00730128559695,231.08022179899422,232.70703509643477,247.96690104340607,249.85709152092082,1.6034268289931219,0.476110184809869,0.043865590004742216,-0.43224459480512678,1.3709754340255529,0.041871634979344208,-1.3291037990462087,0.57942906299743413,0.038347765682402724,-0.54108129731503141,1.6180850292231526,0.033780849202685204,-1.5843041800204674,1.5877259886254933,0.02158111735676016,-1.5661448712687331,84.620310426835204,89.463595196859387,-4.8432847700241837,89.674173631654412,-5.0538632048192085,115.76235708704553,88.339304391516634,316.70740868523717,189.91951337303612,132.87232617371063,136.79956807778237,149.03307153220027,152.78907642179672,184.20003591479502,184.85583686454842,231.46224456285583,229.17422437031885,258.7241691045341,256.98120706338983,1.5904111548054516,4.4805094217213934,0.013204456721553015,-4.4673049649998404,3.886177491117536,0.015541194698045047,-3.8706362964194909,0.75574625497554848,0.0036084436332544101,-0.75213781134229407,-2.2129348245449592,-7.7712697617471349e-05,2.2128571118473417,-1.8656000785743458,-0.0026781855601711868,1.8629218930141747,0.74705721846282813,0.013015674187670356,-3.9862694632206228,-4.0043992369115244,-2.3816643455547535,-2.5152020570919831,1.3720565277549781,-0.17631719197811435,2.3201259857621039,3.8310198537681117,1.4336986042686704,3.4533260671998391,0.21093156921595824,0.17340422649868531,0.39300791165926857
4998,2004,96.825442904840244,30.725140544809879,6,10,26.54575850082016,3.7083282470703125,100.40673772431546,111.19472125178618,-10.787983527470715,111.66376428595686,-11.257026561641396,116.67248775875669,116.67203956656522,321.15299222245812,206.62187688648885,147.08028255478251,147.43542636292227,170.62777907723896,169.94747759090623,209.16645022565635,202.92905897847777,240.46968023760513,234.95350238696912,263.13001251758038,260.05787317467838,-1.9072778862882558,3.0005960898298554,1.8227130386461283,-1.177883051183727,1.0941505941794105,1.712704426400478,0.61855383222106752,-4.5570635492881024,1.9291247517697627,6.4861883010578651,-4.1427904694090216,1.5717402719731695,5.7145307413821911,-2.0786336811135016,1.0306689028167852,3.1093025839302868,32.743745391825541,35.717252274695056,-2.9735068828695148,35.846534714339214,-3.1027893225136722,34.075266933882062,55.341905000051156,93.528739094734192,215.45808302845501,174.35592940707457,169.48435100506575,196.81664223298543,187.82095834453756,218.48670795244092,209.41627635782859,237.54789063490983,229.86660901451376,254.49096726589207,248.23965561899468,-3.1948340555319419,-1.3185405697201986,3.555000908362473,4.8735414780826716,-5.6588235336710397,3.4920316726590386,9.1508552063300783,-5.7817610660121659,3.4438184369923306,9.2255795030044965,-4.551988597873617,3.2158006932312446,7.7677892911048616,-4.1350328761803326,2.7446918314845732,6.8797247076649057,67.662992369742824,75.477468800759198,-7.8144764310163737,75.817229288495582,-8.1542369187527584,82.597220964883491,61.330134722976254,227.62425347790122,201.13224250418986,142.54028080517904,143.32001472530106,158.34828322840326,160.49872512165936,197.49513123837062,195.42403368198708,244.13151908691697,239.4517764493512,267.69037894463338,264.30332630971327,-0.1973696936182705,2.9845805851763885,1.5358559121593203,-1.4487246730170682,3.0757283196942637,1.190687652478772,-1.8850406672154918,-1.2585755698727041,0.33461136914635858,1.5931869390190627,-4.3856031273668634,0.28457499169189759,4.670178119058761,-2.660650375310297,0.78160136614900466,3.4422517414593017,-1.2875561692436861,-2.9974643619136714,-4.319136659550054,-4.3031211548965871,-6.7529741278504503,-8.7345518533653035,-1.2246975167240635,-4.5231854961394617,-0.40919812846459536,-0.16638547050675356,-2.056399195066831,-1.4743825008700355,0.29122798591254651,0.29205914426320778,0.47433734085429086
5000,2004,97.325445191981174,30.725140544809879,6,10,26.54575850082016,1.090911865234375,116.53158134222031,124.44630646705627,-7.914725124835968,124.79042518138885,-8.2588438391685486,141.0662871560744,113.16044050455093,371.91981233283877,201.23599550134804,140.38931049959726,142.23975627324262,164.23452271484473,165.56806543496987,201.79983179877465,200.4725062839612,237.61819067912592,236.43845377986062,261.97860119369312,261.89056766430235,0.38552391430195598,2.4399720297597298,0.32111807600543329,-2.1188539537542965,1.7616183558579053,0.37359828321839927,-1.388020072639506,-0.89155832793210266,0.44080391773204042,1.3323622456641431,-0.76782752577713609,0.38824111318646715,1.1560686389636032,0.20705360475096768,0.3044574231892625,0.09740381843829482,39.739278985187411,36.3789072483778,3.3603717368096113,36.232803169637918,3.5064758155494928,41.482407061383128,48.403227485716343,96.210590671747923,210.55793456129371,160.83089320389291,168.39980267375947,185.49921476358836,187.78097490140158,212.79858365664373,211.48138540027236,236.56393069151625,235.33898204782722,254.87850626539753,254.47425257400738,1.865980581135176,8.3901977055681414,1.006896163998988,-7.3833015415691534,4.1613807680587911,1.003669720631251,-3.1577110474275401,-0.21542494830413261,0.96582102315994689,1.1812459714640795,-0.3139428867338836,0.87021299071690805,1.1841558774507916,-0.41685118444004843,0.6594966605831587,1.0763478450232071,76.792302548885345,88.067401707172394,-11.275099158287048,88.557622492313385,-11.76531994342804,99.583880301444879,64.757212892174721,275.70922167226672,196.13740207563652,134.93263732498974,137.49967028055335,152.84861860038029,155.60080507556742,190.88267512561939,191.17570385939001,238.63335514711852,237.32407381364723,265.49807001731403,264.91365379552587,0.79949651925426224,2.9736125956756325,0.15024784531385649,-2.823364750361776,2.7430709262548021,0.092889931521199287,-2.6501809947336028,0.79569810522684747,0.092154466361421328,-0.70354363886542615,-1.3380002922624215,-0.0030566878984359391,1.3349436043639855,-0.50369132892672042,0.23337405861587968,0.73706538754260009,1.48045666683322,1.0664840618809137,5.9502256758084116,5.4165851098925089,2.3997624122008858,1.418309841803989,0.67613337962797004,-1.0111230535309801,0.45388463904325249,1.0240574055285379,-0.62390478919101611,0.086840144486671988,0.25868638206788258,0.29406322302569282,0.4277398291302138
5003,2004,98.075448622692562,30.725140544809879,6,10,26.54575850082016,9.1052703857421875,101.18520197082762,110.61640227629505,-9.4312003054674278,111.0264565307607,-9.841254559933077,108.15683967038967,104.486143672857,393.08549423422664,204.74465424565525,148.66483569102246,146.67971386937268,171.41129365510798,168.6081664751926,205.5079395407254,199.40646597325414,237.08232898779838,231.22425539601656,260.00658667495719,256.31865478740292,-1.5975092909382909,-0.80608433950945368,1.021481556903268,1.8275658964127217,-0.064652069825541503,2.8435326378598518,2.9081847076853933,-2.4532072152520072,3.7359168064933215,6.1891240217453287,-2.6357609938660858,3.2523564598245684,5.8881174536906542,-1.9233525715649762,1.8634238916687309,3.7867764632337071,34.421313752458445,40.407411649952337,-5.9860978974938917,40.667677045830715,-6.2463632933722693,34.890843796894615,47.585898117619763,95.111106284311973,212.29957407068125,176.18132351604936,164.55619532875556,190.32962341329474,180.99676688747942,213.08443656071435,202.2831389104895,233.88556695712072,223.88002822364237,252.30863588529445,241.91760017123769,-1.6381763611148017,-3.3777538027603669,8.1325104774651038,11.510264280225471,-0.62787665376271207,8.3709588554393974,8.9988355092021095,-2.2975589608318501,8.4092512436772324,10.706810204509082,-2.1375783109350834,8.1928551135999328,10.330433424535016,-3.5636989550128533,7.4715838706314344,11.035282825644288,66.763888255622078,70.208991092003998,-3.4451028363819205,70.358778838885883,-3.5948905832638047,73.265995871338419,56.900245554845242,297.97438756283373,199.95765904325083,144.3454763018679,140.62677341304345,158.46101326491689,158.23571047719796,196.18083101377036,195.08552945752109,240.6364286782181,239.50285207171763,263.3618017339212,263.1787923454001,-1.7842766110830155,-2.2252673807162466,1.4845595101491824,3.709826890865429,-0.022146953955825666,0.14053976967966264,0.16268672363548831,-3.7436715462351913,-2.7128774093316395,1.0307941369035518,-3.0707436707328952,-1.8004677478168389,1.2702759229160563,-0.15126730099251517,0.014458847412981868,0.16572614840549704,-0.040667070176510833,0.1461002499682138,-2.5716694632509132,-1.1524864220441202,-0.56322458393717056,-0.6057296998068864,0.15564825442015717,1.4461125854033412,0.49818268293100232,0.93316535979781179,-1.6403463834478771,-3.4124316540203381,0.24196035640948482,0.32259489000626518,0.45542783420746957
5005,2004,98.575450909833478,30.725140544809879,6,10,26.54575850082016,10.782608032226562,118.70538435006165,128.15932079398772,-9.453936443926068,128.57036036281897,-9.8649760127573245,125.09912293560592,104.1874164697474,365.52515030093491,204.23890133971315,147.86097252373983,146.00070765298491,168.86540530477174,167.3818711579861,204.21343629828644,198.46607431122169,237.59070988686153,232.06558998455125,261.23533710192817,258.67898405017104,-0.53346575565271337,-0.57144827793172226,1.1513788332355546,1.7228271111672768,2.0203757215602138,3.6077761018611625,1.5874003803009487,-1.2863185748333592,4.5339193705298726,5.8202379453632318,-1.50238453435,4.0928476890590559,5.5952322234090559,-0.41939752339305869,2.1867065741124065,2.6061040975054652,45.583665264121919,50.226071766099267,-4.6424065019773479,50.427916210719559,-4.84425094659764,46.024723680496095,48.978471212616569,104.74924795488914,211.50157329107114,167.92597888393979,161.46495381495109,187.11586237228207,177.73918743332442,211.37858182895479,200.30539151127695,235.7461699273847,223.50687962620492,255.70842076332417,242.75943501897143,-0.75309377099867447,3.073614321588849,9.7124747817319133,6.6388604601430643,1.0160812278183187,10.044416350983511,9.028335123165192,-0.96803568666743445,10.052373296637228,11.020408983304662,-2.7688216593670347,9.8443406978850305,12.613162357252065,-4.3345603276760301,9.3638778381174177,13.698438165793448,73.121719104566182,77.93324689783185,-4.8115277932656682,78.142443661819016,-5.0207245572528336,79.074399277299563,55.208945284342008,260.77590242959559,199.10068380921049,142.97509550898582,139.33896246084393,156.34329234866433,157.20945808577127,194.61674256106028,195.60505913015186,239.79597584615539,242.18047760277881,265.18222860330064,266.6032810691986,-0.43638064181945424,-2.0179105760715856,1.6915344838495514,3.709445059921137,0.84177330304561337,-0.05576944590498556,-0.89754274895059893,-2.3818249675836114,-3.4158813998363087,-1.0340564322526973,-0.18834543972363349,-2.4449035804191794,-2.2565581406955459,1.4872403318564693,0.20327679327817805,-1.2839635385782913,-0.2196280153459611,-0.31671312917922023,3.6450625995205712,5.0915248976604346,-1.0042944937418952,0.17430792477270529,0.31828288816592476,1.4137892809161769,-1.2664371250170348,-2.5804762196434012,-3.9151628042829714,-5.8218006595324994,0.28657193046401769,0.36790604602549504,0.47009968067341706
5006,2004,98.82545205340395,30.725140544809879,6,10,26.54575850082016,2.1739120483398438,112.95237729120709,121.72172706651327,-8.769349775306182,122.10300430796269,-9.1506270167556067,119.0792549843249,126.32560693619234,304.33365708962083,200.895058549526,141.82421574041669,137.00964309128344,165.31935489729238,163.29768912816434,202.34882167026055,197.72473106599881,236.08022248126588,232.63429279331979,260.78037546582067,258.30672543612422,-2.2960927684079593,-3.7436511329149766,0.9923621106689211,4.7360132435838977,-0.88689608571007739,1.2661818375087819,2.1530779232188593,-3.2250212420254627,1.3479998831154774,4.5730211251409401,-2.4243023141205242,1.0694773554180586,3.4937796695385828,-1.804278157568433,0.77582054491068675,2.5800987024791198,42.245476964180853,46.023129014352889,-3.777652050172037,46.187375320838328,-3.9418983566574752,44.902241233055975,61.869964935238386,128.1325746551156,205.3861142773417,150.82537653858196,157.15778716132911,180.04453964792151,178.86078115127151,207.76489198017657,205.54201796458062,233.81509346206113,231.56390155351437,255.86703825257757,252.91925329760505,0.92466206431001297,7.6616000060538454,1.6658674555337143,-5.9957325505201311,0.89207780368622025,1.882490142532049,0.9904123388458288,-0.27087592431635699,1.8682603060092617,2.1391362303256187,-0.8000716874891225,1.785690356411834,2.5857620439009565,-1.8601180218230127,1.5244558440803075,3.3845738659033202,70.70690066975294,75.698600086492661,-4.9916994167397206,75.915629478862684,-5.2087288091097435,74.177014093995638,64.455641956250474,176.20108277723193,197.43613365254839,135.92742469045163,129.11881255580789,156.54189478413178,150.37158957429708,194.41762759021006,188.12979672437808,238.4767432139414,233.97608328998209,264.92074787626075,262.28114097472258,-4.5325225181095732,-5.1810300415276913,0.84490708382210755,6.0259371253497989,-5.0341883221559272,1.0568629430979968,6.0910512652539239,-5.5448558698328725,0.60997784264890242,6.1548337124817749,-4.1464598220008781,0.16958152430331097,4.3160413463041891,-2.4648990092970848,0.2306397723466489,2.6955387816437337,3.2207548327179722,5.4571845824195861,11.405251138968822,12.842630047581537,1.7789738893962976,5.9262661258421474,2.9541453177091057,5.2739799455165155,1.6242306266314017,3.3463881345117557,-0.055839864254579652,0.60478098747407216,0.42102663202112689,0.37707862078047699,0.48976582369787619
5007,2004,99.575455484115338,30.725140544809879,6,10,26.54575850082016,0.1363677978515625,96.57546257382819,101.0536432102308,-4.4781806364026124,101.2483477105925,-4.6728851367643074,111.97108367173678,95.189082303336363,263.93985680118203,203.27969335869821,146.182634313352,146.21386024186313,168.31082440568446,170.3198062869526,203.43454818794368,202.74973107244051,237.00963901800981,235.85391255814847,261.71866935045642,260.52941908025082,-0.11305362979763345,0.012103097484157388,0.047319414183192521,0.035216316699035133,1.9709268230135422,0.059890184718000228,-1.9110366382955419,-0.73981641724486735,0.0682679050096624,0.80808432225452975,-1.0650390924882629,0.063858405876914048,1.1288974983651769,-1.1837466394611056,0.044070872123540994,1.2278175115846466,40.083682808247431,41.970627788889942,-1.8869449806425109,42.052668639472358,-1.9689858312249271,41.768964409050568,45.06798727916339,91.454640928655863,211.17796857044095,163.24564573108975,168.9784377452126,185.34658019330018,186.03966463296771,211.02161352336117,209.75720838883706,237.76048803045143,233.8709811278809,259.4909888455494,253.42787988736055,-0.78024505392957622,6.0915057029171749,0.13137594631101024,-5.9601297566061646,0.91390097001431059,0.13140687415778984,-0.78249409585652074,-1.3337444235897351,0.12436968649339519,1.4581141100831303,-3.8075046189509578,0.11205370768249168,3.9195583266334495,-6.7868729015739007,0.10695650058124784,6.8938294021551485,56.491780138109789,59.083016970384051,-2.5912368322742623,59.195679011515494,-2.7038988734057057,70.202119571885305,50.121095068876457,172.48521621152759,197.57952857756445,137.98117373170453,139.44810989047852,156.14532800652245,156.86489938653381,194.49936846755213,193.8180154062955,236.10323738034731,237.96834603621173,263.46066573330336,265.11573783518173,0.66448760699370268,1.5407836263828187,0.0055435215680859073,-1.5352401048147328,0.9501431448690596,0.0034370401237140413,-0.94670610474534556,-0.56988309780737723,-0.0042326208236431739,0.56565047698373405,1.8449517711045189,-0.0026516061058146079,-1.8476033772103335,1.5249804637106763,0.02127435041489889,-1.5037061132957774,-0.66719142413194277,-1.4447326609232789,6.0794026054330175,4.5507220765343561,-1.0570258529992316,-0.03624217485474901,-0.59392800634486775,-0.76386132578235788,-2.7424655264626949,-5.6524563900554767,-5.6031262621127951,-8.311853365284577,0.34649803192681844,0.37303349257120477,0.47345752463025653
5008,2004,99.825456627685796,30.725140544809879,6,10,26.54575850082016,1.904754638671875,106.70938977404876,110.66373363761159,-3.9543438635628263,110.83566053596587,-4.1262707619171124,122.42797192291255,104.37583586600704,329.67548259347677,204.78953096475243,147.70107310278658,146.85554983372103,171.192192062831,170.26411086264486,205.45019300580105,202.53430387551148,237.38817033578792,235.61905256541135,261.62884229221771,260.39112713521359,-1.0797552920567171,-0.61072249849689797,0.24115980637753864,0.85188230487443661,-0.42965851444111536,0.58480342814573305,1.0144619425868484,-2.2690082562581324,0.78484219482632511,3.0538504510844575,-1.0320250641233315,0.74007435291107981,1.7720994170344113,-0.71574345096985326,0.59642282320623963,1.3121662741760929,45.725520872234483,49.021624788179906,-3.2961039159454231,49.164932845316798,-3.4394119730823149,47.354389772473951,51.384770400583875,103.41075709904544,212.12452294845463,167.13787281987945,168.45138259534247,187.25023904315836,185.44102675933317,212.59945077822084,209.95110894435484,236.64490428576985,234.00161235333613,258.09696540699707,253.99333808063909,-0.21646991727794784,3.3138883403519515,1.8565959256239921,-1.4572924147279593,-0.10039863263449433,1.8287714493126828,1.9291700819471771,-0.986410771243726,1.7659941270126183,2.7524048982563443,-1.0153897485659229,1.6648503829508741,2.680240131516797,-3.3903500637466379,1.4907890735176181,4.8811391372642561,60.983868901814276,61.642108920212195,-0.6582400183979189,61.670727955499387,-0.68685905368511158,75.073582232394983,52.991065346213873,226.26472549885511,199.13417660168477,141.27638128517131,140.1413040682562,156.76583794643719,155.94293655792313,196.55318156511098,191.8074737228078,238.32947227300664,237.77594282675136,264.53991628144257,265.23067252038464,-1.861828430963584,-1.0620185544858316,-0.10946975442359985,0.95254880006223175,-0.88144533076649623,-0.28953135108699257,0.59191397967950365,-5.2681900158661108,-0.58608082928083149,4.6821091865852793,-1.0884915877368257,-0.54047502919740964,0.54801655853941611,0.65741696622728796,-0.0087913150080112246,-0.66620828123529918,0.86328537477876921,1.6453585136856361,3.9246108388488494,4.3759068948377831,0.32925988180662102,0.78104669813200189,1.2825974850144064,4.2817792446223848,0.016635315557408603,0.073101839170902849,-2.6746066127767847,-4.0477670299739259,0.31367439363563887,0.38679387584963759,0.49230523496405154
5011,2004,101.57546463267903,30.725140544809879,6,5,26.54575850082016,-2.4285736083984375,142.8797548090206,160.19585559028565,-17.31610078126505,160.94872747538466,-18.068972666364061,150.37881092111661,178.38880749816235,387.33824591524899,198.13839078727622,129.58116535417099,123.17340112019865,160.09106724976795,155.58314847151462,201.40630193805052,196.11821667056711,237.39451684403332,234.55068880643114,262.6614621091137,261.25556294108901,-5.1157858605683373,-7.4232536476126825,-0.65930072326949585,6.7639529243431866,-5.6361636608101549,-1.1458754298671181,4.4902882309430368,-6.6442035309800644,-1.2774441750593155,5.3667593559207489,-4.0835559289921832,-1.1338704166930142,2.949685512299169,-2.3095265291833584,-0.85406769565548757,1.4554588335278709,57.856630134418083,70.292135691779549,-12.435505557361466,70.832808990509875,-12.976178856091792,59.256878572537971,98.104392171269865,179.41620956361294,205.14785330205754,146.03143970562098,145.41547272328657,176.95479528634411,172.96387668811138,208.15852183102959,206.71698133398078,234.84839534579811,237.57774425903352,260.20028059033115,261.30400742056139,-2.4205169235870585,-2.2887865027799421,-1.8007128338228426,0.48807366895709947,-5.5553974335243197,-1.973294962005042,3.5821024715192777,-3.1402780440367053,-1.8473784262496906,1.2928996177870147,0.97630032909896158,-1.5881960412294802,-2.5644963703284418,-0.24741871847481889,-1.2174577358118199,-0.97003901733700104,85.023124287172323,89.903717597341711,-4.8805933101693881,90.115918628209329,-5.0927943410370062,91.121931961148448,80.284415237485518,207.92203593440354,191.70328536497146,121.92616981734044,111.98381262569012,147.1539022590749,139.14862579977748,188.87626820142086,182.17651147319202,239.3932516415247,230.1486154004098,264.96592444613179,261.19488155370556,-7.7436680144849959,-10.111962350209211,-0.82980689315841971,9.2821554570507914,-8.8294199609158852,-0.77284286302884198,8.0565770978870432,-7.2081212430748565,-0.70011460344122156,6.5080066396336349,-9.9891260255195959,-0.34971712347538642,9.6394089020442095,-4.4304952800941351,-0.43801129732037225,3.9924839827737628,2.6952689369812788,5.3231510908979374,5.1344671448327404,7.823175847429269,0.080766227285835157,3.2740225273915655,3.5039254869433591,4.0678431990381512,5.0598562580911448,10.965426354618558,2.0621078107085395,4.1830765616193162,0.46320292781743494,0.39405071904460015,0.54994701487805209
5015,2004,102.57546920696089,30.725140544809879,6,5,26.54575850082016,-8.6521759033203125,122.9553884186389,129.97812393723143,-7.0227355185925262,130.28345964024993,-7.328071221611026,147.23729057821492,150.03844757705519,368.00175940617919,197.96842743356413,131.1044446777498,132.72541354413494,163.2179254688954,162.74522278927017,201.12702674240793,202.46717115486905,232.84325112814292,237.07736792077657,259.75437789125044,262.47270809474463,-2.3112863271396122,-1.9411992435746583,-3.5545800616880001,-1.6133808181133418,-4.7065736669810576,-4.3996803220659331,0.30689334491512454,-3.3561809976686447,-4.8312423876016624,-1.4750613899330176,-0.12292416219318625,-4.2587294200758095,-4.1358052578826232,-0.30347109063973221,-2.9663824916614203,-2.6629114010216881,63.801495243360478,67.595855971198034,-3.7943607278375566,67.760827202237124,-3.9593319588766462,69.972897849568653,84.726815843512668,171.67982076853514,203.58960132500644,147.60421821528126,152.51609060840428,177.16209026578343,178.75334483576037,205.24695749339014,211.29934486676865,231.86264255702258,238.94973327599081,258.54991696194702,261.70537928123355,-1.6309959046274969,-1.5316316944939956,-6.7908543150787182,-5.2592226205847226,-5.2083965227546685,-7.0768137923320182,-1.8684172695773498,-1.1850383217747265,-7.1658234414220487,-5.9807851196473223,0.64758968986313903,-6.32518440410567,-6.972774093968809,-2.6349686454723269,-5.0400809955028762,-2.4051123500305494,59.153893115673782,62.38226701235908,-3.228373896685298,62.522631572449427,-3.3687384567756453,77.264392669041627,65.311631688839043,196.32193857058883,191.8692673914511,123.00582788775304,122.03089306235529,147.94766928106941,145.64637667719856,192.21196507870062,187.62580300187915,234.21850020771981,233.95020069164386,261.34372147569405,263.39689244457333,-3.0346342493613463,-2.8715492595148646,-1.8287201190976532,1.0428291404172114,-4.7204813485265333,-2.5717694867568355,2.1487118617696979,-6.185305870120942,-1.4922592773592385,4.6930465927617036,-1.1084170553129411,-0.82006635322429133,0.28835070208864977,1.470556933592718,-0.59341229011323549,-2.0639692237059535,0.68029042251211536,1.4036383447338494,0.40956754908066273,1.339917565020869,-0.50182285577361085,-0.48791517422813513,2.1711426758939183,5.0002675483462156,0.77051385205632528,1.7560067451760801,-2.3314975548325947,-4.1055255790650449,0.46651902166327641,0.4752389668050695,0.56470069646648102
5046,2004,91.325417746290057,30.475139401239417,6,10,26.612983329166411,1.5500030517578125,74.480466247316144,78.638152590510799,-4.1576863431946549,78.818921299693102,-4.3384550523769576,93.378120433304503,103.33545285290165,265.40368833485991,209.46198377298589,152.81495460623677,153.63727886082299,179.65083228049235,175.68476424270415,211.34008073055267,206.62868384795701,239.73301248544612,235.6898162227549,260.5080022709671,258.18777167631396,-2.6124664951356351,1.7786854791237658,0.3437417210004412,-1.4349437581233246,-3.1822981967761166,0.47307530410500931,3.6553735008811259,-4.0735859268543777,0.68136598328408127,4.754951910138459,-3.6034754724631455,0.60604499824077607,4.2095204707039215,-2.2967948309307644,0.28651644828175904,2.5833112792125235,33.474145838503318,22.70107518149598,10.773070657007338,22.232680115860603,11.241465722642715,35.610912908438195,48.796258687166301,90.470771257765591,213.83344540884679,172.44792683937413,182.46081894724261,190.99023448789984,197.40935052014382,215.65385851707782,215.89631623175958,236.97556644660011,234.41475682685609,256.00964886045125,249.64986813599106,3.872963246553752,13.747189831328427,1.5214607085239322,-12.225729122804495,8.9928177052906619,1.467749831224836,-7.5250678740658259,1.6317040352400625,1.4513955018079514,-0.18030853343211106,-1.6190070820197775,1.3623656127597599,2.9813726947795374,-5.720859924247776,1.2172090678372172,6.9380689920849932,41.006320632330244,55.937077611670247,-14.930756979340003,56.586241393193632,-15.579920760863388,57.767207573853739,54.539193954138682,174.93291698861867,206.17648345259579,148.25544078669714,148.67202517503515,170.75021288602761,165.22872838062628,205.41159195152431,196.56697963797072,243.0751452649497,236.90579737873554,263.39316575486282,262.29384397827693,-4.2819730980422435,2.1146551867732626,0.30768732034817958,-1.806967866425083,-4.4174376196048684,0.27647247232462746,4.6939100919294958,-8.719504049347762,0.026530673568487373,8.7460347229162494,-6.2545969984818441,-0.097578063673296356,6.1570189348085478,-1.225544583542046,-0.0526453308004875,1.1728992527415585,6.4854297416893871,8.1549363445959955,11.968504352204661,11.632534644555165,12.175115902066779,13.41025532489553,5.7052899620944402,10.351208084587824,1.984468390443368,4.6355899164620666,-3.4240650933170116,-4.49531534070573,0.34087985673966442,0.38136249416021772,0.47221217249251263
5054,2004,97.575446335551632,30.475139401239417,6,10,26.612983329166411,2.4545440673828125,86.063382064950929,88.284232378575325,-2.2208503136243962,88.380790959112346,-2.3174088941614173,99.580434802005584,82.06909313640972,270.96992938127369,196.45291808855103,135.5269032911599,138.03919267327069,157.81473354037593,159.74625929868765,196.41363908145709,195.87661800732852,233.76926463598818,233.0084457018709,259.97681541287261,258.5333010850963,1.1817882144487726,3.4972051948615785,0.76394174737924914,-2.7332634474823294,2.6954576825788479,0.95516007559479021,-1.7402976069840577,0.38051159149563318,1.0021156552857065,0.62160406379007327,-0.13371516297050334,0.68214719518471156,0.81586235815521491,-0.87451547672691277,0.5181859863732825,1.3927014631001953,16.392597467391624,13.541006108551301,2.8515913588403237,13.417023841208447,2.9755736261831771,16.482552976100578,21.807803864630841,43.030974213383161,208.74180030144794,161.59092539103889,168.22797719383976,183.41456290006715,187.93384418035481,210.19773259298989,210.34680362033336,234.7927580685315,231.90996442727618,254.99688473131567,250.13099830882845,2.4649287108174747,8.7379864086959174,2.0486753881000084,-6.689311020595909,6.6657245888248156,2.1505163968781744,-4.5152081919466411,1.8233204849121591,2.1206078712577892,0.29728738634563001,-1.4192509379870728,1.9378288567244226,3.3570797947114954,-3.8141268975140008,1.5939108403521516,5.4080377378661524,69.670784828918841,74.743226013401909,-5.0724411844830684,74.963766840877724,-5.292982011958884,83.097881997659897,60.261289079757262,227.93895509745926,193.17063280674307,131.80718775899655,134.76344626140926,152.63866783781683,153.38872795698529,189.14914956537029,189.05036376698845,233.03467678446677,233.471042804793,261.5474663483497,260.37303261193796,1.230220407139484,3.7806917463108505,0.68984401080174962,-3.0908477355091009,1.9908703835687334,0.85317546128720778,-1.1376949222815256,0.62909380348048671,0.56675600974463691,-0.0623377937358498,0.57168065094452913,0.14544614870894179,-0.42623450223558734,-0.77326725986443989,0.34449941413981833,1.1177666740042582,1.2831404963687021,1.2347083036779907,5.2407812138343388,4.9572946623850669,3.9702669062459677,4.6748542052560822,1.442808893416526,1.1942266814316724,-1.2855357750165695,-1.9909315889316019,-2.939611420787088,-3.0408596376495609,0.15880350381180328,0.16551999405176943,0.26572492799918451
5055,2004,97.82544747912209,30.475139401239417,6,10,26.612983329166411,5.4782562255859375,101.76310026815554,109.65883941157881,-7.8957391434232704,110.00213232485839,-8.2390320567028539,113.88200010422588,99.967099778263218,388.21791292633861,204.4352273877092,147.33657496961163,145.51475211535038,169.25017322255022,168.46442802674613,205.12905537158588,201.37348156721535,237.44621418476544,233.98744941304045,261.32850076633059,258.6685891379575,-1.2258827290733052,-0.47654470306224539,1.1078849923962366,1.584429695458482,0.56341143137950667,1.3857143309622586,0.82230289958275193,-1.8730946555536718,2.0394457856067163,3.9125404411603881,-1.7235792486844446,1.7694376750028766,3.4930169236873212,-1.5917630185767848,1.1102712001782606,2.7020342187550455,30.801566229305536,36.988079326514708,-6.186513097209172,37.257058223589411,-6.4554919942838751,31.830695258344235,44.570431517627071,85.146652147115674,214.25555862631501,174.68674113831599,168.82260247906962,191.9567375524141,186.67307837788161,217.45164816738904,208.39118516818561,237.1209880389211,230.09660068878117,255.21983061730646,248.60684144156565,-1.1125438243081192,-0.66277760647625428,5.0926762163576882,5.7554538228339425,0.066624132915563905,5.1045584239533355,5.0379342910377716,-4.1693690786678417,5.0242832469893131,9.1936523256571547,-2.4914296724168992,4.7429618903747155,7.2343915627916147,-3.1328271559129632,4.2202498834435005,7.3530770393564637,70.961533840478296,72.670759622966216,-1.7092257824879198,72.745074786560508,-1.783540946082212,82.051304634309417,55.39666821447463,303.07126047369093,198.97654837866591,143.45415193400589,140.6252900834985,160.02996042992686,157.50538202778509,194.27257622112666,192.52946274109385,237.83524249624631,238.03793857294662,264.83378301397198,263.6007831805714,-1.4295452076505057,-1.7853760389872946,1.0357417969678977,2.8211178359551923,-2.3195031976494249,0.09982360518242217,2.4193268028318471,-2.8132992790899891,-1.3358288359210633,1.4774704431689258,-1.1441814631425302,-1.2844485628702387,-0.14026709972770846,-1.3218548282875417,-0.065695015231256093,1.2561598130562857,0.11333890476518604,0.31700138334238659,-0.18623290341400889,1.1225984325110403,-0.49678729846394276,2.3861273305649888,-2.2962744231141698,-1.3560697995778526,-0.7678504237324546,-1.3472482092743689,-1.5410641373361784,-1.8109723276254215,0.21932695352795739,0.27950593798152895,0.44585100114426285
5057,2004,98.32544976626302,30.475139401239417,6,10,26.612983329166411,9.1363677978515625,113.28724007771234,121.73982442006672,-8.4525843423543847,122.10732679172543,-8.8200867140130867,122.24997613629603,123.4535426862858,428.52470849640667,206.51735856605163,150.16499508933214,147.98489092256688,175.35051273697707,169.34966656035644,207.31263499720055,200.69948129020193,238.81589231718993,233.58402547798514,261.51030134105042,259.18727254098832,-1.7799167076046842,-1.0596187343364534,0.82273023546852642,1.8823489698049798,-3.1326738862024683,2.8276093322241138,5.9602832184265822,-3.1890466729753086,3.5164789427685719,6.7055256157438805,-1.9093358460194452,3.4080886114250575,5.3174244574445027,-0.5947014934720869,1.7442914091310513,2.3389929026031382,48.320349581939809,49.319962650590242,-0.99961306865043298,49.363424985136589,-1.0430754031967808,48.439866412113432,71.549095458894044,136.88312044304621,214.79910329242105,172.95100392623345,163.05936176754105,190.78865344791001,180.12239724055405,216.86904608706485,203.57029766884779,238.8136973794216,227.1547879599749,257.41407567556286,246.30907547459202,-2.9050673203568067,-1.3321925698066366,8.1148205387660255,9.4470131085726621,-2.0612450239283078,8.2892589811702351,10.350504005098543,-5.1121463871308492,8.250599853781722,13.362746240912571,-3.8519096341012187,7.9658004673864298,11.817710101487648,-4.2092635934018574,7.2759228624804848,11.485186455882342,64.966890331859759,72.419860851699923,-7.4529705198401643,72.743901565460874,-7.7770112336011152,73.810109497320809,51.904447249743498,291.64158778823912,198.61280110656097,143.80594205633747,141.46243747215314,157.01747018828777,158.52483285056982,192.50975003216888,196.10815730739418,238.81950706826265,242.39493191360876,266.48166945735142,266.4284162977969,0.59356270794953048,-1.2106740981455744,1.0653389534563757,2.2760130516019501,1.4878174244025217,-0.1911863295495948,-1.6790037539521165,0.24886874239481926,-3.4313262881583739,-3.6801950305531932,0.65014360745681188,-2.7314042759568906,-3.3815478834137025,-0.23786626500697139,-0.053988049562576634,0.18387821544439475,-1.1251506127521225,-3.4986300283063372,-0.27257383547018321,-0.12151847166106222,1.0714288622741606,-3.5490624483308295,-1.9230997141555406,-5.3610151295256685,-1.9425737880817735,-4.5020532415580305,-3.6145620999297705,-3.971397328394886,0.31942876975131068,0.3962362034173979,0.57956291817976546
5058,2004,98.575450909833478,30.475139401239417,6,10,26.612983329166411,3.2272796630859375,108.07803431153297,116.10074973106384,-8.0227154195308685,116.44956314563751,-8.371528834104538,125.07501239994235,111.84784594248049,376.89706019312143,204.55161312964091,145.61101162196556,143.6826516128763,168.17030423087058,167.93292930281214,205.04715867282405,202.10073278669461,238.90522669368539,237.45410524255729,264.40709032634624,264.10979652718817,-0.66607198950146085,-1.5426114506174144,0.40243304652682355,1.945044497144238,0.50610531551797067,0.74077140481938386,0.23466608930141319,-1.890892499110862,1.1450007996296847,3.0358932987405467,-0.42101744459509405,1.0872942424088592,1.5083116870039532,0.14439734033453533,0.49825279540425527,0.35385545506971994,44.172848716378212,43.367456831037998,0.80539188534021378,43.332439102232456,0.84040961414575577,45.045574960531667,56.890148190724176,111.566013355623,213.86230191330768,168.09402459561554,168.59694591027986,188.10284535930745,185.77026966440641,214.47137591161692,208.51952130465989,238.90193921751896,231.45101204023996,259.60713118785509,250.69824553185444,-1.971494715522141,4.1872325760169247,3.0768536868160368,-1.1103788892008879,1.1444181143896515,3.0905557230117608,1.9461376086221094,-2.7513895614129638,3.0825012243294054,5.8338907857423692,-4.6604909795241269,3.0223064479368986,7.6827974274610256,-6.939637888111605,2.9050033339917718,9.8446412221033768,63.905185550451279,72.733293324708939,-8.8281077742576599,73.117123305797577,-9.2119377553462982,80.029437377244903,54.957697879093757,265.33104700967669,197.52063364640671,137.45139711137202,138.1047504128567,154.08753357101986,155.01200183790016,191.76518241832494,193.20445991129574,238.9090954214777,243.89947575344428,268.9076730114686,271.17877705372507,1.47532057709833,0.56405568559191011,-0.10542713986075114,-0.66948282545266125,0.77306699694750591,-0.43650768977164489,-1.2095746867191508,0.12986634300131072,-1.2581347081759304,-1.3880010511772412,4.0785331736059334,-0.83278398006379462,-4.911317153669728,2.0709190481005635,-0.19823740742396012,-2.2691564555245236,-1.3054227260206801,-3.4468152926204709,5.7298440266343391,3.6231768904250146,0.6383127988716808,0.37135111744214555,-0.86049706230210177,-2.8812559044142745,-4.2394735349290329,-8.7390241531300603,-7.0840352284461403,-9.0105569362121685,0.29601189592313815,0.36014847487276708,0.50863874678445598
5062,2004,99.575455484115338,30.475139401239417,6,10,26.612983329166411,5.304351806640625,84.789267460495466,94.14962084752915,-9.3603533870336832,94.556592408349388,-9.7673249478539219,92.71432357271442,102.46772971119208,239.76777863502502,205.08853944776013,151.7167394872109,146.49651293243033,175.48396953480619,169.3403015706719,205.55826452919905,200.87419903487944,236.02577474776552,233.31966250770046,260.1575553529359,257.95633039909922,-0.85928472798991606,-1.8903039377141795,2.5364491147876436,4.426753052501823,-3.1521284323374914,2.8921196311032702,6.0442480634407616,-1.5627047586434344,3.1004727630131299,4.6631775216565643,-0.069921445357380207,2.6618460934321604,2.7317675387895406,-0.1919769885340088,2.0502665892261689,2.2422435777601777,35.274770903008175,33.975262135812955,1.2995087671952206,33.918761460648966,1.3560094423592091,36.241979064958286,47.763819379193592,88.829281457816251,208.32493390425768,160.32388758049581,163.93612151942366,183.18419284757326,181.65176578769859,208.85879432846801,205.47817260387606,234.10825709222343,228.72174829215294,255.47736769603719,248.07725847880363,1.9119736637479718,8.6336248502674096,5.026206083962137,-3.6074187663052726,3.8431239058632514,5.0437273147152837,1.2006034088520323,1.3771541896861379,4.9045818203576346,3.5274276306714967,-0.83394243113568223,4.7273581876316086,5.5613006187672909,-3.8002202448939784,4.2495910258990648,8.0498112707930431,49.514496617091936,60.174358839023625,-10.659862221931689,60.637831581647333,-11.123334964555397,56.472344537558456,54.70391051081242,150.93849720805883,202.64309014309157,148.57039676041649,141.18181470512846,166.97128005099484,159.6368383419198,201.52304995072066,195.46056066139721,238.01802224609065,237.89085342302562,263.25932743161883,263.54824494729326,-2.2652124753032581,-4.5980706624968377,1.8859151517448822,6.4839858142417199,-5.6766913630649753,1.8518558431850067,7.5285472062499821,-4.7871979020908952,1.0521007998094944,5.8392987019003897,0.51635391402894015,0.79549848992226657,0.27914457589332642,1.0568686307253756,0.90899160449390592,-0.1478770262314697,2.7712583917378879,4.1771861390512299,10.523928787981589,13.231695512764247,6.9952523382007428,9.5198152689282267,2.9398589483295723,6.1643520917770331,-0.76402098577830202,-1.3502963451646224,-3.6082432563599696,-4.857088875619354,0.37048047891802993,0.39089946049743068,0.46613523607693019
5063,2004,99.825456627685796,30.475139401239417,6,10,26.612983329166411,7.1904754638671875,111.16927533925627,121.00364382937551,-9.8343684901192319,121.4312265572662,-10.261951218009926,122.685077065722,110.85918273955031,325.75316569209099,204.39695824109654,146.88386440807767,143.41741121710604,170.40112208754212,167.232324732362,205.53001481316167,199.89280001576421,237.51955171787947,233.69657187824757,261.5980775479764,258.8783003295116,-0.96155307032358905,-1.7990388209254036,1.7160738547688652,3.5151126756942688,-0.63958369977947882,2.6545050750141286,3.2940887747936074,-2.2440600348264752,3.4249264736576208,5.668986508484096,-0.53063389941883088,3.3872647580019191,3.9178986574207499,0.066744060538439953,2.788446920703052,2.721702860164612,49.827199636783917,50.626561364944791,-0.79936172816087492,50.661316475670901,-0.83411683888698462,50.086914843705017,60.391420597574324,114.50635022670031,212.96000075655061,165.4019137636574,163.64534190723185,187.62691991841047,181.11729531082602,213.34399027211776,205.9888755697265,238.76573553129549,231.0403841348392,260.21757334254443,251.01468562676001,0.02187177454024436,5.2027668683519153,6.975203035352763,1.7724361670008477,0.68510361497195049,6.9231010678403493,6.2379974528683988,-0.64352542918848599,6.7676863214233833,7.4112117506118693,-1.6294353054829571,6.4706966747325225,8.1001319802154796,-3.9030275143442168,6.0791115768244026,9.9821390911686194,61.34207561306539,70.377083204344672,-9.0350075912792818,70.769910734408768,-9.427835121343378,72.598162020851305,50.467762201580626,211.24681524187326,196.70977209677815,134.91069023771067,136.43336357235489,155.47900493297746,152.7841973039491,193.46365946765803,190.05725387738721,236.07672482183523,237.47859949075115,263.48267437547332,265.98583506278197,-1.25396291694301,2.0547428490712605,0.2500747638473797,-1.8046680852238808,-2.677466174698111,-0.26443572009011973,2.4130304546079913,-4.7790265071501778,-1.5196500394029044,3.2593764677472734,0.19251157688685794,-0.98843783430584153,-1.1809494111926995,2.4984700564985474,-0.029509449377485453,-2.5279795058760328,0.98342484486383341,1.2758346914832543,7.0018056892773188,3.1480240192806548,1.3246873147514293,3.3625697896700615,1.6005346056379892,4.1355010779616919,-1.0988014060641262,-1.8219468823698151,-3.9697715748826568,-6.4014975708427642,0.35151262454632354,0.40825596756868499,0.5447579452164677
5064,2004,100.07545777125625,30.475139401239417,6,10,26.612983329166411,3.13043212890625,104.24881493307475,112.33003389563964,-8.0812189625648898,112.68139188746136,-8.4325769543866045,125.1312812244505,132.51421300805669,371.42977988347411,200.20858441214978,137.98645326349896,139.55300281347778,165.24501539084824,164.28673211667802,201.39307275270448,198.10911552193457,234.80469055823858,232.64193713512827,259.628667169229,257.6448888110973,-0.67793572047563089,2.1245758873245393,0.64143621863615863,-1.4831396686883807,0.10246292185320272,0.97527154424452078,0.87280862239131807,-1.9579368900817542,1.4095649002265702,3.3675017903083244,-1.0122414095948216,1.2598479680524406,2.2720893776472622,-1.0794318473344902,0.93989647229608408,2.0193283196305742,43.206335976305127,43.211386813600257,-0.0050508372951298952,43.211605421674903,-0.005269445369776804,44.050247886662419,70.215030187279808,120.69772470393218,209.8564476684688,164.28128104489548,165.73901334630102,185.43205362037455,183.24951319994057,209.01280685378677,207.57382988521687,234.99119276604489,232.32741613012169,256.6749846447828,251.70294283391277,0.7417965245126652,4.4699388992357001,2.9727668475172493,-1.4971720517184508,0.84439494239381929,2.9627930178431541,2.1183980754493348,1.3049703472540273,2.8628250273439164,1.5578546800898891,-0.32178841722671336,2.7088073467202776,3.0305957639469909,-3.0968902172151331,2.4313894912865806,5.5282797085017137,61.042479217539949,69.118647841027268,-8.0761686234873196,69.469786182016833,-8.4273069644768839,81.081033684888098,62.299182822072908,250.7320555485785,192.51982633929399,129.92832621354657,131.57056350285075,149.81666763169227,147.91305471170222,188.33965448045879,184.25498310065132,234.54907116894947,233.09808523660439,262.84654990635636,262.24017028789075,-1.4362882382194471,2.1812272543823497,0.3191163262862915,-1.8621109280960582,-0.91004535038970857,0.57788819960398996,1.4879335499936985,-4.4731485535069737,-0.51283563377177188,3.9603129197352018,-2.4120188889940835,-0.8263040305459981,1.5857148584480854,-0.80664884676195925,-0.047899056091011971,0.75874979067094728,1.4197322449882961,2.1780847627321123,2.3453630119111608,2.2887116448533504,0.74193202054061658,1.7544402927835279,3.2629072373357815,5.778118900761001,0.6904529923681082,2.0902304717673701,-2.017458369880643,-2.2902413704531739,0.32495435541489909,0.35203226128284104,0.5298679182663284
5065,2004,100.32545891482673,30.475139401239417,6,10,26.612983329166411,-15,128.57356757442903,131.1186190317494,-2.5450514573203691,131.22927452918884,-2.6557069547598076,157.33936414639902,155.09790375598095,401.10084426403046,194.85384193187957,123.32782790561157,122.20094270230544,154.40689025555935,157.81397326302417,197.38314197269258,202.67408255563325,234.87689861038061,241.57527228888583,263.82655718474047,267.85537499589498,-1.5969614136328971,-4.4009384229220387,-3.3154023359199698,1.0855360870020689,-2.34902219073129,-5.7005803344103469,-3.3515581436790569,-1.943863651813956,-7.2088977380189192,-5.2650340862049632,-0.12260979615535916,-6.8404269588191937,-6.7178171626638346,-0.40670042606274137,-4.3756938544337345,-3.9689934283709931,43.88203721645823,46.985861088103775,-3.1038238716455453,47.120809505939178,-3.2387722894809485,47.852282175455002,73.541859169222334,131.16548094669997,205.1367140273689,145.11262958420267,163.64913701938033,178.84578199005827,193.39793349544453,208.47906778448879,222.44476798541595,234.22099802407109,248.48285968974997,259.70058345471813,268.89045402999545,2.4743666886588187,6.4806307341210356,-11.843179812523488,-18.323810546644523,1.6584908479977969,-12.876966316429133,-14.53545716442693,1.618760799660464,-12.528087386996418,-14.146848186656882,2.9148936507927203,-11.127132640930824,-14.042026291723545,0.52542948712300586,-8.4181059682953219,-8.9435354554183277,84.691530140727991,84.132759686300233,0.55877045442775852,84.108464365246618,0.58306577548137284,109.48708158978843,81.556044585973723,269.9353629052639,188.31981778430449,118.14270679244478,112.95324385920536,143.95524368329268,139.35590575820135,183.76149978652569,181.47849568485287,235.5855090095439,231.69376047140256,266.74795701053387,266.88658216272853,-4.5868468008992522,-7.5430337136936885,-2.8877153228770425,4.655318390816646,-8.0180100008957709,-3.5976138646127538,4.4203961362830171,-5.7192297645354415,-3.3159539662430575,2.403275798292384,-4.0734140973437718,-0.091722648052524391,3.9816914492912474,-1.284359539525326,-1.2265739474777888,0.057785592047537193,4.0713281022917158,7.0612134895580709,10.881569157043074,14.023664447814724,4.0075130387290869,9.6765008488935678,3.5626244514744201,7.3379905641959056,3.0375034469480795,6.9883077481364921,0.93212991318574723,1.8097890266483319,0.32701372440981047,0.30413420338301389,0.47416410788457469
5067,2004,101.57546463267903,30.475139401239417,6,10,26.612983329166411,6.31817626953125,130.44160176844161,138.85146841350797,-8.4098666450663586,139.2171166620974,-8.7755148936557816,147.13792349786672,147.4596967784164,368.54762352257967,203.0185151623194,141.15751978317996,140.18800089094643,167.48346946950275,164.81431680698947,203.6592262812641,198.8767005534425,237.65735604386089,234.68027426820737,264.68006427783416,262.29445593282458,-0.32393464538199623,0.51310453071621964,1.350104281006935,0.83699975029071538,-0.030553459716259113,2.7493676132971245,2.7799210730133836,-1.6674152421865642,3.3273683808573082,4.9947836230438725,-0.0017756656977496732,3.1967989544604336,3.1985746201581833,0.014947853772866893,2.4960191267826985,2.4810712730098317,57.400998461282143,61.986785373152088,-4.5857869118699455,62.186168872405688,-4.7851704111235449,58.371883983483713,77.196512126729431,141.29071557382122,210.65381571700351,161.09758814572336,157.77544750921089,183.82171671503733,176.91413955772296,210.99938907712877,203.36226300887105,236.67970572467505,230.64278067299881,261.45249130039952,253.9563002995443,-0.96076577110531503,2.3069751166579806,5.6464347285846088,3.3394596119266282,-1.1630225940896821,5.7702656024188741,6.9332881965085562,-1.8377079842039734,5.8186661362295808,7.6563741204335543,-0.87555523072572328,5.5958124537215213,6.4713676844472445,-3.6052175925301526,5.2990010941063019,8.9042186866364545,73.04060315814786,76.864682931984134,-3.8240797738362744,77.030947247831136,-3.9903440896832763,88.766039350808569,70.263184508094128,227.25690747052431,196.5096143121458,130.09374384771309,131.88356706594692,151.93903836325816,150.89831329387673,193.42718187143475,191.33758847004736,239.11054901219921,240.27466035762765,267.65055530927054,269.35849923367647,-0.098202346930747808,2.3044646553972825,0.41768846055381914,-1.8867761948434634,-0.74123045921265884,-0.23874866356973712,0.50248179564292172,-2.4497345385160259,-0.60429127072760025,1.8454432677884256,0.60029173741867226,-0.00018159490937819101,-0.60047333232805045,2.1217027079589457,0.63982481316736539,-1.4818778947915803,-0.63683112572331879,-0.86256342417456722,1.793870585941761,0.0025104612606980936,-1.132469134373423,-0.42179213487702327,-0.17029274201740918,0.61202655431205244,-0.8737795650279736,-1.4758469681443955,-3.6201654463030195,-5.7269203004890983,0.38337166367636288,0.39671542587951514,0.52350922871305294
5070,2004,102.32546806339042,30.475139401239417,6,5,26.612983329166411,2.8499984741210938,143.69970340064174,154.98630727316049,-11.286603872518754,155.47702751302859,-11.77732411238685,154.03057346670357,205.22000503302843,431.5603301115334,194.4484018219471,123.13806750369832,119.9929777634657,155.76371135780909,151.15947316739965,198.513794677135,193.18734975147311,232.09383582281026,231.19073464856839,260.20017147676327,259.04052744661277,-1.9996095243700438,-2.1087775194353782,1.0325689913707379,3.141346510806116,-3.0480947517695256,1.3470845412927304,4.395179293062256,-3.7041267368852573,1.6311957017490215,5.3353224386342788,0.44927789554918718,1.5208406927232545,1.0715627971740673,-0.10628645986656693,1.1385863840478692,1.2448728439144361,62.974708217967418,71.492607919204602,-8.5178997012371838,71.862951487099053,-8.8882432691316353,64.692700968387726,117.8307071389936,201.43746107816696,201.49689290729822,141.46790139276095,136.10526164299088,173.15856625636982,164.58185126597161,203.8274507222846,199.74422851903446,231.55996340916144,231.00568568644005,258.8549447895133,256.19927412724883,-2.1299863057700463,-3.2439053969236795,2.0760616162360748,5.3199670131597543,-6.23592533808187,2.2690915567177115,8.5050168947995815,-1.7740599370730195,2.2950682309298998,4.0691281680029192,1.451126379105915,2.129944050985614,0.67881767187969899,-1.3690211896146707,1.8949169650205135,3.2639381546351842,80.724995301883609,83.493699443364676,-2.7687041414810665,83.61407649382636,-2.8890811919427506,89.337872587722813,87.38929781952902,230.12286886945367,187.16873665562639,115.6649216611692,110.56628086857138,139.57320469051044,136.36403972615338,186.3562118306308,183.02711562390576,232.85176183260322,231.44899407732854,261.99470120241739,262.26805907996317,-1.9055356514114976,-4.0130542814000449,0.72808291075517673,4.7411371921552217,-2.5285113121163363,0.77026412742642947,3.2987754395427658,-2.498955123313209,0.67353486331185763,3.1724899866250666,-0.86806497341288491,0.6193654937789006,1.4874304671917855,0.67491368947389674,0.50348186998559186,-0.17143181948830488,-0.13037678140000253,-0.22445065435854872,-1.1351278774883014,0.76914888447636542,-3.1878305863123444,-3.7074140259655337,1.9300667998122378,0.72489518624018956,1.0018484835567278,2.3191913525187999,-1.2627347297481037,-2.0439348790885674,0.46676547176175121,0.41999909181908096,0.57416774314974672
5114,2004,97.82544747912209,30.225138257668952,6,10,26.679701192245485,-19.4761962890625,73.210666650997155,74.440355632399587,-1.2296889814024325,74.493821025633224,-1.2831543746360694,118.87147396945147,103.8188539064904,365.82203316316009,197.4196339727807,134.98957363616412,142.97709986426196,161.94244069525419,168.06266383650268,199.54593469552714,204.78744157805602,232.84810107583141,238.50885400490222,255.07354789204447,259.4117474763251,-0.04724893938509922,3.6755993242825866,-4.79105180933729,-8.4666511336198766,0.089010340314160885,-5.8693806748002544,-5.9583910151144153,-1.6863261843429598,-6.8499540698969099,-5.1636278855539501,-0.59069722627009469,-6.1962292070894875,-5.6055319808193929,0.74523994194402121,-3.6320212396290117,-4.3772611815730329,22.313720144078616,20.963599024704308,1.3501211193743075,20.904898035265433,1.4088221088131831,24.852663996376577,43.72302125535839,75.980969038777403,213.58349064969275,174.69439504249956,191.14648721807299,192.53473193304004,209.92061990378647,216.45019571662559,230.79889514075595,236.36840780516468,249.64073073354572,252.28229055278021,263.04496347731254,0.088363312463570765,0.12846289688627621,-17.356996863344591,-17.485459760230867,1.05027614979997,-16.886802501001057,-17.937078650801027,-1.7865737112815054,-15.965103253969602,-14.178529542688096,-0.83611250668096204,-13.873457056464048,-13.037344549783086,-0.76673076825511544,-10.718241953448086,-9.9515111851929703,50.896946694956569,53.476756189045773,-2.5798094940892042,53.588922647641084,-2.6919759526845155,94.018810350171407,60.095832490413159,289.84106409177184,190.2272766951144,129.88336727575961,137.01350471256589,150.76274935533496,158.76379500264048,185.85771072976354,189.95967172675034,229.2565699822357,228.96720119704156,256.3219822870102,256.64784206082714,0.9648605290605019,4.0521784950844051,-3.5231997162514403,-7.5753782113358454,1.0708241674461192,-7.2792099986609742,-8.3500341661070934,-0.023190044085481532,-4.479769610892987,-4.4565795668075054,0.16284455647226537,0.72442962696678137,0.561585070494516,1.017386268470716,0.82172681688604143,-0.19565945158467457,0.13561225184866998,-0.87649721659693114,-3.5471364273963104,-3.9237155981981289,0.96126580948580909,-0.020548017646149219,-0.10024752693854566,-1.7633836671960239,-0.24541528041086735,-0.99895706315322741,-1.5119707101991366,-1.7841170367258314,0.20769926945567319,0.20907172399295235,0.42114721565641339
5115,2004,98.075448622692562,30.225138257668952,6,10,26.679701192245485,6.9565277099609375,119.64373872603755,125.50014759222904,-5.8564088661914866,125.75477615787531,-6.111037431837758,130.93613441272646,118.54897620841075,429.57679450698197,205.57632056616416,149.18167403693326,146.29423351024676,172.13270442190571,168.88371323552741,206.38006893675964,201.92110424605224,237.63312167140606,234.65926378018415,261.6356996477075,259.57117144929924,-1.1230676062974112,-1.4436813430347399,1.2411023949485411,2.6847837379832811,-1.3083694404963069,1.9090482283737344,3.2174176688700413,-1.8874997714582094,2.7313583229349945,4.6188580943932038,-0.330941468776075,2.6788575061068229,3.0097989748828979,-0.56536130933113782,1.5038681590575038,2.0692294683886416,39.67260929351869,41.224027098689476,-1.5514178051707859,41.291480435600533,-1.6188711420818436,40.355156721571973,57.54498501254966,113.62846608785912,215.65283749601011,176.37262174648043,168.58959638565722,193.5081528173431,187.30643782901325,218.09460269186334,209.49442489342482,237.93436284360172,231.50081859259905,257.37450825027094,249.750977505392,-0.57227304347603081,-1.660845295919728,5.9725800122472208,7.6334253081669488,0.40982257734154359,6.2650776607156047,5.8552550833740611,-2.3081209804352341,6.2707222635222024,8.5788432439574365,-0.48024194327405212,6.0451715942364217,6.5254135375104738,-2.9378324363484296,5.3205150284103127,8.2583474647587423,79.971129302133704,84.276120258520677,-4.3049909563869733,84.463295275239943,-4.4921659731062391,90.580977638757759,61.003991180959929,315.94832815416157,199.06846920391931,144.58151562848107,140.88495629062714,160.31253035460225,157.72774686240936,193.9023409138259,192.03731888697209,237.18307808958917,238.39156077005489,265.1402617453935,264.97555150320142,-1.0275623708788544,-1.9781655188766649,1.5487193408336282,3.5268848597102931,-1.6543177698828231,0.86186713513558288,2.516184905018406,-2.721004416532935,-1.1081826984389522,1.6128217180939828,-0.28148268350042827,-1.3111984659703921,-1.0297157824699639,-0.22748193692984842,0.10729011933364063,0.33477205626348905,0.5507945628213804,0.45528932740282357,-0.21716395288498802,0.31732022295693696,1.7181920178378505,2.0641403472243667,-0.42062120897702471,0.41288343609770095,-0.14930047449797712,-0.19875925977362385,-2.3724711270172918,-2.7103504994185812,0.26451257968500974,0.30820488860903483,0.48541106682680057
5116,2004,98.32544976626302,30.225138257668952,6,10,26.679701192245485,6.25,110.11338835918286,118.31983334096731,-8.2064449817844434,118.6766346704153,-8.5632463112324331,123.15072682463506,112.83352282781561,400.62744819186628,209.44199212858774,154.20060834598104,153.68757177197244,178.57701690830842,174.38279159598639,210.76099220641007,205.12744614557471,240.47103185228809,236.70530813413095,262.45080781637705,261.69266390065093,-1.7477678339310785,-0.72749073512304108,-0.21849366036195761,0.50899707476108347,-2.7295602703237023,1.4400238534236109,4.1695841237473132,-3.6468610505684467,1.9939388571326617,5.6407999077011084,-1.6787275287134662,2.1316428774852625,3.8103704061987287,-0.15477460215214478,0.68527502082764613,0.84004962297979091,45.85504047728864,53.623910293523295,-7.7688698162346554,53.961686906563045,-8.1066464292744058,46.348541434554136,62.949430837128148,127.99639694858342,218.06991174002519,178.6790732868111,168.55386603045875,197.5978293864998,185.01384072574402,219.59121530020028,207.48781204233038,240.2236454132952,230.03851198293819,257.88867327209238,248.11766624256904,-4.871195279917373,-4.4228764771744125,5.5743797991546273,9.9972562763290398,-6.6575842712909434,5.7064874655533799,12.364071736844323,-6.5665591726798311,5.70383770640791,12.270396879087741,-4.9315785995348449,5.5060524569527161,10.437631056487561,-5.4030523791172698,5.1190701031980836,10.522122482315353,64.258347844641321,64.695922684848483,-0.4375748402071622,64.714947758885501,-0.45659991424417967,76.802185347240084,49.884091978890865,272.6310510430485,201.99829629415177,148.09772143289612,147.28220780189449,161.85757427924423,163.45095820262517,195.95713191888609,201.1864797257183,240.7772326530511,246.16473679430166,267.73405458208663,269.29990581255862,1.3991208364782892,-0.72236109174187391,-0.046177764450249015,0.67618332729162489,1.1279352233468671,-0.71405899338304835,-1.8419942167299155,1.5173128269893255,-3.8325339277946853,-5.3498467547840107,2.7436050352025632,-2.7251948464173665,-5.4687998816199297,1.289030860478249,-0.20311479897941354,-1.4921456594576625,-3.1234274459862945,-6.2703161163956622,-3.6953857420513714,-3.7005153854325386,-3.9280240009672411,-7.7855194946378106,-2.9196981221113845,-8.0838719996691566,-3.2528510708213787,-7.6751836347374081,-5.248277776965125,-6.6920832395955188,0.31948983407468401,0.37635621510016598,0.55789652985655003
5117,2004,98.575450909833478,30.225138257668952,6,10,26.679701192245485,5.857147216796875,122.99505802179556,129.63200409967976,-6.636946077884204,129.92056688451885,-6.9255088627232908,135.41434014380866,116.8488020691475,392.3386654406786,205.5575050456944,147.16084648914202,143.95984608676213,169.97298251021778,168.02168065125102,206.6675887730506,201.84243368694464,238.58161527204263,236.08873813512815,263.6390954694761,262.44972327921647,-1.3094089687093913,-2.2903935739775534,0.969070046423127,3.2594636204006804,-0.3363091083687948,1.6380802625673709,1.9743893709361657,-2.6951354010037107,2.2509942351844643,4.946129636188175,-0.21057785700870113,2.3015204663139173,2.5120983233226184,-0.096537004498884471,1.1244463891737837,1.2209833936726682,47.013266560194097,46.20294691124036,0.81031964895373676,46.167715465109723,0.84555109508437454,47.617780837197643,55.655864545589793,120.10110092163086,214.3046514327074,174.19970873951695,167.71726065267461,191.01942652910134,185.5562711242606,215.16773389907598,208.29197717422463,237.11956336337786,231.04966157903942,257.48607638683478,249.55102843796683,-1.2092493301339857,-1.2219344615581633,5.1645325112165494,6.3864669727747128,0.29407345616471048,5.3178950261577143,5.0238215699930038,-1.5969009212227832,5.3144543643749103,6.9113552855976934,-1.5429948933110609,5.0388910020106721,6.581885895321733,-4.1671972210113779,4.5015424896157867,8.6687397106271646,75.981791466258073,83.429059417226199,-7.4472679509681257,83.752851272526641,-7.7710598062685676,87.796559256452383,61.192937805970359,272.2375648394227,199.494328174511,138.90299151780829,138.39401289884634,155.73206118464921,156.23861525484963,195.03287022948479,193.15381885170851,240.57572517090446,241.88453469133339,268.6433198769775,268.77050320681718,-0.63417211408454932,0.29344250816771478,0.74844094187230326,0.45499843370458848,0.86605249023367037,0.28332342576200631,-0.58272906447166406,-2.9535196939856689,-1.3067663729792116,1.6467533210064573,0.49037329697543441,-0.71632570200682721,-1.2066989989822616,0.51027805049210428,0.50471313023876974,-0.0055649202533345488,0.10015963857540555,-0.5750772160494364,1.0684591124193901,-1.5153769697258781,0.63038256453350527,-0.57197903406895989,1.0982344797809276,1.3566187727628858,-1.3324170363023597,-2.0333681902864953,-4.0706602165124934,-4.6774752715034822,0.30611589297917435,0.35164503838092803,0.47630667632051871
5118,2004,98.82545205340395,30.225138257668952,6,10,26.679701192245485,-15.6842041015625,80.442874824791943,88.33915178679672,-7.8962769620047766,88.682468747261737,-8.2395939224697941,124.97744002289619,116.40019656157165,331.33100697398186,200.68279512089558,143.15379770706602,147.7811730954104,165.86600502926643,172.98334818367428,201.46100743209212,207.27540024401631,234.78784327555866,239.84898366003162,258.18639660279223,260.79875514566203,0.18489521609831172,0.50852935184229864,-4.1520845280001026,-4.6606138798424013,1.1994997193162646,-5.8494116514545453,-7.04891137077081,-0.5140549792581055,-6.3580549187026065,-5.843999939444501,-0.010814968882300491,-5.0726881873010541,-5.0618732184187536,-0.19762950045412708,-2.7265037008389186,-2.5288742003847915,29.764039320403754,38.072673222635785,-8.3086339022320317,38.433918306323903,-8.6698789859201497,39.468762335831343,49.828785783246531,129.11973255127668,207.73611300848779,154.08924150993241,166.94213155666807,181.21475141490868,192.24707540033921,209.86547303493404,220.28625833208034,236.47837682442017,244.87858146340335,256.95170252206947,261.87804645826685,-0.071684073087595834,3.8458530969377307,-9.3749032914237489,-13.22075638836148,0.22724350222355838,-11.189735551524308,-11.416979053747866,-0.32531574633466676,-11.003232765706116,-10.677917019371449,-1.2763978035023342,-9.5099607641925559,-8.2335629606902216,-2.4599116209069791,-6.5655712587685571,-4.1056596378615779,50.678835786726268,50.266478700623338,0.41235708610292932,50.248550991496813,0.43028479522945418,85.508678043908731,66.571410974393075,202.21127486974001,196.5412667697799,137.81335229877209,142.0221502553176,158.5268161114891,161.94500859863467,194.15851228581761,194.74232954262121,233.78080028386674,233.68324147709893,259.68797282971485,259.86703835481359,-0.44178831117440609,0.71727940593964945,-3.4683478157720629,-4.1856272217117123,-0.66345380612708027,-4.1112315700471527,-3.4477777639200724,-2.19452843015398,-2.6127162040878602,-0.41818777393388018,0.37864160886249465,0.42252542319988606,0.043883814337391414,0.29920192101531029,0.18210420698994767,-0.11709771402536262,-0.25657928918590756,0.37010423808681026,3.3373237450954321,3.1285736909980812,-0.97225621709270627,0.89069730835063865,0.18873923292343875,1.8692126838193133,-1.2655828346200337,-1.6550394123648289,-2.262282120452852,-2.7591135419222894,0.38970011811003236,0.31580709549339914,0.42808162919973114
5120,2004,99.825456627685796,30.225138257668952,6,10,26.679701192245485,6.2173919677734375,112.39107311487896,124.45224554497327,-12.061172430094302,124.9766443348999,-12.585571220020938,122.67630896659466,114.24331622279715,319.30228563025594,208.67841701331128,151.06580450852076,145.89248265365021,177.87987353903202,169.83097073352954,209.07535895763155,202.56718549803222,241.77073370321952,236.10413459818093,264.44600522833025,261.61305391543516,-2.7228124351504164,-3.2267174034952291,1.6567094303178749,4.8834268338131039,-5.6461452297873791,2.3662990707618405,8.0124443005492196,-3.4258177637278209,3.0616921785625948,6.4875099422904157,-2.4468811773039931,3.2863779483375595,5.7332591256415526,-0.30891609413515653,2.5223418660044672,2.8312579601396237,53.417295988812839,52.477181799116806,0.94011418969603255,52.436307268311793,0.98098872050104546,54.809960793867504,64.024717001903809,124.6544831097126,215.21251825363606,166.66330559201754,166.96443548217391,188.89103046385719,184.50988631430684,215.94460966269133,209.05109619882643,242.32558410694693,233.56557785909345,262.61571695839024,253.9006373744771,-0.32489375936424381,6.2720278185304608,5.8472156698707067,-0.42481214865975403,1.8490188511915164,5.8079915632957864,3.9589727121042699,-1.1700184732046921,5.7094024180461815,6.8794208912508736,-3.7209897040551141,5.397591400841236,9.1185811048963501,-4.7229641364772874,4.8922655434461433,9.6152296799234307,58.973777289978898,71.975064081132587,-13.001286791153689,72.540336629919693,-13.566559339940795,67.866348232331802,50.218599222836929,194.64780274406075,202.10283028697776,146.14151507202533,139.29630135270142,162.14288386386968,155.30618605010002,199.24535241525032,191.87232676628307,241.16005897423292,239.70006731380735,266.6413441144374,267.72388031959048,-3.5879765640997903,-5.0910541859255432,1.4749746106095927,6.5660287965351358,-6.1452001972055825,0.37277257433112254,6.5179727715367051,-7.7016967513825421,-0.67618597051023244,7.0255107808723096,-1.696872517738143,0.37458205101734166,2.0714545687554846,1.9500130099552848,1.2461471794456997,-0.70386583050958507,2.3979186757861726,3.2630828047355465,9.4987452220256898,11.363082004456004,7.4951640809788955,7.994219048397099,2.2557992905231288,6.53167827817785,-1.274108526751121,-2.0241171863169711,-4.4140480423421309,-6.6729771464325722,0.39039646353818891,0.44678521269165766,0.56042418163915075
5121,2004,100.07545777125625,30.225138257668952,6,10,26.679701192245485,3.2105255126953125,102.32906933953745,103.35994219595705,-1.0308728564195917,103.40476425029919,-1.0756949107617402,113.39047802988898,93.059100256718011,297.14397658593953,207.26011700831694,151.43444124073557,147.90099373414037,176.81470131063105,171.33702443452555,207.36573818661864,204.1974337629477,239.02871340783508,237.78606828774531,262.48983482205722,262.36208606609353,-1.3913898650919236,-2.5368998584078213,0.62325672205091109,3.1601565804587324,-4.6467805154667587,0.82833889358735746,5.4751194090541162,-1.9211115513923289,1.2290286399668844,3.1501401913592133,0.0012248099598082263,1.2674758337244896,1.2662510237646813,0.69922869502585172,0.84875359363843472,0.149524898612583,42.216995345124815,42.127271889651638,0.089723455473176728,42.123369944305523,0.093625400819291826,43.841948903307753,46.114322024953253,94.729618430370465,214.91243692214482,172.94321826106847,171.75190518699776,191.89000794224597,188.71555192877244,214.48118646866465,211.88375794786785,238.94588045755921,235.54822020394286,259.80265697069621,254.60326321229743,0.18750063625944335,1.9566799702438971,2.9837456348692513,1.0270656646253542,-0.19973968713017598,3.0021545509584655,3.2018942380886415,0.26522176372395734,2.9875757005284242,2.7223539368044669,-0.68269596795440179,2.8650956316201075,3.5477915995745093,-3.2684525738524144,2.6617068936209591,5.9301594674733735,60.112073927357415,61.23267275480157,-1.1205988274441552,61.281393732298966,-1.1693198049415514,69.548529043644521,46.944778246665919,202.41435797698796,201.35098644385278,146.58151243063128,142.161976600739,161.87440303914022,157.68570475943287,198.61416679173379,193.30587240524642,239.13010841241032,240.59141936948333,264.74107675859415,267.83544684403853,-1.9442784151565036,-3.6189296045251069,0.701596010428716,4.3205256149538229,-3.7957397424614783,0.12576649752793401,3.9215062399894123,-6.2639903891927986,-0.9216091853000421,5.3423812038927565,0.82551275437000982,-0.69407540107266641,-1.5195881554426762,2.7800290834956058,-0.1086087934089619,-2.8886378769045677,1.578890501351367,2.1317790514159469,4.4935798286517183,5.575609574769004,4.4470408283365828,3.5960000553313023,2.1863333151162863,6.5292121529167559,-0.68392077791421002,-1.5082087223244116,-3.9676812688782661,-6.0484816573480202,0.3188003994520579,0.38664577189410299,0.49553801721421892
5122,2004,100.32545891482673,30.225138257668952,6,10,26.679701192245485,5.625,111.96328866481781,112.78384849429131,-0.82055982947349548,112.81952553987503,-0.85623687505722046,122.66651503741741,110.62912711458557,365.02952846884727,206.86056424238885,150.36920006500895,148.18703367782533,175.76817962910468,170.91601267830146,206.59647951205432,203.03953000761342,239.17769400116958,236.86372808643398,263.09451457042587,261.97472239218865,-0.72470850200855352,-1.1700792251622545,0.67344226634793358,1.8435214915101881,-3.023013040617343,1.8545325879142354,4.8775456285315784,-1.0932928093158125,2.4073696714724804,3.5006624807882929,0.16660020105291551,2.5232186407053234,2.3566184396524079,0.67668242029270687,1.8546682122511129,1.177985791958406,49.620454557240009,49.560147065669298,0.060307491570711136,49.557524457573891,0.062930099666118622,50.890276796417311,58.593905206066211,119.39442751160823,214.33273563821666,171.18179130264042,168.12064403092663,188.73191582391115,184.42267246712561,213.77146133935619,208.73558690817671,238.82799254911549,233.81119824328414,260.1313529029743,253.83819413593176,-0.080356561928340398,1.9964773834626328,5.0630038943108673,3.0665265108482345,1.0971824786216189,5.1428189479566981,4.0456364693350793,-0.24188426627830495,5.1397768693957175,5.3816611356740225,-0.32161164076561022,4.9593368453335529,5.2809484860991631,-2.7660358133027785,4.669200739993471,7.4352365532962494,62.342833995819092,63.223701983690262,-0.88086798787117004,63.262000545859337,-0.91916655004024506,71.776238143444061,52.035221922178607,245.63510072976351,200.2530614721785,145.05729315722789,140.98289148949789,157.51716592041319,156.60111795562241,196.62930063246759,193.3186434763401,239.71380680228788,241.63446140999002,266.12445005929447,268.73930191420158,-1.1694969918095239,-2.9870144392579903,1.000775869681064,3.9877903089390543,-0.32784935360001555,0.1641893151944771,0.49203866879449265,-4.9868395077622267,-1.8315751636989717,3.1552643440632551,0.54986746706251211,-1.2325554715166618,-1.7824229385791739,2.4173058388415711,0.15238618765164347,-2.2649196511899277,0.64435194008021313,1.0891404298811835,3.1665566086248873,4.9834918227206231,4.1201955192389619,1.4250318322216344,0.85140854303750757,4.7449552414839218,-0.48821184181852573,-0.87147910782812232,-3.4427182335954853,-5.1833416521443496,0.32708155970948444,0.41486689974761298,0.52964266043043806
5123,2004,101.57546463267903,30.225138257668952,6,10,26.679701192245485,3.2272796630859375,109.38397220517072,118.19915975723779,-8.8151875520670728,118.58243057797881,-9.1984583728080906,133.55808459944092,164.36285150269396,380.39696527086198,198.83528606567742,131.98618382471827,136.49029827299398,161.83778352704064,162.49818332421805,200.26440352786071,197.35630442933004,234.96013729819742,233.71685509133266,262.0207408950223,260.9301044793574,0.67497777616375743,5.1418173931767512,0.77235922012198444,-4.3694581730547668,1.9250472596594363,1.3514370970781044,-0.57361016258133191,-1.2618729147632166,1.6565572740419441,2.9184301888051607,0.09837704833947214,1.4364119056655511,1.338034857326079,-0.13211718971405162,1.0126675844386455,1.1447847741526971,41.749731044708824,43.413147458870299,-1.6634164141614747,43.485471265397791,-1.7357402206889674,42.539794703140387,79.075456836675585,129.4791079685092,208.09759704966913,161.13526062485656,159.78073581002172,182.19585745593156,178.27170243535636,207.29434277205939,203.51396837210484,233.1023912614113,229.71684598164259,257.88678278869372,250.7172611935855,-1.248813236387349,1.5959742390681697,2.9105292017224258,1.3145549626542561,-1.0160123420306206,2.9930281847117897,4.0090405267424103,-0.78207171929298624,2.9897813704938585,3.7718530897868447,-1.1295696749484989,2.9168407270877594,4.0464104020362583,-5.4639007902052299,2.7005835843383466,8.1644843745435765,67.634241115758414,74.786012228602885,-7.1517711128444716,75.096958890607311,-7.4627177748488975,91.018290290334335,85.287394943721665,250.9178582187742,192.44616537209862,124.79583358247805,128.93008943021579,147.05997130940582,147.89567876552221,189.52531332221326,189.20915109088159,236.88436069620835,238.54135452125203,264.72059209446013,267.54793364600192,1.8409760749581494,5.1324238804415074,0.86439885200792332,-4.2680250284335841,1.9160860616250943,0.627361763135724,-1.2887242984893703,-0.28239956446259384,0.029055301573151837,0.31145486603574568,1.2872721095013731,-0.089683900153033846,-1.3769560096544069,2.8802828092028676,0.1192878033764373,-2.7609950058264303,-1.9237910125511064,-3.0897893113454984,-3.5458431541085815,-3.5364496413733377,-2.941059601690057,-2.9320984036557149,0.47980119547023037,-0.4996721548303924,-1.2279467232879711,-2.416841784449872,-5.3317836004911783,-8.3441835994080975,0.34037891936470493,0.3185115661902691,0.48110297499541443
5166,2004,91.325417746290057,29.975137114098491,6,10,26.745911025466921,3.9523773193359375,119.19874103597249,133.56471317097748,-14.365972135004995,134.18932249236241,-14.990581456389918,132.63281839747833,120.85917246741883,406.04640755057335,208.98278053514397,150.65554223616613,147.81547851588178,175.32504852084588,170.57464463824383,210.32777392558447,205.1950127353702,242.07443869636839,239.28945953229803,264.57214238675544,264.19856588780323,-2.0367652542998371,-1.7051579817407685,1.0510719349637156,2.7562299167044841,-3.2972417033023191,1.3697601944474798,4.6670018977497989,-3.4160296693445673,1.6987038484043921,5.1147335177489595,-1.1680165047783078,1.7071160043439022,2.87513250912221,0.90089134433958407,1.2828527308919888,0.38196138655240475,32.084259477749583,37.653682996668067,-5.5694235189184838,37.895832676964346,-5.811573199214763,35.745856191646453,53.546882636499504,106.89749038871378,221.11466190890911,177.19127118389491,169.89793134771034,199.99947094016753,191.85867274286349,222.83117627161474,215.63170586221801,247.99006468247569,238.96290636626281,267.42913544891491,260.40850860277448,-3.6498903682144714,-4.562750838361211,3.0888263805825034,7.6515772189437143,-5.9526872701260345,3.2900606140192394,9.2427478841452739,-4.6277070722888993,3.2694962524936386,7.8972033247825379,-6.5426340733452264,2.781926127349351,9.3245602006945774,-6.1403009159799922,1.4960737460144742,7.6363746619944664,87.114481490236358,95.911030629504239,-8.7965491392678814,96.293489718540513,-9.1790082283041556,96.886962115493588,67.312290024634422,299.14891695231199,202.38537604485299,148.42739545253201,143.83664707930748,164.63282909813981,161.89661265446824,198.63902199982533,196.10532936837473,238.36364917452349,239.56308814269212,261.49872077181783,265.54380048832553,-0.52680502235622839,-3.7147210840807361,0.64663698323602148,4.3613580673167576,-1.1861825492055118,0.75295573690343076,1.9391382861089426,-2.1397059992268339,0.74597247354310525,2.8856784727699392,1.8167612480445996,0.79361575839422471,-1.0231454896503749,5.3570106529859345,1.3888420962000509,-3.9681685567858835,-1.6131251139146343,-3.123085345858243,-2.8575928566204425,-0.84802975428047489,-2.6554455668237154,-4.7665047209205227,-1.211677402944332,-2.4880010730620654,-5.3746175685669186,-8.359395321389826,-7.0411922603195762,-11.497311568965927,0.26326421906687997,0.26950988920797952,0.44305187221875653
5167,2004,91.575418889860529,29.975137114098491,6,10,26.745911025466921,-1.578948974609375,96.851416675495784,108.78012526170278,-11.928708586206994,109.29876568189138,-12.447349006395598,118.18378455446327,116.08719530611961,360.76599143445492,207.23742397263368,150.06339522775161,149.54475236296275,176.35942199925665,173.30909314517157,208.94416318382955,206.08558319827753,238.63546742163317,237.71362423479783,259.66309285818784,260.57090568164125,-2.1345136969291616,-0.70746923639467241,-0.30931604354864817,0.39815319284602424,-3.4371806723829934,-0.48469735173947015,2.9524833206435233,-3.4651203894279377,-0.71798242533171219,2.7471379640962255,-1.7082770543637764,-0.64722732721014609,1.0610497271536303,0.38227401110873416,-0.48704627913451759,-0.86932029024325175,39.247155200657289,43.865155790956123,-4.6180005902988341,44.065937674580709,-4.8187824739234202,42.760989611279911,62.070192190760281,118.03749979077838,216.70518996900194,175.5977708464747,174.82321691901032,195.01049503037632,193.24411441421756,218.26748687987131,216.30262872811161,240.40372198004829,238.84305925519271,259.25959811223385,256.69211266263312,-2.3442985225143502,-2.816603523840655,-1.4110169175451119,1.4055866062955431,-3.200115933023568,-1.4228797920676755,1.7772361409558926,-3.2266589704239834,-1.3498880474753321,1.8767709229486513,-3.3548934266260346,-1.240266906079313,2.1146265205467216,-4.0319806539474996,-0.93917718082042256,3.092803473127077,57.604261318376302,64.914971253398107,-7.310709935021805,65.232827663015087,-7.6285663446387844,75.422794718293517,54.017003085557008,242.72849160432816,199.56963474270756,145.28657899293944,143.07297566291834,160.90975163979846,159.45926563244612,196.25654304885597,192.6849320675401,236.6930501133144,236.24728312793255,260.07802268786628,263.39623374648767,-1.0919578483093346,-1.9584838485121452,-0.11072613034932033,1.8477577181628249,-1.0882577252075691,-0.23311285308028573,0.85514487212728341,-3.8371903681543529,0.039387358393923932,3.8765777265482768,-0.40178076400832197,0.090092645827894557,0.49187340983621652,3.06068118303034,-0.22940591077593808,-3.2900870938062781,-0.20978482558518863,-1.2523406742050156,-2.1091342874459826,-0.85811967532850986,0.2370647393594254,-2.1118582078159989,0.23846141900395423,0.61053139773036946,-1.6466163722622582,-2.9531126626177127,-4.4142546650562338,-7.0926618369778396,0.3271857730310031,0.36181773813119117,0.53468594901515565
5168,2004,91.825420033430987,29.975137114098491,6,10,26.745911025466921,2.2727203369140625,123.36561253509717,135.7748441816002,-12.409231646503031,136.31437431043014,-12.948761775332969,145.01035272952504,132.80015430357525,402.2946340367198,206.10491049902257,148.10431683414768,146.37275853654603,174.12904994175935,170.18892517804332,207.63791885123223,203.80236143186912,238.63274224473352,236.92020188699277,260.71028208134345,261.35494591552072,-1.378534537061114,-1.1760000924705878,0.45269420986622322,1.628694302336811,-3.0641228065317989,0.79391014908566149,3.8580329556174604,-2.848121351098456,1.1122356025482532,3.9603569536467091,-0.67836531618519302,1.1790690661413521,1.8574343823265451,1.5705972388526561,0.96085772672483927,-0.60973951212781685,46.31145482073407,47.938034410075488,-1.6265795893414179,48.008754661852436,-1.6972998411183653,48.055497865479992,69.063964947476052,124.29127159528434,217.79939979933764,175.81251822017296,172.03061626574683,196.08661445730829,190.46348234285571,218.88471487059252,213.79166338099208,241.73412258080376,236.77594142275683,261.32565706356667,256.57732146697833,-2.3395933379519533,-2.061704429882468,2.123212813918542,4.18491724380101,-3.6223531557089359,2.0735492617547209,5.6959024174636568,-3.175156808868735,1.9630132939006728,5.1381701027694078,-3.7182258383555791,1.7868943734079608,5.5051202117635398,-3.9604674735271601,1.234453563446948,5.1949210369741081,77.054157639857294,87.836808892356203,-10.782651252498908,88.305619242182729,-11.251461602325435,96.954854752286337,63.736189490209654,278.0033625587821,197.5813969452557,137.79404728271058,140.2228816322492,158.49319430516621,157.18893787538289,193.71618317412259,191.97352372648203,235.24585926940102,237.09720286580946,259.98932820274047,263.74081100198316,0.41074617577569938,2.9474944611761487,0.24020533722008963,-2.707289123956059,-1.0111948221012881,0.39355980357603926,1.4047546256773273,-1.7922547305062722,0.17504851462604165,1.9673032451323138,2.116386574373962,0.43143571084061705,-1.684950863533345,4.5856969743506966,0.98997997347936462,-3.5957170008713319,-0.96105880089083939,-2.7503395137276527,-0.88570433741188026,-5.0091988910586167,-0.55823034917713699,-2.6111583336076478,-0.32703545777027898,-1.3829020783624628,-3.039860522170386,-5.8346124127295411,-5.5310647123798162,-8.5461644478778567,0.30895582759361279,0.3313935657760495,0.52005937274439373
5172,2004,93.825429181994693,29.975137114098491,6,10,26.745911025466921,-3.3333358764648438,82.253095288251643,86.052659300650703,-3.7995640123990597,86.217857542258571,-3.9647622540069278,97.428088963224297,131.40363107576559,273.50149390846491,196.6003984848214,135.27064063396355,141.08498377363759,162.09849470467014,167.38875914282633,199.30076650790949,201.63977819820553,231.40151723252171,234.49604555469949,255.07142813902874,256.23912500242545,1.5407377591102431,3.8007949209375624,-2.1632270967461409,-5.9640220176837033,3.0657689784315778,-2.2717934069495129,-5.3375623853810907,0.29919126407443741,-2.0657096633444212,-2.3649009274188586,1.4983322746122099,-1.5596484466278753,-3.0579807212400851,0.11236796345770017,-0.9420673483161579,-1.0544353117738581,33.397797881693805,33.606588312937674,-0.20879043124386953,33.615666325862549,-0.21786844416874374,34.773532598347629,64.359897728102624,102.8297860622406,203.91679195053806,153.81811891844828,161.29911465781515,177.73262327227155,182.10293228127716,206.81492972387454,210.36057604093804,230.40954066975033,236.46463774429145,251.95845648689934,255.39226861987805,2.4808609702416504,4.5490953513271108,-3.1205493106149902,-7.669644661942101,1.775362190045513,-2.9669747348130784,-4.7423369248585914,0.67750009787178556,-2.6728113214576297,-3.3503114193294152,3.6801585945247268,-2.2461110591691806,-5.9262696536939075,1.4537951030005729,-1.548692883839351,-3.0024879868399239,48.855297447949852,52.446070198780944,-3.5907727508310927,52.602191024336207,-3.7468935763863556,62.654556436071005,67.043733508264268,170.67170809954405,191.00819532746763,124.84602990819525,130.84175668891669,149.82449326835263,153.89676517907228,190.61136325141084,191.69132749437989,232.50422018669306,232.33775780475145,256.59066005937001,256.98769383483176,0.61313428659389047,4.3386587213624637,-1.8805164209412624,-6.219175142303726,2.162520208237396,-1.9316005751726095,-4.0941207834100055,-0.45218993546166075,-1.3789343406077137,-0.92674440514605294,-1.2595757685965339,-0.90099660610792398,0.35857916248860988,-0.19123379914640282,-0.47415498838563508,-0.28292118923923226,0.94012321113140729,1.86772668364776,0.74830043038954841,0.21043662996464718,-1.2904067883860648,-0.387158018191883,0.37830883379734814,1.1296900333334463,2.181826319912517,4.9397343631212607,1.3414271395428727,1.6450289021469757,0.37597522628763236,0.35691485862432776,0.489787817895181
5182,2004,98.32544976626302,29.975137114098491,6,10,26.745911025466921,7.8333282470703125,122.36135041713715,121.92508006095886,0.43627035617828369,121.90611171722412,0.4552386999130249,132.89777963925735,115.5299529523254,415.86521627753973,208.88367084910075,152.25172433292983,152.09786445323584,175.95848776546757,172.95559371118387,209.58453831214726,205.25832997676767,241.33171097502117,237.72445648454519,264.89736332252966,262.89601158353179,-0.94544327291131935,-0.047275608042099293,-0.012351139455745397,0.034924468586353896,-1.3564972928113548,1.6109062175368933,2.9674035103482481,-1.8059221773786192,2.5309168125401129,4.3368389899187321,-1.0071143237732372,2.6334181243635442,3.6405324481367813,-0.64243803121451037,1.3730746620228729,2.0155126932373832,39.408366568386555,36.018437474966049,3.3899290934205055,35.871048167347908,3.5373184010386467,40.315166477426146,48.079845249943901,109.62465942976996,216.73109177688815,178.34652108016502,167.18876214114312,197.24512759649113,187.67960357527409,218.00124455017391,209.29940537341267,238.04975457144079,230.52040830384283,256.29926255049617,248.81874223012926,-1.8130583148458186,-4.6144238920277587,6.0539667107206583,10.668390602748417,-3.1543436906570719,6.6300404560985271,9.784384146755599,-1.9761705018697171,6.885725183061993,8.8618956849317101,-0.97842218352633381,6.6119609618532422,7.590383145379576,-2.5387752149255789,5.5945268713478526,8.1333020862734315,82.952983915805817,85.906644225120544,-2.9536603093147278,86.035063445568085,-3.0820795297622681,92.582613319535085,67.450107948250661,306.24055683612823,204.54910187969125,148.3426776361058,148.56477077721732,164.13508453561639,166.33676257028699,200.62574773909517,201.32638271504547,243.88326229659557,243.31811783937863,268.44941076326717,267.14132062700861,0.2371899737625256,0.047267118859309676,-0.54169926447556804,-0.58896638333487772,2.266411492373237,0.12474942278171852,-2.1416620695915185,-0.4393774565425872,-1.2450890044112555,-0.80571154786866828,-0.90319278160978911,-0.28794681788656362,0.61524596372322549,-0.23660717851458912,1.0895898749870412,1.3261970535016303,-0.86761504193449923,-2.0502482886083442,-4.5671482839856594,-4.6616910108870684,-1.7978463978457171,-5.4207551830303089,-0.17024832449109795,-1.5367930453271299,0.028692140246903364,-0.075229401916544703,-1.8963371837110685,-2.3021680364109898,0.26360622417771234,0.30335470304213602,0.41616779044119001
5183,2004,98.575450909833478,29.975137114098491,6,10,26.745911025466921,6.142852783203125,128.92840979242465,130.35066741899936,-1.4222576265747193,130.41250463368488,-1.4840948412602302,141.39415723393904,121.39100349171713,393.10814808309078,207.76984519040184,148.06591059424736,145.03736413397033,174.2315402506521,169.48552105676549,209.65068008727198,204.12784972369354,241.44212636300492,237.17585723142545,265.19051098457288,262.83635082476479,-1.8373123021946469,-2.0941810173783324,0.80460238743583545,2.8987834048141679,-3.2213519961211716,1.5621062962719918,4.7834582923931634,-3.0289004598549525,2.5749443726607524,5.6038448325157049,-1.5239361829315783,2.8562264563611279,4.3801626392927062,-0.59376237734147708,1.8004363572204625,2.3941987345619395,47.117978280308307,41.689314861025196,5.4286634192831116,41.453286820469657,5.6646914598386502,48.278889718213577,63.911841767575879,131.63511016301345,218.82858286575757,177.64019262863292,170.01833457424169,197.81891933221783,190.70989087310701,220.26070349880322,212.89044952983031,242.31679396898897,234.84228382900753,260.80799511036605,253.78306697522689,-1.8358915484753879,-3.3709673594298977,4.7862116112776505,8.1571789707075482,-1.5274496006218783,5.4289820757156519,6.9564316763375302,-2.1842673167795965,5.4600207903470732,7.6442881071266697,-2.3419865302651885,5.2916926319631159,7.6336791622283044,-3.4900297866678898,4.5989721281220284,8.0890019147899181,81.810431238773162,88.661354229210701,-6.8509229904375388,88.959218066534959,-7.1487868277617963,93.115267171069718,57.479161728399049,261.47303774952888,199.53124127199629,142.30073322425588,139.57744468213235,157.20663506641387,158.257038692827,194.1806779768439,193.17736921486971,240.46880449646733,239.74134348718184,269.2201426313685,267.80546400470212,0.068976761817140186,-1.7591524658106437,0.96477376396660475,2.7239262297772484,2.2845045407499072,0.8626912422778048,-1.4218132984721024,-1.0237481009721705,-0.028254093934549473,0.99549400703762103,-0.87187059331373007,0.15659286921936655,1.0284634625330966,-0.76439562463173161,0.8825081839021891,1.6469038085339207,0.0014207537192589825,-1.9048683102925281,-1.2767863420515653,-1.611814893619254,1.6939023954992933,-3.8119541413717855,0.84463314307535597,-1.160519215807426,-0.81805034733361026,-1.4701159369514585,-2.8962674093264127,-2.7256341620361582,0.33485724171555431,0.34144897259322626,0.52649570338164953
5185,2004,99.075453196974408,29.975137114098491,6,10,26.745911025466921,31.449996948242188,199.56408108113828,193.58618198410477,5.9778990970335144,193.32627230199432,6.2378087791439611,173.1168630556931,134.679477366848,413.07724468410015,206.88465641080546,147.44817225442645,143.47251648125646,169.73136669796529,162.6594453346631,206.90269289380649,193.36687567585059,241.69046174872616,227.07924894846641,267.51448190789813,254.97530874677963,0.39048409870477485,-0.49508634337115609,3.3381452281163035,3.8332315714874596,2.2810041144480806,9.2530372524818461,6.9720331380337655,0.37463960176253863,14.023103601645602,13.648463999883063,0.35194850021247248,15.003024431158792,14.65107593094632,-0.38550358612070568,12.172145931945096,12.557649518065801,67.754705316901891,62.416426456533372,5.3382788603685185,62.184327612252673,5.5703777046492178,66.533721245408742,66.676058576947071,154.35582602769136,213.76509909763658,159.20722550309441,147.95332465928681,186.42901789753259,168.09663723491872,215.11918803872354,194.23766085514475,242.29518821239685,221.4833702377671,264.12721708728196,247.32623759777653,2.8890521930779016,5.4828321679227088,16.900294908968192,11.417462741045483,3.3398633974270524,21.564987269471828,18.225123872044776,3.1528130818703062,24.134979474084389,20.982166392214083,2.3241741692093854,23.211953857869844,20.887779688660459,1.2118758460065351,18.340024391521979,17.128148545515444,131.80937536190504,131.16975559984166,0.63961976206337567,131.14194475828663,0.66743060361841344,106.58314155696462,68.003418763079026,258.72141817957163,201.63486946197233,142.78393496167288,140.83458431396653,160.77269230719565,157.66110437409509,196.62298970531566,192.19880655750333,241.20610767077881,232.76578978362681,270.49356715268368,260.57283174640855,-1.2407316665353108,-1.718290997509655,0.24272783946022969,1.9610188369698847,-0.1692322989677848,2.8717654839862803,3.0409977829540651,-1.3882204975693355,2.8074946985543079,4.1957151961236434,-2.3084041836145559,6.3152380105934753,8.6236421942080312,-2.598972946983281,7.7290028423603303,10.327975789343611,2.4985680943731268,4.1297838596132124,5.9779185112938649,7.2011231654323637,1.0588592829789718,3.5090956963948372,2.7781734801077675,4.5410335794396417,1.9722256689969129,4.6325783528239413,1.5973794321272408,3.810848792989816,0.37367303092605503,0.3843283668096753,0.49507215115879044
5188,2004,100.57546005839718,29.975137114098491,6,10,26.745911025466921,0.375,112.58807075023651,114.00202465057373,-1.4139539003372192,114.06349837779999,-1.4754276275634766,132.64579471945763,129.08956411480904,423.22062035650015,205.95242448235538,149.20266402922775,147.69957460453043,174.32733281558643,171.28826623383404,206.2381107727868,203.95886373374694,238.51549035750136,237.85662775364762,262.11982182055522,262.08802002632501,-1.2652540521963829,-1.1306047765920368,0.064580136679012412,1.1951849132710493,-2.8922959381237376,0.098269600172812943,2.9905655382965506,-2.1333104839923465,0.15843449598156667,2.2917449799739131,-0.58738225479092421,0.14343106591707055,0.73081332070799476,-0.015508158883619672,0.11117412198944976,0.12668228087306943,52.816103085875511,51.1506307721138,1.6654723137617111,51.078219056129456,1.7378840297460556,55.040103651583195,66.00968037545681,138.63111786078662,211.71322452802963,168.24747800971559,170.39071909767208,187.43409524721758,187.47024808129794,210.75856892272927,211.29464412520377,235.50476715532022,235.96087818664969,256.66077717607408,254.79110519827134,0.15229892259785061,2.23330854172778,0.3196485274978329,-1.9136600142299471,0.63091945891832779,0.32489567760052296,-0.30602378131780483,0.92038099367917425,0.32113823476078096,-0.59924275891839329,0.38336585010588919,0.31666948969160558,-0.066696360414283618,-2.4998956014358384,0.27535610996025639,2.7752517113960948,59.771967560052872,62.851390838623047,-3.0794232785701752,62.985279262065887,-3.2133117020130157,77.605690971016884,63.079883843660355,284.58950281143188,200.99567186143361,143.43599110124109,141.22633163301319,157.11565164755413,157.09403375668558,198.49818688045713,191.94752632736632,241.86736147252643,240.67755949881703,265.7750428640469,267.50550481738225,-2.0790695399057597,-2.1064876303417179,0.066337977444391072,2.172825607786109,0.27020687322107051,0.0067673762221431843,-0.26343949699892732,-6.3474980578940574,-0.14524720484945419,6.2022508530446032,-1.4565118622176385,-0.076274347270526732,1.3802375149471118,1.5476767829396181,-0.00090323600085184808,-1.5485800189404699,1.4175529747942335,2.2313684625036103,3.3639133183198169,4.339796172069498,3.5232153970420654,0.36071258569725728,3.0536914776715207,7.2678790515732317,0.9707481048968134,1.8398777123235277,-2.4843874425522188,-4.0475723843754565,0.32756229539101994,0.41494043416899545,0.51134792210429536
5189,2004,100.82546120196764,29.975137114098491,6,10,26.745911025466921,-2.3157958984375,129.65977020177888,134.50675980740561,-4.8469896056267316,134.71750015225189,-5.0577299504730036,155.37883287227669,146.75538848447104,413.99861565232277,202.35772650375768,136.05687430714022,138.1465382476996,164.13474490934678,165.92964444552257,204.53318826678054,203.51219826202814,240.24822119665154,239.31432118989011,264.85075123558937,264.94087268225212,-0.74007722651168706,1.8252365106168043,-0.37051564543850191,-2.1957521560553062,0.99764164867409022,-0.83846871926732547,-1.8361103679414157,-2.2560900520582834,-1.1273260290088558,1.1287640230494276,-1.9678929797480293,-1.0269588651590027,0.94093411458902665,-0.74811309274747373,-0.78725532850876334,-0.039142235761289612,46.719601544858961,55.993479733424465,-9.2738781885655044,56.396691909052606,-9.6770903641936457,52.259802803300772,72.103032318997066,155.93018036708236,211.09733700447592,152.30999664171898,159.85876255759885,185.53131607713237,185.68941381292956,214.48921625359444,213.46188248837333,240.88423844382066,240.2549910162914,262.22389137474977,261.62096678828465,-0.9794017541115636,6.4350461829220933,-1.2866544587861597,-7.721700641708253,-1.5363541903193436,-1.773132480098667,-0.23677828977932336,-2.863842642568045,-1.8416096318154302,1.0222330107526147,-2.7157677409300334,-1.7313875006878732,0.9843802402421602,-2.358730150768622,-1.4731394653284156,0.88559068544020647,82.940168567512956,78.513282287197399,4.4268862803155571,78.320808122421113,4.6193604450918428,103.11903008936679,74.652356135671653,258.0684355199337,196.24379118463605,131.18738873542489,130.88652997844588,153.28260086465122,151.64522782859538,193.08618545042887,189.37085826129515,239.43382633213284,238.07846600331757,267.24846014254229,267.93652958323884,-1.5774933900742099,-0.48728869480379444,-0.39239346691675792,0.094895227887036526,-1.7144408404022897,-0.60388813444865264,1.1105527059536371,-3.8746764461838552,-0.2899693003392656,3.5847071458445896,-1.4556534945800763,-0.14206748537509384,1.3135860092049825,0.155236358811635,-0.44711523080712823,-0.60235158961876323,-0.23932452759987655,0.59809163596264625,4.609809672305289,6.9223348777258877,-2.5339958389934338,0.17808665008294611,-0.6077525905097616,1.0108338036158102,-0.74787476118200402,-1.2601142463499571,-1.6106170580211483,-2.513966509580257,0.37664420718264663,0.33633798013053023,0.49131437737038641
5191,2004,101.32546348910857,29.975137114098491,6,10,26.745911025466921,-13.100006103515625,106.73272625431855,115.26627068495145,-8.5335444306329009,115.63729575474281,-8.9045695004242589,150.15045540405845,132.94741231326043,391.2144334949553,200.87616802100663,136.93040793643414,140.92262146032417,163.7161239710239,169.45956530821323,203.03859652751598,206.94169078134831,235.99281471522519,241.77604144023647,262.26302369930204,266.43679308661802,0.15303488278681243,2.2397500875745209,-1.8625387541677014,-4.1022888417422223,1.9179567178198909,-3.8201879850236651,-5.7381447028435559,-2.1396240927042243,-5.9264848215219388,-3.7868607288177145,0.321612572733045,-5.3869648864323096,-5.7085774591653546,0.22884653170427782,-3.9360570520560714,-4.1649035837603492,45.87769701444995,55.073128431457008,-9.1954314170070575,55.472929848467174,-9.5952328340172244,49.894839458179604,60.303111959457965,118.9136898489669,209.75345291550002,163.07167517570593,179.68107613839635,185.43733887910699,198.04484558951532,211.03136218964437,222.39793201096055,233.23418003197997,246.68037076549049,255.55237931384568,265.24099183785268,0.6866650010916544,4.7211745034395278,-12.246467459896223,-16.967641963335751,0.32209582245593538,-12.254705703837288,-12.576801526293224,-0.67782711905900328,-11.976474376792055,-11.298647257733052,1.5781374114077948,-11.432676015811126,-13.01081342721892,-1.1769270070876701,-10.198119761512828,-9.021192754425158,60.855028912043053,60.193143290614898,0.66188562142815499,60.164365649976389,0.69066326206666417,100.25561525651392,72.644300324000142,272.30074288323522,195.2182209212138,129.41449110334122,132.56282733212524,150.28396356043069,151.23601786856619,192.15183551053815,185.76161807431296,238.42830621444065,234.44510977834653,266.5955430599904,267.6061585122946,-1.2404890507229709,1.7297004335940471,-1.6369682409319637,-3.3666686745260108,-1.3394268113044916,-2.494706735802481,-1.1552799244979894,-4.9661778733143365,1.3950872270270906,6.3612651003414271,-0.42894789918653942,3.6319679949350814,4.0609158941216208,1.6272835814975792,0.83032982262824362,-0.79695375886933562,0.53363011830484197,1.9271540518146253,2.4814244158650069,2.9914740698454807,-1.5958608953639555,1.661522633760427,1.461796973645221,4.2883507542553332,1.2565248386747498,2.0070853105943343,-1.4057735387919479,-2.8042105885852493,0.30396038506718409,0.33229895523068115,0.45358620307228964
5192,2004,101.57546463267903,29.975137114098491,6,10,26.745911025466921,0.5714263916015625,111.28471746525975,121.91332393839184,-10.628606473132095,122.37543672470929,-11.090719259449543,140.88992583075924,176.61937552680683,423.33997763693333,198.16425943241626,129.58433251406049,133.13270214132544,160.27939927241769,161.19108972606958,200.77780500076713,198.62898882621622,235.45038622454317,234.70124932304967,261.91352661881518,261.10042084992517,-0.047525677582427761,3.6320690722393465,0.040761254877850206,-3.5913078173614963,0.8779105240531635,0.11614293096556594,-0.76176759308759756,-1.9164049473855584,0.24614167426165068,2.1625466216472091,-0.55225202795099904,0.222533642347571,0.77478567029857004,-0.73858627140543831,0.16897704621663934,0.90756331762207765,35.240094701395719,37.347401608136352,-2.1073069067406323,37.439023883171103,-2.1989291817753838,35.905693244756549,86.071423386313654,127.66346818581223,211.18062705409039,164.20190846973279,167.05983408277473,187.29885281889432,186.00572959382311,212.50296250246421,210.35516284879861,235.50253008074336,234.60416986286586,257.59513163404279,254.26194371091017,-0.64405904998707797,3.5324392928860675,0.51636554469919815,-3.0160737481868694,-0.67656980122453092,0.52743035453013931,1.2040001557546702,-1.5706395308004062,0.5182302522846669,2.0888697830850731,-0.71386575366366856,0.49911008022755254,1.2129758338912211,-3.691086109708408,0.45444286721908611,4.1455289769274941,76.044623110316024,84.56592220980383,-8.5212990994878055,84.936412706185365,-8.8917895958693407,104.98423308332895,90.547952285247447,295.67651002109051,190.0443736547488,123.09206936343605,126.21397474020308,145.53298292256392,144.73093720244171,186.69417291047176,183.91002491282643,235.39494122008679,234.82674083752968,264.6132217411203,265.61588388051626,0.20179003568324561,3.2354827780111037,0.073100401899367284,-3.1623823761117364,-0.43519420217305083,0.094469115725502206,0.52966331789855303,-2.7705220472262795,-0.023764960580024308,2.7467570866462552,-0.71227091176820068,-0.11225619478466342,0.60001471698353726,0.94283569058416106,0.029797088395014271,-0.91303860218914679,-0.59653337240465021,-0.84584908567032357,-0.099629779353278991,0.29695651487496377,-1.5544803252776944,-0.24137559905148009,0.34576541658515225,1.1998825164258733,-0.16161372571266952,-0.00159484189546788,-2.9524998383029697,-4.6339218002925691,0.30156251459742728,0.25484925932807595,0.48732718666673097
5226,2004,91.325417746290057,29.725135970528026,6,10,26.811611773876191,10.111114501953125,129.04641848288156,136.08316781240137,-7.0367493295198074,136.38911327446112,-7.3426947915795608,134.4633510633339,102.32265946307598,371.59652282297611,208.04973792685323,152.31734143300878,150.68366121355783,173.40050630038712,171.46449444387346,208.44105693237512,204.30076733715856,241.12379699298197,237.00467200925493,262.64493219914795,261.34855671096466,0.63223002231626424,0.14410611966056308,1.6710863537216767,1.5269802340611136,1.3528647739600217,3.2220760044596375,1.8692112304996158,0.28682499848247289,4.4093110102746778,4.1224860117922049,0.4573371102564181,4.6180164916587785,4.1606793814023604,2.3098282240106869,3.6293898811175609,1.319561657106874,22.401240305320243,37.821495535114082,-15.420255229793838,38.491941139338451,-16.090700834018207,24.038674173779327,38.66742070842156,90.137955462443642,226.08454327003926,177.96073544922314,164.16699789651287,203.93423157782377,186.46216702584059,227.45963525493252,210.98791748429289,257.11165060221532,235.64038539403907,270.09452290219383,260.19747860323292,-9.0623148112115359,-7.9505545015769314,5.2636108413238105,13.214165342900742,-10.63882070435514,7.4516628980386201,18.090483602393761,-9.0042961221327573,7.7765063062959712,16.780802428428728,-14.895147360425597,6.6991288978072419,21.594276258232838,-8.1612536852865674,2.7081931349006823,10.86944682018725,106.64517849747062,98.261672865053697,8.3835056324169273,97.897171760938363,8.7480067365322611,110.42467720946388,63.655238948369515,281.4585677087307,201.55334108878813,150.34880689983922,147.71799591905412,166.45894096193592,165.0100116195444,198.30953206177844,199.0347001248029,234.43805342573512,237.87016803069579,257.3076200145486,261.74732926812078,3.1772585937640656,-0.84667898818076992,1.0620869089030975,1.9087658970838675,1.6601756222634947,2.7815590387307338,1.1213834164672392,2.6362150071589667,2.1299251173485629,-0.50628988981040379,6.6726630588799196,3.1970426152658717,-3.4756204436140479,8.3089203394372362,4.0142400275702812,-4.294680311866955,-9.6945448335278002,-12.239573404975602,-8.0946606212374945,-7.1038755133961615,-11.991685478315162,-12.298996326618635,-9.2911211206152302,-11.640511129291724,-15.352484470682015,-21.567810419305516,-10.471081909297254,-16.470174024723804,0.24256942658579242,0.17877491512506494,0.37789694786397759
5243,2004,97.82544747912209,29.725135970528026,6,10,26.811611773876191,3.7826080322265625,93.405027644006623,96.608878298820855,-3.2038506548142323,96.748175930059006,-3.3431482860523829,114.01421123210548,92.424917315178391,361.2423333786428,208.92005382044593,154.02112891434624,154.51693197320472,176.24985770612903,174.72936554632983,210.26060814133777,207.16734805478978,240.43306694433053,238.43053703202148,263.06788877994131,261.65446676068854,-0.89813689078721382,0.55972358274308931,-0.14449587583584389,-0.7042194585789332,-1.1924359006485759,0.25798216209028624,1.4504180627388621,-2.2247351859451783,0.88221278269813297,3.1069479686433112,-1.0505859654801952,1.0505147454546488,2.1011007109348441,-0.90251579759853939,0.58474332949907648,1.4872591270976159,25.806141455922443,26.399038748225394,-0.59289729230295052,26.424817233883914,-0.61867577796147089,27.232032946155869,32.846625502550523,65.135153700597584,218.16043316734761,179.49939031291763,177.17661582799181,199.67493324994001,194.87629037915789,219.77591164809775,214.51882584574997,238.51267941162479,233.93135548708634,255.99830164392714,251.58261172754422,-0.76247841016925122,0.93907464180017541,3.3307504574298719,2.3916758156296964,-1.1769073460056063,3.4904945032741352,4.6674018492797416,-1.8862079042079927,3.4579112498345808,5.3441191540425734,-1.3956172068229478,3.2390276736577448,4.6346448804806926,-2.3414590974831526,2.5865912146946073,4.9280503121777599,67.598885726148183,70.209840575214002,-2.6109548490658199,70.323359120858186,-2.724473394710003,86.782178092234517,59.578291644989804,296.10717945918441,205.12702416160479,151.3552960276881,151.12437944541969,166.32495918536125,167.13736158373098,202.03805525639382,200.89456982659092,241.51069363238597,241.39348885715145,265.74909229378295,264.92941378213209,-0.62959184673906066,0.25874321655282984,-0.1187633052859951,-0.37750652183882494,0.75951502426417505,-0.076020449167714332,-0.83553547343188939,-2.0932214947269756,-1.1011972723828478,0.99202422234412779,-0.54521581601437674,-0.26711221843865474,0.27810359757572201,-0.88926427924246809,0.035955227395390921,0.92521950663785901,0.1356584806179626,-0.13288656343019056,0.3793510590570861,0.68033142524734558,0.015528554642969539,-1.9364223702697814,0.3385272817371856,0.20701359051898294,-0.34503124134275254,-0.85040139080857102,-1.4389432998846132,-1.4521948182406845,0.18030875033775451,0.23884770724517848,0.3553871234803509
5246,2004,98.575450909833478,29.725135970528026,6,10,26.811611773876191,3.0416641235351562,148.40043615308969,148.88198504095635,-0.48154888786666561,148.90292253631742,-0.50248638322773331,167.96287507809438,132.69465818841491,411.77276185899973,199.22939067261831,128.63546710065856,131.58537076808105,157.98821376232146,160.02447018177898,202.40267214862328,199.47616624112462,238.1754987453063,235.84091975101748,265.15512817935519,263.06173552054514,0.17957820912630496,3.7918502809209826,0.64423986081058615,-3.1476104201103965,3.0027633107733323,0.93719988334228788,-2.0655634274310444,-1.5772421522726461,1.4414662206521314,3.0187083729247774,-0.90691807006695058,1.4787896053286431,2.3857076753955937,-0.97125195702341216,1.0778159037893147,2.0490678608127268,42.21392637772442,38.652350567732356,3.561575809992064,38.497499075412634,3.7164273023117858,43.732548081004438,57.774204991482748,124.78379549243255,214.43439936453996,168.38701135426325,166.84421532201034,194.09695038965904,189.79164468984877,216.94133651205829,213.02398983363238,238.42190736833109,235.35002716474688,258.16696894976536,254.98834285387966,-0.96827715548619153,-0.57583499390784709,2.1484475405851242,2.7242825344929713,-2.8734046986087378,2.493776706686333,5.3671814052950708,-1.5416528956250772,2.6369078151920462,4.1785607108171234,-0.57541982182476659,2.4452708580518845,3.0206906798766511,-1.6327878268527911,1.9787673629124924,3.6115551897652836,106.18650974946286,110.22963541572335,-4.0431256662604937,110.40542370553248,-4.2189139560696276,124.23032687432999,74.920453572565748,286.9889664426446,191.47942845531929,123.84279481932172,126.182747012698,146.2113264227597,147.58837088045541,184.12267677297379,186.62417595637493,237.94002046133244,236.29681307895524,268.95470317774419,266.65394391540428,1.5618764283127575,3.8109797720833427,0.93787905928860482,-2.8731007127947379,2.9826610599072296,0.76059086058447178,-2.2220701993227578,3.2100365632644809,0.74316949786543773,-2.4668670653990432,-1.2659512260296424,0.55122285526115888,1.8171740812908013,-1.4514420580788965,0.91688736608318777,2.3683294241620843,-1.1478553646124965,-2.5301535837989491,-4.3676852748288297,-4.3868147659911898,-5.8761680093820701,-5.8560657585159674,0.035589256647568845,-4.7516894588895582,0.33149824824218399,0.6905314042048758,-0.66153586982937895,-0.18134576877389463,0.30304043164263822,0.26037032326739451,0.43539209324800693
5249,2004,99.575455484115338,29.725135970528026,6,10,26.811611773876191,1.7142791748046875,107.58963091451733,110.2666910529806,-2.6770601384632755,110.38308538353886,-2.7934544690215262,121.44353400292675,106.86566459033656,286.81184351444244,203.44452009161404,147.53159487837183,142.95941232018805,169.69778324180388,166.96955698292189,204.71013661064023,202.01883471330981,235.88057950871686,235.34581676881302,259.9879087484814,259.63705263743617,-1.2573822238383343,-3.5659241237610502,0.61118075162147534,4.1771048753825255,-2.0678021674774243,0.72933990936436999,2.7971420768417943,-1.8598278948739733,0.88672223448875798,2.7465501293627312,0.17364680684380573,0.80512314870625801,0.63147634186245227,0.1868518319167265,0.56414481163778873,0.37729297972106224,38.976091440650634,32.376045218625222,6.6000462220254121,32.089086778156343,6.8870046624942916,39.971890304121189,46.86646436347246,92.403686432167888,211.51546193293564,167.52378756538522,174.01333692400542,188.30812772441234,192.32691125716053,211.78256497483929,213.17888672417243,235.2907619987613,234.44704924121748,254.49655524147792,251.40333915854276,2.7064840331494224,8.3356984186303578,1.6659580849480733,-6.6697403336822845,5.5494804657559769,1.6617262144516474,-3.8877542513043295,2.6032736509262691,1.6406217628700972,-0.96265188805617186,0.35665836629070213,1.5726164422026159,1.2159580759119137,-2.4847277117565909,1.4640963494336461,3.948824061190237,68.613539458965533,77.890646013700461,-9.2771065547349281,78.293997894295899,-9.6804584353303653,81.471643706256145,59.99920004059959,194.40815684944391,198.49037335415318,138.8054547248606,137.32875506552247,157.36310479390153,154.65296623452107,196.44469085213504,189.77285239676948,236.51054523533693,236.22040104052078,263.88568424407362,263.94988431451725,-2.4118889915439183,-0.71188968256737439,0.33591537069619903,1.0478050532635734,-1.9416577584529762,0.37594788619523456,2.3176056446482107,-6.3571574815663325,0.10509366896155825,6.4622511505278908,-0.40536247566510042,0.049073955213827958,0.45443643087892838,0.1495037024164958,0.17437441220477012,0.024870709788274326,3.9638662569877567,5.1183730246933408,11.901622542391408,9.0475881011977322,7.6172826332334012,7.491138224208953,4.4631015458002423,8.9604311324926016,0.1830115594468964,0.76202084195580255,-2.6715795436733174,-2.6342314141730867,0.32217528153615066,0.32913971610178833,0.43855493289759978
5251,2004,100.32545891482673,29.725135970528026,6,10,26.811611773876191,8.4583282470703125,141.42719047459468,146.36239899133579,-4.9352085167411133,146.57697573055702,-5.1497852559623425,155.10716086790671,148.27368699994622,471.03132176026702,207.95247333865498,147.60738289622489,143.91846300485744,174.6979863057729,168.22066862604049,209.34671726364581,201.92556089433373,241.25079439277462,235.86695518873933,265.4129056171617,262.2661445446459,-2.7627925737160695,-2.8668994930477538,0.88443209113469834,3.7513315841824522,-4.8531865631679523,1.6102017877757362,6.4633883509436885,-3.9609741377708758,3.5027816300904249,7.4637557678613007,-1.6981812489260335,3.7903203572724067,5.4885016061984402,-0.54684817520308115,2.6105610497863836,3.1574092249894647,52.66362985035812,49.437913264457165,3.2257165859009547,49.297665243373558,3.3659646069845621,52.901532053001574,70.841535992769423,138.76693286921363,217.37546965083149,177.32080300220289,165.31777099475252,197.18029114163863,185.91574535899144,217.77580877899788,208.740574876099,240.25555394845264,232.52567476709092,260.12608013911324,253.14033028320617,-1.9334106102129169,-5.6311934989822987,6.8181822575390925,12.449375756521391,-4.0855848804131654,7.3593811101496556,11.444965990562821,-1.7528509588649115,7.3303253038298806,9.0831762626947921,-1.1538026432313018,6.88702634962209,8.0408289928533918,-2.1979229502728685,5.5395586383583293,7.7374815886311978,88.763560411895014,96.924488066361846,-8.1609276544668319,97.279310372941836,-8.5157499610468221,102.20562870035246,77.432150711636496,332.26438825204968,201.46146406866825,141.7054866338494,138.65633158473574,157.04836460637159,156.6531171183818,198.32020053350047,192.86324710072697,242.19960803446273,239.63780972583837,269.65446744224408,266.51906863314264,-2.7704251978098569,-2.0617242616750673,0.79468511078252391,2.8564093724575912,0.20101148101281296,-0.090973309965391991,-0.29198479097820496,-6.2695696581850484,-0.96473233313471951,5.3048373250503289,-2.6434182090771401,0.36701632311931576,3.0104345321964558,-1.452508271505053,2.083822968789832,3.536331240294885,0.82938196350315252,0.83701458759693992,-2.7642940059345449,-3.5694692373072314,0.76760168275478691,-4.2865963614259783,2.2081231789059643,4.5167186993201369,0.54437860569473173,1.4896155658458383,-1.6510747750697874,-0.74541467876781553,0.29460234693233317,0.34106440835477542,0.47777550707830657
5252,2004,100.57546005839718,29.725135970528026,6,10,26.811611773876191,1.75,119.50752742585792,123.83147989004647,-4.3239524641885509,124.01947848669806,-4.511951060840147,135.38009406623496,126.12001742425309,397.93941007554531,207.3920323008968,148.01964208000308,144.8775729377887,173.39106382650496,169.6995194121686,208.22480247602604,204.21617747742977,241.59474094318639,238.7732818508108,264.83253862968263,264.22225059358777,-2.4406668453370628,-3.0972144460532718,0.1463489843259822,3.243563430379254,-3.3304996721641942,0.35785222951787432,3.6883519016820685,-3.3318922460048839,0.68235040089288646,4.0142426468977703,-2.1993552400802514,0.73968017389444185,2.9390354139746933,-0.15256416864639277,0.48445150878302456,0.63701567742941734,42.519808973327599,46.941816261798522,-4.4220072884709225,47.13407764088879,-4.6142686675611913,45.688998829715274,55.158217319145479,115.10349006822798,214.51619456426198,169.10244354565808,170.51428409158143,192.35714642549658,188.66187003770466,215.08434607712871,211.9839308509053,240.26179400295899,235.80138632667172,259.958375151513,255.060262486048,-1.2380337820407306,2.5583388770627948,1.5019091192177427,-1.0564297578450521,-2.050675812347805,1.5522827310390994,3.6029585433869045,-1.6555332436458627,1.5619063800253628,3.2174396236712255,-3.3773296794328473,1.4961667018879439,4.8734963813207912,-4.2275134247319954,1.3428529557042168,5.5703663804362122,76.987718459980897,76.889664539702608,0.098053920278289297,76.885400098267382,0.10231836171351461,89.691095244901589,70.961799609644004,282.83591963350773,202.91995628582296,144.24980973261617,139.16674512537634,161.20555257707483,156.66067192296805,200.61421789695768,193.80306507420769,242.77268428360441,242.24106541452252,268.08357111668073,269.74248662808975,-3.305118979117708,-5.0105193105485739,-0.066166720880858065,4.9443525896677158,-4.0819134085639917,0.03409797333316078,4.1160113818971524,-7.1236661254358467,-0.38412223551566171,6.7395438899201849,-0.72459926121680951,-0.13341546822488226,0.59118379299192725,1.8196290438656888,0.2246911465924768,-1.594937897273212,1.2026330632963322,2.0670851970769775,5.6555533231160666,7.5688581876113687,1.2798238598163891,2.0312375962161866,1.6763590023590211,5.4681328817899839,-1.1779744393525959,-2.6527304182160378,-4.0749492560856027,-6.0471424685976842,0.28924878299029644,0.33748683028216725,0.43734704803916763
5291,2004,91.075416602719599,29.475134826957564,6,10,26.87680239219284,-2.5500030517578125,102.76129551990562,103.8834113373523,-1.1221158174466836,103.93219706076525,-1.1709015408596315,124.79729251045683,113.12385093975445,363.68770644813776,207.17257815983248,149.94313789577959,147.97650630121919,172.350185351829,171.14114062628087,209.52041824984249,207.80765188584331,239.92237598272678,240.93730009338893,262.30009194681821,264.1569896474108,-1.2471574515809607,-2.1135358589293674,-0.44103709916188905,1.6724987597674783,-1.6018761358469931,-0.49119303748108223,1.1106830983659108,-2.6063478933321562,-0.88717361045357279,1.7191742828785834,-0.041897211848691995,-0.92615865278554566,-0.88426144093685366,1.2108980911245908,-0.64155352695360079,-1.8524516180781916,31.510479001617568,25.725732642752519,5.7847463588650498,25.474221694682456,6.0362573069351129,36.98419688983131,53.124956970840685,106.95696116820909,216.15132563971599,168.704451575474,176.54030419428386,196.3259775507716,199.75498293668167,219.91136976304068,222.45758023389936,240.10976819964768,242.94846386429086,259.01428902610627,260.05989938311234,1.5972344702015846,5.9869162201079007,-1.776827218177857,-7.7637434382857577,0.018251376878367864,-2.1044086443788217,-2.1226600212571896,-0.15344651031145418,-2.157437082854301,-2.0039905725428468,0.1431001299528134,-2.0219019009869612,-2.1650020309397746,-1.4288617271062094,-1.6169747210125252,-0.18811299390631575,71.250816918756755,78.157677109116776,-6.9068601903600211,78.457976093259276,-7.2071591745025216,87.813096167870754,59.998893879506795,256.73074548691511,201.69895338662147,147.76040247450817,144.26009208608386,162.77131156730343,162.52165375765969,196.73346140354778,196.86356575236869,239.72920378337741,239.28292809793075,264.38541790367896,265.96605726475605,-0.46362911524227002,-3.2537117920514049,-0.12267492094014187,3.1310368711112631,0.30710712459867295,-0.59403147301338777,-0.90113859761206072,-0.080079131906558132,-0.057720565208825292,0.02235856669773284,-0.50468227769107443,-0.017353846293701736,0.4873284313973727,1.2195682652346704,-0.32020460240357806,-1.5397728676382485,2.8443919217825453,2.0608635854438546,8.100452079037268,9.2406280121593056,1.6201275127253609,-0.28885574772030509,2.452901383020702,-0.073367378404896044,0.1849973418015054,0.64778240764388784,-2.6397598182308002,-2.6484299923408798,0.29409011982499128,0.2963541607822332,0.46961764941270484
5294,2004,91.825420033430987,29.475134826957564,6,10,26.87680239219284,-3.1999969482421875,100.26576682017185,104.05782540640939,-3.7920585862375447,104.22269525595038,-3.9569284357785364,121.12618267511971,122.86191762629642,332.6818521283567,205.27785342126757,147.30120529748723,147.34865001368883,172.89860562340226,173.7089515442469,207.72340283349541,207.12877457767254,237.71603335302541,238.84642677104191,259.3203201368753,261.13594164235553,-0.8875876164257761,-0.602673787604175,-0.73693827036646553,-0.13426448276229053,-0.49035636428774865,-1.3933906358887782,-0.90303427160102956,-2.3263553035934024,-1.6817854993727792,0.64456980422062315,-0.48987025419890529,-1.6089141930625885,-1.1190439388636833,0.44422717387681132,-1.274514922806361,-1.7187420966831723,45.308193386685161,45.472470029517353,-0.16427664283219201,45.479613607503779,-0.17142022081861796,48.000065134059696,68.646663739160431,127.80025494657457,214.02126754966326,167.08198957734305,171.92715145595236,187.63450920750626,191.35101588065456,215.869678750807,216.6349913948481,239.86541802639951,240.92990926026627,259.36182557313799,259.0978918534546,-0.95223736349308297,2.1173766019766447,-2.9179247935345529,-5.0353013955111976,0.62885456400678663,-2.9057159212625265,-3.5345704852693132,-2.0712962815880189,-2.7544928379994644,-0.6831965564114455,-1.8002928400928795,-2.5444895473965801,-0.74419670730370058,-2.773904545862365,-1.973975835253782,0.79992871060858306,54.957573329178558,58.585351705245557,-3.627778376066999,58.743081576921213,-3.7855082477426549,73.126117570862334,54.215254006345276,204.8815972507,197.26874650685349,137.21588821437359,138.67479205985643,157.49451740291536,158.03548444280051,195.92543863567363,194.22058808644951,234.05855945922639,236.00464109151696,259.26014285151643,262.90534564064143,0.013213100105588182,1.0672968441346313,-0.61097067279843031,-1.6782675169330616,0.57606688951801743,-0.48516228930213856,-1.061229178820156,-1.9874765602855575,-0.4758329363440339,1.5116436239415236,1.5574341250722057,-0.36954426252478356,-1.9269783875969893,2.9149394664120223,-0.47316594114886357,-3.3881054075608859,-0.064649747067306862,-0.96545046359867115,2.7200503895808197,1.0500797578420134,1.1192109282945353,0.052787674488769198,0.25505902200538344,-0.083819721302461403,-1.3104225858939742,-3.3577269651650852,-3.2181317197391763,-5.6888440122743873,0.3841515674178288,0.3962814981365651,0.55873019944194513
5295,2004,92.325422320571917,29.475134826957564,6,10,26.87680239219284,2.2857208251953125,131.61178028917857,140.3962091651847,-8.7844288760061318,140.77814221154404,-9.1663619223654678,148.04787559234319,128.0451171029099,374.17032796889544,208.44732635692912,152.16480536149498,150.69527872368161,177.87903466418041,173.78110478428562,210.38037051723583,206.12833969621286,238.54067302354304,237.632542606561,260.27966883644382,261.784680596165,-1.24944129723076,-0.52537927642771365,0.73230747498300275,1.2576867514107164,-2.987670656754517,1.1842151511490613,4.1718858079035783,-2.9703648612147617,1.363261577932235,4.3336264391469967,0.43533363511369316,1.3450456623106675,0.9097120271969743,2.6523944950690748,1.1058933420324593,-1.5465011530366155,58.887985406821826,52.25403632261623,6.6339490842055966,51.965604474824431,6.9223809319973952,61.607294885820011,62.926438203977341,128.07317066192627,213.36374526023488,167.16883238900604,170.46242999883935,187.72185086568047,189.47645366388826,214.94051174154913,213.32485311333971,237.50784170712612,236.11611496197767,259.54029618833289,255.62012612662011,1.489604884183791,5.4612507927346883,2.1157875959842443,-3.345463196750444,3.9487221347812351,2.0823367375477915,-1.8663853972334437,0.080133270826650005,2.0232496366157307,1.9431163657890806,0.33156233322063144,1.86473352594723,1.5331711927265985,-2.834788886515696,1.4003179207301741,4.2351068072458702,72.723794882356742,88.142174093201902,-15.41837921084516,88.812537602609154,-16.088742720252412,86.440580617116211,65.118678891481977,246.09715717285872,204.40758639493748,145.80342333636278,144.19402792007659,169.81228548899477,163.24774073111777,204.98456160984406,198.32377256478176,239.72528608332934,239.38225584323246,261.28614936709369,265.0435400689301,-1.914429899710143,-0.71732496301004289,0.65257889572148997,1.3699038587315329,-5.6799206294618045,0.74436252387096147,6.424283153332766,-5.9418828017378473,0.76637278600568948,6.7082555877435368,0.50920628344414354,0.7292199323966031,0.22001364895245956,4.5044517288699808,1.015024334039822,-3.4894273948301588,2.739046181414551,3.404034783893934,5.9866300691624019,6.1785757557447312,6.9363927915357522,9.6286427642430397,3.0504981320414117,6.0220160725644973,-0.10377130189306172,-0.17764395022351209,-5.4871833815847708,-7.3392406153856768,0.34228574819693591,0.4161308944105257,0.49143957714063663
5303,2004,98.32544976626302,29.475134826957564,6,10,26.87680239219284,1.3478240966796875,138.64311549000558,141.66086449182694,-3.0177490018213575,141.79207050459809,-3.1489550145925023,164.18037626793193,119.2361841834354,409.49095948040485,202.49848574572857,134.22802872467437,137.4794197332572,163.53264745256971,163.96286706609015,203.76505558261385,202.80415266511565,241.23702785088096,239.61877525369115,267.67769266600862,266.03161771421145,0.13434860174663754,3.8626983180919297,0.36448434546184671,-3.4982139726300829,0.87592100804675965,0.45768280328050537,-0.41823820476625428,-0.44905033974717412,0.61356411539722444,1.0626144551443986,-1.0045319392011436,0.66295997772721194,1.6674919169283555,-1.1348866933311115,0.47976307008912045,1.6146497634202319,35.07417971824907,32.623386787527124,2.4507929307219456,32.516830166436193,2.5573495518128766,36.726007216941525,35.735093488829079,80.661232808604836,210.79606478097827,153.13380177910977,162.04909823288071,185.33001467400348,189.76168683220359,214.48207107953073,217.09621991006634,238.57395882880775,241.85434970111774,260.46472405207345,263.07869124872593,4.8494576031272061,10.922150310468567,1.0255231593275482,-9.8966271511410184,5.3706906268288321,1.0740229984935752,-4.2966676283352569,3.1368339706312725,1.119716663885157,-2.0171173067461154,3.9144350461619126,0.98668619089119147,-2.9277488552707212,2.7547055566255949,0.64813557153047441,-2.1065699850951205,103.56893516080891,109.03747591081628,-5.4685407500073779,109.27524080301373,-5.7063056422048248,127.45436859358961,83.501090973193641,328.8297263532877,199.64834990922907,130.26545269431236,133.37304582738284,158.61385387928661,156.07804215846315,197.56465820382317,194.42634490534999,242.56929063120131,238.22241651665647,269.9550855683076,267.10344499528395,-1.6192564999145134,3.6051605361492989,0.31155220761746705,-3.2936083285318318,-2.2650359584726516,0.25240569478853558,2.5174416532611872,-2.5101852733297676,0.40179310043612304,2.9119783737658906,-4.0605747675035673,0.40741457740080023,4.4679893449043675,-2.5125445060421043,0.38930106255617147,2.9018455685982758,4.7151090013805685,6.4687141030417195,7.059451992376637,7.3169897743192678,4.4947696187820725,7.6357265853014837,3.5858843103784466,5.64701924396104,4.9189669853630562,7.9750098136654799,3.8895922499567064,5.2672500626676992,0.19697927619929465,0.22369303842383098,0.29970007622730932
5305,2004,98.82545205340395,29.475134826957564,6,10,26.87680239219284,2.6666717529296875,128.63121140003204,126.16366067528725,2.4675507247447968,126.05637717247009,2.5748342275619507,150.03994852676351,104.93970162431287,416.65264298021793,210.07907061000307,152.73049060206841,153.76814887384796,177.18069585982957,175.95743654867653,210.69626063686741,208.89563628206903,242.19807678962667,240.95463387423229,266.59523237038979,265.68202951949399,-0.25713821256044866,1.0599842665156132,-0.21385287365262684,-1.27383714016824,-0.62551977680783466,0.52548489592177816,1.1510046727296128,-0.75783879449798519,1.0240214445227878,1.781860239020773,-0.23722078410474978,1.0078218367879686,1.2450426208927183,-0.21606334607588451,0.6741888778841485,0.89025222396003301,45.335918724536896,36.505847401916981,8.830071322619915,36.121930725872517,9.2139879986643791,46.394546430726564,35.965596210412969,103.31937550753355,215.14592200653485,176.55955533441181,168.98671939729172,196.74361119382596,194.33774258587368,216.68992416664651,216.37010128276631,234.97765884857714,237.63998888660785,253.2623462266013,256.97337555940049,1.7198824820722223,-6.3801296570318584,1.838238655585883,8.2183683126177414,-0.62012584127205628,2.1936867124592823,2.8138125537313385,1.8731551909845621,2.2351311035365597,0.36197591255199768,5.3350263022758782,2.0728519032893473,-3.2621743989865308,4.7132078230249306,1.4945080754134779,-3.2186997476114527,83.295292615890503,89.65781743824482,-6.3625248223543167,89.934446558356285,-6.6391539424657822,103.64540216433397,68.974105519449949,313.3332680426538,207.66157672951582,148.3233996882071,150.4498344832584,167.36856652388639,169.97146774690438,204.65484209807494,202.97423600148224,247.2639107960409,243.19166276534446,270.59062882748577,268.5455781819424,-0.81792371397628472,2.3156037710743931,-0.82440544864911658,-3.1400092197235097,2.8115462791631103,0.058816201657350575,-2.7527300775057597,-1.6071553381244996,0.23170597187694852,1.8388613100014481,-3.8226187543025105,0.48647201262005524,4.3090907669225658,-1.6028589676875526,0.67230642253065298,2.2751653902182056,1.9770206946326709,2.537806196048507,-7.4401139235474716,-8.6957334281062515,0.0053939355357783825,-3.4316721204351666,2.6309939854825473,3.4803105291090617,5.5722470863806279,9.1576450565783887,4.9292711691008151,6.3160667907124832,0.24797484726969321,0.30921462508000591,0.34272630523737174
5306,2004,99.075453196974408,29.475134826957564,6,10,26.87680239219284,9.2857208251953125,163.86249095117819,160.44049817558334,3.4219927755948447,160.29171976047655,3.5707711907016346,173.35600091141168,115.53929805605367,411.23810324072838,206.59961276730749,145.44442882944409,143.44820229812413,168.8115797920473,167.85180323154788,207.13057128439635,203.29196494075822,242.65892848494846,238.11884960807029,268.20227732206195,264.85086634904127,0.047897693932100083,-1.1392349035615439,0.676815439860178,1.8160503434217219,1.8832214595973653,2.7134067798156423,0.83018532021827696,0.04113292647622302,4.023755022460449,3.982622095984226,-0.42017630518074611,4.1729310523433867,4.5931073575241328,-0.67011712080875441,2.71021910245463,3.3803362232633845,48.971093039392144,52.011657605436994,-3.0405645660448499,52.143855931923099,-3.1727628925309546,51.099365884399049,38.728929169076764,120.49629959091544,210.89832340979271,154.01292845774199,151.06696158834245,182.23151983269139,179.85131461288185,213.1679391221322,209.69440500355626,240.41196139784924,237.11108845987494,261.72622264429037,260.7482517993551,3.1483811136089912,2.7900622625971323,4.8680950516711334,2.0780327890740011,3.0089270093235143,6.0699473226898704,3.061020313366356,3.6848896598025931,7.2415370065266416,3.5566473467240485,3.5760532737052699,6.7178755959037062,3.1418223221984363,3.4541618506594318,4.7803349858006072,1.3261731351411754,114.89139759886166,108.42884391864936,6.4625536802122951,108.14786405207087,6.7435335467907862,122.25663474389057,76.810368748254405,290.74180313199759,204.65983454568766,142.84828148519085,140.11263863013457,164.74187160053594,162.92101921496197,202.53989222285858,198.02958936430954,243.93733200278814,238.8732705757032,271.09116589079213,266.96370004590966,-2.0182457791363504,-2.5807809082854476,-0.34856082999547766,2.2322200782899699,-0.57186601310070273,1.3274486076083178,1.8993146207090206,-2.6849276479991602,1.8858112537435261,4.5707389017426863,-2.9886497248779449,2.2044979543820773,5.1931476792600222,-2.6550255678390045,1.6518950814343043,4.3069206492733088,3.1004834196768911,5.1666268927453416,3.9292971661586762,5.3708431708825799,1.125705549726149,3.580793022424217,3.6437567333263701,6.3698173078017533,3.996229578886016,6.5647029985832148,4.1242789714681862,6.1091874184984363,0.29300859682348052,0.29476548614265641,0.33520135417723845
5308,2004,99.575455484115338,29.475134826957564,6,10,26.87680239219284,-4.6315765380859375,143.51392622621279,147.11254901202483,-3.5986227858120401,147.26901194325183,-3.7550857170390373,165.25671871381564,146.49252769535087,392.11854365840554,200.72969407987773,134.35687345680086,135.89712060521859,163.36510502538647,164.9735881026495,202.2455698012397,203.89519575125257,238.45951683074912,240.95472266937176,264.41956241287539,265.41152093112379,-0.5046337969401975,-0.015208244467089571,-1.6100536188723993,-1.5948453744053097,-0.65246780829860995,-2.2291601312109606,-1.5766923229123506,-0.69046271380719304,-2.4107706231086468,-1.7203079093014537,0.26764133168964577,-2.1413072322101812,-2.4089485638998269,-0.50407564075942446,-1.4432975124416885,-0.93922187168226401,57.46045799233616,63.002255444762341,-5.5417974524261808,63.243202466721414,-5.7827444743852539,61.837833416244393,72.790921850220911,176.34930521249771,208.02701720806476,147.27474958320781,152.0824247409725,175.69157459428746,178.78553092508028,211.16443695461979,213.20821563590346,242.53815552923095,243.72608376583486,264.45971956989484,265.39135524068337,-0.42838910576094236,2.4687043469428431,-3.3681510141262834,-5.8368553610691265,0.22867067765920979,-3.4738428343188446,-3.7025135119780543,-1.2285768408470972,-3.3830263817476123,-2.1544495409005151,-1.7824758458951919,-2.968295381577434,-1.1858195356822421,-1.266524342053799,-2.1499572128129785,-0.88343287075917942,86.053468323283596,84.110295855766708,1.943172467516888,84.025808850681642,2.0276594726019539,103.41888538697822,73.701605636513705,215.7692382670939,195.18302053269952,128.31465296614238,128.36939151272855,155.99061305496616,153.52806984397722,194.17032300393905,193.88962423526783,235.10668490505071,237.91668029864491,264.385937271486,265.43277764108285,-0.78667440362292496,-1.2074236779595395,-1.2795306559070383,-0.072106977947498763,-4.0351673107040256,-1.8327816085902384,2.2023857021137871,-1.78835324969873,-1.5504630826561652,0.23789016704256483,1.3894224134534738,-1.3909445633552764,-2.7803669768087502,-0.033950829496177448,-0.80553981286232101,-0.77158898336614357,0.076244691179255142,0.3582852978619826,2.4839125914099327,3.6761280249023827,0.88113848595781974,4.2638379883632354,-0.53811412703990413,0.55977640885163282,-2.0501171775848377,-3.1718982593486658,-0.76244870129437459,-1.2325735125576216,0.4497346735178242,0.37419255263885792,0.49689170495848456
5309,2004,100.07545777125625,29.475134826957564,6,10,26.87680239219284,-5.5,114.98819239752629,111.52535764058121,3.4628347569450852,111.37480006872283,3.6133923288034566,141.8857023300443,101.15304996503255,344.08889890834689,203.07163164306374,143.47256064220437,140.78841421488934,165.34534547736934,164.24713357095962,204.48753661057083,202.18299066653597,238.16470660691141,239.56645152434518,264.29096968449551,266.18995220112458,-1.8302853299466051,-3.4062655060722875,-0.82777488520588349,2.578490620866404,-2.3444275895868998,-1.2662733624391365,1.0781542271477633,-4.130998246114558,-1.7166168132909831,2.4143814328235749,-0.20951361573645499,-1.5800580660381058,-1.3705444503016508,0.84898355328806474,-1.0271451471634805,-1.8761287004515452,24.246410354753607,22.059908388147051,2.1865019666065564,21.964843260824637,2.2815670939289703,26.152652722565108,29.004277026058844,66.05094495578669,215.83834879722227,175.19856867614135,172.73284441397297,197.89654795170358,197.77328383792357,217.8996717050187,219.18306766226183,237.8697470557143,238.3304829699492,257.94627695286601,255.45395742393754,-4.0692074369103466,-5.7326130074709454,-4.4410455749014091,1.2915674325695363,-8.1155662058217217,-4.9009890839778052,3.2145771218439165,-4.3357161883350557,-4.9189779974470014,-0.58326180911194569,-4.3078762554965238,-4.6086044364766678,-0.30072818098014409,-7.077037618838375,-3.6504455541393952,3.4265920646989798,90.741782504010189,89.465450283323662,1.2763322206865269,89.409956994162712,1.3318255098474765,115.73305025963782,72.148772737469699,278.03795455023646,199.32367492802825,138.54889861618224,138.0029535559143,157.69801344084721,158.35087060627205,196.81433135618951,193.97694581671732,238.35449662468005,240.13621351661871,266.22742617046612,268.31422527291437,-0.61196793530518789,-0.98825275135575907,-0.64456492091150608,0.343687830444253,0.12878780945376889,-0.67268654084830359,-0.80147435030207248,-3.256691230850663,-0.34960355637107909,2.9070876744795839,1.4819274960516964,-0.23602824724761717,-1.7179557432993136,1.241803805286736,-0.86688401136899529,-2.1086878166557312,-2.2389221069637415,-3.4572395016051587,-2.3263475013986579,-4.7443602561151863,-5.7711386162348219,-8.2443540152754906,-0.20471794222049766,-1.0790249574843926,-4.0983626397600688,-5.7898037515482201,-7.9260211721264398,-8.318841424125111,0.19195895353014666,0.1843219739063679,0.2867365545189719
5311,2004,100.57546005839718,29.475134826957564,6,10,26.87680239219284,10.826080322265625,127.25529266349622,131.50249763921602,-4.2472049757197965,131.68715776451427,-4.4318651010180474,132.75612419703612,127.98865548571484,379.80860671587288,204.87668208469609,146.40824351628626,141.56408754546072,170.48417599030716,164.98651378517621,206.2024291272829,198.53419671519396,238.0748074428281,232.93352117167842,262.26295747458482,259.83135128971225,-1.9634925501363512,-3.0561301515652417,1.7914764460945491,4.8476065976597909,-2.4413107540537453,3.1519330399887906,5.5932437940425359,-3.1394402929915373,4.6567608061649537,7.796201099156491,-0.89189946984271273,4.2872642206826868,5.1791636905253995,0.13619086523618762,2.5955443641805118,2.4593534989443242,47.654523580131354,40.174933812242671,7.4795897678886831,39.849734802312014,7.8047887778193399,49.856542376507605,56.212458045232779,116.72915791900596,208.7375027008365,163.98946006870935,163.44670046033346,186.623613484537,181.55234620733276,209.06371908162242,203.31465552506867,232.14779752201551,225.90781463036106,253.2528660657357,244.88461454318104,3.725598139995526,7.8984459827373144,8.6855541137506975,0.78710813101338317,4.5646787566344642,9.4385792092774352,4.873900452642971,4.2740545058309465,9.6993501729167235,5.425295667085777,2.6755368938257789,9.4191047253833631,6.7435678315575842,-0.47964180346664875,8.6110752356583191,9.0907170391249679,79.600769481970929,91.327562230930198,-11.726792748959269,91.837423357083026,-12.236653875112097,82.899582243753684,71.776197552240774,263.0794494394213,202.22912214475696,142.41284041407175,136.58454363212854,159.54798204124992,154.37974752612371,201.00301349021345,192.66833041344157,244.02308109490633,240.1460425905033,266.76423410334712,265.51076309907296,-4.5495144338981106,-4.1242243287535985,1.5410506741482379,5.6652750029018364,-3.1791859828778684,1.6235495924705106,4.8027355753483789,-9.5805568005553425,-1.4820189049368082,8.0985378956185343,-4.8931147561930004,-0.88234809506062106,4.0107666611323793,0.44557404266151934,1.804698028390078,1.3591239857285586,5.6890906901318772,8.2751125738936366,10.954576134302556,12.022670311490913,7.0059895106882095,7.7438647395123326,7.4134947988224837,13.854611306386289,3.5674363636684916,7.5686516500187793,-0.61583266870283637,-0.9252158461281681,0.30733678978035556,0.37554984885300446,0.4391987542326109
5361,2004,98.575450909833478,29.225133683387103,6,10,26.941481844730376,-3.2272796630859375,133.81581968775936,130.01083808084513,3.8049816069142253,129.84540382088016,3.9704158668791933,160.88549272957607,116.33287880563148,383.01056124269962,203.15296875363751,137.7217202352609,140.06961490517386,164.77465186420204,167.75080495198003,204.0716091216151,206.71465401535701,241.73191986125914,241.99848405237154,267.24704585234184,266.4893700808384,0.47487375174910085,1.8878991813068637,-0.63131881145517355,-2.5192179927620373,1.9333391524769752,-1.1200787679496216,-3.0534179204265968,1.092938096462035,-1.5240602811670669,-2.6169983776291019,-1.3582227874319415,-1.538343457530658,-0.18012067009871657,-1.898949464135967,-1.0883764662766566,0.81057299785931036,50.746050459380058,49.44860779701412,1.2974426623659383,49.392197224213305,1.3538532351667527,52.334324208135513,56.091695022591011,131.58352161198854,214.43507855489938,155.02598442988861,159.51297351473985,182.68549503270188,186.75846845822139,218.22705769712161,218.56093911597,245.62299106242085,245.06147389441469,267.20880093295318,265.34262610171356,-1.7259862261978469,2.525558978129709,-2.5004980457631802,-5.0260570238928892,1.1435809767592104,-2.5836891804446225,-3.7272701572038329,-2.5019609133866254,-2.6880541050802833,-0.1860931916936579,-3.1743823577363912,-2.5095841154612231,0.66479824227516815,-3.9725748067144764,-2.0731573216656898,1.8994174850487866,83.0697692283793,80.562230828400061,2.5075383999792393,80.453207097887571,2.6165621304917295,108.55116853634172,60.241183783040469,251.42703947424889,195.90575496691181,129.19876077503176,133.26783997257812,155.33625653636093,155.92784007405984,192.21650764804809,195.80551870612609,237.83845751611602,238.60364232901119,267.30047011886325,267.4037517992914,1.8480471552177278,4.0338367720705435,-0.39027292311212136,-4.4241096951826648,0.66515069210541355,0.018134924566339805,-0.64701576753907375,3.0803352621303191,-0.61867565898927523,-3.6990109211195943,0.33223532321298421,-0.51266609839046851,-0.84490142160345272,-0.68450110587957624,-0.48079848078248233,0.20370262509709391,-2.2008599779469478,-3.5740333814155747,0.63765979682284524,-1.5082777939408345,-0.78975817571776474,0.47843028465379689,-3.5948990098486604,-5.5822961755169445,-1.8161595703044497,-3.5066176809493754,-2.0736253425785094,-3.2880737008349001,0.34355063522284685,0.32528926828785931,0.48216545140526262
5362,2004,98.82545205340395,29.225133683387103,6,10,26.941481844730376,1.86956787109375,175.42749639394606,173.09709293720152,2.3304034567445342,172.99577023866368,2.4317261552823766,194.14972847290483,119.98829483927329,416.85952401161194,197.59805591768551,124.25147797822915,123.80228500938793,156.06724289393435,154.28783974698314,199.08350611241667,198.86453350850294,238.74127854717864,238.26648665173821,267.64002363631073,267.36236055895733,0.050729440804389014,0.13499614629824919,0.34389038705327835,0.20889424075502916,-1.3944442066948284,0.38574020466219849,1.7801844113570269,0.64683505270201636,0.89587060098361349,0.24903554828159713,0.42720717963399579,0.9385222401082558,0.51131506047426001,0.30829152876697208,0.60047969407020219,0.29218816530323011,46.142127973730567,40.363574000818517,5.7785539729120501,40.112332320851237,6.0297956528793293,47.380819869619017,36.732117612509228,107.4373720579315,207.15252575228962,151.09405731388537,156.01468590969995,181.57652747440829,188.27662547906948,211.11178673027797,216.91380159349137,234.70835361002162,243.13134271103672,259.52002709697922,265.36389747534628,8.4216026623230391,8.1243788262775638,1.5161387418993115,-6.6082400843782523,7.8706248735045676,1.5924678130930374,-6.2781570604115302,7.6242415920302449,1.6552967139088253,-5.9689448781214196,9.5831863243165571,1.5237654169585824,-8.0594209073579748,6.5775969127787448,1.1741433464260354,-5.4034535663527095,129.28536864470516,132.73351835232097,-3.4481497076158121,132.88343770077336,-3.5980690560681978,146.76890884433669,83.256177393916005,309.42215219885111,194.10428692315512,120.60221224354525,118.98734745568969,147.19778902449411,142.71431614706944,191.0236996464312,187.59623215500565,241.40472955048645,234.96165263694127,270.76214784701375,268.21583418331176,-3.0218512435038178,-0.95750398921980207,0.26591524511992759,1.2234192343397297,-3.5271321690412663,0.30021872684167761,3.8273508958829439,-2.9096827012328106,0.54822035421292981,3.4579030554457404,-6.0658746115862527,0.46834424227822069,6.5342188538644734,-2.6597646351758613,0.34966430873788568,3.0094289439137469,8.3708732215186501,11.443453905826857,7.9893826799793146,9.0818828154973659,9.265069080199396,11.397757042545834,6.9774065393282285,10.533924293263055,9.1559791446825614,15.64906093590281,6.2693053840117727,9.2373615479546061,0.25773040045725032,0.244042679030743,0.30613084102672372
5363,2004,99.075453196974408,29.225133683387103,6,10,26.941481844730376,-4.600006103515625,152.6541086435318,154.08414399623871,-1.4300353527069092,154.14631879329681,-1.4922101497650146,179.46372477195109,113.88843467802144,403.20218553394079,203.12761976490455,134.55676055418724,134.80020371006813,163.09937016547991,166.63231247950756,204.93128159541169,207.78611652669716,242.17591949744224,244.41350593372846,269.79788012753255,270.8807566014458,0.71592842503076781,-0.073076790846499762,-0.39129561255526824,-0.31821882170876847,2.7282716956266597,-1.1833680462423501,-3.9116397418690099,0.67564654658136192,-2.1701990525474173,-2.8458455991287792,-0.13970452681326151,-2.3347742615915195,-2.195069734778258,-0.49665208494235458,-1.5464446211031486,-1.049792536160794,36.053621970117092,55.299171924591064,-19.245549954473972,56.135934889316559,-20.082312919199467,43.715747982800622,39.885733716905179,113.30076643824577,209.89036330310029,137.69677732741681,156.17853884447129,178.28811710903506,189.01799341293761,218.76656546305045,221.31584819841228,243.49243053765835,248.3758874123142,264.24662855986873,270.20972994671376,4.2120950854938144,15.692388263028732,-2.9509526369712091,-18.643340899999941,6.9960560552790412,-3.3385527176632195,-10.334608772942261,-1.0491028686377035,-3.7657353160949754,-2.7166324474572718,1.4136598720324969,-3.4266299394582518,-4.8402898114907487,2.8028721283356504,-2.6160225090122822,-5.4188946373479325,116.6004863679409,98.784970879554749,17.815515488386154,98.010383546352386,18.590102821588516,135.74797671613487,74.002700955155888,289.90141905844212,200.43215581771668,134.29027315836706,128.94765220505846,161.04161823641323,154.68212831554649,197.39286739072858,196.32754324876279,241.504008005358,240.474954830505,272.45408216206533,271.33730272588099,-2.7140425232155394,-5.1465091773400786,-0.39718693210258493,4.7493222452374937,-6.197367259083876,0.55665675281031213,6.7540240118941881,-2.3887389151896059,-1.1337905265114614,1.2549483886781445,-2.18501603740728,-1.0392092560883555,1.1458067813189245,-2.3818152242476458,-0.88563507696295574,1.4961801472846901,3.4961666604630466,6.9261376087093538,15.765465053875232,20.838897440368811,4.2677843596523815,13.193423314362917,-1.7247494152190654,1.3396360465519024,1.5533643988457584,3.5986759094397769,3.2995242132780049,5.1846873525832962,0.28100236185031374,0.24359099889602359,0.35021759522525475
5365,2004,100.07545777125625,29.225133683387103,6,10,26.941481844730376,-6.0526351928710938,129.20637615750456,132.32643756758262,-3.1200614100780513,132.46209211715905,-3.2557159596544807,155.85215835047234,127.49139066217322,372.94185296632349,202.29614591990153,134.90233385083678,135.47736483416122,166.23772309127898,166.21771305288544,205.36787469917383,205.09099477234892,238.3964847345388,240.44468680278504,264.49609124362968,265.60797831738239,-1.5700671815066585,-0.15350833453848622,-0.72018082678832229,-0.56667249224983607,-1.8785678321903561,-1.8110045950786855,0.06756323711167056,-3.3359561052610047,-3.0420629123637468,0.2938931928972579,-0.94344926542390795,-2.9295159820083256,-1.9860667165844177,-1.05951230864639,-2.1821271362543371,-1.1226148276079471,48.79578294444218,51.267066457727196,-2.4712835132850159,51.374512975105972,-2.5787300306637917,53.066527202313182,60.486306653312795,127.78828996885568,212.01608297195915,161.14656797433662,172.97363657753911,188.00254272601154,194.35038356815207,214.41909395998206,218.69915528770696,238.16494901915317,242.06412630722934,258.67971012769141,260.26297212128577,-0.2143398090108235,5.4365884605188342,-5.0537307422112576,-10.490319202730092,0.83579018590279475,-5.5148489710614683,-6.3506391569642631,-1.237658693967262,-5.4856448388024148,-4.2479861448351528,-1.6636360524554732,-5.3108680436089628,-3.6472319911534896,-3.7902592729270452,-4.9222081922055168,-1.1319489192784715,80.410593023072579,81.059370647919422,-0.64877762484684354,81.087579395372813,-0.67698637230023451,102.78563084221969,67.005083994743472,245.1535627041012,195.79563510325872,126.60253385990323,128.28544551927487,151.92093982190852,149.6240211109332,191.96038295260837,187.28253275388778,238.65195962659826,238.22798652591024,269.15582217888789,269.69811925458617,-2.2012843877994328,1.4009571606618323,-1.1946639582904055,-2.5956211189522378,-2.0501343684900633,-0.99641346157264366,1.0537209069174196,-5.1513146534865371,-0.44518261434978967,4.7061320391367474,-0.20802208076560191,0.32438252585103555,0.53240460661663747,-0.22380869984516494,-0.50986568294894141,-0.28605698310377647,1.355727372495835,1.9869445787886093,5.5900967950573204,4.0356312998570019,2.7143580180931508,2.885924554392858,2.0982974112937427,3.913655959519275,-0.72018678703156525,-1.4556139716898713,-2.7307469642806552,-3.5664505730818803,0.3426493673274984,0.3404927321120565,0.47443444093875686
5366,2004,100.32545891482673,29.225133683387103,6,10,26.941481844730376,-8.350006103515625,89.047625831095502,88.550134659200921,0.49749117189458048,88.528504806499768,0.51912102459573362,122.24659174726912,98.784262159140781,355.96062379982322,202.58246581599934,145.08104250710733,143.54628680731028,165.86074839895375,165.79786192845918,203.37546347801435,202.42327652921355,237.04509167442413,238.8885963078983,262.20420948701116,264.11839908960184,-1.1530031353286461,-2.6554705872868851,-1.244193686401843,1.4112769008850421,-1.7103247808191782,-1.6448927011055616,0.065432079713616531,-3.1549722309086121,-1.947537689031634,1.2074345418769781,0.17884184664731606,-1.6199796293080908,-1.7988214759554069,1.1350894566902525,-0.75434947044522005,-1.8894389271354726,18.527664244319567,15.345813854285097,3.1818503900344695,15.207472320888883,3.3201919234306843,20.76616735646985,27.800379543420604,56.855820081545971,214.51563019357127,167.39178166637481,164.29126463241283,193.5591523446499,194.31952672638076,216.71206808157683,217.92260018312737,238.43814885938318,238.25596106055542,258.80436159927314,255.49723245981363,-6.4721608942004423,-1.3751346204894048,-5.0839423837018671,-3.7088077632124623,-7.7413334167101766,-6.8724305596613249,0.86890285704885173,-7.1275387486625732,-7.33336062447259,-0.20582187581001676,-8.0779499402179624,-7.0713344372254312,1.0066155029925312,-11.585694131056044,-6.1428629457312809,5.4428311853247635,70.519961582864198,73.204321229599373,-2.6843596467351745,73.321032913274394,-2.8010713304101955,101.48042427885412,70.983883035933104,299.10480393376201,199.22204548107985,142.62242715830149,141.53013681263994,159.91246063228991,161.9272884611371,197.72445793212515,196.55359785850041,236.4634341298931,239.12000007797855,263.44936874592577,265.6823940776697,0.95581472860214944,-1.6822728264376963,-0.76124814953902842,0.92102467689866785,1.0928393240990317,-1.3358609838753921,-2.4287003079744238,-1.4515903382650777,-0.089685433434084416,1.3619049048309932,2.9015733129566001,0.28074366878649926,-2.6208296441701009,1.9520893355646081,-0.12315891316063698,-2.075248248725245,-5.3191577588717962,-7.4279756228025917,1.2803359667974803,0.30713820594829144,-6.0310086358909984,-8.8341727408092083,-3.9725665177539611,-5.6759484103974955,-8.2567917868652785,-10.979523253174563,-12.720783587746297,-13.537783466620652,0.15972502653416859,0.16987113554381567,0.28142518793767352
5396,2004,93.075425751283305,28.975132539816638,6,10,27.005649105449677,4.909088134765625,112.38347995281219,117.52945119142532,-5.1459712386131287,117.75318664312363,-5.3697066903114319,126.72159097432814,144.38949447253617,350.7012627646327,202.49519972540941,140.38743172602136,142.40094334604791,167.55336819193261,167.27323973172244,206.11550650379641,202.01706644809903,236.74359049370588,235.8829918704609,260.68832582915974,261.26790755453823,1.3929084622407402,3.603482745940596,1.456480107345584,-2.1470026385950121,1.7987972042466254,2.1400677482726849,0.3412705440260595,-1.5534058904633241,2.5790682663810003,4.1324741568443244,1.5668493425212944,2.4721487106008908,0.90529936807959643,2.2920098480116167,1.7588426799006243,-0.53316716811099241,42.346487395465374,40.614188738167286,1.7322986572980881,40.538872361183167,1.8076150342822075,43.493978310469629,75.50101255008849,127.14507499337196,211.58723453155974,162.3194861780018,163.03375924186147,183.75017030543131,182.99678788187686,213.84546645255699,208.87417731405438,237.50280169838825,233.49079617348741,257.93987733856551,253.48821167362416,0.71586754982729417,5.421308168777216,4.3397014316742855,-1.0816067371029305,4.3628577156211747,4.4573553883045065,0.094497672683331757,-0.72490517375732111,4.3667870482184696,5.0916922219757907,-0.021148964724858388,4.1279523215917777,4.1491012863166361,-1.5399426874423625,3.5340217819294821,5.0739644693718446,70.036992698907852,76.915260374546051,-6.8782676756381989,77.214314877986908,-7.1773221790790558,83.227612725833751,68.888481914997101,223.55618790537119,195.38282544350736,134.38249013219814,136.03345575483624,151.47909471456506,155.26235311669217,192.10887988962676,193.98683460429507,235.72143287008743,238.74220898290508,263.67461638379984,265.96311585843273,2.9629734269967685,2.8717916015188507,1.1952240787925348,-1.6765675227263159,5.1364032234309889,1.2166557261868434,-3.9197474972441455,2.3132528882784129,0.50861175518633672,-1.8046411330920762,3.5305875399432409,0.47141202092834078,-3.0591755190149001,3.0952441514348266,1.0156259544096997,-2.0796181970251268,-0.67704091241344599,-2.2471058771694743,1.81782542283662,2.5495165672583653,2.5640605113745494,-0.77354550780981413,0.828500716706003,-3.038158062035734,-1.5879983072461528,-3.5517365046680993,-3.8319525354539792,-4.6351868388771891,0.36254524432295315,0.3432246863068571,0.52289824011018526
5399,2004,94.325431469135623,28.975132539816638,6,10,27.005649105449677,15.111114501953125,133.05445738719391,138.10517208449164,-5.0507146972977353,138.32477010939692,-5.2703127222030162,134.60579549309659,132.68813128797956,371.982954736799,204.91923062676071,138.99917729349289,138.22179486754314,164.82308704548811,162.82174169864263,208.2841453235886,201.09751521805867,244.14732387922513,237.6124166370677,268.53585310525722,264.19527223680086,0.71003421804272193,2.8591258926461762,3.6559956232933928,0.79686973064721656,2.0909463317417192,4.1752302293332093,2.0842838975914901,-0.82993343705277312,6.4720477259622839,7.3019811630150571,-1.3725160655219213,5.3827594249327149,6.7552754904546362,-0.22565684321136814,4.1323000503722369,4.3579568935836051,62.194241190603861,65.040218663774795,-2.8459774731709331,65.163956946516919,-2.9697157559130574,62.836972630573655,75.670907093246569,176.60112242400646,208.36233935542427,143.24013980952438,140.9841393273469,168.1299945609687,166.7513989791228,213.66281966731265,203.22781014356823,246.94122639101388,237.61897716858107,267.14800691089755,263.09333029342963,0.75043409691471652,3.6086402711025301,5.6448550388778642,2.0362147677753342,4.8822554904375295,6.6080140595508396,1.7257585691133102,-1.3709142464137187,9.3176278693205745,10.688542115734293,-3.1555181270343837,6.7918454450847605,9.9473635721191442,0.57920116945160771,5.2528681906148336,4.6736670211632259,70.860215958171466,73.06495608305795,-2.2047401248864844,73.160813957608298,-2.3005979994368317,71.768822624104359,57.017224148374225,195.38183234259486,201.21620772766875,135.94238260030238,135.79018496879854,160.04071494766237,159.11346247539529,198.59934151396402,197.90768716180307,242.48589725491843,237.6049543060544,269.26842716326667,265.37515383424312,0.80663709689960683,2.346850581388253,2.2912690061877186,-0.055581575200534417,1.2722461143349335,2.0265463106027823,0.75430019626784883,2.6520878771383707,3.3747749502338138,0.72268707309544311,-1.192281581817042,3.6812499819460527,4.8735315637630947,-1.0449368164730686,2.9348339112724489,3.9797707277455174,0.040399878871994588,-0.056202999984890312,0.74951437845635382,1.2617896897142771,2.7913091586958103,3.610009376102596,-0.54098080936094561,-4.0230021235520894,-1.7830020615124624,-1.9632365452173417,0.80485801266297585,1.6241379859246763,0.47475595366718537,0.46682219291067834,0.57029145228531619
5411,2004,99.075453196974408,28.975132539816638,6,10,27.005649105449677,10.590911865234375,148.38655800869856,150.86213655652682,-2.4755785478282633,150.96977275139216,-2.583214742693599,157.20758298601322,103.34485159930227,388.81713183224201,206.77885432718455,145.74903939806623,144.01536740730054,168.30815760029807,167.77185600209427,207.58761816723535,202.63721866061638,242.87066534927891,237.06326626226314,268.84515491227091,264.7131290467205,-0.24119040169088635,-1.1548494677651888,0.45549075695905117,1.61034022472424,2.3657517477801662,2.7123536390961931,0.34660189131602692,-0.60125298333019828,4.3772425318662158,4.9784955151964141,-1.1198836830602943,4.6630233202615159,5.7829070033218102,-1.3641383812388881,2.771357488233491,4.1354958694723791,50.504856506617216,56.497680494424458,-5.9928239878072418,56.75823811774444,-6.2533816111272245,51.318517450158652,43.631690485552099,129.16025045514107,213.75088324823298,154.53811583112625,147.54189801426278,183.59887931360907,173.779437746958,217.80804865654946,206.36106581121879,243.36282374867679,234.95118828604035,265.56693854744697,259.83925848655537,-2.3279971158585511,-1.0535484602016538,5.3863619976883115,6.4399104578899653,-3.7414323623964663,6.1078905171358429,9.8493228795323091,-3.6112189574087665,7.7747558479813392,11.385974805390106,-0.90884461332973387,7.3911326583271091,8.299977271656843,-0.54504899313315036,5.4717085689927103,6.0167575621258607,97.881701300915665,94.364459015241664,3.5172422856740013,94.211534332915107,3.670166968000558,105.88906535229944,59.713161132714959,259.6568813174963,202.78135018305102,141.69047848175683,141.78966412936754,163.60342625625631,164.71293554764065,199.04358735713143,199.3641050679733,242.5498365618036,238.82823348694532,271.04076704690482,267.68343165895243,0.58613726218536044,-0.75746179086848997,-1.5660531570322007,-0.80859136616371075,1.1170030170300436,0.38238515305295095,-0.73461786397709261,2.2094044345023747,1.914664080863929,-0.29474035363844564,-1.4815095333231909,2.3509176498986051,3.832427183221796,-2.7404934699900423,1.2586016385396874,3.9990951085297297,-2.0868067141676647,-2.9141343780439115,0.10130100756353499,-0.29608666933316385,-6.1071841101766324,-4.8584353794265098,-3.0099659740785683,-5.8206233919111412,0.21103906973056041,0.57266491999345703,0.81908938810573773,2.1954444768568919,0.33218765296295688,0.32643792669164351,0.42219510512942354
5507,2004,91.075416602719599,28.22512910910525,6,10,27.195067619819643,12.550003051757812,116.34936204364567,113.91183258310048,2.4375294605451927,113.80585257097846,2.5435094726672105,117.38837291273148,123.40639388632553,294.56885254010558,208.43983054550145,152.50806921960077,147.89810266283888,177.75090539355492,169.73495275477796,210.25917253735687,201.45591653387774,239.27808611736296,233.54709458308648,263.20974585621769,257.39755895539139,1.1238774897375379,2.61661202481244,6.9534740090443847,4.3368619842319447,0.55310038518837246,8.5552296213977854,8.002129236209413,-0.073029838571727623,8.7650074235242244,8.838037262095952,2.337459417382405,8.0988729293542292,5.7614135119718242,0.5867076828012614,6.3834401769182705,5.7967324941170091,36.179290028301693,31.418735097069657,4.7605549312320363,31.211753969562778,4.967536058738915,36.179290028301693,45.053880160423432,81.592224285006523,211.777248201596,169.37132783747151,164.2284936960273,188.05169922236934,181.49384925265451,213.44213306183207,202.61986619283044,234.37594444927609,223.51567793899159,250.32406968709498,242.71620290108794,2.5933700282475911,7.0971765833708673,12.051376776819069,4.9542001934482016,5.3719415731602282,12.000340317272276,6.6283987441120473,0.73745729318321196,11.866695130652261,11.129237837469049,0.73744048804695694,11.435895390182424,10.698454902135467,1.9610645817306249,10.556086064090749,8.5950214823601243,80.17007219415791,82.493095438423552,-2.3230232442656416,82.594097964298271,-2.4240257701403607,81.209083063243725,78.352513442780037,212.97662815079093,206.74074355625035,146.27700087804149,142.81630287065633,171.63974069227922,163.28529296948426,207.84468950871741,200.38573421054247,245.28098390245179,239.25401019159131,265.67539684309173,260.79742194707035,0.6248327043917925,2.7011357233760407,5.9492215737364802,3.2480858503604395,-1.1340334810953436,7.0251332663125936,8.1591667474079372,-1.4402678724261762,5.9706182976804598,7.410886170106636,0.67896087734234811,6.8400810969958172,6.1611202196534691,1.4253422802601676,6.4964506618148903,5.0711083815547227,1.4694925385100532,1.9685373238557986,4.4805645585584273,4.3960408599948266,4.8188411879718558,6.5059750542555719,0.81048713175493958,2.1777251656093881,-1.6000189293354481,0.058479610704608831,1.3743568989293635,0.5357223014704573,0.2769886346822692,0.30820164834551367,0.36508546066036357
5522,2004,99.325454340544866,28.22512910910525,6,10,27.195067619819643,32.227279663085938,214.30771900642503,213.50664924193916,0.80106976448587375,213.47181804147112,0.83590096495390753,183.82972025429808,145.56513494272804,506.69712699949741,214.90177623868132,155.84861553249058,153.05004859853148,178.12707482516186,172.37377609020751,215.41144079443106,202.08863989913226,250.48724583465301,236.0474007006913,274.6138145613632,263.20517028666728,0.054354282931797115,1.5988403542644107,4.1931120729836096,2.5942717187191988,1.465680673140497,7.2158497520183573,5.7501690788778603,-0.60496628605818614,12.782563556777689,13.387529842835875,-1.4229239191624004,13.10129100276086,14.52421492192326,-1.1400881410878583,10.321230623948395,11.461318765036253,90.174950512046053,96.222208311954091,-6.0472577999080386,96.485133975345889,-6.3101834632998361,83.655334698824845,78.089044600415946,237.82569497078657,218.23490092063918,156.37344205414567,154.53331219945153,182.20253332358484,174.29321746091867,221.23489848905075,201.88495245194005,253.78315244666706,232.86776713854775,274.64193501839259,259.71663313311018,-0.92087066801357764,3.697349710738024,4.5517103630443785,0.8543606523063545,2.4481204860221624,9.8137798940048242,7.3656594079826618,-2.7193019479614975,16.526762357552002,19.246064305513499,-4.0681187040717646,17.104391815066265,21.172510519138029,-2.4723678572345875,12.625659216852227,15.098027074086815,124.13276842732375,117.28443723991404,6.8483311874097126,116.98668406883371,7.1460843584900431,100.17438565978136,67.476090282707446,268.87143184244633,211.68607293267164,155.26447190449639,151.77586409428733,173.82416253730597,170.49003680633737,209.45862444131211,202.34226776022646,248.47846538319556,239.65291146930508,274.58771667547484,265.87918945125125,1.2362367931506242,1.5072526156553465,3.9030967755432187,2.3958441598878721,2.4532037443796924,5.6540625337713379,3.2008587893916456,1.3482594617391612,8.3204403710921042,6.972180909352943,-0.21503733670016345,8.6353006381897046,8.8503379748898681,-0.12577468014410442,8.9849606639303943,9.1107353440744987,-0.97522495094537476,-2.1571074611642018,2.0985093564736133,2.1900970950826775,0.98243981288166538,-0.005083258357529985,-2.1143356619033113,-4.0675614097006587,-2.6451947849093642,-3.8530813673716011,-1.3322797161467292,-2.3465931770904831,0.46936460125423696,0.45506969484097293,0.53645431394777143
5566,2004,89.075407454155894,27.725126821964324,6,10,27.318767290163041,-19.050003051757812,75.878333389759064,80.268030405044556,-4.3896970152854919,80.458886861801147,-4.5805534720420837,130.02826731133064,102.02266831696033,336.93697131425142,209.59019332522485,154.67572382205216,158.38142299771042,175.73901943156346,182.88366005568591,211.8313834902338,218.20209361202276,240.02229261267644,249.07286425193479,263.45581412441203,269.33724879470549,0.87543924601132517,0.98149614503776661,-2.9435858056002076,-3.9250819506379742,1.6018550369540776,-5.6659846813386423,-7.2678397182927199,-0.73930040338592562,-7.0160357195477445,-6.2767353161618189,2.6243420810116049,-6.3382185205643395,-8.9625606015759445,1.5708471050049866,-4.319062295130891,-5.8899094001358776,37.52263668179512,41.17373114824295,-3.6510944664478302,41.332474708557129,-3.8098380267620087,49.410963100384834,49.004986196756363,98.697111025452614,215.5060414719868,168.30439848208485,189.06531214981106,191.17940707024664,207.90124262572553,217.81916047740322,232.67517107670292,238.66166748215909,254.48282092641142,259.71630875757126,270.18909058333617,-1.0823361631793205,3.1525165955458192,-17.998599604847612,-21.151116200393432,-0.93425584910644943,-17.573659803704487,-16.639403954598038,-2.9780508643205792,-16.750315598711893,-13.772264734391314,0.30135622427891917,-15.311786807602971,-15.61314303188189,-3.4706005507378563,-13.226062498768044,-9.7554619480301881,38.355696827173233,39.094299972057343,-0.7386031448841095,39.126412570476532,-0.77071574330329895,80.617303927823741,53.017682269215584,238.23986015468836,205.23344662125493,150.29051431698855,151.00979974808001,165.54450196177112,168.28130352366458,204.62513611179313,200.50420963437864,242.12686877272279,242.63648809953105,266.87755715472724,268.48772862456912,2.2379617201569033,-0.75440949367956023,-1.7332037131823768,-0.97879421950281653,1.4439606352673025,-1.6018572460556868,-3.0458178813229893,0.8523977293442897,4.8998927210696479,4.0474949917253582,4.439394129844203,4.3357819373644588,-0.10361219247974418,3.850042075320232,2.4384621647167819,-1.4115799106034501,-1.9577754091906456,-3.3202978833362238,2.1710204505080526,3.9069260892253794,-2.536110886060527,-2.3782164843737519,-2.2387504609346536,-3.8304485936648689,-2.3229858567326858,-4.1380379055652838,-5.0414476557428429,-7.3206426260580884,0.29292455096416431,0.38000170364555164,0.48033429241930281
5695,2004,100.82546120196764,26.225119960541548,5,10,27.677400432123186,44.388885498046875,272.22336357831955,271.34589445590973,0.87746912240982056,271.30774450302124,0.91561907529830933,234.54969030568827,178.5816381459299,597.57685001194477,220.99081126563922,158.9387429885966,154.37418027938153,182.37147478139815,171.98030831925553,219.16130689846466,201.60105481030052,258.56155175226621,237.376560779052,287.34496708262981,271.32592838561584,3.0579666331112207,3.0078241170306796,7.2608023151825023,4.2529781981518227,4.2425914265059816,14.505749841685486,10.263158415179504,3.4364951138322795,20.971172427979923,17.534677314147643,1.6923345418150006,22.873576298288071,21.181241756473071,0.92837193906467519,16.939198890480611,16.010826951415936,170.17481233179569,166.62854039669037,3.5462719351053238,166.47435230016708,3.7004600316286087,143.65633385779165,126.47440646922041,391.32661300897598,226.9844467244157,165.59227859592099,155.73208453262387,188.68787191180104,174.04441804794482,224.52724714218718,204.31542261120788,263.34845411407605,241.84642612593066,294.6197513307402,275.82883095782279,1.4395899128326448,0.8122388561880598,10.107166656493689,9.2949278003056293,4.189536763996216,18.949529750554376,14.75999298655816,2.956980132085306,23.367835963726606,20.4108558316413,0.85578923217195779,21.994869805024877,21.139080572852919,-3.3541754292314181,16.104014143516736,19.458189572748154,102.04855132102966,104.71735683083534,-2.6688055098056793,104.83339273929596,-2.7848414182662964,90.893356466109253,52.107231706511811,206.25023730099201,209.66872368731291,153.94725740130158,151.88620958359724,170.42952120095788,167.56110125606565,204.40921821354917,195.67875702748753,246.11096255093489,228.96148031296255,273.86472650734834,258.49701448687512,6.2748855181577881,3.8594318396273479,5.0735100301043872,1.2140781904770392,6.1750312413669519,8.9331570723185791,2.7581258309516272,7.6338340379980991,16.345687178290518,8.7118531402924191,5.732536990568633,23.150121415655235,17.417584425086602,7.6317336378401137,22.85797619465211,15.226242556811997,-1.6183767202785759,-4.8352956053251432,-2.1955852608426198,-3.0471929834392881,-0.053054662509765649,-1.9854944773707359,-0.47951498174697349,-4.6768539059127932,-0.83654530964304286,-4.8767477583966752,-4.2825473682960933,-10.985909067071532,0.65485571102888918,0.61247718413341135,0.70821618494657601
5698,2004,102.82547035053135,26.225119960541548,5,10,27.677400432123186,14.285720825195312,179.56935026112478,186.45448637880327,-6.8851361176784849,186.75383960265026,-7.1844893415254774,181.07417419962076,177.42454244056717,507.94707907736301,214.17985759935002,151.54588616266381,148.29439284628145,178.87557172011515,171.7348381351523,214.13453071586417,205.79496659532415,248.59428447185587,242.52144989635096,275.20143207026865,271.7565179097096,-0.15113557388903587,0.36110725506361518,3.1932881560492206,2.8321809009856054,-1.4198527218662491,5.6927318381564191,7.1125845600226683,-0.66505515997934594,7.7749751641780733,8.4400303241574193,0.89503861487787617,7.1664918377288416,6.2714532228509654,1.8543240146954645,5.4763449702048774,3.6220209555094129,102.80853738162114,100.28938424828812,2.5191531333330204,100.17985458356998,2.6286827980511589,104.04341317265425,108.90988868914974,265.61443704599515,215.8361108630402,160.98244977325459,155.65462971517962,184.35081119298343,178.28316813155885,215.92145850656976,207.67846687530619,246.3332102157209,239.53223941306788,270.6354691894565,265.14217885168586,2.5094816928811383,1.409261375073271,5.5624834967457275,4.1532221216724565,3.7130784837458179,9.6527583116810547,5.9396798279352367,2.2305371508640803,10.809451524200568,8.5789143733364881,3.3407962380834135,10.124174048126122,6.7833778100427082,2.9604406230045015,9.0131114957205227,6.0526708727160212,76.760812968910614,86.165103430463205,-9.4042904615525913,86.573984601847769,-9.8131716329371557,77.030761116373469,68.51465390787962,242.33264212310314,211.75652741779049,145.62652876984626,142.33008948524369,167.19750869076182,161.42984893823251,210.13911548624628,201.62752694340026,253.18286147805446,247.97987395026078,283.40977806799049,280.06500127415291,-3.5959582900165685,-0.083595619505814511,2.8145717230806611,2.8981673425864756,-3.0280497213092303,2.694553012268301,5.7226027335775314,-6.7899526327114756,1.6678706148640572,8.4578232475755328,-3.5665519005874273,1.7735128982706954,5.3400647988581227,-2.0104799782188252,1.3870554033815665,3.3975353816003917,2.6606172667701742,6.1054399828977068,1.0481541200096558,1.4928569945790855,5.1329312056120671,6.7411282050550483,2.8955923108434263,9.020489783575556,2.4457576232055374,6.9073481386708409,1.106116608309037,4.9709206012233267,0.52291754000920376,0.57459001888338956,0.61383778811565404
5699,2004,103.07547149410182,26.225119960541548,5,10,27.677400432123186,11.149993896484375,176.27551788568962,188.06116274861779,-11.785644862928166,188.57357921080256,-12.29806132511294,184.89808393779822,206.9358403262886,593.2757977694273,211.63081582902458,153.88310299301656,152.37057705370634,179.38519540219696,174.41007332065368,211.52415304835793,206.94576523769265,242.91359580606698,241.57399917231373,269.4339174745287,268.80994541483051,0.98750288660048113,0.36910511849433192,1.7891571470171641,1.4200520285228322,-0.9995279594013482,3.8441594049384662,4.8436873643398144,0.6615538912460579,5.2648457635422972,4.6032918722962393,3.030790471803698,4.4595706264989872,1.4287801546952892,2.4151650190960368,3.1138782857840965,0.69871326668805978,101.70832926873845,104.03485092014671,-2.3265216514082567,104.13600215736005,-2.4276728886216006,103.98696217808902,131.11011635505929,324.9930753596127,213.97652632127026,164.6528398298274,159.45328050802624,185.17462834977877,181.01092507871644,214.27859040814644,209.16670248694786,240.23459548036988,239.34023240070715,265.42216345617788,264.51478029226342,2.8978511616562912,-0.21906247904772158,4.3890496093342506,4.6081120883819722,3.0622171829910769,7.1381509621614896,4.0759337791704127,2.4547999918145536,7.7725714852667238,5.3177714934521703,6.0170770472596189,6.8792321872927289,0.86215514003311,3.9278810901390671,5.3566661030395153,1.4287850129004482,74.567188348730269,84.026309110500733,-9.459120761770464,84.437576105729022,-9.8703877569987526,80.911121491488302,75.825724045735114,268.28272220492363,208.11237279945004,145.92578185853262,145.93925485525031,166.7549101077509,163.29382319493567,205.475552944594,201.43827956839195,248.28873761653617,245.87050024345837,274.82825736821223,274.64790782260746,-1.8386510802835403,2.0359945627685363,1.5874897232464491,-0.4485048395220872,-1.8972290727801635,1.5956122135308419,3.4928412863110054,-4.4667625046506032,-0.20589755653065822,4.260864948119945,-2.8178820161072622,-0.23974246317058601,2.5781395529366762,0.19845326782586881,0.51742651531594674,0.31897324749007794,1.9103482750558101,4.7365022419398315,-0.5881675975420535,-2.2550570418162579,4.0617451423924251,4.9594462557712404,1.7932461005684956,6.9215624964651568,2.9862865754559209,8.8349590633668811,1.5127160710430303,3.7294278223131982,0.54779425788395153,0.56240151311179298,0.63357858236799303
5700,2004,103.32547263767228,26.225119960541548,5,10,27.677400432123186,-2.7222213745117188,163.8850328284243,177.49647556136188,-13.611442732937576,178.08827775448299,-14.203244926058687,192.53806296161974,173.88735490641739,517.23697039484978,202.88398664016364,132.36506044861176,130.58917605963583,164.46515250560029,160.78780612737106,204.8826377491994,203.33885060154077,242.0029986032437,242.48111085608451,271.98670996184251,271.98261979063898,-1.4818858128925569,-1.8689959211796463,-0.45940175652549442,1.4095941646541519,-3.9044450895439127,-0.81361060003467855,3.0908344895092341,-2.5218349770927375,-0.94985127495456823,1.5719837021381693,-0.56308606617918144,-1.2109766577458174,-0.64789059156663598,-0.8687416593471653,-0.69293263200694355,0.17580902734022175,83.245185292060341,93.915001643039432,-10.66981635097909,94.378905920402758,-11.133720628342417,96.234156358506084,104.9688470763831,257.45558616053313,208.11118799358229,135.01596704885296,140.04355553160696,175.40778828829656,174.17036880378168,210.95729750885553,210.71930705907582,243.50629955303754,243.84455430583873,270.31182617908848,270.29309214247365,-1.3257245769150074,4.9558017647286192,-0.49335125021755744,-5.4491530149461767,-2.3239171821303728,-1.4496207978397706,0.87429638429060219,-2.3028663730135861,-1.8178229567325559,0.4850434162810302,-1.1760264569495007,-1.6574363797679439,-0.48140992281844319,-1.7600759168128093,-1.0926788376955301,0.66739707911727919,80.63984767792499,83.581476120381922,-2.9416284424569312,83.709371274459045,-3.0695235965340544,96.303906644505787,68.918507859836609,259.78138406574726,196.51845438442268,129.22551581958297,124.70726360085392,150.73228075646199,148.09234976381208,190.68368355370075,190.42155484910666,238.54998885273289,240.03107905837908,274.13150844525853,274.25204482996918,-1.569927440538919,-3.6750016538997983,-0.5052812736689134,3.1697203802308849,-3.2377726615968925,-0.62508426508716752,2.612688396509725,-0.30856126878896362,-0.0071795072745146626,0.30138176151444895,1.1886935333455995,-0.31356065898197016,-1.5022541923275696,-0.10475315432637444,-0.15878603264343383,-0.054032878317059385,0.1561612359775495,0.24420286362391153,6.8247976859082655,8.6308034186284175,1.5805279074135399,0.91385547946651968,0.21896860407915142,-1.9943051042246225,-0.61294039077031925,-2.3647199902951002,-0.89133425746564399,-1.6553227624864348,0.497751709364464,0.49981886634898398,0.60366003688350534
5763,2004,100.07545777125625,25.225115386259695,5,5,27.906026500856399,13.666664123535156,283.60407390818,282.02781450170005,1.5762594064799487,281.95928090410598,1.6447930040740175,288.28105373274775,221.95179371614358,686.48370650410652,207.68132343523197,132.41291239985787,130.74124690736323,163.96991129586056,160.56594900201534,208.5855268126696,204.92791263522562,251.00915487262128,248.15161238640556,283.91408557280693,279.41191424331959,2.2854951754678723,0.7329779838371735,2.1984147227874473,1.4654367389502738,2.4699000338340511,5.7508351941577871,3.280935160323736,3.0201330609310446,6.7072735962040326,3.687140535272988,3.3030512779306207,6.3347604239772011,3.0317091460465804,-0.30512143811534997,4.2778994673338389,4.5830209054491888,171.01788392279923,169.52902161729435,1.4888623055048811,169.46428891010146,1.5535950126977696,172.16552318566482,157.96767977743366,450.58828541636467,213.87762404361956,136.33607178572308,132.90487000092324,171.03950141263365,166.78411408315958,215.22057710503765,211.15678003276994,260.2107665960292,252.246570092924,288.55503389809002,282.65153804224059,0.1665646624328474,-0.95135217938243954,1.4575476455704859,2.4088998249529254,1.1272090840216151,4.6749947492556601,3.5477856652340449,1.9588445927637963,6.4431777747025478,4.4843331819387515,-2.0661605775495673,5.9554858868603446,8.0216464644099119,-3.0399268207832506,3.1252719476829611,6.1651987684662117,112.58618986617148,112.49879170555869,0.087398160612792708,112.49499204036329,0.091197825808194466,116.11553036826899,63.984114057919214,235.89542090892792,196.32314139381634,116.8198859939468,127.4340211883443,152.74800685639178,152.52611963799481,194.00503706339762,192.36866980823535,241.56454639339887,238.74617947376208,272.87476542336049,272.31432373858803,6.7373206585969285,16.150885806672306,2.9870627169368618,-13.163823089735445,6.9387798226825055,7.4573890602733854,0.51860923759087996,5.4776669205166115,7.2602907501369316,1.7826238296203201,4.2781999795311947,7.1547205629263146,2.87652058339512,7.0641290239321961,7.3395213970529767,0.27539237312078058,-2.1189305130350249,-6.5707559961640811,-1.684330163219613,-17.102237986054746,-1.342690949812436,-5.8115707386608904,-1.0612884681672483,-3.5188223277528152,-5.369211855480188,-6.344360557080762,-2.7348053826679006,-10.104055844715447,0.65637142024967965,0.59721414555835384,0.71172067200979749
5873,2004,103.07547149410182,23.725108524836919,2,10,28.233129398412704,19.111114501953125,219.2925950937024,227.84131788517698,-8.5487227914745745,228.2130001372243,-8.920405043521896,212.08591675660864,155.34895116997723,573.88508453965187,213.93490371129712,148.74629405642111,146.74535660025961,173.86760189716733,169.84165659219377,215.61333778084511,206.0350647857785,248.71009625875146,243.76334641931368,277.86537478660938,275.73336564604472,0.38235434849710259,1.0747071716936887,3.1016987411260288,2.0269915694323402,0.40059809541446612,4.3958612478356827,3.9952631524212165,-1.6893853956429723,7.9517140936731323,9.6410994893161046,3.1053781373540517,7.9981172966649297,4.892739159310878,2.1936223502199255,4.3287018970519853,2.1350795468320598,108.745291051815,101.74721524094821,6.9980758108667942,101.44295034618153,7.302340705633469,105.02202811332972,94.608362228067563,276.37836096272804,221.02924184374743,155.61301957246582,158.59958349300868,184.41272381152024,182.36447381906265,223.27288155463995,212.75843988410645,254.51050640630882,243.45350702315292,283.56895900216551,271.78714177047453,3.1401010263648459,9.8694156226661391,4.8899709428727363,-4.9794446797934029,9.3796762871760393,11.774661303021134,2.3949850158450943,2.2825237270303944,13.098187592763793,10.815663865733399,1.66343461750904,12.815971908863645,11.152537291354605,-3.4456678813196504,8.4279158246907286,11.873583706010379,110.54730460813153,126.09410225679949,-15.546797648667962,126.77005052616641,-16.222745918034889,107.06388926912769,60.740588852502697,297.50672399997711,205.49504827752952,145.01415672094353,140.81047194298202,165.29032378350371,156.13796035239207,201.97858581809129,193.790490634924,242.08541984366241,244.29369956647162,272.98113734026134,281.16295771876167,-1.8797195444597605,-0.66221851984232671,3.5310283541470824,4.1932468739894091,-4.0697214372422366,4.7140892092131992,8.7838106464554357,-8.7470416017288528,-0.85798346940117654,7.8890581323276763,1.3898178530901077,-0.94428407683918181,-2.3341019299292896,6.6600843282174083,-1.2952195564353701,-7.9553038846527784,2.7577466778677433,5.0198205708246064,8.7947084509724505,10.531634142508466,8.9790781917615732,13.449397724418276,3.9719091226733667,11.029565328759247,-1.4419435198450117,0.27361676441893223,-5.6392902315395759,-10.105752209537059,0.48159181761001496,0.4951862420636528,0.60900547776824387
5876,2004,104.07547606838367,23.725108524836919,2,10,28.233129398412704,7.4761962890625,206.87853742039442,228.49603602306888,-21.617498602674459,229.43593000859983,-22.557392588205403,222.45599912148464,181.701718966935,619.85102769732475,205.22877057630308,136.18287888847158,133.42147295761214,164.51673057578444,159.4874827856305,207.37865046832729,200.54741324313727,243.97942255161823,241.12686871183593,274.11180888066673,271.50470478963177,-1.9979831821739538,-2.3056066816286886,0.26818592393226481,2.5737926055609535,-3.8666331143262767,0.85898010975813577,4.7256132240844124,-4.7544178977286151,2.2004740240742251,6.9548919218028402,0.099369509656270338,2.9681307767643261,2.8687612671080558,-0.65303321276616089,1.9909434411375173,2.6439766539036782,85.559441222609166,96.440531283034943,-10.881090060425777,96.913623116768576,-11.35418189415941,94.612522951520077,100.31595933855351,260.54510218277574,211.23994878165908,133.7665036989502,147.17961726860196,179.16421550629141,180.37814217321849,216.26539836322584,212.80732788876804,245.47778241952318,243.93915626633665,272.17060645470701,269.35475209453142,4.2935577722842027,16.777499724213101,1.2037499039701629,-15.573749820242938,6.4962129684342358,4.8451892448856597,-1.6510237235485761,2.0748317114892529,5.4589642428692002,3.3841325313799473,3.6373556302043539,5.1866898151967291,1.5493341849923752,0.46687632195101969,3.8953738423193158,3.4284975203682961,121.31909564644229,132.05550417520863,-10.736408528766333,132.52230508098546,-11.203209434543169,127.8434756186216,81.385759687986138,359.30592519044876,199.62845464376352,136.52812121615298,128.19018971070398,155.08783318592785,146.54071757138587,191.97258925355095,179.90044551160915,242.13186210160552,235.90775384405399,275.22678597099593,273.90868373088273,-7.7954916029620449,-7.7288571238366615,-0.40467916528416481,7.3241779585524966,-7.5279184157476777,0.97471937287414789,8.5026377886218256,-11.689314832487156,-0.40871448473600935,11.280600347751147,-7.9409753106501455,-1.5574773242699678,6.3834979863801777,-1.7607823412306516,-0.10499238942583133,1.6557899518048202,6.2915409544581564,12.089049375246248,19.083106405841789,24.506356848049762,10.362846082760512,14.024131384181914,6.8292496092178681,13.764146543976409,3.5379861205480836,11.578330940854499,1.1199095347171806,2.2276586631816713,0.42033503300086605,0.42530892996889502,0.55209141613463997
0,2005,121.3255549747456,53.225243466151532,4,3,18.581980940769196,-0.4736785888671875,146.36430442588608,140.2421969299794,6.1221074959066755,139.97602035394084,6.3882840719452361,173.55899501272688,216.02388944437917,473.12377075839322,188.3302951649751,136.53610548675354,136.91593428257909,158.50301432105536,159.04424911879727,187.00307759981067,187.29534542734964,219.12997067628379,217.28173328377218,240.66372799240116,239.95475703869184,-0.45663275436086792,0.29179426277644893,-0.11725770496292398,-0.40905196773937291,0.3505301348809553,-0.24660541815956094,-0.59713555304051624,-0.046264405672104658,-0.30689694959508529,-0.26063254392298063,-2.1639683650390396,-0.29993580593557567,1.8640325591034639,-1.1031243320699389,-0.25528901236543788,0.84783531970450099,115.52211096645624,106.35943822194895,9.1626727445072902,105.96106051629613,9.5610504501601099,121.5222149653855,156.48558887892978,286.85561440896709,189.88056061366638,144.53094785325689,143.66431159905034,162.70093413120475,162.71246048155419,190.01029812569737,187.48428268806748,216.85533071747599,215.36230238579006,236.80821664901808,236.12392354478555,-1.2430893703655954,-0.91253061935407231,-0.40084536300204832,0.511685256352024,-0.50817292763338173,-0.44239032981471382,0.065782597818667909,-2.8346292031389453,-0.46243193207152444,2.3721972710674208,-1.9411048521604641,-0.44013726316308066,1.5009675889973835,-1.3321295327406517,-0.43043074028091155,0.90169879245974016,30.842193548836804,33.882761906294945,-3.0405683574581417,34.014960576428166,-3.1727670275913624,52.036780006363188,59.538300586624246,186.26815636444371,184.46755194485274,122.02242713582254,122.94163416669942,138.59012724023219,145.93059632568222,184.74267883186621,186.62802388865552,224.33658535188678,223.11423973988417,252.18317332342602,249.97117399281831,1.8181327249615151,3.9350969784604075,0.12601726742326491,-3.8090797110371426,8.6199036382937777,0.52749220796553686,-8.0924114303282408,1.2381040939615389,0.23330716794092154,-1.0047969260206173,-0.28812821172732583,0.059391527129037058,0.34751973885636289,-2.4494191107940253,0.15431444682852202,2.6037335576225473,-0.78645661600472749,-3.0612220953271105,-1.2043248821305212,-4.8476275978144798,-0.85870306251433703,-9.1280765659271594,-2.7883647974668406,-4.0727332971004842,0.22286351287857542,-1.6529766404331383,-0.22900520067071284,1.1172895780533736,0.60630142076597038,0.70017814378606202,0.72439020184950875
1,2005,121.57555611831606,53.225243466151532,4,3,18.581980940769196,-2.8000030517578125,138.9897924121542,137.38260704576533,1.607185366388876,137.31272746455215,1.6770649476020481,167.52797446870318,211.89696860986442,458.94837337546051,187.4602303922141,135.71339849131533,135.89527183327587,157.5958289529641,159.24982827871642,186.04121664161207,187.84624952883959,218.51684345536134,218.07013151735913,240.56040455037473,240.91859167500775,-0.47718356968337616,-0.40315319798398264,-0.57549256303343554,-0.17233936504945291,0.17635684641632565,-1.5235058190544919,-1.6998626654708175,0.052567695841446493,-1.7421910840726582,-1.7947587799141047,-2.0701968293975312,-1.6691270034025933,0.4010698259949379,-1.2306397792530959,-1.4588667621833054,-0.22822698293020949,106.66436769741995,104.52785965752992,2.1365080398900318,104.43496842189052,2.2293992755294312,114.47295375558224,157.11785223286279,280.42831880971789,189.58058751325771,144.18491059186277,145.33365850491128,162.3864316816159,164.38631671311447,189.58067805374858,189.03940713778942,216.80443867281841,216.9413957480275,237.01497239716116,237.87503410906703,-1.408890397464944,-0.95717390378317191,-2.5586150169530129,-1.6014411131698409,-0.79180456084208117,-2.6368969940130569,-1.8450924331709757,-2.9749908814509638,-2.6150349495870273,0.35995593186393648,-2.2904075589088393,-2.5345434098866235,-0.24413585097778423,-1.7287192396996431,-2.4014122359414216,-0.67269299624177847,32.325424655129609,32.854746246806826,-0.52932159167721693,32.877759540360785,-0.55233488523117558,53.055020625576617,54.779116540914401,178.5200547222048,182.11990407959004,120.33307284669829,120.20040217926605,137.67011608327337,141.55159955110233,183.38594557725105,183.69922660160879,222.69162946015331,221.86160696711934,251.63255745073266,248.56665974546578,2.6168314880949879,3.1847616787441524,0.36092004585083259,-2.8238416328933198,7.4282653514238746,2.2472624097125333,-5.1810029417113412,0.68260191656079883,1.2930617799593165,0.61045986339851765,1.0358949486163453,0.66380847188057146,-0.37208647673577389,-2.8656971831783551,0.80433503826969854,3.6700322214480536,-0.93170682778156788,-4.0257218855599319,-0.55402070579918927,-4.1419355825273243,-0.96816140725840683,-8.2200699122659557,-3.0275585772924103,-3.6575927980117626,-0.22021072951130805,-3.3263025075251846,-0.49807946044654727,1.1369779434787119,0.61102366862580126,0.68330649921973219,0.74148230276074134
2,2005,120.57555154403421,52.975242322581067,4,3,18.689231616294862,-2.4782562255859375,148.2372377460415,135.6833392612898,12.553898484751699,135.13751847974345,13.099719266298052,179.87112234906999,224.96175180457431,494.01963648851961,187.09156944189726,135.80951800075684,136.98767251281328,157.00409459140693,160.00454325713099,185.546060966158,188.58069648849622,217.40053703109169,218.20059962146857,238.8321718395531,240.64675799201663,0.50273183637662555,0.56184573676173954,-0.70882147923472871,-1.2706672159964683,1.6829734248768204,-1.3613616919365654,-3.0443351168133859,1.384324978131616,-1.622347017710581,-3.006671995842197,-0.74746030334696911,-1.538512797293464,-0.79105249394649491,0.30788732356938908,-1.3019866034881034,-1.6098739270574924,115.78566124637291,103.57770883644116,12.20795240993175,103.04693036523895,12.738730881133961,124.21472063076362,162.56207637899934,295.99694741051644,188.97537097188527,144.02838385384561,144.67066563683491,160.87569974467939,164.21572004052476,189.81420847609726,189.38383053863694,216.13510452614952,217.08649584709221,235.91335801815944,238.08498930734362,-0.52259701813810011,-1.5167446523636841,-2.203883631599922,-0.6871389792362379,1.0221796993681096,-2.2889307635784348,-3.3111104629465444,-2.7418389865214863,-2.2594945481555726,0.48234443836591367,-1.3588560497811102,-2.1577207637733409,-0.79886471399223069,0.064233514642978662,-2.022591054195459,-2.0868245688384377,32.451576678482525,32.105629204249453,0.34594747423307126,32.090589230147998,0.36098744833452656,55.656402014466948,62.399675291464519,198.02268956508487,182.51551875008431,121.31596650526208,121.83251563221994,139.52604195753526,144.82398218277658,183.58517407108954,186.27786064673776,222.23237080936079,221.79401492754332,249.54229259780561,247.70808384914585,3.268512351420668,4.1549045501839856,0.48891894638209976,-3.6659856038018859,7.9016809225861664,2.0421840181558935,-5.8594969044302729,2.5931024893708923,0.14393396255087509,-2.4491685268200172,-0.39521757456969908,0.09918437811268177,0.49440195268238085,-1.8819849783549216,0.60238011457585117,2.4843650929307728,-1.0253288545147257,-3.7911093695587681,-2.0785903891254236,-5.6716492025476697,-0.66079372550871085,-6.8795012232180568,-4.1261639646531023,-5.3349414758923785,-0.61139574643414107,-0.96363847521141111,-0.24365380892641042,1.9462184929979003,0.59916028746236893,0.6905762248467221,0.72262095700702955
3,2005,121.07555383117514,52.975242322581067,4,3,18.689231616294862,-3.421051025390625,133.15702112520012,128.73129122447062,4.4257299007294932,128.53886651883295,4.6181546063671703,165.714485098164,202.7098796921855,450.17283375142142,187.89300375588132,135.65259235661398,136.94407289836144,157.95048581663576,160.93269805527294,187.57063004055803,189.58505830207031,218.58955780436304,219.161862255475,239.69488004198473,242.03967559254869,0.25418569803798619,0.5767989857567386,-0.74697771295436155,-1.3237766987111002,1.2859199214539956,-1.6985395062960436,-2.9844594277500391,-0.13107573345473611,-2.1203215995699338,-1.9892458661151977,-1.5332128150411108,-2.0740863802175795,-0.54087356517646867,0.50344235940971771,-1.7047916199359747,-2.2082339793456924,99.63726903281713,95.23210178435329,4.4051672484638402,95.040573406015028,4.5966956268021022,109.06320168699676,144.06909839444961,262.02522955142194,190.07208937364811,144.82819345111901,146.81507664169303,163.79589783228641,166.89720883987087,191.11108000684399,191.19161985536778,216.15909216883679,218.07083152726773,235.25270109172783,238.66996496296872,-0.78073286587053303,-0.93496845223941705,-3.0651270625335485,-2.1301586102941314,-0.20163391600058844,-3.1587203569087592,-2.9570864409081707,-2.9268527420908867,-3.1414064446106522,-0.21455370251976547,-1.2986248667421023,-3.0809864405206326,-1.7823615737785303,0.2850842369909401,-2.9226706547393064,-3.2077548917302465,33.519752211592277,33.499187137494118,0.02056507409815822,33.498292996745477,0.021459214846800023,56.651283598363079,58.640781253032401,188.14760408876464,183.1086591952739,121.9327515510914,122.62690501210119,138.05249939856688,143.29951554745978,183.55508426681612,184.93799427268814,224.00688496775032,222.6483846517097,251.40868606497432,249.98522004249861,2.7247184102617723,3.1156505051564807,0.020623884293101469,-3.0950266208633792,7.6934696682330923,2.0603808327702495,-5.6330888354628428,1.8428776309586397,0.75742958151201378,-1.0854480494466259,-0.59295672082348005,0.55779023839954789,1.1507469592230279,-1.0598398869181267,0.95388676214557222,2.0137266490636989,-1.0349185639085192,-3.5054512761323053,-1.5117674379961556,-4.0506189573958977,-1.487553837454584,-7.8951035842336807,-2.7957770086361506,-4.7697303730495264,0.23458794829900853,-0.70566814591862226,-0.21835812241877761,1.3449241239090668,0.5820547352177815,0.65813921832114541,0.71071572146961071
4,2005,121.57555611831606,52.975242322581067,4,3,18.689231616294862,-3.2608642578125,138.97650725066342,131.79043451847974,7.1860727321836748,131.47799791667785,7.4985093339855666,172.16361759181746,202.47621742993942,450.81764559680596,186.36115214395889,134.3425041958798,135.27412565607594,156.22835965128164,159.60124010984026,184.38854032434188,188.77758720461736,217.71733957514783,219.01015396924959,239.3506396370077,241.67048627460287,0.98821928950189886,0.31816500900799838,-0.6312988561675752,-0.94946386517557357,1.7368759343685269,-1.6947429502220928,-3.4316188845906197,2.2816084539633437,-2.0268699210814418,-4.3084783750447855,-0.69438861471459745,-1.9679237874476314,-1.273535172733034,0.49413298539096218,-1.6693097243677357,-2.1634427097586979,107.79911186826212,100.20187054308917,7.5972413251729449,99.871555989113403,7.9275558791487128,114.92754297982719,153.69645511216004,278.05134213389829,189.73531162021993,144.6982843695219,146.41420071405818,163.28918159920019,166.21521247144003,189.13749782611151,190.91956301403835,216.58611518096504,218.37342330055574,235.75914707007712,238.91450105732631,-0.49728720337247978,-1.0160375276951754,-2.9766419892289662,-1.9606044615337908,-0.26442974934940366,-3.0380851958618393,-2.7736554465124357,-1.1429049259455724,-3.0040379770161678,-1.8611330510705955,-1.2053410422673778,-2.9146891377277768,-1.709348095460399,0.24125519001952966,-2.7373665263774285,-2.9786217163969582,31.177395352598978,31.588565440886669,-0.41117008828769031,31.606442452344709,-0.42904709974573052,57.236074681211903,48.779762436988676,172.76630348199978,177.81167285040519,119.24441912933246,120.58103247812396,133.24154406329782,137.83837904800649,170.54020881510166,180.85158430964955,222.43651449868207,221.09506238978869,251.62776760589526,248.90503679722983,5.5200952797748073,3.7453975450351891,-0.34814079383758667,-4.0935383388727757,8.2199925767413617,2.5556324624001832,-5.6643601143411786,10.452955095945782,2.0820133376408592,-8.370941758304923,-0.14705688611047663,1.0462868932098388,1.1933437793203154,-2.0965637486469575,1.1938043122784734,3.2903680609254309,-1.4855064928743786,-6.0173824831472871,-1.3342025367031738,-4.7614350727303645,-2.0013056837179306,-8.4844223260907654,-3.424513379908916,-11.595860021891355,-0.51095242755278036,-1.0582841561569012,-0.25287779537143251,2.3378189386664872,0.61677120416572329,0.66754837396777289,0.75908399052022935
5,2005,120.32555040046375,52.725241179010609,4,3,18.796111734233858,-3.7727203369140625,132.51115429401398,123.16808986663818,9.3430644273757935,122.76186883449554,9.7492854595184326,167.32070826196832,221.99414195856662,476.68089785892516,187.43538636626559,135.72389356341193,137.49483179345754,156.98759190479626,160.98604641049698,186.11045303040316,189.46308133903034,218.00956118748351,219.3895933507572,239.32764941517482,241.72047675190407,0.4623757919909508,0.77524516629696905,-1.0066274315749979,-1.7818725978719669,2.0261249548550495,-2.0340675314516261,-4.0601924863066756,0.92440052647717152,-2.4042779907649958,-3.3286785172421673,-0.96527437384060022,-2.3105454193458854,-1.3452710455052852,0.26616265315379906,-1.920227808753225,-2.186390461907024,103.49912536144257,94.74542248249054,8.7537028789520264,94.36482572555542,9.134299635887146,113.21379057818049,162.60304039436232,284.1847158765886,189.55902810346245,144.81946231527726,145.99000637140222,161.69671784418998,165.69744363321144,190.27961625183997,190.48090872848857,216.67995751511384,218.3038416986885,235.9905558668116,239.11284804944108,-0.92055902412266732,-1.9812659558538428,-3.2829956318771565,-1.3017296760233137,0.57018795431378066,-3.4112546883728783,-3.9814426426866589,-3.2316753574999382,-3.3839101158548317,-0.15223475835489353,-1.6640014855474874,-3.2505057025586552,-1.5865042170111678,0.016490496033071622,-3.0307474732456967,-3.0472379692787683,29.012028932571411,28.422666609287262,0.58936232328414917,28.397042721509933,0.61498621106147766,54.106917552810046,59.391101683413581,192.49618197698146,182.27462565743951,122.16936182167123,122.38804280411978,136.51035075671766,143.38085020529843,183.47443749871988,186.24739720528348,222.88967248811434,223.10205752450793,251.55237536593995,248.78074553981162,4.1080053946630244,4.401754798507028,0.47173614903486794,-3.9300186494721601,10.527214515239905,3.0578006615357651,-7.4694138537041397,3.2791366965659563,0.67184567918766902,-2.6072910173782873,0.90584160712998596,0.2333554662547499,-0.67248614087523606,-2.6655720780555328,0.75013768608084774,3.4157097641363805,-1.3829348161136181,-5.0285644187856917,-2.7565111221508118,-6.3830207543608708,-1.4559370005412688,-9.9570265609261241,-4.1560758839771097,-6.5108120540658945,-0.69872711170688717,-2.5698430926774734,-0.24967215712072743,2.6820625740886044,0.59617391247067286,0.67662748833769892,0.7324654558889705
6,2005,120.57555154403421,52.725241179010609,4,3,18.796111734233858,-3.350006103515625,138.34797012805939,127.66003143787384,10.687938690185547,127.19533944129944,11.152630686759949,173.3792827848556,208.16807542741299,468.21131884492934,187.53966094729972,135.3067409240883,137.65727105603943,157.19833752559418,161.46518367326888,186.37814053862212,189.99045309646542,218.30764293230285,219.65403781829914,239.92176352259884,242.22116382509097,1.0046589222337161,1.5700952829419066,-0.84787397656066332,-2.4179692595025699,2.5122303238620987,-1.7679003091546122,-4.2801306330167108,1.4963552222899352,-2.0704687305848211,-3.5668239528747563,-0.7422402905537524,-2.0588780018019293,-1.3166377112481769,0.40698553533738391,-1.7953139391017601,-2.202299474439144,105.74800816178322,96.56996476650238,9.178043395280838,96.170920491218567,9.5770876705646515,114.70525682398602,148.93445975705981,272.77697134204209,189.9710248490461,145.14388648359792,146.97199971498526,162.8763797454985,166.62116189034938,190.6187998273426,191.22943747119086,216.60106080853456,218.59139765720624,236.23731250590089,239.4027263706426,-0.37886949596475006,-1.0461326483328151,-3.0103095000196163,-1.9641768516868012,0.61070049365139312,-3.0833019780179143,-3.6940024716693074,-2.3377625753507232,-3.04823100267933,-0.71046842732860682,-0.97655401922708052,-2.9646932847693108,-1.9881392655422303,0.19425109474906321,-2.7500443740256628,-2.944295468774726,32.599962055683136,31.090067386627197,1.5098946690559387,31.024419814348221,1.5755422413349152,58.674025907970645,59.233615845441818,195.43434801138937,182.10316785173728,122.57813447639873,122.7125040477729,136.54635161573677,143.69502186138507,183.03443118904639,186.42686899082213,223.12467315361624,223.00694780411055,251.01094037234239,249.47005198252486,4.3510833404945402,3.4531215396875439,0.087766875977848713,-3.3653546637096952,10.379178698715094,2.571944785194745,-7.8072339135203492,4.3210612131762218,0.4605857535020732,-3.8604754596741486,0.5073847314911859,0.2407643780722708,-0.2666203534189151,-1.499664303512219,0.77223223978461419,2.2718965432968332,-1.3835284181984662,-4.7299528364592902,-2.6162279312747216,-4.4992541880203589,-1.9015298302107055,-9.7684782050637011,-3.8341177976406584,-6.658823788526945,-0.23431372867332811,-1.4839387507182664,-0.21273444058832069,1.6939153982612822,0.58259371434030893,0.66158571532633736,0.71545293124926068
7,2005,120.82555268760467,52.725241179010609,4,3,18.796111734233858,-4.149993896484375,136.94496393203735,126.07667219638824,10.868291735649109,125.60413789749146,11.340826034545898,174.94969541913451,218.74855559784373,482.11305874283426,187.65983377978927,136.69519900102412,138.44791031538705,157.77004335631545,162.02004958239098,186.53969038899999,190.3890215740964,218.05355978208365,219.73324582249734,238.97071880304929,241.77699975622173,0.81591012119298512,0.87308671003063409,-0.95830963295250626,-1.8313963429831404,2.0903744721055659,-2.1373007415898826,-4.2276752136954485,1.242484570793124,-2.5145612512387743,-3.7570458220318983,-0.90945666805600922,-2.4992126988925065,-1.5897560308364973,0.49656780110365162,-2.0972391486799324,-2.5938069497835841,107.18685534596443,97.50862181186676,9.6782335340976715,97.087828993797302,10.09902635216713,119.18089568987489,159.24598002038238,286.39487547054887,189.65157796937552,144.97890645086042,148.25173733913655,162.72727313922843,167.58157697943813,190.00578227315901,192.07386234327342,216.18843041572526,219.15637865667784,235.9800571632359,239.36253393479896,-0.035528679921014827,-0.037680670572910913,-3.7394065784829138,-3.7017259079100029,0.96539319405641777,-3.8298449712537774,-4.7952381653101952,-1.6138700740107481,-3.7627254434004271,-2.148855369389679,-0.78879292805214618,-3.6404220576932005,-2.8516291296410543,-0.14549955933483716,-3.4146095247768073,-3.2691099654419702,29.758108556270599,28.568048477172852,1.1900600790977478,28.516307830810547,1.2418007254600525,55.768799554170982,59.502575592362518,195.71818308229558,182.84896816087698,123.80811915645067,123.14720033339776,138.03377461058506,141.83010916631426,183.70265843213076,184.72184778036771,222.94562716411573,221.7339591703265,249.16388005047813,248.52699647883247,3.1178634943475458,1.709301164746492,-0.032047403420193632,-1.7413485681666856,8.025958718580398,3.4497067993709436,-4.5762519192094544,2.3368517410827678,1.4221158370368983,-0.91473590404586957,0.35481522866930959,1.0872741394325942,0.73245891076328462,-0.31306617971108608,1.4607023473767811,1.7737685270878671,-0.85143880111399994,-3.1533921742685607,-0.91076738060354501,-1.7469818353194029,-1.1249812780491482,-7.0605655245239802,-2.8563546448038721,-3.9507218150935159,0.12066374000386304,-1.1436081567214558,-0.64206736043848878,0.16756662037624892,0.59404090031777346,0.68122951231408602,0.72798642983109196
9,2005,120.82555268760467,52.475240035440144,4,3,18.902619338001251,-3.850006103515625,122.76996105909348,111.19910758733749,11.570853471755981,110.69603055715561,12.073930501937866,156.98861828467125,213.23259226711161,451.03620224166662,186.69279123979877,135.20904945880358,136.48466797420269,156.88974009416543,160.66196117962184,185.07759891919503,189.57870034681844,217.26076379341106,218.90688903324869,238.65079196362743,241.42262238933725,0.93437994300160199,0.59686572993911113,-0.79551546266480955,-1.3923811926039207,1.8205559686811625,-1.9427242334177777,-3.7632802020989402,2.0287953588575078,-2.4051399063478982,-4.433935265205406,-0.67467696586885495,-2.3502004595061408,-1.6755234936372858,0.70831738338944206,-1.9328997801209198,-2.6412171635103618,90.663155227899551,82.64918053150177,8.0139746963977814,82.300746262073517,8.3624089658260345,99.285639312118292,156.98183956392768,262.78404277935624,189.68930072554252,145.23413685713666,147.28719835106151,163.17643808013665,166.96728694076705,190.00363217923052,191.3210305539134,215.8569528503738,217.85195463091188,235.79906648192517,238.25791594098069,-0.75433939815587792,-1.0088980210416025,-3.4741626955402012,-2.4652646744985987,0.13134778687600601,-3.5537230429843873,-3.6850708298603934,-2.0543310678126829,-3.5196451226263719,-1.4653140548136889,-1.397843532403158,-3.4223568923845278,-2.0245133599813698,-0.86087947452762137,-3.1455638309616916,-2.2846843564340702,32.106805801391602,28.549931064248085,3.5568747371435165,28.395284175872803,3.7115216255187988,57.702979058234632,56.250752695733354,188.25215948093683,179.9540217656598,121.36440496987869,122.1174144330123,136.0581503868203,140.95027196701963,173.74817538279643,183.86232011259688,222.22440971078308,222.33905781948152,248.45840367145601,248.61343462941934,5.0264689237160383,3.1534161669995342,-0.21407780875519222,-3.3674939757547264,8.3386687567798958,2.565638828820596,-5.7730299279592998,10.972509193626763,1.4860239934529602,-9.4864852001738029,0.86723054191929805,0.67924803758643293,-0.18798250433286512,0.30164577726660013,0.94901959979080175,0.64737382252420161,-1.6887193411574799,-5.7808083218719162,-1.6057637509807137,-4.1623141880411367,-1.6892081818051565,-8.2073209699038898,-4.0831264266701908,-13.026840261439446,-0.723166566534303,-2.265074074322456,-1.5691968579170634,-1.1625252517942215,0.58262295016078491,0.6324384557107271,0.73620002409050167
10,2005,121.3255549747456,52.225238891869679,4,3,19.008752480609893,-3.7272796630859375,118.54012451821836,125.8380658806891,-7.2979413624707377,126.15536811254788,-7.6152435943295131,150.73259039547338,186.1255526526038,419.34069999773055,188.23685565611976,137.01542279292175,138.44588302873569,158.69509894614836,161.70695607900393,187.76112478479672,190.01404219046728,218.07221477708129,219.24621732718549,239.74860646079347,241.59625358293368,0.23335739022317625,0.58734828820828966,-0.81280143461748366,-1.4001497228257733,1.2041986831103486,-1.8060012581099443,-3.0101999412202929,-0.074887726356365647,-2.2428023733748148,-2.1679146470184492,-1.0429173544791865,-2.2675028313506687,-1.2245854768714821,-0.029559749804889179,-1.748947761199247,-1.7193880113943578,86.2550257381954,93.17534708673702,-6.92032134854162,93.47622929960562,-7.2212035614102206,94.465981466201185,132.20599096977094,230.99981664482038,191.33863772707036,147.68252943125145,148.21260409142866,164.94968098598451,167.6942429705997,191.86281977717709,191.75320283080907,216.80461821884859,218.34319604438573,236.95318456776255,238.53841711532857,-1.6703712587881512,-2.0665341232748062,-3.2589405450005415,-1.1924064217257353,-0.76132346654256366,-3.4074034510570357,-2.646079984514472,-3.4250159656326389,-3.3771214546895862,0.047894510943052637,-1.7123558278666167,-3.3042459727183484,-1.5918901448517317,-1.5998851406601773,-3.0555432406938507,-1.4556581000336735,32.285098780022963,32.662719666350313,-0.37762088632734958,32.679138113942827,-0.39403933391986357,56.266608868365438,53.919561705184606,188.3408832596615,181.85595461357735,124.48211128366788,124.26436675879199,138.73233317120224,144.02469309313662,175.64713707375273,184.78785814732825,222.67422962657184,222.05599688145946,249.25960562594702,249.01598286663852,4.3228571488382954,2.4033523941004376,0.33531469417405901,-2.0680376999263785,8.2771938955404778,2.5647081277118957,-5.7124857678285821,9.4113746782165606,1.1253368614263479,-8.2860378167902127,0.81835228679463512,0.84786580572958314,0.029513518934948024,0.1797668237550738,0.88565066801285752,0.70588384425778372,-1.9037286490113274,-5.9932284076264466,-2.6538824114830959,-4.4698865173752438,-1.9655221496529123,-9.0385173620830415,-3.3501282392762732,-12.836390643849199,-0.66943847338743012,-2.5307081146612518,-1.5703253908552881,-1.7796519644152511,0.55086428921893471,0.62671238660699136,0.71030543139086522
11,2005,121.07555383117514,51.975237748299222,4,3,19.114509224651336,-5,121.77237411699025,119.64308804846951,2.1292860685207415,119.55051183345495,2.2218622835353017,159.12242438754765,200.16705664310211,442.02179677644745,188.00195488244,135.37361320515953,138.06209294056356,158.21924581988006,162.18857045328369,188.18446578828332,191.12467257641779,218.31560992913259,220.75428113455962,239.82519369202834,243.04784508896682,0.72333938656620944,1.7313574086228698,-1.0102945543811472,-2.741651963004017,1.5561758349015236,-2.4197888891234243,-3.9759647240249478,-0.11168213030813945,-3.0305991681076421,-2.9189170377995026,-0.5508443758977819,-3.0176820553591028,-2.4668376794613209,0.67962195448106399,-2.4705178305450772,-3.1501397850261412,91.807611102005467,91.367813804536127,0.43979729746934026,91.348692482657498,0.45891861934796907,99.917132839327678,149.57178450953734,256.50616239779629,192.34253552733634,147.39478757222926,148.15856964980009,166.3944044016695,168.13515794478937,192.69109210215834,192.80950399510428,218.20385935817916,220.11692589225058,238.55370629326413,240.6927087644369,-2.6857704685048134,-3.2260296691916039,-4.4404403087727076,-1.2144106395811036,-2.8346321467118401,-4.5651632517394773,-1.7305311050276373,-4.3967539310578729,-4.4736927508538145,-0.076938819795941527,-2.372987197203372,-4.3443364393509398,-1.9713492421475678,-1.9120708591646576,-3.9260778079691647,-2.0140069488045071,29.964762955380138,28.27527485985047,1.6894880955296685,28.20181899175077,1.7629439636293682,59.20529141969746,50.595272098440546,185.51563428202644,178.1392845682162,121.54060687734216,122.87309524966372,134.59055714049853,142.38525041882514,172.79728229115301,185.67068423390705,219.15396756634033,222.593031837773,244.15835148914928,249.30442087070369,8.5540673304668928,5.6991895419142367,0.83607784975380639,-4.8631116921604303,12.654265186562327,4.5975989985699073,-8.0566661879924197,13.500362573452122,1.7234643469650166,-11.776898226487106,4.1443218420716335,0.9647761512641182,-3.1795456908075153,5.3663348207419972,0.95168794201737228,-4.4146468787246249,-3.4091098550710228,-11.239837798971706,-4.9573870778144737,-8.9252192111058406,-4.3908079816133636,-15.488897333274167,-4.2850718007497335,-17.897116504509995,-1.8221428213055901,-6.5173090392750055,-2.5916928136457216,-7.2784056799066548,0.58030206715693777,0.62792615952090047,0.74723476988635473
12,2005,119.82554811332282,50.975233174017369,4,4,19.533733805480956,-7.2727203369140625,97.229434383421903,102.24610341718653,-5.0166690337646287,102.46421740777441,-5.2347830243525095,133.42678829523902,177.05671773495851,397.32489853352308,190.86900031602818,139.01743059665378,141.4957653494011,162.28806928728295,165.67952721340598,192.26862796396077,193.72649577041835,220.44922401986699,222.58158879282215,239.62607426404884,244.23560973913385,-0.68041143784623159,0.9208508908333215,-1.4936099981797497,-2.4144608890130712,-0.15116324043228246,-3.4274734962960451,-3.2763102558637627,-2.8432354055487963,-4.3587805841212912,-1.5155451785724949,-2.1501197283025988,-4.1858586097623061,-2.0357388814597073,1.3264907141314097,-3.2342199396338458,-4.5607106537652555,76.537000379201345,81.653319691991783,-5.1163193127904378,81.875768781123043,-5.3387684019216977,83.953795066153845,136.44139857488881,227.04824130341876,196.51119289913956,153.88215776947149,150.92367589952832,171.60943621193567,171.27648383947863,196.49430921059599,195.0790546657399,222.06450067812423,221.95230298252048,238.40642932833802,241.99916000645268,-6.3661143386848948,-8.4686152330861546,-6.0783660681391893,2.3902491649469653,-6.6041982345529959,-6.4357971944811823,0.16840104007181367,-7.5866906303774897,-6.3642143917813598,1.2224762385961299,-6.5118946480689601,-6.1843111158062527,0.32758353226270742,-2.1982165598081735,-5.5943526327370137,-3.3961360729288401,20.692434123429848,20.592781038921203,0.099653084508645406,20.588448716058338,0.10398540737151052,49.472993496110576,40.615319128573901,170.27665736526251,177.06574321286215,124.27893058912831,126.45774936568371,135.05797367998508,144.2454808941612,170.43532753792516,188.71394228654799,214.1749831036575,224.67604018245035,244.35669743918695,250.41731522936996,13.752743988150058,8.1902471696679271,2.5315606747970918,-5.6586864948708353,17.045703168601534,8.2751197397924159,-8.7705834288091182,20.695034549899731,2.8782321717393131,-17.816802378160418,12.947718905456753,2.8803448238677447,-10.067374081589008,6.3491314915279702,1.8564220828061764,-4.4927094087217938,-5.6857029008386633,-20.118858326834953,-9.3894661239194761,-16.658862402754082,-6.4530349941207135,-23.64990140315453,-4.7434552248286934,-28.28172518027722,-4.3617749197663613,-19.459613553525713,-3.5247072739395833,-8.5473480513361437,0.57144226838394885,0.6292124403113547,0.77060842604759006
13,2005,125.82557555901393,50.975233174017369,4,4,19.533733805480956,-9.25,112.01133480704812,113.56066482392271,-1.5493300168745918,113.62802483336418,-1.6166900263160642,159.13987466729668,171.34954693876716,443.56798149179667,188.22743869322142,136.58334513268505,141.27434423609799,158.57884172765625,165.41620280090308,187.90507613045889,194.00499025028907,216.63074826087959,222.04565264124983,240.32251764797272,243.69538003701774,1.040549991270268,2.9123764019186353,-1.861081767397593,-4.7734581693162283,2.4660555186579529,-4.1664476515128399,-6.6325031701707928,0.53700763532478391,-5.6715522562500382,-6.2085598915748221,0.20148743203657205,-5.1764170921516381,-5.3779045241882102,-0.61033283169524566,-3.8761698744571618,-3.2658370427619161,81.414839243196184,85.228756422773586,-3.8139171795774018,85.394577886923798,-3.9797386437276145,91.896391546033556,130.68671660343534,225.70924406754784,194.26136986581773,153.08798114052505,153.23929015160573,172.08208277995226,174.17009635776162,193.91041181795504,197.11783615435897,216.86480932359845,221.75255116688015,236.19117143468424,240.82515691713886,-4.3235952339917674,-6.0407917131973932,-7.0682559985107218,-1.0274642853133287,-5.6124311070625197,-7.9275299318210557,-2.315098824758536,-4.7377504127469763,-8.1202713888208677,-3.3825209760738915,-2.8398327329875883,-7.8148454522599593,-4.975012719272371,-2.4482409037015884,-6.8694443383161286,-4.4212034346145401,30.596495623456576,28.331906396942031,2.2645892265145449,28.233446022568387,2.3630496008881892,67.24348318086777,40.662830298078916,217.85873738955706,175.7809829166462,125.2561597171205,127.94962379820775,135.13721204590493,144.90353894406297,164.60029730230943,179.97362562114984,215.67779288411123,223.03582895358582,248.3691730729617,249.78201793805823,12.257425707908737,6.1662034687045519,1.7848724985960445,-4.3813309701085075,13.498704764639768,2.7019216948302756,-10.796783069809493,21.032082062741637,5.8783257307430574,-15.153756331998579,11.032677512277814,4.2533953763786201,-6.7792821358991944,1.8102530783210966,1.0224426283866705,-0.78781044993442606,-5.3641452252620354,-16.581020941900505,-8.9531681151160285,-12.206995181901945,-8.0784866257204726,-19.111135871702288,-5.2747580480717602,-25.769832475488613,-3.0413201650241604,-13.872510245265403,-1.8379080720063428,-4.258493982022685,0.50884927110484435,0.57745672942218484,0.76269076246893763
14,2005,120.07554925689328,50.725232030446904,3,4,19.637579834236146,-7.9565277099609375,98.947330329378019,92.661852627876215,6.2854777015018044,92.388569222399383,6.5587611069786362,134.40124665808071,172.15519240144931,394.68219847418368,190.61330489812789,140.51790406916857,141.97040834474478,163.62914377408146,166.16356495802191,191.32392756383933,194.50664380224032,218.82287838141553,222.3922612473263,238.7026056589138,243.32136975977735,-0.18119897919572736,0.36611860411827024,-1.1526930400288222,-1.5188116441470925,-0.88677729567024244,-3.2692132289096776,-2.3824359332394351,-1.2421772213958491,-4.4453588909689188,-3.2031816695730697,-0.9480978580300814,-4.516225503478438,-3.5681276454483566,1.4148132840392122,-3.1245783524197179,-4.5393916364589302,75.917410518493853,71.612600174659747,4.3048103438341059,71.425436928286217,4.4919735902076354,83.169888358082972,130.76823141473869,221.45576478936709,195.89075375166911,155.75445740941913,152.8060719419764,173.18454739020478,173.0580373128945,194.91312149141444,196.56829188181149,220.06659965671432,221.51526428688763,236.86696769379142,239.83318558974915,-5.7423495742598334,-8.9586852639480412,-6.4330953058589557,2.5255899580890855,-7.0986854184521917,-6.9841841608159143,0.11450125763627739,-5.335292013843457,-7.0163714631054575,-1.6810794492620005,-5.5132655805514617,-6.9739549425224823,-1.4606893619710206,-3.2614120142269769,-6.2685527808670543,-3.0071407666400773,23.029919721477199,21.049249684190727,1.9806700372864725,20.963133254266722,2.066786467210477,51.231358165887286,41.386960915930104,173.22643344663084,178.4229790923462,125.77779083206252,127.81473177494252,136.82962846838564,145.32358339409393,171.02918573050385,186.97819593831198,214.26095862525014,225.42145161128397,246.79403011351528,250.33148311198286,13.192163704670065,7.5761695983843822,3.2865697654176813,-4.2895998329667009,15.983009672493012,7.0122078979936759,-8.9708017744993356,20.821550367279627,4.8629999486608426,-15.958550418618785,14.758680632741573,4.3803139815227041,-10.378366651218869,4.8312937489952503,2.0462005205970399,-2.7850932283982104,-5.561150595064106,-18.934513278929899,-9.3248038680663115,-16.534854862332423,-6.2119081227819493,-23.081695090945203,-4.0931147924476079,-26.156842381123084,-4.5651677225213803,-20.271946213293035,-4.6762252982661892,-8.0927057632222272,0.56109894402509419,0.61881783410587499,0.7595950467169168
16,2005,119.57554696975237,50.475230886876439,3,10,19.741038043384552,-4.1904754638671875,122.62448698631488,120.38520995389263,2.2392770324222511,120.28784870004165,2.336638286273228,157.09000592158463,138.83001816758042,409.2128926301375,191.21823199317453,144.63888466338523,145.92680079013391,163.64705071959088,165.97504781837739,191.29936572209684,192.21757184250851,218.9257560277687,219.94231472086304,238.68344512143955,240.88896506365847,-0.048100526286617651,0.065171272666162849,-1.5806423670049412,-1.6458136396711041,0.13974691853368881,-2.0900662989775753,-2.2298132175112642,-1.4399338459375315,-2.3342056513927787,-0.8942718054552472,-1.06366764351867,-2.1433188732426061,-1.079651229723936,0.64560786948450755,-1.359015337967918,-2.0046232074524255,90.602552985583316,89.29764030406659,1.3049126815167256,89.240902985795401,1.3616499997879146,105.65547869894363,100.74880276107024,220.82591421343386,193.53450094910625,154.29369588003371,148.97277622453862,170.78096168540586,168.6650435224646,193.3868200023802,191.31096241470624,217.57906958904258,216.3656741689712,235.74567559336597,234.92902379559845,-4.0188771274011685,-6.304313751116041,-2.6859956109489076,3.6183181401671334,-5.2973940814795526,-3.022080471943184,2.2753136095363686,-4.82480115282155,-3.2775809188196945,1.5472202340018555,-4.464158109705096,-3.2195984032310037,1.2445597064740923,-3.3447673392109891,-2.8126708186653957,0.53209652054559342,32.021934149743174,31.087571148458665,0.93436300128450966,31.046946250688052,0.9749878990551224,51.434527200289267,38.08121553104138,188.38697859365493,185.87740809471944,132.67255272358966,139.59591792817309,148.71561119389941,160.1217104401058,183.54751988725482,195.16036849112538,226.37692957694102,230.11285551830073,249.7796524634127,249.0994008574084,9.3465496728313724,9.627285502596493,0.57789511715887443,-9.0493903854376185,11.874131695706268,-0.23680157891527642,-12.110933274621544,12.487576468411788,0.84241339791608993,-11.645163070495698,3.5041536194947867,0.81155112864564671,-2.6926024908491399,-2.1911046396173219,0.00098899829629317537,2.1920936379136151,-3.9707766011145509,-13.365426800232541,-6.3694850237822038,-15.931599253712534,-5.4371410000132414,-17.171525777185821,-3.3848673068840185,-17.312377621233338,-3.4004904661864259,-7.9683117291998826,-3.9903752086954967,-1.1536626995936672,0.53963576952357872,0.67257925212431513,0.72569898132158495
17,2005,119.82554811332282,50.475230886876439,3,10,19.741038043384552,-3.27777099609375,146.96351477817916,131.39871283805769,15.56480194012147,130.72198361208575,16.241531166093409,176.94338347183475,132.52731248422242,418.51296639349312,191.575081693588,144.41280419964963,144.65784086198212,164.2355141352019,166.73527739186727,191.01057551173341,193.3256470594994,219.12967387883404,221.02098691685717,240.3163390333788,242.73009798168599,0.77607255316149804,-0.43184067581148611,-0.7124657844756257,-0.28062510866413959,0.80725376545055383,-1.5555709482120506,-2.3628247136626044,0.54660899585931588,-1.8147973924479288,-2.3614063883072447,0.12305179521274567,-1.7099390675968777,-1.8329908628096234,1.1231609149909616,-1.2216341987860346,-2.3447951137769962,112.74240461333829,94.582202242258063,18.160202371080231,93.792626337241018,18.949778276097277,122.89410712166864,92.537285397134838,228.49972375889774,193.1339700407448,155.20430120437481,149.27955329661563,170.77777458195288,170.54048312205961,192.15733199396291,192.87993259295425,216.53353607359585,216.9106035800279,236.19705623746194,235.70505036585587,-2.3300010302127987,-7.0411716498170449,-2.2965399693286201,4.7446316804884248,-3.2213945817807428,-2.6041493945127456,0.61724518726799715,-1.8809744251298355,-2.7108718124268876,-0.82989738729705209,-2.4471849347228272,-2.685288888572444,-0.2381039538496168,-2.3383086914896296,-2.3413648903913611,-0.0030561989017314772,34.221110291500736,36.816514142276901,-2.5954038507761652,36.929357960298148,-2.7082476687974122,54.049276521529464,39.990027003268551,190.01324271317571,188.00387813937127,131.00927181224651,137.52441010295496,148.56596972888676,158.61019338509263,186.68110482368104,194.7367961259813,228.54301718616574,231.96202649721815,251.7590209011893,251.7166443485321,7.3733516822742899,9.3778952991374638,1.1269159794883308,-8.250979319649133,10.558039220790306,0.66962618182790834,-9.8884130389623976,9.0571856071356649,1.2809464728669013,-7.7762391342687636,2.9436803809661001,0.11229593277346339,-2.8313844481926367,-1.3720469125312604,-0.62229055124220167,0.74975636128905876,-3.1060735833742967,-9.7033527124870886,-6.6093309740055588,-16.419066948954509,-4.0286483472312966,-13.779433802571049,-2.4275834209891514,-10.9381600322655,-2.5702367299355728,-5.3908653156889272,-3.4614696064805912,-0.96626177895836918,0.54598003432958964,0.69453914981359277,0.69825067499313809
18,2005,120.82555268760467,50.475230886876439,4,4,19.741038043384552,-8.13043212890625,102.31029372077319,90.55781241260047,11.752481308172719,90.046834421780659,12.26345929899253,138.35824168768886,165.22559140470366,396.22805944737047,189.7703634638977,140.15942464436174,141.51679607011937,163.05887989683512,166.48141485361791,190.15875775354144,194.97662873931171,217.29504717520837,223.04538684251921,237.97155414747263,243.41696086013587,1.0396877108955493,0.79937990142349236,-0.80364254165615989,-1.6030224430796522,0.17687284602880027,-3.1541347158599251,-3.3310075618887254,0.54170901672316063,-4.3753938728151525,-4.9171028895383131,1.2434104147091034,-4.5001841931395177,-5.7435946078486211,2.145202237444181,-3.3367916813171234,-5.4819939187613045,77.657259330873785,66.047358306663227,11.609901024210558,65.542580518664181,12.114678812209604,85.953552764629421,125.15648109349559,215.69004167217645,195.02432918312272,155.47168289693715,153.90120823364032,172.74804971759804,174.43748867759317,194.43754474776588,198.02330276070978,218.9974430404767,222.33112964727673,235.60229827176249,239.79789817709764,-4.0449357930309304,-7.6536484075590465,-6.4045638544403687,1.2490845531186778,-5.2507326523398206,-7.1833726051501969,-1.9326399528103764,-3.4987290248871261,-7.1652725347391311,-3.6665435098520049,-3.650950636365593,-7.1163688200607567,-3.4654181836951636,-2.0559901283544093,-6.4562226244642886,-4.4002324961098793,24.653034509108693,24.510454046332597,0.14258046277609537,24.504254550994119,0.14877995811457367,52.404688859729504,40.069110291447942,180.53801767434925,177.77599439322159,125.91477912145837,127.90703855612415,135.83514004973858,146.55186732113896,170.65621526787021,185.40734144046274,207.06043878628793,225.40127485961364,252.2676543036653,249.69923257305504,12.995078306447027,8.2326053330773163,3.7483232549945171,-4.4842820780827992,17.181852643894132,5.6766033513256957,-11.505249292568436,18.681820234279968,4.4378869816536337,-14.243933252626334,21.409236488111418,4.0920170536611806,-17.317219434450237,-2.3968903170891167,1.0636096338470509,3.4604999509361676,-5.0846235039264798,-17.040014099477958,-8.4530283089825389,-15.886253740636363,-5.4276054983686208,-22.432585296233952,-4.0404380416102867,-22.180549259167094,-4.8943610510746964,-25.060187124477011,-4.2011923657985903,0.3409001887347074,0.54435832225765368,0.62123912328005237,0.75748847396731189
19,2005,119.32554582618189,50.225229743305981,3,10,19.844106563472749,-5.565216064453125,128.16799340625585,124.86073518507328,3.3072582211825647,124.71694053969259,3.4510528665632592,165.43707882962917,118.77275302032649,402.68736850935966,193.99683603554462,148.35173745703264,149.77576374413854,165.71569667627614,169.71091539564796,193.49140649043713,196.57958044333597,220.88981018480899,224.7441715161095,242.64638374615191,246.40427117731667,0.86600165392215445,-0.41847219671538483,-2.2110556642223571,-1.7925834675069723,1.1271714629202449,-3.0459859344659606,-4.1731573973862055,-0.2330227560679532,-3.4025617818779779,-3.1695390258100247,0.78089414270542079,-2.955652084204047,-3.7365462269094678,1.9491589631853401,-1.8549370485328609,-3.804096011718201,91.119931891564192,90.422616343479604,0.69731554808458895,90.392299230803474,0.72763266076071886,107.13824365288383,85.650563880797563,211.08510491554625,196.51268007786197,155.43314654076912,152.76446203322544,173.57146860989485,173.03316991617436,196.17410658465857,196.29699880977762,219.88370932726431,221.09745158450389,240.06984895373796,240.79748556255689,-2.702290509526506,-3.0674790017837381,-2.7059638672923256,0.36151513449141248,-4.0481433516731329,-3.8020615110601739,0.24608184061295901,-3.5633428963573692,-4.17965276071115,-0.61630986435378077,-2.9422525156614938,-4.1233750886321161,-1.1811225729706223,-3.0936630601462696,-3.3515623214146899,-0.25789926126842033,37.048061246470752,34.438117057341515,2.6099441891292372,34.324640917571742,2.7234203288990102,58.298834811666893,33.12218916933125,191.60226316098124,188.69142009260159,136.92831854072173,144.11342846676743,153.05085721660765,163.25883002497073,184.79475228015778,197.37283766350771,226.44370395997444,234.57538867431069,253.13175961930477,254.49103414161561,9.5386220731734852,8.1929331114623096,-0.94937705110206139,-9.142310162564371,10.030763338630493,-1.7388945921973686,-11.769657930827861,13.429739714046065,-0.34889716215852218,-13.778636876204587,6.6058039980393914,-0.6575604572346947,-7.2633644552740861,-0.48413031905309367,-0.80028649722083856,-0.31615617816774488,-3.5682921634486604,-12.240912582699991,-2.6490068050683533,-11.260412113246048,-5.1753148145933778,-14.078906690303626,-3.330320140289416,-16.993082610403434,-3.7231466583669146,-9.5480565137008853,-5.0428220233316097,-2.6095327410931759,0.52419102614747148,0.64760720154649976,0.72112973474766162
20,2005,119.57554696975237,50.225229743305981,3,10,19.844106563472749,0.2105255126953125,161.84753306302082,155.49185458696957,6.3556784760512528,155.21551971858571,6.6320133444351086,186.97418732950609,109.23244435145898,399.19332783855498,191.15496838799979,141.65630335761182,142.85144905910738,162.74454789469135,164.19674681903288,191.21017858596218,191.91934145155247,219.69666132664747,220.87109882592364,241.34316279073815,243.97329634787343,1.8075426386979245,1.3776909072821297,0.049161655383784364,-1.3285292518983454,1.4786463948594815,0.10159536302361971,-1.3770510318358617,0.83512395596468991,0.13699351902673129,-0.69813043693795862,1.3447203603998616,0.11141288366525259,-1.2333074767346091,2.7138992615292636,0.062023329386875048,-2.6518759321423886,118.71312563602442,107.43302137467072,11.280104261353699,106.94258374609853,11.77054188992588,123.61825987449174,77.289939996864632,217.46807929035276,194.25977736488406,150.8751767302866,145.10613285000827,171.22630847831945,166.7969165587279,194.32587609440259,190.67674201477575,218.88480541485808,216.31584081934849,237.46842872039034,236.99611869934782,-2.4708105634302342,-3.7369665380928154,0.13256213552759277,3.8695286736204082,-4.3940544436645155,0.14281483362830727,4.5368692772928227,-3.2110361802583895,0.17349035612170383,3.3845265363800934,-2.2146718211049858,0.16581906284062597,2.3804908839456118,-0.62941509999635059,0.131297346386134,0.76071244638248459,43.134407099170858,48.058830291671256,-4.9244231925003987,48.272936002289498,-5.1385289031186403,63.355927211448943,31.942504492430089,181.72524860687554,184.60940871467537,129.51637322864497,138.69821623113231,147.56773969300971,159.58240780730083,178.51530341313176,194.93337312635069,226.67191757600386,231.8212707679599,252.89533648465175,252.36082869211131,10.769669029058662,12.151855065205666,-0.10856256686378174,-12.260417632069448,11.801592465135343,-0.0014690379101125473,-11.803061503045456,17.26685266842648,-0.061885132294690948,-17.328737800721171,3.9907061806529498,0.0095170264932562532,-3.9811891541596935,-1.1239336467215537,-0.00054660916273974181,1.123387037558814,-4.2783532021281587,-13.240479592488896,-5.1146574453749452,-15.888821603298481,-5.8727008385239969,-16.195646908799858,-4.0461601362230795,-20.47788884868487,-3.5593921815048475,-6.2053780017579356,-3.3433143615256142,0.49451854672520312,0.54476882283539307,0.66115147572021959,0.70757310665118611
21,2005,119.82554811332282,50.225229743305981,3,10,19.844106563472749,-4.3333282470703125,141.44043793585297,130.1333019492813,11.307135986571666,129.64168697375135,11.798750962101622,175.28596253617616,126.728217442811,398.89457849785686,190.09062013023083,139.75475911706855,142.60660213750077,162.48268199951858,165.38131468190826,190.58462230661678,193.82592533931782,218.91415836650501,221.75943958864997,239.57182282720768,243.36852078316613,1.5938507236238308,2.139784074819346,-0.78157624586984298,-2.9213603206891889,0.95464807745290159,-1.7343071025055394,-2.688955179958441,0.74272082509128268,-2.4419773699956977,-3.1846981950869804,0.53185557320344401,-2.3424938245557883,-2.8743493977592323,2.0190250233263498,-1.626878581799275,-3.6459036051256248,100.34154477406992,89.753617804777605,10.587926969292312,89.293273716331896,11.04827105773802,108.21743286465062,90.774399901898505,211.53470922354609,194.62823381285841,153.97884983720047,148.93841351231885,172.24292940859715,170.89090266410699,194.40600378260103,194.43429751083738,218.91355785500991,218.69590620577031,238.06558437870672,237.5242866581186,-3.5829864542067753,-6.653328880051447,-3.1423612989763399,3.5109675810751071,-5.6395648711641968,-3.4772996209799771,2.1622652501842197,-3.512402375014517,-3.5532922215666929,-0.040889846552175868,-3.5125799181354012,-3.5318615697761686,-0.01928165164076745,-3.437112680651893,-2.6497755154298943,0.7873371652219987,41.098893228838278,40.379683647797719,0.71920958104055899,40.348413757435992,0.75047947140228644,67.068529719954313,35.95381758561598,187.3598693870008,181.32603569680023,127.61028083078723,133.9876013320625,140.38553144656279,156.57431521101526,175.36726868337485,192.35327519114088,218.91736679201071,228.84675890923813,249.32587755020131,251.04738694334333,11.515041226228448,11.287789361453534,0.73667073535264649,-10.551118626100887,16.504269764602327,0.38904610257944228,-16.115223662022885,17.434849127885371,0.20021557141814128,-17.23463355646723,9.2669487703373363,0.88174096503868782,-8.3852078052986485,0.40025007122028455,-0.94032742540554182,-1.3405774966258264,-5.1768371778306062,-15.098027680435223,-8.7931129548707929,-17.941118241504981,-6.5942129486170984,-22.143834635766524,-4.2551232001057997,-20.947251502899888,-4.0444354913388452,-12.779528688472737,-5.4561377039782428,-3.8373627518721776,0.53030229194925649,0.61737649323924793,0.71629193350614695
24,2005,126.57557898972533,50.225229743305981,4,4,19.844106563472749,-11.956527709960938,90.818114300258458,83.070046749766334,7.7480675504921237,82.733175175104407,8.084939125154051,148.65269675514355,210.82564729354635,458.17163553182036,190.52658764085044,137.44944305537362,141.14094684961458,159.87476948762682,166.04550276815226,190.13742376543004,197.07643926047609,221.15222721804489,226.87131041004849,245.05690572394579,248.41469660144409,0.854677544107318,2.0011787658835658,-1.8439857043996142,-3.84516447028318,1.3072839186068563,-4.5351370852594926,-5.8424210038663489,0.76746095540704573,-6.2359265679213252,-7.0033875233283709,-0.15240944195599582,-5.6574024668257437,-5.5049930248697478,-0.96062104048439778,-4.2203515085120102,-3.2597304680276125,64.276812496289494,61.823489483489539,2.4533230127999559,61.716825823357794,2.5599866729317,76.624528615429881,168.04410998581079,260.17959084632457,198.01213848210892,155.76855986333439,154.36556706972374,174.12967914973882,175.90013798891775,196.24243166941727,201.6638755173262,222.2742012774801,228.37815630443816,242.39220803312628,247.96207425392572,-5.6175906791101795,-10.029115569308573,-9.1098333247181529,0.91928224459041985,-8.3628388967548801,-9.827014930246122,-1.4641760334912419,-4.3607459018924999,-9.751100659768781,-5.3903547578762812,-3.4528239006048693,-8.9065241205751704,-5.4537002199703011,-2.3320532053944305,-7.8678439407200642,-5.5357907353256337,26.541301803968963,21.246556185618829,5.2947456183501345,21.016349910216377,5.5249518937525863,72.028167927372124,42.781537307735562,197.99204445723444,174.57428184935461,125.46779662501926,127.20903736070369,134.81269724287222,143.99086097988604,158.82920383706204,180.25654223548585,214.1048909213284,222.41411936558566,249.64854555183646,249.9597012242391,14.17423333399563,6.4185784399636674,3.1878353775165351,-3.2307430624471323,14.432872627350292,4.2488579527646095,-10.184014674585683,27.065653554651561,6.3540666141816473,-20.711586940469914,12.723327515007014,5.0738454081004818,-7.6494821069065324,1.7575200867865988,2.4973597708276145,0.73983968404101574,-6.4722682232174975,-19.79182401310581,-12.030294335192139,-16.44769400927224,-9.6701228153617365,-22.795711524105172,-5.1282068572995456,-31.426399456544061,-3.3004144586488735,-16.176151415611884,-1.3714321649100327,-4.0895732921810293,0.56786490186002558,0.51546006421695534,0.79707621981983989
26,2005,119.07554468261144,49.975228599735516,3,10,19.946783534839629,0.4166717529296875,163.04646778106689,151.12868869304657,11.917779088020325,150.61052334308624,12.435944437980652,190.64290635726502,103.1590091250182,412.89816932473332,194.65229728366006,149.98201379651769,150.37337930944364,167.98080088265431,169.56788189200014,193.82955677121885,195.51618413838636,220.50770517423433,222.9880096628506,242.36493349044156,245.46611437363066,2.3401508321692859,0.59428676323156537,0.08570962154129802,-0.50857714169026735,1.8512854697504508,0.15539478266884998,-1.6958906870816008,2.1054789901521929,0.23106882607268631,-1.8744101640795066,2.5145503635669115,0.20818076007219588,-2.3063696034947156,3.0167755200283466,0.14303548082691009,-2.8737400392014365,116.63865631818771,103.49830889701843,13.140347421169281,102.92699062824249,13.711665689945221,135.15560957917137,74.553752891566546,226.34773422364378,194.59679230381138,151.30335513015677,152.19115965120082,169.78986256839988,171.96718906561728,194.63304067751233,195.1171572578946,219.14252663586211,219.81962753695808,240.02840228998784,240.34730786853382,1.8553722041377796,3.216904889856977,0.25457728826231119,-2.9623276015946658,2.9006405786245182,0.32735243614069987,-2.5732881424838183,0.89565982794701426,0.33487429841068206,-0.56078552953633221,0.64963612911554947,0.33575791756888407,-0.3138782115466654,-0.67078208240943127,0.30497277052737104,0.97575485293680231,46.407811403274536,47.630378246307373,-1.2225668430328369,47.683533251285553,-1.2757218480110168,55.487296632807556,28.60525617384701,186.55043501872569,194.79071522271369,148.5638294569257,147.64657728325136,164.75420838937401,164.66211219394251,190.39117118386875,196.67401029616062,226.6702800460277,231.31252567391454,251.98858595544996,252.68590946719863,3.7866997177509916,0.76210981636049269,-0.062659999474192318,-0.82476981583468501,1.0942339021708847,0.00057625635457725366,-1.0936576458163074,6.8268440763543481,-0.067917765283482368,-6.8947618416378305,4.0391067776220666,-0.012660018561604147,-4.0517667961836707,-0.25532105396206362,-0.0051578052483023384,0.25016324871376128,-0.48477862803150629,-1.931327513613212,2.6226181266254116,2.4547950734964843,1.0493551088740674,1.8064066764536335,-1.2098191622051786,-5.9311842484073338,-1.8649142344513621,-3.3894706485065171,-3.6875576024377779,-0.41546102844736765,0.54819263208122238,0.70894643898204956,0.72270714428068028
27,2005,119.32554582618189,49.975228599735516,3,10,19.946783534839629,8.4761962890625,175.25738035232644,162.357760585699,12.899619766627438,161.79690607669181,13.460474275634624,188.9023997142649,89.371753378800349,404.27384175360203,194.16005924555944,150.1176800324269,148.21443170071822,166.75355005401303,164.82961140797403,193.70923988132498,190.19580397366201,219.76851259500904,218.61503651926452,240.82857878800002,242.31256528936919,1.4721720797607531,0.15981370598069589,1.8268653253913385,1.6670516194106426,0.90165910866184618,2.4914373761499178,1.5897782674880716,-0.05719808988695263,3.5948763949079705,3.6520744847949231,2.2056411852525173,3.3735875628874226,1.1679463776349053,3.7116681723783529,2.3068094724310981,-1.4048586999472548,119.26614942614106,104.29195839526074,14.97419103088032,103.64090691735328,15.625242508787778,130.93165767773462,64.312400346359937,220.72815015725791,193.93126849735881,148.88360450627292,147.06069744223797,168.07556038575206,163.4591428755941,194.75469616985657,186.31232534095145,219.09467046329843,213.00587019443515,239.71750969150045,235.62444051793941,-1.1773773548580948,0.85016293729987069,1.2228252312634424,0.37266229396357176,-1.8303433975833912,2.4380462304312118,4.268389628014603,-4.049630957403167,3.7756585129246503,7.8252894703278173,-1.834680322231236,4.3647572634882863,6.1994375857195223,-0.9550505161692513,4.5147850788672486,5.4698355950364999,55.991230747371446,58.065800572599983,-2.0745698252285365,58.155998654117866,-2.1647679067464196,57.970741857716348,25.059353211254347,183.54569126665592,194.69805752642577,150.7883314787322,149.85414401015277,166.26109690648562,168.63187253092238,189.84235618158434,196.06188085015012,226.32436155746115,227.53225904961243,249.2700558550992,248.82741557994785,6.0102110443525021,3.9695395838575394,3.4110504699110606,-0.55848911394647871,5.4631843868074554,1.385715152927645,-4.0774692338798104,10.293120461002104,3.7439342442646932,-6.5491862167374109,3.2153363715607099,2.5920844266977667,-0.62325194486294322,-0.12709143034143722,0.98244905348616385,1.1095404838276011,-2.649549434618848,-7.1875883992105969,0.69034923131917481,-3.1193766465576687,-2.7320025062452373,-7.2935277843908466,-3.9924328675162144,-14.342751418405271,-4.0403215074837533,-5.050016693791946,-4.6667186885476042,-0.82795908582781408,0.54598672325623265,0.69311802219443885,0.71960544484086764
28,2005,119.57554696975237,49.975228599735516,3,10,19.946783534839629,5.2857208251953125,169.02670480269808,167.14198316119655,1.8847216415015282,167.06003801267798,1.9666667900200991,186.38024258807309,92.948786615892459,388.90069940732792,192.21279019003893,146.58749801747462,144.58504230915193,163.26144926654911,161.86589966152789,190.99382478616533,188.86242541196171,220.66993956998334,218.41547603163821,241.88422613240402,243.23331268394716,1.4119290671421254,-0.14199275840482528,1.5408117105683914,1.6828044689732167,1.162409671081349,2.3820819562423878,1.2196722851610389,0.60369321820095934,2.9132224545164433,2.309529236315484,0.2828663051461433,2.4903254234559142,2.2074591183097709,2.8254209935869028,1.5026637439703734,-1.3227572496165294,113.0560164250237,110.97406122958819,2.081955195435512,110.88354291175347,2.1724735132702335,121.01741889340701,62.234720395037584,204.15738236653851,192.52627911972496,146.85628128554407,143.25325186711487,163.27772506305169,160.22956676140132,191.05127483004071,184.19733540045533,220.08796833015015,211.38451438506826,241.54732332061701,235.21778634073243,-1.7433655946995827,0.60987492529852716,2.8018877680577532,2.192012842759226,0.4375396004322738,3.2867667526771527,2.8492271522448789,-2.2790526304962668,3.7215877679715277,6.0006403984677945,-4.4437483285771862,3.8920681160268202,8.3358164446040064,-3.8974127729619852,3.1895099630662571,7.0869227360282423,55.970687990244187,56.167919070586322,-0.1972310803421351,56.176494479333087,-0.20580648908889998,65.36282324018066,30.714066474174615,184.74331681476906,191.61485762105573,142.75181745910257,147.20381657304571,163.22302970836233,164.94406743621801,190.90487006614171,197.45022475575422,226.12253694221846,230.2491161018425,248.08839381507241,251.07772962877098,6.9949347275552327,4.4806426092671074,-0.8770793607852454,-5.3577219700523528,2.5897001446284662,0.35659782192917078,-2.2331023226992954,8.0495941932832409,1.1915017313920373,-6.8580924618912036,4.3465532474978943,0.85125575824457655,-3.4952974892533177,3.0457354546215925,-0.034464679080457472,-3.0802001337020499,-3.1552946618417081,-8.7383003222548155,0.75186768370335244,-3.8707676839685803,-0.72487007064907516,-2.1521605441961924,-2.8827458486972262,-10.328646823779508,-4.7266146337233295,-8.7903015760750804,-6.722833766548888,-6.9431482275835776,0.52496018309472769,0.64930390267209148,0.66955925581062548
29,2005,119.82554811332282,49.975228599735516,3,10,19.946783534839629,-5.399993896484375,138.14769518375397,129.41473758220673,8.7329576015472412,129.03504371643066,9.1126514673233032,173.33933469012482,121.40630687835983,406.60684439260513,192.40229184871731,146.91699948808309,147.96857868508141,166.41654928878651,168.84326567433183,192.89649575949619,195.30751392057815,218.38949351196607,221.84339102018424,238.05765422862606,242.378126294407,0.35447556744006192,-0.72768413388146769,-1.7691480159196828,-1.0414638820382152,-0.53681786618551541,-2.7878196492161464,-2.251001783030631,-0.80410927754743966,-3.2277539712345629,-2.4236446936871232,0.38961581735554773,-3.0195557620210707,-3.4091715793766184,2.0681779725717035,-2.0929515381875206,-4.1611295107592241,108.43289774656296,98.693434000015259,9.739463746547699,98.269976735115051,10.162921011447906,126.31848503649235,93.767638565934249,235.9745685873786,194.29442101155925,154.24479537139945,151.71991370220766,171.48505471865923,172.33100449326761,194.63627129350581,195.42438971101583,218.11771205374421,219.25373700317581,235.68937364356276,237.22257990369209,-2.7199357562439843,-4.8151971780987139,-3.2129209622411281,1.6022762158575858,-3.6809095002795118,-3.9819589302263978,-0.30104942994688599,-3.4628923730201677,-4.2266161672858402,-0.7637237942656725,-2.9371351031973063,-4.3440042025980006,-1.4068690994006943,-1.8730825127398987,-3.5655700879061385,-1.6924875751662398,29.714797496795654,30.721305638551712,-1.0065081417560577,30.765066564083099,-1.0502690672874451,47.020849608928984,27.638668157826032,170.63227564934641,186.824551888808,133.05963237445098,139.70970844060196,150.91927825713918,160.28136039775578,184.49902542740588,194.90512853250374,223.96218883710546,230.97197502685441,251.09999521686512,251.29247383178145,8.7870914866130931,10.363274180815068,0.69070061474280919,-9.6725735660722592,9.0069009766477279,-0.76791899761630589,-9.7748199742640338,10.842869310115134,0.57363648519250887,-10.269232824922625,6.6354007978342224,0.88544202065398281,-5.7499587771802396,-1.5163850960489356,-0.59202298045619273,0.92436211559274284,-3.0744113236840462,-11.507027242857077,-4.0875130442172463,-15.178471358913782,-3.1440916340939964,-12.68781047692724,-2.6587830954727281,-14.305761683135302,-3.326750920552854,-9.5725359010315287,-3.9412604853116022,-0.35669741669096311,0.58035070447444292,0.72873525943958029,0.7723456958449656
35,2005,118.32554125190005,49.725227456165051,3,10,20.049067107597352,0.0454559326171875,162.94601016627712,138.90607628091311,24.039933885364007,137.86086214581519,25.085148020461929,190.19476296317953,119.08898219229741,444.43159049644601,195.60765249125535,150.66316251260844,150.51380434130331,169.6141913852633,169.3890122315328,194.52923830076188,196.53790128056644,222.43678369443637,223.9916882199621,241.71820222088184,245.56118892430604,1.7444482744684535,0.11371816464153994,0.0065788862851547947,-0.10713927835638515,0.058265864218611796,0.016063287044261187,-0.042202577174350608,2.1766859978576178,0.019739789907561089,-2.1569462079500568,1.5198463356888396,0.023071218300600549,-1.4967751173882391,3.7303634916674753,0.01313717250363311,-3.7172263191638422,102.85393085250143,84.115806116091335,18.7381247364101,83.30110458625677,19.552826266244665,117.15504798636175,85.748889131520627,213.88783285315731,198.20266725568379,153.85515223754709,154.04868570377886,173.18439019622804,172.48969134735944,198.36198165679943,197.09471624660409,223.96637393923729,221.56097881702729,241.88079538832926,241.23111256066647,-0.58688888487714053,1.6389981245067986,0.033922644820137293,-1.6050754796866613,-0.2462390057344237,0.038611735683360848,0.28485074141778455,-1.1546498816514941,0.036831336965207129,1.1914812186167012,-2.8778147487589365,0.035573235318111074,2.9133879840770476,-1.4453831320157917,0.031462876365054626,1.4768460083808463,60.092079283973362,54.790271514054439,5.3018077699189234,54.559757575814729,5.5323217081586336,73.039714932114293,33.340093016073297,230.5437574115349,190.65804111051247,146.69088522632094,146.41990226043302,164.71729053158953,164.84350410551235,188.30306839306874,195.37855254689998,212.05876011451221,229.08179785405281,240.40227479298716,250.31585953946151,6.4821246107651973,2.206835570168721,-0.015073322930646782,-2.2219088930993678,0.85276308818151847,-0.0075321966695014453,-0.86029528485101991,7.539553668085091,-0.016285541315767205,-7.5558392094008582,16.077426505995874,-0.0023022422772953632,-16.079728748273169,9.46848870717875,0.0018398453096324374,-9.4666488618691176,-2.331337159345594,-7.0690134956423378,1.5252799598652587,-0.5678374456619224,-0.3045048699530355,-1.0990020939159422,-3.3313358795091119,-8.694203549736585,-4.3976610844477761,-18.95524125475481,-5.175746623683267,-10.913871839194542,0.48126154266900095,0.61597410023872323,0.72004049033737405
36,2005,118.57554239547051,49.725227456165051,3,10,20.049067107597352,3.826080322265625,165.25385108641422,144.13333878708363,21.120512299330585,143.2150568158977,22.038794270516519,186.00323819236655,107.90466875316997,431.42904363991693,194.68308550819853,150.13088893816854,148.73533218210218,168.03797111008524,166.09476770493347,192.7485041769219,192.94669460020413,222.31801835683106,221.71691739264745,242.16148699516361,244.13289728265156,1.7200599460567787,-0.06455934687406284,1.087986802691205,1.1525461495652678,0.10978204193781949,1.5827055067542517,1.4729234648164322,2.2792324591674742,1.8152692500972307,-0.46396320907024347,1.3277113081785501,1.8537479098948779,0.52603660171632782,3.157903418578627,1.2370294701072169,-1.9208739484714101,103.15312861572784,80.12245059380075,23.030678021927088,79.121116821801479,24.032011793926358,114.46130272967366,76.755882958741495,204.24835749121848,197.15317307799077,153.51932179060637,147.95298258616978,171.90767706196576,164.94814031843191,196.4468302876069,189.81174056166645,223.64765935879049,218.11533331970784,242.17396524989175,239.86935352125275,-2.6250379279442484,-1.6723698986717181,1.5965832881645952,3.2689531868363133,-3.528993313776283,1.8891652116431032,5.4181585254193863,-4.7628403066013618,2.2863553577538198,7.0491956643551816,-3.5176346414261559,2.4960106094910941,6.01364525091725,-0.55579604649034309,2.4126400641288797,2.9684361106192227,62.100722560093345,64.010887332904531,-1.9101647728111857,64.093940328400095,-1.9932177683067493,71.541935512579585,31.148785734823832,227.18068607198074,190.08361258888138,146.30632415461378,150.0197790408462,164.24365506395776,167.69967407231582,187.28853974100912,196.76961134401861,212.05292856319639,226.70289871632474,241.97542087150455,247.65629026319294,8.6916366315456344,5.9892178825140832,0.14193408961338605,-5.8472837929006971,5.9100903090872237,0.92010875483993004,-4.9899815542472936,11.365353215683029,1.6368256949897386,-9.7285275206932909,15.056663601654293,1.1672935392655859,-13.889370062388707,5.108011084114878,0.70690572532976148,-4.4011053587851166,-4.3450978740010271,-11.316674559489883,-1.6078105517976553,-7.6615877811858013,-3.6387753557141025,-9.4390836228635067,-7.042072765768836,-16.128193522284391,-4.845345949604706,-18.574298243080449,-3.7136994650689701,-5.6638071306052211,0.47342282700301935,0.61537263459519209,0.71133050910261564
37,2005,118.82554353904098,49.725227456165051,3,10,20.049067107597352,-4.81817626953125,172.25880998848879,137.60979064794083,34.649019340547966,136.10331341488927,36.155496573599521,208.17586293688692,122.96290205413607,446.84219521796331,191.40048442196525,146.04758410681856,146.42623052303577,163.67965526811923,167.22199043152145,189.92326776553,195.43170415948077,218.63984405593934,223.78757035184069,239.73526230408541,245.62170730683312,2.2902946153786274,-1.0980214679521509,-1.8642669452335383,-0.76624547728138737,1.2888681922835872,-2.424106792673598,-3.7129749849571851,2.8370377495925538,-2.8783161496118339,-5.7153538992043877,2.9038438707073624,-2.6275171042122167,-5.5313609749195791,4.2015483896552155,-1.7786161139518128,-5.9801645036070283,136.7100433245796,92.645884016332275,44.064159308247326,90.730050622449198,45.979992702130403,153.05398617540777,98.598309309421893,266.12485228583682,194.19272224528876,153.35757977170135,148.55524178394174,168.62376367927274,168.31657350125468,193.40452248494609,193.35966260543222,219.82141471279715,220.42456248537414,238.76513759774997,241.05574032094395,-2.372954375601438,-5.6493865397951311,-3.0145153936314557,2.6348711461636753,-2.3391587489851986,-3.146944830514343,-0.80778608152914444,-3.2954767193135126,-3.4415865089301576,-0.146109789616645,-2.897802469727111,-3.5270827521496528,-0.62928028242254186,-1.0834370990168907,-2.4612217176911599,-1.3777846186742693,35.548766663909191,44.963907544643007,-9.4151408807338157,45.373261619311961,-9.8244949554027698,55.12187685088611,24.364592819219979,180.71734334295616,182.56032507505205,131.6016592427485,141.49724258825714,147.56587401588732,165.4181110644177,183.00553409236741,198.86235703919172,209.06824135895931,230.50050600219828,250.23077591096768,251.28330802997837,14.365265152331261,13.467195363944739,0.63042775026517006,-12.836767613679569,16.372908550452365,-1.1758026589567692,-17.548711209409134,14.56695972119266,-0.82018623882285624,-15.387145960015516,19.497664907053519,-0.31922624336561967,-19.816891150419139,-0.60858261505353539,-1.2059628119429249,-0.59738019688938948,-4.6632489909800654,-16.738219527932699,-4.5513650718429801,-19.116581903739871,-3.6280269412687858,-18.712067299437564,-6.1325144689060664,-17.862436440506173,-5.8016463404344734,-22.39546737678063,-5.2849854886721062,-0.47485448396335528,0.59556786519685068,0.73521485159789846,0.80185411748018653
38,2005,119.07554468261144,49.725227456165051,3,10,20.049067107597352,4.9545440673828125,164.5471658130773,155.33880930011583,9.2083565129614726,154.93844438887754,9.6087214241997572,183.81154625947602,96.388101065360388,395.94713892135769,194.14984326423519,147.23294403993924,147.35030796233599,164.93078053212054,165.60011551831434,193.56678757547863,192.24901391573778,221.78860952358158,220.82648391946483,243.73535852876475,244.31668771359847,1.9220566112811923,1.4139086672977612,1.1267396088346118,-0.28716905846314944,2.6558638472042162,2.0252246111874967,-0.63063923601671945,1.3995072260012478,2.5354942989797564,1.1359870729785086,1.4302919096184041,2.3631372106552533,0.93284530103684915,1.9309373800851404,1.4724934308616753,-0.4584439492234651,111.77481429544241,96.703477707284037,15.071336588158374,96.04820265543276,15.726611640009651,122.50566126168832,72.083106243453585,212.68300928687677,195.88474791751989,149.19983236952118,146.1599019506032,168.6639257889193,164.71201481617774,195.70379482311344,189.19509365063865,222.09055018927211,216.36553708462677,243.6473617386458,238.86695466875602,-1.4622319991667325,0.60736264664308237,2.3250302103163278,1.7176675636732455,-0.70851307294918797,2.9280451057737764,3.6365581787229644,-2.7987991633114291,3.403941185733629,6.2027403490450581,-2.1978751293529513,3.4891351819979093,5.6870103113508605,-2.9111723582984155,3.1809862999146787,6.0921586582130942,52.772351428227921,58.635330311331927,-5.8629788831040059,58.890242641060468,-6.1178912128325464,61.305884848945425,24.304994628191707,183.26412950176746,190.20650149507742,143.48235720506727,149.30452542089793,163.43819429508375,167.2143255444735,188.21290577244119,197.12919657544674,215.47341029120284,228.27070817459986,247.3592984925036,249.92198009685254,8.7522801589360597,7.3027728220697554,-0.83886946510469329,-8.1416422871744487,4.9758474021705013,0.38634726193379265,-4.5895001402367086,10.452959433075705,1.5020677158633475,-8.9508917172123574,12.84513350166975,1.2543817173877869,-11.590751784281963,1.9738510789919133,0.11030964912694685,-1.8635414298649664,-3.3842886104479248,-10.214512158102792,-0.80654602065467884,-6.695410175426673,-3.3643769201534042,-5.6843604751196892,-4.1983063893126769,-13.251758596387134,-3.6281670389713554,-15.043008631022701,-4.8421097383835559,-4.8850234372903287,0.53715000913068722,0.66647424361881069,0.74784237314286661
39,2005,119.32554582618189,49.725227456165051,3,10,20.049067107597352,11.428573608398438,157.47859219672682,155.57216929201968,1.9064229047071422,155.48928239845554,1.9893097982712789,164.12661225957163,90.03137355184117,379.31530520832166,196.06018387796257,151.46072104823224,149.68893758044732,169.48393368199228,165.36445074501734,194.50947990753258,190.27205114368991,222.85335367955591,218.60237950043654,243.27554492364388,242.16886615995344,1.4731253450501072,1.1512359454947045,2.9061932308298708,1.7549572853351663,0.75039025108637247,4.7413536120829178,3.9909633609965454,1.2703964243170844,5.3757541589013442,4.1053577345842598,1.02254739823465,5.277822416214434,4.255275017979784,2.2101274851661401,3.4150565965306612,1.2049291113645211,102.67659328157606,93.882641454292752,8.7939518272833084,93.500295915800962,9.176297365775099,108.41391123873836,64.162432780845847,197.62347418919671,196.17018184479346,152.18445465890514,149.66876264724769,170.1339696387974,164.00728299978766,195.51442163788738,186.86682753339241,222.79563813217572,213.58483153995172,243.06880319639808,236.37726519448501,-0.80272518492273548,0.59998181704210651,1.6960778420919382,1.0960960250498317,-0.69858510249270012,5.5551430619502185,6.2537281644429186,-1.8582223653652363,5.8970612168596972,7.7552835822249335,-2.6114137963369899,6.7874669804383814,9.3988807767753713,-2.656380191991218,5.4574332635219491,8.1138134555131671,54.801999213173985,61.689528033570241,-6.8875288203962555,61.988986705462594,-7.1869874922886083,55.712701318856489,25.868940696489517,181.69183125859126,195.82749598594614,151.14602283562337,149.71693621455188,168.11546035672663,168.83468995202986,193.71712758375546,194.42953567852066,223.20438316256397,225.62161691325699,248.07533223965069,247.59994539114751,5.1767142419526238,4.9812942203255659,4.7372045095005433,-0.24408971082502262,5.0445108982531224,2.2573478828404632,-2.7871630154126592,6.2228608298594281,5.3797103050604562,-0.8431505247989719,5.7385455119799644,4.1884765985435308,-1.5500689134364336,1.1347919497914347,1.8471022255204446,0.71231027572900985,-2.2758505299728427,-5.9794394268753592,-0.55125412845259802,-4.3813124032834594,-1.4489753535790726,-5.7430960007458225,-3.1286187896823208,-8.0810831952246645,-3.6339611945716399,-8.3499593083169543,-4.8665076771573581,-3.7911721417826527,0.52100052772893257,0.66055047226148922,0.71266748744980912
40,2005,119.57554696975237,49.725227456165051,3,10,20.049067107597352,8.409088134765625,158.53852757930872,160.41515444802644,-1.8766268687177217,160.49674490344478,-1.9582173241360579,169.93654394887199,98.192481288362615,392.85570572828874,194.82400612890643,150.07897803675803,148.06456352995062,168.24234421742074,165.61604367465162,194.20194373160868,190.40425285016974,221.22726772224766,217.82916618042717,241.67706562037495,241.4572495445301,1.1918749167704732,0.25807192799135237,2.2158787976954386,1.9578068697040862,0.69189605977908286,3.4072796148259954,2.7153835550469125,0.45095830167420559,4.2405145206768395,3.789556219002634,0.73723277816071686,4.0826445237166524,3.3454117455559356,2.2777308928611149,2.4837674173541302,0.20603652449301535,112.77393841121739,109.09633846567158,3.6775999455458077,108.93644237825356,3.837496032963827,120.71393253724909,73.721256390956114,213.25972102615651,195.76536762337184,152.18225639712739,147.75792117736995,171.80141787445643,165.29230115186724,195.63614646321025,187.31585373557976,221.06734499158293,212.08229721317539,240.9534225162742,233.70503325298068,-1.8265930522821634,-0.58915846509481185,2.3227239264732873,2.9118823915680991,-2.8277299943982541,4.323548101081343,7.1512780954795971,-3.0780987929296941,5.2592542369997375,8.3373530299294316,-2.8963876692100712,5.6318124099030342,8.5282000791131054,-2.8976084169302396,4.9463357388204088,7.8439441557506484,45.764589108486689,51.318815069320408,-5.554225960833719,51.56030341926089,-5.7957143107742013,49.222611334407702,24.471224867604178,179.59598475089297,192.34030049914199,148.91187255787028,148.49020021187732,164.17813476630491,166.97279005343862,189.31583276343309,196.57250706875976,223.1573171894924,229.07594522508882,249.30717949837313,249.62903724817443,7.52596100444174,3.0985537982268738,2.199256352108705,-0.89929744611816886,5.7328641012790058,0.9231587313441878,-4.809705369934818,9.3438342009919495,2.8787913786868273,-6.4650428223051222,7.2522328856136085,2.2810014233891138,-4.9712314622244946,0.78684021918917324,0.85586029936663977,0.069020080177466525,-3.0184679690526366,-9.3525540567239034,-0.84723039308616421,-3.6877122633216857,-3.519626054177337,-8.5605940956772599,-3.5290570946038997,-12.421932993921644,-3.633620447370788,-10.14862055482368,-5.1753393097913545,-3.6844486361194129,0.54284491205443652,0.71034710799795797,0.75078310909017909
41,2005,119.82554811332282,49.725227456165051,3,10,20.049067107597352,0.4761962890625,150.72043658272014,146.00181307325693,4.7186235094632138,145.7966583903908,4.9237781923293369,177.49192261640565,127.10902036243533,411.77366025652736,190.12644512174981,141.01153972071063,143.01424423516784,162.25804007448087,163.95264388137792,190.51234695520591,191.05600909102813,217.94820671007443,218.93855603096824,238.52148595450149,241.89057095464213,1.9296551935586876,2.0664739643156338,0.11450335264228784,-1.951970611673346,1.6946124594233538,0.25133531335643511,-1.4432771460669187,0.71446404783739581,0.2852150477151838,-0.42924900012221201,1.1862570403743291,0.2620561040192797,-0.92420093635504941,3.5461668008627214,0.16627946866313437,-3.379887332199587,116.02354688783089,109.9871801892732,6.0363666985576856,109.7247278275463,6.2988190602845862,118.59065392844241,101.05648875564111,233.94642247632146,195.1874385854768,154.80568190646576,145.7183547577055,171.61798294532429,166.10763922864768,194.99572923686785,189.35748655161083,219.36946690886313,213.80093935498934,237.51801310267919,232.97888150279655,-4.814158898760212,-7.5762688684440604,0.33911642268981268,7.9153852911338731,-5.7197481955569458,0.37212532978136892,6.0918735253383147,-5.1643423608747696,0.38094812748263962,5.5452904883574092,-5.061653615505918,0.39855655261342804,5.460210168119346,-3.6710181634622359,0.31073031023751696,3.9817484736997528,34.696889530976478,36.014637201064033,-1.3177476700875559,36.071930307396542,-1.3750407764200645,58.901268542809703,26.052531606794219,177.82723769452423,177.04130065159728,128.50401284980782,135.93002031285715,135.39140459603647,158.02604631519696,168.14020699913718,196.99566635869363,207.85987287947219,234.01548192111511,248.78733976834795,252.51767460924944,18.749954567678941,11.081064998942907,-0.13447037161017761,-11.215535370553084,23.16279818587995,-0.037620276730649493,-23.2004184626106,28.758966153752652,-0.18151163418130523,-28.940477787933958,24.862306130784049,0.01615532678732734,-24.846150803996721,3.0074217967051027,0.070932936375243116,-2.9364888603298596,-6.7438140923188996,-23.564113466439153,-9.6427428327596942,-18.657333867386967,-7.4143606549802996,-28.882546381436896,-5.8788064087121654,-33.923308514627422,-6.2479106558802471,-29.923959746289967,-7.2171849643249573,-6.6784399601673385,0.5681432424079218,0.66814676510513515,0.79503790106706262
42,2005,120.07554925689328,49.725227456165051,3,10,20.049067107597352,-0.6999969482421875,142.56069588661194,138.62144619226456,3.9392496943473816,138.45017343759537,4.110522449016571,167.54615874584306,113.57418884523941,388.31744881905615,191.78680389910772,143.94848985320365,143.50673063489319,164.01254369747051,164.24215885534119,192.03312306749427,191.64931146024597,219.60631892688514,219.69432327563413,240.19909509265125,242.1037967661851,0.20727883826845073,-0.69304239022932279,-0.24930487672486379,0.443737513504459,-0.42230976590141722,-0.2820026183692903,0.14030714753212692,-0.76529522060656063,-0.38766900890490774,0.37762621170165289,-0.28949065874084567,-0.33361367803789221,-0.04412301929704654,1.6569943118558399,-0.19057478746736933,-1.8475690993232092,103.70045287162066,97.33926060795784,6.3611922636628151,97.062686234712601,6.6377666369080544,113.08711249008775,86.045263903763043,214.67293018114287,195.02038119107337,152.28936153912687,144.99190150572025,170.38415223322733,165.39890963017024,194.99839012438204,189.35564629356585,220.19912744622346,214.63320420035186,239.06268048529685,234.89472732912714,-5.4394374822641112,-6.7020012062121452,-0.42805497823820815,6.2739462279739371,-6.8163131154565235,-0.47323946472931766,6.3430736507272059,-6.1797518287667401,-0.52305637242949388,5.6566954563372462,-5.54839332438263,-0.52225157787043486,5.0261417465121951,-4.5315472689291028,-0.34315671210819687,4.1883905568209059,38.860242784023285,41.282184943556786,-2.4219421595335007,41.387486338615417,-2.5272435545921326,54.459046080666667,27.528924911674039,173.64451853744686,183.93309171439793,131.57919891609032,139.65428003553859,149.89065028081652,161.68435524052339,182.40311118073188,196.84329443844294,212.29899670537355,231.41038652317016,249.81346812959205,250.70926123034809,12.329336777588452,11.403473909406983,0.26409250422355512,-11.139381405183428,12.106879839278747,-0.026160792182963633,-12.133040631461711,14.637192541452066,-0.029396816402936565,-14.666589357855003,17.92422773077223,-0.089327880897229761,-18.01355561166946,0.072837334318791136,-0.13227669211971715,-0.20511402643850829,-5.6467163205325619,-17.768774259852563,-6.0089588159828224,-18.105475115619129,-6.3940033495551063,-18.923192954735271,-5.4144566081601795,-20.816944370218806,-5.2589026656417843,-23.47262105515486,-6.1885415807849427,-4.6043846032478939,0.55282844186889413,0.67496093814740188,0.75761284125050332
43,2005,120.32555040046375,49.725227456165051,3,10,20.049067107597352,-1.2608642578125,119.82703763928293,116.3830762015823,3.4439614377006365,116.23333773392733,3.5936999053556065,149.31580244488578,119.82316085806815,399.85337903443724,192.0612639550481,148.60156470898241,149.18757482721185,165.76764912292941,168.63724540346612,191.57650463886361,193.2641040506812,218.42577809596398,218.25307793454598,237.678141286943,237.98201586566572,0.9216673463789391,0.29911078740477137,-0.37557543627815448,-0.67468622368292586,2.2007969570915975,-0.61106173019967969,-2.8118586872912772,1.0999363307003307,-0.76264191692138183,-1.8625782476217125,-0.79875440255202079,-0.63574238956655904,0.16301201298546175,-0.21778844190595237,-0.40554913958152383,-0.18776069767557146,88.544636730244747,87.479638993801927,1.0649977364428196,87.433333761531685,1.111302968713062,103.62259741514026,93.899426451898762,210.34777886985103,194.4501267012931,154.76943728497429,152.38930238317045,170.53329523624618,171.25112174089375,194.17034404223534,192.87597239130241,219.26580010988604,215.10337008975344,236.69083713681087,232.01183073833317,-2.476428682585663,-2.6339509506566685,-0.83625504200057321,1.7976959086560953,-0.72666686599717423,-0.9763975246168286,-0.24973065861965438,-2.2148459897821056,-1.023446583426761,1.1913994063553446,-5.1383668202890931,-0.9924452850102341,4.145921535278859,-5.367626521630001,-0.82903032796372145,4.5385961936662795,31.282400968642833,28.903437010828384,2.3789639578144488,28.800003917973299,2.4823970506695332,45.693205223460609,25.923734269143097,189.50560020003468,185.47269670098962,138.27976694437305,143.39921125185111,152.09240520211009,161.098621786259,182.81437420069258,194.68285243871671,209.5958711386821,229.35826441653086,241.15262858889542,246.97771284564175,9.8173733877312372,6.9009371670247788,0.39254034169374563,-6.5083968253310331,9.1409396971637307,0.26786048354458103,-8.8730792136191496,12.628837185100906,0.3717322188659864,-12.25710496623492,18.917955462733289,0.35135737103323095,-18.566598091700058,5.0827387464303797,0.081915660996429551,-5.0008230854339502,-3.3980960289646021,-12.2938020703169,-2.9330617380614399,-9.5348881176814473,-2.9274638230887717,-9.8676065631609049,-3.3147823204824363,-14.843683174883012,-4.3396124177370723,-24.056322283022382,-5.1498380797240486,-10.450365268060381,0.52606227657197036,0.69398279162976462,0.78365005379155095
50,2005,125.82557555901393,49.725227456165051,4,4,20.049067107597352,-8.142852783203125,133.48483344811029,125.31863755934319,8.1661958887671062,124.96358579321532,8.521247654894978,187.37121231200945,164.10527402646767,455.50526554230601,185.59293500477119,134.32296355441579,139.59993465318163,153.86305334107723,163.94121399906089,182.45134017905752,193.42463665506469,216.27153421293426,222.78780835574108,241.30898363625076,246.09232011466523,4.1052728705795403,4.0184998606345914,-1.4340275846972759,-5.4525274453318673,6.4400539588534684,-3.5756670232929935,-10.015720982146462,5.8468243452490185,-4.9080008491680474,-10.754825194417066,2.0750578823343062,-4.3808951198699049,-6.4559530022042111,1.6120191081225244,-3.132984411168195,-4.7450035192907194,94.786827735215411,91.887485958977777,2.8993417762376339,91.761428976977186,3.0253987582382251,99.976386400017873,120.31057840977337,231.069376975458,193.88850373733945,151.9708984107279,152.50347513206665,169.39177968163946,173.34799045298925,191.82476351670684,197.14608569792617,219.12177811286048,222.90462318331214,238.54059234522074,243.81871575265677,-2.9251287962753452,-5.5073259095435958,-6.5602862837542943,-1.0529603742106985,-3.4265803307415581,-7.1042918352019626,-3.6777115044604045,-2.0956280927715341,-7.2855981418817635,-5.1899700491102294,-3.1903985509330539,-6.9317813724861139,-3.74138282155306,-1.3919646388734748,-6.5893404380807397,-5.1973757992072649,38.698005891708817,33.431150284803152,5.2668556069056649,33.202156870165709,5.4958490215431084,87.394826011177429,43.794695538463202,224.43588861916214,171.66342566497312,123.77069280629001,125.81761652321774,133.6410620710227,143.15201459766598,156.02366660662506,178.56760898112125,207.54714782002904,222.46535429211806,249.67591847562099,251.88279841601823,15.53966908078803,6.6548864334330062,2.1654225199982449,-4.4894639134347614,13.900285373073302,2.3449881566718034,-11.555297216401499,25.924671733779491,4.401697994583543,-21.522973739195947,18.635262662363999,4.2382305722747162,-14.397032090089283,2.8295627771424847,1.7119080893948819,-1.1176546877476028,-7.0304016668548854,-18.464797877063376,-9.5258257701781872,-12.162212342976602,-9.8666342895950265,-17.32686570381486,-7.9424524380205526,-28.020299826551025,-5.2654564332673601,-21.825661213297053,-3.0039837469959991,-4.2215274160159595,0.50728146182976874,0.53357388878680989,0.73313048056194174
53,2005,116.57553324690682,49.475226312594586,3,10,20.150955441696166,1.7142791748046875,140.17018807578643,124.48070239101799,15.689485684768442,123.79854889735725,16.371639178429177,163.52357743119865,100.7392093167764,396.42378847906366,194.33316383477427,149.23135810398398,148.91752386508887,168.17558553596416,168.18488718192847,193.04691341381826,194.54102832527286,221.78504518368104,223.49563331109326,242.07557282529154,245.6089431927189,2.6197825795529468,0.78275499747877575,0.37552342694084473,-0.40723157053793102,0.77887192352616808,0.83761980863349095,0.058747885107322872,2.64399175942836,0.87904890210512576,-1.7649428573232342,2.5575519545118937,0.91659652995110719,-1.6409554245607865,4.3598441850759002,0.75163218068294668,-3.6082120043929535,98.381192282000484,69.457161960257508,28.924030321742976,68.199595909696654,30.181596372303829,113.19742879639307,58.886514573754539,185.67039362114156,193.2854818819894,149.97052739577643,150.24698922438824,171.4720277792828,168.4849938553958,192.20310500526691,191.89234720292379,220.31864158621943,220.1669310788283,239.67185576992307,241.57499677879605,2.5553414133327408,2.7106945455720393,0.97730363233068829,-1.733390913241351,-1.6593416566758208,1.1255112729635357,2.7848529296393565,2.3125796046986693,1.2683317222315509,-1.0442478824671184,1.4759684821433154,1.2147059522279449,-0.26126252991537058,2.0765635190983005,1.2723212407183553,-0.80424227837994522,41.788995823588266,55.023536914086435,-13.234541090498169,55.598952485279369,-13.809956661691103,50.326148724212544,41.852694808214437,210.75339488917962,196.28902739094565,148.23572601299745,147.38564741484927,166.2166428836901,167.87490957371946,199.86565838187778,197.77918552810377,224.81007793286798,227.70429828145694,248.86941755741017,248.76695968749823,3.2646571536977262,3.5007155638421636,0.22642643959730435,-3.2742891242448593,4.4143219542915233,0.42271064294106964,-3.9916113113504537,-0.47262873250204507,0.78185153563595122,1.2544802681379963,3.5895511766578068,0.56990509220935337,-3.0196460844484534,-0.059487429661487568,0.44015622687078348,0.49964365653227105,-0.064441166220206014,-0.70931574036498546,1.9279395480932635,-0.79002101827012439,-2.4382135802019889,-6.0736636109673441,-0.33141215472969066,2.7852083372007144,-1.0815834723685782,-2.1135826945144913,-2.2832806659775997,2.1360509487597881,0.46836340052521186,0.69223919005820467,0.58454414098670116
54,2005,116.82553439047726,49.475226312594586,3,10,20.150955441696166,-2.9499969482421875,155.93730664253235,144.88089686632156,11.056409776210785,144.40018194913864,11.537124693393707,188.69635128711889,96.058246623601008,412.68069407250732,193.16213843278126,144.86891640153638,146.84802224793637,164.7706692474969,168.21321905282267,192.99329053230787,195.7837793386438,221.90482720877949,224.97581460945207,242.21288184012164,247.66238476369134,2.127487721777328,1.4746685867560245,-0.95802012575501294,-2.4326887125110375,1.7700686066788194,-1.6615310794416871,-3.4315996861205065,0.91927922645609783,-1.9033436896265812,-2.822622916082679,1.3427849120109272,-1.7440411503388873,-3.0868260623498145,4.2666138909965525,-1.2434856617301762,-5.5100995527267287,102.85565219819546,83.140747636556625,19.714904561638832,82.28357869386673,20.572073504328728,118.08417251706123,60.307342030107975,188.30728114337398,193.93259767927054,151.07715642795776,150.56422777368755,170.98946194972751,169.72971082581469,193.47770900509337,194.25603982559625,220.63168066543477,221.62399815108472,240.30020423079111,243.99999453551385,-0.032951074761484733,-0.92468182145168498,-1.3670317889488217,-0.44234996749713673,-2.8229052262975358,-2.0038283636204426,0.81907686267709323,-1.7315121236989341,-2.2707905012568119,-0.53927837755787777,-2.4290541381300841,-2.2721349767662105,0.15691916136387363,1.0747805027341713,-2.1919111580763797,-3.266691660810551,53.081654340028763,61.740147262811661,-8.6584929227828979,62.116602927446365,-9.0349485874176025,70.612178710453009,35.750904511536646,224.37341269757599,191.8699288769985,135.50464824730867,142.45228877788006,163.09510817570137,165.85459860987595,191.16608947618636,197.99056743263421,223.99390257057763,228.8968943643645,250.84974244747161,251.47489175590701,5.8531524243895205,10.175823038792515,-0.30490543887381705,-10.480728477666332,4.4343574974958528,-0.83775073462629734,-5.2721082321221502,6.5206904558486087,-0.86451787927560986,-7.3852083351242186,4.4099102702886341,-0.57732470218863341,-4.9872349724772675,-0.58024508978201084,-1.0702583427026866,-0.49001325292067577,-2.1604387965388128,-5.8861034991510053,-2.3993504082077095,-11.1005048602442,-4.5929738329763552,-7.2572627237933887,-2.650791350155032,-8.2522025795475429,-3.7718390501410113,-6.8389644084187182,-3.1918333882623813,1.6550255925161821,0.45630261809700434,0.62578937913529276,0.62782055835787842
55,2005,117.07553553404773,49.475226312594586,3,10,20.150955441696166,7.100006103515625,159.69317759505066,142.51041108011123,17.182766514939431,141.7633337749503,17.929843820100359,174.13936495757662,94.130030901971622,417.76559532620013,195.67162656491897,150.8261542768139,150.23337341181312,168.73256842533493,167.49691352638112,194.50975110412799,192.8021700659539,222.55494061759299,220.56064010814751,243.22202182735074,243.22045082738327,1.9549230673104034,1.0414261651217771,1.1745670185090376,0.13314085338726045,1.677485526373232,2.8110383364592337,1.1335528100860017,1.7372081552472309,3.4267727208786596,1.6895645656314286,1.487459888379334,3.3653815047057378,1.8779216163264039,2.8186768313728976,2.6455285293151576,-0.17314830205774001,101.00632229692928,80.154938463849248,20.851383833080035,79.248356769789098,21.757965527140186,112.98866124595042,60.635032137925464,185.52146531673498,194.36868291097031,152.26457000732373,150.4943499154212,170.06907111325023,166.85256397272957,194.00441630259405,189.72732939997633,221.05190303341942,215.71829362647588,239.78929107675901,236.20420698123129,1.7520555389011179,0.96285954699169451,2.619138350588571,1.6562788035968765,0.65308630765849784,4.3888822220718566,3.7357959144133588,0.25196482211978832,4.8278700212718775,4.5759051991520892,-0.83477729071867657,4.9138104551196307,5.7485877458383072,1.1957751138726564,5.250690157982973,4.0549150441103166,58.686855029900471,62.355471933786248,-3.668616903885777,62.514976745880631,-3.8281217159801599,61.150703443405291,33.49499881396514,232.2441299315542,198.06182375105698,150.42911315153989,150.04261547947482,167.67980523704443,168.88241866568075,196.70804523639072,195.71308402484362,226.11717558490076,226.76718301285871,255.10373903818805,250.03924911364049,2.2275036952640619,2.3973818576842234,-0.61820689823451858,-3.015588755918742,3.337608641172551,0.28286169675220663,-3.0547469444203443,2.8258870886478462,2.9028248119003877,0.076937723252541446,2.8586165060766291,1.6613490386326077,-1.1972674674440213,-5.9247681847297429,-0.055417147756941176,5.8693510369728017,-0.20286752840928557,-0.47544815636294402,-0.078566618130082588,-1.4345223106925289,-1.0243992187147342,-2.6845223335140531,-1.4852433331274426,-2.5739222665280579,-2.3222371790980105,-3.6933937967953057,-1.6229017175002411,7.1205432986023993,0.44408028663029547,0.64884043463392915,0.64416245864267974
57,2005,117.57553782118866,49.475226312594586,3,10,20.150955441696166,-7.5555572509765625,134.30286109468943,118.26227967502928,16.040581419660157,117.56486343825236,16.737997656437074,174.83377889955773,103.44530680336175,416.48513018526137,193.77971901617173,147.24354072064645,150.49060809806528,166.60307616555048,173.44489620845332,193.11161248461084,201.04292595583138,222.02384002214492,228.56631343894662,242.23051736723255,249.16530262962453,3.1303067132654689,0.76767077479468071,-2.8433595476536766,-3.6110303224483573,2.4720428919117978,-4.2380373573092811,-6.7100802492210789,3.2470634154407207,-4.7952570079220038,-8.0423204233627246,2.3927129477655171,-4.4206070771708426,-6.8133200249363597,4.0572649484909959,-2.8922256667579802,-6.9494906152489762,91.738989735411451,64.377404478214885,27.361585257196566,63.18777161133039,28.551218124081061,108.05170035603919,66.649165063470718,183.07079980636627,195.99275516735801,153.59742397804325,156.31531610096937,172.11551904477002,177.81276417445233,195.1722819153722,202.62062377286972,221.77242417452769,227.94608574942839,241.68747624599473,247.22826546563863,1.2970252242094205,0.21366591278280112,-4.3760112260203243,-4.5896771388031254,0.86826800755329714,-5.5660915180002632,-6.4343595255535604,1.8272910718828825,-5.9681978719026176,-7.7954889437855002,-0.23960617143814034,-5.6753257852688535,-5.4357196138307131,0.23723789000817419,-5.0829372033570905,-5.3201750933652647,42.563871538091917,53.884874852432404,-11.321003314340487,54.377091992490023,-11.813220454398106,66.782078523339806,36.796141352460836,233.41432994790375,190.04708736337744,136.47555910462307,145.36610701545126,163.08044029215174,168.10002258625343,190.06889694056289,198.85074070956128,222.59730227447776,229.36054606759259,247.78515801520612,251.80759967179355,7.4000529079295916,9.871723288523782,-1.4268935315359101,-11.298616820059692,4.6720593670490871,-2.4422980541695836,-7.1143574212186707,6.8858432109189209,-3.1494441427826416,-10.035287353701563,4.6605656009195684,-2.228830427887118,-6.8893960288066864,2.4327434007251441,-1.8746254368111011,-4.3073688375362451,-1.8332814890560485,-6.1030276837201711,-0.5540048620118796,-9.6580573757409809,-1.6037748843585007,-3.8037913594957899,-1.4197723435578382,-5.0585521390360384,-2.6323191192036575,-4.9001717723577087,-3.8200270584828218,-2.1955055107169699,0.43956143098057909,0.61802530973213743,0.64429375409136269
59,2005,118.07554010832959,49.475226312594586,3,10,20.150955441696166,6.1904754638671875,177.5449292581543,156.49538673799543,21.049542520158866,155.58018798060948,21.964741277544817,196.97747493644965,107.68460220486304,442.37221342348494,193.340424392839,145.5163456507579,145.92574341745518,166.03226402751295,165.64393820159606,193.35793433573309,193.01311204500823,221.28338811922231,221.4399868169578,241.36689600250011,244.72240489779881,3.6590888852046248,2.182610038362867,1.5757562421088096,-0.60685379625405744,2.7154428424953494,3.0617239760408381,0.34628113354548873,3.2000116626354327,3.5166410863531041,0.31662942371767144,3.5030911759959906,3.2769934678718471,-0.22609770812414354,5.5864746908263783,2.4502078939445084,-3.1362667968818698,99.689516515847572,81.177340443831781,18.512176072015791,80.372463539843011,19.317052976004561,103.48548103474116,75.072179335946203,187.6858804887961,198.3944583190659,154.11187337399033,146.56290652914797,173.00517836371725,165.4749685362417,199.64332307638225,191.22565727054217,223.91784207355056,217.53479722654998,241.31623509649526,239.02145206073772,-2.1150633145756217,-2.5641907920744416,3.6915178279911061,6.2557086200655476,-2.9427329861680107,4.7074339636259879,7.6501669497939986,-4.894653589183946,4.9790764496914335,9.8737300388753795,-2.0877051810061005,5.0703560633089921,7.1580612443150926,1.4608725860766469,4.7542190149719943,3.2933464288953473,77.855412912605971,75.318044203744648,2.5373687088613224,75.207723593528499,2.6476893190774717,93.491993918029038,32.612422884882108,254.68633268051781,186.1841606008324,135.19813249406667,145.30129525717726,153.93170978298508,165.86128202493543,185.42957237269161,194.80499596318018,209.39076204738791,225.84100900068165,241.9304595190176,250.50511919588911,11.258532465117298,10.497019448373607,-0.75423596431119222,-11.251255412684799,13.96956524106696,1.0499314364602128,-12.919633804606747,12.209059147252987,2.1421505847112599,-10.066908562541727,17.331580227624301,1.7330610495251904,-15.59851917809911,8.0460029281682637,-0.44669819980043712,-8.4927011279687008,-5.7741521997802465,-13.37359577969292,-4.7468008304373086,-13.061210240448048,-5.6581758286633601,-16.91229822723497,-8.0946652518193787,-17.103712736436933,-5.5907963570020911,-19.419285408630401,-4.1256021047497313,-6.5851303420916167,0.42427140492462068,0.52536708102349472,0.69714868977392142
60,2005,118.32554125190005,49.475226312594586,3,10,20.150955441696166,12.045455932617188,174.56127560138702,153.13680720329285,21.424468398094177,152.20530736446381,22.355968236923218,181.46576308438671,111.12085682153702,421.17747496743686,194.57212426414529,150.60511067154022,147.96368210460815,168.82147225717966,164.40845936970237,193.86639666710437,189.71657491051192,220.31815985443021,217.01926185892296,240.8825718228095,241.09957304093581,3.2322195801868929,0.86994310086029714,3.4495360338576972,2.5795929329974001,1.6399064604178477,5.825192037372716,4.1852855769548682,2.8456300723138384,6.7679433401865481,3.9223132678727097,3.727082391293095,6.7339560108666205,3.0068736195735255,5.0981784964483268,4.9428297952711375,-0.15534870117718924,120.81804892420769,99.04081255197525,21.777236372232437,98.093977212905884,22.724071711301804,123.91521063731534,81.833974786102772,217.39959703182103,196.34792864145709,153.73930482676226,148.05449258127868,172.54650870031983,163.00863649633735,196.4391838999978,186.1901003022752,221.25671772610659,210.14916166673663,240.07382545347278,231.40305477794814,-0.33717323021167545,-0.31224659512611197,4.5321205758421854,4.8443671709682974,-1.2123448906823455,7.9006889948429944,9.1130338855253399,-2.2289594499518444,8.7614536031358909,10.990413053087735,-0.8172115857919664,9.5922573788052716,10.409468964597238,0.19499690503926104,9.4838443160224415,9.2888474109831805,53.743226587772369,54.09599357843399,-0.35276699066162109,54.111330538988113,-0.36810395121574402,57.550552386112031,29.286881938576698,203.7778780341614,190.36460354170336,148.4547421207412,147.82029602099342,162.90006244655427,167.44389342167895,187.89029047518466,196.40019779808134,211.66979800248527,228.9676627230632,248.31568082129269,252.12855397242936,10.217485921153411,3.1996209905200601,1.8561797587841795,-1.3434412317358806,8.0830435438286372,1.5631348856325928,-6.5199086581960444,12.078389051801111,3.4040473925391836,-8.6743416592619269,18.84699527646589,2.524236844160697,-16.322758432305193,3.4850177876221267,0.063909806428796401,-3.4211079811933303,-3.5693928103985684,-10.554659151365087,-1.1821896959864091,-3.5118675856461721,-2.8522513511001932,-9.2953884345109827,-5.0745895222656827,-14.307348501752955,-4.5442939770850614,-19.664206862257856,-4.9031815914090657,-3.2900208825828656,0.51617099667694522,0.68285724277196724,0.73644117879265691
