pixel,year,lon,lat,zone,igbp,area_km2,A,E_I,E_K,E_R,E_K_loo,E_R_loo,E_early,E_late,E_annual,E_centroid,E_q10,E_q10_null,E_q25,E_q25_null,E_q50,E_q50_null,E_q75,E_q75_null,E_q90,E_q90_null,E_centroid_advance,E_q10_advance,E_q10_null_advance,E_q10_gap,E_q25_advance,E_q25_null_advance,E_q25_gap,E_q50_advance,E_q50_null_advance,E_q50_gap,E_q75_advance,E_q75_null_advance,E_q75_gap,E_q90_advance,E_q90_null_advance,E_q90_gap,Et_I,Et_K,Et_R,Et_K_loo,Et_R_loo,Et_early,Et_late,Et_annual,Et_centroid,Et_q10,Et_q10_null,Et_q25,Et_q25_null,Et_q50,Et_q50_null,Et_q75,Et_q75_null,Et_q90,Et_q90_null,Et_centroid_advance,Et_q10_advance,Et_q10_null_advance,Et_q10_gap,Et_q25_advance,Et_q25_null_advance,Et_q25_gap,Et_q50_advance,Et_q50_null_advance,Et_q50_gap,Et_q75_advance,Et_q75_null_advance,Et_q75_gap,Et_q90_advance,Et_q90_null_advance,Et_q90_gap,En_I,En_K,En_R,En_K_loo,En_R_loo,En_early,En_late,En_annual,En_centroid,En_q10,En_q10_null,En_q25,En_q25_null,En_q50,En_q50_null,En_q75,En_q75_null,En_q90,En_q90_null,En_centroid_advance,En_q10_advance,En_q10_null_advance,En_q10_gap,En_q25_advance,En_q25_null_advance,En_q25_gap,En_q50_advance,En_q50_null_advance,En_q50_gap,En_q75_advance,En_q75_null_advance,En_q75_gap,En_q90_advance,En_q90_null_advance,En_q90_gap,centroid_Et_minus_E_advance,centroid_Et_minus_En_advance,qdiff_Et_minus_E_q10,qdiff_Et_minus_En_q10,qdiff_Et_minus_E_q25,qdiff_Et_minus_En_q25,qdiff_Et_minus_E_q50,qdiff_Et_minus_En_q50,qdiff_Et_minus_E_q75,qdiff_Et_minus_En_q75,qdiff_Et_minus_E_q90,qdiff_Et_minus_En_q90,Et_fraction_annual,Et_fraction_early,Et_fraction_late
1333,2008,123.07556297973883,44.225202297614871,3,10,22.196156606765747,-1.5416717529296875,153.61669656756203,139.10390465181263,14.512791915749403,138.47291058785049,15.143785979711538,185.02666997862252,137.93311230363724,553.67274882271886,211.39691438254229,169.00139277379751,165.55372332186701,185.4919498859864,182.5762135198338,210.50392297293146,208.61796939579847,239.06899154312686,236.17065723888629,255.61154597745275,256.57124355894348,-2.0527605868367687,-3.5233568943206706,-0.51492377710468418,3.0084331172159864,-3.5073020226091103,-0.63284980753988407,2.8744522150692262,-2.4369419524094269,-0.70093138622149809,1.7360105661879288,-3.5812956093200512,-0.67188228045196752,2.9094133288680837,0.40468563701256244,-0.43484315280608143,-0.83952878981864387,56.038537646938494,71.072562778193969,-15.034025131255476,71.726216544499039,-15.687678897560545,65.089444395316605,68.886452535047283,162.51466690207599,217.05837926776624,176.76489975289033,174.20673297938362,198.60807761419619,192.99979072555621,218.83351358612026,216.6637116988293,233.19639903157463,238.89265838964286,259.65074135267696,256.84737513876127,-2.0366319292334083,-2.8398054736080951,-0.59232248336317639,2.2474829902449187,-6.1530565899356873,-0.95413342485556996,5.1989231650801173,-2.9965771068167442,-1.0508406228366027,1.9457364839801414,4.7661439736205011,-1.0718045345161329,-5.837948508136634,-5.122002196824269,-0.92726141770600634,4.1947407791182627,97.578158264972444,68.031338776660959,29.546819488311485,66.746693867021349,30.831464397951095,119.93722495745715,69.046659798392284,391.15808148309588,207.38334563830034,161.25658689176973,161.18715326653924,178.76393570004277,173.77980494888791,200.56871486761708,196.88145193748639,242.7167174511188,230.45336242844647,253.99867540260772,256.16051152797934,-4.3717034875734555,0.25684746193238084,-0.49491090444968222,-0.75175836638206306,-5.0762003446368453,-0.69111254628455754,4.3850877983522878,-3.4091932530805877,-0.36692844768091959,3.0422648053996681,-12.952210426333295,-0.041452256487218619,12.910758169846076,2.3254063518820658,0.55237089491106417,-1.7730354569710016,0.016128657603360352,2.3350715583400472,0.68355142071257546,-3.0966529355404759,-2.645754567326577,-1.0768562452988419,-0.55963515440731726,0.41261614626384358,8.3474395829405523,17.718354399953796,-5.5266878338368315,-7.4474085487063348,0.29352115892940894,0.3517841206504817,0.49941925752682936
1334,2008,123.32556412330931,44.225202297614871,4,10,22.196156606765747,-3.5833282470703125,164.5405576043886,161.149367731854,3.3911898725345964,161.00192536339091,3.5386322409976856,213.56974490913763,142.97373812262595,567.30947532504797,205.27911591562281,153.67769910886989,156.26117103876302,175.69350415812224,176.55151984861504,204.97782393814967,205.17724830896699,236.71311209092786,234.74682847195615,255.69342242146604,256.37882832369371,-0.69837883056308669,2.1119595522227996,-0.70092823794504966,-2.8128877901678493,-0.72086979230917336,-1.3990243764024797,-0.67815458409330631,-1.548244801368611,-1.6403249001649556,-0.0920800987963446,-3.435842023861909,-1.5101127594131754,1.9257292644487336,-0.2014245133126451,-0.83973678262358931,-0.6383122693109442,60.452227185414813,75.588657722257267,-15.136430536842454,76.246764507151966,-15.794537321737153,67.525192352179602,68.753172461940267,161.47176906187087,213.89173737530382,166.48174879641346,166.35051944301483,192.51464387959402,189.72404480027382,217.29085234293061,214.97707267554617,232.73616962490433,238.41322955315056,259.53220773858851,256.86335456686118,-2.7949220078539838,-0.2164329785061625,-0.90445822865589776,-0.68802525014973526,-5.2769026459866097,-2.1983396648907672,3.0785629810958426,-4.6867618585644664,-2.6290061051319356,2.0577557534325308,3.1732963710050228,-2.6744506846215188,-5.8477470556265416,-5.8734575820042494,-1.882091497261996,3.9913660847422534,104.08832986763082,85.560709686738846,18.527620180891972,84.75516004660858,19.333169821022238,146.0445518839224,74.220565750092646,405.83770564943552,199.95047396641081,147.8429978938486,151.32830112023458,169.70546175459543,167.97287859960664,193.2333833219335,192.83523545609256,239.00539319339319,228.99175594110656,254.21929679343927,255.85531114016888,-1.4469290333183267,4.2140808481385079,-0.24715588789598542,-4.4612367360344933,-2.7010851265926306,-1.2131757934312759,1.4879093331613547,-1.3037192621083875,-0.75664929107867351,0.547069971029714,-10.433569992273817,-0.10822347043909986,10.325346521834717,0.96096972029457106,0.51972894568726247,-0.44124077460730859,-2.0965431772908971,-1.3479929745356571,-2.3283925307289621,-4.4305138266446704,-4.5560328536774364,-2.5758175193939792,-3.1385170571958554,-3.3830425964560789,6.6091383948669318,13.60686636327884,-5.6720330686916043,-6.8344273022988205,0.28462730852389401,0.31617396172340756,0.48087972913579369
1348,2008,126.82558013329577,44.225202297614871,4,4,22.196156606765747,3.9047622680664062,217.61334071216697,203.48068535972925,14.132655352437723,202.8662214125834,14.747119299583574,230.12620572514425,189.14328566963377,562.21940984576941,194.1428758723186,134.16005152729392,129.41949093189706,160.90599510997808,156.55352089763312,193.59911464077194,190.33988621779588,227.968594789696,224.91458787162313,253.5290059511324,251.69475430558936,-1.5185758585210181,-3.7547971543014569,1.0750378076509719,4.8298349619524288,-2.0929842912398726,1.9163854212222873,4.0093697124621599,-0.91209515047688683,2.2403290393837949,3.1524241898606817,-0.97126432826419773,2.1108339868183918,3.0820983150825896,-0.57982542698417205,1.2476797226717338,1.8275051496559058,128.98033402817964,131.41843336408056,-2.4380993359009153,131.5244373356727,-2.5441033074930601,134.3186776286575,145.77529570925981,288.50438059604494,201.26322890733439,152.11371196074356,141.83689742695867,169.68206717947376,165.97878529448337,205.28262637362414,195.05986716627419,229.61788899047136,225.14019253126557,252.60449822544621,247.93494082718254,-3.110720926318038,-7.2506376622026494,2.8031033302321759,10.053740992434825,0.006775876666779368,3.2066602274397269,3.1998843507729475,-6.6986707320697008,3.3349760256156742,10.033646757685375,-1.4333445251249373,3.2528299062364567,4.686174431361394,-1.7847472644341167,2.9142894763230913,4.699036740757208,88.633006588061107,72.062252293671918,16.570754294389189,71.341783954862876,17.291222633198231,95.807527944681169,43.367989951992058,273.71502903848886,179.812999523549,122.78873418660201,117.99898326674145,139.4492320937762,137.51980142531252,172.01662867137821,176.79092444464965,215.27893653180746,224.02970655098022,255.83095288076029,260.84613742442201,2.8198910492269817,-2.5051454859114273,-0.26130159826212207,2.2438438876493052,-0.77502235709903289,-0.32052465185088863,0.45449770524814426,3.5415963334053515,-0.61519049487085908,-4.1567868282762106,8.21211516244378,-0.83831937808824364,-9.0504345405320237,1.7336999926236842,-2.0262521138364491,-3.7599521064601333,-1.5921450677970199,-5.9306119755450197,-3.4958405079011925,-4.7454921762912221,2.099760167906652,0.78179823376581226,-5.7865755815928139,-10.240267065475052,-0.46208019686073953,-9.6454596875687173,-1.2049218374499446,-3.5184472570578009,0.51315265098227181,0.58367397665732879,0.7707135634932214
1349,2008,127.07558127686625,44.225202297614871,4,4,22.196156606765747,5.173919677734375,228.34362375612909,217.94099523995465,10.402628516174445,217.48870469659596,10.854919059533131,245.61916571772963,180.8969964442731,579.34835828468204,193.50393644813857,136.80082521943189,132.77519786805658,161.64006401805088,156.20125535260124,190.47697519384357,188.20347767290318,226.85257977422816,222.63215896141475,252.68128933534013,248.8235762434488,-1.3489067308729261,-2.5530400599120355,1.4642899965188292,4.0173300564308647,-2.5609057225130698,2.5050888819162935,5.0659946044293633,0.6366328897315725,2.8741605467868965,2.237527657055324,-1.5503022196446636,2.6269192345253032,4.1772214541699668,-2.1418027018193015,1.7435816219311278,3.8853843237504293,156.27426388215099,151.56585799396817,4.7084058881828241,151.36114551127139,4.9131183708796016,161.28437337445212,135.28772440400644,311.04883738578064,197.22061107866008,147.21787597908207,137.18727098469486,166.39833042784466,159.88677914809585,195.50260911506766,189.62354587430525,227.19052482887466,221.78372279020002,250.89843942502466,245.83590317681146,-2.5206211959465179,-5.6597041470321585,3.6712568412642099,9.3309609882963684,-2.0317209644070147,4.0268597664785375,6.0585807308855522,-1.8557286081284872,4.0225588505655026,5.8782874586939897,-1.6738458972695298,3.8117706029606211,5.4856165002301509,-1.6197086737893187,3.544223170432474,5.1639318442217927,72.069359806922876,66.375133716354867,5.6942260905680087,66.127558449336902,5.9418013575859732,84.334792060155451,45.609271878216532,268.29952039942145,185.02134826329186,123.78192447852847,125.14285397035177,144.15371818741681,147.49972344061041,181.97931885915173,184.28088722199408,225.41239023052248,225.11373740840722,256.93550281462296,256.31491955729115,2.0786915178212553,2.3565528124363624,-0.87600117846447745,-3.2325539909008398,2.8729316754179024,-0.98732760444335099,-3.8602592798612534,2.1232425479853418,-0.071009709098234453,-2.1942522570835763,-0.87769429846136404,-0.53410178431252575,0.34359251414883829,-3.6582840620061745,-2.3590370727532104,1.2992469892529641,-1.1717144650735918,-4.5993127137677732,-3.106664087120123,-8.0162569594685209,0.52918475810605514,-4.9046526398249171,-2.4923614978600597,-3.978971156113829,-0.12354367762486618,-0.79615159880816577,0.52209402802998284,2.0385753882168558,0.53689431054353054,0.65664408924751128,0.74787159025983607
1350,2008,127.32558242043672,44.225202297614871,4,4,22.196156606765747,6.7826080322265625,163.29390697568306,159.13420049860724,4.1597064770758152,158.95334435947007,4.340562616212992,173.76088747227368,254.22254149271612,570.68554262071848,192.65280722771016,136.34661974304186,129.69228359602315,161.53259096054472,151.88242277150431,190.57045500289007,184.44113776734503,225.31095200318916,219.97718639259134,250.78929313635732,246.81707961316391,-3.2048559351342476,-4.6403423272847988,1.882253240570293,6.5225955678550918,-6.3797487758301088,3.3278401397001574,9.7075889155302661,-2.4496622349479651,3.6652344121637839,6.114896647111749,-1.977628735649489,3.4157157452611955,5.3933444809106845,-1.4897830981232403,2.5282327849263879,4.0180158830496282,104.464563095622,104.32829737875727,0.13626571686472744,104.3223731056205,0.14218999000149779,109.19001084499905,181.97440760251629,303.85062165558338,196.43471858477631,147.53256388562221,134.27542223562421,166.15046348865627,154.67905691042338,195.62726432438717,185.31203245157934,226.11310097664813,218.67688934858998,248.89860769684259,243.67862942923108,-4.4565603329325256,-8.3867685212853758,5.0499998334951499,13.436768354780526,-6.2375757073841953,5.3132890424322738,11.550864749816469,-5.258538458762672,5.4116648387019382,10.67020329746461,-2.4226688520566597,5.0339437966943308,7.4566126487509905,-0.67553522165115965,4.6238561853655256,5.2993914070166852,58.82934400672093,54.805903718486661,4.0234402882342692,54.630971194244921,4.1983728124760091,64.570876664527532,72.248133819419309,266.83492112904787,184.60452481624267,123.02344072500908,121.88198195801426,144.14378243427768,145.25098617328626,182.22067574006283,182.27834874457096,224.37183010149067,222.81932729882877,256.04915257782676,253.91980399999929,0.086878143501735394,-0.41849762118809508,-0.41412832723702309,0.0043692939510719953,0.062514844697005856,-1.2781082459576112,-1.340623090654617,0.0203015925416139,0.28088567351787219,0.26058408097625829,-1.7725193286380261,-0.20632619995512869,1.5661931286828974,-5.0654131338356763,-2.4463205221538544,2.6190926116818218,-1.251704397798278,-4.543438476434261,-3.746426194000577,-7.9682709000972807,0.14217306844591349,-6.3000905520812012,-2.8088762238147069,-5.2788400513042859,-0.44504011640717067,-0.65014952341863363,0.81424787647208063,4.3898779121845166,0.53243090802726811,0.62839234095430174,0.71580752255098568
1351,2008,127.57558356400716,44.225202297614871,4,4,22.196156606765747,7.6363601684570312,137.32146315283899,136.78117791501427,0.54028523782471893,136.75768783205422,0.56377532078477088,146.33708685672536,254.48079030985718,537.48880988545716,193.27421322676901,136.98902480979524,131.698563210842,161.42296725338997,152.67705520308661,190.96152485946556,185.22424898602659,227.0237827595115,220.20730658234206,251.14848113549431,246.3433769193154,-2.7294195880582777,-3.1472588496158096,2.0676940841784415,5.2149529337942511,-4.9096696105470699,3.8511412724853358,8.7608108830324056,-1.6366736948309892,4.1484978594531867,5.785171554284176,-2.8847747072222774,3.8984110732567956,6.7831857804790729,-1.7670516353383334,3.0329528867555382,4.8000045220938716,95.603408474475145,95.476107109578152,0.12730136489699362,95.470573303609854,0.13283517086529173,97.663859042654622,188.54162680340414,303.70011124236044,195.78257662453683,144.49479137793648,134.24120548916449,165.08317994464778,153.58760091155173,194.74011342283345,184.83189829058492,227.40817277707214,219.05587812522816,249.33105242894044,243.79528227152284,-3.5837018286172793,-5.1488268609261354,5.1953817497372654,10.344208610663401,-5.8360558689607274,5.7959285876375759,11.631984456598303,-4.2406646530470766,5.8920019423986503,10.132666595445727,-2.9924476887312323,5.4214763119949225,8.4139240007261549,-0.65505574241001341,5.2006120694904894,5.8556678119005028,41.718054566605133,41.305070669970519,0.41298389663461421,41.287115314142284,0.43093925246284925,48.67322775015873,65.939163506453042,233.78869874216616,187.0104283783524,122.56716144678572,125.44653358621558,145.93045133009858,150.13424058621592,186.40721522533488,186.26702622640545,226.11017335650126,223.46002512522267,256.46312887778112,253.21599665188072,-0.022377060985292019,2.6515657909125849,-1.8915271246842877,-4.5430929155968727,2.2032968075634756,-1.7883787169007235,-3.991675524464199,-0.38487922364933524,-0.29033051598054271,0.094548707668792531,-3.0230035083340852,-0.12634609002418529,2.8966574183098999,-6.5860951499256259,-2.8446172780142831,3.7414778719113428,-0.85428224055900159,-3.5613247676319872,-2.0015680113103258,-7.8003926518387203,-0.92638625841365752,-8.0393526765242029,-2.6039909582160874,-3.8557854293977414,-0.10767298150895499,0.030555819602852807,1.11199589292832,5.9310394075156125,0.56503522614188229,0.66738966273310218,0.74088746177593534
1352,2008,127.82558470757763,44.225202297614871,4,4,22.196156606765747,5.7142868041992188,209.11349407901434,213.45471089219791,-4.3412168131835642,213.64346321549237,-4.5299691364780301,222.62870983621724,198.16647996435495,551.01701180078089,194.9421913662496,135.23740860754896,131.37713354902544,162.45501194222672,154.36059548082045,194.83406101332051,187.62094167305975,228.81609936329144,222.92845330593991,253.29279589881565,249.2978412255442,-3.2937800874503296,-2.0127480067760928,1.4854163642937124,3.4981643710698052,-5.3895346979358294,2.7272617874512264,8.1167964853870558,-3.9751335324378942,3.1675156650787812,7.1426491975166755,-3.0849272946508677,2.9805197971324162,6.0654470917832839,-1.8888329721464174,2.1086948411731044,3.9975278133195218,132.47104712722648,142.30142488081037,-9.830377753583889,142.7288318503779,-10.257784723151417,136.21648375032601,148.53468211593281,299.45771390479058,200.7106452484712,152.95224482726505,137.62082375718586,170.00453947639681,159.04230133253995,202.37315191091648,189.86632439494997,229.66979161537111,222.58776479368021,250.64440151788827,246.46245670282863,-5.4704962849812944,-10.546808604030673,4.4081381232943215,14.954946727324995,-6.6005218360949982,4.6997472282372996,11.300269064332298,-7.9689233396342161,4.6614801533531818,12.630403492987398,-3.2112439930400569,4.588716739426161,7.7999607324662179,-0.011187890578980841,4.1445225198013134,4.1557104103802942,76.642446996491344,71.153289553607465,5.4891574428838794,70.914630454015423,5.7278165424759209,86.412226115693556,49.631797669608204,251.55929774977267,182.86834985612543,122.36721074886037,122.11133799797311,138.57005419558058,143.30619450064572,173.98721779209794,181.59524399582142,225.35958678470877,224.03000609274173,260.06018304751211,256.02024663799898,1.7098402279240759,0.84045424975049343,0.10924771994028504,-0.73120652981020839,4.0924636968715618,-1.3928371773004358,-5.4853008741719975,6.6742857654772649,-0.29132742424980052,-6.9656131897270654,-2.5495241107628317,-0.84152667519271063,1.7079974355701211,-7.3381696925424933,-2.6699007201733878,4.6682689723691055,-2.1767161975309648,-7.1803365129053702,-8.5340605972545802,-11.387262853781166,-1.2109871381591688,-10.69298553296656,-3.9937898071963218,-14.643209105111481,-0.12631669838918924,-0.66171988227722522,1.8776450815674366,7.3269818019635125,0.543463645389335,0.61185497526593624,0.74954493889506635
1353,2008,128.07558585114811,44.225202297614871,4,5,22.196156606765747,3.4583282470703125,110.61109001963996,114.73613765794653,-4.1250476383065688,114.91548750343281,-4.3043974837928545,132.21637934929095,219.59663279325105,473.97822097875178,195.70040661740273,139.13449631889733,136.91324128209837,164.8164445648911,159.16841547268584,196.21277899314802,190.15633354370183,227.13381828372263,223.70268629807038,250.27196950000274,246.85186752570266,-3.0294852283520015,-1.3883371743555415,0.69471567321161842,2.0830528475671599,-4.2531836667670007,1.3504487205881901,5.6036323873551908,-4.5300812834382214,1.5874746820921644,6.1175559655303857,-1.8482474054897864,1.5963306816894658,3.4445780871792522,-2.1065263258013545,1.3480177279177212,3.4545440537190757,74.105250769989652,73.418030975226429,0.68721979476322304,73.388153198058717,0.71709757193093537,76.658756004409952,156.22085574851735,252.26812077919021,200.68662286547777,156.77789204676222,142.06509364477887,171.84341278972377,162.72598257621044,202.45291272554388,191.93036589346727,227.77292975661501,224.21144855470089,248.45101782670042,245.92785513320862,-5.3751309376954737,-11.927750682587998,2.0109567343044716,13.93870741689247,-6.4692435847242393,2.4905106019331527,8.959754186657392,-8.4181386955383175,2.4118220108985895,10.829960706436907,-1.6742847743780089,2.3619952362985259,4.0362800106765349,-0.52521752406244104,2.0950861731784869,2.6203036972409279,36.505839234749146,41.318105267108876,-4.8122660323597302,41.527334658035215,-5.0214954232860691,55.557623203319963,63.375777312954597,221.71010010503232,185.93705937957793,125.33551206194242,129.80978131750302,144.23775414471797,151.30064233971484,184.60668181954131,186.41326269026055,225.5210598580808,222.75888522839389,255.09187942604834,248.95255542580676,2.058026919462776,4.4759358388059667,-0.59137144642159001,-5.0673072852275567,6.5304301056490885,-1.0148036945164165,-7.545233800165505,1.9255977993580018,-0.084370894659855367,-2.0099686940178572,-2.6878659590055918,0.52663470939882018,3.214500668404412,-6.9946724671453921,-0.43536063637446887,6.5593118307709233,-2.3456457093434722,-7.4331578571582497,-10.539413508232457,-16.403686521393965,-2.2160599179572387,-12.999673690373328,-3.8880574121000961,-10.343736494896319,0.17396263111177745,1.0135811846275828,1.5813088017389134,6.4694549430829511,0.53223568006619293,0.57979772537782071,0.7113991401480112
1354,2008,128.32558699471855,44.225202297614871,4,5,22.196156606765747,-2.9565277099609375,112.17437705383054,117.76287972596037,-5.5885026721298345,118.00585517776199,-5.831478123931447,146.64354059120524,251.22548266875674,543.31352722644806,195.21438848019937,137.55557287861438,136.85473228776306,164.43157689693541,161.26252963779825,196.1801998539018,194.55395881613103,226.80418367524854,227.12337245846999,249.73445531948215,248.73792455037164,-2.5939237086348896,-1.3771895480418834,-0.79999837184422518,0.57719117619765825,-4.3402966341947433,-1.2602827195250086,3.0800139146697347,-3.0972850223609782,-1.5616597439736495,1.5356252783873288,-1.1922122243035176,-1.547966839765138,-0.35575461546162046,-2.2381013637841249,-1.2221381643248037,1.0159631994593212,76.521362715277064,75.879592099998263,0.64177061527880142,75.851687090420455,0.66967562485660892,84.22778363219561,179.92599305130716,289.29588800948113,200.50806775496312,156.08421007907342,145.05135347933813,173.44934667569399,167.55218153121544,202.73431891211052,199.08877754317274,227.67671575664181,229.52000192685983,247.77514918188228,249.16918576674354,-4.4951986997313327,-12.457077111165006,-2.1653062740954852,10.291770837069521,-8.0419370175629865,-2.2355610543545481,5.8063759632084384,-6.327083570741479,-2.2223557236463307,4.1047278470951483,-0.35829155202668517,-1.9859372058682823,-1.6276456538415971,-0.50711259367434991,-1.7318744094951626,-1.2247618158208127,35.653014457762765,41.883287156899314,-6.2302726991365489,42.154168087341532,-6.5011536295787664,62.415756922080618,71.299489454184368,254.01763907074928,184.75675248025323,124.48019840484938,127.43062775576726,142.79271463129703,148.61578112990139,183.04753797866221,185.99942158006772,224.81490237113613,222.07944658288113,255.32185203891919,247.71799532469313,1.9014058765391155,3.4789336157463566,-0.13183583218331307,-3.6107694479296697,6.5926555797146023,0.52986751698495027,-6.062788062729652,2.1210577186167825,-0.73482260507913111,-2.8558803236959136,-3.40091105343393,-0.37565290916560912,3.0252581442683208,-7.9401988740626734,-0.033274409937320115,7.9069244641253533,-1.901274991096443,-6.3966045762704482,-11.079887563123123,-15.936010726911363,-3.7016403833682432,-14.634592597277589,-3.2297985483805007,-8.4481412893582615,0.83392067227683242,3.0426195014072448,1.730988770109775,7.4330862803883235,0.53246582960358591,0.57437090848069083,0.7161932425801778
1355,2008,128.57558813828902,44.225202297614871,4,4,22.196156606765747,0.4285736083984375,101.47896093130112,110.85392558574677,-9.3749646544456482,111.26153445243835,-9.7825735211372375,129.28601384267495,282.38895905565914,551.00723180547357,195.49661985613537,136.16099788537096,134.45703612392128,163.91243111780412,158.54307871931263,196.46829918659733,191.5078494221743,228.48263973984692,226.02175981896079,251.6649395552746,249.27924331656439,-3.293200938328539,-1.4586773545764231,0.14354978977056021,1.6022271443469833,-5.1217766419759414,0.21809200962789532,5.3398686516038367,-4.6492059491849034,0.24227665051583358,4.891482599700737,-2.4532962441842301,0.21752783089996797,2.6708240750841981,-2.2048309663744021,0.18852475085390097,2.3933557172283031,64.532899111509323,72.250601172447205,-7.7177020609378815,72.586153149604797,-8.0532540380954742,66.803431064967754,205.49595765961749,296.39628318557516,201.6920822914368,156.87329027635309,140.8342727373772,172.60336997295968,162.6343643815346,202.95718669659405,194.20280068743369,229.67824679937539,228.13337298798396,250.28719884379854,249.76998189245853,-6.5476368681338215,-15.445381231773808,0.32066012536779454,15.766041357141603,-9.8186395787101048,0.32561013409716111,10.144249712807266,-8.5891142190315861,0.31061662320277605,8.8997308422343622,-1.7433980785828851,0.28898791678443558,2.0323859953673207,-0.35514379416389374,0.25115741487212517,0.60630120903601892,36.946061968803406,38.603326320648193,-1.6572643518447876,38.675381302833557,-1.7293193340301514,62.482583062957929,76.893001247030043,254.6109485886991,183.39248655308933,122.19923634330586,125.64726607671629,138.30353114993932,149.18207475010516,183.97621173882823,185.79971475731864,224.77843909842446,222.06341770294867,255.40240865289212,248.01330726266175,3.4300690717545024,4.6599020143141416,0.010505489358592968,-4.6493965249555487,11.017208329179397,-0.014629612877996578,-11.031837942057393,2.1910894833596046,0.09857704958631075,-2.0925124337732939,-2.6026169192801376,0.067221188209657612,2.6698381074897952,-7.6726087202520716,0.0020717370510396904,7.6746804573031113,-3.2544359298052825,-9.9777059398883239,-13.986703877197385,-20.10528324608795,-4.6968629367341634,-20.835847907889502,-3.9399082698466827,-10.780203702391191,0.709898165601345,0.85921884069725252,1.8496871722105084,7.3174649260881779,0.53791722880728776,0.51671042427109903,0.72770535486521637
1360,2008,129.82559385614132,44.225202297614871,4,4,22.196156606765747,1.0416641235351562,111.18347042315145,122.31566192025275,-11.132191497101303,122.79966943420732,-11.616199011055869,135.2410469170959,263.30369091517787,519.19774388894439,194.86022152109143,136.11199445727431,133.49771429299727,164.59601089248912,157.73681516647795,195.69871907027937,190.7663086107668,226.18575488545579,225.15683343768634,251.55460933469564,248.41486105064834,-3.2476774780454605,-2.4177131228610449,0.23335049509387318,2.6510636179549181,-6.3810604970065299,0.49950274462034372,6.8805632416268736,-4.3089769795884934,0.58365249520232965,4.892629474790823,-0.57834513073584048,0.51666028918921825,1.0950054199250587,-2.7812293336017433,0.45549145509360756,3.2367207886953508,72.502473621931131,83.282091586519527,-10.779617964588397,83.75077028260057,-11.248296660669439,75.516194437253489,207.32587634089941,309.36332949856296,201.62664279587617,157.89309646141004,140.52258544243787,173.07098233361154,162.40279779235212,201.36439731577022,193.36664798175937,229.07111983107529,226.27064827388611,252.01698385944221,248.40727210323905,-6.9527081893786828,-16.302456133358902,0.71874502258438611,17.021201155943288,-10.063803480334144,0.76477348862729855,10.828576968961443,-7.0639281111837136,0.7665948382620229,7.8305229494457365,-2.6576746674959395,0.71753629145720765,3.3752109589531472,-3.2673662338404199,0.63535066056576284,3.9027168944061827,38.680996734165092,39.033570818020053,-0.35257408385496092,39.048899424795309,-0.36790269063021697,59.724852431413638,55.977814544476132,209.83441430702806,178.31930113423061,120.65339620137273,122.88171389345709,132.97630057667737,145.02996372625805,171.63679805971859,183.78107826272824,214.41344851378781,222.76230061538439,246.44521451295557,248.43385522759164,6.5371183125191692,3.366813215129369,0.0766186137726379,-3.2901946013567311,12.504094147810605,-0.19346441511021339,-12.697558562920818,11.666549824328371,0.25466833655761434,-11.411881487770756,7.9665397310972992,-0.0594195526381327,-8.0259592837354319,1.518657570158382,-0.0030532196826413838,-1.5217107898410234,-3.7050307113332224,-13.489826501897852,-13.884743010497857,-19.669269348488271,-3.6827429833276142,-22.567897628144749,-2.7549511315952202,-18.730477935512084,-2.079329536760099,-10.624214398593239,-0.48613690023867662,-4.7860238039988019,0.59584875539200211,0.55838220835088381,0.78740208927678323
1361,2008,130.0755949997118,44.225202297614871,4,5,22.196156606765747,-4.9545440673828125,106.48870998731581,115.17918078058574,-8.6904707932699239,115.5570241073292,-9.0683141200133832,143.26122714563462,268.9401360572956,539.67003249377012,194.2904235950181,134.69168114198263,134.08735033797191,163.5765861277427,159.68964103100987,195.15426170045652,193.33929305165847,226.15264961709121,227.85139108101316,251.93138538646195,251.04118238003528,-3.134365919499146,-1.8098346563930363,-1.4743703813552713,0.33546427503776499,-6.1665111996726409,-2.3979554363792204,3.7685557632934206,-4.18320202035585,-2.5787765395383246,1.6044254808175253,-0.79839139059387776,-2.3222422858902974,-1.5238508952964196,-2.741043855771494,-1.8802330158831353,0.86081083988835871,73.38608239054156,79.756749670486897,-6.3706672799453372,80.033735133838491,-6.6476527432969306,80.113947973353788,211.82008948913426,321.65795228327624,200.78658216300227,156.48123667438506,143.05879613948332,172.90385033148948,165.78456476682757,200.39364673645707,196.9685276797569,228.57698911148955,229.40200660251173,251.49587509788489,251.4911698996394,-6.7195675405585291,-15.865445249701111,-3.279888560787299,12.585556688913812,-10.672004152123719,-3.5953324276429441,7.0766717244807751,-6.792866820521084,-3.4964811719914621,3.2963856485296219,-2.5596648554488013,-2.8741954560371994,-0.3145306005883981,-2.6246177925766858,-2.5488126766173593,0.075805115959326486,33.102627745785867,35.422427655739739,-2.319799909953872,35.523288534583116,-2.4206607887972496,63.147279297310888,57.120046389347408,218.01208034902811,178.52180315613046,120.64280183489964,123.68679318656653,132.04342593296658,143.9871115231868,170.95859269253199,184.20673191391933,214.62680642753998,223.94792950275203,254.11879656185249,249.71607320788465,6.5076748022427182,3.325488153564919,-0.6391382164474777,-3.9646263700123967,12.731953215577761,0.61428591770726371,-12.117667297870497,11.996135772112552,-0.66652918306400011,-12.662664955176552,8.1698863750762598,-0.61066290235308429,-8.7805492774293441,-4.8613027238774293,-0.054581260998247672,4.8067214628791817,-3.5852016210593831,-13.227242342801247,-14.055610593308074,-19.19093340326603,-4.5054929524510783,-23.40395736770148,-2.6096648001652341,-18.789002592633636,-1.7612734648549235,-10.729551230525061,0.11642606319480819,2.2366849313007435,0.59602707750312112,0.55921584345995168,0.78761055376281819
1362,2008,130.32559614328227,44.225202297614871,4,4,22.196156606765747,-4.0434722900390625,91.882219613205962,100.79501229976813,-8.9127926865621703,101.18252627550464,-9.3003066622986807,132.64045586741577,284.22573746321177,548.38794249296188,195.03331621637793,133.42780565419892,135.22849711805816,162.99900442383262,160.34716791360052,195.51656609537253,194.06866935190939,228.67866526628765,229.00976183128984,254.06986037139285,253.13895183094132,-2.3236594647912625,0.83652530425908367,-1.0320573665001689,-1.8685826707592526,-4.5624944901180413,-1.8709705944897337,2.6915238956283076,-3.5495821316445131,-2.1114733351378163,1.4381087965066968,-1.812746847045986,-1.9794712082086789,-0.16672436116269296,-2.5377498409053203,-1.5911281204308523,0.94662172047446802,59.354421291558538,69.562044340022112,-10.207623048463574,70.005853551479959,-10.651432259921421,63.266717047536986,228.73174276498503,313.92515334044583,204.30750800158989,159.02169999737353,143.99826547987666,175.12282971486505,166.57373326859954,205.50162995954955,197.56854816416299,232.82974843727544,230.5090821059739,254.77810109017884,253.46845238449353,-8.7475156707267843,-17.045194045748758,-2.6774820156662429,14.367712030082515,-11.789617992810776,-2.9582493658920441,8.8313686269187315,-10.854323778856184,-2.8813834450079696,7.9729403338482143,-5.3487063557161889,-2.6432196126536383,2.7054867430625507,-3.6134023774440323,-2.2801637410847491,1.3332386363592832,32.527798262042779,31.232970559027308,1.2948277030154713,31.176673182721061,1.3511250793217187,69.373738925118232,55.493994459808164,234.46278879791498,173.34597025367654,120.28184097885347,124.71070965217233,128.77838715087705,144.11983214667862,160.05843173685514,184.61655720853093,208.9919860272083,225.23501317822644,249.07790490181284,252.40532189732698,13.172925743994824,4.8169826248832379,-0.5748910568812704,-5.3918736817645083,16.942201971937749,0.84988572242400551,-16.092316249513743,23.644027849097057,-0.16222862156064366,-23.806256470657701,15.187796402229765,-0.13814214823872817,-15.325938550468493,3.2379962866953633,0.035875735773515771,-3.2021205509218476,-6.4238562059355218,-21.920441414721608,-17.881719350007842,-21.862176670631996,-7.2271235026927343,-28.731819964748524,-7.3047416472116709,-34.498351627953241,-3.5359595086702029,-20.536502757945954,-1.075652536538712,-6.8513986641393956,0.57245086737930018,0.47697903806043074,0.80475380170168609
1363,2008,130.57559728685271,44.225202297614871,4,4,22.196156606765747,-4.6999969482421875,101.33386293668809,104.07245532419984,-2.7385923875117442,104.1915252866529,-2.8576623499648122,136.88101087562427,283.35528143224656,545.60741568356752,195.34344996675253,136.08370437685542,134.25728632152067,162.38795013612872,159.13062827094151,196.13064065770902,193.98840565848261,229.15305925100171,230.49781302603486,253.79122570320041,254.28139072288434,-2.9765562702064301,-3.1317607892742672,-1.5503503973429247,1.5814103919313425,-5.6123032410141889,-2.3471959874191271,3.2651072535950618,-4.5982535478136697,-2.4700592196649609,2.1281943281487088,-1.0149685728295879,-2.3763929125676668,-1.361424339738079,-1.4926782668861733,-1.9488911805779878,-0.45621291369181449,69.234947107084736,75.349456609576009,-6.1145095024912735,75.61530307143039,-6.3803559643456538,76.825202672813248,235.68220526969162,333.2628371831961,203.24294872987721,155.24529021393562,141.48895567800756,171.95189107069658,163.90431219417414,206.29380542986644,197.13018159079547,233.21492439364454,232.5821224823766,254.93284834866387,255.37997030097088,-8.3289235614718393,-16.238513335232426,-3.0996250772548706,13.138888257977555,-11.829926797747277,-3.4274995778608002,8.4024272198864765,-12.29867638290338,-3.2662035912597673,9.0324727916436132,-3.8579755824076472,-2.8776628328683671,0.98031274953928005,-2.3082299169836347,-2.4695267233011009,-0.16129680631746623,32.09891587430684,28.723001119670698,3.3759147546361419,28.576221938060371,3.5226939362464691,60.055808290355344,47.673076281764224,212.34457865729928,172.42803695362497,120.4488824957422,123.57258060853114,130.72142233660708,145.24147555378946,159.96164965363835,185.88127137606699,201.7352403043509,224.87572922253673,244.18810730049822,250.9951103992548,14.011896276240975,4.3653840288107091,-0.48561680139690111,-4.8510008302076102,15.424244537028017,0.91814104692960541,-14.506103490098411,24.333352398477729,-0.84707037487382308,-25.180422773351552,21.595393105313605,-0.61034567085999925,-22.205738776173604,5.6382274483534331,-0.36258275489441871,-6.0008102032478519,-5.3523672912654092,-22.340819837712814,-13.106752545958159,-20.603897364043135,-6.2176235567330878,-27.254171334775293,-7.7004228350897108,-36.632028781381109,-2.8430070095780593,-25.453368687721252,-0.81555165009746133,-7.9464573653370678,0.61081068109322845,0.56125537195674124,0.83175511703333438
1364,2008,131.07559957399366,44.225202297614871,4,4,22.196156606765747,-8.5238113403320312,76.359711022225383,79.516260047636024,-3.1565490254106408,79.653502895242127,-3.2937918730167439,117.89509238966457,249.06035920873546,486.36888294294477,194.53546310250186,133.23495361032042,135.5614602893038,161.84789771444801,163.09340254964781,195.59949231828588,197.84931167506193,228.66418390042784,232.10207598512883,253.42813147783713,255.85693511042979,-1.1765033045736857,0.48734735792658057,-1.8829231670043214,-2.370270524930902,-2.7924380196893992,-4.1293527717863583,-1.3369147520969591,-2.3076444369880278,-4.597792483937468,-2.2901480469494402,-0.87857801731513518,-4.2189938361768213,-3.3404158188616861,-0.93049303756990298,-3.293179086795476,-2.362686049225573,46.919813388212788,54.692391132935882,-7.7725777447230939,55.030328983319123,-8.1105155951063352,53.602363211130523,203.57444902397765,270.89331398904324,205.22009969193542,159.34115245964887,149.15262393917729,175.46222835852373,172.39254837506806,207.45862529377996,203.63907347111345,233.9464613316994,234.84462180903668,254.92990581667704,257.00534259901491,-7.8886772453175809,-16.115147894060186,-6.2805173385696662,9.83463055549052,-10.048929022390439,-6.6563302861581803,3.3925987362322587,-10.265853970616377,-6.302182492446633,3.9636714781697435,-4.987449183052945,-5.4826010913493519,-0.49515190829640687,-2.6271769116624739,-4.3962402345138401,-1.7690633228513661,29.439897470099822,24.82387076244413,4.616026707655692,24.623174042485516,4.8167234276143063,64.292729118929401,45.485910154955491,215.47556887194514,169.5047213146386,120.05864927899097,123.23857905073628,129.09399788415922,141.17293452319771,154.05760371942,180.76899562386905,200.62466659650747,224.54791867401536,241.96375285839557,252.19114475672328,15.269854578772396,3.4908294401938065,-0.84705175278016043,-4.3378811929739669,14.113728761349392,0.63960179720828592,-13.474126964141107,26.998632070827341,0.95830531407591479,-26.040326756751426,22.675090138392363,-0.57065823814534156,-23.245748376537705,9.4037589896382201,0.24814917654902047,-9.1556098130891996,-6.7121739407438952,-23.158531824089977,-16.602495251986767,-19.605977334253993,-7.2564910027010399,-24.162657783739832,-7.9582095336283487,-37.264486041443718,-4.1088711657378099,-27.662539321445308,-1.6966838740925709,-12.030935901300694,0.55697089902196995,0.45466153106666252,0.81736993261687041
1365,2008,80.575368572760155,43.975201154044406,1,10,22.288904189392088,-15.333328247070312,102.96883404254913,119.8169527053833,-16.848118662834167,120.54948043823242,-17.580646395683289,150.11021707952023,134.45032919860751,413.29371919063851,196.39129195735038,137.70133674660372,143.43758208794679,163.70949986924524,171.49513516402865,197.46078252715344,204.16052723921626,228.52585878625902,234.59575246110595,252.55033827867751,255.77883469322353,0.45384313220858985,4.2833025030290344,-2.1163095444407247,-6.3996120474697591,2.1605284918962013,-5.8730410526572712,-8.0335695445534725,-0.67526690368319464,-7.4778690637717489,-6.8026021600885542,-0.6468883244680228,-6.6721236878821628,-6.02523536341414,-0.55696498061746524,-3.7919554094516457,-3.2349904288341804,85.575422406196594,93.006387710571289,-7.4309653043746948,93.32947564125061,-7.7540532350540161,101.13130118697882,116.42836098570115,235.65338581390097,204.35350364076149,156.89860257039371,162.57783497623694,174.83734157721759,186.73063943057332,205.57988755118163,213.08564694916441,233.56860196375533,238.92189591092443,254.40362053062776,257.95087762381047,-2.6930551271673835,-4.0292191826835619,-10.33577635991935,-6.3065571772357885,-0.00956808470920123,-11.933590985194883,-11.924022900485681,-3.7680443465415294,-10.993817543554201,-7.2257731970126713,-3.9773790898226764,-9.224282475649062,-5.2469033858263856,-3.5551294625004743,-6.8884939869869015,-3.3333645244864272,17.393411457538605,26.810563832521439,-9.4171523749828339,27.220005124807358,-9.8265936672687531,48.978915944695473,18.021968272511003,177.64033317146823,170.53706464783841,122.23375719283011,128.50513213663226,131.94499417959315,142.46931251715819,154.43346081187713,169.59096316657596,205.98056266990201,210.57804569953498,241.80152778972447,245.39381978942836,12.843815508870335,8.1743435463571217,-0.020319892654754312,-8.194663439011876,11.880977987979946,-0.031550443584308141,-11.912528431564255,19.342534293871125,2.6278117465828075,-16.714722547288318,13.925556253938169,8.1343379389326458,-5.7912183150055228,10.89108679722392,10.801028482231317,-0.090058314992603528,-3.1468982593759733,-15.536870636037719,-8.3125216857125963,-12.203562729040684,-2.1700965766054026,-11.890546072689148,-3.0927774428583348,-23.110578640412655,-3.3304907653546536,-17.902935343760845,-2.9981644818830091,-14.446216259724395,0.5701838060239236,0.67371364291216074,0.86595816968001138
1368,2008,81.575373147042015,43.975201154044406,1,10,22.288904189392088,-11.166664123535156,163.96033633166735,146.81356946281812,17.146766868849227,146.06805358211204,17.892282749555307,224.07302088233882,189.87522250975053,543.50191522762179,188.25778649938931,125.77614433321615,128.9056826226784,156.3860521538659,158.64140951473195,187.49443157746884,194.06531197105863,222.96827079457992,226.01066390101323,245.90107821352018,249.12209428623729,0.34730958717548788,4.7185591648586325,1.3528101658410776,-3.3657489990175549,-0.038198812719031139,-2.2370429555014653,-2.1988441427824341,1.1596819107650163,-5.2665199131446059,-6.4262018239096221,-2.2654805553494555,-5.2744706513901178,-3.0089900960406624,-0.06957222700017951,-3.2587882718376306,-3.1892160448374511,146.00699177130446,120.99912072808002,25.007871043224441,119.91181986894662,26.095171902357833,162.0179327328442,174.43440039181041,344.30589809620869,196.88276242616328,149.32405262396432,155.83955577971858,166.38489717412133,177.4488376089877,195.42444413300856,203.9789411821468,227.35381805081516,230.71985901065781,247.52123164495453,250.9764925042432,-2.1878297411001313,-3.9081638233396063,-10.233099488272728,-6.3249356649331219,0.69392260412507767,-10.120872035735914,-10.814794639860992,-0.89002171524825258,-9.520772715786876,-8.6307510005386234,-5.142229584344733,-8.5913445000763318,-3.4491149157315988,-3.349771102608031,-6.2372965948455033,-2.8875254922374722,17.953344619967538,25.814447502907569,-7.8611028829400311,26.156234831372558,-8.2028902114050197,62.055088082439397,15.440822117940115,199.19601719640195,150.81202634345533,112.77098143667541,114.53762400653051,116.27740359418733,122.55846790583448,125.61502572179732,142.03063684398944,180.69825531172637,187.66343156263935,224.9420114117311,238.94944131894061,17.03009347384355,2.6193267489685894,0.15876360666236167,-2.4605631423062277,8.9914120301545779,2.0262174261451662,-6.9651946040094117,24.830468070969474,7.2945550375875428,-17.535913033381931,26.969179025802418,19.009931672726793,-7.9592473530756251,23.500379410039045,14.059055121707047,-9.4413242883319981,-2.5351393282756192,-19.217923214943681,-8.6267229881982388,-6.5274905723081957,0.73212141684410881,-8.2974894260295002,-2.0497036260132688,-25.720489786217726,-2.8767490289952775,-32.111408610147151,-3.2801988756078515,-26.850150512647076,0.63349528023652202,0.72305863550578953,0.91867910981830614
1370,2008,82.075375434182945,43.975201154044406,1,10,22.288904189392088,-8.9583358764648438,107.33232020234936,97.087759212055971,10.244560990293394,96.642344918829622,10.689975283519743,153.74452274236955,180.33927749539544,456.76022913912311,165.93930360332396,109.94512897991268,112.51280250685701,132.91448484685009,137.54249116875539,167.24390480281852,172.50186642345395,199.42400800608837,202.4550246088061,220.01521877938779,222.05112156829259,0.70773220709054385,-0.27459259118370483,-2.9650728929721879,-2.6904803017884831,1.2773438835110653,-3.3001075599782155,-4.5774514434892808,1.4490345330848129,-3.7132118972379828,-5.1622464303227957,-0.27071631911545069,-3.227461345815243,-2.9567450266997923,0.30956254501720082,-1.6638132902344012,-1.973375835251602,67.157661336103047,52.530949866850278,14.626711469252768,51.895006547305456,15.26265478879759,68.43933824319538,143.67746054787494,245.2843131441623,179.61678510672181,137.53477100127787,144.84181619100622,155.89142875549766,163.91678118174866,178.62655580248699,187.67897274712766,204.31370228374203,209.79190253870823,220.92034270927368,225.51662387195324,0.88075023646027262,0.072128841506867047,-8.1173741681266449,-8.189503009633512,0.72474915123027017,-7.3230408559393823,-8.0477900071696524,2.8016294645876201,-6.2218371565579389,-9.023466621145559,0.96599916525960339,-4.3849824689357604,-5.3509816341953638,1.3050505388549425,-2.9728396012555436,-4.2778901401104861,40.174658836443996,44.5568102988791,-4.3821514624351039,44.747338749020855,-4.5726799125768594,85.30518418997508,36.661816828311203,211.47591550508514,142.15234851802933,97.709071000952861,102.70937303005634,107.77950390841056,114.64541123146384,124.70224439426239,139.19142690145972,179.87023240351596,182.17247105131619,217.2736152905976,213.078592014598,5.9048386651392946,2.0383043260512608,-2.9724636759534775,-5.0107680020047383,3.6050058812996184,-3.5044632388295014,-7.1094691201291198,13.336328700718909,-1.2523880906654483,-14.588716791384357,2.9111391848381345,0.11642999507571972,-2.7947091897624148,-2.3770899831729082,1.0355578085841728,3.412647791757081,0.17301802936972877,-5.0240884286790219,0.34672143269057187,-1.9661754845443937,-0.55259473228079514,-2.8802567300693482,1.3525949315028072,-10.534699236131289,1.2367154843750541,-1.9451400195785311,0.99548799383774167,3.6821405220278507,0.53700891079431512,0.44514976548387036,0.79670642215777665
1371,2008,82.325376577753403,43.975201154044406,1,10,22.288904189392088,-7.2272720336914062,153.08204045401726,144.15322944740547,8.9288110066117952,143.76502209998216,9.317018354035099,192.34591549509696,167.526704510743,443.42474123649299,170.77501285940394,109.74849072038938,117.10772774638002,135.4037340291348,146.51573747825668,170.52581629076289,182.26101522624333,205.03675830704827,213.99333656420021,231.88862922275368,235.71342728142329,4.8386196059171311,3.708151398385084,-3.4262508983519382,-7.1344022967370222,7.1703300582522331,-3.883634951190146,-11.053965009442379,7.1473269091878251,-4.5493914004995872,-11.696718309687412,4.7592253937950204,-4.2818158543076379,-9.0410412481026583,0.76933670096573792,-2.9959325995548909,-3.7652693005206288,100.38670451679718,81.559398927463917,18.827305589333264,80.740820932001952,19.645883584795229,101.16171516218674,124.06707860863025,240.28809110837756,183.34782173449221,140.09239440562078,149.6235672377064,157.62165589488936,169.58527816319642,179.89883098944355,195.0681751558183,208.81700484241151,219.72486583915185,233.13657720749407,237.70399479525088,5.2050822672426307,2.7829800071888542,-6.6169110153168447,-9.3998910225056989,5.4316888773940946,-6.5258840377287868,-11.957572915122881,9.225473025016413,-5.9090310150216396,-15.134504040038053,5.9377651695245675,-5.0682138587802115,-11.005979028304779,0.27535364885861213,-3.6563983887242841,-3.9317520375828963,52.695336008000595,62.593829946924416,-9.8984939389238207,63.024199835003856,-10.328863827003261,91.184200463295383,43.459626021322038,203.13665048964322,149.74353558610585,96.401573207149994,103.11865453675581,108.31001206517628,117.60440505653803,128.61624831637266,146.31608508461122,189.9887455819507,193.15054947062961,230.06510640257406,231.12483183776962,4.8920813959604459,3.7582175132021547,-3.2149538609372144,-6.973171374139369,5.4723854883847594,-3.6705768407638004,-9.1429623291485598,15.275891131517,-2.651817848193474,-17.927708979710474,2.1265956787495099,-0.61861870888705539,-2.7452143876365653,-2.5186057868187959,-1.6484187445169027,0.87018704230189314,0.36646266132549954,0.31300087128218479,-0.92517139119622982,-0.9752375060133005,-1.7386411808581386,-0.040696610990664794,2.0781461158285879,-6.0504181065005866,1.178539775729547,3.8111694907750575,-0.49398305210712579,2.793959435677408,0.54189148408438492,0.52593638342564875,0.74058090601713111
1372,2008,82.575377721323861,43.975201154044406,1,10,22.288904189392088,-6.1999969482421875,152.02343236798333,143.11780925280982,8.9056231151735119,142.73060922272634,9.2928231452569889,191.92023730432993,219.14775574829764,499.0078880074434,175.81701745339075,117.40101512600181,121.87240564002562,142.71044238063627,149.34614653262256,175.90658820302968,182.55061097310596,209.32964722821058,214.11282162796621,232.58461652343416,236.5121768134841,1.9434560850967557,1.9893321884291169,-2.7179553420202041,-4.7072875304493209,3.0886686843056737,-3.5546334534301707,-6.6433021377358443,2.735792585936764,-3.9226517704102832,-6.6584443563470472,1.2389137418526559,-3.6516635286263295,-4.8905772704789854,1.1798122357875513,-2.7430863239547989,-3.9228985597423502,113.04158586233825,90.536669422228442,22.50491644010981,89.558197875310725,23.483387987027527,113.86156053811283,181.86692175381177,302.71947140985867,185.10083746094884,140.04993259731779,148.65679455147301,158.36975501962871,167.61991014640139,184.28391421721346,193.08979408639021,211.81251560999092,218.80174854704714,232.3357847706728,237.82961737976967,2.9610135800903095,2.2832033301165211,-5.8690858583857164,-8.1522891885022375,3.4465084197276212,-5.6998880716722056,-9.1463964913998268,3.6689334857523193,-5.3163872528664626,-8.9853207386187819,2.5020643413577943,-4.7309012814099276,-7.2329656227677219,1.5258741543204053,-3.727449953882342,-5.2533241082027473,38.981846460941597,52.581138191452737,-13.59929173051114,53.17241259315324,-14.190566132211643,78.058676617205492,37.280834054090519,196.2884165304713,152.01346591453387,101.76764755125944,105.96973857723387,111.66293462264362,119.05585634102566,128.76579740126795,143.93846286598003,191.80430461509511,191.50947358465092,233.419070664147,231.94648896835577,4.3363969322045648,2.4879783871639631,-2.0383790641557624,-4.5263574513197256,4.6919685860244442,-2.80877487823102,-7.5007434642554642,13.478831263614978,-1.1017788511215372,-14.580610114736515,1.8084502572695556,2.0120546144449349,0.20360435717537939,-2.2708058000234246,0.67565803449841155,2.9464638345218361,1.0175574949935537,-1.3753833521142553,0.29387114168740425,-0.20477505704744203,0.35783973542194758,-1.245460166296823,0.93314089981555526,-9.809897777862659,1.2631505995051384,0.69361408408823877,0.34606191853285395,3.7966799543438299,0.60664265773158121,0.59327542596543037,0.82988265671629868
1373,2008,82.825378864894333,43.975201154044406,1,10,22.288904189392088,-3.13043212890625,132.42674084750615,118.80456603359198,13.622174813914171,118.2122987739931,14.214442073513055,160.53596212017874,171.80277915065381,407.52205827040598,178.62399333523157,126.83175652562528,128.76860477027469,149.30794721519746,153.84217476300475,177.02177759186185,184.73423534616765,208.77198818028128,214.16641239176869,232.38559109346792,235.65385419757433,3.4546652264206443,1.0439087636099629,-0.92478852717195537,-1.9686972907819182,3.0280330054490037,-1.6223169622600722,-4.6503499677090758,5.7850151662298401,-1.9794440393569062,-7.7644592055867463,3.7149776750331966,-1.6818157144345776,-5.3967933894677742,1.9794661799739117,-1.290500175915156,-3.2699663558890677,81.601050522804144,50.888094530288072,30.712955992516072,49.552748690526641,32.048301832277502,82.016707268237951,128.9413398097297,214.89763868961018,186.96818805759622,150.31998920225868,161.59859269060442,163.38548021094044,177.55630530529825,185.75062871216468,198.37148141387911,210.2550362145337,220.53417315568723,229.43674143548878,237.35708954043361,9.0467168089230086,9.0629970165287261,-2.9687554738160316,-12.031752490344758,11.613949204367799,-2.9568583046793435,-14.570807509047143,9.7933287142795962,-2.7813767772319125,-12.574705491511509,7.8862204582764832,-2.4904822604944172,-10.3767027187709,5.6062141747639771,-2.0988801599067983,-7.7050943346707754,50.825690324702009,67.916472260023511,-17.090781935321502,68.659549475758467,-17.833859151056458,78.519254911545431,42.861439411866741,192.62441986007616,164.12189286376807,114.03093150140226,116.24029229627138,126.2731431434831,130.29471528733805,147.50383353744786,152.41049955104151,203.32374828167198,188.45763640259622,237.17599403740391,230.73345165650369,-2.0964706268046882,1.5298831139541278,-0.89053748308457159,-2.4204205970386994,2.7949693773966118,-0.97298641279732578,-3.7679557901939376,3.2526485154276941,-1.4002035736787377,-4.6528520891064318,-13.488152829318182,1.1166436920244394,14.604796521342621,-7.4621305285380402,0.92058127436632731,8.3827118029043675,5.5920515825023642,11.143187435727697,8.0190882529187633,7.5331139025745983,8.5859161989187953,8.8189798269711872,4.008313548049756,6.5406801988519021,4.1712427832432866,21.374373287594665,3.6267479947900654,13.068344703302017,0.52732762393690513,0.51089304966347338,0.75051952271773836
1374,2008,83.075380008464791,43.975201154044406,1,10,22.288904189392088,1.9545440673828125,127.60622562828212,107.48263453559775,20.123591092684364,106.60769513560808,20.998530492674035,147.81828235209105,164.38160794904252,392.47803014284,185.94352213323103,137.83785835273679,139.14355899300503,158.35897668252312,161.0862023288679,184.68451076322566,187.87138185858223,213.58156815031347,215.41544387444239,234.54384303613506,236.05598224737309,2.909920677195089,1.916735320771636,0.52687167329284534,-1.3898636474787907,3.8122454493110922,1.0027466239923228,-2.8094988253187694,4.2700333277701077,1.1724278566015585,-3.0976054711685492,2.9021473390337746,1.0607612944279481,-1.8413860446058266,2.2288459203632556,0.74293681978164727,-1.4859091005816083,83.928059888636199,49.557863149333571,34.370196739302628,48.063506532889733,35.864553355746466,86.66090428606185,121.8650191564484,214.10563169792295,190.33109434916213,152.57730265654774,160.84673980356024,166.5246214098444,175.94933215428819,189.98194362056367,196.12238151814344,213.51254800938699,217.67410149983212,231.49074512901834,234.35700450831632,8.0102339195427987,11.222883652741984,1.8440195907903387,-9.3788640619516457,11.445221632685673,1.8344463453576054,-9.6107752873280674,7.8288946510772917,1.7748119119150658,-6.0540827391622258,5.8982682259319859,1.6839276745537859,-4.2143405513782,4.1158820551476083,1.4712828201849959,-2.6445992349626124,43.678165680041275,57.924771294823586,-14.246605614782311,58.544188666385708,-14.866022986344433,61.157377931918745,42.516588762791798,178.37239826237783,177.11852419291009,128.78937128930363,129.02729868441338,140.02511708996508,142.5802830017781,170.3455664875128,166.50482452457942,215.50153658396925,208.53333980770293,239.75238096566954,239.31851684783308,-1.3957061562593083,0.5345912068291625,0.26399841897017495,-0.27059278785898755,2.9949708162917261,0.33851682174483244,-2.6564539945468937,-3.5688911606654301,-0.10527559058473912,3.463615570080691,-7.8053871698433568,-1.0147191162037927,6.7906680536395641,-2.7337809017477639,-0.62634836943669825,2.1074325323110656,5.1003132423477098,9.405940075802107,9.3061483319703484,10.688292445912822,7.6329761833745806,8.4502508163939467,3.558861323307184,11.397785811742722,2.9961208868982112,13.703655395775343,1.8870361347843527,6.8496629568953722,0.54552259044920426,0.58626648143321458,0.7413543441808037
1378,2008,85.575391444169412,43.975201154044406,1,10,22.288904189392088,-4.0952377319335938,109.76153422344942,99.436812461324735,10.324721762124682,98.987912138341926,10.77362208510749,131.4092554294848,169.21432731261484,363.7266437439248,174.67848270786763,118.93889019207884,120.76441275731692,143.71685375055611,145.45142703774667,174.06363647442376,177.43017654555464,207.62924623600023,209.83549521582552,231.03163170918691,232.45327436128062,0.35531098547332363,-0.39200771892606667,-2.4625360544727499,-2.0705283355466833,-0.9404495201492864,-2.4825517460593574,-1.542102225910071,1.0129180023154163,-2.3739980150412237,-3.3869160173566399,0.49838282573452375,-1.7458474956668226,-2.2442303214013464,0.61299915460105581,-0.8132685696656381,-1.4262677242666939,37.246618662815308,24.841536167019513,12.405082495795796,24.302184741864039,12.944433920951269,37.443783094029641,84.616613296836363,139.2656650186982,186.96937715124469,147.03748068334383,150.46964332362805,161.62300691800368,169.04939027689815,186.50568279895208,193.3614954728757,212.08598961056921,217.56253360249755,232.34603071375497,235.45480104291485,2.936839752556665,0.75923134399738501,-3.5645956255738156,-4.3238269695712006,4.4441291203379762,-3.4591798552864361,-7.9033089756244124,3.8387301151030044,-2.9159741954071592,-6.7547043105101636,3.4767741074755349,-2.2772621036443752,-5.7540362111199101,1.6170623181721453,-1.1329932657933739,-2.7500555839655192,72.514915560634108,74.595278055305243,-2.0803624946711352,74.685727345742634,-2.1708117851085262,93.965472350356322,84.597713933289924,224.46097871754318,166.27679877769981,106.85115468369685,113.67747283740685,130.39164079645539,134.15856525412909,162.48236362975751,163.97725513580349,205.09638982899216,202.09253229736399,230.24063374480289,230.14144437465231,0.3561790198568815,5.1865837955060101,-2.0644734155528823,-7.2510572110588924,1.1286233610304919,-2.5460532833743912,-3.6746766444048831,-0.32230517197089625,-1.9509527640337296,-1.6286475920628334,-4.6883500690710775,-1.2237904952060887,3.4645595738649888,-0.81093588221781943,-0.64389657985611848,0.16703930236170095,2.5815287670833413,2.5806607326997835,1.1512390629234517,-4.4273524515086251,5.3845786404872626,3.3155057593074844,2.8258121127875881,4.1610352870739007,2.9783912817410112,8.1651241765466125,1.0040631635710895,2.4279982003899647,0.38288551970018914,0.28494022716780598,0.50005584421058791
1387,2008,89.575409741296824,43.975201154044406,1,10,22.288904189392088,-1.13043212890625,123.10436500219657,119.7739563949799,3.3304086072166683,119.62915704451007,3.4752079576865071,150.93563603542862,208.98649983912037,455.06414897367358,187.48993777419145,129.08187176069464,123.80480353518078,156.39265878499333,150.65900598312359,189.02528317749218,183.03813918950451,219.90507856524576,215.83559859667969,241.72491461493254,240.21103353420199,-4.9885476705598819,-4.7727564776610052,0.23862004684330884,5.011376524504314,-6.1154417488273225,-0.20516509145201667,5.9102766573753058,-6.2473163035225809,-0.49180709602737238,5.7555092074952086,-5.0226875287426367,-0.49102837344017303,4.5316591553024637,-2.1971990855738568,-0.37679181987331845,1.8204072657005383,108.10377322957356,84.979040721569618,23.124732508003945,83.973616890129051,24.130156339444511,110.77517798584995,162.95090246749533,289.44734371150844,189.67889735502146,142.93773194180838,147.27958449582124,161.50723304813411,164.50805999522686,188.59082176741029,189.79130043075921,217.13679170032054,217.554895335353,238.04298521877132,240.22311344647881,0.82275148061552272,3.5913193699389012,-1.0137481537036876,-4.6050675236425889,2.347718102854941,-1.0108786798224116,-3.3585967826773526,0.66987937043870716,-0.89325269179704492,-1.5631320622357521,-0.79723820745348917,-0.7637534852725878,0.033484722180901372,-0.29633935608862316,-0.55682054023765204,-0.26048118414902888,15.000591802425333,34.794916557762008,-19.794324755336675,35.655539648390004,-20.654947845964671,40.16045827200287,46.03559719281111,165.61680521443486,180.53862952979159,112.45181284963543,111.49089216558242,120.42385583234247,120.98244692071182,203.65726643016319,146.59959620379757,230.09233661981548,207.97288295170995,250.28067201242911,240.17227543439685,-15.666809096477692,-0.6793574236651807,0.0028433814988346739,0.68220080516401538,1.6183380049361489,-0.0024290375175866075,-1.6207670424537355,-48.602742541007046,0.75171486744778804,49.354457408454834,-23.910709376417032,0.76807750096619998,24.678786877383232,-15.075609171309651,0.18437922579011001,15.259988397099761,5.8112991511754046,16.489560577093215,8.3640758475999064,4.2706767936040819,8.4631598516822635,0.7293800979187921,6.9171956739612881,49.272621911445754,4.2254493212891475,23.113471168963542,1.9008597294852336,14.779269815221028,0.63605833235668396,0.73392328608101576,0.77971975506999902
1398,2008,116.32553210333634,43.975201154044406,3,10,22.288904189392088,1.76190185546875,148.59524218398656,125.52598925597704,23.069252928009519,124.52298017311841,24.072262010868144,179.75985689488516,124.77153173444094,507.42882881686091,202.9603629028725,156.68290030071702,156.59405151376646,176.40031110342144,174.74382936032529,203.59240586228478,200.82804459483606,228.64057740347317,227.8177041900596,248.47212494232576,249.38047998470228,-0.75716779506143439,0.081277409481003815,0.2312971692416852,0.15001975976068138,-1.3346664504705075,0.6121820666156168,1.9468485170861243,-2.4163828390658466,0.70266093091188964,3.1190437699777362,-0.36922999876023255,0.59743005611287003,0.96666005487310258,1.1156978434057692,0.13269625519271244,-0.98300158821305672,101.7365361156908,70.111561091296608,31.624975024394189,68.736562365818827,32.99997374987197,108.18578691573475,65.312778978674942,208.83926397909818,206.56156894851921,165.1753695223679,157.5801569938248,187.27797910941072,177.53322659027828,204.94484232844022,203.03356627224525,224.76271025074746,227.0955475622886,253.04449315199204,246.61046042206092,-3.3711542013559495,-6.3799983371382325,0.51363761803818875,6.8936359551764212,-8.6549117956836312,0.67341755291343475,9.328329348597066,-1.5405381534694698,0.96557694124584259,2.5061150947153124,2.8708529118763124,0.92255187667700511,-1.9483010351993073,-6.6552895122151199,0.81545334476996345,7.4707428569850833,46.858705974631448,55.414429969847333,-8.5557239952158852,55.786417960569452,-8.9277119859380036,71.574069911563129,59.458753102750052,298.58956540003419,198.19206090901966,151.26148783964084,155.04712676281599,167.21963496290093,171.74800994674047,187.84672851653801,197.62798090282521,233.09925090751162,228.88331687142286,244.86305049620969,252.46002128308666,2.426259052253215,5.4208302792673919,-0.1403179845890179,-5.5611482638564098,5.3586933346575165,0.64268245981813266,-4.7160108748393839,8.8149188311885212,0.31193816647100903,-8.5029806647175121,-4.629025520789753,0.19045096160428443,4.8194764823940375,5.6402002592987515,0.086822210039258607,-5.5533780492594929,-2.6139864062945151,-5.7974132536091645,-6.4612757466192363,-11.800828616405624,-7.3202453452131238,-14.013605130341148,0.87584468559637685,-10.355456984657991,3.240082910636545,7.4998784326660655,-7.770987355620889,-12.295489771513871,0.41156365606194512,0.60183507477421139,0.52345898195498808
1399,2008,116.57553324690682,43.975201154044406,3,10,22.288904189392088,-3.5,136.23068642872386,115.58551735276706,20.645169075956801,114.68790106709639,21.542785361627466,169.29539203899913,128.85310618297081,483.28792663663626,201.1630330215466,154.36174885560553,151.89851001139937,175.74058363379675,171.79633586830326,201.47648848101446,199.56902404288468,226.4102899736458,226.42302403474849,246.87142500818604,247.59634498814071,-2.8020540716068183,-2.8747728408062301,-0.61816477261814384,2.2566080681880862,-5.4114115532617006,-0.8134687088048338,4.5979428444568669,-3.7751434927671994,-1.4881789007044404,2.286964592062759,-1.447423511659963,-1.2779392100286771,0.16948430163128592,-0.042727290744039692,-0.83002918109281154,-0.78730189034877185,92.667225823053741,61.815624462378764,30.851601360674977,60.474249879993295,32.192975943060446,104.8372587266058,71.562319888413185,196.40742466521624,202.49868575759299,161.73684320183369,154.00940338595439,185.20871513102131,172.89035157138264,202.28605868429943,200.57102613305815,219.99681618717554,225.19027004409389,246.76810117236298,245.83345326744282,-5.2395837631972029,-9.113254846597016,-2.0611110290628574,7.0521438175341586,-14.27747152924718,-1.7614895630296132,12.515981966217566,-5.0837256955539942,-2.2361379791374816,2.8475877164165126,2.4645159732451702,-2.0654274631162366,-4.5299434363614068,-3.3491331417808397,-1.3405075750599167,2.008625566720923,43.563460307646892,53.769892771179002,-10.20643246353211,54.213651187103096,-10.650190879456204,64.458132939864299,57.290785935067106,286.88050117343664,199.22783248628824,151.54181053125069,149.51167452063538,167.96964800642559,170.79885459894999,192.00343776261187,198.14794543868234,233.66271827296873,228.10961102424028,247.03350887866165,249.20047198752087,-0.62839028002304076,-0.41450631196090626,0.54816241989524883,0.96266873185615509,2.834213894594285,-0.013788452046412658,-2.8480023466406976,5.1741268743729734,-0.38304382681147331,-5.5571707011844467,-6.8839542582014985,-0.53309784105584868,6.3508564171456499,0.51964022672808596,-0.039577820023026788,-0.55921804675111275,-2.4375296915903846,-4.6111934831741621,-6.2384820057907859,-8.6987485346361098,-8.866059975985479,-17.111685423841465,-1.3085822027867948,-10.257852569926968,3.9119394849051332,9.3484702314466688,-3.3064058510368,-3.8687733685089256,0.40639836801238088,0.61925642194948427,0.55537908249410017
1401,2008,117.07553553404773,43.975201154044406,3,10,22.288904189392088,-8.13043212890625,137.36816247025126,124.77668627149978,12.591476198751479,124.22923063091002,13.13893183934124,184.17503398463305,168.90086772219365,534.85049366019666,198.16148338508398,149.95775485804907,149.89885123732236,171.04571399475068,170.57604929292194,198.99391195828832,199.19675551143061,224.62992254996283,226.41986510455195,245.38986828219683,245.45811184982378,-2.9900119175216275,-2.7933695240585621,-2.7021520547390878,0.091217469319474276,-3.5296188629680785,-3.393862936242158,0.13575592672592052,-3.9670680825522595,-4.314261749497291,-0.34719366694503151,-2.2719960964487314,-4.0996418617930317,-1.8276457653443003,-2.853187022052964,-2.6387121686073272,0.21447485344563688,103.56153672943037,85.206587850349024,18.354948879081348,84.4085465559765,19.152990173453873,127.00764842257377,119.41656623989547,268.07439724978758,198.57445974100031,156.59727745783712,158.48347674606501,175.8301580196447,179.53803151313306,200.18375073995111,203.83392163768673,219.13187042619282,227.14477291544702,240.90057086809449,244.08669353761258,-1.0303255587603246,-3.1880697537946503,-5.8076608223937001,-2.6195910685990498,-0.98079649942752667,-6.3505795939416316,-5.369783094514105,-1.7146018537134182,-6.4121553070341122,-4.697553453320694,2.036495016713161,-6.1782885305734965,-8.2147835472866575,-3.1227833029313103,-5.0678985560380738,-1.9451152531067635,33.806625502402312,39.570098431517181,-5.7634729291148687,39.820684372956748,-6.014058870554436,57.167385372231365,49.484301720716758,266.77609639428556,197.20728039430486,147.74257797794792,141.12415107824989,157.97957224473146,156.53699836943025,186.1695921488207,186.46387785464839,236.90698301218322,223.87727940197203,249.26646142487363,248.32119469759624,-5.709621520063564,-4.6884726135892834,-0.74042582868432305,3.9480467849049603,0.23909344761545981,0.41676137498373578,0.17766792736827597,0.7819899266048651,0.5182305924818138,-0.2637593341230513,-12.850534065968617,2.2304294306689769,15.080963496637594,-1.7831747528278186,0.86192722415503908,2.6451019769828577,1.9596863587613029,4.6792959613032394,-0.3947002297360882,1.5004028597946331,2.5488223635405518,-1.2198899470429865,2.2524662288388413,-2.4965917803182833,4.3084911131618924,14.887029082681778,-0.26959628087834631,-1.3396085501034918,0.50121370444149138,0.68960295906974478,0.70702162665209378
1403,2008,117.57553782118866,43.975201154044406,3,10,22.288904189392088,-11.100006103515625,117.95933330059052,110.51996791362762,7.4393653869628906,110.19651663303375,7.7628166675567627,157.49142146455779,177.47791314188362,523.25885702855885,199.25506272008536,148.14927936120409,144.52205166907794,168.92557283160141,169.41462308460117,200.05940574761888,201.68129421343835,228.40405037211886,230.27223263817621,251.13716146025288,251.76400749123243,-3.6915683811902795,-5.9130628517082471,-2.508538445437523,3.4045244062707241,-3.375321239368219,-3.7597024848907949,-0.38438124552257591,-4.3238951302984674,-5.7589314710157282,-1.4350363407172608,-3.6807406177215967,-5.4124425159144494,-1.7317018981928527,-3.0333744128729734,-3.5082531316668337,-0.47487871879386034,80.664834827184677,79.99200314283371,0.67283168435096741,79.962749660015106,0.70208516716957092,101.56962804444902,138.99426823631075,257.94326548522804,203.03388045276782,154.65281165043805,158.86738233568826,177.07515095433411,181.78977469158633,204.5719235061789,207.62378460705361,228.00245254935368,231.51118253116033,252.74361134338042,250.51349271292969,-5.208672013684037,-3.8186048802770074,-8.3454364885458006,-4.5268316082687932,-4.9347113899813735,-9.2728745502059837,-4.3381631602246102,-6.1752568613207757,-9.1551692879691302,-2.9799124266483545,-4.6205838333761733,-8.4365319646958596,-3.8159481313196864,-9.7546645310099223,-6.7908661651798354,2.9637983658300868,37.294498443603516,30.527963280677795,6.7665351629257202,30.233766347169876,7.0607320964336395,55.921793420853646,38.483644801264745,265.31559141166508,189.62588099056347,138.29952884818036,131.82836665691599,153.38230098350806,147.09757826226479,178.53793850970914,181.76673308717184,230.40400790007783,225.07348451277528,248.60393026908997,254.75813538043585,1.1151589860204751,-3.2416998139328825,0.89681526016232738,4.1385150740952099,-1.4270968068940135,1.8510036420249776,3.2781004489189911,7.0496735277300218,4.3076414182882843,-2.7420321094417375,-1.568072718659181,5.2085704044285137,6.7766431230876947,4.2463222234480043,0.97178040718637249,-3.2745418162616318,-1.5171036324937575,-6.3238309997045121,2.0944579714312397,-0.57690506634412486,-1.5593901506131544,-3.50761458308736,-1.8513617310223083,-13.224930389050797,-0.93984321565457662,-3.0525111147169923,-6.7212901181369489,-14.000986754457927,0.49295537384692523,0.64492165414423208,0.78316375134066762
1404,2008,117.82553896475912,43.975201154044406,3,10,22.288904189392088,-9.9130401611328125,135.05278440883558,122.21053426663275,12.842250142202829,121.65217314320398,13.400611265631596,177.66704757818661,125.29377769595885,521.39406767114997,200.81792637485052,152.41513169254281,150.41786031501718,171.57565865537589,174.62158527918024,200.4434728543504,205.36672297171694,229.15099080220415,233.6764175281694,251.62612684512575,254.91016108515589,-0.10324118027463669,-2.8237734167186659,-1.29271901530538,1.5310544014132859,-0.3986910390067635,-3.4438963158179945,-3.045205276811231,0.15168083604731919,-4.6191656666327106,-4.7708465026800297,0.28369097336573645,-4.0679054032671331,-4.3515963766328696,0.36834538241649284,-2.7677428004595299,-3.1360881828760228,77.916631797856098,59.423312412931409,18.493319384924689,58.619255394869469,19.297376402986629,88.557527912101705,71.025412537124794,178.70537637500092,208.71459393205976,164.60402662307953,161.61683207405247,189.20935060462912,185.58999987442525,207.03264120883233,213.77228562757062,232.80320728952924,236.98761673326138,256.39518082155899,254.7865472881895,-4.1404682601040577,-7.1915119052097793,-5.7426729813250859,1.4488389238846935,-9.5893316238268653,-6.6293220548778606,2.9600095689490047,-0.90316012715521765,-7.2133052546459453,-6.3101451274907276,-2.5402825147849626,-6.4646061264383832,-3.9243236116534206,-8.6375918353876102,-4.6354404410573977,4.0021513943302125,57.136152715287608,62.78721949024839,-5.6510667749607819,63.032917211892709,-5.8967644966051012,89.109519843765156,54.268365114130575,342.688691329211,192.02875054833737,149.12013944144815,144.23416550743283,159.43604404724681,164.86385593583381,182.62808844563085,195.22749632758885,226.03842662977274,229.02359436557003,247.6777206998147,255.03390029823805,4.9823503051732416,-2.5172323776364749,0.77104123382454759,3.2882736114610225,6.0707730809366183,0.049684149067076078,-6.0210889318695422,10.641353414357582,-1.8317531387613144,-12.473106553118896,2.2111877889290952,-0.68328808148717712,-2.8944758704162723,3.4207400295557306,-1.1488373133975927,-4.5695773429533233,-4.037227079829421,-9.1228185652772993,-4.3677384884911135,-4.6742795275733044,-9.1906405848201018,-15.660104704763484,-1.0548409632025368,-11.544513541512799,-2.823973488150699,-4.7514703037140578,-9.0059372178041031,-12.058331864943341,0.3427453196259086,0.49844655561763562,0.56687102778141873
1405,2008,118.07554010832959,43.975201154044406,3,10,22.288904189392088,-2.304351806640625,136.92844969553335,132.87650879729699,4.051940898236353,132.70033544063335,4.2281142548999924,175.83181195465659,110.46308339129246,514.37195912003517,203.13054972837759,156.18477696268886,158.12990623507244,174.69467465842288,178.37765918708197,202.94370270602752,206.01741882137969,230.48395727862783,233.0235343423405,250.91499158353133,253.7755885727174,2.1144055423975487,2.3346328664494536,0.016179235953245552,-2.318453630496208,3.0874896601761179,-0.74473044571587366,-3.8322201058919916,1.9643282728878262,-0.99528720579803576,-2.9596154786858619,1.4560215794992644,-0.83955990161001637,-2.2955814811092807,2.0864045722939579,-0.62628869617327609,-2.712693268467234,70.577759752923157,66.095557077749618,4.4822026751735393,65.900677986101073,4.6770817668220843,74.842775182073638,54.738694083534938,145.87862671993207,212.3545370911047,171.79980813295944,166.78557588751812,194.49460427858764,189.38017089861481,209.65621817298396,213.05286769558879,232.30037783475743,234.38200823998977,255.66747606658032,251.79347413985965,-2.8958154032490313,-5.8308591829226657,-0.60768852892883274,5.223170653993833,-6.794150437892057,-1.6068569070006617,5.1872935308913952,1.589752555679695,-1.6665643485115993,-3.2563169041912943,-0.087938142828278387,-1.6113667354956078,-1.5234285926673294,-6.9222667317268076,-0.95688354040456147,5.9653831913222461,66.350690359842702,66.780949638568018,-0.43025927872531611,66.799657216113701,-0.44896685627099941,100.98903694977707,55.724389054437779,368.49333193898201,195.50352073976575,151.88883753258608,153.31197248415921,161.21371738782602,169.86371088440487,185.4634851459989,195.67606563155465,229.12840428408589,231.10550503983052,249.15090548254122,255.49091412078764,5.1174819939252245,3.5647493583894914,0.31873502610574178,-3.2460143322837496,9.0209947413833618,-0.62483437011348997,-9.6458291114968517,10.215738016906386,-0.20444796590879832,-10.420185982815184,1.0845561616246471,-0.13836762203465014,-1.2229237836592972,2.9275041792318746,-0.15040557186287629,-3.0779097510947508,-5.01022094564658,-8.0132973971742558,-8.1654920493721193,-9.3956085413121571,-9.8816400980681749,-15.815145179275419,-0.37457571720813121,-8.6259854612266906,-1.5439597223275427,-1.1724943044529255,-9.0086713040207655,-9.8497709109586822,0.28360532516098813,0.42564979766786487,0.49553835003531921
1406,2008,118.32554125190005,43.975201154044406,3,10,22.288904189392088,-4.8333282470703125,146.26898950338364,128.88002842664719,17.38896107673645,128.12398731708527,18.14500218629837,173.03520376244023,122.194799277122,484.52045639231801,200.37511254716571,151.15425716180891,148.70316003091114,171.16961096896674,173.010251515486,200.81657408311838,203.75962546345818,228.78705122655589,232.43846623501867,250.04489876829834,253.68897265264289,0.45475086589294733,-2.5742569490690528,-0.90929641552185103,1.6649605335472017,0.15674175457138517,-2.0484616162806333,-2.2052033708520185,0.63790642929453156,-2.498698841560639,-3.1366052708551706,1.296607971367024,-2.1816686571491175,-3.4782766285161415,2.0430245102877791,-1.5649541658993087,-3.6079786761870878,65.823624193668365,56.287555992603302,9.5360682010650635,55.872943818569183,9.9506803750991821,73.837214077303088,58.411202306981068,149.16458347934531,208.76420335717967,164.57517813192354,158.26731106047777,190.45396301216709,183.22193147751608,207.54499745659092,211.58600169154164,233.07570116392492,234.74415121142374,256.53611693118955,252.30809619808451,-3.5100277376991755,-7.6715975833857613,-2.634101673964949,5.0374959094208123,-9.4470543864991612,-3.3177753211099912,6.12927906538917,0.48964740641284266,-3.5679743839722846,-4.0576217903851273,-1.7397796979564646,-3.2691655464214762,-1.5293858484650116,-8.3432258262396601,-2.2285447986395184,6.1146810276001418,80.445365190505981,72.592473894357681,7.8528912961483002,72.251042723655701,8.1943224668502808,99.197989759642951,63.783596694469452,335.35587279126048,193.56793873221721,149.14862852265219,143.06837349446485,160.41820258442192,165.92579029109675,186.15713164734223,196.12326609104105,225.84497587786433,230.04440594611324,247.91166193965523,254.59120312527625,3.399088740347878,-3.3566962512770715,0.33882132926356689,3.6955175805406384,4.9463012011626404,-0.92209080087008033,-5.8683920020327207,8.8924098991239191,-1.5993363541005579,-10.491746253224477,2.3762156626414992,-0.92923341420589622,-3.3054490768473954,3.1743819956270443,-0.94373894150049864,-4.1181209371275429,-3.9647786035921229,-6.9091164780470535,-5.0973406343167085,-4.3149013321086898,-9.6037961410705464,-14.393355587661802,-0.14825902288168891,-8.4027624927110764,-3.0363876693234886,-4.1159953605979638,-10.386250336527439,-11.517607821866704,0.30786023894637421,0.42671787284785173,0.47801708953678146
1407,2008,118.57554239547051,43.975201154044406,3,10,22.288904189392088,-4.81817626953125,148.47499635564964,127.06101333322658,21.413983022423054,126.12997158731741,22.345024768332223,170.39501501618724,152.5668632685738,491.40278076007962,199.72635748026451,149.65879709745005,145.95643092727158,168.89509796692744,172.06885276945923,199.69724481355013,202.71487117673027,229.20766108448203,231.32221534998402,251.15902544033059,252.13608063283462,-0.54904639766201058,-4.2216470824575367,-1.1457323186779718,3.075914763779565,1.2471147015466784,-2.1560459604426114,-3.4031606619892898,0.47020817656550662,-2.7569934253610029,-3.2272016019265095,-0.61997085411522335,-2.5570367343670739,-1.9370658802518506,-0.87402912569470459,-1.8294557529119118,-0.95542662721720717,83.953475602855178,76.152494336383825,7.8009812664713536,75.813321894434921,8.1401537084202573,95.345497922651703,106.54599111310017,217.36654850043124,204.52575409960903,153.46810883270044,159.23219190117621,176.92015175594662,182.99976115006106,205.41903075197425,208.45169120921463,231.87081316679593,231.95180217272741,254.29243833399326,249.29326886264249,-1.319860510794058,3.2337325097170151,-3.3787351095431291,-6.6124676192601441,3.0463399510655904,-3.9941363627410738,-7.0404763138066642,-0.7518682247164179,-3.9616005705106545,-3.2097323457942366,-3.4625342598562554,-3.8255294722072506,-0.36299521235099519,-8.7167158764031285,-3.3312226669057168,5.3854932094974117,64.521520812399103,50.90851738751735,13.613003424881754,50.316648961370447,14.204871851028656,75.049517041381478,46.020872036264336,274.03623222187161,191.72310137941307,147.78509803085095,136.82235074862339,159.3697446310471,155.41355960013692,184.53626256308263,190.58974026535435,225.14906403710017,229.8629268885048,249.03817863192478,255.8267717776645,1.497711349609034,-9.6808579275377724,-1.2264309661512698,8.4544269613865026,-1.773155941183262,-0.025169153493834528,1.7479867876894275,4.9959186967316214,-0.17333114515469106,-5.1692498418863124,3.0206018650332851,0.24745576860553342,-2.7731460964277517,3.7225732662099915,-3.8978126326583151e-06,-3.7225771640226242,-0.7708141131320474,-2.8175718604030919,7.4553795921745518,12.914590437254788,1.7992252495189121,4.8194958922488524,-1.2220764012819245,-5.7477869214480393,-2.8425634057410321,-6.4831361248895405,-7.8426867507084239,-12.43928914261312,0.44233886540938672,0.55955567663522343,0.69835604423183317
1408,2008,118.82554353904098,43.975201154044406,3,10,22.288904189392088,-2,149.35073153644043,136.19731987761043,13.153411658830009,135.6254347455033,13.725296790937136,166.89579232006508,147.49678675119867,492.78502292558551,199.47133706676343,149.14439175753174,146.15834170620431,167.90623370728207,171.80692807230847,200.8816919657948,201.80728720301667,228.65336388550136,230.12443700773869,250.54835688533237,251.02385914739494,0.16764441317357637,-3.0335808574379826,-0.60431487181972443,2.4292659856182581,2.782824978496393,-1.0658424269293505,-3.8486674054257435,-0.04240758120269561,-1.2718637091400637,-1.2294561279373681,0.48408882159418454,-1.0716129011435385,-1.555701722737723,-0.33331514615304059,-0.82071487193243797,-0.48739972577939739,84.365596666269994,74.686196613012726,9.6794000532572682,74.265353941893409,10.100242724376585,91.858317285114026,101.1364299557099,206.33596455166116,204.16898076327342,153.7316151940685,157.70537079434004,178.02794881218099,182.9094770297304,205.77743449723965,207.60098503384083,229.34188099278964,229.94742007690061,250.21748706853367,247.04904196198615,-0.21452252679699768,4.0278176733432645,-1.3374283449343523,-5.3652460182776167,4.2138730447996409,-1.5905288783638127,-5.8044019231634536,0.3303590697206289,-1.7080227768363159,-2.0383818465569448,-0.68674292462381459,-1.6452981667495123,-0.95855524212569776,-5.4457312700935177,-1.5078896954913432,3.9378415746021744,64.985135063885537,61.511124435828606,3.4740106280569307,61.360080583071976,3.6250544808135601,75.037475124358025,46.360356750785286,286.44905837997794,192.0031595178379,144.32033503071676,137.11723623270149,158.86801712629952,158.55207112495884,184.47628105247088,190.84187179957971,227.10539406479438,230.56903225279765,250.68489063815684,255.65281182474976,1.5455215120725256,-3.9404730403539077,-0.1144791549783406,3.8259938853755671,0.75561000289877711,0.047058450200665902,-0.70855155269811121,4.4175111350213854,-0.45151589478658138,-4.8690270298079668,1.0017842070136851,-0.10059630863597135,-1.1023805156496564,1.7111499947324376,-0.081249047490757675,-1.7923990422231952,-0.38216693997057405,-1.7600440388695233,7.061398530781247,7.9682907136971721,1.4310480663032479,3.4582630419008638,0.37276665092332451,-4.0871520653007565,-1.1708317462179991,-1.6885271316374997,-5.1124161239404771,-7.1568812648259552,0.41871395223555635,0.55039324843464221,0.6856856490461003
1409,2008,119.07554468261144,43.975201154044406,3,10,22.288904189392088,3.7083282470703125,158.88062668146085,151.69980953650884,7.180817144952016,151.38759971619947,7.4930269652613788,174.81706285302334,119.73909461198855,484.34347311407328,204.69323805964848,156.72507058233089,155.72725014693066,174.25255345805149,176.03521879014917,205.22786253299211,203.22129307541098,233.15116075898095,230.29807018992258,253.30994411291084,251.76156036828718,0.37252611118810819,-0.39542873446507087,0.34036352870515429,0.73579226317022517,3.380570645833302,1.4658837798189097,-1.9146868660143923,0.025206222477152096,1.9884237886586504,1.9632175661814983,-0.88596421509819834,2.0374356036986399,2.9233998187968382,-0.26345072010118997,1.2755863235763343,1.5390370436775243,87.251246914871444,83.08291036094306,4.1683365539283841,82.901677647951146,4.3495692669202981,95.750923895967389,69.090987577430496,182.72997636161745,208.7716744975707,165.29520872385123,167.31335420027449,186.1461214153851,186.75808520148652,208.83214002828774,208.93370453779497,233.06429586681284,230.18715989281068,255.4984024868063,247.44853405545851,1.9069381510354049,4.5589959824737889,2.1774546038804772,-2.3815413785933117,3.3880027811588889,2.9127384071241806,-0.47526437403470823,3.4461324568669056,3.1707611485163625,-0.27537130835054313,-0.28036588731072243,3.0440194403909686,3.324385327701691,-6.3065405997138839,2.5820801658378514,8.8886207655517353,71.629379855996376,68.616898810486418,3.0124810455099578,68.485922428360027,3.1434574276363492,79.066138986858277,50.64810713886618,301.61349689215422,199.51032816407621,153.71050141878933,148.72753781899578,162.73103826415584,163.52122484491636,193.41999803908666,190.50902437903838,233.44706100728629,230.56730063937002,252.21296476573744,257.39929300185372,-2.089095330144886,-2.6845426992325656,-0.0085462642207403405,2.6759964350118253,2.6922388658027216,1.2295221447596987,-1.462716721043023,-2.5203304841197678,0.43235449870743992,2.9526849828272077,-4.1517395721586183,-0.39563011525098091,3.7561094569076374,2.0293334031061647,-0.14917882364159141,-2.1785122267477561,1.5344120398472967,3.9960334811802909,4.9544247169388598,7.2435386817063545,0.0074321353255868416,0.69576391535616722,3.4209262343897535,5.9664629409866734,0.60559832778747591,3.8713736848478959,-6.0430898796126939,-8.3358740028200486,0.37727353934752128,0.54772069918866872,0.57701277766729453
1410,2008,119.32554582618189,43.975201154044406,3,10,22.288904189392088,-6.2608642578125,125.27333808612821,127.47460059870718,-2.2012625125789782,127.57030855155608,-2.2969704654278758,171.26188752267262,115.40160222481427,492.03531520813704,203.86158686297949,156.15592325958738,158.02646734052783,174.21152064986802,179.31181580018693,204.01746115143868,208.05601988048534,232.45041981002106,235.31373045060568,252.71406326139135,254.68640835032662,0.94448987771730231,0.8721156468654101,-1.3672853642099483,-2.2394010110753584,2.7917102156879139,-2.2884688022151067,-5.0801790179030206,0.90014978476690999,-3.1108980078129775,-4.0110477925798875,-0.37579792051863592,-3.0158419615004561,-2.6400440409818202,-0.18512660780410783,-2.0849549632167736,-1.8998283554126658,62.423524522437219,61.654345632616241,0.76917888982097793,61.620902894459505,0.80262162797771452,72.230178983238147,68.505977526674542,162.74719469225965,213.24208864549524,167.6073773270883,166.67720663592422,192.88549798095761,191.91545697714085,213.70087712241192,216.75352974621273,236.52787288815156,238.06556689318683,256.3759536799061,254.04835310445432,-2.9716233517908393,-0.79374308098329038,-1.4296737862722466,-0.63593070528895623,-4.2804301647886689,-3.8999451757846941,0.38048498900397476,-1.2912508293526344,-4.4329388020584872,-3.1416879727058529,-3.5753166475890055,-4.1789275922984643,-0.60361094470945886,-6.7328659944037383,-2.672708526238921,4.0601574681648174,62.849813943670597,65.820255826472021,-2.9704418828014241,65.949405418677998,-3.0995914750074007,99.031708867260022,46.895624817349017,329.28812101483345,194.81478436389276,153.32432799082287,153.48388933835957,162.07648764167968,170.89011520491536,186.89614856237125,197.02219880253389,225.36945231427458,230.50104159335098,250.21742964598769,255.4249478611068,4.4973030981949194,0.61924652964489724,-1.0474932322488542,-1.6667397618937514,6.6803433215059727,-2.6886806445234299,-9.3690239660294026,7.8652349965758788,-2.3911770705592517,-10.25641206713513,3.6143132677222525,-0.88274510852775734,-4.4970583762500098,0.87794276190672349,-1.6687172337304048,-2.5466599956371283,-3.9161132295081416,-7.4689264499857586,-1.6658587278487005,-1.4129896106281876,-7.0721403804765828,-10.960773486294642,-2.1914006141195443,-9.1564858259285131,-3.1995187270703696,-7.1896299153112579,-6.5477393865996305,-7.6108087563104618,0.33076323926752205,0.42175279058322829,0.59363107795694037
1411,2008,119.57554696975237,43.975201154044406,3,10,22.288904189392088,0.3333282470703125,130.59394365568005,139.27995360418208,-8.6860099485020328,139.65760594025778,-9.063662284577731,170.17123048065878,112.83039995165382,503.27947095036507,207.04125164680821,160.65051666889872,163.47659054955295,178.69315554917733,182.02504437423349,207.25502385622227,206.61159122447629,234.64495266862781,233.03739755710956,253.37912217607797,252.64082687752546,0.58566723355539807,3.1515150628153208,0.063153851063333377,-3.0883612117519874,3.3297262366232587,0.1286378289995298,-3.2010884076237289,-0.54352940548153583,0.1475023017032413,0.69103170718477713,-1.5492038027846036,0.16420740512162979,1.7134112079062334,-0.81598822520032854,0.12143953845409783,0.93742776365442637,70.991429830053676,89.035295008823596,-18.04386517876992,89.819812212150282,-18.828382382096606,76.983505757425519,72.876127180505136,183.15521533507854,215.8398576369238,171.03714931446797,169.84573323227428,195.13100358990226,188.4227462162531,216.63777617674458,210.58522949804907,239.27909282386557,233.21815866685503,256.82027764269219,250.54394673112105,-5.3274723391906775,-1.1449507262109648,0.15431429253735018,1.299265018748315,-6.3727778380817028,0.21056768089232492,6.5833455189740278,-5.8692348993581049,0.24418295569859083,6.1134178550566958,-5.9810492709386267,0.24025954474581113,6.2213088156844378,-6.9076018962196883,0.20756148239109962,7.115163378610788,59.60251364681244,50.244657601946528,9.3578560448659118,49.83779312212755,9.7647205246848898,93.187725021256483,39.95427289035797,320.12425671517849,197.13787106946722,156.78955250115885,158.93026976140021,163.86505667015646,171.51663192334976,189.40215063190823,196.55776350544474,225.90738745914177,232.54622391405977,249.96544036967035,256.47324608864261,5.5457970527693305,2.4257599762478037,-0.079414147521788436,-2.5051741237695921,8.0098499855994874,0.01070261093147451,-7.9991473746680128,7.8151555959507846,0.017950025015863957,-7.7972055709349206,6.5326888366883225,-0.052125237767512544,-6.584814074455835,3.577684368666894,-0.1066715681572532,-3.6843559368241472,-5.9131395727460756,-10.873269391960008,-4.2964657890262856,-3.5707107024587685,-9.7025040747049616,-14.38262782368119,-5.3257054938765691,-13.68439049530889,-4.4318454681540231,-12.513738107626949,-6.0916136710193598,-10.485286264886582,0.36392347772345729,0.45238848858282932,0.64589088766619185
1412,2008,119.82554811332282,43.975201154044406,3,10,22.288904189392088,-1.5,129.30136368372041,128.1223235825928,1.1790401011276117,128.07106006895265,1.2303036147677631,171.28407529689866,105.26363852011855,480.9100159406662,206.68427469087814,160.58663795728611,164.60481921825973,179.20509291115977,182.92576004905288,206.91683103448673,207.78897959077617,233.42105438790978,234.09485459112523,252.51426619713448,252.93638040383456,1.2094276887262652,4.1447844691323894,-0.38561017338454917,-4.5303946425169386,3.1711143284728962,-0.49509241133529258,-3.6662067398081888,0.21040767077766986,-0.65026728420093605,-0.86067495497860591,-0.17679546746728647,-0.74643515688643447,-0.569639689419148,-0.20447410695646795,-0.51596490764757164,-0.31149080069110369,69.886211409717362,68.805468522128649,1.0807428875887126,68.75847900273402,1.1277324069833412,77.345467529743473,64.08809508885679,174.45412393519655,215.63946659727901,174.38621060655723,173.4727312002239,198.17343559974452,193.22597760951157,214.79803241001545,215.33763945842327,236.63753584292721,237.21609600947025,256.53445929365148,253.48099540793078,-2.1679320884496747,-1.1488831902133825,-0.70968270519895782,0.43920048501442466,-5.1986591276461809,-1.0301279407648281,4.1685311868813528,-0.16921027856102455,-1.0576079938511214,-0.88839771529009681,-0.65053514124818435,-1.0472554067967792,-0.39672026554859485,-4.9492342845846053,-0.72401177439553521,4.2252225101890701,59.415152423014661,59.316855249213404,0.098297173801256577,59.312581272351053,0.10257115066360711,93.938608519663831,41.175543464789371,306.45589300245047,197.31024015525583,156.86974726632565,159.65838753135267,163.97719469153179,172.6438203710656,188.69528448090949,196.11540053132333,227.04970309894748,227.56825153132587,249.42736723316963,252.21246908872027,3.6612874548838761,3.348922285557677,0.43033601044231773,-2.9185862751153593,8.8988102473615243,-0.19924540218144671,-9.098055649542971,6.9239225495634003,-0.55846905524711588,-7.4823916048105161,0.64362036818565116,-0.031336267249940875,-0.67495663543559203,0.16570718619257718,-0.32070314126508492,-0.48641032745766211,-3.3773597771759398,-5.8292195433335507,-5.2936676593457719,-4.4978054757710595,-8.3697734561190771,-14.097469375007705,-0.37961794933869442,-7.0931328281244248,-0.47373967378089787,-1.2941555094338355,-4.7447601776281374,-5.1149414707771825,0.36275835011246754,0.45156251330239061,0.60883412344337628
1413,2008,120.07554925689328,43.975201154044406,3,10,22.288904189392088,-3.1666717529296875,126.2726933658123,133.36019459366798,-7.0875012278556824,133.66834938526154,-7.395656019449234,171.75740597549611,123.50530032037386,512.50037582963705,207.94119303255545,159.68740478495681,164.06971987009263,179.44402355765808,183.6983697598663,208.49176641438814,209.20057350360989,236.26615623453,236.27578754056171,254.80499663038924,255.25530794468278,0.39175780010546646,3.6441156966731967,-0.94943397615614344,-4.5935496728293401,2.8180406083358207,-1.3384381986258518,-4.1564788069616725,-0.95305418397941821,-1.5450244632139345,-0.59197027923451628,-1.7942460344108326,-1.6427339060897737,0.15151212832105898,-0.77787165075500297,-1.1169929838405608,-0.33912133308555781,82.562915533781052,84.413423240184784,-1.8505077064037323,84.493879020214081,-1.9309634864330292,92.629168638622104,93.753674252733617,218.15489760553464,217.24775049886642,175.40434606712557,174.80429492541018,195.77240139544168,194.66686930606548,216.87751206877653,216.45720198846743,241.37337862869401,238.65353337689299,257.95979008589183,254.88726911385555,-4.0392379337864952,-3.0516105806733833,-1.6391685433061411,1.4124420373672422,-3.2931528381882913,-2.3986123665916637,0.89454047159662764,-3.1940919653588651,-2.404511039968412,0.7895809253904531,-5.6206845616357839,-2.4101891275832941,3.2104954340524898,-5.8429738120163961,-1.9706618450088911,3.872311967007505,43.709778100252151,48.946774527430534,-5.2369964271783829,49.174469769001007,-5.4646916687488556,79.128237694501877,29.75162612724489,294.34547839313745,192.01003195462013,153.62082755028203,156.38086436949706,161.1933174827812,169.2934013042877,180.84839467581219,192.03003763705703,223.18369813172328,228.30926634455736,248.52739238821704,256.14428954108342,7.3450681558773283,3.7308613804882498,-0.5276656789589822,-4.258527059447232,7.5259958106938427,-1.0932526382222534,-8.6192484489160961,10.180136719966868,-0.010055645210428565,-10.190192365177296,6.4012871449397721,0.99406960310665227,-5.4072175418331199,5.523703735483025,0.86957088401044302,-4.6541328514725819,-4.4309957338919617,-11.384306089663824,-6.69572627734658,-6.7824719611616331,-6.111193446524112,-10.819148648882134,-2.2410377813794469,-13.374228685325733,-3.8264385272249513,-12.021971706575556,-5.0651021612613931,-11.366677547499421,0.42566778073554556,0.53930232651415977,0.75910648376657308
1414,2008,120.32555040046375,43.975201154044406,3,10,22.288904189392088,-1.0434722900390625,128.78911646615597,133.39141222785838,-4.6022957617024076,133.59150997522374,-4.8023935090677696,166.73449599742526,124.0094935024008,501.41855796426535,206.96618304613102,158.78827730636866,161.59012019275514,179.75409258394419,180.68418113547406,207.83786980672994,207.34036101497182,235.58673809019209,234.10516941155032,251.768402544369,253.27712396371874,0.10418208522781924,2.2478317006412567,-0.25068519167669479,-2.4985168923179515,0.73966842481144113,-0.45896811865080167,-1.1986365434622428,-1.12639708427443,-0.52149057901519313,0.60490650525923684,-2.008606818205692,-0.57773370924587653,1.4308731089598155,1.0897475611987204,-0.35163725229688225,-1.4413848134956027,66.528663196921116,67.405075951322942,-0.87641275440182653,67.443180470843799,-0.91451727392268367,75.632568772458399,70.197700999746303,179.06686860439368,213.32893759026274,170.01395155806665,168.76514826327517,193.53511344627745,191.19559185909495,213.0088405286771,214.08527614320812,233.84137079284989,236.19708831012161,254.03405594954572,252.40156025443042,-1.457757809536588,-1.9080635044053622,-0.19661193553110934,1.7114515688742529,-2.4097528368603207,-0.65407094996513138,1.7556818868951893,0.13815872848894628,-0.74149585135890561,-0.87965457984785189,1.4324683048517386,-0.78350839027578445,-2.215976695127523,-3.0334346013322033,-0.58863311045811884,2.4448014908740845,62.260453615686856,65.98633414631513,-3.7258805306282738,66.148329522520726,-3.8878759068338695,91.101927629160855,53.811792249334758,322.35168960690498,200.56318518848147,155.91413214808145,156.90495619376176,171.59521267022581,171.87573725901606,193.76976131343343,196.56683068535756,237.06087349913591,230.20716042865149,249.56902072931481,254.55365650228174,0.90847583120574882,1.728322115447952,-0.078750938275220506,-1.8070730537231725,0.4768986552693093,-0.36049187867476462,-0.83739053394407392,2.5373129686052209,-0.4772557986126742,-3.0145687672178951,-6.3901458853377733,-0.2873634268493106,6.1027824584884627,3.7880725216965061,-0.12354919450848456,-3.9116217162049907,-1.5619398947644072,-2.3662336407423368,-4.1558952050466189,-3.6363856198533142,-3.1494212616717618,-2.88665149212963,1.2645558127633763,-2.3991542401162747,3.4410751230574306,7.8226141901895119,-4.1231821625309237,-6.8215071230287094,0.35712054482266542,0.45361080393121728,0.56606715354729908
1416,2008,120.82555268760467,43.975201154044406,3,10,22.288904189392088,-7.1666717529296875,162.19420838356018,168.35215747356415,-6.1579490900039673,168.61989414691925,-6.4256857633590698,194.74391409441296,146.54870533943176,523.34259094297886,204.11576253701679,152.02686796490099,151.18302314258219,176.49471515442858,177.62519328612569,205.86970871937203,207.6962682063332,233.47916690775847,236.38609510005804,252.404498797809,256.70638160116272,-1.1048843640099619,-1.3991779434348359,-1.359733023642832,0.03944491979200393,-2.1284797930604213,-3.1324050752334074,-1.003925282172986,-2.4543760977146007,-4.2736586078627852,-1.8192825101481844,-1.2154289008261685,-4.045130513653362,-2.8297016128271935,1.4734046369150633,-2.6866944646725415,-4.1600991015876048,74.430609345436096,102.6384516954422,-28.207842350006104,103.86487966775894,-29.434270322322845,85.397863894943839,98.465867437422276,204.02478718542261,213.74102876301123,164.82856060997139,169.61110667508083,195.1286418793506,194.76435795364807,216.40969082203566,217.83371412165806,235.970090727875,239.97941152207312,257.45450941896655,256.63189619210652,-3.5731536565288877,0.93053540325084327,-3.4883592954502944,-4.4188946987011377,-5.8551152432864626,-5.6619162800363085,0.19319896325015407,-4.7762142860761116,-5.8801348991553937,-1.103920613079282,-1.9248793861139859,-5.8183822991072986,-3.8935029129933127,-6.2529977902051428,-4.8836798838833886,1.3693179063217542,87.763599514961243,65.713705748319626,22.049893766641617,64.75501474738121,23.008584767580032,109.34605026652434,48.082838021218777,319.31780352443457,192.87425939100615,145.58827148945952,140.00479302632024,161.71933022881313,157.64948411580386,187.22001747516384,183.15721797681346,226.4433304700068,220.00265574107058,248.19827085178616,256.88908743789244,-2.3181940753059109,-2.6094770897795456,-0.38967140321750549,2.2198056865620401,-5.9528149425772483,-1.5310500909452003,4.421764851632048,-6.5602576171739599,-2.1376194400571933,4.4226381771167667,-3.0877472902409409,3.6902100138122478,6.7779573040531886,8.5481320453341141,2.4957398640947304,-6.0523921812393837,-2.4682692925189258,-1.2549595812229768,2.3297133466856792,3.5400124930303889,-3.7266354502260413,0.097699699290785702,-2.3218381883615109,1.7840433310978483,-0.7094504852878174,1.162867904126955,-7.7264024271202061,-14.801129835539257,0.38984938492738169,0.43851364645748298,0.67189858285925186
1417,2008,121.07555383117514,43.975201154044406,3,10,22.288904189392088,-4.0833282470703125,157.94114478989286,161.74281033478837,-3.8016655448955134,161.9081006753695,-3.9669558854766365,190.08205785354039,147.07981923763873,538.76624923944473,203.63722097196327,152.01251600625517,149.2657271866556,175.25595810560378,172.27970416546518,204.55381124836563,203.16534232777667,233.86284612794256,233.66651770438128,253.34030958980341,254.51254793941357,-2.317537310305795,-3.0099575380807551,-0.86968291889132843,2.1402746191894266,-4.1348117454592455,-1.3857503999743699,2.7490613454848756,-3.344325753690498,-1.9806623261384004,1.3636634275520976,-2.0608213395919108,-1.8260224599623882,0.23479887962952262,-0.040795453382884261,-1.114353295848332,-1.0735578424654477,62.02878629845145,74.938664987237644,-12.909878688786193,75.49996428461418,-13.471177986162729,71.675207716840305,78.1590744748828,172.92614830366801,211.28418767631928,160.08586163274248,156.77506101172213,189.87706690683794,184.83494279779222,214.57243499010511,212.211985186395,233.68771676394752,237.11254343845047,258.00454246307061,254.47745076164597,-4.4017354385329952,-3.564176510582314,-1.1445059205342147,2.4196705900480993,-7.3973181419960952,-2.1342199712762522,5.263098170719843,-5.5640190072286373,-2.841383200428794,2.7226358067998433,-0.23498762419200148,-2.7966325356840969,-2.5616449114920954,-6.5606611336823732,-1.9437584199970388,4.6169027136853344,95.912358670255344,86.804146281354406,9.1082123889009381,86.408136514932266,9.5042221553230775,118.4068503602175,68.920745030976832,365.84010162949562,197.52078219017875,147.64764268782201,144.71263589081994,166.72530386186136,164.21547836513321,193.04554168201778,192.06056406425643,234.18283512911822,228.14931248310623,249.49569186823405,254.55377998823926,-1.8850020093152011,-1.6672764527786228,-0.60316592278522307,1.0641105299933997,-4.4381581924722582,-1.3359633223978165,3.1021948700744417,-2.0227447404468251,-1.1106075273419833,0.91213721310484175,-6.2913099036561562,-0.41621878070930052,5.8750911229468556,4.2774023268043493,-0.21793427375394003,-4.4953366005582893,-2.0841981282272002,-2.5167334292177941,-0.55421897250155894,-1.8969000578036912,-3.2625063965368497,-2.959159949523837,-2.2196932535381393,-3.5412742667818122,1.8258337153999094,6.0563222794641547,-6.519865680299489,-10.838063460486723,0.32096692869640797,0.37707508286798208,0.53140583718423118
1418,2008,121.3255549747456,43.975201154044406,3,10,22.288904189392088,6.75,177.64761236838604,185.66895020567245,-8.0213378372864099,186.01770558822682,-8.3700932198407827,192.3949251823833,144.46807596381586,550.80855301767588,205.66147121108361,155.25296017988157,152.90391353991998,177.90997753505025,172.91075421616864,206.51201781506091,201.04562195392111,235.48820294108111,229.74399323108156,253.53021315399386,252.05376374849402,-1.3121239671598914,-0.82838820291934212,0.92079829561427573,1.7491864985336179,-2.1604494886251473,2.7622153344303229,4.9226648230554702,-2.2587739953069956,3.3416223405776861,5.6003963358846818,-2.4182763911348673,3.3619860886726087,5.780262479807476,0.58711738182020667,2.1766744943189167,1.58955711249871,69.086573742426481,92.948960283592896,-23.862386541166416,93.986456997070491,-24.89988325464401,75.145131759441938,77.954498393524773,187.84374515310628,211.81579669044777,157.21350174605874,163.00972926106078,188.22577971523498,184.26940515114634,215.51453856719277,207.87861334293203,235.65955248931633,230.54077581471688,260.89149128747658,249.40751259104587,-1.1564671806829949,8.8257536077097427,2.2767760073152488,-6.5489776003944939,0.06349298374473733,4.7324484985475976,4.6689555148028603,-2.924519687004306,5.1556943639239705,8.0802140509282765,-0.87891987484033507,5.0998403641084735,5.9787602389488086,-8.4827999709234803,3.986619356593792,12.469419327517272,108.56103876503767,92.719991081886292,15.841047683151373,92.031249805600055,16.52978895943761,117.24979356201948,66.513577893148977,362.96480808407068,200.53408954785849,153.92394783223705,146.90865078271358,175.29250308485635,161.74917568583405,194.54957256216915,187.2841184907868,235.24855430805155,227.17352652600673,249.17126973748742,255.52765863721609,-4.7902553806523542,-3.7058819802553842,1.0178090879796002,4.7236910682349844,-12.767238816792542,2.4436365447030255,15.210875361495567,-5.6755501124429202,1.6269631987596824,7.3025133112026026,-8.2853596327386185,-0.27496912420531316,8.0103905085333054,5.2847025484235814,-0.11470713102528407,-5.3994096794488655,0.15565678647689651,3.6337881999693593,9.6541418106290848,12.531635587965127,2.2239424723698846,12.830731800537279,-0.66574569169731035,2.7510304254386142,1.5393565162945322,7.4064397578982835,-9.0699173527436869,-13.767502519347062,0.34103273110771437,0.39057751491213771,0.53959670933147619
1420,2008,121.82555726188653,43.975201154044406,3,10,22.288904189392088,-6.31817626953125,137.39122625608798,139.74525024322429,-2.3540239871363156,139.84759828601091,-2.4563720299229317,177.84002266292737,161.87880388039412,557.06861031800508,205.67513801015727,155.30157890523353,154.70681858388511,178.98970382921863,176.49629290227389,206.18117347436302,205.48562718543013,236.3866726267857,233.70418448598826,252.26367330982626,252.82243909028139,-2.9311223373835844,-0.83470499686063704,-1.0835105559240787,-0.24880555906344171,-4.6664172175087799,-2.0790231266454953,2.5873940908632846,-3.600449582700719,-2.83461918582924,0.76583039687147902,-5.2711097076928013,-2.5386272341685299,2.7324824735242714,-1.0938059274715215,-1.5997799769037613,-0.50597404943223978,44.037813773553353,61.456847426838067,-17.419033653284714,62.21419622466783,-18.176382451114478,57.13484265025545,66.878416872961679,157.39536147232866,207.61182312940053,157.89039626067799,166.44481589430976,183.68265241451451,192.33708841363932,210.56252810024108,217.53388419013348,229.88137454699455,239.46440836896537,255.42340054523123,254.76141464518773,2.3667545089955979,5.9345346802140568,-1.581769982224472,-7.5163046624385288,4.0018888121211944,-3.5332631977119888,-7.5351520098331832,1.4248531622326368,-4.2236444597080549,-5.6484976219406917,4.9670001475077754,-4.122052070534437,-9.0890522180422124,-4.1692539988679584,-2.7027201335265545,1.466533865341404,93.353412363325333,78.288401673060434,15.065010690264899,77.633400874668951,15.720011488656382,120.70518008531508,95.000386888223147,399.6732487604022,204.5617006252028,154.15990120754481,149.19507432523366,178.03960392850061,167.04102867810661,199.25791765335296,191.4086368006891,240.25628210476938,223.39868069085495,252.0587637145166,250.29341196467422,-10.066462183101777,-2.6270111687056499,0.15386538172623432,2.7808765504318842,-13.822579753030084,-1.8724378060076674,11.950141947022416,-10.089543496391741,-2.2264055521021646,7.8631379442895764,-18.562516721877728,-0.064855844429786202,18.497660877447942,-2.5741464112520873,-0.089943995807544752,2.4842024154445426,5.2978768463791823,12.433216692097375,6.7692396770746939,8.5615458489197067,8.6683060296299743,17.824468565151278,5.0253027449333558,11.514396658624378,10.238109855200577,23.529516869385503,-3.0754480713964369,-1.5951075876158711,0.28254214751478962,0.32127100410095605,0.41313881292559779
1421,2008,122.07555840545699,43.975201154044406,3,10,22.288904189392088,-1.875,156.21018977783024,158.54151049754,-2.3313207197097654,158.64287203731874,-2.4326822594885016,191.38356687448322,150.37526726402939,559.2951088026166,207.69123128634959,158.5428295469471,157.60804511963087,180.2714957510855,178.12774447457957,207.3419557721719,206.12920965740267,237.77129791493229,235.47713487053818,253.86177602975778,256.55785659827302,-1.4338080329687841,-0.82890595469251593,-0.088614069916815197,0.74029188477570074,-3.0233182609115943,-0.60486593088012341,2.4184523300314709,-2.088780659109915,-0.78951281136309603,1.2992678477468189,-2.9847358971404105,-0.70828492408315924,2.2764509730572513,2.2250655277507008,-0.4840124810098132,-2.709078008760514,58.240830195561102,85.741703073636018,-27.500872878074915,86.937393104395596,-28.696562908834494,64.96574496613448,69.782037938520261,162.14774332393426,215.05293951888137,168.99543673436054,171.03743062997791,194.19823891436459,191.37858785896779,216.32806012869352,214.64408614749027,234.46142754839309,237.84100204072661,262.00052035765975,256.01285839399657,-2.832607512674798,0.41188472318822278,-0.99154029078499661,-1.4034250139732194,-4.762749088766725,-1.4181854133147169,3.3445636754520081,-3.4348507080097761,-1.4207242824772948,2.0141264255324813,1.9174830103619058,-1.4316289689543851,-3.3491119793162909,-8.1854618917504922,-1.1454153950554655,7.0400464966950267,97.969359696511674,72.799806728517069,25.169552967994605,71.705479608442147,26.263880088069527,126.41782206356947,80.593229047353816,397.14736520498991,202.89934276668515,154.02917615417113,151.48271606325812,176.15152907843407,166.1428366561187,195.75941325292646,190.35416291447828,239.79935466626128,228.59482570132363,252.34213295755862,257.46755756008588,-4.8394763766398796,-0.8610776477899833,0.041661350700024968,0.90273899849000827,-10.548643139377674,-0.47970390699325094,10.068939232384423,-4.9862436306200379,0.29033783590048756,5.2765814665205255,-9.7735803296125425,0.93190192104341918,10.705482250655962,3.3234753901643046,1.6592065446640731,-1.6642688455002315,-1.3987994797060139,2.0068688639650816,1.2407906778807387,1.2729623709782061,-1.7394308278551307,5.7858940506109491,-1.3460700488998611,1.5513929226102618,4.9022189075023164,11.691063339974448,-10.410527419501193,-11.508937281914797,0.28991446692797479,0.33945309948550356,0.46405262785665896
1422,2008,122.57556069259792,43.975201154044406,3,10,22.288904189392088,-8.4166717529296875,146.7262978553772,145.94468921422958,0.78160864114761353,145.91070514917374,0.81559270620346069,191.11678667140404,143.94908462265448,551.08309673517942,208.33383902809069,161.072682412853,161.63566831123134,181.64051126301979,182.87902013084883,207.77157688177363,210.36091721836135,237.67165594498573,238.04086013656095,253.21760694029749,257.25322888675259,-1.4397730637452071,-0.7812719794287375,-1.4959181169633098,-0.71464613753457229,-2.6164255407705639,-3.7263679539736643,-1.1099424132031004,-1.7417532822578607,-4.3499504348669689,-2.6081971526091081,-3.5441851978832517,-3.953218588762212,-0.40903339087896029,1.571081402174741,-2.4469180423146497,-4.0179994444893907,62.005438432097435,93.373862147331238,-31.368423715233803,94.737706303596497,-32.732267871499062,74.973179887509104,72.254070555469298,174.34573401929811,213.67362303306814,168.60881685449496,173.57154957757103,192.77161102414397,194.30611080222573,214.88327051977882,217.83761003368795,233.00991150553932,241.36963151797511,258.32844064420863,257.86137800077796,-2.3790224432723335,0.30990672049375689,-3.9543038857776764,-4.2642106062714333,-4.5148889543961275,-5.688824409519043,-1.1739354551229155,-3.2481383885200898,-5.9503002251013299,-2.7021618365812401,2.2448667600506553,-5.9473824877452444,-8.1922492477958997,-5.2321661917630706,-4.2919901520957353,0.94017603966733532,84.720859825611115,52.570825710892677,32.150034114718437,51.172998934984207,33.547860890626907,116.14360694780771,71.695013560545704,376.73736226558685,204.14853502715542,155.7809526822393,153.89276671653056,177.12522204153268,169.9762059665174,196.98635601238189,193.84444319796955,240.96923729028518,228.47755940965794,252.26378402993194,255.87241455516738,-5.1593177029249375,-1.0343766104497263,-0.58398565679823378,0.45039095365149251,-10.415184595911597,-2.8260259360504847,7.5891586598611127,-5.0454522447010959,-1.2994445781573631,3.7460076665437327,-11.290378644074877,0.91211973027913018,12.202498374354008,3.2846585391991425,2.1093418601510052,-1.1753166790481373,-0.93924937952712639,2.780295259652604,1.0911786999224944,1.3442833309434832,-1.8984634136255636,5.9002956415154699,-1.5063851062622291,1.797313856181006,5.789051957933907,13.535245404125533,-6.8032475939378116,-8.5168247309622132,0.3163692282564769,0.39228987256056147,0.5019418549612511
1435,2008,126.82558013329577,43.975201154044406,4,4,22.288904189392088,0.95833587646484375,219.59642690420151,215.88597917556763,3.7104477286338806,215.7246550321579,3.8717718720436096,239.24792579189852,186.31411554514125,554.66952295415103,195.30504475715463,135.26076260113632,130.42258752443686,162.64609737820467,156.32066083799037,194.9849299917496,190.61270914836976,229.16182445432912,226.52440637261259,255.27358266825581,253.41420667738029,-3.3507719158876625,-4.5558111919848727,0.31113128771596621,4.8669424797008389,-5.8248973260343462,0.4574955325307144,6.2823928585650606,-3.8216886345836372,0.52678230674334259,4.3484709413269798,-2.1777278819041896,0.50547646786361611,2.6832043497678058,-1.6718685677013525,0.2759556707648585,1.947824238466211,141.0172271952033,145.20253366231918,-4.1853064671158791,145.38450139760971,-4.3672742024064064,148.50824308066922,143.25344905680686,301.35505796787038,200.72400134577788,150.60835546478427,141.69777142247389,168.85106632603672,165.13789493568535,202.98620368867955,195.6382843625791,229.87127654283617,227.47557450297685,253.08173651967223,250.9612699091297,-3.9590157865943354,-7.5110234969061764,0.75609688044170298,8.2671203773478794,-2.7840139567015285,0.80507427086232042,3.5890882275638489,-6.7414211764118193,0.81155477136280751,7.5529759477746268,-2.1310694549129039,0.76248313018979275,2.8935525851026966,-1.7954602702163527,0.65746283245272252,2.4529231026690752,78.579199612140656,70.683447390794754,7.8957522213459015,70.340153485536575,8.2390461266040802,90.739682472810728,43.060666525587294,253.31446504406631,183.48860375566292,122.44182988955987,118.21082835145992,141.53431852897208,137.23425742083103,179.70402443320199,177.35027162639474,224.05000073029697,223.91152396982346,259.34957653764474,259.31912529678669,-0.41684015576583988,-2.6225290278919289,0.05758089449913939,2.6801099223910683,-3.2767143400856753,-0.02898312671709391,3.2477312133685814,-2.3972886380427383,-0.11156936262244699,2.2857192754202913,0.19074094551197618,-0.0024548030386029041,-0.19319574855057908,-0.84847492484323084,-0.31101573247462966,0.53745919236860118,-0.60824387070667285,-3.5421756308284955,-2.9552123049213037,-4.8884944690142476,3.0408833693328177,0.49270038338414679,-2.9197325418281821,-4.344132538369081,0.046658426991285751,-2.3218104004248801,-0.12359170251500018,-0.94698534537312185,0.54330559999558581,0.62072949050285164,0.76888135199878938
1436,2008,127.07558127686625,43.975201154044406,4,4,22.288904189392088,6.3636398315429688,201.47297702799915,193.99645387448254,7.4765231535166095,193.67138425248049,7.8015927755186567,213.1626441602366,212.84304876516762,563.01154145225883,193.22604229198058,132.856346594907,128.39033965645967,160.93906657652909,151.8897828447638,191.5227738034381,185.97840349665282,227.60845753725479,221.91897749428634,253.10540591986677,249.19278833935491,-2.8939467457203136,-2.9811426355798574,1.5877841628640397,4.568926798443897,-5.8183226430482193,3.1177806924407037,8.936103335488923,-2.1563391096562725,3.3909585061327618,5.5472976157890344,-2.2166127366898252,3.3901172253414416,5.6067299620312667,-1.6561943762930582,2.2514863356496448,3.9076807119427031,116.89431510606119,120.84965017184732,-3.9553350657861301,121.02162211273753,-4.1273070066763466,121.95706846332723,154.46273920812928,283.53751669608755,199.78588182312836,151.59130931785359,136.77851714718193,168.27711867254115,157.7824565216616,201.79497288571415,188.90043304817871,229.23319106489828,221.08821278424355,251.68333797517295,244.29378234694943,-4.8184875337811377,-8.7422920718326509,5.3641940061160085,14.106486077948659,-4.9437705614065237,5.5261704592178376,10.469941020624361,-7.6507269341212805,5.4901252995979917,13.140852233719272,-2.8091752051405763,5.4258707344317827,8.235045939572359,-2.5161608848166566,5.1817631687167989,7.6979240535334554,84.578662219961188,73.146801388892527,11.431860831068661,72.64976357838259,11.928898641578598,91.205575965130265,58.380309513499014,279.4740251712501,181.10411253366624,122.13368901812674,117.71327190781055,137.84935508212899,138.93682934240471,174.65721211188784,179.12108277291796,219.44652973919506,224.26892174247772,256.6945602034516,259.77785478624537,1.3935818202286043,-3.684998254392255,0.16664900934976856,3.8516472637420236,0.25045069327094893,-1.6708905404000802,-1.9213412336710292,3.4233982492283701,-0.79265180202523311,-4.2160500512536032,3.6830243211968252,-1.4941268966648522,-5.1771512178616774,-0.79076531495641689,-3.3561284675485012,-2.5653631525920844,-1.9245407880608241,-6.212069354009742,-5.7611494362527935,-5.0572938174403959,0.87455208164169562,-5.1942212546774726,-5.494387824465008,-11.074125183349651,-0.59256246845075111,-6.4921995263374015,-0.85996650852359835,-1.7253955698602397,0.50360871104829819,0.57213152400028788,0.7257119276587225
1437,2008,127.57558356400716,43.975201154044406,4,4,22.288904189392088,1.9583358764648438,211.15764238355951,210.30416747102208,0.85347491253742191,210.26705940657121,0.89058297698829847,231.72141350826587,174.0316720414321,527.04451164230704,194.01757009104281,134.14820454536539,131.20546028314848,161.68340426385279,156.24942380474405,193.74910525296019,189.71808834048016,227.72473464424485,224.01702695895449,252.39967491916244,249.79980127610224,-2.8286977646584148,-2.3621259402912358,0.37556066250448339,2.7376866027957192,-4.6083036260758945,0.83180247275839747,5.440106098834292,-2.8681118928745377,1.1065407323740999,3.9746526252486376,-2.6590736234092276,1.0114827373537878,3.6705563607630154,-1.7705660916408874,0.78842275399466644,2.5589888456355538,134.96654946253238,139.82920708307211,-4.8626576205397214,140.04062812684424,-5.0740786643118554,139.65997063225177,126.14566615700187,276.02816183306277,199.07322229725418,152.08965808244304,141.01364623190406,169.2165090037235,163.24619132458562,200.5931757843673,193.23709171078636,227.98379881020475,224.5140970652127,248.30268098789458,247.48837490872384,-3.7826223875874234,-9.6664229678941069,1.5278651169828095,11.194288084876916,-4.5699150662354384,1.6475693030753291,6.2174843693107675,-5.8293686801359001,1.6386290873900862,7.4679977675259863,-2.1055940928070811,1.6020500982564556,3.7076441910635367,0.76144315273000984,1.5367200968741201,0.7752769441441103,76.191093140819248,70.474959116386344,5.716134024432904,70.226431200253501,5.9646619405657475,92.061443222466096,47.886005809924427,251.01635001972318,184.41524511633045,122.31688410333527,120.31806899327948,138.71416859853753,140.94965099955624,179.82077788950889,180.57303132218416,226.75446395005696,222.9373283827081,261.57121099193733,255.75474762071033,-0.54654528483823128,-1.054357425849858,-0.14037978997802725,0.91397763587183078,2.2243742068889958,-0.92504988707770508,-3.1494240939667009,0.39298682687220321,-0.11243076393975571,-0.50541759081195892,-3.7949588686509799,-0.24300947541547657,3.5519493932355033,-7.5922564986340433,-1.2615392139769028,6.3307172846571405,-0.95392462292900859,-3.2360771027491921,-7.3042970276028711,-8.6120655420442489,0.038388559840456082,-6.7942892731244342,-2.9612567872613624,-6.2223555070081034,0.5534795306021465,1.6893647758438988,2.5320092443708972,8.3536996513640531,0.52372836778612875,0.60270636415425571,0.72484315456654402
1438,2008,127.82558470757763,43.975201154044406,4,4,22.288904189392088,5.6666641235351562,142.5529507811807,148.13973003443971,-5.5867792532590101,148.38263146922327,-5.829680688042572,159.18363483595203,267.57981201288203,566.01228706911206,194.45251776530284,136.19867871908539,131.59140280385668,163.13723966880949,154.20635651514857,194.36879709020889,186.64821449357285,227.73466149718394,221.78046223435098,251.36900093571904,247.39377020316385,-3.7106924607609812,-2.8455430906867036,1.4629019966535566,4.3084450873402602,-6.1800799894024294,2.6208264640252139,8.8009064534276433,-4.7398489149917395,2.9938067709220491,7.7336556859137886,-3.2654601701920569,2.7947359759878054,6.0601961461798624,-1.7244155829305612,2.2925004339207646,4.0169160168513258,95.832813577944762,101.5090336672547,-5.6762200893099362,101.75582835233217,-5.9230147743874113,99.706877917122256,190.92324340703635,309.04723968240432,198.58207979108323,149.09962000457534,135.18103731372921,168.27313701579553,156.00489784225809,199.37982310451449,187.09693520937387,228.68479434385139,221.90588948575319,249.46039435450353,246.21459096166424,-5.505735730016255,-9.5606230541040418,4.0468512819036846,13.607474336007726,-7.7995329841673424,4.391903051338204,12.191436035505546,-7.8443715349100103,4.4280830831790752,12.272454618089085,-3.4311696635384124,4.0246642610068477,7.4558339245452601,0.51294499359363499,3.7595754186666852,3.2466304250730502,46.720137292642903,46.630693012294614,0.089444280348288885,46.626802955107451,0.093334337535452505,59.476757034313778,76.656568710153806,256.9650475345552,185.63634360524938,122.33609620185216,124.98895173181896,142.77825049992347,149.32475210658416,186.66637368407243,185.40200967322571,224.93827802945432,221.52085232200187,256.82109201414119,250.45994592210116,0.5272916947956503,1.9845808152409461,-1.6699466355877348,-3.6545274508286809,5.410400933035703,-1.8885996792130015,-7.2990006122487046,-1.4128923232793511,-0.10115320787392079,1.3117391154054303,-2.7049257353260714,0.603236426318432,3.3081621616445034,-8.2660518511349608,-1.6446152133024441,6.6214366378325167,-1.7950432692552738,-6.0330274248119053,-6.7150799634173381,-11.545203869344988,-1.619452994764913,-13.209933917203045,-3.1045226199182707,-6.4314792116306592,-0.16570949334635543,-0.72624392821234096,2.2373605765241962,8.7789968447285958,0.54600800502528413,0.62636387226536183,0.71351886366466533
1440,2008,128.32558699471855,43.975201154044406,4,4,22.288904189392088,1.9473724365234375,121.66327391000232,122.40707117773127,-0.74379726772895083,122.43940915781423,-0.7761352478119079,145.15614183785328,247.450153024467,529.80916468054056,193.86226877012083,136.47218997781394,133.82205096718656,163.23679305322977,156.82127961975513,193.2630474589379,188.48270540852602,226.38158192333202,223.36060348232556,251.07947216396116,248.20751907639379,-2.9026882191488994,-1.895990354799352,0.57462199755551069,2.4706123523548627,-5.5952978345226256,0.95626701789058188,6.5515648524132075,-3.7014523049757599,1.0716910845135601,4.77314338948932,-2.1430124792485401,1.0013667954415268,3.1443792746900669,-2.1354184550795594,0.81977867023019257,2.955197125309752,85.04372835434333,83.426974273315864,1.6167540810274659,83.356678383468534,1.6870499708747957,88.331796126685731,184.55592808701113,292.67903224530164,198.52280873536071,153.92802542094404,139.81205928221891,169.21474733894362,160.29674911542901,196.60919454857756,190.11336147384228,227.22111788686769,224.17617606234711,249.51388208887099,247.81541415848446,-5.1272851587473269,-12.470618353694363,1.5502066833860511,14.020825037080414,-7.8664255069829778,1.5744934161469644,9.4409189231299422,-5.065255609476651,1.5338579689102119,6.5991135783868629,-2.2072395334527641,1.2488719271954096,3.4561114606481738,-0.60784654505346225,1.2156156781605034,1.8234622232139657,36.619545674868277,38.980097098912665,-2.3605514240443881,39.082730724152498,-2.4631850492842204,56.824345785673358,62.894224848048907,237.13013222813606,183.23898666223525,121.72528683896522,124.37829283235476,138.50847095337818,148.03350115179305,183.42259448758358,184.50872339998071,225.17966025517453,222.08444549459819,255.69553726007754,249.14311628552716,3.0273692976650182,4.1307984048667379,-0.13337093559147206,-4.2641693404582099,9.633547165306652,-0.29511739610947529,-9.9286645614161273,1.5248349085527764,0.28779207681441221,-1.2370428317383642,-2.9240806928805512,0.16706387463108285,3.091144567511634,-7.1242210467725897,-0.12482872637883702,6.9993923203937527,-2.2245969395984275,-8.1546544564123451,-10.574627998895011,-16.601416758561101,-2.2711276724603522,-17.49997267228963,-1.363803304500891,-6.5900905180294274,-0.064227054204224032,0.71684115942778703,1.5275719100260972,6.5163745017191275,0.55242349841528038,0.60852951179535197,0.74583072926514971
1441,2008,128.57558813828902,43.975201154044406,4,4,22.288904189392088,-3.5999984741210938,145.78696304568439,146.43540303913687,-0.64843999345248449,146.46359585635219,-0.67663281066779746,179.96594733513484,237.58562845730194,557.70731645822525,194.04155957003394,135.33702560102961,134.27290400028352,161.72838343327032,159.01928462855622,194.15715259601751,193.14090991748878,227.2347220148084,226.95072457680487,252.50120734701616,251.64311787201501,-2.5519568038006923,-2.0569930435657113,-1.1002992834174847,0.9566937601482266,-4.4928691822976532,-1.740054339589193,2.7528148427084602,-3.022554615226511,-2.0376474962074269,0.98490711901908412,-2.3009419127029958,-1.9689755912683893,0.33196632143460647,-2.3634846317142433,-1.4725446890587648,0.89093994265547849,108.88968701338308,102.49572943118619,6.3939575821968901,102.21773216639849,6.6719548469845904,118.15623478075941,169.44103772551171,304.25401964783669,197.49998930877567,146.63309145385679,142.36968024744223,168.264134968229,164.65483313384198,196.41416343197309,196.12103909895163,226.42885200103854,227.65115372527316,249.77219670287451,251.3114653323839,-3.6829513503016642,-6.7011124111340337,-2.5784127645194417,4.122699646614592,-6.6328491150774482,-2.7416608538274545,3.8911882612499937,-3.0156187703729529,-2.8005939745761168,0.21502479579683609,-1.5443486736843397,-2.537290861492238,-0.99294218780789834,-0.63086118925642154,-2.0757616513085111,-1.4449004620520896,36.897276091905951,43.939673822528675,-7.0423977306227243,44.245864512497974,-7.3485884205920229,61.809712762991694,68.144590552976297,253.45329674333334,186.38783091814753,121.89138633444891,123.40929582201846,141.65111117865354,144.75648681228287,187.41880308612431,185.09838588185099,231.38943921244709,225.00540204153998,259.19084731320089,252.39994262409647,0.15257043752225741,2.4143636330514084,-0.52291883260917871,-2.9372824656605871,4.1246460224921009,0.74659235930471368,-3.3780536631873872,-2.8246226929556997,-0.50499553250506324,2.3196271604506364,-6.7308154461355514,-0.27638500489018725,6.4544304412453641,-6.8511524717352756,0.052667785891742369,6.903820257627018,-1.1309945465009719,-3.8355217878239216,-4.6441193675683223,-9.1154760441854421,-2.139979932779795,-10.757495137569549,0.0069358448535581374,-0.19099607741725322,0.75659323901865605,5.1864667724512117,1.7326234424578217,6.2202912824788541,0.54554424994821937,0.65654773322603854,0.71317881820433027
1442,2008,128.82558928185949,43.975201154044406,4,4,22.288904189392088,-11.599998474121094,75.434950249175017,86.677175894117681,-11.242225644942664,87.165967371707666,-11.731017122532649,126.96447929547821,288.01753483535867,544.66530495136976,193.98047652448889,132.60888775460737,135.13445750277623,161.77486319856476,161.73391450308225,194.05551785090094,196.41680013175764,227.63368443368307,231.26359385689781,253.42808515763622,256.0635065201559,-2.9222981441095897,-0.58956436603483553,-3.2094302689681626,-2.6198659029333271,-5.7362139044519438,-5.6816776127035666,0.054536291748377153,-4.1962750711728631,-6.5521798574216632,-2.3559047862488001,-2.5314099309788674,-6.1347901866791688,-3.6033802557003014,-1.9791060051095997,-4.6207701312218035,-2.6416641261122038,46.918310043649399,57.048057388987218,-10.129747345337819,57.488482124088478,-10.570172080439079,58.313948677614462,206.41220929728297,278.26587232563179,201.17322357814905,155.70299927461363,147.54906965097908,171.9510298920238,170.28461948263936,199.94798218009134,201.26494205793094,229.80251664435741,233.2087099841703,253.45833598414239,256.84315960697427,-7.6649283495246436,-16.41519454657174,-8.4766907433320853,7.9385038032396551,-11.317806709669412,-9.2350300856780905,2.0827766239913217,-7.8057055057441005,-9.0248350564345117,-1.2191295506904112,-4.6719405493773536,-8.0070540490570465,-3.3351134996796929,-3.0672525360870395,-6.4008553894070133,-3.3336028533199737,28.516640309833747,29.629116955406062,-1.1124766455723147,29.677484758860373,-1.1608444490266265,68.65053085628233,81.605325515723962,266.39943277090788,181.30803660036119,121.02310519604502,123.8415666641048,134.49599531348019,145.15225140598682,177.43008810828812,186.05170598036699,223.80452971255133,227.4371355659091,253.31542070480063,254.57451565431637,5.5741947236226679,3.0581654292121385,-0.62842400205161653,-3.686589431263755,11.63087044279672,0.69568018052214597,-10.935190262274574,6.9459300583039578,-1.4668997001551816,-8.4128297584591394,1.2733488039887675,-2.4200035948686036,-3.6933523988573711,-0.19807434076039954,-1.2762044071626235,-1.078130066402224,-4.742630205415054,-13.239123073147312,-15.825630180536905,-19.473359975783879,-5.5815928052174684,-22.948677152466132,-3.6094304345712374,-14.751635564048058,-2.1405306183984862,-5.9452893533661211,-1.0881465309774399,-2.86917819532664,0.51089333173236851,0.4592934102608594,0.71666542599663496
1443,2008,129.32559156900041,43.975201154044406,4,4,22.288904189392088,-11.708328247070312,211.31271718638891,205.10056817500663,6.2121490113822802,204.83047393420202,6.4822432521868905,260.10554727106319,135.92232817146214,525.00699743255973,195.06298469753119,135.89136711830406,139.70124190088021,163.31964996519861,165.29287713492243,195.4250602759665,199.82044004827014,227.01731348782391,233.28228927879525,252.97957840646743,256.5140543550034,-1.7461774363101483,0.16003242140632779,-3.6831885765701315,-3.8432209979764593,-4.22451558499219,-6.2230021005802598,-1.9984865155880698,-2.5368693184935864,-6.953234726617552,-4.4163654081239656,-0.43787384742759627,-6.6664846045484012,-6.2286107571208049,-1.7234730737213226,-5.2025600937756451,-3.4790870200543225,163.29468374346834,149.65330946518043,13.641374278287913,149.06020860626995,14.234475137198388,173.18912584008649,106.35182041803,293.06429572173874,202.52719285217464,158.93667114303241,153.89888362220708,173.29479687982632,175.32415258102802,202.07447719396745,205.98154453520243,228.90681077200475,235.66709941899583,252.58141587981928,257.22285314521406,-5.9730419629446772,-13.804812706639837,-9.4296314452201386,4.3751812614196979,-7.5073140379241181,-9.6615604670069501,-2.154246429082832,-5.8431486727062918,-9.443432980610055,-3.6002843079037632,-1.9622904594115482,-8.6671503249266664,-6.7048598655151181,-3.0958309436543345,-7.5804543734333549,-4.4846234297790204,48.018033651536825,55.44725531981112,-7.4292216682742946,55.770266425650334,-7.7522327741135086,86.916421475945754,29.570507813036784,231.94270182959735,177.15065913934649,120.79961933440025,126.66539911413189,129.88983407839976,144.01067316208224,161.64404102971324,181.89957564479673,221.61354322271481,226.30690675993159,254.23530093997192,254.72120956222886,9.3643928456856713,5.2831468623595867,-1.6788601868858848,-6.9620070492454715,14.390327233011874,-0.57644821673935098,-14.966775449751225,20.168328290839185,0.32093945566009552,-19.847388835179089,4.0235952008110303,-0.52003268517353263,-4.5436278859845629,0.84875027608123332,0.85624460883204279,0.0074943327508094626,-4.2268645266345288,-15.337434808630348,-13.964845128046164,-19.087959568999423,-3.2827984529319281,-21.897641270935992,-3.3062793542127054,-26.011476963545476,-1.524416611983952,-5.9858856602225785,-1.3723578699330119,-3.9445812197355679,0.55821026606294821,0.6658417233201156,0.78244554701763358
1445,2008,129.82559385614132,43.975201154044406,4,4,22.288904189392088,3.3636398315429688,111.21731395956158,125.51740005306783,-14.300086093506252,126.1391425250149,-14.921828565453325,135.52882994058473,269.34986890578875,527.16334688663483,194.76326143357997,132.45350813863365,130.28957047284456,163.05276852350877,154.27054534283994,195.85266596673478,189.19597114294447,227.77051165734179,225.63237654945172,253.43427173977244,250.110623215998,-3.2025153289773698,-1.0760391613574427,0.91045631497451041,1.9864954763319531,-7.1278628085169089,1.5506834324876877,8.6785462410045966,-4.7404717454125205,1.7998207176268863,6.5402924630394068,-0.29293885052524615,1.7874576974051877,2.0803965479304338,-1.9008035164767421,1.4655097359308229,3.366313252407565,70.343570275235834,86.062762814115558,-15.719192538879724,86.74620605974269,-16.402635784506856,75.742792475905844,218.91516646872333,314.51692722202279,201.60119182854243,156.04302697111763,136.24935248666722,172.0930617745918,158.61124502226414,202.8408464927447,191.59046831612355,229.91847902292429,226.09448895737282,252.96542502194734,249.01357141464513,-6.9219148234444106,-16.782049132201934,2.2600306439959752,19.042079776197909,-11.226829214100917,2.5629645163247972,13.789793730425714,-8.5856846629446864,2.5419075366467609,11.127592199591447,-1.4614982722494005,2.5280811631837139,3.9895794354331144,-1.5370601146815659,2.3225011215093048,3.8595612361908707,40.873743654523423,39.454637268754595,1.4191063857688277,39.392936495074537,1.4808071594488865,59.786037479580045,50.434702466867748,212.64641968160868,176.48312093975466,120.16107363476286,121.54638991648274,129.15878476770357,141.90629094182387,163.31987998630311,181.80132161228931,214.37307260746712,224.26144308230067,254.4565580668762,253.45391261940341,7.9047134973686184,2.5851035024153788,0.18560689123920326,-2.3994966111761755,13.039036556573819,-0.90007755251627941,-13.939114109090099,18.080814000755169,-0.34201608660345073,-18.422830087358619,9.4208236139492953,0.15664992921631438,-9.264173684732981,-2.2561617099653972,-1.2244612750658916,1.0317004348995056,-3.7193994944670408,-14.826628320813029,-15.706009970844491,-19.367152634617312,-4.098966405584008,-24.265865770674736,-3.8452129175321659,-26.666498663699855,-1.1685594217241544,-10.882321886198696,0.36374340179517617,0.71910159528383133,0.59662138705113521,0.55886848952441459,0.81275393731598178
1446,2008,130.0755949997118,43.975201154044406,4,4,22.288904189392088,0.31578826904296875,124.11273056198479,135.87763626170272,-11.764905699717929,136.38914821587241,-12.27641765388762,152.86736830464997,266.75589160561503,547.76461730897427,193.29273297666839,132.75222366934912,131.10508497877223,161.93202993642882,154.53063348926995,193.66349203954314,189.177977234103,226.2749783524157,225.87235322928686,252.13197204846583,249.18576174802729,-3.0403304374624724,-1.2849059740198641,0.12710317486173039,1.4120091488815945,-7.0016509750917919,0.1542612891677777,7.1559122642595696,-4.1499705116036409,0.15112278668289036,4.3010932982865313,-0.31586022067719455,0.15409922717824998,0.46995944785544452,-2.8298577303577019,0.12483941322537362,2.9546971435830756,87.683218538815709,97.050453034808015,-9.3672344959923066,97.457724594147294,-9.7745060553315852,96.050978030899387,216.645386482498,342.7638271660544,198.70635534249493,149.05013831360444,136.75174435198477,169.20600709541083,158.41793546150541,197.66265548170338,191.71361360069466,228.73060273112259,227.11885960912539,251.85151389149905,249.1725362370575,-5.9860422832664142,-11.465374441465229,0.21045840295300877,11.675832844418238,-10.746957270341596,0.21694106978210925,10.963898340123706,-5.7861033526614847,0.22629559894866702,6.0123989516101517,-1.650880752292494,0.20317674427840871,1.8540574965709027,-2.7839824448822412,0.17492115404292008,2.9589035989251613,36.429512082773726,38.827176987227176,-2.3976649044534497,38.931423323701893,-2.5019112409281661,56.816390438129019,50.110505152919359,205.00079038739204,177.46116848864449,120.3736126316182,122.33883099872406,131.3059882035945,143.6266842802867,170.57787693753855,182.54333595584154,213.84245724897806,222.68538296623404,253.87571414327604,249.22400460046504,6.8638219686678212,3.056816494097788,0.068699440345810103,-2.9881170537519779,12.351929458845831,-0.03128879979311705,-12.383218258638948,11.829198975751524,0.0098076737015446724,-11.819391302049979,8.7059324500240223,-0.019430912900531894,-8.7253633629245542,-4.7796351184066452,-0.014428409944798659,4.7652067084618466,-2.9457118458039417,-12.849864251934235,-10.180468467445365,-14.522190935563017,-3.7453062952498044,-23.098886729187427,-1.6361328410578437,-17.615302328413009,-1.3350205316152994,-10.356813202316516,0.045875285475460714,1.995652673524404,0.62575021521098662,0.62832885197237787,0.81214845969661709
1447,2008,130.32559614328227,43.975201154044406,4,4,22.288904189392088,-3.2608642578125,99.764494299888611,112.21374845504761,-12.449254155158997,112.75501823425293,-12.990523934364319,135.86264003123506,268.63983017472128,539.33267230540514,195.27491409549131,135.61886509489824,134.50866089152618,163.21440626286108,157.92325264065909,195.78872598584354,192.74860498488979,228.13309320783742,228.95299395651526,253.35445336525248,252.46244251380472,-3.1202863278895734,-1.8670739162240295,-0.91389996147540842,0.9531739547486211,-6.7291200948843937,-1.4752367313200807,5.253883363564313,-4.5484971319351075,-1.5006977450689192,3.0477993868661883,-0.75394174562052285,-1.5554849778787627,-0.80154323225823987,-2.18360554164272,-1.2380032030492316,0.94560233859348841,69.620505318045616,81.349413871765137,-11.728908553719521,81.859365940093994,-12.238860622048378,76.681380829446425,219.01560442445225,322.98720271750426,202.03060074841653,155.87380965873109,140.83043779319314,173.02575603059967,162.2718749738651,203.03063327465298,195.59617216261199,230.23234492553382,230.36860027451175,252.74592885399576,252.78507322621186,-7.6788579182024534,-16.328154306851928,-2.160609511389282,14.167544795462646,-13.281665968299365,-2.2638213905271698,11.017844577772195,-9.5829419681319052,-2.2023631782556663,7.3805787898762389,-2.0214322395248132,-2.0118847305024872,0.0095475090223260395,-1.757273436120272,-1.7479897014859205,0.0092837346343515037,30.143988907337189,30.864332854747772,-0.7203439474105835,30.895652115345001,-0.7516632080078125,59.181259074481204,49.624225571455099,216.34546910226345,176.91521305648416,120.61351267939862,125.2184931113291,130.77878190388836,145.39445668893455,164.6293942233072,185.11725209891543,213.43386151543706,225.0397631898002,254.51217067235353,251.6604737171406,10.102981179231506,5.2382549585542222,-0.21798163604860576,-5.4562365946028279,16.23826660728588,0.87865932685579651,-15.359607280430083,20.323721898313408,-0.14618426546786623,-20.469906163781275,10.895488820676007,0.052239589612582904,-10.843249231063425,-2.884366779758551,0.052060967927900492,2.9364277476864515,-4.5585715903128801,-17.781839097433959,-14.461080390627899,-21.566409265406151,-6.5525458734149709,-29.519932575585244,-5.0344448361967977,-29.906663866445314,-1.2674904939042904,-12.916921060200821,0.42633210552244805,1.1270933436382791,0.59886452147777158,0.56440373020734202,0.81527599344447987
1448,2008,130.57559728685271,43.975201154044406,4,4,22.288904189392088,0.909088134765625,114.71390183534095,120.56100112989589,-5.8470992945549369,120.8152210954504,-6.1013192601094488,140.65612976791454,254.85115670101368,520.04990999400616,193.7690070717309,134.06599711803966,131.23995937643869,161.20530108707251,155.1765908287515,194.63689240734317,190.06130022928312,227.12842206450915,225.89661049028615,252.5414426577693,249.83976111578849,-2.7953901579962803,-2.3314964721782019,0.32155630972411586,2.6530527819023177,-5.5880182459107459,0.42895963291522321,6.0169778788259691,-4.0378530175857463,0.44411976898169314,4.4819727865674395,-0.99534010104406434,0.43114855549916342,1.4264886565432278,-2.3755533462467895,0.36402370671422091,2.7395770529610104,74.595039373918553,84.229909828369273,-9.63487045445072,84.6488168587166,-10.053777484798047,81.148842291713663,207.34480185170105,313.38291760650463,201.1130605963078,151.57283835486103,136.67695644178818,170.53653339543007,158.95426747710428,202.9210845398471,192.45113945929674,230.57743478798369,226.95399460875834,253.50225530634572,249.81697814975666,-7.5500237753038277,-13.582186864571668,0.54109076826455293,14.123277632836221,-11.279036529914066,0.59002968635246589,11.869066216266532,-9.689567104436577,0.59249445240337195,10.282061556839949,-3.5161105541619122,0.5919684882303784,4.1080790423922906,-3.5777657059445005,0.51483983244068554,4.092605538385186,40.11886252102704,36.331090439969557,3.7877720810574829,36.1664044372219,3.9524580838051406,59.507287379343325,47.506354879114951,206.66699254512787,173.97047754896607,120.40487691621429,122.65142415211086,132.24206406877317,144.75735929951162,161.64912204483167,183.55381841201935,203.53020010737561,222.93225688957298,244.48180031514656,249.9131332775226,11.393317849255112,3.6127094145479361,0.21407464552784461,-3.3986347690200915,13.335803539014677,-0.0099043551704482979,-13.345707894185125,21.499994732952899,0.25114011788289758,-21.248854615070002,18.769451685077513,-0.027130837732528335,-18.796582522810041,4.6707061552560845,-0.10714578966420163,-4.7778519449202861,-4.7546336173075474,-18.94334162455894,-11.250690392393466,-17.194896279119604,-5.6910182840033201,-24.614840068928743,-5.6517140868508307,-31.189561837389476,-2.5207704531178479,-22.285562239239425,-1.202212359697711,-8.248471861200585,0.60260161877562202,0.57693072051400029,0.81359176287731694
1449,2008,81.325372003471543,43.725200010473941,1,10,22.381216950042724,-5.2727279663085938,152.89885067976138,135.02023100035149,17.878619679409894,134.24289971182588,18.655950967935496,189.25953074619974,246.15447153937203,551.77461788058281,185.45153387762491,122.91853303813713,121.56475130194529,154.06396905115884,152.82689104030831,185.77797181538568,187.92802814187021,220.58433070188354,221.13328989174786,242.03849807823693,244.20659056342083,-1.3512216195650524,-0.7033030553237154,0.37538314468885403,1.0786862000125694,-2.9132812826535144,-1.4653801314344435,1.4479011512190709,-0.64511661657954278,-2.6081879788051197,-1.9630713622255769,-2.0128531451596814,-2.5071896270186187,-0.4943364818589373,0.25985996548965318,-1.9399168347643752,-2.1997768002540283,121.24952593545459,97.135742631686298,24.113783303768287,96.087315702327032,25.162210233127553,127.53642971028603,222.80101470231602,361.08765775192296,194.50096639345497,146.20971344964559,144.83105378980792,165.38300182303837,169.14540653763703,194.48049542650102,197.2167532554665,223.35786726946074,225.31704494403226,243.6763682544412,245.64346705078643,-2.5900005502143131,-5.8416016504661741,-4.6550542131667214,1.1865474372994527,-1.3508813908233037,-4.7184496664517326,-3.3675682756284289,-1.7668873713585924,-4.4847820785426507,-2.7178947071840582,-2.2562166974910838,-4.0400690101618864,-1.7838523126708026,-1.4706872443720727,-3.2340134456954672,-1.7633262013233946,31.649324541278474,37.884489866909462,-6.2351653256309874,38.155584375254875,-6.5062598339764008,61.723100987950602,23.353457015869935,190.68696011789143,148.18680271940994,107.96435627766364,104.64230240271353,113.44067647582089,115.71604651655777,125.64677104330147,145.10575256513474,179.76622970615222,192.48213327410667,223.99288753110901,236.75373435612821,13.022187683137219,-1.6771976984134795,0.35921397459242144,2.036411673005901,4.4281527988196814,1.8855572951751896,-2.5425955036444918,22.758078292442036,2.5065228645762545,-20.251555427865782,18.415504950873697,7.3045806126545756,-11.110924338219121,14.699100965459564,4.8625759565446174,-9.836525008914947,-1.2387789306492607,-15.612188233351532,-5.1382985951424587,-4.1644039520526945,1.5623998918302107,-5.7790341896429851,-1.1217707547790496,-24.524965663800629,-0.24336355233140239,-20.67172164836478,-1.7305472098617258,-16.169788209831637,0.65441150435461126,0.67387057976654585,0.90512682263697719
1453,2008,82.575377721323861,43.725200010473941,1,10,22.381216950042724,-5.5,125.90001338595903,113.62467369083606,12.275339695122966,113.09096523568587,12.809048150273156,162.31400644654786,221.37075294228998,483.65414692368358,176.68388593889145,114.84919173628084,115.42788524577598,143.22217273422615,144.56390804918522,177.52060080141283,180.93203991687002,211.60818721663355,213.52734056832679,235.12034179264288,236.63593812103525,-0.33218217836713393,-0.89424830743702444,-1.4662326546335436,-0.57198434719651914,-0.67700616025874183,-1.9467939650891992,-1.2697878048304574,0.47448667383434895,-2.8579766574451071,-3.332463331279456,-0.74952437631489488,-2.6403952754280624,-1.8908708991131675,-0.30435160831692087,-1.7840955690114413,-1.4797439606945204,75.394976298986876,58.168630306205159,17.226345992781717,57.419659501298156,17.97531679768872,76.052764538406336,180.24820934741183,268.53634615393821,189.97438459106539,144.31166619539431,149.53297900466643,163.60633010303704,169.77059134149965,189.61804503716962,194.8618619591177,215.98062384689663,220.25679182371107,237.46657207476034,239.32985497840332,0.093119924104883012,0.33835481594735484,-5.0543961257705519,-5.3927509417179067,0.99599453292969997,-4.8615935921649509,-5.8575881250946509,0.5090814781608799,-4.4538271177411275,-4.9629085959020074,0.14321400183115429,-3.6606027275529414,-3.8038167293840957,-1.3701365622566186,-2.4943940217154079,-1.1242574594587893,50.505037139126216,55.456042631292803,-4.9510054921665869,55.67130529397582,-5.1662681548496039,86.261241863438045,41.122543579976991,215.11780045274645,149.94290212350643,100.49496977664165,102.87121629705612,112.18354941988314,116.1408911841249,132.21581233213109,143.6104646321001,182.10605716340112,189.23357974324585,227.084102581813,229.30079410705133,4.7854005619597899,0.91978850559405601,-1.5282231003344151,-2.4480116059284711,2.3180469479315491,-1.8140715000213561,-4.1321184479529052,11.822073997492794,-0.91859299738425193,-12.740666994877046,8.965595414613631,1.2590179361840228,-7.7065774784296082,-0.14250317875408314,0.35798670940988586,0.500489888163969,0.42530210247201694,-4.6922806378549069,1.2326031233843793,-0.58143368964670117,1.6730006931884418,-1.3220524150018491,0.034594804326530948,-11.312992519331914,0.89273837814604917,-8.8223814127824767,-1.0657849539396977,-1.2276333835025355,0.55522390919623588,0.46855330728005601,0.81423678128971921
1458,2008,84.075384582746636,43.725200010473941,1,10,22.381216950042724,1.6363601684570312,78.466502534007304,55.294641319502261,23.171861214505043,54.287168974871747,24.179333559135557,84.449026374644291,161.29500187985468,282.97429051389918,185.058676179158,139.52878141243104,141.71724213100836,158.64623942346893,164.57141006216196,184.57468017198585,189.63642140621681,211.12554019840186,215.22367150312019,232.09737575315967,234.44196598363092,4.8640023251440141,4.0243687683810094,0.86361695542666439,-3.160751812954345,7.2380617441837671,1.2193674301803981,-6.0186943140033691,6.2102526456876888,1.1833716232531799,-5.0268810224345088,5.1266334704418739,1.0257746699933534,-4.1008588004485205,2.938540872796608,0.78643364999035725,-2.1521072228062508,35.278862465856946,17.446305297293293,17.832557168563653,16.670976273177075,18.607886192679871,35.278862465856946,105.6626758978382,143.07908246293664,190.06383695724494,154.69344817886633,162.27633812292888,168.14576131976855,176.72034765555847,188.88671698453038,195.38336467531397,211.3582277278486,215.20023267854876,227.65103087606715,231.02987956522549,7.2523210656386254,9.9695563685956756,1.6258826589831017,-8.3436737096125739,10.21638022436079,1.5956107091345189,-8.6207695152262716,7.9841353247747122,1.5192838832960831,-6.4648514414786291,5.2937883295499546,1.4588780387599911,-3.8349102907899635,4.239455815441147,1.3508079312683776,-2.8886478841727694,43.187640038348036,37.848336930164805,5.3393031081832305,37.616192608224083,5.5714474301239534,49.170163878985022,55.632325862807193,139.89520805468783,178.32758550184465,130.70754539384504,127.87831391736793,142.34381270228207,147.41694548487521,172.53909265862575,175.08033657219511,210.79816341293048,215.27529313444879,238.40385655790536,239.23956338242158,2.4246872870974698,-1.9270261698882223,0.53457010148574113,2.4615962713739634,6.0775215737489816,0.8685546195123095,-5.2089669542366721,3.5736405159566971,0.62643128575632545,-2.9472092302003716,4.2450382181063446,0.08378950237820959,-4.161248715728135,0.46067153426156437,0.041325394910131763,-0.41934613935143261,2.3883187404946113,4.8276337785411556,5.9451876002146662,11.896582538483898,2.9783184801770233,4.1388586506118088,1.7738826790870235,4.4104948088180151,0.1671548591080807,1.04875011144361,1.300914942644539,3.7787842811795826,0.50562573088564333,0.41775333571458889,0.65508958533348816
1460,2008,86.075393731310342,43.725200010473941,1,10,22.381216950042724,-0.2916717529296875,103.78153592348099,87.753558337688446,16.027977585792542,87.056689918041229,16.724846005439758,121.68977787846052,141.93977797031403,327.56286182953045,184.02882252036054,135.65782581503538,137.65043371567694,154.05838427608555,158.87808228244478,184.23080074860707,187.39355866356453,213.29477785222102,215.78031193525044,235.04402597901202,236.8818815278463,3.0754527840696539,1.8651237457022205,-0.12871658592629842,-1.9938403316285189,4.6990057491040602,-0.15768822333680532,-4.8566939724408655,2.8391072481837512,-0.15812706583454883,-2.9972343140183,2.3632135937526186,-0.14512535932601622,-2.5083389530786349,1.7374687283586923,-0.071153705411944657,-1.8086224337706369,31.360141307115555,26.450013272464275,4.9101280346512794,26.236529495567083,5.1236118115484715,31.360141307115555,76.579690966755152,115.44268405996263,194.23362268189149,154.50700801945436,159.82363647657363,175.97343929115183,176.00783319344464,195.36414664378873,196.04116181106818,213.91052255466738,215.52934343205374,228.88340580318879,232.23197047098637,1.5164699640405104,5.6736240381075902,-0.2957862433153764,-5.9694102814229666,0.12192720574742566,-0.27326622295441894,-0.3951934287018446,-0.080431735155173101,-0.26715965588789459,-0.18672792073272149,1.1768937534205861,-0.24830898399494572,-1.4252027374155318,2.8586719735029931,-0.19931745965391201,-3.0579894331569051,72.42139458656311,61.303544491529465,11.117850095033646,60.820160776376724,11.601233810186386,90.329636541542641,65.360087126493454,212.1201777937822,176.95382496806718,129.09864343676628,130.60889897342395,143.37642655428698,148.0903055061851,168.13472381492195,177.14687668736084,211.76953170143361,216.08723058794922,237.98319818272699,239.59566473267864,4.765689165557518,1.5819121588702387,-0.068164443396739216,-1.6500766022669779,4.8523824891235563,-0.12352386673373417,-4.9759063558572905,8.989699644781922,-0.069805269578182561,-9.0595049143601045,4.3371264717402767,-0.022669778247518479,-4.3597962499877951,1.6962114246382782,-0.010700326457509846,-1.7069117510957881,-1.5589828200291436,-3.2492192015170076,3.8085002924053697,4.0917118792373515,-4.5770785433566346,-4.7304552833761306,-2.9195389833389243,-9.0701313799370951,-1.1863198403320325,-3.1602327183196905,1.1212032451443008,1.1624605488647148,0.35242909838796393,0.25770563356962461,0.53952240916405692
1461,2008,86.3253948748808,43.725200010473941,1,10,22.381216950042724,-1.590911865234375,101.22338433725236,86.9167322926005,14.306652044651855,86.294702586768835,14.92868175048352,120.03236139416458,140.69975326067652,333.73774341028184,183.8596966592583,133.79831635687793,133.17545839194656,153.09231303066016,155.17574810280172,181.5823160348985,185.32647514340906,213.60534912848584,216.27603416941284,238.52327030474768,239.49361694973683,1.2367143757726637,-1.1027455246074851,-0.52169516084873635,0.58105036375874874,1.3391657395775667,-0.78627506074843723,-2.1254408003260039,2.7674747512337206,-0.87564283275060006,-3.6431175839843206,1.8760892597454415,-0.77893329507037379,-2.6550225548158153,0.37984546836850086,-0.52821890953237016,-0.90806437790087102,43.726937442010239,28.473923291927349,15.25301415008289,27.81074940966937,15.91618803234087,43.929740487521485,69.587887117766513,122.26268528774381,188.81965661497517,152.58851859706067,157.87542270849198,166.18466872327755,172.9366983256642,187.11275772485411,194.40456174334642,208.90581895183237,216.79755143148387,229.86918068237478,237.02176270446904,5.4893270835963222,4.3294951443631646,-1.5076968146009051,-5.8371919589640697,5.7610620438844649,-1.4984278896786805,-7.2594899335631453,6.2279618127964227,-1.430651744937478,-7.6586135577339007,6.6584795085505846,-1.3077432703525744,-7.966222778903159,5.468630520716971,-1.0401679010509497,-6.5087984217679207,57.496446984649083,58.442806676092005,-0.94635969144292176,58.483952737853542,-0.98750575320445932,76.102621025852386,71.111866136136086,211.47505799960345,180.03505344370399,125.9643975563872,126.52645423165232,140.79897535265854,143.49913056586286,173.83134718855598,175.92431161416101,217.77294871120333,215.77529231438433,242.61896760874842,241.03875564386817,-0.60323890691293514,0.28647569752742186,-0.34305742730028044,-0.6295331248277023,2.1697626445951244,-0.49088314934331834,-2.6606457939384427,1.4136244335812478,-0.36197677690660157,-1.7756012104878494,-2.6683061603787621,-0.27142518141729965,2.3968809789614625,-2.3403349349517271,-0.2187261218695653,2.1216088130821618,4.2526127078236584,6.0925659905092573,5.4322406689706497,4.0430194468357428,4.4218963043068982,3.5912993992893405,3.4604870615627021,4.8143373792151749,4.7823902488051431,9.3267856689293467,5.0887850523484701,7.808965455668698,0.36634359673679368,0.36598247320374011,0.49458428678862004
1462,2008,86.575396018451272,43.725200010473941,1,10,22.381216950042724,-4.1428604125976562,103.99290085282337,98.867270637547335,5.1256302152760327,98.644416687773628,5.3484841650497401,129.70582200549211,163.13905232606703,380.80161313293502,176.09993087393707,121.67905014339827,121.67012492408934,142.62923787765024,145.71814255481823,174.0887099805891,177.80560118178639,209.56945944330008,210.48831822839185,233.84747341539119,234.34108330341536,0.23110459198846911,-1.4039498994074364,-1.545560547571327,-0.14161064816389057,1.1238155659954714,-1.8810181189496973,-3.0048336849451687,1.5210728153275568,-2.1812839383197229,-3.7023567536472797,-0.76544915555479065,-1.6266248279959541,-0.86117567244116344,-0.54405600839641011,-0.98620499854411037,-0.44214899014770026,50.145411966244865,34.118388497859996,16.027023468384868,33.421562121127863,16.723849845117002,50.514515993992973,100.74475835590783,161.42251769802533,184.63980484800658,144.20762533421532,152.90075152454358,159.80473898745731,169.19403077233054,182.16738613600745,191.39272350136594,206.65491072210449,215.83668747738841,228.73707233344615,235.58718277616526,5.2818641096119165,5.6651082883558672,-3.8600744492212868,-9.5251827375771541,6.1901020264552642,-3.7250175953421945,-9.9151196217974586,5.9732813499947213,-3.2790577951162163,-9.2523391451109376,6.8052078592380099,-2.4416368798634096,-9.2468447391014195,4.9968723221492155,-1.255654939071718,-6.2525272612209335,53.847488916380826,64.748881529448227,-10.901392613067401,65.222854402732992,-11.375365486352166,79.191306041301459,62.394294267473015,219.37909571779892,166.97657988613983,109.10283730220971,113.63722602615266,125.55587656181866,130.23742236030228,151.78574743369055,158.64580450464121,210.73202767049327,202.55333884411294,237.50457651510507,233.1697365285774,-1.4403921202847982,3.5210994658259409,-1.108832470188716,-4.6299319360146569,2.6614026075047406,-1.6492245041230262,-4.3106271116277668,5.0257066360575209,-1.1042999118243131,-6.130006547881834,-9.2656052777643083,-0.26306855492472891,9.0025367228395794,-6.1515106756576188,-0.57084993086755276,5.580660744790066,5.0507595176234474,6.7222562298967148,7.0690581877633036,2.1440088225299263,5.0662864604597928,3.5286994189505236,4.4522085346671645,0.94757471393720039,7.5706570147928005,16.070813137002318,5.5409283305456256,11.148382997806834,0.42390187470575114,0.38945449952010669,0.61753919076683528
1464,2008,87.825401736303576,43.725200010473941,1,10,22.381216950042724,0.66666412353515625,90.13614310680714,82.206614671456919,7.9295284353502211,81.861854248323652,8.2742888584834873,111.18147837786819,179.90162267005508,413.83002650830895,169.95144950702948,118.8267475029799,115.64648011466035,140.1569822769427,136.45952749176723,169.57208095019629,168.84559766525058,200.79238334211371,199.25017744320698,220.134663890322,221.62631592605175,-1.4259961103320222,-3.0007371537800793,0.16914817770701518,3.1698853314870945,-3.6842357175963514,0.20314680246909234,3.8873825200654437,-0.64460523254581403,0.23439767732273253,0.87900290986854657,-1.5143668961648018,0.20303436133281139,1.7174012574976132,1.4383521683090521,0.11189444327305864,-1.3264577250359935,12.04414555785479,6.603571279983953,5.4405742778708372,6.3670244876466313,5.6771210702081589,12.04414555785479,131.92813563480377,156.79722801479511,186.7339559898472,157.83232489812156,161.51646573839733,166.4431801884601,174.00520554733635,184.63225353599955,191.81372300171574,201.66420243886188,211.92745216061667,224.92078614596022,226.97374310806663,6.6597862442177984,4.931298234409411,0.60694251903001373,-4.3243557153793972,8.8667258980668748,0.54607533586616341,-8.3206505622007114,7.689705744919678,0.44921409891267672,-7.2404916460070012,10.225406045384574,0.17658446731138611,-10.048821578073188,1.484607201473267,0.033072846766231123,-1.4515343547070358,78.091997489347705,75.603044048457377,2.4889534408903273,75.494829794657562,2.5971676946901425,99.137332760408754,47.973486588216474,257.03279795590788,153.52698955599561,109.48328221615965,109.15635962615714,123.30759759081151,121.40172935628365,140.74724711202819,141.28834791576077,183.12190340733548,170.02165320386604,215.40584932206121,210.35737161679913,-3.9748888901380326,-0.061419781405334106,0.14350283674875186,0.20492261815408597,-1.2603158763772058,0.26439003743554679,1.5247059138127526,0.68674762256011945,0.32874337404248877,-0.35800424851763069,-12.594609009098377,0.125375565247964,12.719984574346341,-7.8841608590954877,0.083402125292963092,7.9675629843884508,8.0857823545498206,10.634675134355831,7.9320353881894903,4.9927180158147451,12.550961615663226,10.127041774444081,8.334310977465492,7.0029581223595585,11.739772941549376,22.820015054482951,0.046255033164214865,9.3687680605687547,0.37889282548627945,0.10832870486683779,0.73333488423705817
1465,2008,89.075407454155894,43.725200010473941,1,10,22.381216950042724,-2.9545440673828125,133.94585469985032,133.6493226820312,0.29653201781911775,133.63643028009392,0.30942441975639667,144.91677712503952,143.02844551915041,325.68194885086268,186.21962073331284,132.18276255764198,131.33299225532974,154.71279459960147,158.60291487250851,186.46172387259975,189.21409870219642,217.82036699568368,219.34097707822724,242.00784852617488,242.69485834445362,0.091025022668361544,-2.1461785572422798,-1.6162777969755666,0.52990076026671318,1.507497381604594,-2.0974193110503734,-3.6049166926549674,0.67145376316835836,-2.0719734224009301,-2.7434271855692884,-0.18556719758871054,-1.7567751945850034,-1.5712079969962929,-0.3652136416030487,-1.0392955489305677,-0.67408190732751905,70.771638229649398,57.216717392402643,13.554920837246755,56.62737264608586,14.144265583563538,70.771638229649398,86.312904989819572,164.75502799451351,192.91850353377731,156.58617596034782,162.56685401141442,167.98087649037191,177.84009009475025,190.02808058582241,199.15120574587041,215.46290211664868,222.16998189242236,234.15820531185264,241.88949288467455,5.0458454205726184,3.1282795420441118,-2.8459741269512904,-5.9742536689954022,7.2004874659405402,-2.7579889848820187,-9.9584764508225589,6.5276361205024784,-2.5788377344119056,-9.106473854914384,4.180546501985333,-2.2646100532067805,-6.4451565551921135,5.8121347510314934,-1.772748427473914,-7.5848831785054074,63.174216529805562,76.432606092683272,-13.25838956287771,77.009057398638106,-13.834840868832543,74.145138954994763,56.715540747090927,160.92692107986659,178.17831348094506,118.10602137011703,118.08838902231341,135.07528960989791,138.29777859741978,171.39741745331978,169.01641191776881,221.75594557836752,214.00356087561789,247.53475404611535,243.82972934133207,-4.1383556321772232,-1.1360244649688838,-1.4710179842358002,-0.33499351926691645,1.3166772766724648,-1.7286836803698975,-3.0453609570423623,-3.8623999836283076,-1.0128758440222896,2.849524139606018,-10.604650532997141,-0.41187492222681499,10.192775610770326,-5.3246386254937192,-0.48980117876106988,4.8348374467326494,4.9548203979042569,9.1842010527498417,5.2744580992863916,4.2643040070129956,5.6929900843359462,5.8838101892680754,5.8561823573341201,10.390036104130786,4.3661136995740435,14.785197034982474,6.1773483926345421,11.136773376525213,0.50587706372992336,0.48836055861623967,0.60346670675563585
1466,2008,89.325408597726351,43.725200010473941,1,10,22.381216950042724,-4.5714263916015625,141.92581266116395,136.91159454449371,5.0142181166702358,136.69358448584535,5.2322281753185962,168.01401243131477,195.93075491523268,431.39476317632943,179.24983763525415,125.1777712331819,124.11016626422244,148.56722474258274,151.26819365026762,180.12127331246705,183.31113075407254,211.41718970458044,213.10073611385704,233.13544000849225,234.10416504727087,-0.16192124291137588,-2.6320060650404713,-1.6677167028250892,0.96428936221538208,0.23196709010920813,-2.4646929309807604,-2.6966600210899685,0.28399534027030882,-2.7318885592036111,-3.0158838994739199,-0.73430457210028521,-2.4948467413546496,-1.7605421692543644,-0.59734099171069488,-1.6032542655458428,-1.0059132738351479,99.403293623596255,69.303492579667363,30.099801043928892,67.994806168528157,31.408487455068098,99.654207631021563,159.17750864329719,282.20342364604585,187.34213263890805,146.97286126377193,158.71603153170335,161.43670533774645,173.57066783886333,186.3241160616283,195.75972617085043,212.46772370234751,218.48464298376413,229.99938511365778,235.59860993125247,5.3274940202125265,7.599561258037653,-4.3505907557966736,-11.950152013834327,8.1053569344074106,-4.1561080530847505,-12.261464987492161,5.6455714476172432,-3.8090068450261185,-9.4545782926433617,2.746440639752791,-3.3187500194126187,-6.0651906591654097,3.0889053183487079,-2.1840557393241795,-5.2729610576728874,42.522518918358401,67.608101715231896,-25.085582796873496,68.698778975097412,-26.176260056739011,68.359804710886237,36.753246093121561,149.19133921060711,159.32326723316987,105.87645513821133,110.58283967540568,119.47804536286444,124.49266797150733,134.56693307540016,146.53160882857122,209.62055397207317,192.90712239256169,238.07493904690617,230.61342589328333,-1.880913421815734,3.6255988701477548,-1.5349857807164966,-5.1605846508642514,2.898295179853406,-1.974809707031369,-4.8731048868847751,10.231111883654592,-1.9008534308317451,-12.131965314486337,-18.880658296304233,1.3963055846515999,20.276963880955833,-12.441771573074448,-0.057993634948360295,12.383777938126087,5.4894152631239024,7.2084074420282604,10.231567323078124,3.9739623878898982,7.8733898442982024,5.2070617545540046,5.3615761073469344,-4.5855404360373484,3.4807452118530762,21.627098936057024,3.6862463100594027,15.530676891423155,0.65416515853878665,0.59313033591029118,0.81241716601440961
1468,2008,90.325413172008211,43.725200010473941,1,10,22.381216950042724,6.8571395874023438,118.6595482400553,109.52379648905116,9.1357517510041362,109.12658915099746,9.5329590890578402,130.95598541500294,132.94478269279534,414.16574803926051,171.92424270610016,121.00513461401582,120.70156696326822,142.48315293518272,141.01821982543549,173.1158948870229,170.77066799195671,202.59380701296485,199.38601474683165,220.06731709279444,219.6209472385616,-0.27423629323237719,0.0066516552638660187,-0.054772892322461075,-0.061424547586327094,-0.43886340937984869,0.99720256495069748,1.4360659743305462,-0.55100353761770293,2.1386193348270126,2.6896228724447155,-1.4120721610198927,1.9493875470195405,3.3614597080394333,0.72894715441196922,1.218210572746159,0.48926341833418974,73.713703967645415,57.576280887660687,16.137423079984728,56.874653086611943,16.839050881033472,73.753980815425166,94.371888190455138,202.90041695721447,178.93531552285037,141.91896478134495,133.22378599100853,155.96270177141929,150.48034229717942,178.84848185834545,175.31117826752379,199.51181024483594,200.73127533307621,218.06995725132731,219.02840972153354,0.68044939135555182,-3.0478687881641804,5.6065693266373273,8.6544381148015077,-0.38107673375310469,5.8026476675340746,6.1837244012871793,0.80427130779040112,4.8776400730055229,4.0733687652151218,4.6464915278455692,3.909698833521901,-0.73679269432366823,2.1345805966967646,1.9379243690048611,-0.1966562276919035,44.945843969730049,51.947515550300523,-7.0016715805704735,52.25193596007739,-7.3060919903473405,57.202004259645037,38.572894398032076,211.26533041335642,159.61681441022245,112.70086863826779,112.98043368552669,119.67100570222023,125.60992656548342,141.15186269233442,162.55914046639643,207.52240185162151,196.65946868708733,221.23817186106123,220.3172212558415,1.9323307490971615,1.0390825094923741,-0.11352296151082442,-1.1526054710031985,6.5625840721569233,-0.91725462733970176,-7.4798386994966251,15.436824516791347,-5.5353685344569499,-20.972193051248297,-12.915570104516604,-0.43556954089925171,12.480000563617352,-3.2285017129136975,0.35631371787675903,3.5848154307904565,0.95468568458792902,-1.2518813577416097,-3.0545204434280464,-4.0869512976565545,0.057786675626744,-6.943660805910028,1.3552748454081041,-14.632553209000946,6.0585636888654619,17.562061632362173,1.4056334422847954,5.3630823096104621,0.48990148972430403,0.56319671515354475,0.70985777913922921
1474,2008,114.82552524191357,43.725200010473941,3,10,22.381216950042724,1.736846923828125,104.58863193304205,102.75766353691506,1.8309683961269911,102.67805675328782,1.9105751797542325,115.28192060689253,107.12638854071338,370.84229967743158,206.21519728118557,159.87034493207085,150.92434139966795,178.88122754458581,173.9078338537137,208.16737050364907,200.6110090900151,233.98665490537277,227.38797003802179,251.89034417491834,250.47210554748153,-4.9417080920833598,-8.065159205742134,0.024447010784768963,8.0896062165269029,-4.4752141539261174,0.50617314042136741,4.9813872943474848,-6.7428939353193584,0.78603024998827209,7.5289241853076305,-6.2981622603296614,0.67164165320363622,6.9698039135332976,-1.98096911027028,0.16725333255263308,2.1482224428229131,42.835343671449664,46.312941448864876,-3.4775977774152125,46.46414142334379,-3.6287977518941261,50.05198198107837,36.613367138652393,103.76609105453826,203.76662223826469,152.4158924702833,151.02299113557831,182.88611980704417,175.43902336330856,206.29606461198685,201.34684274140082,224.54738675777867,224.55121234944622,255.9308677217262,243.97451643857389,-2.7054006981460645,0.27489332920694665,0.52934653488560457,0.25445320567865792,-5.9226053968936014,0.73827366908844283,6.6608790659820443,-3.5750094883160841,1.1846969135335428,4.7597064018496269,1.2143964359802339,1.2141542408140822,-0.00024219516615175962,-11.334209580934868,0.92421277941522817,12.258422360350096,61.75328865647316,56.444721993939311,5.308566662533849,56.213914889183798,5.5393737672893621,65.229939016773642,70.513021469116211,267.0762090086937,207.77849461656308,168.03187469711537,150.83551781946116,178.54740870966151,173.0200348330591,214.37110559654388,199.80034371407856,237.35340044153182,229.70783819388132,249.88147845758186,254.33457553881755,-6.3371206622571492,-14.750903877883246,-0.42937057027407377,14.321533307609172,-5.8665722483278557,0.30356475580842357,6.1701370041362793,-13.900168449643814,0.49255811032017505,14.39272655996399,-7.0189379350350976,0.39048542568221478,7.4094233607173123,1.3755154645936614,-0.25603187590161269,-1.6315473404952741,2.2363073939372953,3.6317199641110847,8.3400525349490806,15.025797207090193,-1.447391242967484,-0.056033148565745705,3.1678844470032743,10.32515896132773,7.5125586963098954,8.2333343710153315,-9.3532404706645877,-12.709725045528529,0.27981190696098246,0.43417026466581821,0.34177729350726205
1477,2008,115.57552867262496,43.725200010473941,3,10,22.381216950042724,-51.18182373046875,16.56967208070273,17.875801698108262,-1.3061296174055315,17.932589415089751,-1.3629173343870207,143.94476549910178,118.59484336323294,441.56623727083206,200.38518765722227,150.96894801404494,150.25042106234071,173.31904691554956,177.83752098897409,201.69301233285404,214.32305045288544,227.30874405942114,242.33800398146258,247.72281101203217,257.87999229736084,-2.697534952351873,-2.7722219699269601,-2.2586755274363099,0.51354644249065018,-3.2700611324824251,-7.4676548801091656,-4.1975937476267404,-4.0553572195683785,-16.420643657222854,-12.365286437654476,-2.6309807371035561,-17.464205093492041,-14.833224356388484,-1.3161985589590017,-10.973652061150091,-9.657453502191089,15.619082185454317,9.1652877628512215,6.4537944226030959,8.8846882366979116,6.7343939487564057,71.579656869238534,63.926196641656134,168.31389788087108,203.32989418602574,153.70893884437908,171.83064787706891,180.34075011387134,196.69814952299845,206.1097182871755,225.97582842193759,223.69558232447503,247.59106334540124,250.9039530502713,260.29302950765924,-5.0734865784459089,-2.6681529795803556,-22.121256974181932,-19.453103994601577,-8.9392544549597801,-24.906248319878557,-15.966993864918777,-6.6466768565558141,-26.148873906524216,-19.502197049968402,0.7600413958026877,-22.955168168239226,-23.715209564041913,-7.7492884566196096,-15.966051936617447,-8.2167634799978373,0.95058989524841309,8.7105134475823434,-7.7599235523339303,9.0479014709962939,-8.0973115757478809,72.365108540456276,54.668646412377711,273.25233894586563,197.24409362191696,150.30683064537058,143.17904350586326,169.95329235441514,164.50607159090549,192.10262377522622,201.01827445399746,229.16907726051477,235.59969888488519,244.69234683359136,255.50132963299328,-0.65049152468685634,-0.82010112070759078,3.3842295199283399,4.2043306406359306,-1.9868849197633836,4.4820935830458097,6.4689785028091933,2.2130806842239679,-5.1764281107454622,-7.38950879496943,-4.2328650980338978,-10.384223593647278,-6.1513584956133798,1.8041903986710679,-5.8344581900126116,-7.6386485886836795,-2.3759516260940359,-4.4229950537590526,0.10406899034660455,-1.8480518588727648,-5.669193322477355,-6.9523695351963966,-2.5913196369874356,-8.8597575407797819,3.3910221329062438,4.9929064938365855,-6.4330898976606079,-9.5534788552906775,0.3811747449740745,0.49727169043660147,0.53903015366243734
1478,2008,115.82552981619543,43.725200010473941,3,10,22.381216950042724,-37.666671752929688,34.267367455206113,40.060343410996211,-5.7929759557900979,40.312210914942625,-6.0448434597365122,140.53739434830004,124.99624940470676,457.8874974027276,202.22758140258264,154.42170682799934,156.54331146527565,174.40428927633849,181.41145561158172,203.37416454317145,215.56165800878762,229.04441680429272,242.30598631404646,248.71626351275123,258.23881158161106,-2.0249921710539525,-2.8454782659472926,-4.8322610662355032,-1.9867828002882106,-1.8017057398242571,-8.4244605688283514,-6.6227548290040943,-3.7958957103047908,-15.679202044301206,-11.883306333996416,-2.1504627041479409,-15.35781875507891,-13.207356050930969,0.38707742747567409,-8.9485371751446507,-9.3356146026203248,25.825142893037992,20.666630741674453,5.1585121513635386,20.442347096435697,5.382795796602295,62.424042898593143,71.61970882533933,164.48982070345664,208.24398147684806,161.14222111623891,166.43462287270231,187.78549111394651,191.66343041812746,209.14799881685471,223.39850358915317,230.07502517473063,247.08575262621667,254.83159775519348,259.7158896952152,-8.0916049931392138,-7.8688093761647622,-14.404662470167693,-6.5358530940029311,-13.705347549996702,-17.304070788653632,-3.5987232386569303,-8.5747977616805144,-21.839884320101135,-13.26508655842062,-4.3048211973042783,-20.828235648166071,-16.523414450861793,-9.1434536759756213,-13.378060719736482,-4.2346070437608603,8.4422246217727661,19.39371182161085,-10.951487199838084,19.869863222460481,-11.427638600687715,78.113351963796958,53.376540780067444,293.39767772704363,196.09432789701475,152.32508740237026,150.71570101007759,169.13900215429274,171.38788262330439,183.87186775239675,209.47331448443148,227.50221948097268,237.7806896227537,243.91762022868565,255.55138230196806,3.5844453870465998,-0.86406575575904299,0.5279922637987795,1.3920580195578225,2.495320798969118,0.63758237636710646,-1.8577384226020115,13.177564891936271,-11.202426074778799,-24.37999096671507,0.094241305207162895,-10.142525731787714,-10.236767036994877,6.5078508636209449,-3.0626247927959867,-9.5704756564169315,-6.0666128220852613,-11.676050380185814,-5.0233311102174696,-7.0047436204057192,-11.903641810172445,-16.20066834896582,-4.7789020513757237,-21.752362653616785,-2.1543584931563373,-4.3990625025114412,-9.5305311034512954,-15.651304539596566,0.35923632253881405,0.44418101807042815,0.57297486257729646
1479,2008,116.07553095976587,43.725200010473941,3,10,22.381216950042724,-7.1666717529296875,121.9640076975993,112.35070208063917,9.6133056169601332,111.9327321675446,10.0312755300547,162.81882938796571,119.45021732831265,480.29475963488221,202.5458729182065,155.21428488032274,155.31675863362554,175.14725824277329,177.25685036348571,203.23415626741888,204.43329362170411,228.64388601061546,231.1328855556379,248.32430643603561,252.12902351447815,-0.53814669051070041,-0.45225107131980735,-0.64461610440989148,-0.19236503309008413,-0.3129240632976007,-2.2466721787234292,-1.9337481154258285,-2.0958960889186642,-3.1707213310646978,-1.0748252421460336,-0.07895909353842967,-2.718774303975465,-2.6398152104370354,2.3026752007278901,-1.4318826533050526,-3.7345578540329427,73.618815678571991,52.561157247544543,21.057658431027448,51.645607213986295,21.973208464585696,88.302923182278391,62.236942405290392,180.88200034294277,207.1847036998673,163.29691318538781,156.63529412544889,187.80130576363374,178.7232682978007,206.5397164804219,207.14911952124561,226.88613402697672,232.21419715518726,254.33516953942075,251.40446001229748,-5.6191751661060323,-8.295504088317216,-2.1976538872144431,6.0978502011027729,-12.903806677487978,-3.101499956440108,9.80230672104787,-4.6653071755678184,-4.2159789430579337,0.44932823250988463,0.44194711050317892,-4.2550673741506557,-4.6970144846538346,-6.9066036757477889,-3.4421952776863236,3.4644083980614653,48.345192227643565,59.789543760211018,-11.444351532567453,60.287124556194613,-11.941932328551047,74.515906578216345,57.213274802881642,299.41275933757424,197.2446255313844,152.08465962015799,154.34551186499309,168.41263931570518,175.86118408967423,184.4443234019389,201.65678657932173,229.92452598985832,229.95773777191843,244.25227402826644,252.77017634439719,4.5173439564692615,3.9654263963377332,0.59026006490739746,-3.3751663314303357,6.6750127322092965,-1.4352664761690335,-8.1102792083783299,14.651516029187349,-1.9219646964782555,-16.573480725665604,-1.0838906902064309,-1.0916932921300315,-0.007802601923600605,7.4056664235376104,0.58695702270648553,-6.8187094008311249,-5.0810284755953319,-10.136519122575294,-7.8432530169974086,-12.260930484654949,-12.590882614190377,-19.578819409697275,-2.5694110866491542,-19.316823204755167,0.52090620404160859,1.5258378007096098,-9.209278876475679,-14.312270099285399,0.37660623338978005,0.54233852137500416,0.52102828941893187
1480,2008,116.32553210333634,43.725200010473941,3,10,22.381216950042724,-10.708328247070312,132.68517947385044,112.52432914669407,20.160850327156368,111.6477704998797,21.037408973970741,172.3294743662982,124.56929354017848,475.74211729504168,203.21046340705237,155.83722551476819,153.36593505812178,176.9240700202742,176.87454451047273,204.05207601261685,205.33359245132235,229.34835801865017,232.92714260552054,249.11879090212912,253.69089499630368,-2.1207517525178332,-3.8926095715430336,-1.5687188480287659,2.3238907235142676,-3.8603960733197198,-3.6392311112850564,0.2211649620346634,-3.8342728489724891,-4.8470422736215824,-1.0127694246490933,-0.64707414295637022,-4.3253681964187933,-3.6782940534624231,2.3504847921370242,-2.1369033609584847,-4.4873881530955089,90.510865112873944,58.340720996457094,32.17014411641685,56.942019878479186,33.568845234394757,105.84623300750536,75.522169329344251,203.83044422825333,207.19107002564925,164.07653683223029,158.93204702013202,187.71627419071487,182.10490152033955,206.74715881224463,209.22793409762113,228.0530041530055,233.99806195983419,253.67613583123972,253.44186479768689,-6.4118512184948599,-10.252140962999533,-5.3441995895205139,4.9079413734790194,-13.057228209633195,-6.402040203150591,6.6551880064826037,-6.0043007704374531,-7.12506911196499,-1.1207683415275369,-0.65725018075360708,-6.6453233480423819,-5.9880731672887748,-6.0665228159165849,-4.835388845758132,1.2311339701584529,42.174314360976496,54.18360694324474,-12.009292582268245,54.705749930979437,-12.531435570002941,66.483241463100967,49.047124374747,271.91167337633669,196.96140274399181,152.16686542616191,147.93669450468545,167.7196008548861,171.53365687044507,183.45479326536426,200.08897698939012,233.13452695148172,231.54346349126985,245.99748183413811,253.93146654232132,3.3217406166496914,-0.33843749757480168,2.1506072006130807,2.4890446981878824,2.5265249792306577,-0.27218749645933826,-2.7987124756899959,13.23600556565728,-1.3216179412343934,-14.557623506891673,-3.0461034517712164,-1.7456395911912068,1.3004638605800096,6.9659366604803949,0.45660289023129508,-6.5093337702490999,-4.2910994659770267,-9.7335918351445514,-6.3595313914564997,-9.9137034654247316,-9.1968321363134748,-15.583753188863852,-2.170027921464964,-19.240306336094733,-0.010176037797236859,2.3888532710176094,-8.4170076080536091,-13.03245947639698,0.42844733904827581,0.61420852931125336,0.60626633725738677
1483,2008,117.07553553404773,43.725200010473941,3,10,22.381216950042724,-4.0434722900390625,144.05922511531753,123.63847224256824,20.42075287274929,122.75061221910437,21.308612896213162,178.81509059708969,174.3740822794316,542.84465035796165,198.5321039706117,150.28065138994785,148.56813820798823,171.70567612622801,169.82707143128022,199.15798257202286,198.3804469802497,224.99634743441962,225.12329713096085,246.60638186069579,244.8939412072146,-2.8559194430611115,-3.3637315619747596,-1.6628889163267502,1.7008426456480095,-3.5878083141397781,-1.8888959688956675,1.6989123452441106,-3.0172154350472056,-2.385898652267457,0.63131678277974856,-2.1055650197655496,-2.233541847032825,-0.12797682726727544,-3.5823205041043025,-1.6162393436870559,1.9660811604172466,102.93277557568945,88.370690089319396,14.562085486370052,87.737555645799148,15.1952199298903,125.8652853980343,129.931457337334,278.33454114687629,199.36047956227702,153.18078768719866,154.15298835043703,175.77619373961608,175.66007111928437,200.65864834167198,200.83986189089006,220.40875453361983,224.30782176714172,244.3867327878117,242.06722959559505,-2.3545857468317024,-1.2163066019573989,-2.7809844455225345,-1.5646778435651356,-2.7822642502308952,-3.1040564605175405,-0.32179221028664529,-2.9593723402279863,-3.2369175091265561,-0.27754516889856973,1.2902032699063284,-3.0899254549781858,-4.3801287248845142,-5.533912492977521,-2.6145103453088154,2.9194021476687055,41.126449480023439,35.267781321374969,5.8586681586484701,35.013057234138614,6.1133922458848247,52.949805169253068,44.442624852690642,264.51010935008526,196.3564135029381,148.65338223184199,140.30148550237968,159.1980426628993,157.71879361830534,184.84318342855576,189.53582041732133,235.44607762489355,227.68052198591147,248.21198246643661,250.03697913953894,-3.1244861589286188,-6.3190391936605863,-0.65013633631042467,5.6689028573501616,-0.57811228084025856,0.42382507911631251,1.0019373599565711,5.63266986417662,0.59183903636065338,-5.0408308278159666,-7.4580303913359387,0.28950868188007917,7.7475390732160179,0.32670243006779742,0.032354406207701913,-0.29434802386009551,0.50133369622940904,0.7699004120969164,2.1474249600173607,5.1027325917031874,0.80554406390888289,-2.2041519693906366,0.057843094819219232,-8.5920422044046063,3.3957682896718779,8.7482336612422671,-1.9515919888732185,-5.8606149230453184,0.51273332244010772,0.70388514178390504,0.74513055861777078
1484,2008,117.3255366776182,43.725200010473941,3,10,22.381216950042724,-9.6521759033203125,126.47344397209963,123.60636567627807,2.8670782958215568,123.48171084770729,2.99173312439234,164.22430585595248,185.21499592658802,528.05809629522264,198.69577228332108,148.12426114693571,145.02749892053706,170.99232494698842,168.70713494001427,199.98269782228718,199.63305197295927,226.21888225405104,227.7647346084544,248.59950404162734,249.21972123724532,-4.3020653775106439,-5.2474946228154238,-2.2966931505274601,2.9508014722879636,-5.972588998832407,-3.6038461792369674,2.3687428195954396,-5.5494972219157148,-5.2632270042451523,0.28627021767056249,-3.4098817411552602,-5.0379361659150561,-1.6280544247597959,-2.618104175047705,-3.125316959440255,-0.50721278439255002,88.438825087774603,92.75753626263031,-4.3187111748557072,92.94530546014721,-4.5064803723726072,114.810483533759,146.27172464950127,283.32041614316404,200.71776493958669,148.86764637501688,155.64797437765475,175.87343476191882,177.70579051443571,202.82021369971059,203.75845703968443,224.93752347538876,228.22402967891583,248.50163867858242,247.39177371855399,-5.1359951071195837,-0.077991742325281166,-6.6719395336658067,-6.5939477913405256,-6.1619858962855574,-7.4784128846634985,-1.3164269883779411,-6.9919931916350606,-7.8111145105178537,-0.81912131888279305,-3.7774838835076991,-7.4231028723710892,-3.6456189888633901,-7.3679503238678876,-5.642812796893935,1.7251375269739526,38.03461891412735,30.848830158705823,7.1857887554215267,30.536404940525244,7.4982139736021054,49.413822277489999,38.943271291987912,244.73767981491983,192.72108160108957,147.23169309689175,132.30163749963106,157.46813468428908,148.43719374442571,181.84707955891389,184.15604636936428,231.6994614133811,225.75202370802813,248.66020067964888,253.64335364752111,-1.2456333099569576,-11.246532052706101,1.173559939074579,12.42009199178068,-3.9150389770896936,3.0865701500810587,7.0016091271707523,5.8746510260309037,3.7897170730026346,-2.0849339530282691,-2.898460920676996,4.0992766736878252,6.9977375943648212,3.1970224089759824,0.90206846469726543,-2.294953944278717,-0.83392972960893985,-3.8903617971626261,5.1695028804901426,11.16854031038082,-0.18939689745315036,-2.2469469191958638,-1.4424959697193458,-12.866644217665964,-0.36760214235243893,-0.87902296283070314,-4.7498461488201826,-10.56497273284387,0.53653266208945205,0.6991077413014839,0.78974018230941545
1485,2008,117.57553782118866,43.725200010473941,3,10,22.381216950042724,-10.166671752929688,117.52299517393112,115.69448083639145,1.8285143375396729,115.61498075723648,1.9080144166946411,153.59364703185565,169.72670282255422,496.52810471318662,198.71901334971233,148.65405956034726,145.60755162923712,169.44492377892794,169.58849801300664,199.1941668049204,200.22452735819158,227.1357827539297,228.48636083504593,248.97373364213485,249.73211894702388,-3.9126473395963615,-5.2241792823876949,-2.3217976560571856,2.9023816263305093,-4.0103683046226308,-3.9477309716794196,0.062637332943211277,-4.4941056008759119,-5.5509581203183416,-1.0568525194424296,-3.9771085700646154,-5.4377299514168271,-1.4606213813522118,-2.6919438002875609,-3.3584427646458721,-0.66649896435831124,82.699003666639328,86.75651079416275,-4.0575071275234222,86.932925462722778,-4.2339217960834503,105.16288857599557,132.55093387002125,254.50502516422421,201.09951472640776,151.43788603025504,157.4415064514192,174.5516451532045,178.93305877571044,202.29481832361165,204.39848360598646,226.52701896873836,228.73280181003858,248.74630974412017,247.56103968445453,-5.2346305181056607,-1.510097609506488,-7.4197913621083273,-5.9096937526018394,-4.2436869291197752,-8.2041403190130779,-3.9604533898933028,-6.19897430819222,-8.4109358285945746,-2.2119615204023546,-5.5233977797666398,-7.9968490107962964,-2.4734512310296566,-8.0366362386678816,-6.273065759129679,1.7635704795382026,34.823991537094116,28.937969483435154,5.8860220536589622,28.682055428624153,6.1419361084699631,48.430758485662409,37.17576904193993,242.02307971380651,192.10879221461454,144.02280122250286,132.50371166198002,156.57730054671958,148.70788134909077,181.66801587485006,184.79212272609135,231.105861515296,227.41915850291215,249.14207614155828,254.76801741592632,0.41649580162524558,-7.8204371510637998,1.5171092687390058,9.3375464198028055,-2.1926547626425759,3.4772766333669267,5.6699313960095026,7.3339990256324938,4.4782854444917177,-2.8557135811407761,-0.77107785329994272,3.992132582600135,4.7632104359000778,3.2599022190009066,0.40856243379514012,-2.8513397852057665,-1.3219831785092993,-5.6511263197309063,3.7140816728812069,6.3103395415573118,-0.23331862449714436,-2.0510321664771993,-1.704868707316308,-13.532973333824714,-1.5462892097020244,-4.7523199264666971,-5.3446924383803207,-11.296538457668788,0.51256922367211399,0.68468254129146733,0.78096688185005592
1486,2008,117.82553896475912,43.725200010473941,3,10,22.381216950042724,-8.3000030517578125,115.04168863071754,114.48841536258988,0.55327326812766842,114.4643601238713,0.57732850684624282,142.43627052308875,168.81482719787891,498.05538140982389,198.52339559926767,148.63817649257504,143.25276499302325,168.80698421266968,168.28855132979044,198.49248230332861,199.47573568621763,227.60862035014594,229.06327812972967,250.06320048013166,250.97786143165519,-3.1647212786996874,-6.3477471061219433,-1.1739326361355893,5.173814469986354,-3.4851704169444417,-2.851569076486328,0.63360134045811378,-3.1983272235492848,-4.2618622509567956,-1.0635350274075108,-2.5421730114895524,-3.9509959052049624,-1.4088228937154099,-2.0429534326091527,-2.835293632533137,-0.7923401999239843,74.060749156422389,81.523987767097424,-7.4632386106750346,81.848477159841423,-7.7877280034190335,92.773726554059067,129.90824927953872,240.13914490258321,200.68776534699904,150.20019057114547,157.69486716880618,173.93947102431432,179.25188002894416,201.18870800209052,205.08476140779703,226.79621520577473,230.55621306944474,251.75643348595455,249.93766917215993,-2.490464804524521,0.91155771220141446,-6.6197243118751601,-7.5312820240765745,-1.5346691803995043,-7.0461608928478938,-5.5114917124483895,-2.9634190952654365,-6.8440527402799773,-3.8806336450145409,-2.210672335443661,-6.3011331789099643,-4.0904608434663032,-7.4999840371980611,-5.3959934493888966,2.1039905878091645,40.980939146469609,32.964427485224405,8.0165116612452039,32.615883017673696,8.3650561287959135,49.662543551797171,38.906578007747157,257.91623640805483,193.08170103363628,147.15486965077383,130.88852714603442,158.27268406396394,145.680879940361,183.80018299535172,181.0844906990917,230.36830679261612,223.43113029177343,248.93021565253096,253.61410612692265,-3.343604329694017,-12.424126226464892,1.0691269708989921,13.493253197363885,-6.73857853967408,2.8283452217249589,9.566923761399039,1.1068447980666747,3.6660700409135245,2.5592252428468498,-3.5259676621751339,3.9663140936073091,7.492281755782443,3.4746289420430116,1.670758207445914,-1.8038707345970977,0.67425647417516643,0.85313952516949598,7.2593048183233577,13.335683938666307,1.9505012365449375,5.2039093592745758,0.23490812828384833,-4.0702638933321111,0.3315006760458914,1.3152953267314729,-5.4570306045889083,-10.974612979241073,0.48215349912058314,0.65133498801501233,0.76953103845117088
1487,2008,118.07554010832959,43.725200010473941,3,10,22.381216950042724,-4.8333282470703125,152.88412794470787,146.44596150517464,6.4381664395332336,146.16604226827621,6.7180856764316559,189.63479913480751,109.67814704387638,506.9895870052278,202.05560865975261,153.45517748887227,153.07900196602415,173.40999712741399,175.42364262835375,201.91402608911005,204.44013342450981,229.52724917793051,232.80784883705854,251.39947598178148,254.66317194152572,0.70550528097939491,-0.77350173273080713,-0.67811794144236615,0.095383791288440989,0.55266694731110988,-1.6358915088318895,-2.1885584561429994,0.33138906521864442,-2.2553191380158921,-2.5867082032345365,1.2748111090042471,-1.9708759964358364,-3.2456871054400835,2.0732469186733056,-1.1573019467657275,-3.2305488654390331,97.395324274897575,92.577140808105469,4.8181834667921066,92.367655515670776,5.027668759226799,110.90117766259436,69.02264129741161,197.98145251790993,207.90637229275356,164.77249992392794,159.27852316278788,188.44708130240636,182.04137684763342,207.10380753138057,207.66517011052537,229.97230449999805,231.80958771942181,255.3461630340687,250.50753231982392,-4.3607438823480891,-6.7535311664764492,-2.7348964712890336,4.0186346951874157,-8.7186692941750437,-3.5045595577052211,5.2141097364698226,-3.1522246579862099,-3.6872976316009556,-0.53507297361474571,-1.5589113242661199,-3.6099730685175189,-2.051061744251399,-8.6644227902608009,-2.99938973707836,5.6650330531824409,55.488803684711456,53.868820667266846,1.6199830174446106,53.798387192189693,1.6904164925217628,78.733621670895445,40.655505567650835,309.00813445076346,193.23829188504558,150.34893558668804,146.7598394752504,159.85090664074093,166.10382444292429,181.93207209439069,197.96776013865991,228.47772124592078,234.87658740770931,249.36033811083826,259.39560259079741,8.7986627221490323,-0.17282106757855331,1.3077711239704968,1.4805921915490501,7.9107067110252558,0.53081062423163416,-7.3798960867936216,17.396688653377055,0.7860296083489402,-16.610659045028115,6.6527213435569479,1.7212063746833053,-4.9315149688736426,9.2867525224488077,1.1173242351567865,-8.1694282872920212,-5.066249163327484,-13.159406604497121,-5.9800294337456421,-6.5807100988978959,-9.2713362414861535,-16.629376005200299,-3.4836137232048543,-20.548913311363265,-2.833722433270367,-8.2116326678230678,-10.737669708934106,-17.951175312709609,0.39050398192077357,0.58481448641584488,0.62931990699842266
1488,2008,118.32554125190005,43.725200010473941,3,10,22.381216950042724,-6.9583282470703125,141.77459985017776,127.12239277362823,14.65220707654953,126.48533821105957,15.289261639118195,175.51188801731678,119.10301588953553,496.09843334928155,203.08054190707665,156.31915369999609,154.86032478701469,174.71086477207635,178.05776714094733,203.14228909946226,207.57732169243639,229.98838627735131,235.80055847544969,251.14776820669772,256.19888527056798,1.1998535672563264,-1.8118125535190472,-1.0748835096167113,0.73692904390233593,0.91769358252304301,-2.5811986177366748,-3.4988922002597178,1.1810630365297925,-3.2953490476780019,-4.4764120842077944,2.7175865705789022,-3.0731786073940555,-5.7907651779729576,2.9813273191568612,-2.086733202755596,-5.0680605219124573,74.289688389748335,55.739216268062592,18.550472121685743,54.932674080133438,19.357014309614897,83.998942688579973,59.76452478326064,156.67239302652888,209.20220863475507,166.04308483456498,163.74718040839792,191.02402992664156,188.4046304365709,208.09079246833045,215.44909182712664,230.59980913180257,238.46967419377322,256.66864353898791,255.02230347696405,-1.3401901012018129,-5.8383130061764064,-4.1519717582800411,1.6863412478963653,-6.0382076056605456,-4.7570601121130949,1.2811474935474507,2.6327973308780486,-5.2718907253196505,-7.9046880561976991,2.3341217925035949,-5.1025051522504157,-7.4366269447540105,-6.8223995447508798,-3.7058445331066139,3.116555011644266,67.48491133749485,71.383176520466805,-3.8982651829719543,71.552665799856186,-4.0677544623613358,91.512945243675858,59.338491240385338,339.42604004219174,197.24651041513295,153.56460080808401,150.27340249397867,162.46409130030611,171.5589630468038,188.060037268619,200.20788761109515,229.60643631767823,232.71391987284477,249.14701309327791,257.06957424955817,3.8528797431561372,-0.8301627587386804,-0.33677424923874355,0.49338850949993684,6.6495932887737865,-1.975414258151261,-8.6250075469250476,9.7668758143812795,-2.0741470439848797,-11.841022858366159,1.853275387284242,-0.80710568702676255,-2.6603810743110046,5.2774270554097882,-0.40144646682591656,-5.6788735222357047,-2.5400436684581393,-5.1930698443579502,-4.0265004526573591,-5.008150247437726,-6.9559011881835886,-12.687800894434332,1.4517342943482561,-7.1340784835032309,-0.38346477807530732,0.48084640521935285,-9.8037268639077411,-12.099826600160668,0.31580908645245126,0.47859403506782555,0.50178850919014883
1489,2008,118.57554239547051,43.725200010473941,3,10,22.381216950042724,-6.4583282470703125,142.2137827260085,124.03106398410819,18.182718741900317,123.24051112922461,18.973271596783889,172.89548978860876,120.69317005077028,481.89260911941528,203.37091343585396,155.44177903704551,152.53986316542185,174.29950695774625,176.5170496679487,203.15286323486373,206.7799283390504,231.83491722933022,235.1828005153435,252.54794879916014,256.01879261010333,0.092391468911046104,-3.6083123787722116,-0.73026248315534303,2.8780498956168685,0.090487097219636325,-2.2478505072585904,-2.3383376044782267,0.57848120163080807,-3.0204787042296743,-3.5989599058604824,0.36708228383758978,-2.8385915911271411,-3.2056738749647309,1.6329552501403555,-1.9021847362518542,-3.5351399863922097,73.578202813796452,54.698361122327697,18.879841691468755,53.877499183312466,19.700703630483986,83.92771251065551,75.071630366739555,173.19947324157692,212.10818056338704,166.66341725927279,162.79950342740429,191.87394906253067,189.19109355186791,211.17239473065118,216.34363385768089,236.76631053190354,238.91557358675661,257.85006473157938,255.59126044128382,-4.5243769962209512,-6.7890886552108896,-3.6067458695798962,3.1823427856309934,-6.969329839132115,-4.5579514443200821,2.4113783948120329,-1.4567174849960338,-4.8980957222789812,-3.4413782372829473,-3.7543987582996579,-4.9323705507984243,-1.1779717924987665,-8.4758862857491408,-3.5290540708198535,4.9468322149292874,68.635579815354504,69.332701133245791,-0.69712131789128762,69.363011886307504,-0.72743207095300022,88.967777287887657,45.621539922449301,308.69313625991344,193.04899672868089,152.61084489790562,146.52271680013732,161.37948734953676,168.68033407300575,184.86909214939215,197.40486381381541,223.2898288914021,230.26624926439669,248.32033326170392,256.34969869006113,5.9555100672165224,-3.0102249606477187,0.99094822848022091,4.0011731891279396,5.8732647098807149,-1.3092923273286772,-7.1825570372093921,10.731399219961787,-1.8918615481536847,-12.623260768115472,5.6284763229029977,-0.28451162547651165,-5.9129879483795094,5.1357273115424675,-0.32672055381448217,-5.4624478653569497,-4.6167684651319973,-10.479887063437474,-3.180776276438678,-3.7788636945631708,-7.0598169363517513,-12.84259454901283,-2.0351986866268419,-12.188116704957821,-4.1214810421372476,-9.3828750812026556,-10.108841535889496,-13.611613597291608,0.35941508536118111,0.48542453370686539,0.62200396538727287
1490,2008,118.82554353904098,43.725200010473941,3,10,22.381216950042724,0.86956787109375,157.84344385912482,141.34883427101886,16.494609588105959,140.63167627270377,17.211767586421047,174.38101632342659,121.42571345183023,485.64317081868649,204.10679720684726,155.86253498649512,153.36786652178799,174.73832345614213,175.36811153473172,203.97121044545892,204.10345847913649,233.09754056497684,232.1157411641727,252.88171248879198,253.27990771365913,0.03000759055493063,-1.825785755807118,0.25623912374976499,2.082024879556883,0.72614351441231406,0.36598723330294547,-0.36015628110936859,0.45007742423877062,0.4661313704159511,0.016053946177180478,-0.63616025362679807,0.44043211612540745,1.0765923697522055,0.62075502522168335,0.23229007923958989,-0.38846494598209347,75.992919261509087,66.45747722782653,9.5354420336825569,66.042891830438748,9.9500274310703389,84.085236188089766,72.540780880699458,173.71919090719894,211.85797058467415,166.49782972699572,161.70246954950395,191.86551809354597,187.54738351346097,210.63975218030086,211.21111119337053,236.46652677480034,233.2597147448939,256.83201491556099,250.35807242530632,-3.0496008326810227,-2.8845720811669366,0.13811177388910778,3.0226838550560444,-5.4027488799570733,0.50524104172711759,5.9079899216841909,0.33303130397007408,0.7069525133189245,0.37392120934885043,-3.3448900508201973,0.69262594737637073,4.037515998196568,-7.7109952492053537,0.62222021999176036,8.3332154691971141,81.85052458271457,74.891357705323571,6.9591668773909987,74.588785487938367,7.2617390947762033,90.295780120435666,48.884932720142388,311.92397990077734,195.38406989920585,153.36193097393735,148.9402091529862,162.01872592325833,166.36477048959236,186.01379677476766,193.62504124800813,226.89505861053766,230.05647857418654,249.91602668582746,256.85204954808728,3.3341229462020294,-2.2310504013841523,0.087759835495290872,2.3188102368794432,5.4624377324818454,0.26133236319842013,-5.2011053692834253,7.1801044188905507,0.26280695436426527,-6.9172974645262855,2.4140909352300071,0.060492076640656478,-2.3535988585893506,3.5461215191696169,-0.46657365488567848,-4.0126951740552954,-3.0796084232359533,-6.3837237788830521,-1.0587863253598186,-0.6535216797827843,-6.1288923943693874,-10.865186612438919,-0.11704612026869654,-6.8470731149204767,-2.7087297971933992,-5.7589809860502044,-8.3317502744270371,-11.257116768374971,0.35770953108296977,0.48219260307633405,0.59740872685484769
1491,2008,119.07554468261144,43.725200010473941,3,10,22.381216950042724,4.8333282470703125,161.85111906195016,147.12987067451468,14.72124838743548,146.48981721571545,15.36130184623471,175.13687858802041,125.50538468662671,487.71349005773664,202.47980086379846,152.93842435297356,148.72884510931686,172.62520024583537,170.1561341454414,202.67751556312055,199.26622428247012,232.49234730106943,228.51077152873094,252.76878947043517,250.52314045594125,-1.29098077948845,-3.0060781233103455,0.74060022601133824,3.7466783493216838,-1.1984336291939712,1.4366353526980618,2.635068981892033,-1.1516705641415967,2.2199152393204713,3.371585803462068,-1.9848280455095164,2.115312246115991,4.1001402916255074,-0.92871486839510453,1.2115871545629773,2.1403020229580818,72.375783095509178,56.294800558722272,16.080982536786905,55.595628189095805,16.780154906413372,77.963005388206511,64.564638811216355,162.88538027589675,209.33040871548874,163.9194368738743,154.9451197255016,189.39796224516232,181.46937749244529,208.79323514285622,206.50857058416253,235.63709380466864,229.39146122366182,255.75335450384424,247.1134936575329,-2.3163863491589609,-4.9009998327460664,1.8842577727006358,6.7852576054467022,-5.6514317832325673,3.2222015642003896,8.873633347432957,0.58422229523762326,3.6896985445536643,3.105476249316041,-3.1901654883948254,3.8095439324535221,6.9997094208483475,-6.7424962038288072,3.1571836981404147,9.8996799019692219,89.475336130353753,90.83507080124582,-1.3597346708920668,90.894188639189451,-1.4188525088356982,97.173873363726671,60.940745935015002,324.82811000943184,196.30452743174985,152.30957270508301,145.98245363961138,162.01016197790827,163.59162149456657,188.88290460240444,191.84908764501921,228.33270502988452,227.51113957307703,250.69254837362243,253.76048008913608,0.38525825990285512,-4.8346359457596293,0.48105491419801183,5.3156908599576411,3.3902657056588055,1.4832419289665779,-1.9070237766922276,3.7746044645134873,1.4830357759368837,-2.2915686885766036,-1.6149204517780049,0.30884978445371303,1.9237702362317179,0.52977425097211039,-0.82004713262381301,-1.3498213835959234,-1.0254055696705109,-2.701644609061816,-1.8949217094357209,-0.066363886986437137,-4.4529981540385961,-9.0416974888913728,1.73589285937922,-3.190382169275864,-1.205337442885309,-1.5752450366168205,-5.8137813354337027,-7.2722704548009176,0.33397759872628091,0.44515470423337372,0.514437201020715
1492,2008,119.32554582618189,43.725200010473941,3,10,22.381216950042724,1.375,141.41468200087547,131.3366938829422,10.077988117933273,130.89852091670036,10.51616108417511,168.75809982419014,113.3008239120245,470.91375452280045,206.40024256703614,158.3339382677737,159.12389828857548,177.2879480304077,178.68495395191209,205.96980569593094,206.02513175805356,235.2011657564444,233.32566599994254,254.15457334573972,253.83669675617224,0.55304333651517368,0.85472427507619386,0.22693668302329684,-0.62778759205289703,1.9349854597431033,0.52638531915926023,-1.4086001405838431,0.80795674413971597,0.64113252007842902,-0.16682422406128694,-1.2318426438875747,0.6638430479019064,1.8956856917894811,0.20097748158121931,0.41962789149076229,0.21865040990954299,68.395464614033699,61.491048842668533,6.9044157713651657,61.190856471657753,7.204608142375946,76.797759309411049,66.08576738089323,171.62300832858227,214.3220972226033,168.62805495265903,166.35332509347217,193.99929340926752,189.05028152115656,212.56616340325547,212.73523617646666,237.93513988974607,234.06333240709097,258.02360909793725,251.31979649822924,-3.2144025124539155,-2.1177080068963505,0.05025579546494896,2.1679638023612995,-5.5495495912564934,0.79995530947411453,6.3495049007306079,0.36603571995871675,1.0036359880410259,0.63760026808230919,-3.3556386469787753,1.0769256195918331,4.4325642665706084,-6.9089207162824948,0.90942620255685824,7.8183469188393531,73.019217446446419,69.845644734799862,3.1735727116465569,69.707664169371128,3.3115532770752907,91.960340425372124,47.215056575834751,299.2907465621829,198.26732146462629,155.13631627495005,155.27978531570494,162.93568083960824,170.54443728609664,189.5536801549346,196.90299537924957,229.12044621110621,232.08131605923825,250.5945060803349,257.01566201358969,4.0660892899737746,2.4212123980749425,0.236602514399749,-2.1846098836751935,8.4396301103505778,0.47031194532399923,-7.9693181650265785,7.6389062056656485,0.41115923250092123,-7.2277469731647273,2.4467338915247865,0.17442029042018703,-2.2723136011045995,3.6896080497276671,-0.5231949741003632,-4.2128030238280303,-3.7674458489690892,-7.2804918024276901,-2.9724322819725444,-4.538920404971293,-7.4845350509995967,-13.989179701607071,-0.44192102418099921,-7.2728704857069317,-2.1237960030912006,-5.8023725385035618,-7.1098981978637141,-10.598528766010162,0.36444679451441403,0.45507598977126368,0.58327702393591874
1493,2008,119.57554696975237,43.725200010473941,3,10,22.381216950042724,4.9583282470703125,137.21364506894679,133.47398950169008,3.7396555672567047,133.31139715616882,3.9022479127779661,165.10257911607732,105.61060124328287,476.07048347592354,207.55052817820538,160.77224230301124,163.24770801096994,179.80854925992156,180.21443847495115,207.30353924132714,205.29638069508579,235.4272099849376,232.51569128995979,253.32720393869465,252.26768630568583,0.82249321848121326,4.0347063034853079,1.0568934260423077,-2.9778128774430002,1.9883877122686897,1.7867095396248374,-0.20167817264385235,0.066912932869854558,2.0019505778380733,1.9350376449682187,-0.81673906341680436,2.0749224758623939,2.8916615392791982,0.33184704317204705,1.4625499224561338,1.1307028792840867,72.564434990807058,56.549630803812761,16.014804186994297,55.853335629781213,16.711099361025845,76.499040550160316,63.08451038486055,172.30792531769839,215.92084739105923,175.99489690727441,170.37551901668823,196.34438107787642,189.32223625809684,214.68238783861369,212.1798886911869,237.73360591841541,234.02183808783579,257.07349276398679,250.77043972885218,-2.0463949415746185,-4.2776117547861077,1.5871223770631673,5.8647341318492749,-2.8740659131398729,2.7684302095473754,5.6424961226872483,0.56228520170785146,3.3028860190627256,2.7406008173548742,-0.7231547666891629,3.4658393008364214,4.1889940675255843,-5.5243490477522528,3.0611094436063127,8.5854584913585654,64.649210301657149,76.924358243392817,-12.275147941735668,77.458061133989759,-12.80885083233261,88.603539027853003,42.52609084352116,303.7625585719943,198.64057476134212,157.15317935186945,160.14615316182201,163.45880571776394,173.92235475539115,189.11126054232574,197.02689237305418,229.21524688956254,230.04620741935477,250.60683241543418,254.28534319984382,4.6608768888480938,5.0439762870230993,1.541664810699416,-3.5023114763236833,11.733022662474156,1.2981530118693456,-10.43486965060481,10.154862959994659,1.1228180676562545,-9.0320448923384049,0.63915557223018027,0.34162750904388872,-0.29752806318629155,0.14830679077158493,-0.63329987596452497,-0.7816066667361099,-2.8688881600558318,-6.7072718304227124,-8.3123180582714156,-9.321588041809207,-4.8624536254085626,-14.607088575614029,0.4953722688379969,-9.5925777582868079,0.093584296727641458,-1.3623103389193432,-5.8561960909242998,-5.6726558385238377,0.36193784596690415,0.46334249264741506,0.59733123040877401
1494,2008,119.82554811332282,43.725200010473941,3,10,22.381216950042724,0.9166717529296875,157.48640248179436,155.43016174435616,2.0562407374382019,155.34076032042503,2.1456421613693237,180.08446647495384,129.89441580831408,511.93556559085846,206.42916455063582,157.02590459837043,155.69378896839646,177.31757369773592,177.10521422577989,207.61673832366156,204.95228523012298,235.80664329453015,233.16233640547219,253.05177149627289,253.85553446240533,-0.83995949963420458,-0.96510091655807173,0.18715725765068214,1.1522581742087539,0.19941062454665825,0.39662177682998845,0.19721115228333019,-2.1410926754036836,0.56789216513789142,2.7089848405415751,-2.2842829554749358,0.51048041611571193,2.7947633715906477,1.133452553757337,0.39278988258340064,-0.74066267117393636,69.152212649583817,82.998401209712029,-13.846188560128212,83.600410521030426,-14.448197871446609,78.893865618338168,78.603297247651426,186.44446405442432,214.43896263160806,167.73996944650105,163.22880823399174,195.51189437765981,189.243954922493,216.23588644977627,211.94634888384016,238.3885674264433,234.6293754350873,256.58955323761029,251.76359491057531,-3.8515815150696824,-4.368424264831134,-0.076169251153487494,4.2922550136776465,-6.3798020712688412,0.58478553995473703,6.9645876112235783,-3.7305935121543996,0.69768171526465039,4.42827522741905,-3.4254387056432165,0.69892698218720284,4.1243656878304193,-4.9195026599238929,0.58970735162745314,5.509210011551346,88.334189802408218,72.431759566068649,15.902430236339569,71.740349464118481,16.593840338289738,101.19060067780174,51.291118679871943,325.49110158532858,198.15590745374479,154.45146185012109,151.21959597580494,162.95264839065257,166.17677211438621,190.01782906650985,192.14942424209789,229.65854389661058,229.28910129682868,250.11749842922737,257.75545888786741,0.32986468205265851,-1.6738217857997881,0.29167887714180551,1.9655006629415936,4.2217632597225361,0.42267126445375425,-3.7990919952687818,0.86817900315060115,0.36376862016885525,-0.5044103829817459,0.28480444351043843,0.18169163896999407,-0.10311280454044436,5.4846068240323689,-0.0046043332445151464,-5.489211157276884,-3.0116220154354778,-4.1814461971223409,-3.4033233482730623,-2.6946024790313459,-6.5792126958154995,-10.601565330991377,-1.589500836750716,-4.5987725153050008,-1.1411557501682807,-3.7102431491536549,-6.0529552136812299,-10.404109483956262,0.36419517725680284,0.43809367438868324,0.60513222803701394
1495,2008,120.07554925689328,43.725200010473941,3,10,22.381216950042724,8.4583282470703125,154.16179704666138,146.1995507478714,7.962246298789978,145.85336709022522,8.3084299564361572,170.24795865662054,120.88723027245578,510.70616926252842,206.38318433689506,158.41087559461081,159.12279229008632,178.46767534091939,176.39214056290069,206.57498062626524,201.93205568117838,235.07702349834872,229.90768518761004,252.78146814583835,250.16489318431394,0.13266592314519698,2.6877960285600864,1.8872438116561625,-0.80055221690392386,0.81836660459842392,2.7843279726918695,1.9659613680934456,-1.0037062629250499,3.708321086984057,4.712027349909107,-1.4662886356766194,3.7778100848885572,5.2440987205651766,0.10960194489976516,2.9019717784572663,2.7923698335575011,65.576598196290433,63.779424101114273,1.7971740951761603,63.701285600662231,1.875312595628202,70.473163251236656,70.225528426726669,181.9984807066503,214.97982153586446,170.27861326960419,164.69956094437808,192.8081304042523,184.12463333458538,215.4121865029897,207.7231339807376,240.61898840828533,231.82079733223443,255.58053111199044,248.78602506036054,-3.0487548135942575,-3.996617997386096,1.4197172055264957,5.4163352029125917,-3.0427446963891214,4.6019392121527574,7.6446839085418787,-1.5206189675967607,5.2632291460142255,6.7838481136109863,-4.4693135807656574,5.4328543926020245,9.902167973367682,-2.9564483363657246,5.0541338929242272,8.0105822292899518,88.585198849439621,82.420128107070923,6.1650707423686981,82.152082085609436,6.4331167638301849,99.774795441705464,50.661701970526337,328.70768831670284,198.34301032107683,155.26558528041332,156.36069314311464,163.79154435135192,170.2631622554965,193.41017696358165,195.64370648369675,228.07086517923415,226.97186876809587,249.34250680008029,251.76752272701015,3.1169910029584571,3.4033152352167235,1.8107710547917577,-1.5925441804249658,9.1991812490273617,2.6508366375454386,-6.548344611481923,5.4788911772055826,1.6514262473088763,-3.8274649298967063,0.86373831992173677,1.9922926890419603,1.1285543691202236,1.2994463539165224,0.14408883676131268,-1.1553575171552097,-3.1814207367394545,-6.1657458165527146,-6.6844140259461824,-7.3999332326028195,-3.8611113009875453,-12.241925945416483,-0.5169127046717108,-6.9995101448023433,-3.0030249450890381,-5.3330519006873942,-3.0660502812654897,-4.255894690282247,0.35636632502297816,0.41394424818553394,0.58091767235010916
1496,2008,120.32555040046375,43.725200010473941,3,10,22.381216950042724,-4.0416717529296875,137.81960299979983,131.67723651907363,6.1423664807261957,131.41017622402796,6.4094267757718626,181.77611141355737,130.45639199523248,526.23132254183292,208.02027372540974,159.26961995996066,161.84414830084313,181.18862454840155,181.53886536162946,209.29906542187746,208.9447265829732,236.15415108587689,236.3011192143147,252.5814327771968,255.48450923821258,-0.72722022692994415,1.9672092853290053,-0.62296662627292676,-2.5901759116019321,-1.4540870293675709,-1.7914323575580227,-0.33734532819045171,-2.5536108929019292,-2.0272999215176242,0.52631097138430505,-2.1210254997068034,-2.0687034750131943,0.052322024693609137,1.4552265859528291,-1.3148603162925951,-2.7700869022454242,55.947417670799041,61.360439589212547,-5.4130219184135058,61.595788219910901,-5.6483705491118599,65.227834959802749,64.231038516938497,159.52475683228113,214.40820722303465,168.66038149920024,171.16094079847869,198.32144370475524,194.95335441718507,217.23957802618202,218.99155407287378,235.08305904445689,240.28850775162311,253.67664876951827,256.09338453534576,-0.59230766481482533,1.260807346103519,-0.98880801799703022,-2.2496153641005492,-6.2988011711176455,-2.4464936212429507,3.8523075498746948,-1.0742670188964496,-2.8962194464510844,-1.8219524275546348,2.0689358096272201,-2.8680078142065497,-4.9369436238337698,-0.71398596094974209,-2.2691589139152768,-1.5551729529655347,81.87218525449498,70.31679561359033,11.55538964090465,69.814388490887723,12.057796763607257,116.5482763866994,66.225353366535273,366.70656559616327,203.49568950968424,156.73581353133235,157.44214480846796,175.60937876460846,172.69568308607498,196.97937772483047,197.02176632698402,237.14747674356255,229.30985117901972,251.45475896448329,254.79412788271495,-2.9964968687261262,0.42153674152882559,-0.85325410152469772,-1.2747908430535233,-3.6656364988644441,-1.7045875827379859,1.9610489161264582,-3.1739749204701866,-2.0153648848875889,1.1586100355825977,-8.654249198819997,-0.7361095063581331,7.9181396924618639,1.715306250078271,-0.16897165329842778,-1.8842779033766988,0.13491256211511882,2.4041892039113009,-0.70640193922548633,0.83927060457469338,-4.8447141417500745,-2.6331646722532014,1.4793438740054796,2.099707901573737,4.1899613093340236,10.723185008447217,-2.1692125469025711,-2.4292922110280131,0.30314568897521232,0.35883612237365681,0.49235639231296396
1498,2008,120.82555268760467,43.725200010473941,3,10,22.381216950042724,-6.590911865234375,126.96556442975998,128.90354669094086,-1.9379822611808777,128.98780620098114,-2.0222417712211609,158.78231207367207,145.13968354341887,492.47580879554152,205.22154505361434,156.93350422222511,155.00749630217359,179.07434906019637,177.47763324515304,205.34146585683723,206.5172662034627,235.15125574855122,234.96101755416242,250.54824660400871,254.20217318140777,-1.9520723562966964,-2.4588280893494527,-1.2693705390335595,1.1894575503158933,-3.60343058806248,-2.146220209409222,1.457210378653258,-2.1616938420601457,-3.1563303446417592,-0.99463650258161351,-3.5167857732311916,-2.9873351888548711,0.52945058437632042,1.1607500462413896,-2.1785656273485756,-3.3393156735899652,36.838332481682301,61.462104052305222,-24.623771570622921,62.532703131437302,-25.694370649755001,46.829752649155125,58.371889340405687,127.44620556558948,208.87342982891906,159.23642321743472,161.4081110778194,187.95893977863145,189.4745282433276,211.02176128627511,216.38699092626953,230.29161175387216,240.02420104652529,255.28862735837322,255.910767698911,0.067509300687419227,1.1350110990549069,-2.435403754039811,-3.570414853094718,-2.3919291019153377,-3.69947965252328,-1.3075505506079423,-0.0090076941429231283,-3.9996753309735311,-3.990667636830608,4.6606670328879147,-3.8846936482317176,-8.5453606811196323,-3.3263739926042035,-2.3758947372760133,0.95047925532819022,90.127231359481812,67.441441893577576,22.685789465904236,66.455103278160095,23.672128081321716,111.9525585229967,86.767794668674469,365.02960238233209,203.28825421411395,156.02491081658948,150.37980611194897,177.57703938156621,169.20427323355011,197.19353395922877,193.18100395378627,237.60078405844973,225.17849606075757,249.53164298425895,251.20614631178975,-7.9138454504072797,-3.868538276629863,-0.20402411687280164,3.6645141597570614,-11.837221208531957,-3.3357220839980926,8.5014991245338649,-6.4693281720767288,-2.5078841690889533,3.9614440029877755,-14.406573410007411,-2.0024289392893877,12.404144470718023,0.11927000141596977,-1.3157600871602426,-1.4350300885762124,2.0195816569841156,7.9813547510946989,3.5938391884043597,5.00354937568477,1.2115014861471423,9.4452921066166198,2.1526861479172226,6.4603204779338057,8.1774528061191063,19.067240442895326,-4.4871240388455931,-3.4456439940201733,0.25878673284945175,0.29493053752377019,0.40217732266822537
1499,2008,121.07555383117514,43.725200010473941,3,10,22.381216950042724,7.3333282470703125,190.47282367944717,191.82684117555618,-1.3540174961090088,191.8857119679451,-1.4128882884979248,205.06598881187165,155.63957872189712,595.79626522958279,202.51473209046077,148.7021006623637,146.19435214311429,172.18215944615199,167.62563900256242,202.93905340616936,197.69551592311575,234.44379435591202,229.04676018912397,253.66866298884005,253.03058675293181,-1.3967589151565392,-0.99707031058127882,0.96823536222490247,1.9653056728061813,-2.1119860212965023,2.2406230199755441,4.3526090412720464,-2.1042514245651489,3.1531890709194954,5.2574404954846443,-2.2531436170963559,3.1309714719270687,5.3841150890234246,1.1846582889000956,1.8571303380168445,0.67247204911674885,60.443341702222824,65.759895503520966,-5.3165538012981415,65.99104967713356,-5.5477079749107361,63.447859758769482,71.773156099063272,163.24646021425724,211.21230280133136,155.55546855380223,156.33193159260333,184.32723069328478,182.21159983154013,214.78872009489481,208.09557323078502,235.74671130800999,231.58572180753933,263.62838581441457,251.02905284295224,-1.3411178352289426,4.2651623442616255,2.3483111197297148,-1.9168512245319107,1.9662368469804221,4.7284927419959502,2.762255895015528,-2.010541916506952,5.4625138839758449,7.4730558004827969,0.30642539410965242,4.9955800913534176,4.6891546972437652,-9.8262177878992532,4.1209466005917079,13.947164388490961,130.02948206663132,126.06694677472115,3.9625352919101715,125.89466238021851,4.1348196864128113,141.61812914250913,83.86642259675682,432.54980473220348,197.29887875654632,146.41770052319683,142.80056510468077,165.72297254218731,159.75483085512511,193.20517184145012,187.27402260359176,233.55757350140112,225.49817154334681,249.7353638281478,254.19032188825483,-2.853140027639995,-1.7817509117405166,-0.34727048746418632,1.4344804242763303,-4.2252926206553809,2.6206246701063094,6.8459172907616903,-3.9185727707628075,2.1643975189070659,6.0829702896698734,-7.2065377008045175,0.91639156825019086,8.1229292690547084,4.408833599065332,0.43314289631658198,-3.97569070274875,0.055641079927596593,1.5120221924110524,5.2622326548429044,6.0469132560021421,4.0782228682769244,6.191529467635803,0.093709508058196889,1.9080308542558555,2.5595690112060083,7.5129630949141699,-11.010876076799349,-14.235051386964585,0.27399711905101021,0.30940215940429205,0.46114977108303762
1501,2008,121.57555611831606,43.725200010473941,3,10,22.381216950042724,9.75,181.89495539665222,187.03770849108696,-5.1427530944347382,187.26130801439285,-5.3663526177406311,193.73570501804352,144.65324804931879,581.84401885792613,206.89477667907576,156.6805553265981,155.40806709251376,178.02731390484504,173.84575236294702,208.19143884443457,201.32891269550203,236.20180072297006,230.49323109824417,255.292164330091,253.31061042393759,-0.31857294465754649,1.3074788072161709,2.3613813795118972,1.0539025722957263,-0.50019634800014501,3.7270300703348198,4.2272264183349648,-2.1800555521099625,4.6481135325134346,6.8281690846233971,-1.2812008694268684,4.5960610102092119,5.8772618796360803,0.96435855999050091,3.0635279358447178,2.0991693758542169,75.741940088570118,90.360815525054932,-14.618875436484814,90.996420055627823,-15.254479967057705,77.549311060458422,101.27804824709892,208.73159731578198,218.94741648245579,171.01780730636509,164.68682125907699,202.10609302935418,185.43575416053002,219.93541737972501,208.44510092143017,240.6997716465539,231.88966323763108,263.14321405413278,250.44886504395089,-5.1256368062466322,-1.4847835172053863,4.5120066852655327,5.996790202470919,-11.028165993150253,6.2401871046902215,17.268353097840475,-4.3587916039662389,7.32471005660895,11.683501660575189,-2.5293413117965997,6.7473216486311287,9.2766629604277284,-7.5001486875569015,6.0684960949260471,13.568644782482949,106.15301525592804,96.676893390715122,9.4761218652129173,96.264887794852257,9.8881274610757828,116.18639381229877,43.375199742615223,373.11242102459073,193.38687864439072,150.39986836203286,150.55883533118833,166.1150870977927,162.98827996958067,186.55410668973582,187.08003633545553,223.03889045379543,227.675045285614,248.40337413267505,257.09161547724688,3.8952717243902839,3.0564632579266799,1.6616332670226939,-1.3948299909039861,-0.13726169498906415,3.2274065633832549,3.3646682583723191,3.3825391834477614,2.4156159860527282,-0.96692319739503318,3.1943937737925694,-2.0259020179199183,-5.2202957917124877,6.7270504077593785,-1.1960331625153628,-7.9230835702747413,-4.8070638615890857,-9.0209085306369161,-2.7922623244215572,-4.5412467751320662,-10.527969645150108,-10.890904298161189,-2.1787360518562764,-7.7413307874140003,-1.2481404423697313,-5.7237350855891691,-8.4645072475474024,-14.22719909531628,0.35874150210479311,0.40028404187672006,0.70014361663395686
1505,2008,122.82556183616838,43.725200010473941,3,10,22.381216950042724,-5.9583282470703125,116.71776288747787,126.15365010499954,-9.4358872175216675,126.5639072060585,-9.8461443185806274,181.77367468787634,174.28093794942288,651.26107296720147,207.10512669960488,158.1983753068431,160.76833736331815,176.32955564572367,180.72924903601862,208.22662510953111,208.80493881971958,237.19607348805812,237.44998275957829,256.1273080777496,258.89154915852305,0.54622449679033025,2.2580209489903211,-0.72602549597189636,-2.9840464449622175,2.3721064273708805,-1.9013811860431531,-4.2734876134140336,-1.8086077852213691,-2.5357498624930201,-0.72714207727165103,-2.0645917787827557,-2.3334264397811637,-0.26883466099840803,1.5651754332113228,-1.1005948799341354,-2.6657703131454582,54.945092558860779,76.293590784072876,-21.348498225212097,77.22178703546524,-22.276694476604462,62.08604846149683,121.29478400908738,199.05989512504311,219.59922263813041,182.09511495339615,176.40040397619251,201.90352899728464,194.53686867735397,219.70908898694341,217.21525732154154,237.18728440563692,239.83016825956793,260.11073229927507,257.67530949365187,-7.0529264665232176,-9.8986919830263957,-4.076672867929517,5.8220191150968787,-12.446677131314033,-4.6563248351012874,7.7903522962127454,-7.2366445416383272,-4.7440192957008662,2.4926252459374609,-1.904689377606303,-4.4438031514662271,-2.5391137738599241,-6.2649270099744001,-2.9942507067768531,3.270676303197547,61.772670567035675,49.86005873978138,11.912611827254295,49.342118799686432,12.430551767349243,119.68762685967886,52.986153776422725,452.20117834582925,193.8363041743813,151.89811132570594,153.62449657698377,161.06779475443093,167.01496077746148,181.28868533052156,191.26128449607506,237.20650255492095,231.16418951399064,253.9024564743369,260.56865391066395,6.5852641825536011,2.8138949039471584,-0.092064408010230636,-2.905959311957389,6.3460408657642802,-0.92142266360337999,-7.2674635293676602,10.576199567315541,0.80738213880863441,-9.7688174285069067,-4.2000319094790939,3.0352162422246067,7.2352481517037006,5.3196120582693709,1.4261421861978647,-3.8934698720715062,-7.5991509633135479,-13.638190649076819,-12.156712932016717,-12.712586886973554,-14.818783558684913,-18.792717997078313,-5.428036756416958,-17.812844108953868,0.15990240117645271,2.2953425318727909,-7.8301024431857229,-11.584539068243771,0.30565299138502033,0.34155687597835505,0.69597275201885633
1506,2008,123.32556412330931,43.725200010473941,3,10,22.381216950042724,2.5714263916015625,196.42387227760264,192.37590017944967,4.0479720981529681,192.19989836816239,4.2239739094402466,217.90266127657378,156.13902045752002,557.61443323642015,200.53360816303282,145.56044938369612,145.08164784067708,166.63010406923146,167.58833251376052,201.54890124583864,198.00689652661305,234.69689505371647,229.09410596881293,255.59172206748343,252.91592762411778,-0.96152062531189131,0.25526233323154202,0.44591449610868494,0.19065216287714293,2.0500767204466399,1.2324783414861145,-0.81759837896052545,-2.160159884227312,1.4091656881942072,3.5693255724215192,-4.3061310670165653,1.3024927186553725,5.6086237856719379,-1.9590229160468766,0.83038679264163306,2.7894097086885097,76.231744626908039,98.659739106780762,-22.427994479872723,99.634868379351246,-23.403123752443207,81.165808836369251,71.940848031936184,171.11339923227206,205.79112734871762,156.80928498434599,153.91196301518858,184.09844046869574,178.8819366734443,209.9680247813028,205.57817539944975,227.29925997613947,230.90188959259112,247.77241394592488,251.19921006359064,0.04747178076650016,-0.35761642509507396,1.3132624695679453,1.6708788946630193,-3.2748887532504227,1.6443298621245788,4.9192186153750015,-2.735821360498818,1.9811462456424067,4.7169676061412247,5.4318012667428945,1.8358523339722126,-3.5959489327706819,4.0141352474380483,1.189881155092479,-2.8242540923455692,120.19212824674105,93.716159840841101,26.475968405899948,92.565030352116082,27.627097894624967,136.73685300644865,84.198172440484996,386.50103482604027,196.89017859901782,143.82879983555426,138.57580334032804,158.81112911919843,157.68263691084201,189.54175880207791,184.42566628062264,242.5798574177106,225.35347687346405,256.81203840347155,255.86002365512829,-4.7518564575819653,-2.3527119614735454,0.20899430002933173,2.5617062615028772,0.4549450461918525,0.6434431868098045,0.188498140617952,-5.0336162471346597,1.0618776526115141,6.0954938997461738,-17.365873760213702,0.38328338636716808,17.74915714658087,-2.430994791956067,-0.3596679401160543,2.0713268518400128,1.0089924060783915,4.7993282383484654,-0.61287875832661598,1.9950955363784715,-5.3249654736970626,-3.7298337994422752,-0.57566147627150599,2.2977948866358417,9.7379323337594599,22.797675026956597,5.9731581634849249,6.4451300393941153,0.30686687616588743,0.37248654220587624,0.46074868294379223
1519,2008,126.82558013329577,43.725200010473941,4,4,22.381216950042724,7.0952377319335938,210.97303229072713,205.63557990497793,5.3374523857492022,205.40351428461145,5.5695180061156861,223.21556611602136,219.01106597585749,579.98272851668298,192.52638106049451,131.14536268842468,127.41036346404377,159.87720715120966,151.26622127070689,191.21033973121797,184.75893980733062,226.77242521991263,221.24367418178281,252.06059658423621,248.12979938442092,-3.00246421920383,-1.9158617963028632,1.6862069217016824,3.6020687180045456,-5.5325752558502188,3.1092486794600802,8.641823935310299,-2.9983592623750894,3.5576604726312553,6.5560197350063447,-1.9347669949126782,3.4250115736064117,5.35977856851909,-1.6117576527479969,2.3476201998232398,3.9593778525712366,112.10085601513856,116.51444855581212,-4.4135925406735623,116.70634506150964,-4.6054890463710763,116.96170386386439,143.99032976778653,270.21890166812227,198.65138067560295,149.21803145765216,134.68009823205327,167.54377642849846,157.62912070733958,201.40413021963874,188.2693469135445,228.32991809942175,221.46219333045377,250.10771238943383,244.85633628813147,-4.0753248084240852,-8.7437040578247718,5.4150777858301637,14.158781843654936,-4.5538879301176678,5.7184373542104936,10.272325284328161,-7.5629960733763255,5.6211508587759909,13.184146932152316,-1.4424372893989528,5.4732001779540553,6.9156374673530081,-0.36163443181158073,4.8976626660364673,5.259297097848048,98.872176120989025,89.121126515514334,9.7510496054746909,88.697169583567302,10.175006537421723,106.25386211804653,75.020736116801345,309.76382656209171,183.70919922279057,121.72040449128956,119.65439018461387,141.4915260056915,141.67188871585975,180.82527928374699,178.52159141529512,223.46834980237682,220.78959399896215,255.85537849273607,253.85671676765821,-1.163555222487247,-1.3102636166927084,0.15558302706750737,1.4658466437602158,-0.097227393821981423,-0.60735296810435102,-0.5101255742823696,-1.9099995181833265,0.42755725156735025,2.3375567697506767,-2.6601488792418024,0.041730564942355386,2.7018794441841578,-4.1622183891153384,-2.0778750680382529,2.0843433210770854,-1.0728605892202552,-2.9117695859368382,-6.8278422615219085,-7.4334404411320634,0.97868732573255102,-4.4566605362956864,-4.5646368110012361,-5.652996555192999,0.49232970551372546,1.2177115898428497,1.2501232209364161,3.8005839573037576,0.46590853206820887,0.52398542762501998,0.65745686925088609
1523,2008,127.82558470757763,43.725200010473941,4,4,22.381216950042724,6.0999984741210938,151.35308112661733,160.79737137776465,-9.4442902511473221,161.20799275781974,-9.8549116312024125,163.31628679796358,264.06197394338596,572.39778985828161,195.696589633321,137.43331943890342,130.06270706270084,164.08193055653098,152.29389107967293,194.95032000125832,185.51287269834509,229.62661361608053,221.86013601870718,253.42090981011236,248.6155084907559,-5.4565406922309023,-5.2799631552347819,1.604407656092377,6.8843708113271589,-8.7326520588621861,2.9630914568290905,11.695743515691277,-6.1280962735652054,3.269695689508751,9.3977919630739564,-5.1278817516812012,2.9034853540852339,8.0313671057664351,-2.6816908693246262,2.1986578030837336,4.8803486724083598,106.13954727605233,116.31476343754548,-10.175216161493154,116.75716439949974,-10.617617123447417,110.42900736347246,198.40567330533304,332.04905792372301,199.65002056315757,147.61175114504994,133.00185636889697,168.40520147770187,153.38078284503706,200.8557924381748,185.54228320137207,230.69810631628738,221.69533122238116,252.04116584535649,247.24334052328078,-7.5925729696776045,-10.070127752547108,4.0646846232388043,14.134812375785913,-10.448213619820081,4.5981045404281815,15.046318160248262,-10.46972834726111,4.6042419794276555,15.073970326688766,-5.6120152885527546,4.0854447542818662,9.6974600428346207,-1.2866519211307264,3.5822044093094689,4.8688563304401953,45.213533746256871,44.482606652758477,0.73092709349839424,44.450827970889804,0.76270577536706696,52.887279300380669,65.656300578448281,240.34873171150684,185.39694649575782,122.30522928014857,123.57033349496487,144.28053437875678,148.97150439709392,184.92101192524771,185.41964500725481,224.45360702250881,222.39592262455596,257.34613348967883,252.7578353504872,0.82490415982690024,0.56876695454974424,-1.8318217097952072,-2.4005886643449514,3.1294716847026223,-2.265176949168989,-5.3946486338716113,0.4957822622654362,-0.33260195146442584,-0.82838421372986204,-1.6282984104757929,0.18809443673711712,1.8163928472129101,-7.2551965326778713,-1.9767699471899505,5.2784265854879209,-2.1360322774467022,-8.4174771295045048,-4.7901645973123266,-10.638894707096853,-1.7155615609578945,-13.577685304522703,-4.3416320736959051,-10.965510609526547,-0.48413353687155336,-3.9837168780769616,1.3950389481938998,5.968544611547145,0.5801019217875284,0.67616653261338677,0.75136025964825426
1524,2008,128.07558585114811,43.725200010473941,4,4,22.381216950042724,-2.4499969482421875,177.48960167446057,179.76892172997032,-2.2793200555097428,179.86802348306082,-2.3784218086002511,211.32226701516629,176.21078128836234,525.58153800666332,194.45855159800635,134.28116174284932,133.95233601489721,162.15068983412323,158.20558280150155,194.38991577308101,192.39600359643708,227.66284009914995,226.33683881432987,252.80618852304562,251.82492902668321,-2.8545638486201881,-0.67233244294143901,-0.56141780521920737,0.11091463772223165,-5.1784268179486332,-1.0872599003356811,4.0911669176129521,-3.3981766995082694,-1.3731167176848942,2.0250599818233752,-2.8925062737956466,-1.4304861332716996,1.462020140523947,-2.1360180600051422,-1.1055705570398686,1.0304475029652735,122.49303001613225,124.08298200937134,-1.5899519932390831,124.15211004462617,-1.6590800284939178,125.45688817640257,132.80031585990582,269.96769656491233,201.86439976297618,157.42493012547763,144.90846628693512,172.94372287554629,166.76437388314699,202.49025368895732,196.91332770990573,228.73463896669162,227.58051070830197,250.96638636022371,250.58543734657047,-6.6340239505243233,-14.255093834753922,-1.9279989602332819,12.32709487452064,-8.6486467266473142,-2.025751876969025,6.6228948496782891,-7.7579743282755089,-2.0773046610717927,5.6806696672037162,-3.3729322905299455,-1.9930297748162502,1.3799025157136953,-2.1866013455257587,-1.8585765798468969,0.32802476567886174,54.996571419909742,55.685940435854718,-0.68936901594497613,55.715912901992851,-0.71934148208310944,85.865378505117405,43.410465502962325,255.61384131759405,179.66372556367091,121.18738054327824,122.87496933358676,132.44731715190642,140.54753552636706,170.27349193989954,179.98088427441886,224.24582083458452,222.86654885686437,259.09865371420057,254.75955797187936,4.9675185286968713,2.9095660579191787,-0.19472206828557148,-3.1042881262047501,9.3374543524636522,0.32324040122523456,-9.0142139512384176,9.8430966392263315,0.1798920322729316,-9.6632046069533999,-0.41514682601001596,0.49524388211671067,0.91039070812672662,-3.8757826912480198,0.69111743052170027,4.56690012176972,-3.7794601019041352,-11.601542479221195,-13.582761391812483,-17.1646598926731,-3.4702199086986809,-17.986101079110966,-4.3597976287672395,-17.60107096750184,-0.48042601673429886,-2.9577854645199295,-0.050583285520616528,1.6891813457222611,0.51365521245057444,0.59367566867621535,0.75364466855511569
1527,2008,129.32559156900041,43.725200010473941,4,4,22.381216950042724,0.5714263916015625,124.04988077099551,133.68006459564276,-9.6301838246472471,134.09876997279935,-10.048889201803831,149.43375700247725,249.82420928450665,519.51449555158615,195.16985809802082,136.52625085323476,134.30336240575849,163.66216022608353,157.64448268557149,195.75766800330823,190.82673646121376,227.6007496424584,226.0741934583242,252.58336234046055,250.69697478199907,-2.9322374270650755,-2.1046927517254801,0.15432965805453591,2.259022409780016,-5.6877574575852066,0.27739784050379512,5.9651552980890017,-4.5032348979531207,0.33521990738557861,4.8384548053386993,-1.2816893441867023,0.3327722479491797,1.614461592135882,-1.6310060134688058,0.28842782690651347,1.9194338403753193,90.162685121315008,91.437746373605478,-1.2750612522904703,91.493185823794192,-1.3305007024791848,94.710645412163103,190.80362934476034,303.72813350218348,200.23551009183385,154.22689145477304,141.43949678075467,170.04838142681055,162.19827619287454,200.05810235143494,192.85238899326384,228.71800714930058,226.60462457403654,251.84133359330377,249.67138520524372,-5.4931651654687244,-12.271516197424006,0.44051553481861561,12.712031732242622,-7.5929338763170335,0.45063285207055515,8.0435667283875887,-6.5495481713483059,0.44590936237378287,6.9954575337220888,-2.1444304173955118,0.47778659039130389,2.6222170077868157,-1.9801696120478596,0.42727296407170456,2.4074425761195641,33.887195575174701,42.242319226801555,-8.3551236516268546,42.605584804656246,-8.718389229481545,54.723111335597423,59.020580088757924,215.78636183962226,182.45428747517153,120.86316608060206,123.44927541559289,138.24802574320796,145.99883152419608,184.50151298787583,185.02086159251698,224.6835531986664,225.02541501534154,254.26265739396132,253.14011572655266,4.6415654879643853,3.8194782941503291,0.015921457370652092,-3.803556836779677,8.2336307353859866,-0.019761619685283449,-8.25339235507127,0.53962614870920333,-0.00100778742725538,-0.54063393613645871,0.085573224476405585,0.11651671794589902,0.030943493469493433,-0.97926756050907215,-0.032682304264199047,0.94658525624487311,-2.5609277384036488,-10.13473065343311,-10.166823445698526,-16.090994491574335,-1.905176418731827,-15.82656461170302,-2.0463132733951852,-7.0891743200575092,-0.86274107320880944,-2.2300036418719174,-0.34916359857905377,-1.0009020515387874,0.58463841933747207,0.63379685629260485,0.76375155911118264
1528,2008,129.57559271257088,43.725200010473941,4,4,22.381216950042724,1.7894744873046875,136.81424537962448,143.58908282000266,-6.7748374403781781,143.88364270493912,-7.0693973253146396,159.51742370905686,227.84416051986045,506.80345828831196,196.01417253508669,135.45648332897443,133.30288639314992,164.18156364413096,157.73728630311598,197.46854258938356,191.38544422275697,228.27447126313388,225.91080550494499,252.96545379348535,250.94976557520445,-3.1115172812643266,-1.5974785813049266,0.42911893224359687,2.0265975135485235,-5.6313825842717335,0.88242904867217931,6.5138116329439129,-4.8644275424758519,1.0757100757032276,5.9401376181790795,-1.369158407285255,1.0856036731371432,2.4547620804223982,-1.2001461296983678,0.87273535488088783,2.0728814845792556,100.70061976482793,97.43361685677155,3.2670029080563836,97.291572949958208,3.4090468148697255,104.00055934328429,177.03857019689349,295.3703232021071,201.49278721183515,156.05065229538695,141.36393221075434,171.73890928352085,163.48945655109611,204.02462844026383,194.12196347901224,229.00660780189364,225.87786433630444,251.59465983762678,248.62430949960259,-5.5581884142719105,-13.060268090009316,1.3152952463904057,14.375563336399722,-6.9792014185327105,1.4492121375513705,8.4284135560840809,-8.4396209634782906,1.4829605910112207,9.9225815544895113,-2.1972674190072894,1.5144104354215813,3.7116778544288707,-1.6570077129366041,1.439483524606942,3.096491237543546,36.113625495587257,46.155469068947241,-10.041843573359984,46.592070768259873,-10.478445272672616,55.516864486844497,50.805590382571609,211.4331352263689,181.53270563519158,120.43972482075601,122.49472407563459,131.01863002424017,142.8160794388719,182.20307156609815,183.23029462239538,225.04777343271718,226.00072552198449,255.17892860724888,257.22389166057559,4.9358064489633193,3.3962254426421339,0.27855645190170719,-3.1176689907404267,12.079408342785911,-0.12705781484757495,-12.206466157633486,0.53380722354728505,-0.18781919750983889,-0.72162642105712393,0.95935423234809036,0.060821911290190656,-0.89853232105789971,0.86424504618699416,-0.75455301493570914,-1.6187980611227033,-2.4466711330075839,-10.49399486323523,-11.46278950870439,-16.45649353265145,-1.3478188342609769,-19.058609761318621,-3.5751934210024388,-8.9734281870255757,-0.82810901172203444,-3.1566216513553798,-0.45686158323823634,-2.5212527591235983,0.58281039399315993,0.65196990350703299,0.77701605252008021
1529,2008,129.82559385614132,43.725200010473941,4,4,22.381216950042724,0.28571319580078125,91.518465051347448,108.62851219111326,-17.110047139765811,109.37242701981449,-17.853961968467047,118.51002911798241,275.47433798524798,515.28314568847418,196.01557337874877,135.52680656342977,132.57108522498777,163.83308689575631,156.48517253164167,196.22222857517926,192.25640430604423,229.21596874619584,228.87804570175206,254.58636426620038,252.99917347030504,-3.0544931683406844,-2.5363668481856223,0.081937176171891224,2.6183040243575135,-7.1607132167237921,0.13979336901945771,7.3005065857432498,-3.7223127979433741,0.15332592379925813,3.8756387217426322,-0.19738084211579121,0.15696321798921531,0.35434406010500652,-1.5563250242920788,0.12597183202953488,1.6822968563216136,65.062292264912685,75.495251467888011,-10.432959202975326,75.948857431270881,-10.886565166358196,72.066077907814361,218.13015238177104,309.26839480549097,201.02883435622965,152.35853015361496,138.4496609568954,169.98590926917018,160.89729727018471,201.04243625988892,195.00232001033751,230.41425544170028,230.19206481083162,254.99357439541262,253.17200231711229,-5.3169399750443631,-13.172249847687397,0.20003226199779078,13.372282109685187,-9.2042838277399426,0.21399288985924159,9.4182767175991842,-5.6179737936656977,0.19643428092717841,5.8144080745928761,-0.051569389805848687,0.21418595839929822,0.2657553482051469,-1.9350186705393355,0.18307203656394222,2.1180907071032777,26.456172667225474,33.133260906297437,-6.6770882390719635,33.42356952042428,-6.9673968531988066,46.44395130330031,57.344185633279267,206.01475119590759,181.99827342891419,120.41753730258161,123.2433842963099,135.73709230248167,145.03162954142169,185.06031864724289,184.6355210005446,224.57608493540343,225.34259921256461,254.18847800063659,252.54142758255981,4.7335165128303629,3.7552206195089468,0.032936466510776086,-3.7222841529981707,9.8011754901338577,-0.0006073814716103243,-9.801782871605468,-0.47926508423654468,0.035296785388482022,0.5145618696250267,0.93526435066269187,0.080893251071586292,-0.85437109959110558,-1.5781452088172045,-0.018663448753159173,1.5594817600640454,-2.2624468067036787,-10.050456487874726,-10.635882999501774,-16.927470467196343,-2.0435706110161505,-19.0054593178738,-1.8956609957223236,-5.138708709429153,0.14581145230994252,-0.98683374046854055,-0.37869364624725677,-0.35687346172213097,0.60019117138456923,0.60810109021295677,0.79183474575933888
1530,2008,130.0755949997118,43.725200010473941,4,4,22.381216950042724,2.25,110.7498934864343,129.2573625335317,-18.507469047097402,130.06203521525822,-19.312141728823917,133.5037906765283,264.08524295694224,527.52801559120417,194.76770890478818,134.91607991462394,131.02164887808388,162.76250686336763,153.81322779421396,195.79341590729089,188.83865555173512,228.13976627761156,225.13737395425807,252.1127555198866,248.58296781542541,-4.1324213776022134,-2.9254619723497228,0.66443709634461356,3.5898990686943364,-7.7170362739691996,1.0619119708558458,8.7789482448250453,-5.8875134302128629,0.99895695890759839,6.8864703891204613,-1.9510063245276115,1.1326331512766785,3.08363947580429,-2.5672842909222879,0.91085041619095364,3.4781347071132416,77.353944485334068,89.586315618877052,-12.232371133542983,90.118157271295786,-12.764212785961718,83.181896924299508,206.61394719288,319.85624907980673,199.34105956555865,147.16890504669902,135.31238092112241,168.82147880150492,156.76823772570876,200.02193841941576,190.74428675370373,229.52355378451136,226.2254410648344,251.90556292261547,248.51308880105,-6.3740286187196205,-10.007393607207888,1.4292253337616785,11.436618940969566,-10.71333409389436,1.5609659189080105,12.274300012802371,-7.7386740473425846,1.5309744117138564,9.269648459056441,-2.0397945679350471,1.42889512919308,3.4686896971281271,-2.3249497848066198,1.2558179184348717,3.5807677032414915,33.39594919481533,39.671048188706663,-6.2750989938913335,39.943878716338986,-6.5479295215236561,50.321893880751304,57.471295942876168,207.67176681756973,182.47251639448186,120.67339563882889,123.36058979123024,139.15762256521546,146.15809589237159,187.51823297917656,183.7668272275661,224.08512167435489,222.8061796092874,253.95845521761944,248.78436911058265,3.0791855167727249,3.8147607654387912,0.23516712333866963,-3.5795936421001215,7.1792998192202617,-0.32719652821140244,-7.5064963474316642,-3.2487860864511333,0.4374755483038939,3.6862616347550272,-0.85145775882469366,0.288488210532023,1.1399459693567167,-5.1664894168001183,0.063448783976696177,5.2299382007768145,-2.2416072411174071,-9.4532141354923453,-7.0819316348581651,-13.822154372646679,-2.9962978199251609,-17.892633913114622,-1.8511606171297217,-4.4898879608914513,-0.08878824340743563,-1.1883368091103534,0.24233450611566809,2.8415396319934985,0.60633035521600065,0.62306767847397138,0.78237596648506169
1532,2008,130.57559728685271,43.725200010473941,4,4,22.381216950042724,-6.0476226806640625,84.546454951239866,92.235773601838446,-7.6893186505985796,92.570093223934236,-8.0236382726943702,126.05986027174549,284.37796103128494,529.35226281732321,193.32603123616443,131.7191093539534,133.56144415291962,160.81200570356569,158.61905738091471,193.25771245280146,194.41004830713288,227.03792416820261,231.07921509590622,253.38133321411081,254.98021891535257,-1.305601833460571,-0.0091788023578374123,-2.0564241462336668,-2.0472453438758293,-5.1542860309719458,-2.9977376072098991,2.1565484237620467,-1.9251054956530709,-3.1239533319601946,-1.1988478363071238,1.0639833975968713,-2.9872435001544488,-4.0512268977513202,-0.76744351821221812,-2.2830316020736916,-1.5155880838614735,54.439554681295704,64.916776098711125,-10.477221417415421,65.37230791838374,-10.932753237088036,62.356184294247214,231.34155990661384,311.58459753892384,202.00915686469062,154.90549187079674,142.38143352567945,172.17059165249512,164.826116994952,202.96223175550836,198.57288119504571,231.33213591568844,233.3238800707322,254.29308929523361,256.01719438500055,-6.9356219741917471,-15.809663679761854,-4.2252025310311012,11.584461148730753,-12.299359251083899,-4.4297509613377315,7.8696082897461679,-8.4986204917354087,-4.1728840601792001,4.3257364315562086,-1.8581960955118006,-3.7871709745301132,-1.9289748790183125,-1.6856407913362546,-3.1362868338140117,-1.4506460424777572,30.10690024014184,27.318997772765215,2.7879024673766253,27.197784769108694,2.9091154710331466,63.703676055030883,53.036400916054845,217.76766520738602,171.48079623239374,119.89643657307221,122.73022955169375,128.68442193569319,142.61678629986085,158.9885032000393,184.04540555203383,202.27627218891021,225.27631486594044,244.87095107381589,252.63843434877901,14.049557349268014,3.3125332993926548,-0.71036781595624632,-4.0229011153489012,15.209926349854015,0.46753716887587871,-14.742389180978137,24.165882325582714,-0.72261623756014615,-24.888498563142861,21.767536689181213,-0.57938097020203827,-22.346917659383251,7.1158213481745349,-0.40427375664086185,-7.5200951048153968,-5.6300201407311761,-20.985179323459761,-15.800484877404017,-19.122196979154509,-7.1450732201119536,-27.509285600937915,-6.5735149960823378,-32.664502817318123,-2.922179493108672,-23.625732784693014,-0.91819727312403643,-8.8014621395107895,0.58861484010780574,0.49465534992524068,0.81350031158414393
1535,2008,80.825369716330627,43.475198866903483,1,10,22.473093287673951,-1.2857131958007812,96.708951718101162,95.62134914811395,1.0876025699872116,95.574062047027837,1.1348896710733243,114.93831524994857,167.44869491611826,349.20035860268399,167.18543389862063,113.91082599537791,117.04428911159202,136.26376403576234,141.95323076329043,167.86711395608029,172.91081686764323,198.99925804558649,201.57425248775519,220.50833034251585,221.02118842793615,2.9833511519680087,2.6158739968645222,-0.84347147509386389,-3.459345471958386,4.5700259719581311,-0.82466495341299151,-5.3946909253711226,4.0492825509185195,-0.78441206312643885,-4.8336946140449584,1.8371215728949721,-0.61728159832705387,-2.454403171222026,0.089530407578422455,-0.37870205971177029,-0.46823246729019274,38.17750807896482,36.120553263572219,2.0569548153926007,36.031120449404625,2.1463876295601949,38.17750807896482,115.39753826422202,170.45295455191808,178.81117464574427,140.50385032361518,143.9178346606287,157.93912730503311,159.78024655677174,174.84070334429498,182.08128469191749,200.34138523839138,204.51488014536895,220.49775446249629,220.96882027482681,2.2234636747063519,2.1991482028466578,-1.1865999087396801,-3.3857481115863379,0.67017765470080803,-1.124262432106633,-1.794440086807441,6.0562106000546976,-0.95748647690402322,-7.0136970769587208,3.2366476597482858,-0.77422446405549294,-4.0108721238037788,-0.49720480818925239,-0.49665843454221204,0.00054637364704035463,58.531443601883439,59.500794939426669,-0.96935133754323033,59.542941389938278,-1.0114977880548395,76.76080713373085,52.051156741303203,178.74740431783721,153.32473636519211,98.746157181123522,105.69796213038676,116.41285393817948,121.40119202548087,142.42088183842674,153.87749827994037,193.44367756343229,195.7905427667628,220.57606788032882,221.09139974447746,3.9451682661917005,6.5375246426560096,-0.72618037855943385,-7.2637050212154435,4.3074454579213892,-0.75015575709483073,-5.05760121501622,9.1546522377347799,-0.28420914379529449,-9.4388613815300744,-0.25531158078501903,-0.24735563452350107,0.0079559462615179655,-1.1184366285839644,-0.21519735553212627,0.90323927305183815,-0.75988747726165684,-1.7217045914853486,-0.41672579401786436,-4.3383764398093518,-3.8998483172573231,-3.6372678032205812,2.0069280491361781,-3.0984416376800823,1.3995260868533137,3.4919592405333049,-0.58673521576767484,0.62123182039471203,0.48812365266170138,0.33215649625577665,0.68915161340629894
1536,2008,81.075370859901085,43.475198866903483,1,10,22.473093287673951,-4.6666641235351562,76.933190116362312,75.198857788211171,1.7343323281511402,75.123450442115427,1.8097396742468845,94.241257472536745,151.47563915543105,297.85854858811945,173.47318937068712,120.03488570105719,123.94937725819705,143.37273724819357,148.49022305409733,173.26259877267637,179.04172399919014,204.55325155440232,207.78993170013581,226.77395325256234,227.53291125380545,1.3487703649647926,1.3961345435968582,-2.8284841698531267,-4.2246187134499849,1.9731041055771072,-3.0544796685040581,-5.0275837740811653,2.6653693286959026,-2.9895088755539234,-5.654878204249826,0.81010501330544571,-2.4864300541505884,-3.2965350674560341,-0.72949352347569629,-1.5409698962775167,-0.81147637280182039,39.603906403699511,37.007074640241626,2.5968317634578852,36.894168793858626,2.7097376098408859,39.926443963715428,103.89847141557038,154.03057672735304,181.26635149509619,139.36344738679622,144.46541196775559,157.95177025055949,161.81828900527179,177.31233856407053,185.12737958164129,205.63792275207166,208.26916392561742,228.219950093611,225.94313670963544,0.0010095078356187059,1.0560987198985003,-4.4488320521828939,-5.5049307720813943,-0.45103942857471679,-4.2261971752039926,-3.7751577466292758,3.7219780843946637,-3.8431828946256701,-7.5651609790203338,-0.83305897365008263,-3.3924009321646054,-2.5593419585145227,-5.5198092811259016,-2.5492110521318807,2.9705982289940209,37.32928358972822,38.191781868953512,-0.86249827922529221,38.229281837005146,-0.89999824727692612,54.314813404513188,47.577167888872282,143.82797195669264,162.47280581994033,105.70480490266452,112.58263174468496,122.03279583212569,130.0392693638878,154.84787760238419,166.6194155391068,202.96542149236328,207.00934412802525,226.00912554190236,229.36419210615799,4.1643324378616455,4.6397884250579295,-2.3297465304354716,-6.9695349554934012,5.1625401555160551,-2.3866209396915679,-7.5491610952076229,8.8329135018695979,-1.2823870132570789,-10.115300515126677,2.35949313004582,-1.0380707282354535,-3.3975638582812735,1.753971360588082,-0.55291419594180979,-2.3068855565298918,-1.3477608571291739,-4.1633229300260268,-0.34003582369835783,-3.5836897051594292,-2.424143534151824,-5.6135795840907718,1.0566087556987611,-5.1109354174749342,-1.6431639869555283,-3.1925521036959026,-4.7903157576502053,-7.2737806417139836,0.51712659400737038,0.42366204605610835,0.68590878371510855
1537,2008,81.325372003471543,43.475198866903483,1,10,22.473093287673951,-3.0454559326171875,76.609159682193422,73.81109630301944,2.798063379173982,73.689441982729477,2.9197176994639449,89.576171599454028,119.95163061817584,250.61059599556029,179.75562316839719,120.55845543828677,121.59565782616946,147.16990213914463,148.53251867463226,181.36383763023321,183.50594636096639,213.08168558341086,215.37956844566963,236.34642933252832,237.73104460804819,0.17702344536414216,-0.31359987518395371,-1.8194020472934085,-1.5058021721094548,-0.7296190887518037,-1.8598740426698157,-1.130254953918012,0.15173939407623038,-1.8459022196143451,-1.9976416136905755,0.77602133831516085,-1.522488483041343,-2.2985098213565038,0.41650419665117511,-0.95800407928436471,-1.3745082759355398,25.39607496877943,20.07331993949083,5.3227550292886008,19.841896269012068,5.5541786997673626,25.413722726672859,61.943534598296537,93.576551688602194,193.24979505408157,152.57903407387244,149.17393727758318,169.13524306808637,170.21621821476933,192.98384998790632,194.16655464984791,218.78660984550885,218.0803174888228,238.16688920527383,237.58290634981711,-2.4943057200664214,-5.454004584769848,-2.797467777987805,2.656536806782043,-1.973962762332377,-2.7239669551452721,-0.7500041928128951,-1.5166700322768349,-2.5815459200216253,-1.0648758877447904,-3.0862811371131045,-2.2154272891540074,0.87085384795909704,-3.7622091321007645,-1.7742803105438725,1.987928821556892,51.213084687336959,53.737777016131076,-2.5246923287941172,53.847545548111157,-2.6344608607741975,64.162448861372468,58.008096079483948,157.03404429741204,170.10670297864002,113.4386599205647,115.79152085583503,130.28704917713418,136.86197246820163,163.8597261834654,174.48518954410054,206.59775430322173,213.12098655198309,233.68833046197534,237.82128994823336,3.7828062380639267,0.75081001210611475,-1.9056210871920456,-2.6564310992981603,4.7952525119426639,-1.5941066230602701,-6.389359135002934,8.2522674614001801,-1.2989200232516112,-9.5511874846517912,5.3281994180699428,-0.88594429476796677,-6.2141437128379096,2.7934805480951184,-0.43567176946763198,-3.2291523175627503,-2.6713291654305635,-6.2771119581303481,-5.1404047095858942,-6.2048145968759627,-1.2443436735805733,-6.7692152742750409,-1.6684094263530653,-9.768937493677015,-3.8623024754282653,-8.4144805551830473,-4.1787133287519396,-6.5556896801958828,0.37339423465662225,0.28371074888433562,0.51640427294791991
1538,2008,81.575373147042015,43.475198866903483,1,10,22.473093287673951,-5.434783935546875,84.30209120442305,83.758661171530548,0.54343003289250191,83.735032528282318,0.56705867614073213,104.67788379408012,133.68764497079792,300.01638092380017,175.18736364036496,120.41947696082718,123.81673018964987,145.76579143317491,150.13643954851025,175.87752293426186,181.23813609337842,205.96243778414907,210.10398650114971,228.19559336956902,229.74375940959735,1.2582138856762981,1.2853281575137885,-2.3670960965343824,-3.6524242540481708,1.2071433312727606,-3.1136121334129143,-4.320755464685675,2.0317587685470926,-3.2085645258125908,-5.2403232943596834,1.4261076220201119,-2.8007528993308881,-4.226860521351,-0.066022426383426591,-1.5121670490621852,-1.4461446226787587,45.461216965089989,43.276782560798893,2.1844344042910961,43.181807490269421,2.279409474820568,46.937523839394999,83.624517613629905,139.75061490287771,183.18546733850735,141.16815681896276,144.21325289465153,160.02604592562616,163.59270893222367,180.18260162895524,187.6414490261871,208.58479231005933,211.28083683152425,227.65637960484864,228.56575931886584,-0.51596768093281753,-1.4617766860984602,-4.9697316512499299,-3.5079549651514697,-1.3913841863522123,-4.8384128875199508,-3.4470287011677385,2.7934032806291782,-4.5826272358272888,-7.376030516456467,-1.0546939006532057,-3.9879109599817184,-2.9332170593285127,-2.7244854389033435,-2.7847913577114412,-0.060305918808097658,38.840874123849062,40.481877241121765,-1.6410031172727031,40.553225376204864,-1.712351252355802,57.740359738618281,50.063127275211627,160.26576568093151,165.5007684230572,108.6850795278656,112.30544215988358,125.57254203047518,132.39265535039522,159.92112754520477,169.80127125164358,204.69584876611489,208.04457723985166,228.41306298258388,231.16682302312273,3.4594933129031631,2.1348495927909283,-1.4556048195525193,-3.5904544123434476,5.0773305471299466,-1.5868062584498546,-6.6641368055798011,7.3898135784187957,-1.0476702078543383,-8.437483786273134,2.1827279612002712,-0.72337658514226177,-2.906104546342533,1.1447109176839092,-0.56014791976906508,-1.7048588374529743,-1.7741815666091156,-3.9754609938359806,-2.7471048436122487,-3.5966262788893886,-2.5985275176249729,-6.4687147334821589,0.76164451208208561,-4.5964102977896175,-2.4808015226733175,-3.2374218618534769,-2.6584630125199169,-3.8691963565872527,0.46580994835202799,0.44839962500320885,0.62552166007484411
1550,2008,86.575396018451272,43.475198866903483,1,10,22.473093287673951,1.695648193359375,96.851674953395559,83.840563519237548,13.011111434158011,83.274862797878086,13.576812155517473,114.07990149650504,115.51656871430896,303.19568713381886,184.02424522321252,134.4453709654756,135.57941683885039,153.14843104509674,156.92806671549948,184.04436208151031,186.74326108462529,213.19720944764987,215.63779047893416,236.62611298106239,237.35776274241985,3.0562123905552312,1.7138917394384237,0.43032439319875948,-1.2835673462396642,4.371718372357094,0.58973341585698336,-3.7819849565001107,3.3323868290704866,0.79826428676037153,-2.534122542310115,3.1548694519289882,0.74093574710789767,-2.4139337048210905,1.1092564318250311,0.43988034874337245,-0.66937608308165863,29.975715717736421,21.887154253275185,8.088561464461236,21.535476787452353,8.4402389302840675,29.995977111596403,55.469002627000009,90.628766011446714,194.47590342316377,161.87963282259375,162.72861790417724,175.9715458897721,177.14536669925943,192.86986856770986,196.26322804805349,212.21237038284303,215.52723112982278,230.7249109193678,232.34238016025304,3.6848022131939899,2.9852634878916149,1.6479696267975044,-1.3372938610941105,2.8466838342964706,1.6164642724986606,-1.23021956179781,4.8028578748273958,1.5577172997368791,-3.2451405750905167,5.115270396575454,1.3965234547248997,-3.7187469418505543,1.9847010803137266,1.1321540845575839,-0.85254699575614268,66.875959049394623,61.95340959103396,4.9225494583606633,61.739386352909605,5.1365726964850182,84.083924185605611,60.047565765314175,212.56692065671086,177.82677396212156,127.94941166561181,130.27732806768657,141.62497130002114,146.46018422567153,169.3826614773869,177.29763611301078,214.14691066336189,215.72799483291624,238.84518586525749,239.94376558885065,3.6113259045777397,2.6322364532497744,0.18499506185082737,-2.447241391398947,5.5855327562368586,0.51862568047158675,-5.0669070757652719,7.8047526350053715,0.048098335502345435,-7.7566542995030261,1.4417799503535775,0.15062145601606858,-1.291158494337509,0.35134878628707611,0.047156288258719314,-0.30419249802835679,0.62858982263875873,0.073476308616250208,1.2713717484531912,0.35302703464184049,-1.5250345380606234,-2.738848921940388,1.4704710457569092,-3.0018947601779757,1.9604009446464659,3.6734904462218765,0.87544464848869552,1.6333522940266505,0.2989117914841799,0.26293831532204959,0.48018222186103682
1551,2008,86.82539716202173,43.475198866903483,1,10,22.473093287673951,0.79166412353515625,157.45605270120359,149.67639740332015,7.779655297883437,149.33815069238335,8.1179020088202378,177.13923332808008,143.52867980745577,410.05166609724984,186.59925183183961,133.01144124504864,131.09664101086074,153.4221758786156,154.94589908740201,185.78116001210344,186.29608486442564,218.04783046512279,217.69159219235436,242.03305796363495,241.87812681073851,0.29580461094965926,-1.6702423210829238,0.21705549426548032,1.8872978153484041,1.8384769533721226,0.35053587415509924,-1.4879410792170233,0.85481129148521973,0.46823167677806055,-0.38657961470715918,0.11372172089053834,0.46636464877161643,0.35264292788107809,0.12282320424017712,0.33838198492205152,0.2155587806818744,90.459210070304835,69.546813469854897,20.912396600449938,68.637580034543134,21.8216300357617,90.676070483856165,87.684310590393579,181.16470176354051,193.27010309654085,154.32723503469759,159.63793304236924,168.83173111702027,174.77154769794527,191.70462397720229,197.28646871805586,216.45211621417192,220.31053120584758,234.48090763992278,239.69141522969122,5.6548344589165822,6.1859274589756126,0.7844896522969691,-5.4014378066786435,6.9136480601296171,0.76146881784066522,-6.1521792422889519,6.3678056478607061,0.75009814743216907,-5.6177075004285371,4.6374341748860957,0.69822025313044378,-3.9392139217556519,5.4235859920840426,0.58890193801090618,-4.8346840540731364,66.996842720305722,80.129581844817039,-13.132739124511318,80.700571058930109,-13.703728338624387,86.463162933630883,55.844369075501163,228.88696430390701,178.23837612352852,121.94530741914092,121.17211144983368,135.36417940158918,135.79123636608671,163.87667719877899,163.94203750269364,221.85491689878174,212.08245374348471,251.08976316530055,244.66828076648164,-4.1181203081510489,-0.369950225974776,0.12924575779287295,0.49919598376764895,0.79320487766281644,0.26102650666061322,-0.53217837100220322,-0.520670528464791,-0.052434916895776951,0.46823561156901405,-11.110094171803496,-0.11939197389972378,10.990702197903772,-7.9047653045321056,0.08480824675169174,7.9895735512837973,5.3590298479669229,9.7729547670676311,7.8561697800585364,6.5558776849503886,5.0751711067574945,6.1204431824668006,5.5129943563754864,6.8884761763254971,4.5237124539955573,15.747528346689592,5.3007627878438655,13.328351296616148,0.44180945169132568,0.51189151482842177,0.61091839420541172
1552,2008,87.075398305592188,43.475198866903483,1,10,22.473093287673951,-1.4000015258789062,96.062124258605763,88.767615876364289,7.2945083822414745,88.450461959324457,7.6116622992813063,108.75758863050658,140.68498991576053,305.55140380188823,183.53439531503221,127.33871162493045,122.39921005138692,150.47964018611495,149.25252493785098,182.18532951889566,184.30487309550961,216.6489174671556,218.02098888037125,242.83267873461151,243.80166810044014,-0.49127395953513542,-4.8229858575193703,-0.54020595730379739,4.2827799002155729,-1.9302445871899465,-0.7201565616942105,1.210088025495736,1.1902136326608002,-0.85686061397356639,-2.0470742466343665,0.5085525082478739,-0.82612649793526316,-1.3346790061831371,0.26056774737273258,-0.57654785596076863,-0.83711560333350121,38.987819534066148,28.356662743399283,10.631156790666864,27.894437970549916,11.093381563516232,39.124883514168687,87.137214112144648,132.49662115611136,192.87294548378446,153.68809883240459,158.83258277694233,167.79750532584387,175.47298420229993,189.44266861295603,199.08489211745209,216.54499805904294,223.6183828810322,239.18388709558715,244.97624339498094,6.2496977945607739,4.4079108570055041,-1.3404718277796235,-5.7483826847851276,7.1705027222037927,-1.3170073152221278,-8.4875100374259205,8.6073507775973894,-1.2185860686070669,-9.8259368462044563,5.8516737208556719,-1.0871455652285533,-6.9388192860842253,4.3444104988341223,-0.80413515444286077,-5.1485456532769831,57.074304575528004,60.410952568210632,-3.3366479926826287,60.556023705652478,-3.4817191301244748,69.632704967326276,53.547775982429812,173.05478259921074,173.96222194700235,116.80429847731169,113.54774796373144,131.60929610925561,130.33293316705203,160.93690318769131,160.28082291250433,216.95604597971064,208.61887144730329,246.871333823529,242.46860243748989,-4.7654190426244725,-3.4689145271192245,-0.46308403374372631,3.0058304933754982,-2.2879627291346196,-0.67461696280767569,1.6133457663269439,-1.6596252322928535,-0.45427774075432126,1.2053474915385323,-10.063846640657175,-0.16703979037325212,9.896806850283923,-6.1045856128208129,-0.31739173190078418,5.7871938809200287,6.7409717540959093,11.015116837185246,9.2308967145248744,7.8768253841247287,9.1007473093937392,9.4584654513384123,7.4171371449365893,10.266976009890243,5.343121212607798,15.915520361512847,4.0838427514613898,10.448996111654935,0.43363119759063129,0.35974394069265098,0.61937818785302357
1553,2008,87.32539944916266,43.475198866903483,1,10,22.473093287673951,3.1904754638671875,127.49107577598261,121.17001086783421,6.3210649081484007,120.8951817166635,6.5958940593191073,141.05685183732203,140.77077053122503,386.71176298428327,182.72418462955201,131.40314600595153,125.34817931472512,152.9428282704917,148.20535048213983,183.12759110262118,180.33892272934298,213.40093452076226,210.81238185838623,233.73112789410342,232.80855538647714,-2.0634344052207894,-5.4128672528985788,0.48437640375264834,5.8972436566512272,-3.7286574471709173,0.93737331985494166,4.6660307670258589,-1.4684749626777602,1.3253719828684609,2.7938469455462211,-1.4659920994086519,1.1835129092257546,2.6495050086344065,-0.27731902895573057,0.6696930450497689,0.94701207400549947,80.210897335764457,52.004771561565576,28.206125774198881,50.778417458192052,29.432479877572405,80.38228880146562,105.88881643785635,195.7601594561711,190.09430386117936,151.3290069936248,154.54842750494964,166.16939114965169,170.69570274032594,188.70418407949725,193.06316361648354,214.59695130461697,215.42192298652338,231.11606612728576,233.75184175738144,5.715454593526573,6.6028365556268227,2.9836428327623707,-3.619193722864452,8.0566431275215393,2.8687482513416853,-5.187894876179854,7.3149120755820434,2.6174214935461464,-4.697490582035897,3.0892025429331795,2.1877541460471548,-0.90144839688602474,3.8106128267246504,1.4915470881076089,-2.3190657386170415,47.280178380613506,69.165240814479148,-21.885062433865642,70.116764824360871,-22.836586443747365,60.674562954831345,34.88195414729671,190.95160345453769,168.35739639796554,118.2095015832751,116.02267914437383,129.31374140826873,128.18911090990537,150.24824304343346,151.61290496201963,210.44769270803346,196.78094462407449,237.84763574230155,230.96398153985174,-5.5977849623110103,-1.4467180074976795,0.70510413817657991,2.1518221456742594,-0.71336202930351078,0.85607262412980845,1.5694346534333192,0.84606392711589251,-0.20949203951701634,-1.0555559666329088,-15.874760312012967,-1.4329226326969149,14.441837679316052,-10.469659656171814,-0.17528145139704066,10.294378204774773,7.7788889987473624,11.313239555837583,12.015703808525402,8.0495545631245022,11.785300574692457,8.7700051568250501,8.7833870382598036,6.4688481484661509,4.5551946423418315,18.963962854946146,4.087931855680381,14.280272482896464,0.50621723514556549,0.56985738554670751,0.75220740810229958
1564,2008,114.32552295477265,43.475198866903483,3,10,22.473093287673951,-49.6842041015625,9.8367649452629848,17.315695834477083,-7.478930889214098,17.640867573623837,-7.8041026283608517,108.0055359665057,111.72982991550089,388.48287333548069,206.09863094167608,154.53766377619959,148.8288059093008,177.51552969059935,174.47704546311061,210.18130774049555,214.15329203302173,235.7779024180646,242.62548672769009,252.76005714428348,259.45213365461075,-5.97836145259555,-4.2856017319679154,0.69330179271813108,4.9789035246860465,-5.0928472769041946,-2.1405843176391954,2.9522629592649992,-10.292705730994612,-14.291062090772698,-3.9983563597780858,-8.080199290168224,-14.293509855099558,-6.2133105649313336,-2.5692434844125955,-7.8938687750784879,-5.3246252906658924,7.9733186786688748,6.850736074773522,1.1225826038953528,6.8019283635258034,1.1713903151430713,40.441701166450002,45.684294602240698,113.13112466200255,208.2649022335651,148.46129521213354,165.45172565598415,174.78686724300769,189.366519903137,211.38699595183681,220.63052658356713,240.81144163915198,247.04152935944879,260.67653988443266,262.27654294764636,-9.8887386193766247,-0.91986839764703632,-18.275018918236384,-17.355150520589348,-4.97728222142851,-20.186877747164544,-15.209595525736034,-12.04561170300363,-20.868999002619205,-8.8233872996155753,-15.742075776671811,-20.330458928909366,-4.5883831522375544,-14.550639218872305,-13.347317461518116,1.203321757354189,1.8634462665941101,10.464960663186503,-8.6015143965923926,10.838939269702678,-8.9754930031085678,67.563834393018624,66.045535130720964,275.35174795240164,204.70222986922829,165.68761822622488,144.53285626007039,178.16267163616132,166.03670094439889,201.17986207143321,209.07105480223393,234.34997659065888,239.12555926663751,247.36185360302252,257.71017092079603,-3.2860084106925171,-11.11038718311255,7.0730777476321975,18.183464930744748,-4.6311126959407716,8.2295670121332591,12.860679708074031,-0.7166478246703889,-9.1549260647493043,-8.4382782400789154,-4.6256622279308885,-9.9502833094666698,-5.3246210815357813,2.5090751046826085,-5.0404777613893827,-7.5495528660719913,-3.9103771667810747,-6.6027302086841075,3.3657333343208791,10.190518785465514,0.11556505547568463,-0.34616952548773838,-1.7529059720090174,-11.328963878333241,-7.6618764865035871,-11.116413548740923,-11.98139573445971,-17.059714323554914,0.29121264392087198,0.37444100253334828,0.40888180566273885
1565,2008,114.5755240983431,43.475198866903483,3,10,22.473093287673951,6.23809814453125,101.06982553005219,108.84775197505951,-7.7779264450073242,109.1859245300293,-8.1160989999771118,112.46818019049533,113.6805082022729,370.52315677329898,205.65747447069486,151.668727635587,147.6213216979759,177.4634464692455,170.38302441676629,210.86757092448713,199.01786015564633,235.77022872386672,226.65592709429274,252.75276252589885,251.23014684191156,-5.0156713194143947,-2.8263455447971353,-0.085474784549745664,2.7408707602473896,-5.2586447719066882,1.7264404807365281,6.9850852526432163,-9.2017424951096132,2.6109918172969344,11.812734312406548,-6.701784324822512,2.7084978929053136,9.4102822177278256,-1.2314593795248072,1.3511911114547956,2.5826504909796029,34.932344734668732,42.335887163877487,-7.4035424292087555,42.657780468463898,-7.725435733795166,37.911205194890499,41.31648161630801,99.591981144971214,209.871678877276,149.23917707175823,146.10897810597044,178.39523085555874,171.22595060047843,214.19171415256747,201.1456797707246,241.30489481038714,225.27756257949571,262.44579389071185,246.67942182675793,-8.4508068020614644,-0.50801638419920891,2.0859270581117357,2.5939434423109446,-4.0478170467054895,2.5899093174646737,6.6377263641701632,-10.029595198111821,4.0668935215322506,14.096488719644071,-13.562174724936767,4.1459040887956746,17.708078813732442,-14.885255043097288,1.8192249004085852,16.704479943505874,66.137480795383453,66.511866748332977,-0.37438595294952393,66.528144389390945,-0.39066359400749207,74.556975017956574,72.364026030896639,270.9311751127243,203.38494918349321,154.31166941081142,149.0628368925772,177.37799083282931,169.97684215080884,200.91881945178034,197.19031203418285,234.29646948079474,227.90661369648728,247.51231947725151,253.76915067673491,-3.2781213536279665,-3.7136271845414797,-1.8325853742993843,1.8810418102420954,-6.7631752639095737,1.1533688872631842,7.9165441511727579,-1.8385784337623079,1.8502632525421916,3.6888416863044995,-3.8093312120093117,1.4143078647790048,5.2236390767883165,5.2040852226364223,0.47706739131189124,-4.727017831324531,-3.4351354826470697,-5.1726854484334979,2.3183291605979264,3.2056108003422707,1.2108277252011987,2.7153582172040842,-0.82785270300220759,-8.1910167643495129,-6.8603904001142553,-9.7528435129274555,-13.653795663572481,-20.089340265733711,0.2687874680013741,0.33708383233975692,0.36344385039863797
1566,2008,114.82552524191357,43.475198866903483,3,10,22.473093287673951,-20.666671752929688,68.083945413833135,67.008516342715666,1.075429071117469,66.961759795753096,1.1221856180800387,105.65288438735115,116.78179601787997,367.79334175959229,206.81860487583739,158.21054972128272,152.30750994203399,178.67631479279294,177.40906363308594,210.97879441899084,208.94576238960752,235.1609953307518,236.35149223480775,252.34011678048736,253.52115486781329,-5.9854323349179026,-6.4553584639714074,-1.3460379842749148,5.1093204796964926,-5.6450067151493784,-4.1623684990953507,1.4826382160540277,-9.6548260676822224,-7.6534788756240459,2.0013471920581765,-7.3058567318443863,-8.4294972376966086,-1.1236405058522223,-2.5714307289324267,-3.086953145998848,-0.51552241706642121,19.706061040806162,25.735298021533708,-6.0292369807275463,25.997438193311609,-6.2913771525054472,37.795908873952158,48.306534135890615,109.58420788450167,208.35016947500407,149.87375464987821,158.15312028583099,180.74901626643151,179.69422941635804,211.02809914837479,213.61952981316301,238.63520784163688,239.58599909020882,258.40011359480127,255.35956052392336,-7.7780216668084563,0.71691488427745753,-8.6567911153458681,-9.3737059996233256,-7.7903674590628782,-7.4433979146614888,0.34696954440138938,-8.6530580126865857,-10.107951129732015,-1.4548931170454296,-11.634957637404199,-11.902709262456,-0.26775162505180106,-11.45977535078805,-7.5134776242168471,3.9462977265712027,48.377884495961553,41.273219195381898,7.1046653005796543,40.964320946790394,7.4135635491711582,67.856975571761723,68.475261967671031,258.2091340534389,205.85132486208406,168.00743382854751,149.9591759192275,178.48410165015397,175.37722015104495,210.78712850189268,205.3694014701293,234.21435006731556,233.27099901318758,247.6356955403466,252.05854672068835,-4.9528321318426265,-13.491039398990267,2.5535203828889337,16.044559781879201,-6.1502108631680983,-1.6679478032772579,4.4822630598908404,-10.030599854855609,-5.5249104011106169,4.5056894537449921,-5.7604764681093741,-5.1945987157795628,0.5658777523298113,1.3761497607796116,0.18185633721128625,-1.1942934235683254,-1.7925893318905537,-2.8251895349658298,7.172273348248865,14.207954283267725,-2.1453607439134998,-1.6401565958947799,1.0017680549956367,1.3775418421690233,-4.3291009055598124,-5.8744811692948247,-8.888344621855623,-12.835925111567661,0.29795049404709251,0.35773664953038531,0.41364780970224679
1568,2008,115.32552752905448,43.475198866903483,3,10,22.473093287673951,-1.7142791748046875,138.2477234005928,131.8286212682724,6.4191021323204041,131.54952895641327,6.6981944441795349,155.57968824749878,128.82183964816795,429.2521954216063,203.70631029209486,154.12773488117622,145.59562893559027,176.22156848685523,167.46073442093933,205.73327657281087,198.01828094459154,231.94657804915877,228.58335397639391,251.91405718999121,253.55114972501391,-5.6195025538356731,-8.3265093457520152,-0.18763898988999017,8.138870355862025,-9.3670527979729172,-0.44547505962628975,8.9215777383466275,-9.1931796937266199,-0.67910229421806889,8.514077399508551,-3.9707423504750636,-0.58701656334247332,3.3837257871325903,1.4415191404439156,-0.070802989584421994,-1.5123221300283376,77.041995406150818,72.815544545650482,4.2264508605003357,72.631786406040192,4.4102090001106262,86.777771521565228,68.394910964052542,172.19785989483353,206.31497166329279,157.09764204586347,149.31684664718964,181.13430885400294,170.23947295261084,207.1374166995125,200.2137012620388,230.50755651996596,227.61680892381318,257.84071294915736,248.62737001609415,-8.5597536738097233,-8.1263831209250839,-0.95214250397239653,7.1742406169526873,-12.924995829032099,-0.9165599967462299,12.008435832285869,-9.1762453135741566,-1.0651578360883036,8.111087477485853,-5.4602845899978547,-1.1690085248194748,4.2912760651783799,-10.482329257913989,-0.91343105406613745,9.5688982038478514,61.205727875232697,59.013074815273285,2.1926530599594116,58.917743325233459,2.2879845499992371,68.801916599273682,60.426928818225861,257.0543354973197,200.57393709851664,152.11102705238071,140.41480764929955,173.6410144726126,164.30864648023859,197.16260081553182,195.24834489270836,233.15633301281068,229.98895904979977,245.68573531502815,258.32687313155606,-3.096643047326296,-8.6356789645162166,0.56326172303803901,9.1989406875542556,-10.901029660813805,0.50829714178601648,11.409326802599821,-2.9702276462708141,0.043818120659921078,3.0140457669307352,-3.4094025732942441,0.12644855345487827,3.5358511267491224,11.418123719295608,0.27758429267299789,-11.14053942662261,-2.9402511199740502,-5.4631106264834273,0.20012622482693132,0.50929584359113278,-3.5579430310591817,-2.0239661682182941,0.016934380152463291,-6.2060176673033425,-1.4895422395227911,-2.0508820167036106,-11.923848398357904,-21.900452977209596,0.40115778493736737,0.5577705708184586,0.53092636427836659
1570,2008,115.82552981619543,43.475198866903483,3,10,22.473093287673951,4.388885498046875,167.77300143340108,143.18434075461846,24.588660678782617,142.11526730583137,25.657734127569711,181.72750337920479,130.09523938081838,487.36698578298092,198.46265254893581,149.59223286006022,142.96833135503599,171.32116965060891,164.02035048284588,198.66106456566499,194.59522650108744,226.90462441275179,224.24732539621417,247.387127444437,248.26327761235973,-2.3217756440554922,-5.4707335114488558,0.94751663432958821,6.418250145778444,-6.2149941698752116,1.1726578094821605,7.3876519793573721,-2.6673792450450264,1.9248026036150918,4.5921818486601182,-0.90021275976002357,1.7520440825357184,2.652256842295742,1.4700853287893665,0.75281449386037025,-0.71727083492899624,111.91614109375951,76.191298168399953,35.724842925359553,74.638043694809312,37.278097398950194,117.90758830271443,70.25029053617618,212.80899943446275,197.26987112629334,148.80300088896931,142.10626251559336,170.90255739852535,160.60285266921616,198.5719244151328,192.8224636645611,220.14235616956751,221.2393259301129,248.39879366229283,243.13634111772407,-3.0012435285719334,-4.3378405139515905,2.4213391132097115,6.7591796271613021,-8.1553816945542508,2.3682854706173089,10.52366716517156,-4.1012923426757197,2.6781116084942767,6.7794039511699964,3.3438515667352533,3.0661406411855694,-0.27771092554968391,-3.7710236732780231,2.3516956621016902,6.1227193353797134,55.856860160827637,66.993043758444401,-11.136183597616764,67.477224892521917,-11.620364731694281,63.819914674159008,59.844949083060783,274.55798617750406,200.27748696639605,150.11023066310887,143.85622871497051,172.22417372179791,166.9936654381589,198.84653252601672,196.3471714017916,233.75999641268419,227.60065293986236,246.93489145395679,252.83658849527677,-3.0530590018670409,-5.9063479840320952,-1.2367425381325745,4.6696054458995206,-4.9825694762557475,0.47281651518349577,5.4553859914392433,-2.5275970006696298,1.0606377604173929,3.5882347610870227,-5.7923707502723687,0.60015689357587121,6.3925276438482399,3.7575537542157917,-0.20904194112654295,-3.9665956953423347,-0.67946788451644125,0.051815473295107495,1.1328929974972652,1.5685074700805046,-1.9403875246790392,-3.1728122182985032,-1.4339130976306933,-1.57369534200609,4.2440643264952769,9.136222317007622,-5.2411090020673896,-7.5285774274938149,0.43665042081702315,0.64881532024726363,0.53999124695514478
1571,2008,116.07553095976587,43.475198866903483,3,10,22.473093287673951,-8.9444427490234375,154.08118359780201,119.87473218989908,34.206451407902932,118.38749583098252,35.693687766819494,193.51436162068967,126.0807760838361,496.10346936807036,199.54859985425583,152.32827065600571,148.34690629561365,173.23065941259145,169.5004979460341,198.71292218655094,201.10373270807975,227.07686735467328,228.53747012231554,247.73935996728682,249.1353909827109,-3.0220357241843487,-5.7768261840624291,-2.0939518372665589,3.6828743467958702,-6.5177764091088193,-2.4250491159649243,4.0927272931438949,-2.0850760543727063,-4.0146158618521213,-1.929539807479415,-2.3630194690685471,-3.9075859389658945,-1.5445664698973474,-0.59683698218631775,-2.0321241377576769,-1.4352871555713591,105.89978768801666,64.20652260560928,41.693265082407379,62.393771369283058,43.5060163187336,128.67021902749366,67.194253649402526,224.06634629762266,198.64845601130693,151.78952986713634,153.05953957343101,175.04301138843627,171.96388276798692,198.95206153324307,203.31611949045657,220.16398503489162,228.19046890025851,249.2004141087163,247.56846314939355,-2.7349096472255212,-4.0709537430302021,-5.1392024276360928,-1.0682486846058907,-7.3399437774887133,-4.6775746960461504,2.6623690814425629,-1.7513800549874929,-5.688453317209138,-3.9370732622216451,2.5849073110421159,-5.7838242533378832,-8.3687315643799991,-6.3132682765318862,-3.0944654545098444,3.2188028220220417,48.181395835279545,55.668211193615207,-7.4868153583356616,55.993724402094813,-7.8123285668152675,64.844142488887883,58.886522255619639,272.03712275251746,200.9735190006121,152.49048887794143,143.16952841315302,172.67260985841375,165.82751178395037,198.06421920137223,197.44677993671249,233.88718891129213,229.19959968018875,246.53469900962673,250.83710302066166,-4.4899554052840642,-6.7951114267432331,1.0108481593244392,7.8059595860676723,-6.2519167892274652,1.060466398594599,7.3123831878220642,-3.0631227307691518,-1.0539034142467187,2.009219316522433,-6.6397081317050777,-1.5681017799755068,5.0716063517295709,1.4371890698150764,-1.1550524662525845,-2.5922415360676609,0.28712607695882753,1.755045758058543,1.705872441032227,2.724157683713031,-0.82216736837989401,-1.0880269882612481,0.33369599938521333,1.3117426757816588,4.947926780110663,9.2246154427471936,-5.7164312943455684,-7.7504573463469626,0.4516524477908514,0.66491302221641846,0.53294606629580399
1573,2008,116.57553324690682,43.475198866903483,3,10,22.473093287673951,7.1666717529296875,178.81983780860901,136.57212722301483,42.247710585594177,134.7352706193924,44.084567189216614,193.91664539021167,133.3338791006172,515.63192882016301,202.06847598024774,156.64236261873674,153.51472671883707,175.27104391804977,171.57895941431028,201.2847627045067,197.48330814245219,229.02301240701399,224.70613421924369,248.92234997663991,247.38900696700296,-0.81742749514387469,-2.0620310946542872,1.0174994525939383,3.0795305472482255,-1.1195345710605693,2.908467376731835,4.0280019477924043,-0.67701999982733696,3.3818696787085969,4.0588896785359339,-1.6741525565705899,2.7716365971365633,4.4457891537071532,-0.022263216212508041,1.5746204860195405,1.5968837022320486,118.11226103454828,73.144000172615051,44.968260861933231,71.188859283924103,46.92340175062418,128.48167787980947,75.023142460930103,231.35950934735592,202.99516414428291,161.93160081994137,154.67144113056841,179.39135432644329,175.49600027243471,201.8162163579328,198.7780134074188,222.17423383997817,222.52237886529232,252.26047680857764,242.79925231693005,-0.46082611795938533,-3.7900588011999901,1.8319517732978454,5.6220105744978355,-1.2856767616455897,2.6025068703490035,3.8881836319945933,0.94016105989754806,4.7375782756645037,3.7974172157669557,4.5228612748241517,4.5124780136043796,-0.010383261219772066,-5.392070537807939,4.4918197162120634,9.8838902540200024,60.707577168941498,63.428127229213715,-2.7205500602722168,63.546411693096161,-2.8388345241546631,65.434967875480652,58.310736743995221,284.27241975441575,200.54449975166645,153.69257107711573,152.28903637954065,172.04749061654945,168.61520627959629,193.40874612653894,195.4050097206572,233.90511461658832,227.60487308646836,246.45407910775313,252.917216576811,-1.2698982472093689,-0.20776621083979308,-0.02560833630337811,0.18215787453641497,-1.1838607741109399,1.9416817014637786,3.1255424755747185,2.7468382759165593,1.7743707067729417,-0.97246756914361754,-6.5557428820327743,0.32004686529492687,6.8757897473277012,3.0700487185136467,-1.2360774067788611,-4.3061261252925078,0.35660137718448937,0.80907212924998362,-1.7280277065457028,-3.582292590360197,-0.16614219058502044,-0.10181598753464982,1.617181059724885,-1.8066772160190112,6.1970138313947416,11.078604156856926,-5.3698073215954309,-8.4621192563215857,0.44869120086635905,0.66256136816553468,0.5626712653002145
1575,2008,117.07553553404773,43.475198866903483,3,10,22.473093287673951,-7.86956787109375,169.00667058454928,145.48247742962485,23.524193154924433,144.45968700090816,24.546983583641122,206.10800661470785,167.26984601482764,575.74586766399443,197.78545663822794,147.10982830872649,144.15032007832858,167.71170495239451,168.02977741069247,197.2882140515124,199.56775291089033,227.53175275692013,228.41718085480517,249.36398031219974,250.1409393853576,-2.6861435726501668,-5.2135660488542612,-2.4367107416946965,2.7768553071595647,-2.9447996245287129,-3.1130682046604647,-0.16826858013175183,-2.0050509191816559,-4.3366330897240459,-2.33158217054239,-2.9821387217365327,-3.7809159164519599,-0.79877719471542719,-2.0022122939570863,-2.6462688995221981,-0.64405660556511179,113.39654995325327,102.18838386818243,11.208166085070843,101.70107298950825,11.695476963745023,132.04760207139225,114.89224279871632,261.48613859231409,200.81691842207613,151.29502259589719,154.85701037008496,174.14966309988395,177.82405829331725,201.24889243446961,203.70492543604988,225.20607057752557,228.22228849001081,251.97605977529096,247.41762122568124,-4.1579716638339903,-2.4031632660213234,-5.7836164896983746,-3.3804532236770513,-2.839302126098346,-6.5370767074502396,-3.6977745813518936,-4.1083346580053046,-6.6390104222783464,-2.5306757642730418,-3.0202210002601362,-6.2806070162148728,-3.2603860159547366,-10.32981279100926,-5.3801589752699215,4.9496538157393388,55.610120631296013,43.294092822863604,12.316027808432409,42.758614032131845,12.851506599164168,74.060404394303987,52.377602932989248,314.25972877629101,191.8648579018359,140.09577994083386,133.61937763239479,156.55461926114845,149.52894176481729,180.79681110568168,186.97169620041723,232.77337393831644,228.9769505582637,247.93225889406301,254.64209848803711,0.38632581870200511,-5.0469150030289143,-0.50274789120848595,4.5441671118204283,-3.2847324106268445,2.4303648119335151,5.7150972225603596,8.215319315973062,1.7940450025317602,-6.4212743134413017,-2.2078871041822765,2.5597864208248495,4.767673525007126,6.6818593488778504,1.3080716946437576,-5.3737876542340928,-1.4718280911838235,-4.5442974825359954,2.8104027828329379,2.6437517370075909,0.10549749843036693,0.44543028452849853,-2.1032837388236487,-12.323653973978367,-0.038082278523603463,-0.81233389607785966,-8.327600497052174,-17.011672139887111,0.45416937103388388,0.64067187025023287,0.6868676305742023
1577,2008,117.57553782118866,43.475198866903483,3,10,22.473093287673951,-10.695648193359375,132.20196754492645,129.09122918741559,3.1107383575108543,128.95598248883107,3.2459850560953782,161.4698117959615,149.08765422885335,495.67236207053065,199.66899143840519,149.8777937421961,142.45602628590183,170.80537777629746,167.3789651548623,199.58744523743135,199.52137998877862,228.68228290851368,229.29698886162817,250.4013987409127,251.71035111425897,-5.0528117772336998,-8.4787208786835038,-1.3284483399964415,7.1502725386870623,-6.9251694106083619,-3.2282500994594727,3.6969193111488892,-5.2185998192950365,-5.2210662679183883,-0.0024664486233518801,-4.5343670251036485,-5.1491371758032756,-0.61477015069962704,-1.9170616887309109,-3.1224259243688834,-1.2053642356379726,88.286663686008978,89.765744909211207,-1.479081223202229,89.830053724634126,-1.543390038625148,105.56202221447529,117.27135905489195,233.94140148488805,203.8370235451635,157.35488041414902,157.21612468476508,178.04896027013018,179.1600110190457,204.19517778332005,205.26760955683395,229.23468485279622,229.92545521465033,253.15651925625122,249.36284663443374,-7.660460969063621,-8.2274846035265057,-8.0646339892740002,0.16285061425250547,-7.8845623508877622,-8.7432315948018413,-0.85866924391407906,-7.7989404033386904,-8.8891500354634729,-1.0902096321247825,-7.5075511703249163,-8.2780170874407588,-0.77046591711584256,-11.082057345386517,-6.4975054190491335,4.5845519263373831,43.915303888719791,39.325485449564439,4.5898184391553514,39.12592798415335,4.789375904566441,55.907789626189697,31.816295114356762,261.73096046969295,189.0815148736433,143.53639853189196,131.07865482634139,156.66567155614314,147.14219516223821,178.441476461989,184.36328124527341,225.84004668722741,227.11274532709643,247.90567363518323,255.58995388456205,2.7514047511118633,-7.9228882388943589,1.5402415781973104,9.4631298170916693,-3.5616235629507003,4.5525439547405711,8.1141675176912713,9.316882947947164,3.853937565405829,-5.462945382541335,3.8673292244793913,3.5335280537292704,-0.33380117075012095,5.850741948099909,-0.033110859908731527,-5.8838528080086405,-2.6076491918299212,-10.411865720175484,0.25123627515699809,-0.30459636463214679,-0.95939294027940036,-4.322938787937062,-2.580340584043654,-17.115823351285854,-2.9731841452212677,-11.374880394804308,-9.1649956566556057,-16.932799293486426,0.47196781460169418,0.65375701526095098,0.78659336121069701
1578,2008,117.82553896475912,43.475198866903483,3,10,22.473093287673951,-7.6666717529296875,150.97920757842803,138.30848512778539,12.670722450642643,137.75758440520804,13.221623173219996,179.20118592720428,110.88335662769532,482.77411853149533,199.77771684856575,152.23596709837992,146.61012792548337,171.0779898801357,170.79140929935261,199.04944369136911,201.92392933202274,228.1213977555696,231.40824208925676,250.26136210881228,254.33803284610687,-1.0308810217120197,-6.0967950346588111,-1.0013147616776337,5.0954802729811774,-2.9862038256272285,-2.3924583208072079,0.59374550482002064,-0.75854984965499739,-3.5832261283226785,-2.8246762786676811,0.098786458432471136,-3.1085068630041519,-3.207293321436623,2.053924629277958,-1.8754333322444268,-3.9293579615223848,78.526170022403676,67.895530118925308,10.630639903478368,67.433327869617642,11.092842152786034,91.595885098467534,63.589883552314859,169.8141552794259,207.16493616497527,162.21245154854623,155.60966945958495,187.73339660983174,179.9032678193461,206.02848904251601,207.71806650962023,232.88384991313379,232.40563331356216,256.25017808486149,252.21791881319899,-6.2437128757419202,-10.236889088717902,-4.409368345818109,5.827520742899793,-12.599865120829122,-5.0787181609420315,7.5211469598870906,-4.5058260362237377,-5.6956841765531863,-1.1898581403294486,-5.5296711166083981,-5.3322540615965579,0.19741705501184015,-8.5525650396488686,-3.6733042151996642,4.8792608244492044,72.453037527153356,70.412956573483825,2.0400809536695306,70.324257841924918,2.1287796852284373,87.605300799865745,47.293472799708979,312.95996286347508,191.27955721701906,149.76850531187114,141.05877218752883,160.35753458829024,163.65359228580388,182.43071530458553,195.05738128533838,222.71796916218437,230.1937840335676,246.91943947246173,255.92531780708688,5.2789582225927347,-4.9242641372886453,-0.62120954301042275,4.3030545942782226,2.5400518867050721,-0.49944806285967047,-3.0394999495647426,11.21769456024694,-1.3373176339913186,-12.555012194238259,6.4051044810115911,-0.54236146883746983,-6.947465949849061,6.8351751414706996,-0.59622268378075205,-7.4313978252514516,-5.2128318540299006,-11.522671098334655,-4.1400940540590909,-5.3126249514292567,-9.6136612952018936,-15.139917007534194,-3.7472761865687403,-15.723520596470678,-5.6284575750408692,-11.934775597619989,-10.606489668926827,-15.387740181119568,0.35174660107291467,0.51113436903077158,0.57348447491381249
1579,2008,118.07554010832959,43.475198866903483,3,10,22.473093287673951,0.4782562255859375,168.86428544098453,160.16582586520235,8.6984595757821808,159.78763500514469,9.0766504358398379,191.13069652440026,112.9613581906633,513.78098554164171,199.89656737986638,150.38593672574751,146.80460438867499,169.81099897461286,169.29586560261961,199.62886114639855,199.84523286605645,229.04628517687226,229.79231343346805,251.79345312402165,253.3357056304115,0.2097249527473366,-3.1165547357356047,0.12108737586368079,3.2376421115992855,-0.54020772038674636,0.14025288501855471,0.68046060540530107,0.29348637010483003,0.20784885468955849,-0.085637515415271537,0.84076236658165726,0.1824519952796777,-0.65831037130197956,1.5867014459110749,0.090830826818859123,-1.4958706190922157,77.630806870067318,76.880210809989876,0.75059606007744151,76.84757497092869,0.78323189913862734,83.80019437969213,63.036392939557118,165.20979100384284,211.17425938569244,165.60515578528322,153.58962889100678,191.85548016277625,177.48432648447954,208.74411705214538,204.89227534773349,238.00033314015991,229.51289065180623,259.0273245870481,249.90177438562841,-7.590821598701325,-11.113359104545594,0.32236499129408003,11.435724095839674,-13.13712123459328,0.35784237864857005,13.49496361324185,-3.4478026272174702,0.38204176069493201,3.8298443879124022,-8.0907395935751936,0.36086376139238041,8.451603354967574,-10.690055424778819,0.30174658915984764,10.991802013938667,91.233478839138115,83.285619660317025,7.9478591788210906,82.940059800979725,8.2934190381583903,107.3305025476875,49.92496528835909,348.571195140481,189.36607302019121,145.39803997161775,141.72395174703314,159.22388182888346,163.05910083135282,181.81815103093973,193.86004062970929,221.83407038288868,230.0898189151383,244.32168009055621,256.29757709788686,7.4114044284545173,-0.90026033596731736,-0.1482501709172368,0.75201016505008056,3.0552838636765784,-0.078549016436625152,-3.1338328801132036,11.912358286513893,-0.033128766733170778,-11.945487053247064,7.6137487343496275,-0.01027508379485198,-7.6240238181444795,10.028632677827943,-0.30621668318093498,-10.334849361008878,-7.8005465514486616,-15.002226027155842,-7.9968043688099897,-10.213098768578277,-12.596913514206534,-16.192405098269859,-3.7412889973223002,-15.360160913731363,-8.9315019601568508,-15.704488327924821,-12.276756870689894,-20.718688102606762,0.3215568416368586,0.4384444566129333,0.55803501258510291
1580,2008,118.32554125190005,43.475198866903483,3,10,22.473093287673951,2.0434799194335938,157.0239889601944,159.52501728985226,-2.5010283296578564,159.63375895965146,-2.6097699994570576,180.51074170634456,132.88530989932042,478.57030139118433,194.85342684751311,133.48598704536425,131.66803113635223,162.55814173073381,161.24068659949535,195.61208611189849,195.75211445096508,227.91493147621796,228.18255656144228,249.92319113604461,252.1608394283291,-0.011060379097784789,-0.049521276883410792,-0.22682527367612693,-0.17730399679271613,-1.7167420491150267,0.30011852151832841,2.0168605706333551,0.90973965822266223,0.84406227435934511,-0.065677383863317118,1.1450405657707279,0.97139992855454693,-0.17364063721618095,2.8495764907812031,0.72094447923350913,-2.128632011547694,72.042365223693196,58.759193096630042,13.283172127063153,58.181664298012038,13.860700925681158,73.584224810880755,71.549365067701729,154.48944628163008,205.62628261371313,151.69357508032704,148.79386884540395,182.03294607959654,176.09545268735349,206.18727083533631,204.28753533181424,231.11649614874193,229.48962246373728,257.12336223290038,249.2739545961154,-2.7472570270033714,-0.86755704547832124,1.6805463618827901,2.5481034073611113,-3.5576013915168119,1.6713065211796732,5.228907912696485,-1.5001886354741032,1.6983725269578258,3.198561162431929,-0.66352012867127996,1.5097164401591954,2.1732365688304753,-8.4244838008602017,1.2453383337002322,9.6698221345604338,84.981623962521553,100.76582503999816,-15.784201077476609,101.45209428911039,-16.470470326588838,106.92651711617964,61.335944984355592,324.08085583150387,185.56137671598177,118.58166540992796,125.13505034025275,155.45048689500467,151.36771321391302,181.96944110615905,188.47455770567959,225.18607830857823,227.163549107102,247.99445706583484,254.21523936228985,3.8602417344012565,9.3273464194571574,-0.71867314901511747,-10.046019568472275,-3.1968926534186721,-1.0039477286198348,2.1929449247988373,6.1027122701834742,0.15323703804187971,-5.9494752321415945,1.2615574053436944,0.062952528732552082,-1.1986048766111423,4.363958731868081,0.18635780131430124,-4.1776009305537798,-2.7361966479055866,-6.6074987614046279,-0.81803576859491045,-10.194903464935479,-1.8408593424017852,-0.36070873809813975,-2.4099282936967654,-7.6029009056575774,-1.8085606944420078,-1.9250775340149744,-11.274060291641405,-12.788442532728283,0.32281452867538074,0.40764457624681305,0.53842945561033484
1581,2008,118.57554239547051,43.475198866903483,3,10,22.473093287673951,-4.375,161.71262939485314,149.21236357132511,12.500265823528025,148.66887345056602,13.043755944287113,186.18347020658257,130.22138403145073,491.85061751678586,197.91758085350759,145.23959213546826,139.16136622612092,166.01809086846575,166.81075038808044,198.46687124409615,201.31257074573864,229.715401881502,232.38096012178616,251.45613663883751,254.8484946714604,-0.038888892462125568,-5.644404261213964,-0.5807922891870021,5.0636119720269619,-1.2381128499868339,-1.3815344191144447,-0.14342156912761084,0.57471653295499436,-2.1004051383607703,-2.6751216713157646,0.75258768875761461,-1.8294748581027136,-2.5820625468603282,2.2854887315543522,-1.0894662143510345,-3.3749549459053867,78.575393087277916,61.421654307056087,17.153738780221829,60.675839104855186,17.899553982422731,85.223453419795987,62.182653085281345,162.44447874714388,204.20355114609799,148.8145888235143,150.40925131690582,175.91605682974048,181.30641404702712,204.89441375165811,210.22307641454469,231.73692910884137,235.12849744191396,258.68904714211141,253.43246805341235,-1.2536222423428001,-0.32682375322491453,-2.4069672030088043,-2.0801434497838898,1.3773648675130516,-3.0584286541296706,-4.4357935216427222,1.2401120611444298,-3.5239613142568942,-4.764073375401324,0.056914244112107326,-3.2366247318873036,-3.2935389759994109,-9.4133628852058848,-2.8837547284229572,6.5296081567829276,83.137235823287483,87.790708717891903,-4.6534728946044197,87.993035274550493,-4.8557994512630103,100.96001638771486,68.038730961070542,329.40613862499595,192.43475672410452,135.96805487312477,134.59117009223192,160.06605747541875,158.32180644195896,187.08131322618263,192.19531320257715,228.82603898172675,229.22681142013889,248.37257931120973,255.9155903483192,1.2299829191870799,0.20037701106375039,-0.92333516541327754,-1.1237121764770279,-1.1474265075388246,0.037888152269488273,1.1853146598083129,3.9723945590088476,-0.77885092117020349,-4.7512454801790511,0.052814008079195673,0.23099518628907845,0.17818117820988277,5.829886009587625,0.43390091674785936,-5.3959850928397657,-1.2147333498806745,-2.48360516152988,5.3175805079890495,-0.52720076428866491,2.6154777174998856,2.5247913750518762,0.66539552818943548,-2.7322824978644178,-0.69567344464550729,0.0041002360329116527,-11.698851616760237,-15.24324889479351,0.33027198291887877,0.4577390964151386,0.47751491467993579
1582,2008,118.82554353904098,43.475198866903483,3,10,22.473093287673951,1.0833282470703125,164.6984698176384,159.12630450725555,5.572165310382843,158.88403713703156,5.814432680606842,179.27691196592605,124.35250987493055,477.70151490345597,203.14976057171449,153.1498624540734,148.43344829377773,173.23478112024304,172.79239601388039,202.77192827270892,203.82403267700477,233.68956084284338,232.62898149870472,253.56221680978859,254.13781063974184,0.12851379430298948,-3.9190213215176755,0.36890628460028552,4.287927606117961,-0.21108891818030884,0.44272987563772404,0.65381879381803287,1.5662984387621464,0.67172262074572586,-0.8945758180164205,-0.49553901128734879,0.66585971704736835,1.1613987283347171,1.0658481739872343,0.47544165997939558,-0.59040651400783872,74.219836696982384,77.623239308595657,-3.4034026116132736,77.771214008331299,-3.5513773113489151,82.743435261454124,72.865318974155343,178.42777566681616,210.50540512282481,155.12943277072785,158.80027705088034,189.84155737979339,188.71607417440512,211.05021953428343,212.48334020003037,237.88075977775088,234.48780092728694,259.32076559060312,250.83439952424618,-0.66687250852098146,6.5850296880173289,0.55020573574478249,-6.0348239522725464,-0.79137411694182447,0.79407530385833525,1.5854494208001597,1.590304321405938,0.87597410502988282,-0.7143302163760552,-2.8053575132541653,0.87816177899642867,3.6835192922505939,-8.5014728293395763,0.7363730138491178,9.2378458431886941,90.478632628917694,81.503065824508667,8.9755668044090271,81.112823784351349,9.3658088445663452,96.533476153128959,51.48719110939146,299.27373858168721,195.41703863766648,152.90216213219452,142.76506805113402,161.93593329589785,161.20871060936722,187.49651561107655,188.65730150330066,227.69515433976261,228.4496110983977,249.5601035370475,259.33883093353001,-0.081223757594926838,-8.2520869968467139,0.17026215034357506,8.4223491471902889,-0.22629305633535068,0.53400944618783797,0.76030250252318865,1.1509148285301194,0.36868392837487818,-0.78223090015524122,0.94391391419955539,0.098025280402964654,-0.84588863379659074,7.8097820660767638,0.25918875269144337,-7.5505933133853205,-0.79538630282397094,-0.58564875092605462,10.504051009535004,14.837116684864043,-0.58028519876151563,-0.56508106060647378,0.024005882643791665,0.43938949287581863,-2.3098185019668165,-3.7492714274537207,-9.5673210033268106,-16.31125489541634,0.37351310410409022,0.46153982882737632,0.58595776673458988
1583,2008,119.07554468261144,43.475198866903483,3,10,22.473093287673951,-3.2916717529296875,139.87864154577255,128.74603760242462,11.132603943347931,128.26201128959656,11.616630256175995,167.55071736853279,116.9816762804985,474.47753102704883,204.86950295359634,156.56069517082133,155.119759602225,176.10297840777716,176.98541718446054,204.74448670775155,206.28371400573596,234.07166932934592,234.92894691547238,253.05828854462666,254.85062189400233,-0.25940341642157705,-1.6426470786592517,-0.87098319561135895,0.7716638830478928,-0.36835596525810388,-1.0745338236821169,-0.70617785842401304,-0.12382088044068951,-1.5795574004960429,-1.4557365200553534,-0.64157218751128653,-1.6072690126073326,-0.96569682509604604,0.62836015582320215,-1.0218624493996629,-1.650222605222865,61.783200263977051,47.564298242330551,14.2189020216465,46.946084380149841,14.837115883827209,72.638807922428896,58.86243063211441,165.25132137781475,211.44937122562447,164.82291471852628,156.7257261697354,191.37353932505599,185.36653982039206,209.27271686073701,213.34045555006492,237.73651634985933,237.87448457177499,257.94669267887053,254.64108756333962,-3.9952749192080432,-7.2828357824776049,-0.52698563444036495,6.7558501480372399,-8.6888094311444775,-1.4676449481049758,7.2211644830395016,1.4403697890655565,-2.1388415825910556,-3.5792113716566121,-3.6560053140082687,-2.421037440177173,1.2349678738310956,-7.6911740389981276,-2.0167548262053856,5.674419212792742,78.095441281795502,81.181740164756775,-3.0862988829612732,81.315925717353821,-3.2204844355583191,94.911909356696924,58.119245707988739,309.22620956227183,199.21535479010595,155.30637994188217,154.17919874372217,166.98675937123619,172.94053732094886,193.15256661196017,200.77182176434908,229.38988092984584,232.5433514286006,249.88023151276983,255.00153599493655,2.7670726468815303,-0.16684402858703606,-0.70498095373153546,-0.5381369251444994,5.1103076235573326,-1.2902614561288317,-6.4005690796861643,5.5189108536113167,-1.3518693776002237,-6.8707802312115405,1.0625531405297295,-1.1866215621616334,-2.2491747026913629,3.670287011479104,-0.31039043164733471,-3.9806774431264387,-3.7358715027864662,-6.7623475660895735,-5.6401887038183531,-7.1159917538905688,-8.3204534658863736,-13.79911705470181,1.564190669506246,-4.0785410645457603,-3.0144331264969821,-4.7185584545379982,-8.3195341948213297,-11.361461050477232,0.34828060460547744,0.43353325526298808,0.50317650168539352
1584,2008,119.32554582618189,43.475198866903483,3,10,22.473093287673951,-0.2727203369140625,151.25791822475003,137.68613895207091,13.571779272679123,137.09605995455786,14.16185827019217,171.92650768900239,146.81062611219386,522.67146511375904,204.59767752540088,154.9272023375857,152.34663347149544,175.69465599825699,174.61690332253627,207.33805053109404,204.15779108512379,233.11601169183928,231.46021422704618,250.70683184114,251.10875849889547,-1.7296391809626925,-2.5912983555641347,-0.05610665250776492,2.5351917030563698,-1.3071957873358429,-0.072205334961324752,1.2349904523745181,-3.287797043935285,-0.13934007900130041,3.1484569649339846,-2.0578427981699861,-0.17263100886191296,1.8852117893080731,0.24601753506206592,-0.13240971132464097,-0.37842724638670688,78.247929307784943,79.095567869644583,-0.84763856185963959,79.132423118750012,-0.88449381096506841,91.945169815383451,113.48348439318215,238.12551675972645,212.33938376877259,165.22627811398723,155.96047390817102,192.95261691357956,183.83169826195629,215.90992436378173,209.01320838910226,236.49959992185123,231.45839216097752,252.97033393533818,247.74530679503712,-6.6422972103199811,-8.0271203388071797,-0.086324374812448923,7.9407959639947308,-9.7315136861067799,-0.16294772581440498,9.5685659602923749,-7.6287686210221466,-0.20623252623602184,7.4225360947861247,-5.6739797047429761,-0.23862402072640521,5.4353556840165709,-6.2157961969446376,-0.20520033354677025,6.0105958633978673,73.009988946767407,58.590569527286789,14.419419419480619,57.96363702545932,15.046351921308087,79.981337873618941,33.327141719011706,284.54594852775335,190.56193810677379,152.80419980688004,148.89173390282832,160.56361565531228,165.256405443744,181.31643632852553,193.08857480349226,217.72335400058819,231.46462157230727,248.90189605689261,256.63677490553459,7.7489803451752834,-1.7266195369045079,-0.035071708764633058,1.6915478281398748,5.0832186921440154,-0.09341677084663047,-5.1766354629906459,10.872592120615366,-0.0240835950681344,-10.8966757156835,12.59032296527198,-0.0065501200635083023,-12.596873085335488,5.5292625808707498,0.088935659914284315,-5.4403269209564655,-4.9126580293572886,-14.391277555495265,-5.435821983243045,-6.3005008019026718,-8.4243178987709371,-14.814732378250795,-4.3409715770868615,-18.501360741637512,-3.61613690657299,-18.264302670014956,-6.4618137320067035,-11.745058777815387,0.45559310705415806,0.53479344780098093,0.77299230579166089
1585,2008,119.57554696975237,43.475198866903483,3,10,22.473093287673951,0.695648193359375,135.41070850534743,126.37196343862888,9.0387450667185476,125.97897576728428,9.4317327380631468,164.37640105204991,120.07853971146687,489.70422797650099,205.36525254243571,157.82482717718045,159.04656811037077,178.04581254321471,178.15998792618569,206.0041523926906,205.06718877972236,233.19962158628104,232.63869199519576,250.6869545524782,252.43004972205529,0.40170264121232435,1.553042991411445,0.13306756836266231,-1.4199754230487827,0.41046672070314116,0.32668906584387969,-0.083777654859261474,-0.51004121903727651,0.4107885995258016,0.92082981856307811,-0.14016596711570628,0.35719780539520229,0.49736377251090857,1.725732765611923,0.214715483341962,-1.511017282269961,53.765040784244775,45.582667091526673,8.1823736927181017,45.22691132786349,8.5381294563812844,61.342353607649784,61.70025158450153,156.51340004011581,213.96792056751565,169.16380546442733,165.62779560247526,196.30514706066435,189.74510246603487,215.02471467359246,214.14060016015804,236.95681101310166,236.13330387837269,254.16397545324403,252.07477062296232,-2.4266536007797583,-3.682432219633597,0.048817975060586605,3.7312501946941836,-5.7924635430639739,0.38861224807268968,6.1810757911366636,-1.9010175963820757,0.49838690586616963,2.3994045022482453,-1.2699758332703368,0.51329272298144701,1.7832685562517838,-2.5830107395059088,0.41725810756847181,3.0002688470743806,81.645667888740718,80.789298355521169,0.85636953321954934,80.752064350013825,0.89360353872689302,103.03404780575329,58.378288141866506,333.19082798063755,198.80754621999117,155.55641734173477,156.35460252963676,172.25755132066499,172.27464200286573,193.06982489281887,197.02282649258893,228.01154137530091,228.93844692115488,249.62068303521235,252.72238665262864,2.5410047453082427,1.2158139322017689,0.22238670627888268,-0.99342722592288624,1.4521589549066789,0.30575656919805283,-1.1464023857086261,3.8612037331733404,0.34272456600069745,-3.518479167172643,0.85886952455049936,0.27841884339400735,-0.58045068115649201,1.3642439377196069,0.089981574194922587,-1.2742623635246844,-2.8283562419920827,-4.9676583460880011,-5.235475211045042,-4.8982461518353659,-6.2029302637671151,-7.2446224979706528,-1.3909763773447992,-5.7622213295554161,-1.1298098661546305,-2.1288453578208362,-4.3087435051178318,-3.9472546772255157,0.31960802275864009,0.3731822403644528,0.51383246109387415
1586,2008,119.82554811332282,43.475198866903483,3,10,22.473093287673951,-4.2608642578125,145.54340811682778,141.38046730962014,4.162940807207633,141.19946991364122,4.3439382031865534,186.63711798706936,127.66670383622841,547.69087836518884,204.43228337919786,155.46570524732834,155.58454020582926,175.64898013288919,176.11907965219845,204.80582527775766,205.96672163361819,233.42217609526864,235.19604252311004,252.84490454397283,255.19893008058673,-0.25896679695767943,-1.0531481405260479,-1.3257326181520455,-0.27258447762599758,-0.90793948487123544,-1.4228883623113973,-0.51494887744016182,-0.9401026489349249,-1.9082549341693777,-0.96815228523445285,-0.45624945684616591,-2.0166205653283669,-1.560371108482201,1.1070666162481757,-1.1911081543145485,-2.2981747705627242,52.203045177933745,62.777862124188687,-10.574816946254941,63.237635461005993,-11.034590283072248,65.295630144833922,67.579430726855207,166.65088015398942,212.37272227176666,160.07473750412012,157.36576037255756,191.60875010098377,184.59510155061599,217.0483902216537,213.71125757167587,238.03182998947923,237.79157433566508,255.29448555877673,253.95144125173715,-4.5258427566440389,-1.4946712681945371,-0.61176096055123708,0.88291030764330003,-8.8143273920131833,-1.0916071467589177,7.7227202452542656,-6.4873021308130774,-2.6192322377820574,3.86806989303102,-3.8589424969307515,-2.9231898402448735,0.93575265668587804,-4.9040807296903495,-2.4608251095930598,2.4432556200972897,93.340363351591805,78.602605760745064,14.737757590846741,77.961834214216651,15.378529137375153,121.34148830708727,60.087273084105618,381.03999852761626,198.61685309193021,154.87296513595982,154.1062176933014,169.58543400491112,171.12527850089847,192.91069848928447,197.50734587118484,227.65927928753928,231.54787921768377,250.72644882150689,256.64534928945483,1.7826953384510773,-0.92740262024861408,-1.2112640733157036,-0.28386145306708954,-0.32965987756628579,-1.8995736396298639,-1.5699137620635781,2.8737363040906416,-1.8989567786780697,-4.7726930827687113,3.5213615966021337,-0.86408827153928769,-4.3854498681414213,3.9386298033321907,0.08676378771480131,-3.8518660156173894,-4.2668759596863595,-6.3085380950951162,-0.44152312766848922,-0.56726864794592302,-7.9063879071419478,-8.4846675144468975,-5.5471994818781525,-9.361038434903719,-3.4026930400845856,-7.3803040935328852,-6.0111473459385252,-8.8427105330225402,0.30427908650118157,0.34985339920089076,0.52934264531139219
1587,2008,120.07554925689328,43.475198866903483,3,10,22.473093287673951,-4,148.30284972182562,140.46160601940937,7.84124370241625,140.12068139968324,8.1821683221423882,177.80270661107352,145.14982356988457,533.40453847870231,201.8050793303677,150.73632941243338,148.46781981562782,173.20508400408045,170.96849440010607,202.32103469366118,201.86547795481158,232.66721315484136,232.26806600105238,251.2688492643006,253.24393461492932,-1.8538031086887088,-2.4270868620583883,-0.66911457907932004,1.7579722829790683,-3.4986208421250069,-1.3503415835304509,2.148279258594556,-2.579477585939344,-1.8623854360585881,0.71709214988075587,-2.50741398789188,-1.9382436781987167,0.56917030969316329,0.42636031256571982,-1.421409464345885,-1.8477697769116048,45.07271729529748,48.991457701325999,-3.9187404060285189,49.16183738487598,-4.0891200895785005,54.47480017811904,58.448645882323945,135.52199029829353,207.86346472859515,151.03973380578699,155.61154970744107,182.78916924690509,186.31621664474284,211.68247767916861,214.47391499620934,233.68085710308159,237.6346593442079,252.87070199404246,253.85167431427092,-0.47226482532252589,4.0487284119437845,-0.93085611689926395,-4.9795845288430485,0.18140830506547445,-1.8059671629990817,-1.9873754680645561,-0.90858295627015195,-2.7312989185420236,-1.8227159622718716,0.66841084907221671,-2.7947943734457965,-3.4632052225180132,-2.323780667762037,-2.3238595059922602,-7.8838230223254868e-05,103.23013200743299,91.470147446041665,11.75998456139132,90.958844871300244,12.271287136132742,123.32790594680409,86.701177523647857,397.8825477026403,198.54775068460702,149.86098922510584,144.81020658080644,166.15496082893117,165.5445983610193,194.32556777543891,190.8904659854247,231.61995648241466,225.14446706552334,250.65565683480841,252.58435091444733,-4.1348857033457591,-3.3741018289017575,0.39638922083875627,3.7704910497405137,-2.6337649790778812,-1.6240891410061806,1.0096758380717006,-4.3440335374099561,-1.2996410065427426,3.0443925308672135,-7.6929844455399348,-0.38618226765510144,7.3068021778848333,-0.083541677863564701,-0.47761140150970505,-0.39406972364614035,1.3815382833661829,3.6626208780232332,6.4758152740021728,7.422830240845542,3.6800291471904814,2.8151732841433557,1.670894629669192,3.4354505811398042,3.1758248369640967,8.3613952946121515,-2.7501409803277568,-2.2402389898984723,0.25406981103837128,0.30637778927222675,0.40267803601003321
1588,2008,120.32555040046375,43.475198866903483,3,10,22.473093287673951,4.4545440673828125,172.7225709396298,168.30205811701308,4.420512822616729,168.10985907717259,4.6127118624572176,189.66483475906352,161.54639287415193,549.69309861958027,203.63424229894719,150.6209072323654,146.83437904222603,174.47477814143119,168.96456045026437,205.31926961234214,199.21679890759316,235.0069029427226,230.7747483268852,253.53835123659732,253.80294249721319,-2.2207251078726529,-2.5713721171396173,0.90425810606438972,3.4756302232040071,-3.5120039410911659,1.6350597207496094,5.1470636618407752,-4.1406134224213247,2.178395084154289,6.3190085065756136,-2.6520617293281532,1.9612720929038119,4.6133338222319651,1.218292651754183,1.3458789327636396,0.12758628100945657,79.598023372964235,72.84999613952823,6.7480272334360052,72.55660307710059,7.0414202958636452,85.438985803616561,79.822775594628183,192.50479651580099,206.60140670983543,151.90656226852892,147.56022509779748,182.71542393321064,174.46754923382321,208.85037087760398,207.16348223350505,230.64859976155626,235.75647414732816,253.85396310441917,255.13679057184584,-0.7383912698607844,-1.4600707420147501,1.7411621410682585,3.2012328830830086,-6.5943360623703597,1.7643275999748482,8.358663662345208,0.0039223035390705263,2.3952990965755703,2.3913767930364997,5.8705451428081687,2.4975367783006277,-3.373008364507541,0.70470394784314294,1.9425344407871989,1.237830492944056,93.124547477258602,95.452060519877705,-2.3275130426191026,95.553257132560248,-2.4287096553016454,104.22584901505161,81.723617647396168,357.18830238282681,200.99718817411645,148.06337145402648,146.12188629089727,166.54023344951221,165.23211733969296,195.82855824764025,191.85274110936862,237.60475073619429,224.597386560469,253.43500514267015,251.83829053314685,-4.3057950209898763,-0.33184535789300185,0.48722656755913363,0.81907192545213547,0.26621937685899866,1.8151842195100016,1.548964842651003,-2.10908541079516,2.1852133124529303,4.2942987232480903,-11.517031528640757,1.3936213107722608,12.910652839413018,-2.3219520458891907,0.20967012529476392,2.5316221711839546,1.4823338380118685,3.5674037511290919,1.1113013751248673,-1.1282253841217482,-3.0823321212791939,-6.8605554392293584,4.1445357259603952,2.1130077143342305,8.522606872136322,17.387576671448926,-0.51358870391104006,3.0266559937323336,0.35020413572451553,0.45047352036634553,0.49411673126500461
1589,2008,120.57555154403421,43.475198866903483,3,10,22.473093287673951,-2,157.76708736152068,157.60050211178532,0.16658524973536259,157.59326058473016,0.17382677679051994,195.49666275710479,158.55966379204619,631.7288177087903,204.0924546529871,152.81946327829644,153.16716955865141,173.63043716366261,175.20625037941244,205.75970040941866,204.79488330863785,234.10943512428091,234.37298842882262,254.62841813991628,255.45900951829563,-0.087664647602963441,0.46652939203812593,-0.22896890964574368,-0.69549830168386961,1.2747730663147081,-0.3755742137665834,-1.6503472800812915,-1.8412715206611665,-0.77248757417356728,1.0687839464875992,-0.88887056164057299,-0.83805838490107476,0.050812176739498227,-0.031234491354467764,-0.55359794950771857,-0.5223634581532508,72.740378125028656,79.362825192016317,-6.6224470669876609,79.650758340871107,-6.9103802158424514,81.61094008983855,113.75186770865548,224.85883037734311,216.34126543565824,172.07935744976587,165.57169052489078,198.11224372612222,192.32684677434264,217.65157680635812,217.06442294643855,239.39928953405968,239.92849419784477,257.34770152738236,256.97029674530955,-3.3717126865809917,-7.1769271002733035,-0.1611705389969984,7.0157565612763051,-7.1861954004954214,-1.3862054325472286,5.7999899679481928,-2.1185489428153517,-1.433591510113331,0.6849574327020207,-1.5193530828295536,-1.251786678240137,0.26756640458941661,-2.9234282828588505,-0.93758778617433336,1.9858404966845171,85.026708532412158,78.237675825213046,6.7890327071991123,77.942502243859053,7.084206288553105,113.88572197063695,44.807796187698841,406.86998753994703,189.01331301390272,147.22155226500149,146.12166479701435,158.45689239135575,161.99848053549988,179.77495413261738,184.18666385090305,216.82470265390637,216.83283742501828,249.82011743580242,251.85088191768526,2.3267543702393709,0.87527491504556565,0.33571602362624731,-0.53955889141931834,2.8476534702670619,-0.086323842757309421,-2.9339773130243714,3.4953184814734186,-0.59120423740247929,-4.0865227188758979,1.0885080517691108,0.89353520314358548,-0.19497284862552533,0.82301411684048276,0.37544179661847465,-0.4475723202220081,-3.2840480389780282,-5.6984670568203626,-7.6434564923114294,-8.0522020153188691,-8.4609684668101295,-10.033848870762483,-0.27727742215418516,-5.6138674242887703,-0.63048252118898063,-2.6078611345986644,-2.8921937915043827,-3.7464423996993332,0.35594201827436162,0.41745438995670336,0.71740734678803975
1596,2008,122.32555954902745,43.475198866903483,3,10,22.473093287673951,-3.625,146.74685704708099,152.18111580610275,-5.434258759021759,152.41738682985306,-5.6705297827720642,184.83682378381491,152.04944269400403,554.00353142432868,206.34873615477082,155.6018397510729,157.77925485458837,176.98797689697091,177.34967757768413,206.9681726057722,205.50331165016965,237.6104781466922,234.69891692903047,254.24457159543857,256.33858350514765,-1.4303395522256324,1.8319945322533897,-0.96479070745212425,-2.796785239705514,-1.1636259313179949,-1.5256168572898616,-0.36199092597186677,-3.2638491549638218,-1.8188820952121034,1.4449670597517184,-4.3140575290025254,-1.5337059594598372,2.7803515695426881,1.1990693956867347,-0.87686142252417199,-2.0759308182109066,59.319334477186203,77.82380223274231,-18.504467755556107,78.628345340490341,-19.309010863304138,67.427764715626836,86.14417584887633,179.66135914804181,216.0958299958198,166.69892500549827,167.24582175490147,198.0163415989301,188.2237778292552,219.23803273046232,213.18932036197504,236.29934393041771,238.38261918847439,262.3757105613625,257.23309575304125,-5.8297674390917678,-1.0567453953683525,-1.5135020879259287,-0.45675669255757612,-11.976741879004464,-2.4464665494354563,9.5302753295690081,-8.920730212265255,-2.500275957126064,6.420454255139191,-0.33610906736529955,-2.5035476674142956,-2.167438600048996,-8.1215167375575845,-1.8154908095976054,6.3060259279599791,87.4275221824646,74.357311576604843,13.070210605859756,73.789042264223099,13.638479918241501,117.4090586528182,65.905267071439084,374.34217238239944,198.18308899697598,152.0672525251328,152.18281481225537,165.16267791730996,168.33593390540648,191.04401696161065,193.72879371197413,238.60765069207318,227.72877571321544,252.1223598019115,254.96154955979301,0.086205581916203755,1.4376175559161197,-0.036410679600237472,-1.4740282355163572,1.3237076362174207,-1.6333915615106207,-2.9570991977280414,2.0962998891388338,-1.005946261797618,-3.1022461509364518,-11.136501436035218,-0.17074134290291454,10.965760093132303,1.2451129727778323,0.57868166968114565,-0.66643130309668663,-4.3994278868661354,-5.9159730210079715,-2.8887399276217423,-2.4943629512844723,-10.81311594768647,-13.300449515221885,-5.6568810573014332,-11.017030101404089,3.9779484616372258,10.800392368669918,-9.3205861332443192,-9.3666297103354168,0.32429641501767531,0.3647961663444852,0.56655370991552712
1597,2008,122.57556069259792,43.475198866903483,3,10,22.473093287673951,5.8333282470703125,180.58755578549972,185.62153005882647,-5.0339742733267485,185.84039516417761,-5.2528393786778906,195.15425840436001,145.83292782076205,521.35146973654628,201.72749743017954,147.2117662853145,145.0613902999649,169.60091267953649,166.28024864735468,202.18831084830748,195.99305231955739,236.8698525526159,227.25297410109462,253.60918656878573,251.59756435736719,-1.6288684859413536,0.29608356189933716,1.7340494538491669,1.4379658919498297,0.0039990136094445461,3.4453794708399812,3.4413804572305366,-2.5511811384388636,3.5953088438488692,6.1464899822877328,-6.3088896725654138,3.185917653065701,9.4948073256311147,0.094678287033303832,2.1688005090568083,2.0741222220235045,72.637322940743616,82.474206344448248,-9.8368834037046327,82.901897395795459,-10.264574455051843,76.606926017320802,69.99452471213408,165.81759552564472,207.6687699561609,155.97265409624089,153.63328638444196,181.85409981523108,177.2649321643614,210.50717452533237,203.38801192827518,230.24260621345223,229.51324775773134,259.46621062051497,250.18627763137982,-1.3460025029527287,0.9840469211027596,2.3754107147574643,1.3913637936547048,-1.1472590856928093,3.3900128934058671,4.5372719790986764,-3.0382421196937912,4.3735852789804426,7.4118273986742338,3.1948796399809964,4.2346362888357021,1.0397566488547056,-6.6193604613747823,3.2244178574095201,9.8437783187843024,107.95023201401636,103.14732159344567,4.8029104205706972,102.93849815581234,5.0117338582040247,118.54733145199134,75.838403231562552,355.53387338668108,197.24672041535936,143.10933118792769,139.89803467601791,161.24718463475892,158.74162234083397,191.86654491915306,186.43580140115697,240.49578994092374,223.60723459004916,252.79244360908612,253.50917398792291,-3.0860537651716413,1.223883360561814,1.4558847768015823,0.23200141623976833,0.62721065380932828,3.4311044185905075,2.8038937647811792,-2.9429787105184744,2.7656445042597966,5.7086232147782709,-15.308857313783079,2.1558847251598934,17.464742038942973,-0.55069068320435122,0.63059054998126385,1.1812812331856151,0.28286598298862486,1.7400512622189126,0.68796335920342244,-0.23983643945905442,-1.1512580993022539,-1.7744697395021376,-0.48706098125492758,-0.095263409175316838,9.5037693125464102,18.503736953764076,-6.7140387484080861,-6.0686697781704311,0.31805337694633729,0.39254550038355351,0.47996378978389437
1598,2008,122.82556183616838,43.475198866903483,3,10,22.473093287673951,5.1666717529296875,198.56423486811036,194.18575588866952,4.3784789794408425,193.9953889572862,4.5688459108241659,220.96540920149528,156.89968738166408,551.26783468201756,198.9218161038394,140.57224117410496,139.60829801044463,164.8104425904138,163.64237884309205,199.88619104856576,194.71116586339312,234.40784198382772,227.36544857799939,254.81746436234255,252.97604153387482,-1.1155708279975158,0.35069909762805196,0.87643199876973199,0.52573290114168003,1.3556013167400636,2.3797790123991831,1.0241776956591195,-2.4090200004018811,2.7708458132801184,5.1798658136819995,-4.3197688820497717,2.6930865691624035,7.0128554512121752,-0.26895240352848759,1.75032730734236,2.0192797108708476,74.314883535878835,81.971720810584884,-7.6568372747060494,82.30462787137003,-7.9897443354911957,78.055368734590047,77.919244250919292,173.42694128223229,207.17614244991222,150.45819940032649,145.38536826227207,179.11721802095639,172.22245355360056,211.10716151551222,201.66994745040807,230.20287573681918,229.30709047629168,260.03513012958666,251.5811659480035,-3.6876954199313161,-2.7484337861386621,2.2194128229463104,4.9678466090849724,-2.7970583932970499,3.4113583853650482,6.2084167786620981,-6.0975816519478485,3.7785364022361989,9.8761180541840474,2.1409958513201275,3.5621377015611984,1.4211418502410709,-6.361087451997065,2.9296545243896617,9.2907419763867267,124.24935160045243,112.21403499861299,12.03531660183944,111.69076056934318,12.558591031109245,142.9100407698952,78.980442683709953,377.84089313820004,193.11956013624081,136.82010517281151,135.61650940221469,158.11620735897085,157.53981896356075,188.04212177164936,186.88381258416669,237.96354221066014,225.157349487777,253.5031785504224,254.43596851315775,0.068104868002393459,1.5715859358021476,0.60890502205091934,-0.96268091375122822,1.3956938486131492,1.9922724695791771,0.59657862096602798,1.1853275886027177,2.0541186947296524,0.86879110612693466,-11.140397580420512,1.7094487788578476,12.849846359278359,1.0166512126407667,0.51713586451833748,-0.49951534812242926,-2.5721245919338003,-3.7558002879337096,-3.099132883766714,-4.3200197219408096,-4.1526597100371134,-4.192752241910199,-3.6885616515459674,-7.2829092405505662,6.4607647333698992,13.281393431740639,-6.0921350484685775,-7.3777386646378318,0.31459651801064803,0.35324700375800649,0.49661822500243707
1599,2008,123.07556297973883,43.475198866903483,3,10,22.473093287673951,-1.7083282470703125,181.26704369673826,180.0355386810952,1.2315050156430516,179.9819939239751,1.2850497727631591,214.13435392487554,147.84101550763899,569.42928514257073,203.68075888792393,148.83522206673402,149.0622581511368,171.29115046437076,171.15228619002832,204.47640677437656,201.55125781277928,237.11922541501937,233.06332092995427,256.61442698094635,256.93743202772674,-2.1332782600682947,0.0601860076169487,-0.7066268972888281,-0.7668129049057768,-1.0893017216396004,-0.90358495669795502,0.18571676494164535,-3.9630071276911849,-0.98287795945645939,2.9801291682347255,-4.8095469254404861,-0.82254885262631205,3.9869980728141741,-0.44110887373710739,-0.60604407706711072,-0.16493520333000333,74.318567091599107,87.233825713135957,-12.91525862153685,87.795357600689385,-13.476790509090279,82.778479586703725,75.152276097973299,178.50716971186921,209.98163716126237,160.29163161945209,157.06167711674669,186.70535039461481,182.72962704874567,212.87957805713634,209.82241393325586,230.43809440578613,235.34298143494948,260.27918129823388,255.1137941639094,-2.5483606653048412,-2.5089490551397944,-0.49213057570011642,2.016818479439678,-4.5878513927476661,-0.77943938744144248,3.8084120053062236,-4.480235664447747,-1.2366432326647896,3.2435924317829574,3.4629981950731974,-1.1680089800459257,-4.6310071751191231,-6.5042940555109965,-0.78277450129755266,5.7215195542134438,106.9484765455345,92.80171089669966,14.146765648834844,92.186637095662263,14.761839449872241,131.35587430836949,72.688739283005816,390.92211537435651,198.80387213160907,147.21132109559366,143.86119288098391,161.78699217992883,162.84845928369651,190.86762404253403,189.80424883469777,242.14610276617589,229.40320296287766,255.56503848915003,259.26591210063452,-3.1262097106727254,-1.2672977399913634,-0.56048057819864994,0.70681716179271348,-0.17632948189358899,-0.82061600193361528,-0.64428652004002629,-2.5054516725225255,-0.93697739365606481,1.5684742788664607,-13.12285381942948,-0.33883612649901806,12.784017692930462,2.4345965487407284,-0.33872290811359562,-2.773319456854324,-0.41508240523654649,0.57784904536788417,-2.5691350627567431,-1.241651315148431,-3.4985496711080657,-4.4115219108540771,-0.51722853675656211,-1.9747839919252215,8.2725451205136835,16.585852014502677,-6.0631851817738891,-8.9388906042517249,0.31348435068135899,0.38657262634161349,0.50833170916693382
1611,2008,126.07557670258439,43.475198866903483,4,4,22.473093287673951,0.9499969482421875,217.15880205228314,207.54711026627774,9.6116917860053945,207.12920849915099,10.029593553132145,232.75580015106789,200.65152985407258,572.43598512560129,193.72495564571474,130.89928969557099,128.34528199140061,159.34967436205449,154.52234127426004,193.55737630937202,189.9388682476461,228.39680686191974,225.90296560897355,254.85773092640682,253.30045037840475,-2.7803294148303053,-2.4791614102706774,0.12673319414270168,2.6058946044133791,-4.3067245725781902,0.41815322900586693,4.7248778015840571,-3.0532357703949913,0.46157986095587944,3.5148156313508707,-2.0399015649989565,0.44763575451207771,2.4875373195110342,-1.3777153478882838,0.27888316015537384,1.6565985080436576,124.95248881665611,138.31478227553453,-13.362293458878412,138.89575229836919,-13.943263481713075,131.59241075837667,158.1061787022054,299.20929385116324,203.42565371544595,154.41906249623727,142.13084837635111,171.83749854576666,165.8906197815248,206.68230602465789,196.25138393994058,232.52598537199901,227.44149514488427,256.78520005960826,250.99987349797473,-6.2217495000547842,-10.578520871565473,0.76026106173685548,11.338781933302329,-5.262522371041797,0.79345457739924541,6.0559769484410424,-9.7620175417232531,0.81459815669825275,10.576615698421506,-4.3720903611607582,0.79005156822037748,5.1621419293811357,-5.0872869156544596,0.70915367482916736,5.7964405904836269,92.206313034461346,69.232325123759438,22.973987910701908,68.233455539169881,23.972857495291464,101.16338923548392,42.545351117594691,273.22669088095427,174.16957897060584,121.29052608357826,115.79181474941646,131.74102420687967,132.09919756992457,160.70940602318638,169.82584269944974,209.48177248029052,220.84465733931739,249.33578124514298,259.68630209487975,4.6587972293027065,-4.0471534512749088,0.019343395317207523,4.0664968465921163,1.857344955757867,0.070820334440128363,-1.7865246213177386,8.6315131613121707,-0.15157262219958056,-8.7830857835117513,10.474618586840677,-0.8468810495566288,-11.321499636397306,9.0944392730414165,-0.72757678678357252,-9.822016059824989,-3.441420085224479,-10.880546729357491,-8.0993594612947959,-6.5313674202905645,-0.9557977984636068,-7.1198673267996639,-6.7087817713282618,-18.393530703035424,-2.3321887961618017,-14.846708948001435,-3.7095715677661758,-14.181726188695876,0.52269476697121353,0.56536683800346932,0.78796398321603101
1618,2008,128.82558928185949,43.475198866903483,4,4,22.473093287673951,0.25,119.11595047218725,132.48762989771058,-13.371679425523325,133.06900570083963,-13.953055228652374,143.11816719872877,254.65547395675094,525.51543379947543,196.80062339941657,140.39234825122981,133.98833054722118,165.42924975293934,157.48341592298212,197.62120520614832,190.66477401499404,229.17176678653641,225.09636750146925,253.18027000518001,249.97401293784318,-5.1034220770282559,-5.9297061609292427,0.060835383723826908,5.9905415446530696,-7.7671082829689055,0.12554207801491657,7.8926503609838221,-6.6997290256495319,0.14272547276166847,6.8424544984112003,-4.0430658854163255,0.13197402268059477,4.1750399080969203,-3.1715305561238551,0.11400049283756175,3.2855310489614169,86.454656587120553,92.52219994328334,-6.0675433561627869,92.786006230322528,-6.3313496432019747,89.30294374110963,194.26751053358748,304.35515006352216,202.51046410684953,157.00926936907396,140.08379190369425,172.55597935969485,161.29262083364705,202.78251494596719,192.34381322501579,230.65333225089077,225.53162687965241,253.82482488861783,249.14717740327663,-8.7105035042455654,-16.393007245078479,0.17745052305363629,16.570457768132115,-11.271501540845151,0.19638596961027588,11.467887510455427,-9.8853163936702515,0.18840500116056091,10.073721394830812,-5.0833934488930197,0.18291837540698452,5.2663118243000042,-4.8898231881630636,0.16841407922410667,5.0582372673871703,32.66129391486902,39.96542939414212,-7.3041354792730999,40.283000376508426,-7.6217064616394055,53.815223625257204,60.387963393361133,221.16028387099504,182.62289175780373,120.68509515577614,123.99123036925675,141.74567719372052,147.61201794495213,185.3476957842619,185.83947814846016,224.16416059883875,224.36420033398625,247.83444700944298,251.94067082908467,4.8070285100545789,4.846260717160888,-0.010530168715135346,-4.8567908858760234,5.8953249374912957,-0.092571258370725218,-5.9878961958620209,0.4220481607052875,-0.0023412493638659271,-0.42438941006915343,0.08284594887695107,0.06273195340509119,-0.02011399547185988,3.6538220252812437,0.015291588868933559,-3.6385304364123101,-3.6070814272173095,-13.517532014300144,-10.463301084149236,-21.239267962239367,-3.5043932578762451,-17.166826478336446,-3.1855873680207196,-10.307364554375539,-1.0403275634766942,-5.1662393977699708,-1.7182926320392085,-8.5436452134443073,0.57915549285210355,0.62398048751635249,0.76286406694945286
1619,2008,129.07559042542994,43.475198866903483,4,4,22.473093287673951,3.0869598388671875,109.44722579325025,125.09968540124828,-15.652459607998026,125.78022714125109,-16.333001348000835,128.81438026815886,264.33210539556967,520.64428775012493,195.7426677855884,138.44787729318924,131.60297988906794,164.60829549162776,154.9672882910323,197.05534689564644,188.3278791341034,228.17370477584544,222.21708713223148,251.32770887207164,246.73962937334787,-5.4873244864588742,-5.6425546821984653,0.83022078503179841,6.4727754672302638,-8.0112213047743523,1.4863046358381382,9.4975259406124906,-6.9561413415689515,1.6357517580751164,8.5918930996440679,-4.6999047536695855,1.624078088479564,6.3239828421491495,-3.5194587580145651,1.2429311396670926,4.7623898976816577,70.809279345558025,83.834108069262584,-13.024828723704559,84.400406239117729,-13.591126893559704,74.627681962954739,202.49193568807459,305.78008225793019,201.42954459851822,156.39045692070468,137.16499871543229,172.03245800531502,158.73864493683107,202.40210581875604,190.09347292262501,229.86156260434532,222.68587678656976,251.98517691201053,246.03597411240074,-8.5240490171957219,-16.516926974938599,2.1273184510038163,18.644245425942415,-11.130966303176109,2.3048362941529774,13.435802597329086,-9.8878610799798992,2.3101289456408836,12.197990025620783,-5.8482244846470905,1.9830084679559263,7.8312329526030169,-4.541248935881697,1.7640779584280608,6.3053268943097578,38.637946447692229,41.265576437916025,-2.6276299902237952,41.379820850303076,-2.741874402610847,54.186698424413407,61.840169647890434,214.86420566961169,182.16007986305817,120.72298597865895,122.54066810809317,141.42613801720012,145.8596312473932,184.98572828097605,183.49103743853027,223.29866462452537,221.41791631445065,247.62468129033314,248.58378024341263,2.8508770836922679,3.5671505804501891,0.34633649174536174,-3.2208140887048273,4.4849994244020479,-0.41390250422182362,-4.8989019286238715,-1.2756140450614453,0.48784674025830554,1.7634607853197508,-1.8119417537200206,0.1240781808199074,1.936019934539928,0.80102725007139952,-0.21302189655648363,-1.0140491466278831,-3.0367245307368478,-11.37492610088799,-10.874372292740134,-20.084077555388788,-3.1197449984017567,-15.615965727578157,-2.9317197384109477,-8.6122470349184539,-1.1483197309775051,-4.0362827309270699,-1.0217901778671319,-5.3422761859530965,0.58731093272780621,0.5793427861671876,0.7660512346203574
1620,2008,129.32559156900041,43.475198866903483,4,4,22.473093287673951,5.7727279663085938,114.73876039585957,126.86745174908356,-12.128691353223985,127.39478620003501,-12.656025804175442,126.0080798465674,276.60648278221561,517.55927720665932,196.59993338423598,137.93945850029465,129.457670059902,164.674987351363,153.87160543404894,197.74097758833548,188.03819873921208,229.54836506196955,223.32678782142034,253.26948324869895,248.79908444133918,-5.0066040833576722,-6.523735061082732,1.7141005546119459,8.2378356156946779,-7.8299324676728759,3.0112385119038549,10.841170979576731,-6.241726843003164,3.3574741253557931,9.5992009683589572,-3.1047648351110126,3.3513294723897786,6.4560943075007913,-1.9156365671497895,2.6517214649311995,4.567358032080989,71.397102567472757,80.932051471210798,-9.5349489037380408,81.346614816138754,-9.9495122486659966,76.198319910508872,219.31492131889354,312.2819251382025,201.59795395299636,154.69939532293961,135.61601001037982,171.3730589616892,158.0229376724775,204.35040320584523,190.06140448689092,230.62781796358649,223.79121154549955,253.5650385240902,247.7801796613727,-6.6648677357959798,-14.98012792668024,4.0306019036677299,19.010729830347969,-9.1632727107734695,4.4992205580228983,13.662493268796368,-9.6782906023395867,4.4006724154432959,14.078963017782883,-2.9082090158259177,4.4055680504700945,7.3137770662960122,-2.2818555135863221,3.9077528913815058,6.1896084049678279,43.341658055163862,45.935399432569284,-2.5937413774054221,46.048171692757933,-2.706513637594071,49.809760132218344,57.291561522926713,205.27735226973891,182.80942875094311,120.7544095218162,119.87679148726467,141.09626463911096,143.36249381658044,185.50791174696911,182.7421580464665,224.54588632221612,222.19168459805601,251.61933168990248,251.65212225079023,2.0794779640899606,1.4254161834885082,1.0881258797323596,-0.33729030375614855,2.3687008061240249,-0.08736489214780363,-2.4560656982718285,-2.2555254516010166,0.6674930747716985,2.9230185263727151,-0.81944777569756866,1.2731537928639796,2.0926015685615482,-0.68215923582343407,-0.72493850400957172,-0.042779268186137642,-1.6582636524383076,-8.7443456998859403,-8.4563928655975076,-16.405544110168748,-1.3333402431005936,-11.531973516897494,-3.4365637593364227,-7.4227651507385701,0.19655581928509491,-2.0887612401283491,-0.36621894643653263,-1.599696277762888,0.60337421990314277,0.60470979323937857,0.79287701109872311
1621,2008,129.57559271257088,43.475198866903483,4,4,22.473093287673951,-7.3043441772460938,195.39364904869581,182.16803824437375,13.225610804322059,181.59301017940743,13.800638869288377,228.1797724010637,147.5844223621225,482.16129216551781,196.6811254984959,139.18230101733363,135.23110416457311,165.12312821174012,162.34193359435093,198.37173408795758,199.0320260798145,227.72838608091007,232.902850011006,252.00709354086399,256.29453389335339,-2.7228948332534344,-6.1564729968077359,-2.2098386824539205,3.9466343143538154,-6.4301282179858674,-3.633531419459672,2.7965967985261955,-3.6614692553636417,-4.2889248357856502,-0.62745558042200855,0.9786542064404955,-4.3254634448717582,-5.3041176513122537,0.89987166384267425,-3.3077569610463513,-4.2076286248890256,127.12103257517447,114.28679965356423,12.834232921610237,113.72879054343503,13.392242031739443,131.47824526197815,115.30022244698375,254.83898809928178,207.18463248284962,165.16687724662299,155.35898036488777,181.82439035408683,180.40205230752733,209.66415216023256,210.2378536037136,229.96505752159169,237.39299579654804,251.5283304478765,257.12118848231131,-5.0403101672791877,-14.926942543681776,-5.3046941509452097,9.6222483927365658,-8.0130936584361905,-6.138836279188439,1.8742573792477515,-5.6598561771896811,-6.0965251864693357,-0.43666900927965457,1.494808846263453,-6.1151462403601613,-7.6099550866236143,0.32226095673902933,-5.2100887687500688,-5.5323497254890981,68.272616704489337,67.881235929333343,0.39138077515599434,67.864220068753639,0.40839663573569851,96.701527275058652,32.28419988533642,227.32230410352349,176.5855736801324,120.83219360270859,124.3535467853178,140.42825335818281,141.42579449640016,161.52272072573734,171.39390274138356,211.90741958783508,219.65503699920757,253.71413217632218,254.38633773084965,4.2201306495493895,2.7058700575997818,-1.9769986042597623,-4.6828686618595441,-1.0350687785790456,-2.2707802056754076,-1.2357114270963621,9.3431113283250227,-0.62210468837790245,-9.9652160167029251,7.6048788808912207,0.078377498145187019,-7.5265013827460336,1.5244995752234729,0.95873675250143719,-0.56576282272203571,-2.3174153340257533,-9.2604408168285772,-8.7704695468740397,-17.632812601281557,-1.5829654404503231,-6.9780248798571449,-1.9983869218260395,-15.002967505514704,0.51615463982295751,-6.1100700346277677,-0.57761070710364493,-1.2022386184844436,0.52853472943614033,0.57620464723263631,0.78124927144462319
1623,2008,130.0755949997118,43.475198866903483,4,4,22.473093287673951,2.2173919677734375,101.70619691363754,121.96462957690164,-20.258432663264102,122.84543057496558,-21.139233661328035,124.78432898155734,260.06297457063556,506.55575214326382,195.8721373734638,136.35117034714364,131.34126912444248,164.36877285488382,154.47421475509466,196.26386651724471,189.34573484858248,229.4721663415657,225.79884439872879,252.55759305170469,249.57716376009819,-4.6649369974699653,-3.9325614980860166,0.62461488808386889,4.5571763861698855,-8.6502527673526686,1.0722526053426691,9.7225053726953377,-5.7737295451059367,1.0627148809284108,6.8364444260343475,-2.6834185439766145,1.1000351037408791,3.7834536477174936,-2.1204678975112188,0.87831525370665986,2.9987831512178786,71.83035298876348,84.996299078311495,-13.165946089548015,85.56873195298067,-13.738378964217191,76.851336801068101,206.81827786825306,308.76786391623318,201.43686528988945,153.68310135336452,135.42227359826629,171.0652359036996,157.43495922463481,202.3876503596517,191.33750852438004,231.16749179732534,227.25830554575339,254.03157502408689,250.07486758901908,-7.7208511001628892,-15.777779109582866,1.4271675346338668,17.204946644216733,-12.197746703007084,1.5122704432293688,13.710017146236453,-9.1491282111807664,1.4929145290746249,10.642042740255391,-3.0026563940587607,1.3752188444742046,4.3778752385329653,-3.0669383497571516,1.0979236841311604,4.164862033888312,29.875843895071739,36.968329332411486,-7.0924854373397466,37.27669829286333,-7.4008543977915906,47.932992079906398,53.244696553370886,197.78788761794567,180.27043468606431,119.55074315973702,123.25791293794128,138.76359197257352,146.96022794923607,185.64626103816997,183.98795993452114,214.54667180716422,222.67180210982474,246.29572539901034,248.39046485897825,5.4848249261627871,5.1786309579451313,0.16368024717851881,-5.0149507107666125,8.827366132834868,-0.38961199137656877,-9.2169781242114368,-1.5723991974675187,0.40157809969653613,1.9739772971640548,7.5693831645744183,0.026601286590249629,-7.5427818779841687,1.780311991068686,0.20525803432175849,-1.5750539567469275,-3.055914102692924,-13.205676026325676,-11.845217611496849,-20.956410067527997,-3.5474939356544155,-21.025112835841952,-3.3753986660748296,-7.5767290137132477,-0.31923785008214622,-10.572039558633179,-0.94647045224593285,-4.8472503408258376,0.60954369308772083,0.61587330258775075,0.79526229448736563
1624,2008,130.32559614328227,43.475198866903483,4,4,22.473093287673951,0.23809814453125,105.71487811362022,121.13674559016363,-15.421867476543412,121.80726099776803,-16.09238288414781,132.52284506509022,269.07586989173433,526.17592523247004,196.97649762489357,136.92557643597559,133.2135514391928,164.24754851142208,156.16420608038655,196.96671628417218,192.29347372181996,231.12999111743036,229.31014253142763,254.73372216044376,253.32393312560401,-3.852890093879779,-3.4958159796611312,0.073492667520241639,3.5693086471813729,-7.9702534214067668,0.12009897920719936,8.0903524006139662,-4.5066473353855372,0.12431169085772353,4.6309590262432607,-1.7068838201912513,0.13196090539582883,1.8388447255870801,-1.3814807385393237,0.10302339844292874,1.4845041369822525,79.024509908660548,87.631322004104732,-8.6068120954441838,88.005532233772101,-8.9810223251115531,85.035479678103002,217.81050311841682,331.26498405670281,202.08063490336897,151.38695646820113,137.71365652395352,170.50888861430803,159.24520279971884,203.86854276378003,194.76751475292846,233.18609750017723,230.49964243213594,256.45027483961354,253.33169641337719,-6.6943279184184235,-12.870394585258282,0.17095040425218144,13.041344989510463,-11.288799977813625,0.17519808668643577,11.463998064500061,-8.7753309986051136,0.14502715861397064,8.9203581572190842,-2.3474814930985985,0.17672126854495218,2.5242027616435507,-3.486237310916664,0.1531885678119238,3.6394258787285878,26.690368339070119,33.505422061884019,-6.8150537228139001,33.801728795217059,-7.1113604561469401,47.487365430759382,51.265366639207059,194.9109408929944,181.32358918385731,119.22449378661727,123.77054341294298,138.37962298014332,147.30482907551141,184.9574555988882,185.62899006700522,223.19106137006966,225.68089249984482,249.19232210951301,253.29773335148835,6.6530695855440172,5.565160866367691,-0.0077977321486883966,-5.5729585985163794,9.6497731304148715,-0.11892907447145262,-9.7687022048863241,1.1185790114254246,0.017476098273590424,-1.1011029131518342,2.6345217499116131,0.045020573638623773,-2.5895011762729894,4.4785133825828893,-0.06537935902193226,-4.5438927416048216,-2.8414378245386445,-13.347397503962441,-9.3745786055971507,-18.435555451625973,-3.3185465564068579,-20.938573108228496,-4.2686836632195764,-9.8939100100305382,-0.64059767290734726,-4.9820032430102117,-2.1047565723773403,-7.9647506934995533,0.62957077314083965,0.64166657180003028,0.80947616449611515
1625,2008,130.57559728685271,43.475198866903483,4,4,22.473093287673951,2.7272796630859375,108.28491272226165,116.01947219034264,-7.7345594680809882,116.35575761972723,-8.0708448974655767,130.38600091949593,267.90796485697138,530.93959158286452,195.8845455287076,136.83030555736519,132.50350115491923,163.78516194887416,155.19321497386929,196.14021240264958,190.7881236966065,229.56244467098762,226.81773622201831,252.95428562789056,250.3061276565827,-3.455016809225981,-3.3519572288802237,0.79630269956905408,4.1482599284492778,-7.3031301123705248,1.2534103655508488,8.5565404779213736,-3.9968364410013066,1.3354797206656031,5.3323161616669097,-1.336835768047365,1.3027455143965767,2.6395812824439417,-1.7033222229047738,1.058017303628759,2.7613395265335328,77.947232780139529,83.242464688099062,-5.2952319079595327,83.472693381014324,-5.5254606008747942,82.760769874963444,217.64945459835326,329.34872672427446,201.05536490484121,148.24193288373533,136.29205666598438,169.93533183834839,158.0147572169011,201.90120445174924,193.0303670140716,231.1648498054567,227.83788044609938,254.37583054293401,250.31144710545246,-6.0490811071942971,-9.4245442169331852,1.8937214385801155,11.318265655513301,-10.284849551481216,1.9724496941400673,12.257299245621283,-7.065272280109923,1.7518926877230854,8.8171649678330084,-1.2581702841284539,1.8809617182538716,3.1391320023823255,-2.7952658056711357,1.5113693258072374,4.3066351314783731,30.337679897418639,32.777006112371055,-2.4393262149524162,32.883063461143138,-2.5453835637244993,47.625231096686548,50.258510213914633,201.59086479991674,180.0150355297385,119.58748728530792,123.69456212346792,138.57818594007065,147.41204682981581,184.27158523689221,184.85576404299425,214.80115606547426,223.71493583174575,246.79873270471901,250.28950813948109,6.4824303503285989,5.1151868033436472,-0.091474456450015396,-5.2066612597936626,8.9923442698298572,-0.96551143116337812,-9.9578557009932354,0.9877571052538201,0.06231570355910776,-0.92544140169471234,8.4075225799065549,0.035036809356853382,-8.3724857705497016,2.5363775556108408,-0.30967736033449,-2.8460549159453308,-2.5940642979683162,-12.531511457522896,-6.0725869880529615,-14.539731020276832,-2.9817194391106909,-19.277193821311073,-3.0684358391086164,-8.0530293853637431,0.07866548391891115,-9.6656928640350088,-1.0919435827663619,-5.3316433612819765,0.62031299218504887,0.63473662273039821,0.8124038220160803
1627,2008,131.07559957399366,43.475198866903483,4,4,22.473093287673951,0.7272796630859375,106.07874888388687,114.55760559923147,-8.4788567153445911,114.9262519679105,-8.8475030840236286,129.72441336757583,253.45770942366653,537.70546188205481,195.71137710710826,137.27708816403526,132.87822680511624,163.45347823087954,156.30186990036376,195.88857618102151,190.92477735992262,229.06801870225613,226.40489962548767,252.78194490705036,250.39538205578822,-3.9885735316150317,-4.0926632260838289,0.17512100109530593,4.2677842271791349,-6.900220334725276,0.3234657751748955,7.2236861099001715,-4.5473344512059271,0.36007889688397654,4.9074133480899036,-2.6014153843918848,0.33734733948247708,2.9387627238743619,-2.2445893369690282,0.27011421273834912,2.5147035497073773,76.563286898806837,81.242560398612113,-4.6792734998052765,81.446007331076544,-4.8827204322697071,82.551178706367864,206.17552226651969,315.47223415691406,200.94830329879377,150.84056577658828,137.90597826545866,170.52620399487222,159.8706768070534,202.03154552244996,193.24044173238198,230.42140014832751,227.34053780577165,253.37677342102225,250.23038715543103,-6.7595025739130676,-11.747551773136735,0.50632886297364621,12.253880636110381,-10.43444687331808,0.52178185458356552,10.956228727901646,-8.2068102809197114,0.48628209677499967,8.6930923776947111,-3.2911231800497092,0.43780442928436969,3.7289276093340789,-3.3195426981639002,0.36997881718224335,3.6895215153461436,29.515461836068425,33.315045081410062,-3.7995832453416369,33.480244176252199,-3.9647823401837741,47.173234569938359,47.282187186949159,222.23322755098343,179.70339800488711,120.26261123895631,123.71233946701824,136.09016596487169,146.22462901981899,175.86971199348525,184.18484535656259,217.5938269797079,223.88317945358679,247.9463525462948,250.82120511923861,6.572676164404669,4.6988514241421768,-0.06944453490621072,-4.7682959590483875,10.8970175976539,-0.18291728885716907,-11.079934886511069,8.3002403404054803,0.11672138894536488,-8.1835189514601154,5.9078611981421432,-0.099329549568381026,-6.0071907477105242,2.4061276298503458,0.046570777136764718,-2.3595568527135811,-2.7709290422980359,-13.332178738317737,-7.6548885470529058,-16.446403197278912,-3.5342265385928044,-21.33146447097198,-3.6594758297137844,-16.507050621325192,-0.68970779565782436,-9.1989843781918523,-1.0749533611948721,-5.725670328014246,0.58670081767946147,0.63635808066796196,0.8134513751242326
1628,2008,80.825369716330627,43.225197723333018,1,10,22.564531611320497,-5.9130401611328125,108.97932903599576,109.18524443006027,-0.20591539406450465,109.1941976963717,-0.21486866037594154,134.70051817688795,144.14191542900153,317.88515430269763,185.28260354052486,132.28022068079133,135.44009510842318,155.98695880995251,159.62144908448479,184.86399461897625,190.25613465750268,215.34482533615505,219.83855172330834,237.94749103227099,241.40579478981977,0.88761708563183106,0.48826962528761442,-2.5935219883948548,-3.0817916136824692,0.17661378235786174,-3.5039028456886001,-3.6805166280464618,1.5449502126928962,-3.8517944153121277,-5.396744628005024,1.0219614312507019,-3.4993793189027542,-4.5213407501534562,0.71743241701162219,-2.6292452992245785,-3.3466777162362007,76.442259899311466,69.061312204503338,7.3809476948081283,68.740401449671481,7.7018584496399853,79.073364398413105,90.673315715196622,172.68655832856894,188.00454933405896,146.411966327448,153.57306720623677,163.54189796733286,171.3582948091524,186.06065070609827,196.00040200476943,213.70198520247982,220.57111834317399,232.44543824930844,239.49658715245528,2.9445400310364107,1.4498309306283943,-5.6513143109378916,-7.1011452415662859,2.2563577758048154,-5.5699114992148964,-7.8262692750197118,4.4773361420600679,-5.3944732799205326,-9.8718094219806005,1.8614141311870469,-5.0104153217341434,-6.8718294529211903,2.4741084233498327,-4.4954872555858287,-6.9695956789356615,32.537069151585456,40.123931676156644,-7.5868625245711883,40.453796246700222,-7.9167270951147657,55.627154001992267,53.468599868323508,145.19859643978998,181.04741330793439,120.29080453708512,121.70354680933661,135.79463327578594,138.38903053836319,181.05720313697481,176.13392672686831,222.73331444852536,218.08478777704551,248.64837303152862,244.76391469513726,-2.2379623815556045,-0.0033998879524546055,-1.7737602927396239,-1.7703604047871693,1.4345312430105537,-1.0946024019789604,-2.5291336449895141,-5.7413398836275178,0.14500609080477034,5.8863459744322881,-5.1420650539036501,-0.21572029152886785,4.9263447623747822,-3.7344047396819064,0.35053803504001735,4.0849427747219238,2.0569229454045797,5.1825024125920152,0.96156130534077988,1.4532308185808489,2.0797439934469537,0.82182653279426177,2.9323859293671717,10.218676025687586,0.83945269993634497,7.003479185090697,1.7566760063382105,6.2085131630317392,0.54323568116091636,0.58703088502283574,0.62905585405418474
1629,2008,81.575373147042015,43.225197723333018,1,10,22.564531611320497,1.4499969482421875,157.5616368213341,151.50220660769264,6.0594302136414626,151.2387528195286,6.3228840018055052,180.86055526011478,253.71479025117515,500.62836929410696,176.23095879391445,117.70484340287454,119.18470143523614,143.98320132319836,145.6983608008766,176.87591974046148,178.84530734757811,209.91760170099084,211.14732897552184,233.31546210406012,234.35217713112581,2.4395990356262303,2.2703307498850762,0.70063986676082379,-1.5696908831242524,2.6100457180335752,0.94279228912148483,-1.6672534289120904,2.8589513597054861,0.9374505807736,-1.9215007789318861,2.184180722781889,0.87703543769870862,-1.3071452850831804,1.7115618665908414,0.68618998868362269,-1.0253718779072187,106.9831906344989,98.159940206616739,8.823250427882158,97.776319345684897,9.2068712888139999,107.34315075467021,201.46878395750173,319.42259154655039,183.53311739630419,135.76686213679145,134.02817842523251,156.45966991795061,155.39147458783989,182.79987826286956,183.94275147119751,212.11419464864872,212.08407690916658,232.17744418565056,233.06094885807042,1.3780058581025685,-0.29699675423648841,1.3768828377447733,1.6738795919812617,0.35661237681892999,1.3487579978390443,0.99214562102011428,2.5257472865782233,1.259824371756082,-1.2659229148221414,1.2196536076317557,1.1613063059030537,-0.05834730172870195,1.6241510859830441,0.97519784748462257,-0.64895323849842157,50.578446386138239,53.342266341472168,-2.7638199553339291,53.462432567853284,-2.8839861817150449,73.517404626516509,52.246006308574579,181.20577791146934,158.30051531733264,98.076522011334262,101.69636977536119,111.9833808513435,118.44492229850596,145.89224766118843,159.50981945953251,203.12418072869937,207.17984799363148,238.95307902549001,238.02712146220674,5.632393836308438,4.3026346380368921,0.45290710541856072,-3.8497275326183313,6.4010497177534518,0.22215079489471634,-6.1788989228587354,11.989955889135217,-0.27724852498826635,-12.267204414123484,3.4374509269243845,-0.37364738927851704,-3.8110983162029015,-1.5785452578415686,0.064240166206559479,1.6427854240481281,-1.0615931775236618,-4.2543879782058696,-2.5673275041215646,-4.5996313922733805,-2.2534333412146452,-6.0444373409345218,-0.33320407312726275,-9.4642086025569938,-0.96452711515013334,-2.2177973192926288,-0.087410780607797278,3.2026963438246128,0.63804332942006614,0.5935133318610496,0.79407583514563584
1635,2008,83.325381152035249,43.225197723333018,1,10,22.564531611320497,-4.0454559326171875,78.019797947614279,66.519634341362689,11.50016360625159,66.019627294012025,12.000170653602254,96.638234785526492,180.67506527378737,333.41700308583677,181.84725555970485,132.33983243207965,133.96012574766243,153.2478570087853,157.94388102143466,181.1158298380025,186.35315302528764,211.7041137664819,214.63109886988801,232.2594038979482,234.25364409363522,1.5379894468657653,0.34656678767913718,-1.5344936572672339,-1.881060444946371,2.4907400494208787,-2.2985293356359477,-4.7892693850568264,2.8184462302392319,-2.3806695026807745,-5.1991157329200064,0.95205832333886065,-1.9782290352009113,-2.930287358539772,0.4814228950906454,-1.3900312475556404,-1.8714541426462858,43.407183238756261,33.474864458561569,9.9323187801946915,33.043024665672419,10.364158573083841,45.176960283410153,127.7147239148926,182.28986978344619,187.37716833255169,146.69468156620545,154.81520884188637,164.18722563804008,170.94238749343006,186.39694924904035,193.39613595729625,211.6862811301917,216.68254239949923,228.37646474514801,233.80473503504163,3.0399025784034279,4.7177944399321916,-3.8340144518303418,-8.5518088917625334,3.4188879295910795,-3.6851370831391819,-7.1040250127302613,3.3280415569038837,-3.3869463443436416,-6.7149879012475253,2.0236555850010234,-2.9337608478740549,-4.9574164328750783,2.5629530924086907,-2.1859316278184338,-4.7488847202271245,34.612614768462663,33.044770084644369,1.5678446838182936,32.976602874886339,1.6360118935763239,51.461274576622145,52.960341396147669,151.12713347189128,172.69133584119209,118.02501374429238,119.65660472776145,133.08161488017814,137.14709984399491,167.56895947104246,168.51532626601679,211.74185825410652,210.24463951313513,236.48599446661981,234.98009055695951,0.56008675990793222,1.2073549024273689,-0.8331897902567249,-2.0405446926840938,3.0837722912899608,-0.92600789820588147,-4.0097801894958423,1.0298358783063861,0.25919839908365816,-0.77063747922272796,-1.7840048666042492,0.03844105594288294,1.8224459225471321,-2.0499768013579853,-0.077100319713650833,1.9728764816443345,1.5019131315376626,2.4798158184954957,4.3712276522530544,3.5104395375048227,0.92814788017020078,0.33511563830111868,0.50959532666465179,2.2982056785974976,1.0715972616621627,3.8076604516052726,2.0815301973180453,4.6129298937666761,0.54673237446296774,0.46748536315541545,0.7068752056148927
1636,2008,83.575382295605721,43.225197723333018,1,10,22.564531611320497,0.850006103515625,82.978548974879232,74.334760548319537,8.6437884265596949,73.95894370426322,9.0196052706160117,96.74765558405943,118.3844352006563,260.86193067859858,189.06158086524181,141.05712344644965,144.85558997852723,161.83433675861627,165.2618194605291,188.84710981290144,191.20319476162484,215.82870595875417,217.5252129304904,236.55195075229159,237.28387958987906,2.457082916220287,4.5276945230699539,0.27447271626115821,-4.2532218068087957,4.004062983433812,0.52643303825831822,-3.4776299451754937,2.7742501128905985,0.52624075293439887,-2.2480093599561997,2.1090828161596278,0.47051418276836898,-1.6385686333912588,0.93145195965755079,0.30357148802866618,-0.62788047162888461,48.095268348984973,40.795728570259598,7.2995397787253751,40.478357106307158,7.6169112426778156,50.291176502782037,71.882403872246869,130.25438334979117,191.3607184191288,152.31464069064361,155.70359362261638,167.8271835428983,171.1603950164523,191.1534762988386,192.57700990537356,213.43834967739906,214.54949206075506,232.61730308939067,231.81512752923672,2.2536949153386843,4.5204472960797375,0.76299789271274676,-3.7574494033669907,4.2608796851143325,0.78500435006193925,-3.4758753350523932,2.0112515999481104,0.74303790018851146,-1.268213699759599,1.7451599848011483,0.70246058417785662,-1.0426994006232917,-0.69164851751696688,0.58490882247929221,1.2765573399962591,34.883280730202387,33.539031969118696,1.3442487610836906,33.480585989988867,1.4026947402135193,46.456479260091328,46.502031388014075,130.60754740517586,186.03986861177833,133.80388079982541,135.53508692577901,149.74619432715508,155.67206037985551,183.98737214657325,188.56844466843771,221.55191526427765,222.3873464094608,241.33842140397195,242.55861388731969,3.0507699866107316,1.9490653590312377,0.10202790654753358,-1.8470374524837041,6.4134145504076798,0.13840484447771928,-6.2750097059299605,4.8809665771242692,0.0909703267703037,-4.7899962503539655,0.71759375680818493,0.13207341213987434,-0.5855203446683106,1.3340775416193367,0.055460436668511193,-1.2786171049508255,-0.20338800088160269,-0.79707507127204735,-0.0072472269902164044,2.5713819370484998,0.25681670168052051,-2.1525348652933474,-0.76299851294248811,-2.8697149771761588,-0.36392283135847947,1.0275662279929634,-1.6231004771745177,-2.0257260591363035,0.4993230825630679,0.51981803795841264,0.60719471905584066
1637,2008,83.825383439176179,43.225197723333018,1,10,22.564531611320497,-4.4285736083984375,103.79310437378444,81.121715319946816,22.671389053837629,80.136000976839568,23.657103396944876,121.22828878415203,189.88450986805401,354.43853264302015,182.84616514287296,132.52517945469117,135.86906958028356,152.31242055353187,160.98414403207846,181.13489067355914,189.92278536008757,213.84373902827812,219.21927890948987,236.63498677557345,240.24751998322827,3.5920698698833746,1.4882562723421131,-2.5643246212639212,-4.0525808936060344,5.6535715217173674,-3.1179265398037046,-8.771498061521072,5.6966558701619476,-3.0892861725471619,-8.7859420427091095,2.5133993467442508,-2.7873626468967245,-5.3007619936409753,1.4325145607823799,-2.0184006990677688,-3.4509152598501487,67.292572831280268,43.812666662823176,23.479906168457092,42.791800723323831,24.500772107956436,67.943554272420442,131.0125887156355,206.85208416730165,186.49110988408941,144.06924891979978,155.96912156320403,160.98708120845043,172.42469104505409,184.8038939074973,195.91369981855141,212.27829430964005,220.35549160579356,231.65794547737363,238.87989719069995,6.112903358411188,8.3568080705348962,-4.2445725385899209,-12.601380609124817,7.4956545955487854,-4.1760848931573662,-11.671739488706152,6.957346051854671,-3.9672192884193009,-10.924565340273972,4.356180962392358,-3.7061899292172882,-8.0623708916096462,3.7552661319502079,-3.2475386886831359,-7.0028048206333438,36.500531631911144,37.309047750282843,-0.80851611837169912,37.344200763702247,-0.8436691317911027,53.284734556435069,58.871921014582767,147.58644825220108,176.38035041172779,117.04268873176073,119.21689972634691,132.17261903354037,138.38492913936588,171.89952381609393,172.65282798845831,220.82824421786705,216.02227425037998,243.80159162746108,243.06150871598584,0.20453305465451876,1.2184427037992833,-1.6563278110488255,-2.8747705148481089,4.751748515704378,-1.6174138952140709,-6.3691624109184488,-0.10364122366885908,-0.29587713845003805,-0.19223591478117896,-4.834615855373471,-0.15563973913586437,4.6789761162376067,-1.087062681757601,-0.2034352633457388,0.88362741841186221,2.5208334885278134,5.9083703037566693,6.8685517981927831,7.1383653667356128,1.842083073831418,2.7439060798444075,1.2606901816927234,7.0609872755235301,1.8427816156481072,9.190796817765829,2.3227515711678279,4.8423288137078089,0.58360495577278804,0.5604595672664695,0.68995932741787558
1638,2008,84.075384582746636,43.225197723333018,1,10,22.564531611320497,-4.6363601684570312,87.572635106571397,73.197258054959093,14.375377051612304,72.57224071433302,15.000394392238377,109.24485014856054,242.68846697377376,410.54564419202507,181.1085965925804,126.97686893367705,129.79263378262402,149.27513649719154,156.14928047346547,180.7998466690533,186.85842455767477,213.40163794852663,217.20413009665302,236.41720852581369,238.73025657105856,2.1565519523494459,1.3947426822058446,-2.2783294613451091,-3.6730721435509537,4.1231984609964911,-2.9683555881887287,-7.0915540491852198,3.1338993605045005,-2.9145733746414635,-6.048472735145964,1.3118853955894565,-2.4842213171122864,-3.7961067127017429,0.58728247144287593,-1.6680560518113339,-2.2553385232542098,47.077477073420596,29.097588117418127,17.979888956002469,28.315854048174515,18.761623025246081,47.077477073420596,180.51837738032191,239.20785580947995,188.53452041611493,143.84438590198647,155.53590066169562,161.77768094616331,172.7746189149623,187.34317233508011,196.43879277198255,214.56220706514873,221.02917895545775,235.1567093849595,239.65560521486225,4.6598702533438541,8.5540163724043339,-4.4051671952961726,-12.959183567700507,6.7338136914242455,-4.2416461307716702,-10.975459822195916,5.1187455680251617,-3.861964146500128,-8.9807097145252897,3.2463567521758705,-3.3267302931897405,-6.5730870453656109,1.6209743157662615,-2.6465615738453607,-4.2675358896116222,40.49515801824964,44.099669012653067,-3.6045109944034266,44.256386500552253,-3.761228482302613,62.167373060238788,62.170089630704751,171.33778841607273,167.51567424897345,112.22849943393115,113.16715236662743,125.86044974537928,130.31863322866161,157.55296783085868,157.93060530162214,209.39955928789635,205.02632742661169,239.70097279285443,236.38578971882302,-0.27513121955468023,0.41618087805754556,-1.4527560621598781,-1.8689369402174236,3.2883889349624695,-1.7970111238786615,-5.085400058841131,-0.046443360982493687,-1.4420232707780656,-1.3955799097955719,-4.2050970532843905,0.43484778503403732,4.6399448383184279,-2.9908252054604532,0.80340261836454374,3.7942278238249969,2.5033183009944082,4.9350014728985343,7.1592736901984892,8.1378354943467883,2.6106152304277543,3.4454247564617759,1.9848462075206612,5.1651889290076554,1.934471356586414,7.451453805460261,1.0336918443233856,4.6117995212267147,0.58265836988784359,0.43093543548643798,0.74382758946608585
1639,2008,84.325385726317108,43.225197723333018,1,10,22.564531611320497,-2.25,108.61585532772006,97.711802481586346,10.904052846133709,97.237715380517329,11.378139947202726,131.24007638441981,178.09204114398017,364.29699318576604,182.3365246224503,127.87179827603305,129.56172952539836,150.9681740068738,154.93314424236658,181.90528290226928,185.86213462794066,214.29003881533612,216.47592024095383,237.53815945155208,239.06055879270218,1.7194112880426644,1.2650458093530403,-0.90141893640617354,-2.1664647457592139,2.7619573643268325,-1.3418378428424091,-4.1037952071692416,2.5559183542542314,-1.4099356003218588,-3.9658539545760902,0.82467099023088508,-1.2738500806927959,-2.098521070923681,0.5197383168378451,-0.85976277128648348,-1.3795010881243286,52.884253788412025,39.479924146755366,13.404329641656659,38.897127330206786,13.987126458205239,52.884253788412025,116.67378497920072,174.49194521550089,191.54140822793727,153.25457086594182,159.8636604193762,167.30209705500403,174.9948237518135,190.03562734343595,196.49478575849147,214.05980096705187,219.35539895875181,233.98941705471586,237.91280870534021,3.8669922079685648,4.999496081874554,-2.1667982310835043,-7.1662943129580583,5.6638993032961764,-2.1479814715646626,-7.811880774860839,4.1047458258192933,-2.0346641756266877,-6.1394100014459809,3.4664864189943216,-1.8598060542434496,-5.3262924732377712,1.9158501826594829,-1.6090406299246922,-3.5248908125841751,55.731601509505708,58.231880092236679,-2.5002785827309708,58.340587936068005,-2.6089864265622964,78.355822566205461,61.418256187131192,189.80504785943776,171.17020523113558,114.82649638010295,116.96235702319271,130.48296408414069,133.73934663727843,158.69657743574518,159.49905870485142,215.54728902319135,209.21239487166281,242.89589615298453,240.9315949988096,-0.44072398961478143,2.021231699608947,-0.819541767014897,-2.840773466623844,2.2887637037320303,-0.83839594399975681,-3.1271596477317871,0.93136669414764128,-0.79030083598343026,-1.7216675301310715,-5.8523738841099373,0.38265867539791998,6.2350325595078573,-2.1317561452694065,-0.012224178049478951,2.1195319672199275,2.1475809199259004,4.3077161975833462,3.7344502725215136,2.978264382265607,2.9019419389693439,3.3751355995641461,1.5488274715650618,3.173379131671652,2.6418154287634366,9.3188603031042589,1.3961118658216378,4.0476063279288894,0.4789826665588815,0.40295811497020884,0.65513194317804868
1640,2008,84.575386869887566,43.225197723333018,1,10,22.564531611320497,3.1363677978515625,114.51805854792474,105.38166929723229,9.1363892506924458,104.98443359529483,9.5336249526299071,132.23376185285269,128.13657843010515,329.64141999930143,187.63188460343977,138.33732557354159,140.11232137409223,158.08830867344142,160.66823772774589,186.89281068818224,188.77671092401897,216.19925219025893,216.31253760211283,237.58540446483622,237.53176745300098,2.6119079038463724,3.094105320986273,0.91527006899042362,-2.1788352519958494,4.2731491447988788,1.6567650780217775,-2.6163840667771012,3.6180550935860367,1.8013801484707983,-1.8166749451152384,1.85270665361287,1.7008429021689153,-0.1518637514439547,1.1382898547306013,1.2342890710414451,0.095999216310843849,44.853559246635996,43.356845622176479,1.4967136244595167,43.291770849340537,1.5617883972954587,44.853559246635996,79.250796371721663,129.1239219957497,198.35653832806165,162.97980947113726,162.43448395889095,177.81592425053077,178.33236834840417,197.90759345981789,197.21384529367313,219.31959962701472,217.18147781638561,235.72962259584415,234.09920957256978,2.1294426050477853,3.1990169638835368,3.025696545574533,-0.1733204183090038,3.3874241436903105,2.9658281797667883,-0.42159596392352228,2.018366051324648,2.8800940523206862,0.86172800099603819,0.54721374075455742,2.6964350724499866,2.1492213316954292,0.33634590444310675,2.3878065335320855,2.0514606290889787,69.664499360893387,62.024823299478157,7.6396760614152299,61.692662299596122,7.9718370612972649,87.380202665821344,48.88578201368,200.517498023808,177.86439752054542,131.95283609794095,131.37407644701068,144.1650025897126,144.90545163586623,167.84061521030378,169.13126889212191,210.65389642780551,213.93358556144193,240.16086431990848,242.39313827595041,1.4447496850329742,0.40265077335334354,0.75835311836863184,0.3557023450152883,1.8029846388139958,1.0887412885051901,-0.7142433503088057,2.0124939499051209,0.40887615015051892,-1.6036177997546019,2.5906830995046732,-0.73585642657664607,-3.3265395260813193,1.618338283991875,-0.36089725555822838,-1.9792355395501033,-0.48246529879858713,0.68469292001481108,0.10491164289726385,2.7963661905301933,-0.88572500110856822,1.5844395048763147,-1.5996890422613887,0.0058721014195270982,-1.3054929128583126,-2.0434693587501158,-0.80194395028749454,-1.2819923795487682,0.3917102468373766,0.33919899591564379,0.61848690937967188
1645,2008,87.075398305592188,43.225197723333018,1,10,22.564531611320497,3.23809814453125,87.804179859835131,80.476592714730941,7.3275871451041894,80.15799990472442,7.6461799551107106,101.25843863319096,95.744702057781979,256.4510004282929,188.97645711480828,139.94002444432334,141.74870775270105,159.47820730899679,162.37414398155533,189.23831742695131,189.94733687505786,216.30706812751839,216.92439886588505,238.12047485862226,238.24617516465082,2.2878307241844311,2.8672349764835303,0.69071128896015921,-2.1765236875233711,4.3514984666616385,1.5647382837020132,-2.7867601829596254,2.1661095556412135,1.7739526684855491,-0.39215688715566444,2.2538619577375414,1.679790039135554,-0.57407191860198736,1.1767860190054193,1.0207595336409554,-0.15602648536446395,41.409749787713736,32.631612782904995,8.778137004808741,32.249954440081638,9.1597953476320981,41.816725079383104,52.311756639352097,96.90788362454623,195.77860314186807,162.28020171988155,161.32391218465935,176.71714211345193,175.69042473982077,194.50272749420199,195.37246429755044,214.55969432160632,214.84118139404038,229.94838439306059,232.03141382809181,2.8808334264714119,2.7278561568322175,3.1386905905374363,0.41083443370521877,2.1365713712540071,3.1144399046307853,0.97786853337677826,3.8350133819960774,3.0139337166714313,-0.82107966532464616,3.1136366740107633,2.8122200550511707,-0.3014166189595926,3.72223366842519,2.4121039208738466,-1.3101297475513434,46.39443001624204,47.844979202910508,-1.4505491866684679,47.908045222498913,-1.5136152062568726,59.441713520280246,43.432945471648054,159.54311668360606,182.75261462091382,134.21456450832008,134.21267621063896,144.60615011504237,149.54374866442902,172.59072267427729,181.40155995128376,219.16740604600969,219.58086720646114,243.72253518003751,242.83106973190047,2.5031995367927777,1.1743074173305388,0.84646274066867022,-0.32784467666186856,6.5978074663284474,0.88463058349805124,-5.7131768828303962,8.4535508338092882,0.0056510384952446202,-8.4478997953140436,-0.3930289454175977,0.27861493264541082,0.67164387806300851,-1.856573527181439,0.31808690520736604,2.174660432388805,0.59300270228698082,0.3776338896786342,-0.13937881965131282,1.5535487395016787,-2.2149270954076314,-4.4612360950744403,1.6689038263548639,-4.6185374518132107,0.85977471627322188,3.506665619428361,2.5454476494197706,5.578807195606629,0.37788070026126863,0.4129702733306439,0.54636711499485291
1646,2008,87.32539944916266,43.225197723333018,1,10,22.564531611320497,1.6999969482421875,83.632660002902412,74.769129565136609,8.8635304377658031,74.383758138541452,9.2489018643609597,105.56713294791371,118.31193020674255,314.0143082938157,182.26023476496144,133.25661808084675,133.81612576788703,150.29988739942291,153.65751252568251,180.82041453539378,183.39529727752478,212.22702855564825,213.54449289327854,236.16512161163968,235.44964978592327,2.1412078380222965,0.88599466319004705,0.35554949718238049,-0.53044516600766656,3.8518728367382096,0.32588458733616221,-3.5259882494020474,2.9524204963886405,0.57264035348052289,-2.3797801429081176,1.7436513165131657,0.53696835751372873,-1.206682958999437,-0.4925777592872862,0.30875954124974214,0.80133730053702834,27.615211218590048,19.187168507196475,8.428042711393573,18.820732220307036,8.7944789982830116,27.805566810066011,57.556452615475337,88.43276241607964,190.3718221893829,160.42455745366064,160.79737242247609,171.51658321456227,173.92394844692291,188.63294559729033,194.03532247444272,205.36197152458311,215.00518280630828,225.5601120563193,233.95897259420673,6.0793400129881547,2.301895008699347,1.638413041076376,-0.66348196762297107,4.689297461730888,1.5700521538952898,-3.1192453078355982,7.0180551656006003,1.4711653868582744,-5.5468897787423259,10.141948994431743,1.238072593812177,-8.9038764006195663,7.9428873783912195,0.83563654356615302,-7.1072508348250665,56.017448696768042,55.581958976247734,0.43548972052030877,55.563026184592673,0.45442251217536977,77.761566102457437,60.75547744821597,225.58154557039961,177.26141680853911,128.91922227745391,129.3149171180213,139.24481555191937,143.2960850182788,163.70784230705883,173.39336915299137,215.99921341367079,212.32384974401782,240.17571649174874,236.33831541754401,0.36982162905326277,0.74998061460465237,0.16515052813741704,-0.58483008646723533,4.1123440442488288,0.30177642232618496,-3.8105676219226439,8.3951319857433191,-0.16349515026922745,-8.5586271360125465,-5.2080909560494604,-0.03533625563335363,5.1727547004161067,-5.3348541845415696,-0.044353400101527996,5.2905007844400416,3.9381321749658582,5.709518383934892,1.4159003455093,1.5519143940946947,0.83742462499267845,0.57695341748205919,4.0656346692119598,-1.3770768201427188,8.3982976779185776,15.350039950481204,8.4354651376785057,13.277741562932789,0.28162016850944005,0.26339227024177247,0.48648054777653538
1652,2008,114.5755240983431,43.225197723333018,3,10,22.564531611320497,1.3478240966796875,104.83391367111471,108.95157561275118,-4.1176619416364701,109.1306035763846,-4.2966899052698864,115.87497029840415,118.35881716605218,388.09314459189773,207.13065741436981,157.54821079531803,150.01613062245764,178.95658897338669,174.25904828083452,211.23221177167193,202.38026302389116,235.35735842973727,230.07087752909592,252.67234691503538,254.03321249658663,-4.4964212747252077,-6.3045990252799982,-0.042560320907426785,6.2620387043725714,-5.0404548631910302,0.35304170541124336,5.3934965686022736,-8.1646222750574964,0.57201083388463303,8.7366331089421294,-4.4940976631450269,0.6069635421083035,5.1010612052533304,0.88680687982608219,0.39992039582338634,-0.48688648400269585,45.096435641666176,42.187195494221669,2.9092401474445069,42.060705806710757,3.0357298349554185,51.654641288929724,42.395076193757632,112.10001392787672,206.59268196214967,153.30958516445017,150.51238838302356,181.41122703204172,176.13575904991043,207.9412952143791,204.23505107903645,230.5093947023897,228.66344566503665,259.3228951441086,248.53586710373187,-3.5086939617504527,-0.98116880015339802,0.62505541932409869,1.6062242194774967,-3.694702890449463,0.76120914575747634,4.4559120362069393,-3.5196147788608982,0.98116492846349956,4.5007797073243978,-1.7648632159825866,0.93692107044694239,2.7017842864295289,-10.09971041682897,0.6965999544011936,10.796310371230163,59.737478464841843,66.764380962064024,-7.0269024972221814,67.069897785222565,-7.3324193203807226,64.220329494106409,75.963740670546031,275.9931309260428,207.49158588743236,167.20752241695786,149.67853970686804,178.67268107072297,173.2406379972393,214.67904391381347,200.95073790756624,236.18768502626324,231.2776472745262,249.43781301615243,256.80359251087248,-5.0997601341496761,-13.880289931881549,-0.66457388805338269,13.215716043828166,-7.1953244190977728,0.060181153184686309,7.2555055722824591,-12.604404390769986,0.39346148453913088,12.997865875309117,-4.3219569677334277,0.26910375299263478,4.5910607207260625,5.5080312309068802,0.26250012811942725,-5.2455311027874529,0.98772731297475502,1.5910661723992234,5.3234302251266001,12.899121131728151,1.3457519727415672,3.5006215286483098,4.6450074961965981,9.0847896119090876,2.7292344471624403,2.5570937517508412,-10.986517296655052,-15.60774164773585,0.28884821978949493,0.44577911136380349,0.35819111080063615
1655,2008,115.32552752905448,43.225197723333018,3,10,22.564531611320497,4.81817626953125,118.91225260832653,129.15691452193641,-10.244661913609889,129.60233380389036,-10.690081195563835,128.49821695347782,123.90310686802331,409.31866646371782,203.92483726161311,154.87352447865223,142.53446916756897,177.49993598653086,166.39292688140807,206.69410821243471,195.54435939126176,233.22168086804228,225.08599826481446,248.95895167671293,249.34849926325674,-6.7300707405339892,-11.168977521843573,0.59127940279680047,11.760256924640373,-10.1853802177734,1.2148012850395844,11.400181502812984,-9.4091726404938072,2.2426048326345267,11.651777473128334,-6.3424961778956117,2.0492483149201064,8.3917444928157181,1.0981145376950963,0.84614817688475341,-0.25196636081034285,53.14022124391704,54.812840378279361,-1.6726191343623213,54.885563138135694,-1.7453418942186545,55.996741899095468,56.580074046873051,127.38762482901802,206.36529786932135,156.23414439199294,144.86158554983319,186.30131622166326,169.09268431966473,208.16555806504451,197.74213972917102,230.22299836663214,223.58925902429129,254.3893255561714,243.00352831054471,-7.539570969657035,-8.0943402224530701,2.4419403878823118,10.536280610335382,-15.047233545497761,2.7882939893120522,17.835527534809813,-7.1886293974889099,3.5316794622687269,10.720308859757637,-4.4950707357382953,3.3516369543226858,7.8467076900609811,-8.6959216513670867,3.0253647181447434,11.72128636951183,65.772031342057744,74.344072718564348,-8.5720413765066041,74.7167708445686,-8.9447395025108563,72.501475028305322,67.323032672138652,281.93104148097336,201.95995072070042,154.48488949460727,140.97184491546145,173.96168006215802,164.51163099600936,198.35971641968067,193.67302433071137,233.97516776342795,226.55826196512638,247.13362164916953,253.26932689473122,-6.3211660581745548,-12.617308732232488,-1.411539284145249,11.205769448087239,-9.8872896540612487,0.15073826424188042,10.038027918303129,-5.2601868082516319,1.0827514964980196,6.3429383047496515,-7.8688464216777163,0.72810725999232773,8.596953681670044,4.3336791254125728,0.25079914499002598,-4.0828799804225469,-0.80950022912304576,-1.2184049114824802,3.0746372993905027,4.5229685097794174,-4.8618533277243614,-5.1599438914365123,2.2205432430048972,-1.9284425892372781,1.8474254421573164,3.373775685939421,-9.794036189062183,-13.02960077677966,0.31121870382695999,0.43577835729322867,0.45664774255531709
1661,2008,117.07553553404773,43.225197723333018,3,10,22.564531611320497,-8.649993896484375,169.28052627491707,145.85103995087411,23.429486324042955,144.83236574821785,24.448160526699212,208.40522052993765,167.05392791879422,563.08127009682357,194.37617850822176,138.75619018262913,138.97544727342139,162.59159389011845,165.49462175500747,194.70106166354415,199.42659202427768,226.93682250355255,229.5441219066978,250.36638656822203,251.56985877918498,-0.19292737745695376,-1.4363971191812084,-1.9856635956116122,-0.54926647643040383,0.36425204718219106,-2.8071551417932312,-3.1714071889754223,0.34784398240319092,-4.6363813938595797,-4.9842253762627706,-1.5445064218597793,-3.9917982407714589,-2.4472918189116797,-1.3953396782638379,-2.6093774372147891,-1.2140377589509512,102.4838171812662,89.835876169076073,12.647941012190131,89.285967480238469,13.197849701027735,108.94341567037191,113.45760737667297,230.31780649616849,202.5773753046328,155.59290006387374,156.58492891494635,178.00750204661605,180.63741956959439,203.19718152508992,206.0038991617254,226.89863247693464,230.81717149317834,251.89083329739603,249.45723598283695,-4.9946736890001944,-5.6168082228403478,-7.0946417879620753,-1.4778335651217276,-4.6054949008260735,-7.7443157582108597,-3.1388208573847862,-4.3985216901955937,-7.792796614692719,-3.3942749244971253,-3.9428733379366463,-7.4913207973452813,-3.548447459408635,-10.364881399794712,-7.0380196038271947,3.3268617959675169,66.796709063848539,56.015160682358328,10.781548381490211,55.546398160689932,11.250310903158606,99.461804658400069,53.596320611039118,332.7634634654969,182.4594341972952,124.13455744511414,127.64287827076056,141.8811394876368,145.81341527303829,173.9887684717834,184.82718264847941,227.01876294076507,226.55760777649633,248.61992387332972,254.81844018575103,7.0141511760805599,5.7975809658829718,0.053366778391705338,-5.7442141874912664,6.1630540825288449,1.7238566117435425,-4.4391974707853024,12.616651895327436,1.4230210148078584,-11.193630880519578,1.2119588773381906,3.3491706226097335,2.1372117452715429,8.2573627474285729,2.8740602041171144,-5.3833025433114585,-4.8017463115432406,-12.008824865080754,-4.1804111036591394,-11.41438918872332,-4.9697469480082646,-10.768548983354918,-4.7463656725987846,-17.01517358552303,-2.398366916076867,-5.1548322152748369,-8.9695417215308737,-18.622244147223284,0.40903119803037424,0.52274801654847247,0.67916755259909423
1662,2008,117.3255366776182,43.225197723333018,3,10,22.564531611320497,-8.31817626953125,144.26448742373032,137.10274277118151,7.1617446525488049,136.79136147433746,7.4731259493928519,172.98830926559094,139.22121097819763,508.18244328349829,198.9672623874861,148.21376034848132,142.46374088137597,168.84853019736744,166.60631462192927,198.81996965198272,199.40431511524224,229.13333941517098,229.42742023952613,251.52881638631715,252.23950893297086,-3.4392970427021226,-7.0359741847962312,-1.486576099544294,5.5493980852519371,-4.8084449832662415,-2.4250795753314662,2.3833654079347752,-3.3793639313352628,-3.9206643349154433,-0.5413004035801805,-3.1661565025076186,-3.4422035013828349,-0.27604699887521633,-1.2873594623176245,-1.942561954847406,-0.65520249252978147,89.777382165921154,82.887597135513715,6.8897850304074382,82.588041474920828,7.189340691000325,105.53889041190996,83.952238328027306,203.58948949159821,201.1597699067064,148.98760147240736,152.50432037891883,173.46952571522553,175.72575827806011,201.34119875982591,204.01556701384919,226.23556984906753,229.9620194633203,255.71778229240152,250.65451221774953,-4.0742865222424314,-2.0598447963611193,-5.8335692540682373,-3.7737244577071181,-4.472065022011833,-5.8495667946186813,-1.3775017726068484,-3.8171278457549249,-6.4592939822797746,-2.6421661365248497,-1.8333519226749502,-5.9005627581425983,-4.0672108354676482,-10.336022965853942,-4.3730787027327835,5.9629442631211589,54.487105548381805,54.215145456853861,0.27196009152794431,54.203320671324036,0.28378487705776934,67.449419047396077,55.268972814083099,304.59295403957367,195.58178185159997,145.46793439822812,134.10077984221334,160.77608731420523,154.85825786455916,186.14115237464478,190.50023801773523,233.14862041225143,228.40839056355162,248.17060430154581,254.25553849257375,-1.9837678126445724,-8.1391420639301657,0.43333158758872514,8.5724736515188908,-3.3337074782044454,1.7776961239046329,5.1114036021090783,5.0552579074682455,0.65257861680905194,-4.4026792906591936,-4.353590822815562,1.1154318214853731,5.4690226443009351,5.7616536465546915,0.59929503590049649,-5.162358610654195,-0.63498947954030882,-2.090518709597859,4.9761293884351119,6.0792972675690464,0.3363799612544085,-1.1383575438073876,-0.43776391441966211,-8.8723857532231705,1.3328045798326684,2.5202389001406118,-9.0486635035363179,-16.097676612408634,0.40062283178488778,0.61009261758767108,0.60301327461642629
1663,2008,117.57553782118866,43.225197723333018,3,10,22.564531611320497,-5,145.23477886859473,145.18661760461691,0.048161263977817725,145.18452275673917,0.050256111855560448,162.02039687577781,132.08603794572264,480.77627696841955,200.12729943247274,150.67711904853289,140.62893900382588,170.82184365845404,165.26296288891484,200.2413294572155,197.52059078353844,230.59427972034507,229.15605291929808,251.15938032117825,253.09165521098606,-4.3455239480157672,-10.203636097387971,-0.82631500991016082,9.3773210874778101,-7.2127013306803178,-1.5425280309995912,5.6701732996807266,-4.9688573688287647,-2.2158582095709392,2.7529991592578256,-3.2613489351249143,-1.8303538703512174,1.4309950647736969,0.79689063887880707,-1.0459536212444789,-1.8428442601232859,80.390164236021519,76.399727644547966,3.9904365914735536,76.226229707441234,4.1639345285802847,89.037086362433911,75.180322737040115,175.471625895123,204.22310803940016,150.17067098016571,149.67973281074902,176.00983105559439,171.76063605995319,203.67328451617692,200.52907250177131,233.50067883562076,228.38224001352719,256.89391529995754,250.3915354566677,-7.5440262450213709,-3.4048115768487719,-3.4600558690826517,-0.055244292233879833,-8.6618511789856996,-3.6255072913025685,5.036343887683131,-7.1298302738468067,-3.9077510136013416,3.2220792602454651,-8.0944633211426833,-3.4577187363033488,4.6367445848393345,-10.83245260339848,-2.7031857942353383,8.1292668091631413,64.844615183916176,68.78689020132515,-3.9422750174089742,68.958292751274712,-4.1136775673585362,72.98331107958802,56.905715462002263,305.30465184152126,194.94900911170393,152.08461949142904,134.81898482482654,161.52947077728737,158.02213024049311,186.22449380862525,193.52748227407355,229.05752553886575,230.26636081143994,244.87056604340054,255.45902112022159,-0.11236162124791349,-14.836444380588262,-0.46781427161340616,14.368630108974855,-2.2453711887089582,1.3241424319837165,3.5695136206926747,7.1380675362222803,-0.073264535359726324,-7.2113320715820066,0.87857313758547662,-0.20038568278613411,-1.0789588203716107,9.2625137172213954,0.013955958213927033,-9.2485577590074683,-3.1985022970056036,-7.4316646237734574,6.7988245205391991,11.43163280373949,-1.4491498483053817,-6.4164799902767413,-2.160972905018042,-14.267897810069087,-4.833114386017769,-8.9730364587281599,-11.629343242277287,-20.094966320619875,0.36497563274456052,0.54954245316840744,0.56917690852331826
1664,2008,117.82553896475912,43.225197723333018,3,10,22.564531611320497,-5,158.45052511387621,153.23381044095368,5.2167146729225351,153.0069983662579,5.4435267476183071,187.09741027050768,113.61580677443635,506.12747064977884,200.55452717740187,152.45137233204844,148.2807152659999,171.58688565477115,171.07686394085627,199.8699359153743,200.82750769728503,229.02093598178607,230.50051563126712,250.60399067080425,253.62044913383883,-1.1871365360611321,-4.606934439735312,-0.61588727944345578,3.9910471602918562,-2.240893761796741,-1.6161471870651951,0.62474657473154593,-1.4245783594755892,-2.3804563023926733,-0.95587794291708406,-0.59665582930466599,-2.0491696437018163,-1.4525138143971503,1.8484585916468177,-1.0487957578650082,-2.8972543495118259,108.67025632253535,95.273692648894212,13.39656367364114,94.691232713450518,13.979023609084834,127.1609318464125,74.395043144719239,216.88013413129374,203.14382505898067,156.23261837041858,155.20079760330893,175.82263314482788,177.12147208640769,202.34317634155636,203.19870337156587,228.72151224976207,229.02305555466648,254.75417784729117,249.5628998903791,-3.2489060869254729,-3.8861750296022706,-3.1873188579733096,0.69885617162896096,-2.1867618756483296,-3.6120909587359051,-1.4253290830875756,-2.7570558095347621,-3.7074772426033746,-0.95042143306861249,-2.9654442810746673,-3.6050350504991968,-0.63959076942452953,-8.5830651278310768,-2.8120350590533008,5.771030068777776,49.780268791340859,57.960120633215411,-8.1798518418745516,58.315765563399509,-8.5354967720586501,59.936478409194024,39.220763674420596,289.24733643233776,195.29128622438913,150.50330234749299,141.64178232100741,160.0481210329084,163.07616780347769,186.40975410550811,195.74642021803615,229.52021961295731,233.17962511617776,247.92985027342536,258.09049727321491,3.6937391851166979,-5.6559659550791821,-0.0020498821230603426,5.6539160729561218,2.45687069951137,0.32632389153508257,-2.1305468079762875,9.8146668468983478,0.85910039958420725,-8.9555664473141405,4.1152167828567485,0.45026459375924333,-3.6649521890975052,9.408711842626019,0.69831302248485372,-8.7103988201411653,-2.0617695508643408,-6.9426452720421707,0.72075941013304146,1.7697909254769115,0.054131886148411468,-4.6436325751596996,-1.332477450059173,-12.57172265643311,-2.3687884517700013,-7.0806610639314158,-10.431523719477894,-17.991776970457096,0.428508916642793,0.67965094579642604,0.65479483231076419
1665,2008,118.07554010832959,43.225197723333018,3,10,22.564531611320497,-8.0476226806640625,169.53723919361073,161.89878137878259,7.6384578148281435,161.5666721851594,7.9705670084513258,201.43526126971665,124.44900142563893,532.13930387422442,198.01070251120478,145.39583590452099,140.94950645189272,165.91642980465434,166.35983314133009,198.24029737202576,200.09761833202808,229.28386965429158,232.02146061499099,251.15024840415171,255.92992326534522,-1.2249871901795188,-5.3918525482627331,-1.4924785671909149,3.8993739810718182,-2.4946670885047126,-2.3641296012794726,0.13053748722524006,-1.7896101885141604,-3.5015176696742287,-1.7119074811600683,-0.34637507569050285,-2.8637354232941732,-2.5173603476036703,2.9059244762052572,-1.8506927381167486,-4.7566172143220058,86.205951347081282,72.306210285438283,13.899741061642999,71.701873602280102,14.50407774480118,100.34840823643844,62.925825451989112,181.57852785289288,203.81295511463475,147.19700201270064,152.23430713347324,173.36114958478436,176.67285644120193,204.15121676947487,207.31885955024433,233.94623663721836,234.38318189390674,258.94454184121435,255.73420824979348,-3.8121265222771683,0.071640735896949082,-5.4817543626728309,-5.55339509856978,-3.1443984305942934,-5.5099696508922875,-2.3655712202979942,-2.8792548575093804,-5.8130420685828028,-2.9337872110734224,-4.319013609368227,-5.2659252365884583,-0.94691162722023137,-9.3483602235360195,-3.8953655726491832,5.4529946508868363,83.331288025343383,89.592570258879277,-6.2612822335358942,89.864799269751529,-6.533511244408146,101.0868532092536,61.52317605933149,350.56077605858445,192.18474975689242,143.71456296904131,135.69466303888214,159.74256075315836,158.09205427387246,186.40153562655362,193.40026198711715,226.5040895971141,229.41064705195265,245.43773307275293,256.04940217689892,2.0517331643677608,-5.9323760773193328,-0.84405120738810524,5.0883248699312276,-1.6628383013792529,1.0225639143019691,2.6854022156812221,5.7408607788699442,-1.0851279193245773,-6.8259886981945215,2.3072740544157284,-0.22051080549493918,-2.5277848599106676,8.2936941178904817,-0.11673210186623351,-8.4104262197567152,-2.5871393320976495,-5.8638596866449291,5.4634932841596822,6.0040168132162819,-0.64973134208958072,-1.4815601292150404,-1.0896446689952199,-8.6201156363793245,-3.9726385336777241,-6.6262876637839554,-12.254284699741277,-17.642054341426501,0.34122367307003221,0.49816704187691596,0.50563543886359508
1666,2008,118.32554125190005,43.225197723333018,3,10,22.564531611320497,-3.2083282470703125,155.59466964018065,144.99195559446525,10.602714045715402,144.53096731718688,11.063702322993777,185.13180629365161,119.93002135565621,535.20397774130106,203.4431939887983,156.42970641824277,154.67259703390781,174.13931970455678,176.07853160557414,203.0841089972977,206.35422393504004,232.48115662829096,235.22915631292364,253.05776581420574,256.36950240937961,1.5741701438797406,-1.6248103350977772,-0.3168648825424043,1.3079454525553729,1.0759160248024671,-0.8645850754944604,-1.9405011002969275,2.0410608390036202,-1.2032120704431009,-3.2442729094467211,1.4217808971185093,-1.2774461460193152,-2.6992270431378245,2.7215855066583003,-0.62091096720158134,-3.3424964738598817,67.839901595392803,63.381041319500582,4.4588602758922207,63.187178081716411,4.652723513676392,76.628092531512721,75.320887889041842,169.31667497043964,215.32569208407642,168.63361605575523,166.26285096312822,195.99508052382765,190.87223379112197,215.19494175482714,217.15172032785361,240.89147189889428,238.76114010393457,260.23746337950104,256.45090888321823,-3.8923153675056881,-4.1541557051082521,-1.6134249272855925,2.5407307778226595,-7.3060969541666623,-2.3176685898513654,4.9884283643152969,-0.7932007412485973,-2.5269504691911493,-1.733749727942552,-4.7731463552813977,-2.4404922151424842,2.3326541401389136,-7.3634946934290326,-1.9415435961194305,5.4219510973096021,87.754768060038259,81.610913996808449,6.14385406322981,81.343789583164835,6.4109784768734244,108.50371392764282,44.609133392108561,365.88730280101299,191.65101910063618,152.97830107761757,149.74646302831096,161.49149418703757,167.40600261061181,183.98582497556134,193.51056150687307,221.62487319520042,229.58317124294356,245.76398696101793,256.28795349119832,7.0936959924590326,-1.8728466014887601,-0.40697630958365494,1.4658702919051052,4.6938471598188869,-0.69657270878275312,-5.39041986860164,9.4702679951770676,-0.14253345096307157,-9.6128014461401392,7.7393107961705709,0.68299361745059173,-7.0563171787199792,9.5769728761206352,1.1872055730356692,-8.389767303084966,-5.4664855113854287,-10.986011359964721,-2.5293453700104749,-2.2813091036194919,-8.3820129789691293,-11.999944113985549,-2.8342615802522175,-10.263468736425665,-6.194927252399907,-12.512457151451969,-10.085080200087333,-16.940467569549668,0.31635914905752327,0.41391100786845392,0.6280403108215532
1667,2008,118.57554239547051,43.225197723333018,3,10,22.564531611320497,-10.625,147.02906793355942,139.415891289711,7.6131766438484192,139.08488297462463,7.9441849589347839,182.74026055634022,126.41775469050663,512.75294923782349,202.00109726014679,152.77444650226792,149.11667539031296,172.38288490629569,174.77618711651294,201.24673488841248,206.39142742570343,232.96902009891915,236.93741735053192,252.34711275687198,257.83879839245157,-0.48610695356546785,-4.9072106440757182,-1.8635315564401935,3.0436790876355246,-2.1668889753169651,-4.2783288745825985,-2.1114398992656334,0.20803140974936696,-5.0701751294173505,-5.2782065391667174,-0.55122558364760721,-4.4236538789008648,-3.8724282952532576,2.8620092018760488,-2.7216649661323515,-5.5836741680084003,59.300991460680962,47.398133963346481,11.90285749733448,46.880618840456009,12.420372620224953,72.488673087209463,47.44768260561068,140.06658737728139,206.57373325471036,151.40827035447444,160.82140673513007,179.51575024460666,190.81302822641615,205.25947772100653,219.32823395515655,235.20424297715556,243.14214984785389,260.70350926419684,259.49925459122454,2.3645693125362754,6.1254439140067234,-4.0099804687203005,-10.135424382727024,5.6889876801169805,-6.3947479968261689,-12.083735676943149,6.7921382610024068,-7.1623226329833187,-13.954460893985726,0.6482348117594654,-7.2247171151954319,-7.8729519269548973,-8.0280430405484537,-5.4681098049908599,2.5599332355575939,87.72807651758194,92.017756462097168,-4.2896799445152283,92.204263508319855,-4.476186990737915,110.25158755481243,78.97007163041053,372.68636152893305,199.10277512602531,152.90680410711809,145.0264732351821,164.41260540518499,168.10025932466263,193.82420413354527,197.80304038796402,232.29163501210652,231.14112741197803,249.02801220252704,256.70534880933542,-1.928784629783479,-8.179087670388725,-1.6514602624254735,6.5276274079632515,-0.32807287436568799,-3.2925648186896126,-2.9644919443239246,-0.2724859454156956,-3.7903080870172801,-3.5178221416015845,-3.0702517593957737,-1.3895474815726061,1.6807042778231676,5.4213745897211822,-0.79233633619810462,-6.2137109259192869,2.8506762661017433,4.2933539423197544,11.032654558082442,14.304531584395448,7.8558766554339456,6.0170605544826685,6.5841068512530398,7.0646242064181024,1.1994603954070726,3.7184865711552391,-10.890052242424503,-13.449417630269636,0.273165834707498,0.39667598626883127,0.37532451609958689
1668,2008,118.82554353904098,43.225197723333018,3,10,22.564531611320497,-13.095245361328125,152.55526675733563,140.20720026281924,12.348066494516388,139.67032554229809,12.884941215037543,188.74997867341881,142.80918177852254,488.08756789192557,196.98022206346266,140.45398249428672,139.19613171157181,163.05534429407211,168.51384207224331,197.32873862362572,206.08657098852936,230.44305062656028,237.12251316076851,251.7554905801928,258.9715742781782,0.93274141044602743,-2.3749944142620336,-2.0114992559567781,0.36349515830525547,1.1277723536671829,-3.8629814140439862,-4.9907537677111691,2.1645569898884958,-6.3650377599806518,-8.5295947498691476,1.1634677556392035,-5.455090399827526,-6.6185581554667294,3.4548388234203458,-3.6819894689077159,-7.1368282923280617,61.1444777185352,52.481568489012716,8.6629092295224837,52.104919709650858,9.0395580088843417,71.815522626076955,72.593025439001394,166.69194346084259,206.48790140522942,149.20143660078318,151.53241842344863,178.39993654812329,180.00465094418118,207.45249260969689,217.59081630184519,236.37511624871541,245.33699448792953,258.65998232872738,262.18463547965769,-4.0743915428041362,-4.9072225757681167,-8.4137004460356764,-3.5064778702675596,-7.8211604757191822,-7.4390466552959822,0.38211382042319997,0.64859446259774245,-8.5967101951418101,-9.2453046577395526,-2.8782085350898683,-8.131822939958937,-5.2536144048690687,-7.1644293141866626,-5.6395457431124214,1.5248835710742412,91.410789336823655,87.725629713188027,3.6851596236356272,87.565405296205427,3.845384040618228,116.93445639157653,70.216156846160629,321.39562528207898,189.643937444416,130.85998672923486,132.63405752065978,158.37693534512829,161.27976177163205,185.70758653233659,197.72292161162241,226.25258853375627,229.6154108970596,248.44964296299634,255.53014293609414,3.7903727784538148,4.0326758637694411,0.71801679033131904,-3.314659073438122,2.4042055310893318,-0.34633625617883013,-2.7505417872681619,6.2016317792350719,-4.662620979539156,-10.864252758774228,0.1426826439594322,-3.8319789984560657,-3.9746616424154979,3.2601920774338851,-1.5175128606926194,-4.7777049381265044,-5.0071329532501636,-7.864764321257951,-2.5322281615060831,-8.9398984395375578,-8.948932829386365,-10.225366006808514,-1.5159625272907533,-5.5530373166373295,-4.0416762907290718,-3.0208911790493005,-10.619268137607008,-10.424621391620548,0.34152056808329162,0.38047963306175758,0.50832183571770073
1669,2008,119.07554468261144,43.225197723333018,3,10,22.564531611320497,-6.8636322021484375,151.83648972675292,140.08051823882852,11.755971487924398,139.56939082406461,12.267098902688303,177.282378962238,136.05763909904999,485.52487605437636,196.86349563622946,145.70264893929073,139.5604657245523,165.18910504451975,165.49293381282081,196.97423930608102,201.00769118224787,228.1033019817844,232.17545934752431,249.10674879313953,253.67031458409821,-0.80216304075736389,-6.3487791108632621,-1.2876702636908419,5.0611088471724202,-2.4388592612828859,-2.5209914000772926,-0.082132138794406728,0.6195011722467143,-3.3977666568295035,-4.0172678290762178,0.66466735320076964,-3.3114852836802982,-3.9761526368810678,2.0367200054955674,-2.3577889987907668,-4.3945090042863342,64.322110209861421,58.620089673640905,5.7020205362205161,58.372176407894585,5.9499338019668357,74.475761571493649,77.802122411500022,173.21935647603823,203.95542837405853,146.13245062761922,147.24725616512487,177.14839843837001,173.871276175883,207.20656821613787,209.14986713948241,232.66081455930495,233.81865926932969,253.63579409616847,251.95648567039117,-5.3330297605953945,-3.4245004068642686,-4.397115855799882,-0.97261544893561336,-8.5419620887878693,-3.7593951720300822,4.7825669167577871,-4.5074537207983099,-5.4040894523674865,-0.89663573156917664,-4.1652806622426795,-5.1500788633529737,-0.98479820111029426,-6.8621014444628088,-4.296743410843078,2.5653580336197308,87.514379189065949,81.4604283646986,6.0539508243673481,81.197213820123579,6.3171653689423692,102.80661703514852,58.255516478933714,312.30551893636584,190.15835333109135,143.77810523963743,135.05604128496836,159.39962112892536,160.18012556684337,185.71259705708749,193.498604441981,223.16321295928662,229.89201786279745,248.18497576853864,254.89187599553779,3.4366690369389516,-7.0881108422665022,-0.67214544695769973,6.4159653953088025,0.11041226536298154,-0.4670197529359541,-0.57743201829893565,5.7877572359138298,-1.7056869876585665,-7.4934442235723964,5.1885006885576104,-0.82893435015401451,-6.0174350387116249,4.7692143100965154,-0.71965049519815238,-5.4888648052946678,-4.5308667198380306,-8.7696987975343461,2.9242787039989935,3.6636104354022336,-6.1031028275049835,-8.6523743541508509,-5.1269548930450242,-10.29521095671214,-4.8299480154434491,-9.3537813508002898,-8.8988214499583762,-11.631315754559324,0.35676721218428059,0.42009680830917406,0.57183207739522846
1670,2008,119.32554582618189,43.225197723333018,3,10,22.564531611320497,-1.4000015258789062,155.68332195281982,151.17678511142731,4.5065368413925171,150.98084509372711,4.7024768590927124,177.90018869700953,149.67343112832259,459.85251236334443,194.37258726967428,132.09587941987232,132.74802435641246,161.58400219727295,161.66221184413519,195.75853420383916,197.9171214506049,227.48024034167577,230.13334451622913,248.90139367357634,253.12226445625649,0.2842946127970265,0.76150739647050614,-0.61247683016082988,-1.373984226631336,-0.74740626720006276,-0.75447104963907918,-0.007064782439016426,0.89743752797045317,-0.8864723517465336,-1.7839098797169868,1.49644664501443,-0.82904341012010718,-2.3254900551345372,3.5819281908029552,-0.5620658850805853,-4.1439940758835405,52.974980412051082,58.210810780525208,-5.2358303684741259,58.438454449176788,-5.4634740371257067,58.026531923472248,94.125484153629714,167.96887823415454,206.21721356736293,144.10396893173689,141.92395028611722,183.62571930495449,174.06081377534667,210.4273631272558,208.55569807080857,235.03509852075925,233.02855640879542,255.0364079897052,250.33366665808265,-5.3278399636836014,-2.2149429540512244,-0.87964372163884264,1.3352992324123818,-10.054942246518181,-0.98516957288299523,9.0697726736351854,-4.2678746858689465,-1.1018120372905003,3.1660626485784462,-3.375393192192206,-1.0452246834727816,2.3301685087194244,-6.2383000008603915,-0.90982123554556438,5.3284787653148271,102.70834100246429,92.965972408652306,9.7423685938119888,92.542391210794449,10.165949791669846,119.87365638983238,55.547946849895652,291.88363343849778,184.09914469063605,124.1337107335774,127.53591599162678,155.01131967559755,154.32926179842556,181.46134536134522,186.97078415073742,216.8869742455494,226.00061051988664,247.25953393541431,255.85886103394412,5.3064557155773855,3.5595548250647226,-0.6295660073240299,-4.1891208323887525,0.70368272561296408,-0.83964857341547372,-1.5433312990284378,4.3503975861916899,-0.7727817934400889,-5.1231793796317788,7.7991001325271725,-0.38252799356993705,-8.1816281260971095,7.2578069263478255,-0.35307374024696969,-7.6108806665947952,-5.6121345764806279,-10.634295679260987,-2.9764503505217306,-5.7744977791159471,-9.3075359793181178,-10.758624972131145,-5.1653122138393996,-8.6182722720606364,-4.871839837206636,-11.174493324719379,-9.8202281916633467,-13.496106927208217,0.36526684908364027,0.32617465078859509,0.62887236194198814
1671,2008,119.57554696975237,43.225197723333018,3,10,22.564531611320497,-0.375,178.07848656177521,169.3153680562973,8.7631185054779053,168.9343593120575,9.1441272497177124,198.2315828204155,138.2828859596375,528.28414842858911,200.94213096601266,148.93270282404109,144.60355048961424,170.89244992917563,168.59179901549743,202.73455811988561,201.54137513351449,230.1455394302719,231.25913512861072,251.29445404633023,253.90892500649619,-0.82920619765619108,-4.0783754576711715,0.02693183546932687,4.1053072931404984,-2.752300501786749,-0.083804008092585036,2.668496493694164,-1.4022426970670949,-0.18726270799714939,1.2149799890699455,0.79587154139005634,-0.21435616712449246,-1.0102277085145488,2.3575609844998269,-0.10333911239331428,-2.4609000968931412,88.942734530894086,92.170282542705536,-3.2275480118114501,92.310609757900238,-3.3678752270061523,98.988973072497174,90.635096083837198,215.25369421613868,208.12933552613566,151.99311725473828,151.87566639017945,185.61517017585965,181.83123411705174,210.52550728451936,207.58618097626871,233.46497667037735,230.21383994663179,254.44497085000637,247.26423377710975,-4.1304191041082561,0.83660789274580338,-0.20040820881123977,-1.0370161015570432,-4.2504042318825555,-0.23812029825913328,4.0122839336234222,-3.3925488208992078,-0.2914767191218175,3.1010721017773903,-3.7279686657839193,-0.3079802396906075,3.4199884260933118,-8.1018931672153087,-0.26641107590853608,7.8354820913067726,89.135752290487289,77.145082533359528,11.990669757127762,76.623749196529388,12.512003093957901,99.242609947919846,47.64778975659101,313.03045446798205,191.66400942071468,147.63800410239514,138.3870009122071,159.09141014368188,157.65512530352967,185.49219117317062,188.1449544236639,224.45476557861292,233.7261108759773,249.13245367650586,261.79966319711764,3.6905504436597596,-7.3719390830864597,0.17152568610049457,7.5434647691869543,-0.28010260953121247,0.023112566845128413,0.30321517637634088,3.049124622536084,0.11674161849228426,-2.9323830040437997,8.6289983790911151,0.065089837836239894,-8.5639085412548752,10.945233373908479,-0.061419208233928657,-11.006652582142408,-3.301212906452065,-7.8209695477680157,4.9149833504169749,8.2085469758322631,-1.4981037300958064,-3.970301622351343,-1.9903061238321129,-6.4416734434352918,-4.5238402071739756,-12.356967044875034,-10.459454151715136,-19.047126541123788,0.40745817351594382,0.49936025160115144,0.65543248866162729
1672,2008,119.82554811332282,43.225197723333018,3,10,22.564531611320497,0.875,182.20618569850922,177.92415583133698,4.2820298671722412,177.73798072338104,4.4682049751281738,206.10036306083202,139.63276386260986,537.08092577755451,200.05873944839007,147.64746139342083,144.48992293442569,169.40675063596478,169.34772966975265,201.6445893180387,201.26103638122601,230.82086656814295,230.92321095798331,252.41705332705723,253.09168193573038,0.27655277960829494,-3.1327970944322203,-0.0020058290665474487,3.1307912653656729,0.11570801827926402,0.25578631897548121,0.14007830069621718,-0.041634497769933887,0.45959283540045703,0.50122733317039092,0.32506337068730318,0.45700730016517355,0.13194392947787037,0.88044528441315606,0.40063160891040184,-0.47981367550275422,83.345627255737782,97.331775486469269,-13.986148230731487,97.93986776471138,-14.594240508973598,88.816392663866282,99.786870956420898,208.84283660817891,212.52866953879757,164.91691676116727,157.93001282559973,192.03805522297316,187.42401494247559,215.63684450806446,211.34928717919908,237.84652586113629,233.72916796159868,255.31255460612459,250.59996857463159,-3.6118688426281835,-4.9901420976916313,0.46638961698363346,5.4565317146752648,-4.4922442197732551,0.65193876686086583,5.1441829866341209,-3.8013417978341124,0.73104515657342972,4.5323869544075421,-3.6490166816739986,0.71216494947125852,4.3611816311452571,-4.8227296439048928,0.6279647668795576,5.4506944107844504,98.860558271408081,80.592381685972214,18.268176585435867,79.798113167285919,19.062445104122162,117.28397003933787,39.845893025398254,328.2380892932415,185.09105961840012,134.56380019121164,133.96082659985464,155.43779763419388,152.50670254102073,179.97172081065179,177.68418247164803,213.25057657428681,218.95676673851349,248.7812304290004,259.02889235506137,2.3761077202842102,2.5759239726606609,-0.01370237332523061,-2.5896263459858915,-1.6113799323029241,0.18360333359433412,1.7949832658972582,-2.0150931328973627,0.16902735372383404,2.1841204866211967,5.5773282117756651,-0.37976555507779608,-5.9570937668534611,7.0205028897506736,0.017512022893470203,-7.0029908668572034,-3.8884216222364785,-5.9879765629123938,-1.857345003259411,-7.5660660703522922,-4.6079522380525191,-2.880864287470331,-3.7597073000641785,-1.7862486649367497,-3.9740800523613018,-9.2263448934496637,-5.7031749283180488,-11.843232533655566,0.38884798655962022,0.43093758470309668,0.71463794166965788
1673,2008,120.32555040046375,43.225197723333018,3,10,22.564531611320497,12.333328247070312,194.68236020099721,189.4923314605403,5.1900287404569099,189.26667613265454,5.4156840683426708,203.00246351825081,174.49012765396037,561.89327520877123,195.70276153145011,134.04598471326483,134.00771243665361,161.57294282213363,159.04812265949877,196.47386677528698,190.70100321069776,229.71435591943523,222.00341607812288,251.91231825307003,248.37630521460608,0.45777696049017891,2.9828683935949414,1.6419434466974394,-1.340924946897502,2.2893338599221238,4.9015895918764443,2.6122557319543205,1.1743834582647139,7.1748988796641413,6.0005154213994274,-0.98035350162550117,6.9564329349607021,7.9367864365862033,0.60894823928742881,4.5307301132243083,3.9217818739368795,56.673545755882515,75.899723739508772,-19.226177983626258,76.735643692678423,-20.062097936795908,56.871304957977173,106.32837858007406,183.26600474421866,209.91506892969653,150.50036467840164,148.77307683491702,188.68847702184377,176.77626642342491,213.76930982702035,199.98808823817376,237.33661140199891,223.3138680703259,258.92607954085844,242.76532185015549,-2.7448847720731067,5.6674271192320589,6.7842761154489892,1.1168489962169303,-3.4692436296141693,9.9405179529981353,13.409761582612305,-3.4647436221086423,10.631891003402757,14.096634625511399,-4.0816674136565894,10.34528193349621,14.426949347152799,-7.8811819526934528,9.1761157994642986,17.057297752157751,138.00881438551005,113.59260517364237,24.416209211867681,112.53103163531341,25.477782750196639,146.13115859069694,68.161748656653799,378.62727000564337,184.87905237144423,125.35586656951664,126.35959805995101,152.99069230159526,145.42071451865013,182.64474554171318,172.57779747236501,216.93355669710519,218.79944098610744,248.76599818268244,255.23611042523314,-1.1434638582056493,4.785663452321316,0.70031564257556056,-4.0853478097457554,-3.6878419169951258,2.065133864432994,5.7529757814281197,-6.2102392801392909,4.0426082350384434,10.252847515177734,-0.77194056571596548,-2.6872660363674186,-1.9153254706514531,3.3850778848479877,-0.92565641152742728,-4.3107342963754149,-3.2026617325632856,-1.6014209138674573,2.6845587256371175,0.88176366691074293,-5.7585774895362931,0.21859828738095644,-4.6391270803733562,2.7454956580306487,-3.1013139120310882,-3.3097268479406239,-8.4901301919808816,-11.26625983754144,0.32615803183643061,0.28015081182925738,0.60936615732747301
1675,2008,120.82555268760467,43.225197723333018,3,10,22.564531611320497,23.809524536132812,211.98865517967351,211.10417002585018,0.88448515382333426,211.06571311719017,0.92294206248334376,196.76153169739882,154.21931627283629,545.54422610253096,199.05867574710931,144.40720360417129,138.45396265954315,168.64691193900686,156.53598970039951,198.99741400324251,184.56661364482758,232.09982384307378,216.61127304876993,252.67998330295595,244.53821044998801,-1.8105700911639531,-1.7867950669778452,3.3106666668107323,5.0974617337885775,-1.4728131033965326,10.337410177194954,11.810223280591487,-1.6365801797029746,12.700110112124491,14.336690291827466,-4.0333794717172395,11.265712652190587,15.299092123907826,-1.26189292312867,7.3539872050473321,8.615880128176002,59.526250072318362,67.53068553542289,-8.004435463104528,67.878704946600919,-8.3524548742825573,57.73238379191298,66.775227521415218,151.2340105259791,206.13048332953551,148.9415310173768,143.50334115504771,172.38385138629835,164.68864180336564,209.63629388098556,191.43717680696264,230.90991371254361,219.46090766713624,262.44432600380446,242.64751440623195,-1.8548094572199432,-0.55003023511616789,3.7080988518691527,4.2581290869853206,4.0466736064414022,11.317364845093209,7.270691238651807,-2.0571851139625892,15.324155500590564,17.381340614553153,3.198596384185862,14.989342403662818,11.790746019476956,-8.8600454383229987,11.961234548476824,20.821279986799823,152.46240463028516,143.5734837340151,8.888920896270065,143.1870085821447,9.2753960481404647,139.02914741723998,87.444088647112949,394.31021501123905,195.1708262085757,139.47562902190441,136.88562343240503,162.46915581145097,152.82147831413837,190.83743786722999,179.62263362242439,232.27712375325484,214.46336292244877,249.58813804913996,246.03015833293864,-2.078279108464784,2.0086910527314217,2.0949303772542578,0.086239324522836114,0.025661520505423141,10.238828246886953,10.21316672638153,0.068785215560609458,11.302223126198328,11.233437910637718,-8.6910698150336714,8.1913897500155031,16.882459565049174,-1.4620762561946776,3.6407379981269514,5.1028142543216291,-0.044239366055990104,0.22346965124484086,1.2367648318616773,-2.5587212878475896,5.5194867098379348,4.021012085935979,-0.42060493425961454,-2.1259703295231986,7.2319758559031015,11.889666199219533,-7.5981525151943288,-7.3979691821283211,0.27721677416773871,0.29341296184205401,0.4329887405497258
1676,2008,121.3255549747456,43.225197723333018,3,10,22.564531611320497,14.666671752929688,221.87356155779707,217.50393667637036,4.3696248814267165,217.31395186893496,4.5596096888621105,223.82282457034307,157.15929962248265,610.43187012895942,198.09665593590466,139.25396580440301,140.97543501083621,163.37211265043968,161.32919509153155,198.67036563200784,191.17343733098892,233.55067197680444,224.66831379953933,253.54175848873149,251.21525660098229,0.85447593835161229,3.7626596552589717,1.4670454113349933,-2.2956142439239784,4.0043224861531144,5.964457904108599,1.9601354179554846,-0.34767952468135377,7.2289744053950358,7.5766539300763895,-2.4552211257632734,6.408090685569249,8.8633118113325224,1.6788316046962279,4.1475170003111828,2.4686853956149548,57.395502165996731,80.142379084963977,-22.746876918967246,81.131373148851708,-23.735870982854976,57.71075969555045,76.17064456499611,152.06643406127114,214.1180098319663,165.48041070168532,150.86377581518843,195.6342048233814,173.98161625334731,216.73607582965627,199.57666102777421,235.07679275703757,225.53987353846603,263.62427053689066,246.71100893538426,-5.4175230998412758,-6.3565601042488424,6.4392916139493082,12.795851718198151,-11.816040375006025,10.180735334422593,21.996775709428618,-5.8557238258372877,11.539388216124053,17.39511204196134,1.6670058783911088,10.912638477039252,9.2456325986481431,-8.2987078840455695,9.4954283962642876,17.794136280309857,164.47805919435996,137.3615541442723,27.116505050087653,136.18257860087397,28.295480593485991,166.1120646624513,80.988654632803446,458.36543549224734,189.41614143000245,133.92062611328839,136.9353597790047,152.74530257853502,153.50437634160645,185.31090591707562,181.16430661501411,232.87502799465537,223.71292627914931,251.269581996266,255.53646731672902,1.5957500346845279,5.4543891768798289,-0.70599386425882926,-6.1603830411386582,4.9090106297961995,4.3827674711419036,-0.52624315865429594,-0.2079601296486544,3.9999700942277627,4.2079302238764171,-9.8574436577425786,-0.94982829683451087,8.9076153609080677,1.7159198053473688,-1.1820604181497458,-2.8979802234971146,-6.2719990381928881,-7.0132731345258037,-10.119219759507814,-11.810949281128671,-15.82036286115914,-16.725051004802225,-5.5080443011559339,-5.6477636961886333,4.1222270041543823,11.524449536133687,-9.9775394887417974,-10.014627689392938,0.24911286828642432,0.25784126264304696,0.4846715704891027
1677,2008,121.57555611831606,43.225197723333018,3,10,22.564531611320497,6.8636322021484375,196.5949824798372,201.73650297461427,-5.141520494777069,201.96004929959599,-5.3650668197587947,215.14815617865224,156.17531621814487,565.89440830796957,200.90644276361886,143.8293042790477,142.32282316021173,169.55495579442575,165.66653562312163,201.0904639485955,196.33902445936775,236.93878781874704,228.51457744196964,254.03309794173913,253.52845546628106,-0.91754539201832586,-0.20388982640776021,1.0634606603117618,1.267350486719522,-0.5946881759869882,3.3568608264339161,3.9515490024209043,-1.0555453502668115,3.8273280566812389,4.8828734069480504,-5.1557513143481515,3.3449643180564692,8.5007156324046207,1.5267573264520706,2.1196165788669248,0.59285925241485415,61.383819371392747,86.334716885676244,-24.950897514283497,87.419537992349433,-26.035718620956686,63.803738591000183,68.444219441720634,151.99286810751073,212.16288867746684,158.86413068827775,150.11357598465597,191.48651780778872,178.0333017961361,215.2700929359722,205.67235494426981,235.96893644686753,231.59656219809742,264.36553568640068,252.35500185335073,-4.4196250622891284,-4.3407056141559224,1.9724972556412865,6.3132028697972089,-9.7748028166699328,4.3866629633182299,14.161465779988163,-5.0785295784857851,5.2034340516180464,10.281963630103832,0.47312498006485271,4.9733861692601806,4.5002611891953279,-8.2965670110161795,4.2577267125182345,12.554293723534414,135.21116355920458,115.40178932113486,19.809374238069722,114.54051154566514,20.670652013539438,151.34441802351103,87.731096716819593,413.90154031664133,194.67978256604147,137.73690132545477,137.72094875063559,161.01252634770765,157.85713735578253,189.98467327110558,184.62086001565459,237.35787299582896,222.93754028629843,251.72709364973267,254.539451920358,-2.3561731654468474,2.4662705527918263,-0.33602737910644009,-2.8022979318982664,-1.235456890237657,3.2026913600979015,4.4381482503355585,-2.7090684385377131,2.5763872077291694,5.2854556462668825,-14.224745411489437,0.59271009477879488,14.817455506268232,2.0374167409736401,-0.37377603716984709,-2.4111927781434872,-3.5020796702708026,-2.063451896842281,-4.1368157877481622,-6.8069761669477487,-9.1801146406829446,-8.5393459264322757,-4.0229842282189736,-2.3694611399480721,5.6288762944130042,14.697870391554289,-9.8233243374682502,-10.33398375198982,0.26858874354664691,0.29655721770638632,0.43825247868311085
1678,2008,121.82555726188653,43.225197723333018,3,10,22.564531611320497,12.782608032226562,211.41857442849505,213.75453873861625,-2.3359643101211987,213.85610528259349,-2.4375308540984406,215.15282304064067,145.33353736955542,543.7882282063365,200.54561729285675,143.55938570317784,140.10984586235489,167.25945886399845,161.27962794483165,200.73071569628038,191.69453505549237,237.08723016961426,224.90498925949464,254.14277234243704,251.7836787428966,-1.0902690548281555,-0.565073015562092,2.2125141045149519,2.7775871200770439,0.46508936372043763,6.4395512143928215,5.9744618506723839,-1.7968824722586305,7.3372720455692502,9.1341545178278807,-5.6188215003226389,6.5443206769831477,12.163142177305787,2.1796202286870709,4.6353209091842587,2.4557006804971877,71.688064456665415,93.17817805811319,-21.490113601447774,94.112532177747198,-22.424467721081783,72.684002971001632,66.856167820097653,158.87445760518312,209.13446763689751,153.63299271302208,144.31827940327921,178.07192705978588,167.6498735287561,211.95796814764321,196.77300760685026,233.60226584977539,225.24801951007393,264.18076762052954,248.22401833552496,-4.2434537172669025,-2.6816250026625994,4.8489789771202254,7.5306039797828248,-1.6013520790849611,7.9972807985360816,9.5986328776210428,-5.3995584282033349,9.4523762778827063,14.851934706086041,0.8118796939948254,9.5444645206580958,8.7325848266632704,-8.2616388079213436,8.1806086533908058,16.442247461312149,139.73050990078627,120.576361921836,19.154147978950277,119.74357364128809,19.986936259498179,142.46882004167946,78.477369566950074,384.91377048939466,195.12126650922357,137.72271915658268,137.29215244783629,160.50822828764186,156.07702735294674,190.86163975105799,185.76265668898699,238.04726681256892,224.55208702589013,251.49282411892969,254.95420338022217,-0.40082127344282981,2.9445781307217658,0.65298631312879252,-2.2915918175929733,1.3557745435012407,6.0561515540051971,4.7003770105039564,-0.076697527278156485,5.1444728062151057,5.2211703334932622,-11.489498703567136,2.7084977044075629,14.197996407974699,4.2207052177640776,1.5067224985373286,-2.7139827192267489,-3.153184662438747,-3.8426324438240727,-2.1165519871005074,-5.6262031333843652,-2.0664414428053988,-2.9571266225862018,-3.6026759559447044,-5.3228609009251784,6.4307011943174643,12.301378397561962,-10.441259036608415,-12.482344025685421,0.29216237013666901,0.33782500245080305,0.46001885752010008
1679,2008,122.07555840545699,43.225197723333018,3,10,22.564531611320497,2.3636322021484375,193.54217087685174,195.35588755285789,-1.8137166760061518,195.43474432586663,-1.8925734490148898,213.23755948547023,148.92841566371408,536.21427496522665,200.62405390822209,143.80306408734174,142.06656269956119,167.48785048291424,167.11286355925745,200.9882089720509,198.19978174406856,237.04826829785338,230.8949186817166,253.71302022829502,255.99393865862396,-0.67404219368486906,-0.37201513019348909,0.38528964373256258,0.75730477392605167,1.1611868611648788,1.2994398670983855,0.13825300593350676,-1.3490216621920865,1.4674378465717268,2.8164595087638133,-4.9318966092350536,1.2305921126087753,6.1624887218438289,2.8794544202021939,0.82678958027082672,-2.0526648399313672,65.785287979587338,83.392326953950032,-17.607038974362695,84.1578506751448,-18.372562695557463,69.750225044994295,66.125340741145919,152.62485386477783,209.68951514351645,154.89135870894543,148.75226743471146,182.79863475932194,176.98538122386645,212.34350384288715,206.48801740246429,233.52797936213184,234.60628867584148,263.65839057583804,255.80677636337006,-3.3526461816557003,-3.574860507746223,1.0640709840794784,4.6389314918257014,-3.1878825690392034,1.4536055921871309,4.6414881612263343,-4.0833020225979055,1.7455016160591583,5.8288036386570639,2.1580553253069752,1.6659549834096481,-0.4921003418973271,-7.4022408234609429,1.426796120958187,8.8290369444191299,127.75688221422388,111.96356052033843,15.793321693885446,111.27689428198937,16.479987932234508,143.48733389154586,82.803074917826962,383.58942053467035,195.18071817246869,138.07316670687032,137.65482426621099,160.44267387772899,160.60202930053853,190.90564396101061,188.81267250530564,238.31221080339952,225.53707916870968,251.6730101412862,256.24185327237956,-1.1352356115540942,1.2245919371625007,0.64164366643879589,-0.58294827072370481,1.7061321102028728,1.4100973700832071,-0.29603474011966568,-1.3385535936363624,1.068681027197556,2.4072346208339184,-12.612774048494629,0.8315655422767918,13.44433959077142,2.9415640570313428,-0.38915966117295397,-3.3307237182042968,-2.6786039879708312,-2.217410570101606,-3.2028453775527339,-4.7994524449087237,-4.3490694302040822,-4.8940146792420762,-2.734280360405819,-2.7447484289615431,7.0899519345420288,14.770829373801604,-10.281695243663137,-10.343804880492286,0.28463407445591693,0.32710102860536161,0.44400754850208979
1680,2008,122.32555954902745,43.225197723333018,3,10,22.564531611320497,13.100006103515625,209.27010977268219,214.05917567014694,-4.7890658974647522,214.26739430427551,-4.9972845315933228,213.80450163645583,170.89190505808438,571.76809347420931,197.90512142298556,138.27947020693102,136.42818656030499,162.57576449639143,158.50712451407242,199.99171725208339,189.51459212670852,233.71296970594074,221.92982483905189,253.56613773916851,248.50809378401587,-1.2906690505478764,1.2142605410722638,2.7692838246023541,1.5550232835300903,2.5703086702400242,6.578776598435951,4.0084679281959268,-3.0778355091649416,7.4692683855303983,10.54710389469534,-5.0399188961337131,6.6291785645930759,11.669097460726789,-0.85700289002249974,4.3129450745953477,5.1699479646178474,78.676744835451245,105.61307772994041,-26.936332894489169,106.78422209620476,-28.107477260753512,79.219669169305689,103.15854970627333,198.58939867105801,209.29959016460523,161.59560643728045,142.54105621090415,186.60936704242275,166.891371079631,211.92951667167165,193.42981152615366,232.43840783075808,219.85507840306042,258.78980247249524,242.17169605783371,-7.3344031497494484,-12.153549556170589,5.9655805776955901,18.119130133866179,-10.914044574281121,8.9302323119244988,19.84427688620562,-8.3923538656994481,10.457967902133987,18.850321767833435,-2.4950167395352878,9.9156123379648022,12.41062907750009,-8.0660284863798779,8.4214820082266897,16.487510494606568,130.59336552023888,108.44609569013119,22.147269830107689,107.48317170143127,23.110193818807602,134.58483299502404,67.73335520279943,373.17869551479816,187.63366260669201,126.74770355588477,131.70879755390089,148.58125197448624,151.33114612560769,181.35628463526811,181.9656194025797,236.67307013642471,225.9036021015842,252.58752485801614,255.22478103190358,2.8115239278669151,7.7395162679560059,1.2357913403106409,-6.503724927645365,7.3567621386690121,3.7757676949873655,-3.5809944436816465,3.1604458411783583,3.3762905464535606,0.21584470527520239,-11.097302398269676,0.52339147349161408,11.62069387176129,2.0051296536606458,0.37193657533185842,-1.6331930783287874,-6.043734099201572,-10.145927077616363,-13.367810097242852,-19.893065824126595,-13.484353244521145,-18.270806712950133,-5.3145183565345064,-11.552799706877806,2.5449021565984253,8.6022856587343881,-7.2090255963573782,-10.071158140040524,0.347325079761583,0.3705238597080967,0.60364795904879653
1681,2008,122.57556069259792,43.225197723333018,3,10,22.564531611320497,0.4583282470703125,190.11439323425293,191.18180644512177,-1.0674132108688354,191.22821635007858,-1.1138231158256531,218.14488795896614,154.01022325087797,586.9645332172513,202.10092786292972,146.94440727416244,145.11401564360906,168.52440306609611,168.51043189766293,202.69635472133439,198.94699093837511,236.91065539806775,231.22137244618006,255.57499392597038,255.91407105075695,-1.9376235602232157,-1.1917057181763653,0.11914340535122392,1.3108491235275892,0.12770347257810499,0.22129961449704183,0.093596141918936837,-3.5523844776105022,0.25860663589872956,3.8109911135092318,-5.3348009028089791,0.21709485776943893,5.551895760578418,0.3201223366793613,0.129454494634615,-0.19066784204474629,89.374113097786903,91.722359448671341,-2.3482463508844376,91.824458032846451,-2.4503449350595474,96.388797953724861,81.827210976430251,194.03539360658033,208.75902892503208,162.67972134624324,151.76226175426945,185.03292875451257,177.76013484578397,210.38008510343764,204.83036378603632,230.47433413489713,231.95279845997931,259.17559349817395,253.3344238143672,-4.3164664341487367,-9.8330175078899344,0.10993127073857067,9.9429487786285051,-7.0857638774320151,0.26591624332058927,7.3516801207526044,-5.7601115516288246,0.34347643417785889,6.1035879858066835,2.0031927886548431,0.31173625515199888,-1.6914565335028442,-6.2197535376030544,0.24824654939376956,6.4680000869968239,100.74028009176254,99.459443360567093,1.2808367311954498,99.403757929801941,1.3365221619606018,121.75608999034012,72.183012229744236,392.92913898825645,195.98261450854383,141.34186376427155,140.6655986412355,157.54452245903394,161.5385337064329,189.1169540901306,190.44076763161442,241.32428995516133,230.35416493114755,254.67259894239132,258.67201469937066,-0.057504284720437226,2.3496509648080064,0.10185497585533199,-2.2477959889526744,3.7491701395658481,0.20699650950035675,-3.5421736300654914,1.1943767496186126,0.12695841759912696,-1.0674183320194857,-11.381554925304386,0.12751340558187962,11.509068330886265,3.3853024348152587,0.071377185087101225,-3.3139252497281575,-2.378842873925521,-4.2589621494282994,-8.6413117897135692,-12.182668472697941,-7.2134673500101201,-10.834934016997863,-2.2077270740183224,-6.9544883012474372,7.3379936914638222,13.384747713959229,-6.5398758742824157,-9.6050559724183131,0.33057430666728654,0.44185678085592339,0.5313102549246761
1682,2008,122.82556183616838,43.225197723333018,3,10,22.564531611320497,-2.6521759033203125,176.34472760499557,182.99265277463201,-6.6479251696364372,183.28169232684741,-6.9369647218518367,222.08733292390389,170.13888359093471,640.71581374108791,202.44136487163928,147.91622258799487,147.59850438647786,168.79923239524155,169.70659209961082,202.65214021966099,200.16590318551491,236.1576308615185,232.42539167926392,256.28545612945919,255.34445556038773,-2.3171683680930357,-0.67809911027794101,-0.5356730851404734,0.1424260251374676,-0.26317959418580017,-1.0701400833802097,-0.80696048919440955,-3.6906810612910022,-1.1423507950465819,2.5483302662444203,-4.6703762424267268,-1.0367530883902418,3.6336231540364849,-1.5087275428680584,-0.43065942524367529,1.0780681176243831,55.55021844059047,74.312220654901466,-18.762002214310996,75.127959726458357,-19.577741285867887,61.643088786263434,72.06597521267031,151.76049921408412,211.93307836344769,164.64772571751851,157.51758562569793,191.82713990949472,182.79729375343868,215.73044249215707,210.38960502402486,232.59584535344266,236.27695080633305,260.54581893391077,255.13254306397181,-4.70607994565475,-6.0116481298099131,-0.79932531385779271,5.2123228159521204,-10.144442168841948,-1.3495355194935712,8.794906649348377,-7.5776980885146088,-1.8594724772815709,5.7182256112330379,1.4953071480717597,-1.7971764750601551,-3.2924836231319148,-6.8747512788430072,-1.2195316356488206,5.6552196431941866,120.79450892598652,108.68043253955511,12.114076386431407,108.15373271700628,12.640776208980242,160.44424395882652,98.072908124944661,488.95531451702118,197.53210403662135,145.22642553462271,143.28376203807179,161.47926985741591,162.06744776064181,191.71005469711895,190.11879682004033,237.61952029759681,227.89093258379211,255.3656754336088,255.53823875587642,-2.6704205989929903,-1.5790288474861711,-0.69002040166907364,0.88900844581709748,-0.1238562684430633,-0.81370053419215083,-0.68984426574908753,-2.6700040345275511,-0.9597673646877638,1.7102366698397873,-9.9126360804417288,-0.13642181079444526,9.7762142696472836,0.47298364971993578,0.22182558417119935,-0.25115806554873643,-2.3889115775617142,-2.0356593466617596,-5.3335490195319721,-4.432619282323742,-9.881262574656148,-10.020585900398885,-3.8870170272236066,-4.9076940539870577,6.1656833904984865,11.407943228513489,-5.3660237359749487,-7.347734928562943,0.23686086086742078,0.277562380414487,0.42357145933752977
1683,2008,123.32556412330931,43.225197723333018,3,10,22.564531611320497,2.2083282470703125,184.38568395376205,186.80943232774734,-2.4237483739852905,186.91481113433838,-2.5291271805763245,226.64990766597475,145.17958304538661,616.29598188586533,203.30604851692911,148.43474585519454,152.51938160680672,169.66078664264307,171.84051770623628,205.10687232164688,200.99632938699196,234.57749858591177,232.17038476085881,257.50806111970905,256.09528373522977,0.30718039408287723,5.1766304062618929,0.43252643507224775,-4.7441039711896451,3.2270717333624077,0.89839148580006167,-2.328680247562346,-3.0976153459551199,0.99276401461708019,4.0903793605722001,-1.2940197626076326,1.0250656841362797,2.3190854467439124,-1.0721187994836896,0.53276658929303267,1.6048853887767223,86.28940287232399,97.912274032831192,-11.622871160507202,98.417613804340363,-12.128210932016373,90.285794427192172,91.172637255864174,199.75017660658341,215.37862722887033,167.75031372969607,162.86911127874438,196.36136499801643,184.42003494772516,218.39454096951556,208.39394730617445,234.73376099691899,232.85132580070322,256.98751595217504,251.84611044011771,-5.8293404737304684,-2.9389940096789076,0.67741583104887582,3.6164098407277834,-10.18749919381608,1.5400402488922396,11.72753944270832,-7.9765059485617087,1.7020162152632281,9.6785221638249368,-0.39330613517230972,1.7148862236363698,2.1081923588086795,-4.1252873415479883,1.3031812420341851,5.4284685835821733,98.096281111240387,88.897158429026604,9.1991226822137833,88.497197911143303,9.599083200097084,136.36411323971333,54.006945178574824,416.5458048004657,191.79867310081488,144.10942484429597,147.05843348552193,156.89970313825748,162.09959822418975,180.82872830676956,186.91437582914998,234.3956508500986,230.41316733571477,257.79831760807167,260.8321444831335,4.8193748833614052,4.9230437277333579,0.51480601272376703,-4.4082377150095908,5.6075067667682958,0.85596605605255149,-4.7515407107157444,6.0008315380148076,0.56717828056295616,-5.4336532574518515,-4.3872496982497466,-0.43955546783206501,3.9476942304176816,1.613324114599834,0.14540464354780624,-1.4679194710520278,-6.1365208678133456,-10.648715357091874,-8.1156244159408004,-7.8620377374122654,-13.414570927178488,-15.795005960584376,-4.8788906026065888,-13.977337486576516,0.90071362743532291,3.9939435630774369,-3.0531685420642987,-5.7386114561478223,0.32411403364232227,0.39834913394383925,0.62799902950101072
1693,2008,126.07557670258439,43.225197723333018,4,4,22.564531611320497,-7.2173919677734375,188.04983362614439,174.93388998858063,13.11594363756376,174.3636320598016,13.686201566342788,237.63437269461247,159.44374852232431,570.39789612032473,199.35111346767104,145.61780660269528,144.84625508472584,166.58196923868121,168.31003104974863,199.59979556011803,200.84989709122681,229.58141498018324,232.39373250664912,255.33280344853,256.07561141569084,-1.2076247108081475,-1.816853875924977,-1.1344905835751717,0.68236329234980531,-0.20467972104003707,-2.094151949594675,-1.8894722285546379,-2.2728650663865722,-3.4820910974457888,-1.2092260310592167,-0.64798557585575622,-3.3587291280407214,-2.7107435521849652,-1.5896526878557609,-2.2285022347265624,-0.63884954687080153,125.35598025293075,117.6780758530731,7.6779043998576526,117.34425433590513,8.0117259170256148,134.70146132462244,118.65778595517986,268.50707504269667,207.64598026528307,163.17964341757397,159.23553455401174,179.54219660230331,182.03045667744797,209.23008081314143,208.78042771475307,232.90085895778444,235.64548182958262,255.42147365035382,256.01344840907336,-4.6204799219459289,-7.7740964467516847,-4.6853389369244098,3.0887575098272748,-3.1000805725711018,-5.7651002442451045,-2.6650196716740027,-6.650655693623662,-5.6680669784156237,0.98258871520803837,-2.9511449892600581,-5.5069004191413455,-2.5557554298812875,-4.1747186029382135,-4.5462810314469664,-0.37156242850875287,62.693853328510158,57.25581494924063,5.4380383792695284,57.019378128171411,5.6744752003387475,102.93291148085791,40.785962611847935,301.8908211234957,184.72825181073989,133.57475266715707,135.21567340786251,147.28450547317388,150.33331530602638,175.41818492647278,180.32571923905894,217.83381999548371,223.58583566515858,255.19441432247501,256.20523727495925,5.1548506075319267,2.9891234356889811,0.074122490058783796,-2.9150009456301973,3.0792904379464687,-0.47103399450861616,-3.5503244324550849,6.3389416553058027,1.3456007651253401,-4.9933408901804626,8.384471360039754,2.0511833213286081,-6.3332880387111459,3.7649542602223107,2.8634472863769247,-0.90150697384538603,-3.4128552111377815,-9.7753305294778556,-5.9572425708267076,-10.763219882440666,-2.8954008515310647,-6.1793710105175705,-4.3777906272370899,-12.989597348929465,-2.3031594134043019,-11.335616349299812,-2.5850659150824526,-7.9396728631605242,0.47073644006929405,0.56684333919036756,0.74419842141735737
1698,2008,127.32558242043672,43.225197723333018,4,4,22.564531611320497,6.2222213745117188,133.36897832155228,133.81921935081482,-0.45024102926254272,133.83879518508911,-0.46981686353683472,142.4898722388798,261.66897845311905,523.78525383770466,194.03231070580495,132.11782182101237,128.21434563309987,161.36211401774409,153.04254113048157,194.48431146235944,187.72477349527088,227.58371494218721,222.90840589283954,253.1872248894696,250.10026782642444,-2.7150934288497126,-2.5823350012785227,1.3037464751237735,3.8860814764022962,-5.4929929635505061,2.8133835283155122,8.3063764918660183,-3.3952806995961566,3.4828510266103478,6.8781317262065045,-1.2741355145792284,3.4208764045313274,4.6950119191105557,-0.73115532974046005,2.3898590267102406,3.1210143564507007,68.529948059469461,81.296094805002213,-12.766146745532751,81.851143389940262,-13.3211953304708,73.229190490469136,199.55376504831293,282.61401627046871,202.61941199305355,155.09809843883284,137.95929047362557,172.51380410207571,160.07645218022424,205.969196042476,191.08627363459246,230.71900382402634,222.66879612405432,252.52692776316999,246.02279502504021,-5.8716241662305606,-11.538028420547249,5.162592624984029,16.700621045531278,-7.2307203232855102,5.4233234823712166,12.654043805656727,-9.4554567411322239,5.5573405673582954,15.012797308490519,-2.6781477957113111,5.4209745972047472,8.0991223929160583,-1.5101088231134554,4.9896070735251215,6.4997158966385769,64.839030116796494,52.523126095533371,12.315904021263123,51.987651854753494,12.851378262042999,69.260681584497888,62.115213345201482,241.17123749479651,176.20244273397026,120.58132117214384,116.47934119387587,132.83393430903689,135.86779390888316,170.08190930553138,177.69119591236716,209.64074317202386,223.82036891494567,254.85575950126267,261.28918696859643,4.8396973182775014,-2.7802943937163178,0.22930250907165828,3.0095969027879761,2.3241938050830413,-1.5742214766414975,-3.8984152817245388,6.3673363404403176,-1.7439594980176309,-8.1112958384579485,12.076917028345548,-2.3474235844939813,-14.424340612839529,1.0411632027222595,-5.1017129651642108,-6.1428761678864703,-3.156530737380848,-10.711321484508062,-8.9556934192687265,-8.7577340268309314,-1.737727359735004,-9.5549141283685515,-6.0601760415360673,-15.822793081572541,-1.4040122811320828,-14.755064824056859,-0.77895349337299535,-2.5512720258357149,0.53956084903076884,0.51392558179645709,0.76261911606027544
1699,2008,127.57558356400716,43.225197723333018,4,4,22.564531611320497,6.6521759033203125,130.11296250228042,135.61286942944935,-5.4999069271689223,135.85199342382475,-5.7390309215443267,140.27317627628781,257.85227926564585,521.89084913209081,194.69532358260872,135.53122052798301,130.05324979668782,162.189770388607,153.433644708674,194.36307117565426,186.1372850075588,228.43501185984366,221.24454514830259,253.02517280302771,247.77095905086676,-3.8697169695465163,-3.7182508587390259,1.6065257149791705,5.3247765737181965,-5.4323850615051015,3.289292575019175,8.7216776365242765,-4.4271968446126095,3.7798282287623692,8.2070250733749788,-3.7197547242906808,3.5332845725147308,7.2530392968054116,-2.539658680528504,2.7084853978471415,5.2481440783756454,76.125226583990298,87.579971644951002,-11.454745060960704,88.078002962796745,-11.952776378806448,79.979958782970243,187.96354344669999,282.00347020616755,200.72793787325128,150.84424346337846,135.80441414346842,168.95825520829626,156.63292317895224,202.374414664791,186.9386713832898,230.61907758612219,220.66982260936584,252.47701181869675,244.9969383837103,-6.7135231030628688,-9.6685444250016133,5.1620829468668035,14.830627371868417,-7.2170457212954204,5.4598135595204269,12.676859280815847,-9.7425245175766975,5.5159791878883766,15.258503705465074,-5.0906113865654277,5.2032464116398103,10.293857798205238,-2.7015992550031172,4.9027455355404754,7.6043447905435926,53.987736015147675,48.032896727164371,5.9548392879833045,47.773990600969228,6.2137454141784474,60.293217605076279,69.888735818945861,239.88737904280424,182.27885750287535,121.32922265162499,120.14540524315615,141.15285740816776,145.48139652855755,182.05952595089002,184.08240631374551,214.99702732780341,222.795328042352,254.41946634541083,253.97064826047648,2.7793615054776808,0.16838889703836912,0.047585782119881515,-0.12080311491848761,2.1715563598043559,-2.1540742491798994,-4.3256306089842553,2.3746419746635468,-0.16126699579575643,-2.5359089704593032,7.8654965492478368,-0.036618567252418188,-7.902115116500255,-3.194042652722203,-2.1778484846313972,1.0161941680908058,-2.8438061335163525,-9.4928846085405496,-5.9502935662625873,-9.8369333220399824,-1.784660659790319,-9.3886020810997763,-5.3153276729640879,-12.117166492240244,-1.3708566622747469,-12.956107935813264,-0.16194057447461319,0.49244339771908585,0.54034952073818088,0.57017286487787533,0.72895823912052859
1703,2008,128.57558813828902,43.225197723333018,4,4,22.564531611320497,-0.15789794921875,104.5736755144535,110.23226639092172,-5.6585908764682245,110.47829304797051,-5.9046175335170119,126.34692402952351,251.31149715740139,500.37433835119009,196.57682533493926,139.17046542761764,131.89862931317501,165.10420869392937,156.69333626295935,198.11230505084362,192.15364328485163,227.58976336701983,225.74186864453276,252.59708685681707,251.24454181971211,-4.7613701536537576,-7.2557118254513284,-0.047270981225949527,7.2084408442253789,-8.534425692644021,-0.073737689879095569,8.4606880027649254,-6.1319665685109896,-0.086221105417962463,6.0457454630930272,-2.0962595680256015,-0.093780398213198168,2.0024791698124034,-1.4238268696522027,-0.070375343126187317,1.3534515265260154,60.809980648831697,62.278325730923825,-1.468345082092128,62.342167003524082,-1.5321863546923851,63.908354712886648,200.21336613802578,274.47623453405686,204.61239830132823,160.21362350148539,145.11963535489474,177.21682596559498,168.99475969287735,207.10310549078775,198.76845317859414,229.72910281302572,227.51461808534228,252.89528077496388,249.25689542957332,-6.8305830533925018,-14.585913264000794,-0.13080788813863364,14.455105375862161,-8.3592085448514695,-0.12785696617510212,8.2313515786763674,-8.5154646637353721,-0.1355326314552201,8.379932032280152,-2.5135031697477643,-0.12195452709877941,2.3915486426489849,-3.7602871465170438,-0.11365341064004042,3.6466337358770033,43.763694953166123,47.953941823856439,-4.1902468706903164,48.136126163655717,-4.3724312104895944,62.438569463785825,51.098130929968647,225.8981039263308,177.88358019598121,119.71504045455602,121.27315038511563,140.75329761657721,138.64489736605179,163.92780186288988,174.24239591119164,213.25949155476317,221.21517670044722,251.20143585918152,255.58936154590313,4.0098418011735362,2.5685236808091076,-0.029777070838818531,-2.5983007516479262,-1.8600178074356393,-0.014837211055890975,1.8451805963797483,10.867131322885115,0.026858768744688177,-10.840272554140427,7.8867088924844779,0.0435740302879708,-7.8431348621965071,3.99964193644837,0.059944867728546569,-3.9396970687198234,-2.0692128997387442,-10.840424854566038,-7.3302014385494658,-17.154436944809902,0.17521714779255149,-6.4991907374158302,-2.3834980952243825,-19.382595986620487,-0.41724360172216279,-10.400212062232242,-2.336460276864841,-7.7599290829654137,0.54854178861069891,0.50581646687301363,0.79667412117093939
1704,2008,128.82558928185949,43.225197723333018,4,4,22.564531611320497,-1.25,124.72844702005386,136.54155290126801,-11.813105881214142,137.05516946315765,-12.32672244310379,151.07539822161198,274.23417043685913,551.13374123722315,198.23580563153607,139.47116101759192,132.75970339377963,165.70412267744095,157.6586633364264,199.41648681149798,192.11804787035601,231.79486938892208,227.89607850713926,255.48031977415465,253.40449575247905,-5.9515759593171822,-6.7920835404508466,-0.40555497644888305,6.3865285640019636,-8.6411253869238749,-0.66445571936276338,7.9766696675611115,-7.9139124171968263,-0.72507202288295503,7.1888403943138712,-4.8477428553989057,-0.70204840141610703,4.1456944539827987,-2.7318179571795156,-0.55015481859052784,2.1816631385889877,91.516402691602707,94.699155509471893,-3.1827528178691864,94.837535262107849,-3.3211325705051422,97.961501903831959,218.62581738829613,334.38334988232236,204.14146180755372,155.91033354643648,140.81179532172465,172.97981211486922,163.06303813648108,206.4355961509427,194.83795729480045,234.81488340662921,229.21972478995704,257.28670811236077,253.16435885984291,-9.1365559023671494,-15.767254010865486,-0.88204963018236526,14.88520438068312,-11.261102382675602,-0.98888900976075433,10.272213372914848,-12.541416219830779,-0.99156544819550163,11.549850771635278,-7.1229990130260035,-0.95740751122298207,6.1655915018030214,-5.4787839431291729,-0.82855003204616651,4.6502339110830064,33.212044179439545,41.842401266098022,-8.6303570866584778,42.217633783817291,-9.0055896043777466,53.113896235823631,55.608353137969971,216.75039140880108,181.03917967045919,119.82546592320404,122.23510816974051,140.52701365898895,144.65764749017256,183.14227762808332,184.67252533776139,214.64255224562461,225.13841951936706,246.95331538785882,253.88677712239161,5.5208962642740573,3.3650522071165909,-0.28436152870774833,-3.6494137358243393,4.1585428822535846,-0.001169753664783002,-4.1597126359183676,1.0640523416666667,-0.14678925312051661,-1.2108415947871833,9.9225654703423345,-0.23386265425881447,-10.156428124601149,6.722656941532648,0.088324046497064046,-6.634332895035584,-3.1849799430499672,-14.657452166641207,-8.9751704704146391,-19.132306217982077,-2.6199769957517276,-15.419645264929187,-4.627503802633953,-13.605468561497446,-2.2752561576270978,-17.045564483368338,-2.7469659859496574,-12.201440884661821,0.60671906810073994,0.64842789135086421,0.79722310695279852
1705,2008,129.07559042542994,43.225197723333018,4,4,22.564531611320497,4.0952377319335938,110.78776309726527,129.06622102102119,-18.278457923755923,129.86093506134057,-19.0731719640753,125.61126210364546,281.21337610289629,526.44002474099398,197.87441305708603,139.09405581823415,129.93791157424377,164.95701155640316,153.97553711530796,199.35679477476975,188.51762146593612,232.50291382360555,224.60936473075861,254.95769699518769,250.09480521431576,-6.4160534283328161,-7.636372037441248,1.1795120662445129,8.8158841036857609,-8.736445164646625,2.0866260216978674,10.823071186344492,-8.4679896515404494,2.3455747446280952,10.813564396168545,-5.7417432005659066,2.2996335944061741,8.0413767949720807,-3.1321066209485195,1.7918823309353797,4.9239889518838993,72.801527282303141,86.772031554151908,-13.970504271848768,87.379445144324563,-14.577917862021422,78.382472288118606,223.21380506193964,324.51670000702143,202.85347588370064,148.56695626338632,135.36135202920548,170.87432883018528,157.40265349450002,205.74338095413378,190.08178350807125,235.15180134959081,225.48678204456294,257.2174572861702,249.74733199807204,-8.7057432156390462,-10.072393001811662,2.6570128269369206,12.729405828748583,-10.607136554044899,3.1072055498864586,13.714342103931358,-12.64055289324989,3.0248051542049836,15.665358047454873,-6.988813376053912,2.9407418504223415,9.9295552264762534,-5.1902813239935028,2.4934727911187622,7.683754115112265,37.986235814962129,42.294187296976816,-4.3079514820146869,42.481489976620651,-4.4952541616585222,47.228789826702723,57.999570981352008,201.92332453653216,183.60386087002871,120.9505413332534,120.43431019056734,144.9314559947409,145.26808702399236,187.28916938914335,184.34947144617482,223.06506931674863,222.64135867500335,246.47075292233885,250.97999975685352,2.1760747893370933,1.6116135516398344,0.68276406576741522,-0.92884948587241922,0.25560716414918261,-0.22687301192834752,-0.48248017607753013,-2.590867129832219,0.49032310819228542,3.0811902380245044,0.72500881406284634,1.2940073559450411,0.56899854188219479,4.1501608509320533,0.1954924885575906,-3.9546683623744627,-2.2896897873062301,-10.881818004976139,-2.4360209643704138,-11.684006553451496,-1.8706913893982744,-10.862743718194082,-4.1725632417094403,-10.049685763417671,-1.2470701754880054,-7.7138221901167583,-2.0581747030449833,-9.3404421749255562,0.61643622208756277,0.62400831721158079,0.79375244575942738
1706,2008,129.32559156900041,43.225197723333018,4,4,22.564531611320497,4.4285736083984375,112.68481700353732,131.95370406569054,-19.268887062153226,132.79148141308178,-20.106664409544464,126.98249373715498,270.97360571446552,518.63972992449999,197.21357942123063,138.45349658825484,129.82953116926282,164.15743677040177,152.91435060990915,197.50456462598802,187.22852234984552,232.06058174503619,223.70589057689,255.12859378829833,249.81253488304151,-6.1549597902688902,-6.6407641076779669,1.5483828723005786,8.1891469799785455,-8.5831083523619327,2.4976497240201354,11.080758076382068,-7.5302514060455223,2.5182343431544894,10.048485749200012,-6.0897598933402435,2.5377905109905896,8.6275504043308331,-3.5593162803431255,1.913092235475375,5.4724085158185005,77.503612916956627,92.925406301434123,-15.421793384477496,93.595917592614569,-16.092304675657942,82.581195290797041,215.3199313918085,315.26226809294894,201.6511953389402,146.62003494327271,133.26448462426507,169.0225630937837,154.6966489343655,202.65776998259881,187.74224989073207,234.51693031305621,223.67929701192497,257.72000713849474,248.73101671041613,-8.9585367475800126,-9.5544287071386123,2.9304526149139178,12.48488132205253,-10.899849208423518,3.3582976622716671,14.258146870695185,-11.182988589345143,3.423067476207649,14.606056065552792,-8.1904477863676846,3.3019052065530161,11.492352992920701,-6.5442785766778684,2.8106566674993303,9.3549352441771987,35.181204161086498,39.028297436433604,-3.8470932753471061,39.195563445809057,-4.0143592847225591,44.401298520863747,55.65367426305238,203.37746167182922,184.0011348835539,120.51567210489144,122.00161107690154,144.68738720584955,148.32474696306642,187.96480890630662,185.66628279148912,224.56819909672797,223.77706349190947,246.80928030906614,253.0665545464642,3.3796935999333186,3.8577080683004397,0.26519355187500082,-3.5925145164254388,3.0900765295227757,-0.36500938882738865,-3.4550859183501643,-1.7149020277178124,0.51720745024042003,2.2321094779582324,0.088380425248033134,1.1185576853057455,1.0301772600577124,5.0240220948478509,-0.95234031618534232,-5.9763624110331932,-2.8035769573111224,-12.338230347513331,-2.9136645994606454,-13.412136775439052,-2.3167408560615854,-13.989925737946294,-3.6527371832996209,-9.4680865616273309,-2.1006878930274411,-8.2788282116157177,-2.9849622963347429,-11.568300671525719,0.60786370558006164,0.65033527741024233,0.79461588454005638
1707,2008,129.57559271257088,43.225197723333018,4,4,22.564531611320497,1.3333358764648438,118.7788468003273,125.48049890995026,-6.7016521096229553,125.77187323570251,-6.9930264353752136,134.26067543939507,267.56120037364963,504.01829327642918,196.78961449638857,138.61227747310122,129.96721747707809,165.13589352360981,155.68955308216314,196.84010692282584,190.94626836951116,229.39931616181991,226.5580341573305,253.79967148382772,252.33134753358672,-4.8415303369849596,-8.2617350794939455,0.42827259841760679,8.6900076779115523,-8.780924728151291,0.724759147336556,9.505683875487847,-5.0949114577348098,0.81055946389497535,5.9054709216297852,-2.1302625551639949,0.76355420375034555,2.8938167589143404,-0.93258480090241846,0.55572966447627437,1.4883144653786928,83.063910037279129,81.910719215869904,1.1531908214092255,81.860581398010254,1.2033286392688751,88.275796030191032,220.53627146934468,319.96650098217651,201.32589050254953,153.21238193563011,139.61604413156186,171.73174645399934,163.0160621722541,202.20614543419464,195.09173513974696,230.11460424130323,227.48976751041778,254.34441369963386,251.07804817488022,-5.2295270300569427,-12.597001913796845,0.97844121078526314,13.575443124582108,-7.9626558307004132,1.0781094640986169,9.04076529479903,-6.1327272027153299,1.1059299932160513,7.2386571959313812,-1.6427271897046865,1.076058521255618,2.7187857109603044,-2.5434870885748069,0.93159378130243908,3.475080869877246,35.714936792850494,43.569776654243469,-7.8548398613929749,43.911291778087616,-8.1963549852371216,45.98487946322075,47.024928922517574,184.05179233849049,181.72822692377329,119.38204216890519,118.24062978209766,141.51714856820297,138.55241852470141,183.34903583719782,178.2924084375008,224.69899347170809,223.9701756058451,248.59374973371629,255.87014962127628,1.1689635338028381,0.79967402891264783,0.17028543657700368,-0.62938859233564415,-2.9996053042831079,0.031580796092328001,3.0311861003754359,-4.3723786844406618,0.05751615156572143,4.4298948360063832,-1.3847362915859946,-0.15443627080762212,1.2303000207783725,6.3874663031290595,-0.8423132249218952,-7.2297795280509547,-0.38799669307198315,-6.3984905638597809,-4.3352668343028995,-13.396675942709493,0.81826889745087783,-4.9630505264173053,-1.0378157449805201,-1.7603485182746681,0.48753536545930842,-0.2579908981186918,-1.6109022876723884,-8.9309533917038664,0.63483112666843355,0.65749554544762068,0.82424608336846095
1708,2008,130.0755949997118,43.225197723333018,4,4,22.564531611320497,3.1052627563476562,109.05902972283002,125.0747718134262,-16.015742090596177,125.77110770848594,-16.712077985655924,127.14617695748484,246.86448821959857,478.56304359436035,198.26163891571531,139.6654946492734,132.49447721447868,165.19878598550059,156.07830798542045,199.08871219718824,190.73823204640007,232.05809807506881,226.57709830243903,255.31685187625024,251.52601070501797,-5.1674517618015159,-5.9589868595728319,0.9226611632647348,6.8816480228375667,-7.4684536113051365,1.6176053245029323,9.0860589358080688,-6.4449163579220681,1.7264363872931483,8.1713527452152164,-3.9027121984669577,1.7082503752395723,5.6109625737065301,-2.5952992344691097,1.3758038287167835,3.9711030631858932,80.480127266222553,86.583334152765019,-6.1032068865424662,86.848691755873006,-6.3685644896504527,84.129749795178213,192.85265345258085,295.11101183155552,203.37811209035547,154.13264932773379,137.25399122406765,170.67415571321661,159.3984313856879,206.40878986428442,192.93157006019453,234.4438907795008,227.2525725531932,258.00710162191098,251.15416094938362,-7.6282960002988034,-14.084498912382628,2.1004129305770789,16.184911842959707,-8.8301208643675864,2.3667135771082144,11.196834441475801,-10.509389454292176,2.1367423765471472,12.646131830839323,-5.0785157940131853,2.2970890186351767,7.375604812648362,-5.2232554259496169,1.9956034041969133,7.2188588301465302,28.578902456607466,38.491436788549436,-9.9125343319419699,38.922416015354429,-10.343513558746963,43.016427132504305,54.011834707413072,183.4520319942385,183.65586317089003,119.92698549010294,123.18624818038712,143.60059846452589,147.30216442954884,188.41726364794016,185.09920697594151,223.59105035833932,224.53520223035369,247.305739988554,252.79349115023282,3.724492263641622,4.9576716711785451,0.18326839211337642,-4.7744032790651687,4.252811228451634,-0.44452931450700817,-4.6973405429586421,-2.9379901876884276,0.18896752973148523,3.1269577174199128,1.8092666453727304,0.82340360961370607,-0.98586303575902434,4.6710463941352032,-0.41389393118544149,-5.0849403253206447,-2.4608442384972875,-11.352788263940425,-8.1255120528097962,-19.042170583561173,-1.3616672530624498,-13.08293209281922,-4.0644730963701079,-7.5713992666037484,-1.1758035955462276,-6.8877824393859157,-2.6279561914805072,-9.8943018200848201,0.61666067988671835,0.66167738431734002,0.78120856848810338
1709,2008,130.57559728685271,43.225197723333018,4,4,22.564531611320497,1.590911865234375,110.46815082967078,120.38239493547735,-9.9142441058065742,120.81345179594064,-10.345300966269861,131.19481695567629,233.04772126986063,486.97191850841045,196.76647755668651,138.65282010737744,132.64560857674405,164.65657631719642,156.04865265496241,196.74339424094725,190.51543914739278,230.76518656997118,225.92774376714667,253.15842163094604,249.6383487392396,-5.0723413680411227,-5.327385066927377,0.43638147376032066,5.7637665406876977,-7.8708524567143741,0.76959100769121846,8.6404434644055925,-5.3081444539982954,0.83081353240103795,6.1389579863993333,-4.439497878142987,0.78725293514895611,5.2267508132919431,-3.1269169668509278,0.62148444213275411,3.7484014089836819,81.282638691642205,84.35407058598139,-3.0714318943391845,84.487609916275687,-3.2049712246334821,85.812197155908507,183.68728719362116,294.06589804403484,202.57765399789983,155.1635701091304,137.57924137562941,171.32797969810281,159.32562891172554,205.10853399818595,192.65419135391383,233.85366405743918,227.41195015004686,255.73439962327063,250.21558056452767,-8.3323134119947611,-15.825757334197363,1.0632344442105648,16.888991778407927,-11.240876819679471,1.1293324603871611,12.370209280066632,-10.926630437932744,1.0360524695193476,11.962682907452091,-6.7371879467504243,0.95506433547640768,7.692252282226832,-5.3965875376220538,0.73546287265529031,6.1320504102773441,29.18551212312741,36.028328093751043,-6.8428159706236329,36.325840985595278,-7.140328862467868,45.382619590220202,49.360433986832504,192.90602021664381,180.23641036311241,119.41756934823412,123.3550943936247,140.05253229110221,147.67372401474336,185.3729721902852,184.90750968062582,214.41051248414988,222.26454101620544,245.39163939853989,248.18292229132561,5.9105850507931166,5.006786949960059,0.077706708474664765,-4.9290802414853943,8.1467516435141079,-0.42421759880437548,-8.5709692423184833,-0.05083969251430176,0.31445924607191955,0.36529893858622131,7.1263706171042998,0.10240027910680283,-7.0239703379974969,2.407508516495966,0.34864698191123011,-2.0588615345847359,-3.2599720439536384,-14.242898462787878,-10.498372267269986,-20.832544284157422,-3.370024362965097,-19.387628463193579,-5.6184859839344483,-10.875790745418442,-2.2976900686074373,-13.863558563854724,-2.269670570771126,-7.8040960541180198,0.6038662330771668,0.65408222022139684,0.78819602351278983
1710,2008,130.82559843042318,43.225197723333018,4,4,22.564531611320497,2.6666641235351562,100.00700029478321,110.0192362200396,-10.012235925256391,110.45455026572017,-10.447549970936961,121.69116422465004,231.00109943954158,490.35909259319305,194.59057371848058,135.8667246895059,132.40759566284183,162.54808452335061,156.11256467365374,194.7047697009956,190.23736423618368,228.57918443282918,224.86752726084586,251.92215578332815,249.02442986172028,-2.8368366832111462,-2.7129754076211157,0.58368834708824124,3.2966637547093569,-5.1882107401543465,1.2029250869398709,6.3911358270942173,-2.9137889639924595,1.3974128305567319,4.3112017945491914,-2.5745941415854645,1.3034455183755256,3.8780396599609901,-2.0810120244752568,0.94347732757054814,3.0244893520458049,66.111957641005574,73.051880955867091,-6.9399233148615167,73.353616134852928,-7.2416584938473534,69.506028730962498,179.36980046451936,267.08691494306549,201.58042503019456,154.59535616808861,137.35254671666209,170.54312278739053,159.48523684128156,202.11595012075514,192.22262830729818,231.27105226851234,225.12146278018258,254.34845412211448,248.2461906466861,-7.2524439479319085,-14.773072038786381,1.7556051017108985,16.52867714049728,-9.0405016508117626,1.941881417756349,10.982383068568112,-7.6830849624884365,1.8316615350559857,9.5147464975444223,-5.1921037231684295,1.7691645861740426,6.9612683093424721,-5.0170990660362804,1.4462281845832194,6.4633272506194999,33.895042590447702,36.967354815720682,-3.0723122252729809,37.10093395205331,-3.2058913616056088,52.185135458297282,51.631298840911768,223.27217734232545,177.83402595234412,118.52292901018421,123.8728230287951,132.82002325101536,148.17985141255775,172.82525159527069,185.40666547643266,214.8970656516766,224.29568081866626,242.17598495844561,250.54320696461596,9.1787745891851671,6.4263425684199973,-0.16863812537962986,-6.5949806937996271,15.615791626271118,-0.61855185586927064,-16.234343482140389,12.433262719548168,0.022532473728034574,-12.410730245820133,9.2370948436979461,0.19204119075504877,-9.0450536529428973,7.4369957691899629,0.0052811519458657585,-7.4317146172440971,-4.4156072647207623,-16.431218537117076,-12.060096631165266,-21.199414607206378,-3.8522909106574161,-24.656293277082881,-4.7692959984959771,-20.116347682036604,-2.617509581582965,-14.429198566866376,-2.9360870415610236,-12.454094835226243,0.54467617502637711,0.57116742348400673,0.77648894702107107
1711,2008,131.07559957399366,43.225197723333018,4,4,22.564531611320497,0.600006103515625,182.31729765958153,180.92539679534821,1.391900864233321,180.86487896893232,1.4524186906492105,209.57835884670931,168.26813036215208,522.0997299849987,196.50217782702563,136.29671605312103,135.60375807936495,163.53765784757485,160.91865405655028,196.02203784044866,196.98934740864223,230.73279018152547,231.42175896001737,254.79126871094005,255.45846898807019,0.078342355426599397,-0.42737836175581378,0.13584370563904713,0.56322206739486091,-2.3831034757096745,0.2787474304277282,2.6618509061374027,1.3773653669511816,0.31134473576184973,-1.0660206311893319,1.0107624514571967,0.33943811290836834,-0.67132433854882834,1.0084918475810696,0.22624786906536087,-0.7822439785157087,132.25006433211092,124.49383136425968,7.7562329678512469,124.15660468512215,8.0934596469887765,135.63130636520509,137.83041960943751,286.32572472793981,203.79919292398165,155.9702705697332,142.862304851831,172.32870106053687,167.47887850519044,205.57326421478362,201.37302644451859,233.93291565004841,232.37081905783415,257.29829788091951,254.93932109801472,-3.4682368834902491,-12.10410355859932,0.45159032753088013,12.5556938861302,-4.5108193975629547,0.46480698715569702,4.9756263847186517,-3.4251509461499552,0.44576757963923797,3.8709185257891932,-1.1225546559864199,0.42585712375225171,1.5484117797386716,-2.0762916504023963,0.38399099452394125,2.4602826449263375,50.067233327470603,56.431564888685898,-6.3643315612152946,56.708275052709723,-6.6410417252391198,73.94705253738357,30.437710727755075,235.7740056142211,177.38584047041024,119.44523108516951,124.49463777159873,130.76676161331261,145.84900351427183,170.49355739100031,185.17733999569018,214.69740854815197,227.93236216726629,244.78609623254511,257.09316306158127,11.106032032758407,6.1190755006411877,-0.049874060574779833,-6.1689495612159675,16.212879522878637,-0.075431490454235472,-16.288311013332873,14.695793983357504,0.0086769413981926391,-14.687117041959311,13.04452936915385,-0.097526601970855609,-13.142055971124705,12.144339674467346,-0.18167479805447329,-12.32601447252182,-3.5465792389168485,-14.574268916248656,-11.676725196843506,-18.223179059240508,-2.1277159218532802,-20.723698920441592,-4.8025163131011368,-18.120944929507459,-2.1333171074436166,-14.167084025140269,-3.0847834979834658,-14.220631324869743,0.5484119379570771,0.64716274672428897,0.8191118503117284
1712,2008,80.575368572760155,42.975196579762553,1,10,22.655530340030669,8.9166641235351562,168.74424943327904,166.03222095966339,2.7120284736156464,165.91430613398552,2.8299432992935181,181.2025817192598,178.92236316204071,451.52710840851068,179.66120767592119,130.09589314442925,128.98034775526884,151.89828084470548,148.69992923777787,179.30481647847708,176.87067789336325,208.50646943554295,206.71069426789919,228.88600739223151,228.96261511093439,2.0639417617382492,0.96424040559995206,2.1997545115266064,1.2355141059266543,0.64105127399432149,3.8451207233480886,3.2040694493537671,2.2734685429265653,4.7401543112180491,2.4666857682914838,2.5568735976942492,4.2630741545620197,1.7062005568677705,3.5133831242164604,3.4610773832944801,-0.052305740921980259,106.34513483196497,103.02789823710918,3.3172365948557854,102.88367067277431,3.4614641591906548,107.06985870748758,115.95188578590751,233.49384084786288,183.29180829628658,143.18395201225508,136.23311309758387,160.78439525865264,153.05496475402805,181.60445182151955,177.90277446114527,208.17260039597846,203.70597951101692,223.06452781810947,223.99255425723612,3.067633237387497,1.0837929107280218,8.0161285993939657,6.932335688665944,0.45183067755593243,8.0462839025954054,7.594453225039473,4.1915817310450905,7.6951175566756831,3.5035358256305926,2.6831496536366046,7.0649515361844806,4.3818018825478759,6.5344927045843235,6.0557585605218947,-0.47873414406242887,62.399114668369293,63.004321217536926,-0.60520654916763306,63.030635133385658,-0.63152046501636505,74.132723138432084,62.970477312803268,218.03326762467623,173.75541632122548,118.83469993998924,119.98175121545373,132.34038707072247,136.40164759583945,171.86973084609662,173.81613994274329,209.69399305274226,214.37261732617014,236.95357714768775,237.26727994198905,-0.33227706605310914,0.024155734580332933,-1.1911330494715884,-1.2152887840519213,0.76168430091706796,-3.3633590745457127,-4.1250433754627807,-2.0286597053330127,-4.1555067957069696,-2.1268470903739569,1.3108878832507571,-2.843679192543533,-4.1545670757942901,-1.2280241763660911,-0.77427834559543385,0.45374583077065722,1.0036914756492479,3.3999103034406062,0.1195525051280697,1.0596371761476888,-0.18922059643838907,-0.30985362336113553,1.9181131881185252,6.2202414363781031,0.12627605594235547,1.3722617703858475,3.0211095803678631,7.7625168809504146,0.51712031570120864,0.59088484110768746,0.64805697698557607
1722,2008,83.825383439176179,42.975196579762553,1,10,22.655530340030669,13.18182373046875,155.25941687299201,144.35938972262738,10.900027150364622,143.88547380974342,11.373943063248589,158.37019121156482,97.443517396106472,303.73518371395767,193.35402438874101,136.84837525284578,136.33393570839377,159.02653700463219,157.0179547126192,193.25108700747023,188.35746746104002,225.03530106489472,219.60117506358162,249.34606607972472,244.78612349949563,1.7456396426432264,2.2433977308596127,2.6525444135576777,0.40914668269806498,3.2663552849739119,5.0467691780483506,1.7804138930744386,1.9275729783102236,6.9925836277362805,5.0650106494260569,1.7792785543363436,7.3105861952807061,5.5313076409443624,1.5484952222343793,6.2214814918205263,4.672986269586147,40.704373696949915,40.601065681859836,0.1033080150900787,40.5965750182786,0.10779867867131543,40.74652497192892,34.858317881035873,79.820413099834695,203.60430738634957,159.23404962599142,149.61007619925198,178.01201483940991,169.91118494769066,205.488260601501,195.30327440828714,227.71055271840723,220.55858999937976,245.60899534481447,241.0237043052515,2.4053569710022202,2.2382927401992276,10.924984178570014,8.6866914383707865,3.0889058547581385,11.28440717943397,8.1955013246758313,1.7287963415906233,11.694294459316637,9.965498117726014,2.628811683631767,10.775029064205569,8.1462173805738018,4.3230567518988323,9.6581091770040928,5.3350524251052605,114.55504252784158,103.75832330112826,10.796719226713321,103.28890047326422,11.266142054577358,117.62366560362716,62.585199519304297,223.91477018408477,189.05361980488863,133.3883758123298,132.12702421298016,151.66442904017805,150.4116207058338,185.80097533472085,182.63425290164736,223.07399530242066,218.89299155137519,253.65295222573977,246.69644533869891,0.85673766507474625,1.0633040451487545,2.2227914506191837,1.1594874054704292,1.778046158495016,2.8124679354346256,1.0344217769396096,1.2584783929868593,4.2562556796472109,2.9977772866603516,0.66494391905627026,4.8424144398435374,4.1774705207872671,-2.3941109388177324,4.5475267330419058,6.9416376718596382,0.65971732835899388,1.548619305927474,-0.0051049906603850559,1.1749886950504731,-0.17744943021577342,1.3108596962631225,-0.19877663671960022,0.47031794860376408,0.84953312929542335,1.9638677645754967,2.774561529664453,6.7171676907165647,0.26279607164313734,0.25728658063875248,0.35772844425696704
1723,2008,84.075384582746636,42.975196579762553,1,10,22.655530340030669,2.5500030517578125,121.67864295840263,121.64600884914398,0.032634109258651733,121.64459043741226,0.034052520990371704,148.74926283598325,100.35943738393689,325.39238051557913,195.60044245553135,141.71311681736262,144.46327460836909,162.42745526874901,164.4287354292415,196.04507469340703,195.35089388664721,225.40852879547054,225.5871806732502,249.15845854174043,249.24847007751893,1.1023164950666455,3.0817189712426512,0.15572216886960177,-2.9259968023730494,2.5680455557900359,0.55960315374215952,-2.0084424020478764,0.19881695415247691,1.0149218008616856,0.81610484670920869,1.1969399077656533,1.0690305377610798,-0.12790937000457347,0.8270297940907767,0.79566293658731979,-0.031366857503456913,39.109666928648949,43.879968717694283,-4.7703017890453339,44.087372243404388,-4.9777053147554398,40.467161379715066,38.710111241891809,83.338482785969973,205.41044980278002,163.05304697576429,161.21350842057191,181.39943726302579,180.49026592342057,206.53277788823326,203.89871128306962,227.51938376334257,227.84877049221203,246.09620015654528,247.22082766678108,0.63232926092891262,0.6181428157271398,2.0553547877559026,1.4372119720287628,0.95280816185939443,2.1695031235017268,1.2166949616423324,-0.067498200963711952,2.2300759327538628,2.2975741337175748,1.8616848171131437,2.0281440564647824,0.16645923935163864,2.5774565008584318,1.7436008990017058,-0.83385560185672603,82.568975925445557,77.766041368246078,4.8029345571994781,77.557218670845032,5.0117572546005249,108.28210144667537,61.649326076480065,242.05389780038968,191.0296009486286,137.78878820501205,139.69463327833401,153.95369966575089,155.49937139222254,187.50508803460784,187.24647955235912,223.89994943652152,223.61046248803555,252.11360040967509,250.78235203015603,0.412793536381173,2.2898573061366392,0.14525556004142004,-2.1446017460952191,1.9756501089096048,0.13581788322139232,-1.8398322256882125,-0.15154226272102278,0.0098353564667092996,0.16137761918773208,0.097137948879691294,0.3120288448567976,0.21489089597710631,-1.2220579813424877,0.10995064780593111,1.3320086291484188,-0.46998723413773291,0.21953572454773962,-2.4635761555155113,-1.6717144904094994,-1.6152373939306415,-1.0228419470502104,-0.26631515511618886,0.084044061757310828,0.66474490934749042,1.7645468682334524,1.7504267067676551,3.7995144822009195,0.25611688464837884,0.27204949193150452,0.3857147095574251
1726,2008,84.825388013458024,42.975196579762553,1,10,22.655530340030669,5.4285736083984375,108.63751727313502,96.770221067112288,11.867296206022729,96.254252103704857,12.38326516943016,121.64289998012646,106.37605454771983,269.12805773131549,187.60804578472496,132.61850065180721,132.89726938737491,154.46417230448191,154.79132628917628,186.92262880044677,186.79517324662464,217.71914475321242,218.19495932000365,244.11509897435394,244.05348592749061,2.0708406149643395,1.5054687106659514,1.2609393373617479,-0.24452937330420355,2.3488388781889853,2.0216394286788386,-0.32719944951014668,2.6068844236826862,2.750089423421997,0.14320499973931078,3.314578092710434,2.8091906228679022,-0.5053874698425318,2.1173982188700791,2.2077883009240225,0.090390082053943388,37.151852008502829,24.437175943256989,12.71467606524584,23.884363417586428,13.2674885909164,37.151852008502829,43.971996025100452,82.507252957206219,196.10816866455787,163.16849702559747,161.83629451658609,176.19381419675304,176.32448160195761,194.61651135533739,194.97649633878547,213.75116866523877,214.36124946064922,232.74190341153729,234.61177263565139,5.6338954193227835,4.8547655033929402,5.3740531045725675,0.51928760117962725,5.7195732059160207,5.2925765612398266,-0.42699664467619414,5.6377607979071342,5.2193559206008047,-0.41840487730632958,5.781075787493279,5.0306870421688359,-0.75038874532444311,5.9247485041372272,4.5497506805839976,-1.3749978235532296,71.485665376390898,72.333046345463117,-0.84738096907221916,72.369888722950236,-0.8842233465593381,84.491048083382339,62.404058363828881,186.62080476246774,182.91379352153731,127.40577802878445,127.96743096523458,141.12302248563114,144.37087981871508,176.60511152420756,177.19453253918948,223.79882330697336,221.13941575201375,248.03393321289849,247.5694135833763,1.3245177561739183,1.860688235521053,1.0405964477542824,-0.82009178776677061,4.7485031247761071,1.6656886661252202,-3.082814458650887,1.0863818332613846,0.43785741666698641,-0.64852441659439819,-1.4603820541850041,1.15903545007302,2.6194175042580241,0.80687708011598147,1.4263917734659799,0.61951469334999842,3.563054804358444,4.3093776631488652,3.3492967927269888,2.9940772678718872,3.3707343277270354,0.97107008113991355,3.030876374224448,4.5513789646457496,2.466497694782845,7.2414578416782831,3.8073502852671481,5.1178714240212457,0.30657246833616097,0.30541734876899967,0.41336366734089397
1743,2008,115.82552981619543,42.975196579762553,3,10,22.655530340030669,-5.9166717529296875,165.9504040335014,134.93812747724951,31.012276556251891,133.58976954469472,32.360634488806681,185.34720348680821,151.2815557117865,513.05879819393158,200.00504232815211,151.80854708204936,140.02374057220732,172.26757268533058,164.93392740377985,199.61355455082861,198.14158260059259,229.74546933990268,228.69204960829336,250.74145545625245,251.62639233090513,-5.0977435138467229,-12.301420257699107,-0.9082876843635006,11.393132573335606,-9.0438899652864393,-1.6007404778625016,7.4431494874239377,-4.6280286209019152,-2.751394241536957,1.8766343793649582,-3.5639473766084109,-2.4220572477028952,1.1418901289055157,-0.83394763280892903,-1.7787614310681761,-0.94481379825924705,96.571854246376461,68.628825596655588,27.943028649720873,67.413913568194403,29.157940678182058,108.02030009097189,86.918990994276101,210.0231849899792,201.15357563231998,150.10834315087712,148.83956128312261,177.4821879056972,172.4736089319548,201.67691761391742,203.05724083833834,225.07196055551353,229.44397152246529,254.49558919345836,250.10121034885367,-4.5692119741037232,-4.9733735118907703,-4.1593679773517351,0.81400553453903512,-10.130124331058312,-3.4275900643096122,6.7025342667486996,-3.5134339383894257,-4.3939697152878523,-0.88053577689842655,0.86222193409938086,-4.1629213268599301,-5.025143260959311,-8.6961333016157312,-3.1335386887858476,5.5625946128298835,69.378550204357452,66.309300430217263,3.0692497741401894,66.17585577781756,3.2026944265398924,77.326903659090021,64.362564419487171,303.03561352193356,198.42486644407066,152.87423119038269,135.11149597709144,169.19513959945442,157.61692085742482,187.21434052469093,191.06389592127113,234.3851136232812,227.54770944185941,247.52067162604317,252.96236070832265,-5.7837650369931737,-15.840817017068247,-1.0800832972873593,14.760733719780887,-11.69363932200622,0.53613305708626058,12.229772379092481,3.2083416671512737,-0.47172506873317843,-3.6800667358844521,-8.8495969716998388,0.1438289134830768,8.9934258851829156,3.8321506719579475,0.28540713157931918,-3.5467435403786283,0.52853153974299971,1.2145530628894505,7.3280467458083365,10.867443505177476,-1.0862343657718725,1.5635149909479082,1.1145946825124895,-6.7217756055406994,4.4261693107077917,9.7118189057992197,-7.8621856688068021,-12.528283973573679,0.40935500127724606,0.58279972969033789,0.57455114462115597
1745,2008,116.32553210333634,42.975196579762553,3,10,22.655530340030669,-8.6666717529296875,158.33049718378606,130.20089707947409,28.129600104311976,128.97787115729443,29.352626026491635,185.21545261875872,141.48385506035265,518.5113438591361,199.751670759456,152.14577295270118,144.31633003089578,171.58861322483219,168.04450760204111,199.27575103119929,200.02065131281026,229.03692660031433,229.17643476554835,250.72556538388127,250.61437252736812,-3.9178813904003107,-8.7099925450204125,-1.0202119445245899,7.6897806004958227,-6.5705655294481744,-2.6011644199855368,3.9694011094626376,-3.605556917983165,-4.0729447793665088,-0.46738786138334376,-3.2698417992913846,-3.4607184514416645,-0.19087665215027982,-1.954088180350567,-2.0643344500493583,-0.11024626969879137,90.272369147944119,61.786631061726439,28.48573808621768,60.548120950730663,29.724248197213456,105.74821480961418,75.215034721684788,198.91394534049323,201.02625322198253,151.69694873906417,154.05891239729044,176.91308071655789,176.55572300775603,201.37535199647027,205.08499195655904,221.23915285456289,229.75727831165679,254.53507772183059,248.57133840028561,-4.501358849909451,-2.9743269506863044,-5.3954751731656359,-2.4211482224793315,-7.4990029135310579,-5.2325231196570314,2.2664797938740264,-4.0731023982600902,-6.5553394052944896,-2.4822370070343993,1.7250262985696736,-6.1676211903169929,-7.8926474888866665,-11.708103176922094,-4.326950098230526,7.3811530786915682,68.05812782722569,68.414265411767701,-0.35613758454201161,68.429750603929278,-0.3716227767035889,79.467237540923634,66.268820800603862,319.59739876165986,198.16899752994479,152.34249427612897,139.26061509631296,168.77032386061194,161.25237308345731,187.88757540868585,194.04099264253153,235.11324699694362,228.45036499450424,247.69273448983077,252.17105586079998,-3.8016078696866771,-12.294724517576469,-0.8557289040340379,11.438995613542431,-7.3513664150589477,0.3878066383142027,7.7391730533731504,4.7863572999131918,-1.4380206626086647,-6.2243779625218565,-8.6240351956298014,-0.35671888151702547,8.2673163141127759,3.7501712868538561,-0.29637718285692927,-4.0465484697107854,-0.58347745950914032,-0.69975098022277393,5.7356655943341082,9.3203975668901649,-0.92843738408288345,-0.14763649847211013,-0.46754548027692522,-8.859459698173282,4.9948680978610582,10.349061494199475,-9.7540149965715273,-15.45827446377595,0.38362505988785495,0.57094704202290703,0.53161567225886208
1750,2008,117.57553782118866,42.975196579762553,3,10,22.655530340030669,-7.84210205078125,137.26403227361516,134.16618463755003,3.0978476360651257,134.03149765636408,3.2325346172510763,169.16394243995092,147.21772823436731,498.85115494579077,195.43916424494657,141.80474202987568,137.67858343028286,164.82348195573257,161.89824822186682,194.8236521442681,195.86008469389552,227.68300117585306,227.80342747123461,250.28788746261034,251.67039043805065,-2.77838077162491,-4.8106856973838035,-1.3067792424680817,3.5039064549157217,-5.2643874471259267,-2.4290869645803355,2.8353004825455912,-2.5648065615213795,-3.5216512364168295,-0.95684467489545,-3.4253008916491297,-3.5003038533736515,-0.075002961724521811,-0.66730903228142324,-2.0339244010462494,-1.3666153687648261,82.245922121539479,84.453730399261985,-2.2078082777225063,84.549721893288734,-2.3037997717492544,92.829184356465703,96.75195497194909,197.89263361226767,200.31172210351934,147.54530401981796,151.44598531784627,173.03286845818113,172.98211928044151,201.06903908771019,201.14623923903886,226.74010756962525,227.68270784106346,254.86781109258536,248.14192717363744,-5.990526744041432,-2.0748991491232687,-6.5573483521879155,-4.4824492030646468,-6.7069102049262312,-6.4996678685680251,0.2072423363582061,-6.6084457686890801,-6.4775301378378174,0.13091563085126268,-4.9025955873620148,-6.144665473437442,-1.2420698860754271,-12.779784509461763,-4.9793478463841723,7.8004366630775905,55.018110211680323,49.712456092306638,5.3056541193736848,49.481775239182753,5.5363349724975706,76.33475805368289,50.465773247517063,300.95852126181126,188.15413901693108,125.52134396520842,128.27621207680104,157.16844446192476,146.02367562104979,180.63945909447554,185.61511720657199,229.41454087293897,228.06042480833912,247.0937007521969,255.87733345637722,2.6628454652767743,6.0081598389820954,0.99141954483090444,-5.0167402941511909,-5.1136133869598268,2.8812989361859707,7.9949123231457975,7.1697019896819825,1.6482583047147159,-5.5214436849672666,0.057019611026163375,1.9737354059223833,1.9167157948962199,8.6288096968849572,0.1751516337929786,-8.4536580630919786,-3.212145972416522,-8.6533722093182064,2.7357865482605348,-8.0830589881053641,-1.4425227578003046,-1.5932968179664044,-4.0436392071677005,-13.778147758371063,-1.4772946957128852,-4.9596151983881782,-12.11247547718034,-21.40859420634672,0.3966967534309353,0.54875278394163585,0.65720315163349186
1751,2008,117.82553896475912,42.975196579762553,3,10,22.655530340030669,-6.619049072265625,148.34973754118982,135.89901690830447,12.45072063288535,135.35768044079668,12.99205710039314,178.09749235086565,139.09568365247469,518.58273907750845,196.81683545070774,146.93697191363086,141.87442555380258,167.89664568897334,165.83859310056684,195.47631291210539,197.66259903735266,226.71724487926676,228.37651577623711,248.96977326989904,251.69872698324824,-1.5713220250491702,-5.4355025170171416,-1.022632777975474,4.4128697390416676,-3.9990811257893597,-1.815732543849947,2.1833485819394127,-0.80762092515885797,-2.9905281083549653,-2.1829071831961073,-1.1878225117578438,-2.8020228595159438,-1.6142003477581,0.9984055578302673,-1.600076312079409,-2.5984818699096763,78.856550929755031,79.580318681915742,-0.7237677521607111,79.611786428467894,-0.75523549871286377,91.199394826042408,83.369836709040101,189.14981896802783,201.84983354905359,150.35706675953782,152.95279109417683,173.89795238940241,176.21535953062431,202.04938494596055,202.9360080091119,227.07351486297944,228.27757739894747,254.44800820576185,247.95514530614037,-4.5475288315371358,-1.5297303196410041,-4.1300202694946222,-2.6002899498536181,-3.0309687499564859,-4.9497413242105495,-1.9187725742540636,-4.4852411395647778,-5.2289015271010442,-0.7436603875362664,-3.5356457816359352,-5.0783818895466482,-1.5427361079107129,-11.470537397277525,-4.1969496787333185,7.2735877185442064,69.49318680514989,56.318697531002726,13.174489274147163,55.745893654700922,13.747293150448968,86.898097793044144,55.725846988138073,329.43292068690062,190.65653314291615,135.82281450725091,134.96378465154135,159.22389908986463,153.79466748988168,184.35114236500269,187.87701287268595,226.35284643904586,228.57306182693276,244.92200262775606,255.96906135613872,2.5449097107824912,1.8916415289180293,-0.51212670107020131,-2.4037682299882306,-3.1445533443621798,1.2376657245989691,4.3822190689611489,5.5973190928391432,0.72322249946242323,-4.87409659337672,3.6001693540759447,1.4839886925629173,-2.1161806615130274,9.6382910781715339,-0.14698788595120504,-9.7852789641227389,-2.9762068064879657,-7.092438542319627,3.9057721973761375,-3.4213718485590334,0.96811237583287379,0.11358459440569391,-3.6776202144059198,-10.082560232403921,-2.3478232698780914,-7.13581513571188,-12.468942955107792,-21.108828475449059,0.36474376163098077,0.51207568182022822,0.59937040833945998
1752,2008,118.07554010832959,42.975196579762553,3,10,22.655530340030669,-8.619049072265625,139.90032848106421,136.39974376623286,3.5005847148313478,136.24754464158104,3.6527838394831633,173.53486375455395,125.3933713429833,508.83742614835501,196.9936800661273,146.7383472100544,142.03569347929999,166.89069928534488,166.96759973719739,195.59858064820614,199.26256097008465,228.57188529699124,230.48538664443109,249.53323483981578,254.12177581420394,-0.61251176764622528,-4.8777440353784698,-0.9159182162515549,3.9618258191269149,-2.4436189342793568,-2.2322026570945752,0.21141627718478162,0.023925707067320445,-3.5163141610482569,-3.5402398681155773,-1.0799286287658276,-2.8756638839773245,-1.7957352552114969,2.455183727993159,-1.7948198294588451,-4.2500035574520041,68.288999408057862,64.919459354721766,3.3695400533360953,64.772956635657465,3.5160427724003966,77.226738003920218,56.699186984787957,148.05363285366911,201.63580715684361,153.79066515242869,154.59115163028468,175.1678834389804,177.59444541086003,201.91029778059493,204.65709756761029,220.83838611040591,229.78901354808153,255.07834759848618,250.3706348399368,-4.3533386330749408,-4.3899049992854202,-5.4289243880917297,-1.0390193888063095,-5.2075151598325817,-6.2784294269671932,-1.0709142671346115,-4.4932838553002341,-6.8327009657066071,-2.339417110406373,2.9825045631032197,-6.3350361466362699,-9.3175407097394896,-11.628143950475845,-4.7157374804191363,6.9124064700567089,71.61132923761761,71.480287212929397,0.13104202468821313,71.474588919862072,0.13674031775553885,96.308126016759161,68.694184306041279,360.78379338234663,193.22584690621287,136.57313769430112,136.6646382799143,159.37534218040483,158.09166840347274,186.29884539941733,192.94720386137675,233.12962495902249,231.27258844468872,248.21799308766444,256.61577079638926,2.2557258189782488,3.227805058117184,-0.17244609092622909,-3.4002511490434131,-0.5477250025767546,2.0257505842915577,2.5734755868683123,7.2813372469570936,0.06285339871547535,-7.2184838482416183,-1.8058551579406128,0.50131509770736216,2.307170255647975,6.3825974176159264,-0.61314529403819051,-6.9957427116541169,-3.7408268654287156,-6.6090644520531896,0.48783903609304957,-7.6177100574026042,-2.7638962255532249,-4.6597901572558271,-4.5172095623675546,-11.774621102257328,4.0624331918690473,4.7883597210438325,-14.083327678469004,-18.010741368091772,0.2909645109526654,0.44502145755073735,0.45217052845402023
1753,2008,118.32554125190005,42.975196579762553,3,10,22.655530340030669,-5.3913116455078125,157.2504976016935,152.2282029458147,5.0222946558787953,152.00984054457513,5.2406570571183693,183.75400604880087,124.43500841237255,546.8020019903779,200.02892504090494,150.68308937956058,145.24967257135856,170.62700534516199,169.26417602640285,199.16648255349207,201.67061283564445,230.07047919663918,232.69220547748282,250.61530442913761,255.89073977030981,-0.40622144994327414,-5.6510731103635976,-0.47796651050600758,5.17310659985759,-2.8596669555306846,-1.5508600903397962,1.3088068651908884,0.16911692284989499,-2.2370833586566619,-2.4062002815065568,0.7674573900116286,-1.8889467736014467,-2.6564041636130753,4.173733488226361,-1.1682459371327525,-5.3419794253591135,66.119324738465366,67.462233294019825,-1.3429085555544589,67.520620099530788,-1.4012953610654222,74.666065157398634,51.472531921695918,138.41369408252649,205.52866471049376,151.86019693716273,152.97050975242254,179.75458762149717,177.67930703824862,205.45460934479061,208.02175161621707,229.13780322391611,233.47853403638877,257.44892389342226,253.89178163225702,-3.542074190383687,-1.3847349475140049,-2.7733136210963778,-1.3885786735823729,-6.6641643717420607,-3.6112920631364318,3.0528723086056289,-2.1802623077977898,-3.9517937619795589,-1.771531454181769,1.0380465340273872,-3.6404624292400172,-4.6785089632674044,-8.7809996412997577,-3.0063139811513508,5.7746856601484069,91.131173377318191,84.765969234562363,6.3652041427558288,84.489220533156185,6.6419528441620059,109.08794137565928,72.962475939333672,408.38830780982971,196.21828015196925,148.384163157372,140.51624704251751,161.74608393009811,163.50678559017558,189.73960741876851,195.38927648497489,230.64057410157056,231.82438802799282,248.27386662205149,257.48069852772682,1.2513958938397991,-5.2655017513519624,0.21906313987341264,5.484564891225375,1.6125226378091213,-0.11538405983966982,-1.7279066976487911,4.4794093806427782,-0.50044536385891547,-4.9798547445016936,1.0523529070937059,-0.0082087948596551996,-1.0605617019533611,8.0560097303150826,0.59292706843240239,-7.4630826618826802,-3.1358527404404128,-4.7934700842234861,4.2663381628495927,3.8807668038379575,-3.804497416211376,-8.276687009551182,-2.3493792306476848,-6.659671688440568,0.27058914401575862,-0.014306373066318656,-12.954733129526119,-16.83700937161484,0.25313311505571656,0.40633707402041092,0.41364992519724064
1754,2008,118.57554239547051,42.975196579762553,3,10,22.655530340030669,-2,177.11305915902631,160.62065193297531,16.492407226051,159.90358808944438,17.209471069581923,202.10237186740414,110.03031129387091,530.91203687340021,202.4865559519707,153.92428185430995,150.80493105543533,173.7359307994553,173.67880418318086,202.18385127003731,204.30342806317432,231.7237892903772,234.40541678740934,252.75432619061164,256.96497201896358,1.0569842474428128,-3.0341243188025544,-0.25378676859639882,2.7803375502061556,-0.61011522925372219,-0.6849287687912522,-0.074813539537530005,1.2348222247770479,-0.9358500199760158,-2.1706722447530638,1.7406825798167915,-0.97600381185688434,-2.7166863916736759,3.7112319375518439,-0.56382698750508098,-4.2750589250569249,77.459044324481511,68.855270859390657,8.6037734650908533,68.481193083924154,8.9778512405573565,89.467714222395443,60.9182402141887,169.64593290965422,209.39088241468832,162.07211800618123,157.26818951056313,183.29612716698531,182.38850223049192,207.26634361902978,210.86801366191008,238.42416279620443,236.45008171267961,260.92577641854956,255.64326009120413,-1.9266078716042045,-4.7537352495128857,-1.001647913227572,3.7520873362853138,-2.2465811499735651,-1.141820567474582,1.104760582498983,2.0175406772076201,-1.417906658632802,-3.4354473358404221,-3.1118539781845129,-1.3188082360274223,1.7930457421570907,-9.0496530172656833,-0.91030812782301496,8.1393448894426683,99.654014054096479,91.765378829337351,7.8886352247591276,91.422394057028214,8.2316199970682646,112.63465693906619,49.11207132927666,361.26610321551561,196.06717589402385,152.84952145984971,147.65327543710268,162.49376319073326,168.49994776775858,189.90343657924515,198.75251938079228,226.82085359893253,232.33099404502477,244.91560526555165,258.19609088652095,4.1572658093479049,-3.8324590426855423,-0.095721592106315256,3.736737450579227,4.7520804200757141,-0.35275567248072548,-5.1048360925564396,7.4214607148437608,-0.78318285507452856,-8.2046435699182894,4.7409623125503515,-0.53316261493358752,-5.274124927483939,11.095710954538077,0.2213603238621431,-10.874350630675934,-2.9835921190470174,-6.0838736809521095,-1.7196109307103313,-0.92127620682734346,-1.6364659207198429,-6.9986615700492791,0.78271845243057214,-5.4039200376361407,-4.8525365580013045,-7.8528162907348644,-12.760884954817527,-20.145363971803761,0.31953679918187183,0.44268512732296705,0.55364962161642151
1755,2008,118.82554353904098,42.975196579762553,3,10,22.655530340030669,-0.9130401611328125,169.84372131647979,151.976931554771,17.866789761708787,151.20011542594875,18.643605890531035,205.54117984055483,105.61502000876862,562.50272905826569,204.54862784944618,157.68495469568074,158.35674777231725,176.11432041568713,178.85588090386145,202.8099944610768,206.72091534770274,233.15232134321673,235.66025551603877,254.151193891741,257.21096060796856,2.573244268197783,1.0496267902611578,-0.090179430630229263,-1.1398062208913871,2.4460319357877154,-0.36407222217391677,-2.8101041579616322,3.3854532447974179,-0.43923476713092668,-3.8246880119283446,2.2850261756314012,-0.38941273218276251,-2.6744389078141637,2.8175266028572423,-0.19149265270681326,-3.0090192555640556,73.820242373862129,60.583987363781489,13.23625501008064,60.008498099727149,13.811744274134981,83.085811444625506,58.209794613281701,170.41398852039129,214.69634498755929,167.10028003483083,166.31513343005923,191.43658111178107,189.82223728822706,211.55512352164865,215.65234436822703,242.31006916062159,239.67711580656305,263.46840087875523,257.26363596089863,-1.3607565131637784,-0.62981899548199749,-0.0075079545749190402,0.62231104090707845,-2.1809067061120686,-0.4920105761391369,1.6888961299729317,4.6423835640262894,-0.61935196113844881,-5.2617355251647382,-3.3421902266124732,-0.6013451963789862,2.740845030233487,-8.1085910971952728,-0.59088845728365413,7.5177026399116187,96.023479039475205,91.392943773756997,4.6305352657182084,91.191616771639019,4.8318622678361862,122.45536860454558,47.405225768015953,392.08874113112688,196.10742440730925,155.0924548469369,155.33856876727145,165.11040466343019,172.20207074522966,189.87576047966556,199.23678365960993,224.46207017275054,231.62408225080003,247.23435342969239,257.12934892163395,6.4679499099717077,1.3296230684820216,-0.20242556812613088,-1.5320486366081525,7.272785502887956,-0.34583542923650157,-7.6186209321244576,8.3512118909905269,-0.33370467164425577,-8.6849165626347826,7.167164424674894,-0.20714220837120934,-7.3743066330461033,8.8596301475483585,0.37722646398395909,-8.4824036835643994,-3.9340007813615614,-7.8287064231354861,-1.6794457857431553,-1.9594420639640191,-4.626938641899784,-9.4536922090000246,1.2569303192288714,-3.7088283269642375,-5.6272164022438744,-10.509354651287367,-10.926117700052515,-16.968221244743631,0.30295673197123157,0.404229515025057,0.5511507227707656
1756,2008,119.07554468261144,42.975196579762553,3,10,22.655530340030669,-17.041671752929688,165.78358608484268,142.70597589015961,23.077610194683075,141.7026010453701,24.08098503947258,224.64483128570282,155.17348096397109,630.81391853094101,202.56215831291289,150.80404180081015,146.35730607795506,172.80601249899425,173.76804808544671,203.56476224407146,210.98804688734123,232.86216523664785,240.87430630601665,254.18046716813464,261.65390138992473,-0.71174378660856519,-5.7380743024191645,-1.4203215480342521,4.3177527543849124,-2.6495386969205299,-3.2921847318563948,-0.64264603493586492,-0.83991158079030015,-8.0041249611327885,-7.1642133803424883,0.27157124813783184,-7.7361176892373749,-8.0076889373752067,2.2486611514956678,-5.1460635955754697,-7.3947247470711375,101.83060994092375,81.326212286949158,20.504397653974593,80.434715360403061,21.395894580520689,115.56191083882004,122.94604036577857,255.92707799328491,214.26876802698831,168.92830042233797,175.31348706079561,193.25304864145176,204.20955533540157,215.00607682960941,227.06530264537744,239.11619194412711,248.72117400714203,258.50597989755306,264.1176445116285,-3.5676923489840533,-4.6134465000404816,-10.840300206218586,-6.2268537061781046,-3.737793074697521,-14.114096196724745,-10.376303122027224,-2.3980250650441235,-14.156662822200076,-11.758637757155952,-4.0870365338059003,-13.392673696433263,-9.3056371626273631,-6.5921744548660115,-11.241960612689013,-4.6497861578230015,63.952976405620575,61.379764527082443,2.5732118785381317,61.267885781824589,2.6850906237959862,109.08292095445358,32.227440623028087,374.88684077560902,182.80338415425803,137.87408094697804,137.45190850985563,154.99357835143056,152.84397472444201,175.41412051045148,183.44544759325552,209.8166497663608,220.25473059661954,247.59935109609251,255.20406401556903,7.7384179793684211,-1.1558435623138053,-2.1125616050862277,-0.95671804277242245,-0.27302043066453052,-0.13760569512916732,0.13541473553536321,5.9837083228657661,-2.5768229451126103,-8.5605312679783765,15.516232911584211,6.7527162865187051,-8.7635166250655061,12.499878477321943,6.7937064550857826,-5.70617202223616,-2.8559485623754881,-11.306110328352474,1.1246278023786829,-3.4576029377266764,-1.0882543777769911,-3.4647726440329905,-1.5581134842538233,-8.3817333879098896,-4.3586077819437321,-19.603269445390112,-8.8408356063616793,-19.092052932187954,0.40570930741239164,0.51442051961502133,0.7923134778056875
1758,2008,119.82554811332282,42.975196579762553,3,10,22.655530340030669,3.5,205.39094421688787,203.30859254687675,2.0823516700111213,203.21805292675708,2.1728912901307922,228.78970519129507,172.27680429298925,582.44784647971392,195.72313617540414,129.75762309469829,131.20016104441578,160.19574133164662,159.8573933752505,196.26302971945162,196.71688241344518,230.39501364375579,229.41353643333284,254.13683852358088,256.58084680553139,0.87020240350406652,3.3620136326647696,0.98801799897429987,-2.3739956336904697,0.64315452000150231,1.2759544961480458,0.63279997614654349,2.1649969509045945,1.9595007001387046,-0.20549625076588995,0.7307857668013753,1.9004257395326647,1.1696399727312894,3.5061014669801125,1.0985158095024303,-2.4075856574776822,61.655477292661089,78.375109287262603,-16.719631994601514,79.102048727007059,-17.446571434345969,63.847324183036108,98.361653778341861,179.53911067196168,212.79613689364021,163.7328735726515,154.34855465515787,191.1218650490018,185.96617620104237,216.45317495679831,209.77492873156447,239.69822825461074,231.99100365321013,261.85684207188979,250.78985659425516,-4.02630872980194,-6.7711971896865464,2.1149015078013065,8.8860986974878529,-3.5372922169733556,2.9063052103174982,6.4435974272908538,-4.0494256814400558,3.0792902518301446,7.1287159332702004,-4.9087716700447857,3.0122984464715614,7.9210701165163471,-9.1159846159986557,2.660885905801166,11.776870521799822,143.73546643993905,124.93348108404462,18.801985355894431,124.1160036335059,19.619462806433148,164.94238032839348,73.9151504736692,402.90873520076275,184.12880228182439,124.30086684279367,123.58353887254994,148.78025547538246,144.46571855698454,181.22209541685373,175.48040279620375,217.43002925005825,223.48130186126158,249.52680743080754,262.61281743784082,1.0835421476998874,1.592436249248351,0.67842698081925334,-0.91400926842909769,-2.5496639662648874,0.9359604810783253,3.4856244473432128,-4.8924848018888838,1.1626983059998111,6.0551831078886948,5.0215355693357253,-1.3412642284702372,-6.3627997978059625,11.258008741173171,0.14746528395124869,-11.110543457221922,-4.8965111333060065,-5.1098508775018274,-10.133210822351316,-8.3636334389348974,-4.1804467369748579,-0.98762825070846816,-6.2144226323446503,0.84305912044882803,-5.639557436846161,-9.930307239380511,-12.622086082978768,-20.373993357171827,0.3082492479920515,0.27906554680706563,0.57095123270953696
1759,2008,120.07554925689328,42.975196579762553,3,10,22.655530340030669,12.833328247070312,203.67474770545959,190.38743853569031,13.287309169769287,189.80973327159882,13.865014433860779,211.42342694190665,160.69846585392952,579.79619041830301,200.8459376536845,148.31032442161739,142.12979920609533,172.14440704449879,163.62100471311962,201.28728031063042,193.33615131443386,230.94557350744711,225.46715217131128,252.42350772766574,252.10564878861197,-1.2671759014680504,-3.7250427188535298,2.2769573888962782,6.002000107749808,-4.0399715567079397,4.4392473312946947,8.4792188880026345,-1.9764943840292801,6.109624641642796,8.0861190256720761,-0.20286173478646674,5.3443839336380563,5.547245668424523,2.8935141612747657,3.1439890394290728,0.25047487815430713,83.058218657970428,75.512309014797211,7.5459096431732178,75.184226214885712,7.8739924430847168,84.29827507811774,68.714206300675869,186.82700051623397,204.09586522348974,146.34174949634837,145.97394418827687,172.70173746450467,172.54607513937708,207.53984954432252,198.55671797247169,232.16852844839514,224.69837155220318,257.74611001435323,245.97017656357863,1.0874597285900904,6.0558439840262679,4.67211701270557,-1.3837269713206979,5.9987570411746844,7.421361554533803,1.4226045133591185,-0.4853652407554705,9.2987299128606367,9.7840951536161072,1.2911231389047941,8.9205193751109562,7.629396236206162,-4.919155628397192,7.4813836354445868,12.400539263841779,120.61652940511703,114.87513357400894,5.7413958311080933,114.62550795078278,5.991021454334259,127.12515220899877,91.984259128570557,392.96918997913599,198.5763887862164,148.46101997514435,140.00965620075118,170.57854093524415,157.67950419790418,195.38424627259809,187.21968767175935,230.73309968822539,226.507837435684,249.99559582971966,255.93818794945801,-3.5403242044651222,-5.9724609675722036,-0.11698964206652818,5.8554713255056754,-8.3725409656850047,4.5394459753565854,12.91198694104159,-4.8114114879934391,3.6718989867385972,8.4833104747320363,-2.6891134265536323,1.5046765967635451,4.1937900233171774,4.9130325277619136,1.0981408203690251,-3.8148917073928885,2.3546356300581408,4.6277839330552126,9.7808867028797977,12.028304951598471,10.038728597882624,14.371298006859689,1.4911291432738096,4.3260462472379686,1.4939848736912609,3.9802365654584264,-7.8126697896719577,-9.8321881561591056,0.32222874796994561,0.39871775941499893,0.42759715181808389
1760,2008,120.32555040046375,42.975196579762553,3,10,22.655530340030669,11.304351806640625,199.8632330741093,189.86277842885829,10.000454645251011,189.42797741768663,10.435255656422669,210.76142841203182,160.2812671623542,615.83684250712395,199.55008375404594,145.25318608540749,140.26175151158444,168.91806849970277,162.82829980139036,199.55797470680639,193.16559727805799,231.98617057448141,225.84780398325597,253.63122190386269,253.18380762174027,-0.48569589637398281,-2.2219710114726468,1.3805674868058873,3.602538498278534,-1.5254373039444999,4.6452523396800984,6.1706896436245984,-0.76948250375613725,5.7166978699210347,6.4861803736771719,-1.0179854663275592,5.0918478947744461,6.1098333611020053,2.4733940725803905,3.018244638840855,0.54485056626046457,63.277924218240514,64.20533129379146,-0.92740707555094559,64.245653241549007,-0.9677290233084932,64.425120437461374,70.743884329415778,155.29939058888704,208.49938000694269,151.06237546197528,148.02236507815661,181.39785455706422,174.66775235551481,209.77194949328816,200.90878564868135,235.85012124864679,225.85307733728931,263.11934193276267,247.06368591336098,-1.9622129724065758,3.7081828863297801,4.4513964804768023,0.74321359414702215,-0.73768529027881868,7.6386217923402739,8.3763070826190926,-0.57108665539814751,8.6970076524020214,9.268094307800169,-1.7701263281041406,8.4378223061958693,10.20794863430001,-9.1951425444792108,7.10081901012407,16.295961554603281,136.58530925447485,125.65744890247333,10.927860352001517,125.18232378870744,11.402985465767415,146.33630832102244,89.537382872458693,460.53745268285275,194.42162934398161,136.52737579385149,136.85334715171635,161.04833590402473,156.64132908656219,190.81284505112055,185.88294923255762,229.57320872792801,225.84195570538276,251.62894139307991,256.37988102872157,-0.27592987469114405,2.4364975643889863,0.37201325168879862,-2.0644843127001877,-0.2692057722162815,4.497428746762921,4.7666345189792025,-1.5041694831796519,3.7191509590805367,5.2233204422601887,-2.6158889388729563,1.8792420699261925,4.4951310087991487,4.0253885443119373,1.659104163203267,-2.3662843811086702,-1.476517076032593,-1.6862830977154317,5.9301538978024269,1.2716853219407938,0.78775201366568126,-0.46847951806253718,0.19839584835798973,0.93308282778150442,-0.75214086177658146,0.84576261076881565,-11.668536617059601,-13.220531088791148,0.25217619322132478,0.3056779455466222,0.44137337807391402
1761,2008,120.57555154403421,42.975196579762553,3,10,22.655530340030669,19.949996948242188,208.07996391051711,198.7226000936862,9.3573638168309117,198.31576023434172,9.7642036761753843,197.33530705354497,163.9458702818265,595.01781678199768,198.38172530245345,144.01972143262756,137.15044498744896,168.47211011758981,157.37597662431142,198.42504332193886,185.98289173749617,230.18234519907861,218.62966083139611,252.16920402330516,245.85552453041001,-1.9644810862881741,-2.5687498292429041,3.1317699677608744,5.7005197970037784,-2.249026756331773,8.6376920620927535,10.886718818424526,-2.0415280915603375,10.534924264194075,12.576452355754412,-2.6189455905485204,9.0442038561610048,11.663149446709525,-1.1975157412572344,5.537158132967221,6.7346738742244554,54.04583728961552,70.023504493563451,-15.977667203947931,70.718185577867189,-16.672348288251669,53.816999330147155,64.282766170419563,142.58081204135669,202.25715345638568,145.79210751883633,139.57294477188447,171.72533186444574,163.24437952145061,207.00433491277306,190.70128690692223,227.98583004068905,218.94427864834452,257.74514263855383,242.52750856059447,-0.18200087225963557,1.8866088602051718,6.2442776497822479,4.357668789577076,3.0769040159453596,11.262073628598245,8.185169612652885,-2.5641474479827764,13.231427259574104,15.795574707556881,3.6653696924649637,12.793716718844962,9.1283470263799984,-6.3456332780972389,9.4520127474115725,15.797646025508811,154.03412656129694,128.69909887837821,25.335027682918735,127.59757287429602,26.436553687000924,143.51830743282517,99.66310398567839,452.43700475990772,196.49964413839018,139.68024027000149,135.79263237095779,162.93041568430712,153.73799252501078,193.30418754267393,182.22732436864234,232.17289118401629,218.3522839178234,250.6840235934971,248.10422370116268,-3.6887570045171003,-0.13749130564596612,1.3834675730765298,1.5209588787224959,-1.8549644357756847,8.4907518500171193,10.345716285792804,-2.8765718544909191,8.1290751135290975,11.005646968020017,-7.9748786733862005,5.5897696475738599,13.56464832096006,-1.0051791239980616,2.7721435761909277,3.7773227001889893,1.7824802140285385,3.5067561322574647,4.4553586894480759,2.0241001658511379,5.3259307722771325,4.9318684517210443,-0.52261935642243884,0.31242440650814274,6.2843152830134841,11.640248365851164,-5.1481175368400045,-5.3404541540991772,0.23962444152087531,0.27271855266905909,0.39209750181517899
1762,2008,120.82555268760467,42.975196579762553,3,10,22.655530340030669,10.666671752929688,200.37247131026379,200.83543291296883,-0.46296160270503606,200.85556384048323,-0.48309253021943732,216.60545088117306,149.19173254811176,596.46058977395296,198.85449703020254,142.86605923288036,142.31590280523693,166.29502051033003,163.42946540679324,199.37816779325931,193.4207024409408,231.32926501747218,225.95461258756683,253.32765685773984,252.72677633348582,0.430582311490042,1.1341091505514669,1.2226377899094985,0.088528639358031569,1.8064162139409632,4.5676034777667383,2.7611872638257751,-0.61823070551335491,5.4765213602742051,6.09475206578756,-0.82855289356132289,4.5778648753815787,5.4064177689429016,2.0028263616316053,2.7636183107560441,0.76079194912443882,68.63910658604982,80.129304962887545,-11.490198376837725,80.628878738249114,-11.989772152199293,69.411207317265962,79.602784622986292,171.77458362141624,213.1747999219871,165.03620736771012,148.33889976170715,192.91781767713593,173.17476052185063,215.91963658977522,201.28623485957152,236.52282177614876,227.1082309938337,263.20598728833551,248.66907438732022,-6.5823180973706314,-11.336432524352404,4.0386883054762848,15.375120829828688,-12.66017146700986,6.5185624650696639,19.178733932079524,-6.4210846715891137,7.8743576821891565,14.29544235377827,-1.7608337918294694,7.8162062874914398,9.5770400793209092,-8.7247955903230263,6.6017952909208759,15.326590881243902,131.73336433305849,120.70612816863104,11.02723616442745,120.22668367172264,11.506680661335849,147.19424315164179,69.588948379610883,424.68600627034903,189.01090419544411,134.4671002106478,138.93833592448598,155.32852207397144,157.15283712205317,185.90923493424788,184.80426487279337,225.2585857972384,223.68882834608902,249.89954282733552,255.89026323961102,4.1901632937716045,6.1596277044389467,-0.43563520850182158,-6.5952629129407683,5.9970295703484169,4.328723706699833,-1.6683058636485839,2.3591127971717185,3.230603777770483,0.87149098059876451,-1.0646050642816078,0.43510286891492456,1.4997079331965324,4.8275564108212166,-0.18103533470073785,-5.0085917455219544,-7.0129004088606735,-10.772481391142236,-12.47054167490387,-17.49606022879135,-14.466587680950823,-18.657201037358277,-5.8028539660757588,-8.7801974687608322,-0.93228089826814653,-0.69622872754786158,-10.727621951954632,-13.552352001144243,0.287989829615592,0.32044995652184233,0.53356029361289015
1763,2008,121.07555383117514,42.975196579762553,3,10,22.655530340030669,11.208328247070312,209.84296280709896,210.01713527151514,-0.17417246441618772,210.02471121810231,-0.1817484110033547,221.43611101377064,147.63684831740466,598.69693095237017,198.45215560771885,140.73218024307931,140.21850577443431,165.62534310321277,161.90951748127827,199.35393231494487,192.38407674552829,232.61153754872842,225.43156070476334,253.34045359834101,252.37425177951215,0.24633959692664575,1.4931521303725219,1.4668196177111099,-0.026332512661412011,1.6260006072232329,5.1442251636820799,3.518224556458847,-1.1475656701016419,5.88930932992821,7.0368750000298519,-2.1440152319645733,5.0947705244379335,7.2387857564025069,2.23850338052128,3.3453813438075315,1.1068779632862515,71.741301080845005,88.357091662335733,-16.615790581490728,89.079517433518049,-17.338216352673044,72.930156915665066,67.039637682326429,161.28997568890918,208.02039945701517,151.97378251899832,144.66209059495182,173.25420979080388,168.879179478336,210.34776342231257,198.25990588791385,233.44240899508094,225.95466248634915,264.19841135600382,248.60524149243611,-3.7032371438233156,-2.2882529057376075,4.0189252600044085,6.3071781657420161,3.4232023833341145,6.6956326467514486,3.2724302634173341,-4.1183593956639584,8.1399649219338528,12.258324317597811,0.78304647050279641,8.1050643080177451,7.3220178375149487,-9.4712631617465206,7.0810061817725511,16.552269343519072,138.10166193487021,121.6600457350778,16.441616199792406,120.94519305939502,17.156468875475184,148.50595436260119,80.59721080271629,437.40695543587208,192.60646972491023,134.40448615626531,137.25791735398934,158.18975216874574,157.04715408625808,189.68866942904913,185.85593233167077,232.22388890023834,224.6373839509944,250.08719469348935,255.28607063238698,1.4358995322631927,4.9076046949394652,0.10537551294183345,-4.8022291819976317,2.4723953991583585,4.8534915160260539,2.3810961168676954,0.43199523584101485,3.9661697863854215,3.5341745505444067,-5.7491123735959491,1.6910113286913884,7.4401237022873374,4.9390214881942427,0.46901935793079019,-4.4700021302634525,-3.9495767407499613,-5.1391366760865083,-3.7814050361101295,-7.1958576006770727,1.7972017761108816,0.95080698417575604,-2.9707937255623165,-4.5503546315049732,2.9270617024673697,6.5321588440987455,-11.709766542267801,-14.410284649940763,0.26940170785966622,0.32935078466551326,0.45408472509652753
1764,2008,121.3255549747456,42.975196579762553,3,10,22.655530340030669,8.5416717529296875,215.92634876292504,214.09787036741545,1.8284783955095918,214.01837147259721,1.9079772903278354,228.73771499339819,152.71252174455367,595.30923584103584,197.41208844132802,137.48575672074506,137.49213895294935,161.67200704519558,160.80867575989797,198.45752762278815,192.39147212241306,234.26701900793557,226.49033103652408,253.39987405081106,253.57708691572196,-0.19072249429964927,1.369059201972334,0.79150413554594934,-0.57755506642638466,3.0318271993433257,3.8017455989468658,0.76991839960354014,-1.881755895036946,4.3712780234819206,6.2530339185188666,-3.8894226091180144,3.9290117594551361,7.8184343685731506,2.4954681979745601,2.4424437143259183,-0.053024483648641763,68.103827370683575,86.635597864928059,-18.531770494244483,87.441326235431916,-19.337498864748341,70.707427313216385,57.87748439202187,147.36495744786225,206.19032440487578,150.18912255789874,141.34086710649373,171.00735290851338,166.60359048874835,209.12785945290042,198.03328232539801,230.43751553439978,227.42789753228391,264.66315052919629,250.70218179379196,-3.7105348713987496,-4.6183382965204487,3.5404976608296295,8.1588359573500782,1.5680285303135975,5.2780720724042283,3.7100435420906308,-5.0996300107004231,5.9658761903081086,11.065506201008532,3.3521545175393896,6.1880265903476186,2.8358720728082289,-9.0068372881953849,5.4711292061438144,14.477966494339199,147.82252106255328,127.4622743154614,20.360246747091878,126.57704571400245,21.245475348550826,158.03028740451009,94.835037840544828,447.94427902251482,192.94825512451516,133.19250445804585,134.70605157733644,156.19065287145861,157.5196331258874,189.94892011832437,187.31718486315225,235.64454929241543,225.29878826952262,250.42921425132309,255.86486129970615,0.53889254671520348,2.8995596239440147,-0.29700855433483753,-3.1965681782788522,3.4309049709875978,3.2300444989741379,-0.20086047201345991,-0.090326992758605229,2.6603665188476384,2.7506935116062436,-8.3581366076887491,1.934918954540052,10.293055562228801,5.0885846155084096,-0.027268484656559622,-5.1158531001649692,-3.5198123770991003,-4.2494274181139531,-5.9873974984927827,-7.5178979204644634,-1.4637986690297282,-1.8628764406740004,-3.2178741156634771,-5.0093030179418179,7.2415771266574041,11.710291125228139,-11.502305486169945,-14.095421903703794,0.24754354304560597,0.30912010865920009,0.37899632414449347
1765,2008,121.57555611831606,42.975196579762553,3,10,22.655530340030669,9.2083282470703125,211.7408457645397,207.69739437547105,4.0434513890686503,207.52159547556948,4.2192502889702155,231.95038188899161,152.2418224788089,601.99005939811468,197.45147224518487,139.13891683958468,139.41494292700634,161.65804101397691,161.78649701029539,198.20318100673805,192.99026122909993,233.88056420508104,225.85744303633609,253.51894780587801,252.19486295487727,0.74618637524176279,2.207769249620668,1.4403873355891506,-0.76738191403151745,4.7523069899524728,4.5404001229616995,-0.21190686699077332,-0.35131536566046861,4.9283673821291529,5.2796827477896215,-3.5490687720969731,4.5395567114548498,8.088625483551823,1.335341270331071,2.8112839847924533,1.4759427144613824,62.711348628925407,78.578870406601709,-15.867521777676302,79.268762210176646,-16.55741358125124,63.785467123220769,66.513038230759776,147.82008597641834,211.99720879914159,160.95144004475293,147.49129972473131,190.64143743886802,173.51893077089278,214.69351974666847,201.45974924300234,235.63436295004729,227.2411781376332,264.13382997949304,248.56248336262786,-5.8761719360340976,-8.9320731008573091,3.6297905451367001,12.561863645994009,-10.232133514158505,5.6752810286783131,15.907414542836818,-5.6882811675149014,7.1110385399493055,12.799319707464207,-1.1647632111275072,7.1193102284800034,8.2840734396075106,-9.7544942892727988,6.1678514147282044,15.922345704001003,149.02949692327275,129.11852712791551,19.910969795357232,128.2528330865789,20.776663836693842,168.16491446402233,85.728784248049124,454.16997319459915,189.98658541298963,134.5065963891652,135.34029548893756,152.72601316269021,156.05702440990387,186.2041838998544,184.14689718187009,233.37716155586267,223.89036895766151,250.57759314832887,255.16341697561572,2.4667577974320807,3.108310819541515,0.65499673019914439,-2.4533140893423706,6.2567500924667172,3.6241788097498784,-2.6325712827168388,1.5571940919398628,3.3985909737514817,1.8413968818116189,-8.3526294406134127,1.3919643853435275,9.7445938259569402,4.3483943921101513,0.11537918112955481,-4.2330152109805965,-6.6223583112758604,-8.3429297334661783,-11.139842350477977,-12.040383920398824,-14.984440504110978,-16.488883606625222,-5.3369658018544328,-7.2454752594547642,2.3843055609694659,7.1878662294859055,-11.08983555960387,-14.10288868138295,0.24555237029032126,0.27499617204229332,0.4368907120776091
1766,2008,121.82555726188653,42.975196579762553,3,10,22.655530340030669,9.68182373046875,233.62713230864756,211.88367087345978,21.743461435187783,210.93830595625332,22.688826352394244,247.35105223461142,155.52524100525625,610.74081391096115,194.65568877182039,134.79818269789413,136.47623537836645,158.16352039478002,159.95120889353709,194.63761106445045,191.41585338377448,232.97622591276476,225.38471502823751,253.74993896873244,252.55439829887044,1.9436746395598732,3.0371633422580544,0.83005869446358815,-2.2071046477944662,6.1450334171135239,4.1940219098473506,-1.9510115072661733,1.3433369341695993,4.772871999454253,3.4295350652846537,-3.1612701816357003,4.4013118651411389,7.5625820467768392,1.357407082852518,2.7707112125907827,1.4133041297382647,50.11656798112017,72.718242461363843,-22.601674480243673,73.700922997391899,-23.584355016271729,51.024080411816612,56.986461631331622,122.53402216429822,211.98886792759913,157.11086950480649,145.18132945838525,185.97427514720852,170.26291124641276,215.3033811481599,199.48335161933952,236.40476665674626,227.10989451590618,266.74461058885424,249.18143778470196,-6.9022702536244935,-6.4700567704971661,4.5484590882574309,11.018515858754597,-7.692547668892729,6.4913007579642397,14.183848426856969,-8.0564725609767436,7.6199597529271443,15.676432313903888,-1.6838265428119144,7.4071412545614521,9.0909677973733665,-11.834916893424946,6.3478967896913048,18.182813683116251,183.51056342228185,139.1654310861777,44.345132336104143,137.23738278004748,46.273180642234365,196.32697096695119,98.538779001395596,488.20679073035717,188.30647373958703,128.36357279646521,132.48144332691203,149.49369683745957,154.96307508105218,185.88571083865168,184.53559756094126,232.16763970127448,223.45264659531915,250.80552124355259,254.88534309976967,3.2250148766008522,5.9956891366771004,0.91916903182590204,-5.0765201048511983,7.0782568853953194,2.3223068870283612,-4.7559499983669582,1.9248259696557568,3.1585025949125338,1.233676625256777,-7.1119615257035207,1.8039195893435647,8.9158811150470854,4.0786100796449034,0.25890747588263707,-3.8197026037622663,-8.8459448931843667,-10.127285130225346,-9.5072201127552205,-12.465745907174266,-13.837581086006253,-14.770804554288048,-9.3998094951463429,-9.9812985306325004,1.4774436388237859,5.4281349828916063,-13.192323976277464,-15.91352697306985,0.20063178908845977,0.2062820430754444,0.36641294533924346
1767,2008,122.07555840545699,42.975196579762553,3,10,22.655530340030669,11.166671752929688,222.80637359599496,214.11174068967739,8.6946329063175654,213.73371629348185,9.0726573025131074,233.08754850229161,151.83797623236751,615.73008423671126,200.31018829050839,144.30619119995168,144.40810382566374,163.42465471970476,164.50947816643739,201.02477577721052,194.82706335774662,235.14354378549987,228.01679087461582,255.72273934588353,254.24085555621591,0.9350539235443307,2.2483078684848863,1.4534963144616881,-0.79481155402319814,5.8709702082732349,4.9487378164205893,-0.92223239185264561,-0.79248405787075171,5.5244756478694796,6.3169597057402314,-2.0393890987933219,5.0926003731914591,7.1319894719847809,1.7248511422672266,3.415829224406508,1.6909780821392815,66.029745135248959,90.932021679027457,-24.902276543778498,92.014728240712429,-25.984983105463471,67.373713109434902,83.992537852584064,171.43643260170938,217.71580481048287,166.45719595328407,151.45099894023602,199.97675935717064,174.31690239036928,219.98365894682661,200.92598437907461,241.23915640621129,227.29001709689865,266.31856413838864,250.08608674520187,-9.8870119034309596,-9.7129407480028362,5.0095069505636332,14.722447698566469,-17.889934015858586,7.3427012699144711,25.232635285773057,-10.304488617182386,8.4684757475467904,18.772964364729177,-5.980344817127218,8.1889572218239266,14.169302038951145,-11.099023538202715,6.492691579744104,17.591715117946819,156.77662844584484,123.17972283031486,33.596905615529977,121.71898807760408,35.057640368240754,165.7138353183509,67.845438171167189,444.29365137591958,189.02987009099519,138.40428522714041,140.44165621993983,152.87152092924461,157.75694771727296,183.1517909157196,186.59742894410175,230.2889452623204,228.71154648163346,251.35875506047336,257.64482721603804,6.1071916689654984,3.81978183659092,-0.27366158809743979,-4.0934434246883598,8.0690192736027484,4.1705753238388468,-3.8984439497639016,7.431850087823193,2.7051849076517556,-4.7266651801714374,-1.8687893034369552,0.92048527240999078,2.7892745758469459,6.3473483908344974,1.2511642156658809,-5.0961841751686165,-10.82206582697529,-15.994203572396458,-11.961248616487723,-13.532722584593756,-23.760904224131821,-25.958953289461334,-9.5120045593116345,-17.736338705005579,-3.9409557183338961,-4.1115555136902628,-12.823874680469942,-17.446371929037213,0.2784278972079629,0.28904895839501488,0.55317213741076765
1768,2008,122.32555954902745,42.975196579762553,3,10,22.655530340030669,-3.2173919677734375,175.62715176363417,176.0025992746414,-0.37544751100722351,176.01892511796905,-0.39177335433487315,215.67526200221619,149.88356422910874,581.419224973768,199.61211763239601,143.7716837156795,146.17400054701531,164.51423950411785,170.0739426202793,201.82017775333935,200.44017935302779,232.16617691485877,231.77716062751469,254.31520137689174,255.17471972049242,0.13208351769409887,2.8634797328839738,-0.22645630670896821,-3.0899360395929421,4.0555337083305574,-1.3588499676919241,-5.4143836760224815,-2.9186337642014166,-1.4715386198228089,1.4470951443786078,-1.5110475101573115,-1.3443929387560729,0.16665457140123863,0.36899935136176509,-0.52738456939016487,-0.89638392075192996,80.999839240517758,92.719926887104521,-11.720087646586762,93.229496436828413,-12.229657196310654,86.718261884358071,99.765835773097933,202.35897136083804,213.97559059827239,166.27996814527484,157.74254640323821,195.46572139861064,182.31687405520256,216.55493695609678,209.39321900002457,235.61155625646435,235.26797485739198,260.04441407848748,254.82928311920898,-8.2512634142142645,-10.154858033066006,-1.6438573187135432,8.5110007143524626,-15.144451852027743,-2.226216178030171,12.918235673997572,-10.120307252377188,-2.4407857758614,7.679521476515788,-2.5672367931514373,-2.1751575465527253,0.39207924659871196,-7.2496879637898815,-1.6850552296481567,5.5646327341417248,94.627312798787898,83.282672605222615,11.344640193565283,82.78942736983845,11.837885428949448,128.95700047548598,50.117728366603842,379.06025366485119,184.65434369695228,135.88865701664355,139.00155640873058,148.67252382969193,158.99619597352537,176.05959955433804,186.24522267005443,217.88954893922943,225.00854596470671,252.17103009883073,255.80982291295436,7.6382849459112379,6.57580221034479,0.003250590118625496,-6.5725516202261645,9.702184078220256,0.022703575501168416,-9.6794805027190876,9.4344334331902076,-0.73995093851362981,-10.174384371703837,7.319319723953015,0.68310740151417804,-6.636212322438837,3.5625815805637728,1.3596207117085441,-2.2029608688552287,-8.3833469319083633,-15.889548360125502,-13.01833776594998,-16.730660243410796,-19.1999855603583,-24.846635930247999,-7.2016734881757714,-19.554740685567396,-1.0561892829941257,-9.8865565171044523,-7.6186873151516465,-10.812269544353654,0.34804313766881018,0.40207792529987513,0.66562225342198333
1769,2008,122.57556069259792,42.975196579762553,3,10,22.655530340030669,1.6086883544921875,186.67471097732414,184.80676039321042,1.8679505841137143,184.72554391078302,1.949167066541122,219.51938096778758,142.81783086040741,568.84414746984839,198.57731031971807,141.13150125304793,144.4493657896239,162.59057542292058,167.56631958161924,199.92539890161663,198.04281989305844,232.87108543847961,230.41618313136357,255.26548250876266,255.35533255296366,1.1753336900709428,3.8747168152013671,0.099809311488797903,-3.7749075037125692,5.5283507858283656,0.68015298744811048,-4.8481977983802551,-1.1055660643438898,0.78405354243483316,1.889619606778723,-1.5718921482747703,0.74373741158237294,2.3156295598571432,0.44379441404427666,0.46099975738431453,0.017205343340037871,70.923232059230941,83.822333237980274,-12.899101178749333,84.383163511171006,-13.459931451940065,74.948197490686198,79.962593685460888,171.37832635871746,212.84023560572314,164.38572554441748,153.98035280649913,192.83253717693535,179.5698815305521,215.7967085181543,206.73706129128036,235.94013683490166,233.02743794054459,263.12120983835757,253.5212213553516,-6.4473725998341251,-9.3387731258095812,0.54270201882926017,9.8814751446388414,-12.200459371656137,0.94107603891083613,13.141535410566973,-8.1896164378673291,1.2094015248478058,9.3990179627151349,-2.0712946469002986,1.1646507874091583,3.2359454343094569,-9.2761357596355936,0.85817649573144195,10.134312255367036,115.7514786498723,100.98442616398097,14.767052485891327,100.34238011195521,15.409098537917089,144.57118301840455,62.855237558651424,397.46582116559148,187.92543195529154,134.87560137099908,138.74273765210862,150.68084251560109,159.9593221005093,181.2341182675269,186.56628280394551,230.84234751764853,226.55169525328563,252.72047748112684,257.48370622565284,5.5406242565007631,6.9088573381224023,0.18003017424669565,-6.7288271638757067,8.7390205301948072,0.31394840651825007,-8.4250721236765571,5.0292487334210136,0.54213112006900133,-4.4871176133520123,-4.069455953396556,0.32839056392521115,4.3978465173217671,4.1351359963062748,0.31219798626426609,-3.8229380100420087,-7.6227062899050679,-11.987996856334888,-13.213489941010948,-16.247630463931984,-17.728810157484503,-20.939479901850945,-7.0840503735234392,-13.218865171288343,-0.49940249862552832,1.9981613064962573,-9.7199301736798702,-13.411271755941868,0.30127465865824238,0.34141950091269685,0.55989222916862313
1770,2008,122.82556183616838,42.975196579762553,3,10,22.655530340030669,-0.86956787109375,204.26499307683844,198.17298988089897,6.0920031959394692,197.90811745688552,6.3568756199529162,241.62793485030488,157.06423515057031,608.26770113036036,196.65441396311769,137.12200303408267,139.14424236036723,160.52913967135314,165.38414918657028,198.46559433643262,197.84476138465791,231.57532242997246,231.03037740302241,256.06493297767912,255.61347136464119,0.94467801238855031,2.5107692470579082,-0.090685307189431796,-2.60145455424734,4.5017562734172429,-0.28792742197393295,-4.7896836953911759,-1.1178212847738109,-0.40214983075640021,0.71567145401741072,-0.86108196764297418,-0.40599629103761004,0.45508567660536414,-0.80636713119807268,-0.23636492126280473,0.57000220993526796,81.513203883532697,102.97934430654277,-21.466140423010074,103.91265485498297,-22.399450971450278,84.872083287134956,111.33847970534589,214.48144058743492,216.72713622981198,166.52457430100665,156.3311472632596,196.41687134720303,182.59077321950758,219.30052010471431,208.86983831617817,241.42816749858198,234.94662736212817,264.60711708189626,254.19255554296348,-9.9945508733301835,-10.32101130017594,-0.48657964693796885,9.8344316532379707,-14.549098424718949,-0.61680984838949371,13.932288576329455,-10.902841243011267,-0.68966413781495817,10.213177105196309,-7.3547645724818267,-0.63396025868587458,6.7208043137959521,-11.501911717965982,-0.46206598070747873,11.039845737258503,122.75178970771958,95.193643337886897,27.558146369832684,93.995462884377048,28.756326823342533,156.75585181285533,45.725755586461673,393.78626076877117,177.20336267986096,126.90131829475362,131.88124098356099,143.69837071142928,149.27591165050424,169.10888162071927,178.03498543508704,202.43936422133513,221.624402997234,247.31141951510978,258.42527135392527,9.6819541898616137,5.8899320887309727,-0.073659181094598125,-5.9635912698255709,7.0079052709897098,-0.083421060605587627,-7.0913263315952975,8.7624229058331764,-0.19059559158745287,-8.9530184974206293,19.646009162313618,0.21892026477880222,-19.427088897534816,9.9143841296495339,0.064825911914169865,-9.849558217735364,-10.939228885718734,-19.676505063191797,-12.831780547233848,-16.210943388906912,-19.050854698136192,-21.557003695708659,-9.7850199582374557,-19.665264148844443,-6.4936826048388525,-27.000773734795445,-10.695544586767909,-21.416295847615515,0.3526102737147776,0.35125112226661842,0.70887226234929146
1785,2008,127.32558242043672,42.975196579762553,4,4,22.655530340030669,4.4499969482421875,139.51443900259255,141.07671729896174,-1.5622782963691861,141.14464154510279,-1.6302025425102329,153.03054753081778,255.30247795813375,541.48609874770045,193.97676794733178,134.28920407981082,129.30545271503004,161.52597000950587,153.69684113389283,194.25859743513396,187.64730608492306,227.60079906779239,222.534703081141,252.36170617097926,249.25898200794848,-3.3081459409542902,-3.9486658887223882,0.96242523717057793,4.9110911258929661,-5.6540823496908956,2.111082538685281,7.7651648883761766,-4.1399575030332869,2.5156608977796111,6.655618400812898,-2.5937982618383444,2.4180470518293475,5.0118453136676919,-1.2770489455611482,1.8374185277822619,3.1144674733434101,83.037715980815847,92.301692348326469,-9.2639763675106224,92.704474479342025,-9.6667584985261783,87.410737283448725,195.89456558767961,292.17813269514591,201.12530928585664,151.42372476346929,137.61406226591816,169.62636705067979,159.3118006031672,202.90912923274738,189.92616212047929,230.18662054379979,222.14666680301946,251.96129009956351,246.11536271959753,-6.7351812964783164,-10.459604071805046,3.4038256462164895,13.863429718021536,-7.160562956587313,3.640543822981698,10.801106779569011,-9.3154349774804928,3.7264969724033676,13.04193194988386,-4.4922907262433398,3.6338421439715489,8.1261328702148887,-2.5806473206606029,3.5289130078879509,6.1095603285485538,56.476722995699674,48.775023648274328,7.7016993474253468,48.440167235633453,8.0365557600662214,65.619810314424285,59.407912325750658,249.30796578153968,177.77860295630376,120.56213842101533,118.02893024370111,136.65902075993446,139.74653028962069,173.23827564383998,180.74599687286215,213.10300568535294,223.53254521901334,254.28216549608234,256.81466529732876,5.4893150926635883,-0.64967689330755718,0.51139306809410812,1.1610699614016653,1.9522481522469377,-1.7834935672009067,-3.7357417194478444,7.5304421114899753,-0.46845238274269718,-7.9988944942326725,10.221371469774397,-0.48898262079507049,-10.710354090569467,0.052931560979004644,-2.2162650568352262,-2.2691966178142309,-3.4270353555240263,-12.224496389141905,-6.5109381830826578,-9.8099271784974889,-1.5064806068964174,-9.1128111088342507,-5.1754774744472059,-16.845877088970468,-1.8984924644049954,-14.713662196017737,-1.3035983750994546,-2.6335788816396075,0.53958565763898425,0.57119796467986672,0.76730381606324927
1786,2008,127.57558356400716,42.975196579762553,4,4,22.655530340030669,4,114.91729266496259,125.6477248784613,-10.730432213498716,126.11426646152177,-11.196973796559178,134.56347365232068,261.09507837298588,537.03859410434961,193.85313216962027,134.88599623106919,130.40971536159049,161.73309306385136,154.02090876924149,194.07615043083032,187.76067546183614,227.62133130062722,222.53912536683202,251.32225847206124,247.82635178691294,-3.5651356764943785,-3.3806707095095874,0.92174890888651362,4.302419618396101,-5.7475896029559124,1.7655741697034841,7.5131637726593965,-4.3018508028972064,2.0413247073623211,6.3431755102595275,-3.2831497769721523,1.8760133363900025,5.1591631133621547,-1.9687102153498302,1.5487252159963703,3.5174354313462004,72.783353422466462,85.549314187064738,-12.765960764598276,86.104355269901134,-13.321001847434673,75.798141282681172,195.42774190600539,295.68542562873336,200.90244102220493,151.55353670594897,136.17719962350009,169.40288347805941,157.49675881277611,202.55486380516189,189.51342213449132,230.43726853051237,223.57101824730034,251.79124317936135,247.32629685834047,-7.3836780951995706,-12.057816345454199,2.890061285108942,14.947877630563141,-9.0770350187083864,3.0770186982414316,12.154053716949818,-10.114990905938157,3.0251744180085893,13.140165323946746,-4.8796583675122065,2.6702982659033694,7.5499566334155759,-2.0140322178012013,2.4291529799974683,4.4431851977986696,42.133939466013544,40.098411580283027,2.0355278857305166,40.009910004710946,2.1240294613025981,58.765332779421442,65.667336317968875,241.35316875576973,178.48775376349263,120.92392365219177,120.78558775673311,138.19403419356718,144.85493089311464,176.34374524526916,182.97690695198071,213.2329657221583,220.44422304263693,248.17589276191819,248.92676114146201,5.4507304825397114,1.1644995789918795,-0.01831920611436999,-1.1828187851062495,5.2608633886495966,-1.5048535313791831,-6.7657169200287797,6.8267762989836456,0.00011345449999566881,-6.8266628444836499,7.1891325948552662,-0.0069281146004129823,-7.1960607094556792,-0.086932095993034864,-0.54104506790500295,-0.45411297191196809,-3.8185424187051922,-12.834408577739282,-8.677145635944612,-13.222315924446079,-3.329445415752474,-14.337898407357983,-5.8131401030409506,-16.941767204921803,-1.5965085905400542,-12.068790962367473,-0.045322002451371191,-1.9271001218081665,0.55058505827102622,0.56328912464407055,0.74849263005573863
1787,2008,127.82558470757763,42.975196579762553,4,4,22.655530340030669,0.9523773193359375,121.3489390568684,127.88136293225398,-6.5324238753855752,128.16537975932806,-6.8164407024596585,147.51078591545775,249.53418972780128,541.36083750426769,195.45571979746478,136.54915836011315,132.3323070560615,162.65644968342693,156.66946402597381,195.88322589718146,190.39853214784682,229.37245221232305,225.03109373635488,252.95569641787267,250.21517740234162,-4.0286791671579465,-3.8993861687966955,0.19890637601301364,4.0982925448097092,-5.6011126346594722,0.37730649429275331,5.9784191289522255,-4.9404216733800297,0.47914670870471809,5.4195683820847478,-3.9909490175793678,0.40295267681941027,4.3939016943987781,-2.3867488798476586,0.34435494626526975,2.7311038261129283,79.198297104241647,82.992262184876381,-3.7939650806347345,83.157217958705587,-3.9589208544639405,82.991429371341837,178.12474094782374,283.38358429679647,202.19581760720538,154.58440512199775,140.12865628164678,171.64663885369993,162.1143037217696,205.28027516429071,193.37489721051662,230.7737241665356,226.39674787565937,252.09681516162723,249.7324652433706,-7.3694367318649654,-13.460779475809545,0.68511912737014313,14.145898603179688,-9.2799108749123036,0.73530194066054833,10.015212815572852,-11.050652047288025,0.71012642567785633,11.760778472965882,-4.2095381911222205,0.6770214335399487,4.8865596246621692,-1.9292589809058711,0.60377048847195169,2.5330294693778228,42.150642027132562,44.889098065171311,-2.7384560380387484,45.008161860227119,-2.8575198330945568,64.519356722929842,71.40944880977986,257.97725350037217,182.50814378245039,120.91659703100342,122.94144185966783,141.19828518334555,145.29721831035499,182.18555676682163,183.59483320287578,223.48505696573568,222.56483264268843,254.61197313559268,251.15844254784355,3.1691717305754992,3.3966885794219195,0.0095261286019763247,-3.3871624508199432,4.4749360930499904,-0.20096931894775594,-4.6759054119977463,1.7607663301922116,0.052888821760035398,-1.7078775084321762,-0.96519193215124233,-0.020196448679968171,0.94499548347127416,-4.1318967502449766,-0.041921811523565111,4.0899749387214115,-3.3407575647070189,-10.538608462440465,-9.5613933070128496,-16.857468055231465,-3.6787982402528314,-13.754846967962294,-6.1102303739079957,-12.811418377480237,-0.21858917354285268,-3.2443462589709782,0.45748989894178749,2.2026377693391055,0.52346524658714799,0.56261261748619773,0.71382899931318866
1788,2008,128.07558585114811,42.975196579762553,4,4,22.655530340030669,3.8260879516601562,108.23117101307434,120.15743393151934,-11.926262918444991,120.67596795494319,-12.444796941868844,128.48708492448031,261.97937023493068,523.05383592098951,195.23878095705149,137.42013610133793,131.1827854902433,164.0450037660388,155.06105147035643,195.44662870665655,187.91197029921162,228.5199677230647,222.48032385228592,252.46201428558538,248.13699277055986,-4.5946931325556193,-5.2946510584191344,0.82347097814729864,6.1181220365664331,-7.2157157070795961,1.7519686310022564,8.9676843380818525,-5.4051644989843624,2.0571340026361611,7.4622985016205234,-4.2329488536461781,1.8742086691487998,6.1071575227949779,-2.8254390060936885,1.5000409921716766,4.3254799982653651,70.964132884117134,78.635574276122497,-7.671441392005363,78.96911525951873,-8.0049823754015961,74.179537087975859,202.17975054276576,297.278486573603,201.3905867086045,154.1861104405487,138.46328593073301,171.43502184003231,159.9359085943465,202.15015148094622,190.14235929162547,230.57313210356378,222.9839791745234,252.7466760823331,246.82878129721462,-7.2371733137806586,-12.64302164621256,2.7962476368886655,15.439269283101225,-8.9338580550777351,2.9517654020627049,11.88562345714044,-8.6574696396671129,2.9412142785622848,11.598683918229398,-5.4198021343269147,2.5832569982549956,8.0030591325819103,-3.5641320262477052,2.5143631315547736,6.0784951578024788,37.267038270518242,41.521860121867576,-4.2548218513493339,41.706852008674105,-4.4398137381558627,54.307547894246454,59.799619602757957,225.77534931153059,180.33955338365243,119.70898007853951,120.37357376557043,139.39931289319023,142.9592819767189,181.55157226885788,181.59213931926996,214.32274433123715,221.56046504363144,250.38620750711451,250.98652207891092,3.4124907078166586,2.5853684915153679,0.57868875068304249,-2.0066797408323254,2.5225027905806314,-0.9858329592495636,-3.508335749830195,-0.010037348709516891,0.21942773457240605,0.22946508328192294,6.9819084782549794,-0.02047047136491642,-7.0023789496198958,-0.37774952137812079,-0.53638600691300553,-0.15863648553488474,-2.6424801812250394,-10.649664021597317,-7.3483705877934256,-15.228390137727928,-1.718142347998139,-11.456360845658367,-3.2523051406827506,-8.647432290957596,-1.1868532806807366,-12.401710612581894,-0.73869302015401672,-3.1863825048695844,0.56835160390355832,0.57733068760627337,0.77173920359248338
1789,2008,128.32558699471855,42.975196579762553,4,4,22.655530340030669,-0.2727203369140625,106.11218164530146,118.50229493300867,-12.390113287707209,119.04099358147505,-12.928811936173588,131.3235029451198,243.41565138395526,508.38319704681635,196.44524731477867,139.70273887023927,133.57095480142272,164.93706244271553,157.64126615874923,197.50613910758079,191.10030841448071,228.86519086861568,224.84951177036743,252.69800080274931,249.70039405837889,-5.0241208845278038,-5.9934262194865937,-0.051967482235312445,5.9414587372512813,-7.5066946523314186,-0.11952808066018861,7.38716657167123,-6.4990064159486849,-0.13606993835875869,6.3629364775899262,-4.1625005115525653,-0.14580200365881524,4.01669850789375,-3.115734252718056,-0.10633871503677028,3.0093955376812858,74.399275954951008,79.262404350076395,-4.8631283951253863,79.473844436906802,-5.0745684819557937,78.068837922086459,188.42698706998817,286.52201375772711,203.29072385803209,156.17921080609284,141.78003540280628,173.23331413725228,163.64594172378273,205.78859496792785,194.53746513642528,231.30968204174053,226.01125072346022,253.58845985038428,249.07664031814892,-8.5416134622288951,-14.172989593725163,-0.1906358454478152,13.982353748277347,-10.388235684934045,-0.20605240817681647,10.182183276757229,-11.248815047874757,-0.20143319164648688,11.04738185622827,-5.8398301328914215,-0.17013972970329405,5.6696904031881274,-5.071385550370735,-0.15053771790269366,4.9208478324680414,31.712905496635358,39.23988808224567,-7.5269825856103125,39.567148797777918,-7.8542433011425601,53.254664680306632,54.988664373571737,221.86118277162313,179.59163686732538,119.56438642408614,123.23802823579221,140.50462461627987,144.46878162107109,181.65449770558573,182.16389422759175,213.36644759162385,222.02537164685953,247.54404479256584,251.2527766978032,5.3703801658822954,5.1853457760055335,-0.068838877156309763,-5.2541846531618432,4.2651488217412066,0.029667490006204389,-4.2354813317350022,0.75900712004229831,-0.016564150786507525,-0.77557127082880584,8.1920795737372885,0.026869529688383409,-8.165210044048905,3.0171069208821848,0.021436504225221142,-2.9956704166569637,-3.5174925777010912,-13.91199362811119,-8.1795633742385689,-19.358335369730696,-2.8815410326026267,-14.653384506675252,-4.7498086319260722,-12.007822167917055,-1.6773296213388562,-14.03190970662871,-1.955651297652679,-8.0884924712529198,0.56359457869993623,0.59447727307968246,0.77409560970576241
1790,2008,128.57558813828902,42.975196579762553,4,4,22.655530340030669,1.1052703857421875,123.6254177082883,136.79598562989122,-13.170567921602924,137.36861809343827,-13.743200385149976,148.86249674370993,217.48380457553139,496.11572685092688,197.29356933464754,139.46813855588201,134.25575938804857,165.58699079539372,158.20686992386538,197.90944772323661,191.28380581543087,229.95652690923572,225.43273957253069,254.11356246892473,250.9056980208604,-4.6631757230553887,-4.7570798956706426,0.2761433465880998,5.0332232422587424,-6.9260122576015135,0.50398788268185513,7.4300001402833686,-6.0174402678289312,0.63201499191140442,6.6494552597403356,-3.9883647192165483,0.56453110471574064,4.552895823932289,-2.8007841277105001,0.48141964699522077,3.2822037747057209,85.969850754972867,89.302895998444001,-3.3330452434711333,89.447810815127013,-3.477960060154146,89.600664934750966,169.78399124445059,277.71913786800724,204.97421953969385,159.01276931002238,142.36332343281185,175.34827505656156,164.34357965166069,206.59914532703215,194.52746503329678,234.03474070806556,225.88308253075888,255.52610927730962,249.13447918207115,-9.1140640868655964,-15.292310911352388,0.80892902844172454,16.101239939794112,-10.488934783942739,0.87760846476712118,11.36654324870986,-11.407207366358989,0.84858404291716738,12.255791409276156,-7.5992034390260699,0.8087281989346593,8.4079316379607292,-5.8749736927714196,0.76021809445430222,6.6351917872257218,37.655567199184588,47.49308900403048,-9.8375218048458919,47.920807137142219,-10.265239937957631,59.261832159136247,47.699813420487772,218.39658930152655,178.66780101743507,119.70398776273463,124.33946575632953,140.69211183406227,144.99020585571941,171.06333075330454,182.89936257184536,213.11209678576733,224.60056495048852,247.5025988621255,254.77976500073032,7.8146339558902866,6.2705901003515123,0.091080290575249023,-6.1795098097762633,4.6670512709785612,-0.04621103650981695,-4.7132623074883782,11.723034334377473,-0.0042537726967566414,-11.72728810707423,10.681927670110809,0.11998449214905804,-10.561943177961751,6.6979455979384852,-0.25328046157400763,-6.9512260595124928,-4.4508883638102077,-16.928698042755883,-10.535231015681745,-21.5629010117039,-3.5629225263412252,-15.1559860549213,-5.3897670985300579,-23.130241700736462,-3.6108387198095215,-18.281131109136879,-3.0741895650609194,-12.572919290709905,0.5597870070171278,0.60190220434776487,0.78067418204230088
1791,2008,128.82558928185949,42.975196579762553,4,4,22.655530340030669,6.8571395874023438,103.45109578103802,122.83855464079534,-19.387458859757317,123.6814867274843,-20.230390946446278,115.06543892776699,288.03928335999444,521.29059492051601,198.9099191153463,140.01247530876989,130.19856359102232,165.2416052184839,153.50660421811054,199.8254786487004,188.36936901680423,234.39497560424687,225.60613820868798,256.998415837236,251.38421828956518,-5.8233138782501328,-7.4489916084194192,2.1001437061210311,9.5491353145404503,-8.1279679327806775,3.4882293928611716,11.616197325641849,-7.5933267107213283,3.7662941262607603,11.359620836982089,-5.0252937541369533,3.8186424505081789,8.8439362046451322,-2.8162809892815517,2.9174957039011247,5.7337766931826764,67.923755784056993,83.142781423190172,-15.219025639133179,83.804479209007695,-15.880723424950702,72.38559728235532,225.29718510900238,321.2701805033721,203.74324371493947,150.03669788230852,133.69491539209139,169.93938852890182,155.41939958301725,205.99455409938545,189.59583722399782,238.03742846140094,226.26273149203328,259.62877133310633,250.34808234214375,-8.0962320741796532,-11.566760657346151,4.3784969420634638,15.945257599409615,-9.6050160288235986,5.0871869439825161,14.692202972806115,-11.489752304618463,4.9207152294942205,16.410467534112684,-6.8643800604690739,5.0553092304576808,11.919689290926755,-5.2108252401654624,4.6663753156816199,9.8772005558470823,35.527339896398189,39.695771727491774,-4.1684318310935851,39.877007952739405,-4.3496680563412156,42.6798415187518,62.742098035989329,200.02041395381093,185.26192972315536,120.2755608352025,123.00069148312738,145.9562541288727,148.35930427530707,187.76714117663104,185.6845088474027,225.30505101770959,223.82941076089648,246.93320173678364,253.96109002199202,2.2546233401834002,3.8317288550251192,-0.68416197633221998,-4.5158908313573392,1.7416434549352289,-0.24159659586186422,-1.9832400507970931,-1.9237558017097172,0.38050956198512154,2.3042653636948387,-1.2979311048675299,0.93787566604808603,2.235806770915616,5.075627030824279,-1.4666619222281838,-6.5422889530524628,-2.2729181959295204,-10.350855414363053,-4.117769048926732,-15.39848951237127,-1.4770480960429211,-11.346659483758827,-3.8964255938971348,-9.5659965029087459,-1.8390863063321206,-5.566448955601544,-2.3945442508839108,-10.286452270989741,0.61629767280255243,0.62908200722022023,0.78217520360729287
1795,2008,129.82559385614132,42.975196579762553,4,4,22.655530340030669,3.888885498046875,187.54037045355653,181.0946421292756,6.4457283242809353,180.81439499171393,6.7259754618426086,202.10539006270665,172.43512532300883,507.2543128579855,194.98860001536769,134.39663364252138,129.47351349467803,162.80053883071744,155.21663547138263,194.41584343561726,190.76053022321233,227.73965872169043,225.67626857929892,254.12938820902087,252.8607047966216,-2.0202246582943815,-4.0211730016617651,1.2191651482048655,5.2403381498666306,-5.5620529178058575,2.0089792168583074,7.5710321346641649,-1.0592911310656348,2.3358323098269977,3.3951234408926325,0.20472041037595545,2.263956420508265,2.0592360101323095,0.28562180492056655,1.5670255449675778,1.2814037400470113,130.01135429517308,117.04523083015374,12.966123465019336,116.48148631792719,13.529867977245885,134.77441743762392,136.12551550158287,280.59197380347177,200.41912782777914,147.7583838313106,141.0043516287646,171.63339266473071,164.39533915226025,200.13159412819627,195.43871676191642,228.59245233652229,225.54402563591191,254.22273184406521,249.3996583028698,-2.2314390938729503,-3.8340599415225824,2.91658377341696,6.7506437149395424,-3.9884425723977586,3.3184771844210843,7.3069197568188429,-1.305015335096158,3.3713700859235018,4.6763854210196598,0.36233974046481876,3.3403301504633021,2.9779904099984833,-2.2648977534451262,2.9575121215615923,5.2224098750067185,57.529016322296229,64.049412610420404,-6.520396288124175,64.332908180393133,-6.8038918580969039,67.330972761055818,36.309609895932226,226.6623391546309,180.79406752739615,118.3154040586606,117.90414921560151,141.23358778949174,136.94072816322301,171.87088298729469,176.54268710503459,217.80816656228313,226.17856383887053,254.04898781376886,261.97010288400429,2.0818335553798875,1.8830936192499905,0.54306658729205992,-1.3400270319579306,-3.9542639771379697,0.41188030645898266,4.3661442835969524,3.6656876491748847,-0.73866619420411439,-4.404353843378999,7.635170683588882,-0.90112068741194662,-8.5362913710008286,4.9971666510053865,-2.3886544304297104,-7.3858210814350969,-0.21121443557856878,-4.3132726492528377,0.18711306013918261,-5.717153560772573,1.573610345408099,-0.034178595259788835,-0.2457242040305232,-4.9707029842710426,0.15761933008886331,-7.2728309431240632,-2.5505195583656928,-7.2620644044505127,0.55315837971401982,0.66685216755380872,0.789430316164354
1799,2008,130.82559843042318,42.975196579762553,4,4,22.655530340030669,7.25,104.59037272162823,109.27962349060545,-4.6892507689772174,109.4835040624821,-4.8931313408538699,114.88936537034897,285.70422103692545,526.72967734932899,196.95754835964794,133.17896343477165,129.38379810845208,161.61512537602579,153.63078932190717,195.27697922550112,191.54235007514035,233.78729807559156,229.39632898116787,260.58322398612557,256.24226158976251,-1.4356697575364876,-1.4414063775523118,2.2525175291332857,3.6939239066855976,-4.3436110161291879,3.6664665806402184,8.0100775967694062,0.2578278081459473,3.8282272725091957,3.5703994643632484,-0.47845199032121855,4.0497214532360886,4.5281734435573071,-1.3720327673985366,3.1327321900511151,4.5047649574496518,67.52730613850872,72.785501881236996,-5.2581957427282759,73.014119299426966,-5.4868131609182456,71.952492454060121,230.46005225115005,316.37289249256719,201.17409225142472,143.09366538304437,133.48281102115101,167.82167796051513,156.84272972288551,199.15256080811349,193.90673148394282,235.84345996026371,229.87646296072501,261.40819440923497,254.92411909571771,-2.2449155260515283,-4.2159788306483676,5.3895894654572203,9.6055682961055879,-5.6667126582115657,5.4872109849249568,11.153923643136523,0.47591144660529494,5.3398840991515897,4.8639726525462947,-1.1083591290980053,5.4319129506055219,6.5402720797035272,-2.3981040756595462,4.6273209490226179,7.0254250246821641,37.063066404305573,36.494121966998136,0.5689444373074366,36.469384894186078,0.59368151011949521,42.936872716985818,55.244168889337743,210.3567846044898,183.96995187359329,118.39502710537933,119.80874429737955,136.93353516971283,144.86973680064315,186.67942390428601,185.21503102159124,226.53946827075035,227.7036500998106,254.75408565083663,261.56460425109339,3.479869239316514,2.8804697143395117,-0.10422658424207043,-2.9846962985815821,7.9536539419023597,-1.0264472809006406,-8.9801012228030004,-1.4390587557327592,-0.15959227464449555,1.2794664810882637,0.4512344728153721,-0.12459360801128128,-0.57582808082665338,3.5102652787457203,-2.761373677112033,-6.2716389558577532,-0.80924576851504071,-5.7247847653680424,-2.7745724530960558,-7.0964485449878794,-1.3231016420823778,-13.620366600113925,0.21808363845934764,1.9149702023380542,-0.62990713877678672,-1.5595936019133774,-1.0260713082610096,-5.9083693544052664,0.60063616328712677,0.62627635048830954,0.80663859782934233
1800,2008,131.07559957399366,42.975196579762553,4,4,22.655530340030669,2.8333358764648438,117.86803379413323,123.64543187712115,-5.7773980829879292,123.89662684946961,-6.0285930553363869,138.97871121663593,266.89072951334674,536.13703639805317,196.00240694459356,133.18273517476143,130.94431346115681,160.42853653521172,155.03463845817407,194.97489561982138,192.72068516689851,233.30833499200588,230.67787535101064,259.09866556842491,256.21814160085569,-1.6673457635847058,-1.1379084747757986,0.87546452997975166,2.0133730047555503,-3.9286385636475245,1.4488872985110959,5.3775258621586204,-0.85196835649750824,1.4022267063760694,2.2541950628735776,-1.4242325060966721,1.4104666216460373,2.8346991277427094,-2.0633195019825621,0.85881066727841926,2.9221301692609813,88.358656125019479,89.315802508390334,-0.95714638337085489,89.357419193842361,-0.99876306882288191,96.70076330214124,212.70978449524227,329.79905255156336,199.68992588948228,139.18989076257563,134.25058390013697,165.28879339716124,156.96164308889837,196.77123112624329,194.52663903595186,235.66971121281784,232.12499743495945,260.83938071726914,256.76194402240083,-3.1251662708057779,-2.7276023781884362,1.9329380141199977,4.6605403923084339,-6.2617407723307394,1.9676997514177401,8.2294405237484796,-0.23114700067665694,1.9189193092652488,2.1500663099419057,-2.3507971543440078,1.6915734323349625,4.0423705866789703,-3.1693372644271562,1.3834124640749224,4.5527497285020786,29.509377520102134,34.329631640330263,-4.8202541202281282,34.539208341080666,-5.0298308209785318,42.277947839988883,54.18094506363559,206.33798363059759,184.17397703642129,118.98774094994414,122.44893640925436,141.99995175101088,149.64091220922151,191.1584902595059,187.93119309992957,225.42785669075906,226.16463783530895,245.63761650800325,254.16719592871428,4.6796941174613096,4.8011643112954658,-0.16353629476793685,-4.9647006060634027,7.6964086010812025,-0.45654281733027346,-8.152951418411476,-2.5559603999870149,0.16395397138236945,2.7199143713693843,0.8729422560739124,0.4586307761195485,-0.4143114799543639,7.6946929370535599,-0.8768004405026204,-8.5714933775561803,-1.4578205072210721,-7.8048603882670875,-1.5896939034126376,-7.528766689483902,-2.3331022086832149,-13.958149373411942,0.62082135582085129,2.3248133993103579,-0.92656464824733575,-3.2237394104179202,-1.1060177624445942,-10.864030201480716,0.61513947025048488,0.6957955103742971,0.79699203072021663
1807,2008,82.325376577753403,42.725195436192095,1,10,22.746087902919768,6.0454559326171875,109.34646779209834,90.195179874492169,19.151287917606169,89.36251549787994,19.983952294218398,120.26027691695208,108.14516328185528,260.52854049298912,190.13643070753807,144.37698408592513,146.22343656349975,162.50841967396369,165.67825987372501,188.87038631437076,191.97733389283809,216.99034614875836,218.2279700296175,236.89232521039611,238.48108548505073,5.2974408432807536,5.0274438892884916,2.960727963224798,-2.0667159260636936,6.9710259583590073,3.793343664526418,-3.1776822938325893,6.9115635534820115,3.8471669825800348,-3.0643965709019767,4.9441201289126013,3.7156543023015729,-1.2284658266110284,4.2135911582030019,2.5973996767853293,-1.6161914814176725,62.3592193248478,44.423749102921647,17.935470221926153,43.643946033214888,18.715273291632911,62.642079007884604,69.891034784654039,133.86907873675227,195.35166957723274,159.63999027279405,159.84299755890129,172.38790604348009,174.20518844186068,194.75997780502738,195.09974148684827,216.76198756835629,216.03960269723214,233.44965081916806,232.23375086678573,5.6987474226329198,6.4029937779839941,5.7679304642919078,-0.63506331369208624,7.8700650854427181,5.7156818253212407,-2.1543832601214774,5.8560889141452321,5.5994931046917031,-0.256595809453529,4.5623671330431534,5.4178705437119561,0.85550341066880264,3.5005642585253725,4.9865826556983563,1.4860183971729839,46.987248668416214,45.77143143196372,1.2158172364524944,45.718569700375156,1.2686789680410584,57.618198110233152,38.254128564256462,126.65946196112782,182.92692743687263,135.15205891459919,137.14198137080868,146.64273215695505,151.71144893835285,176.18364635415983,184.74332490355559,217.8852608994228,222.72335305763559,242.97754015141157,244.86710474087536,5.8889039968329939,3.7967527133519923,1.362033859213625,-2.4347188541383673,7.490709060359336,1.960312614686643,-5.5303964456726931,8.6834803208089397,0.30922172027916872,-8.374258600529771,4.7376724129439083,0.22484585136325563,-4.5128265615806527,2.716293552788926,1.0355881784313112,-1.6807053743576148,0.40130657935216618,-0.19015657420007415,1.3755498886955024,2.6062410646320018,0.89903912708371081,0.37935602508338206,-1.0554746393367793,-2.8273914066637076,-0.38175299586944789,-0.17530527990075484,-0.71302689967762944,0.78427070573644642,0.5138365204957448,0.52088753338846239,0.64627055583151027
1808,2008,82.575377721323861,42.725195436192095,1,10,22.746087902919768,6.6363677978515625,112.06856978891665,93.02735487501559,19.041214913901058,92.199475615390838,19.869094173525809,119.97741404606859,114.84297984151272,272.44567572791129,189.70897681686108,143.27174623403502,145.56000333220035,162.02501884700445,165.09545107719623,188.92081961779101,191.26039989580656,216.77466685431529,217.56892264051709,236.59134145423283,237.59220857895278,5.3295417881880383,5.8738218334936505,3.2842853011248394,-2.5895365323688111,7.411272106309724,4.3253118955663012,-3.0859602107434227,6.5865006441601963,4.3411689623253267,-2.2453316818348696,4.8261104829452108,3.9988621525027952,-0.82724833044241564,3.9240163427680272,2.8990096559170411,-1.0250066868509862,58.442156388529838,46.109317787595501,12.332838600934338,45.573106682388243,12.869049706141595,58.442156388529838,78.754507922461926,138.41187174245715,197.02836226969154,159.67110158483027,158.25926872795074,174.37912669888863,173.08054513441033,196.94864020767571,194.5402188496509,219.22635454862086,216.05401584527874,235.26061739693694,232.75341357421425,3.728024707452164,5.196870068638674,6.2886920673900022,1.0918219987513282,5.1510455674211073,6.2519184275319901,1.1008728601108828,3.4862013772582259,6.0080931236278161,2.5218917463695902,2.4371924086050285,5.6702033375806593,3.2330109289756308,2.3900729951945721,5.1245953152257471,2.734522320031175,53.626413445090293,46.918036997335548,6.7083764477547447,46.626368745553009,7.000044699537284,61.535257702242234,36.088471881797886,134.03380399663001,179.42259174959736,134.31321921373228,135.29501689505798,145.48151639363309,151.411289487636,171.57833633775357,183.86066427225941,211.21449118383106,220.5797339296557,239.21590380911127,243.12800896217013,8.400749926703611,3.3995585462848794,1.7279523299922914,-1.671606216292588,8.9128187605971902,2.0991304220731024,-6.8136883385240878,12.964841123741337,1.0189601509837587,-11.945880972757578,9.5405700848862409,0.66887526526113561,-8.8716948196251053,4.6890764722784581,1.1488108831882187,-3.5402655890902395,-1.6015170807358743,-4.672725219251447,-0.67695176485497655,1.7973115223537945,-2.2602265388886167,-3.7617731931760829,-3.1002992669019704,-9.4786397464831111,-2.3889180743401823,-7.1033776762812124,-1.5339433475734552,-2.2990034770838861,0.50803475361703909,0.48710965187238814,0.68575813716385514
1809,2008,83.575382295605721,42.725195436192095,1,10,22.746087902919768,5.899993896484375,98.323104679584503,92.847968101501465,5.4751365780830383,92.609917998313904,5.7131866812705994,114.51771317638122,99.152494484227645,260.14568394748494,192.53161995154449,143.238206714596,144.98626198203485,164.54613533217832,165.43810367564194,192.74583572706837,192.4510239100027,219.75038270549354,218.21985494681439,239.52349242022149,239.93052276791235,2.4071445578045996,3.3765837075448815,1.4098200267011691,-1.9667636808437123,3.1767220279364778,2.2123046879609944,-0.9644173399754834,2.8684064187562228,3.2417356479519412,0.37332922919571843,1.8602144625148753,3.3961925580873071,1.5359780955724318,2.721119193590738,2.1449018228927912,-0.57621737069794676,49.399807665497065,40.830268874764442,8.5695387907326221,40.457680106163025,8.9421275593340397,50.353205148130655,55.601722494786372,106.61118082329631,198.02571022577385,162.19931551115178,161.49817169381109,179.13712748813759,177.07922845759137,198.75939656612857,196.73693312052967,216.79293280118526,215.94182275905766,233.19516344165979,232.50358125262545,4.1445686739731684,5.3589162752173536,5.6185925015140867,0.25967622629673315,3.4576164846776862,5.5875463743422813,2.1299298896645951,3.4016287535146716,5.5152807598586264,2.1136520063439548,4.3563021690490018,5.231503119956102,0.87520095090710015,3.7529934530240894,4.6471717504190337,0.89417829739494437,48.923297077417374,52.017698585987091,-3.0944015085697174,52.152237594127655,-3.2289405167102814,64.164508061778179,43.550771885133145,153.53450304595754,187.12731757401323,135.12463158319585,138.34801329519485,150.342888325887,152.36764988849706,181.02083799978595,184.39888236066341,223.40868842819009,222.10239909576745,246.79414598895107,245.58994025864737,1.4285018153799456,3.6421678647562317,0.14599210532608708,-3.4961757594301446,2.9470681280851636,0.40001097087753124,-2.5470571572076324,2.888901466490438,-0.64402323436129905,-3.532924700851737,-1.1399012527571415,0.2276412429008019,1.3675424956579434,-0.33738665472745311,1.2378987128869028,1.5752853676143559,1.7374241161685688,2.7160668585932228,1.9823325676724721,1.7167484104611219,0.28089445674120839,0.51054835659252262,0.53322233475844882,0.51272728702423365,2.4960877065341265,5.4962034218061433,1.0318742594333514,4.0903801077515425,0.40981337535785406,0.43969796245036952,0.56076977976213227
1810,2008,83.825383439176179,42.725195436192095,1,10,22.746087902919768,5.6666717529296875,116.70979522637208,116.66537049874023,0.044424727631849237,116.66343804787903,0.046357178493053652,136.14876976799496,111.07132705594631,309.68932996829972,190.71859469534024,136.89769732356291,139.79417103838765,159.04338719418615,160.93467302608181,190.66165385303188,190.6923039282031,221.42644361653964,219.00597383833542,242.79483602584503,242.0298714020573,2.1872324923026838,3.8681416853162034,0.88354926251244592,-2.9845924228037575,3.8705739293050954,1.9498090837936104,-1.920764845511485,2.8414730099098051,3.0069634891894452,0.16549047927964011,0.51584644609744146,2.9760289624211964,2.460182516323755,1.3773006423915319,2.1283065037555104,0.75100586136397851,39.853168033841939,45.680005004389386,-5.826836970547447,45.93334534814494,-6.0801773143030005,40.27782145965466,46.534494049068599,88.044836194720119,199.06550145277512,158.07315910820492,157.94828275599951,175.96331191261552,175.41124012678014,200.19216415623373,196.7474186866524,222.99920691005997,217.93459713602303,237.87187474177102,236.63286363424396,2.7138419279155244,5.6580828311754772,5.2153212333263923,-0.44276159784908486,4.7173356712254986,5.2544503652738683,0.53711469404836976,1.6472176165509609,5.2415124778371194,3.5942948612861585,-0.47956941344028792,4.8781341474021076,5.3577035608423955,2.7531720455130255,4.0561532026092095,1.302981157096184,76.856627162727818,70.985364444528386,5.8712627181994321,70.730092251280439,6.1265349114473793,95.870948293439142,64.536832977075392,221.64449368556961,186.20126823885661,132.14452165874968,133.42028309579521,149.72924520998149,148.71544270986519,183.25730988610488,181.75119902270785,219.16558258782956,220.26565113962283,246.40985027861274,245.8685613400352,0.11275410475985836,2.2563768060186931,0.87256688449352282,-1.3838099215251702,0.0671510563675497,0.97841963710811797,0.91126858074056827,-1.4404176878720705,0.029125693785744033,1.4695433816578145,1.6407900494209571,0.65909530843089215,-0.98169474099006493,0.20325624316075164,0.85776847734803141,0.65451223418727977,0.52660943561284057,2.601087823155666,1.7899411458592738,3.4017060251567841,0.84676174192040321,4.6501846148579489,-1.1942553933588442,3.0876353044230314,-0.99541585953772938,-2.120359462861245,1.3758714031214936,2.5499158023522739,0.28430051562878361,0.29583683736761118,0.41896045795535786
1811,2008,84.075384582746636,42.725195436192095,1,10,22.746087902919768,7,133.78273728489876,130.74423214793205,3.0385051369667053,130.61212387681007,3.1706134080886841,148.84967520833015,107.12124987265634,325.92929446790367,193.00035361351678,140.77298555155238,142.11512806908314,162.73083794456807,162.76464958244125,193.46417806603318,191.21327553289439,221.82018847045197,219.30872274306842,243.26982512258976,242.31488448781388,1.4621514653310328,2.3137604623486538,0.87231772434176946,-1.4414427380068844,2.3539101834453788,2.3231140575538518,-0.030796125891527026,1.3051552995640634,3.6449373270469039,2.3397820274828405,1.2299365424902078,3.7630817489857691,2.5331452064955613,1.7588602096299155,2.825035044438124,1.0661748348082085,63.047951504588127,61.998532705008984,1.0494187995791435,61.95290582627058,1.0950456783175468,63.794410422444344,58.951500102398768,124.01342840492725,200.31474649514379,162.77340223420674,156.79209878043699,179.40561272465439,173.94500244177411,201.18664011189853,195.55207344666223,221.10904435989258,217.27573343652648,236.73901554300244,235.3498788130232,1.6548577369450754,0.62152770459667295,6.0783916010558698,5.4568638964591969,1.0749515259203406,6.3343921998580015,5.2594406739376609,1.0126371599933748,6.4199359866578902,5.4072988266645154,2.1457663219813412,6.1772479308700667,4.0314816088887255,3.805321610970708,5.5482736543563078,1.7429520433855998,70.734785750508308,68.745699293911457,1.9890864565968513,68.6592171266675,2.0755686238408089,85.055264785885811,48.169749782675353,201.9158661076799,186.26129026467532,134.28734412336817,135.03982126961151,148.4515931113487,149.9237074439537,179.62118205815278,182.85176293773057,223.2365291407701,222.71869874273895,249.81908371214857,248.50606023444084,1.1628667587017674,1.5273266807864729,0.62044467409742765,-0.90688200668904528,1.919969780761221,0.34054106766049586,-1.5794287131007252,2.3182131229528125,-0.96140564257026995,-3.2796187655230824,-1.0434980876510451,-0.32374014842403653,0.71975793922700859,-0.82677848665906595,0.62587600593104753,1.4526544925901135,0.19270627161404263,0.49199097824330806,-1.6922327577519809,-0.90579897618979999,-1.2789586575250382,-0.84501825484088045,-0.29251813957068862,-1.3055759629594377,0.91582977949113342,3.1892644096323863,2.0464614013407925,4.6321000976297739,0.38049181374563323,0.4285827989423398,0.55032498381487494
1812,2008,84.325385726317108,42.725195436192095,1,10,22.746087902919768,8.0833282470703125,139.71708363294601,137.11397597193718,2.6031076610088348,137.00079810619354,2.7162855267524719,155.30113873106529,109.83708295182805,350.91025432822062,194.31428185962858,143.79867533703376,144.22742623756665,165.07389809247542,163.87347729694204,194.52475595645043,191.2715284035913,222.95814269040065,219.34839122947881,243.66452976660145,242.16713192629166,1.1026303195381217,1.8012836721639758,1.2381620500071051,-0.56312162215687067,1.5803218371396497,2.7509764275472151,1.1706545904075654,0.75729531879579781,4.0377057955421094,3.2804104767463116,0.54088677390757312,4.1207033992218669,3.5798166253142938,1.58571252716564,3.1837229250637051,1.5980103978980651,71.55711305141449,69.137184381484985,2.4199286699295044,69.031970381736755,2.5251426696777344,72.575200118124485,63.317707817373957,138.02516351640224,200.69236164195601,162.28115915966427,155.86218950516795,177.70681550367183,171.99791612765605,200.93443302471621,194.00535759129841,222.81045357265504,216.18741010353415,238.91567347996477,234.5148061523029,0.93786629080574357,1.1437439328017263,7.0282355824959097,5.8844916496941835,1.8244895975337556,7.3924211153839678,5.5679315178502122,0.5619554302856784,7.2837548573507718,6.7217994270650934,0.40643874184061701,7.0665674879737992,6.6601287461331822,1.8992137242076979,6.2813268883665501,4.3821131641588522,68.159970447421074,67.97679165750742,0.18317878991365433,67.968827731907368,0.19114271551370621,82.725938516083261,46.519375216410481,212.88509078201605,187.6081524092771,136.03473730965712,137.73479783707521,149.86872673872648,152.62610347629609,182.58947419513626,185.99108470432026,223.34342770562512,224.80147537147371,249.28647916271763,249.15120719727364,1.4991196142964327,1.949861561290902,0.10274324275246727,-1.8471183185384348,2.2588012809568454,-0.98688087021997717,-3.2456821511768226,1.3322834733201603,-1.8528524134785016,-3.1851358867986619,0.2842249446736389,-0.97935649020331539,-1.2635814348769543,0.23735671012374837,0.51765418248595552,0.28029747236220715,-0.16476402873237816,-0.56125332349068913,-0.65753973936224952,-0.80611762848917579,0.24416776039410593,-0.43431168342308979,-0.19533988851011941,-0.77032804303448188,-0.1344480320669561,0.12221379716697811,0.31350119704205781,1.6618570140839495,0.39333465412869267,0.46731917557799002,0.57646931360279852
1813,2008,84.575386869887566,42.725195436192095,1,10,22.746087902919768,6.4166717529296875,145.58968181282762,139.89109213241318,5.6985896804144431,139.64332378223844,5.946358030589181,162.19303920764287,130.39394920199629,355.06433084467426,189.32971263071684,133.63675207185551,135.75350261302043,158.50153870535883,157.89504465978195,189.42122605367061,187.81366332166428,220.13097379503267,217.37566490401642,242.84188163284401,241.57348871488833,1.7992354288497836,3.0471974895363871,1.1219553336914601,-1.9252421558449271,2.3903809053920213,2.886728189064911,0.49634728367288972,1.9666915773976257,3.565901168731159,1.5992095913335334,1.0056041128623008,3.7447750767741468,2.739170963911846,1.4943615311047438,2.8308752632981395,1.3365137321933958,74.134163715671093,66.460955373631805,7.6732083420392883,66.127338551761568,8.0068251639095251,74.134163715671093,75.886959827710598,151.75193656235933,197.022854970179,158.92890871446835,156.68260809557808,173.69830821979144,171.97436324493796,196.82660674288235,193.84591447284777,219.19369338127498,216.03603479811204,236.29280966238611,234.41543764269932,3.551306959242055,4.0303647472324542,6.2487582509711501,2.2183935037386959,4.3931619704825096,6.2167276775396374,1.8235657070571278,3.1427738353021084,6.0640087973442007,2.9212349620420923,2.655046513312243,5.8588885516292351,3.2038420383169921,3.3181076259388931,5.3328270920865464,2.0147194661476533,71.455518231266979,73.430132500775471,-1.9746142695084927,73.515986796340258,-2.060468565073279,88.058875626082227,54.506989523297307,203.31239461759105,181.23426948217784,125.69062140994191,126.76277391669372,137.69498391999406,140.60491813097005,174.37281743568084,173.06020964844615,222.21824139619275,220.36291897530762,251.161627705813,248.84127702074161,-0.24746394016912632,2.214618330019519,0.75231398863364518,-1.4623043413858738,3.9982959995310523,1.1260091287807086,-2.8722868707503437,-2.7822772084204814,-1.5953433034397619,1.1869339049807195,-2.9851841328008106,-0.85452312392649787,2.1306610088743128,-1.9113980083966453,0.60485703612718567,2.516255044523831,1.7520715303922714,3.7987708994111813,0.98316725769606705,1.8157464172129352,2.0027810650904883,0.39486597095145726,1.1760822579044827,5.9250510437225898,1.6494424004499422,5.6402306461130536,1.8237460948341493,5.2295056343355384,0.42739279443066458,0.45707364556356211,0.58198221843984765
1824,2008,114.5755240983431,42.725195436192095,3,10,22.746087902919768,4.421051025390625,114.35200836300828,123.2764973830308,-8.92448902002252,123.66451777531984,-9.3125094123115559,125.7057962387571,127.44487197008402,451.48408715799451,206.74595215771242,155.28109279312096,149.13232577451004,175.70824353044051,171.3507892241692,212.00830258877104,200.16599514142951,237.14452181472001,228.83706707737781,253.017876685793,252.79102461684374,-5.1065079236757356,-5.5942891578764034,-0.003421760540845753,5.5908673973355576,-3.2028598262141657,1.3488085933569494,4.551668419571115,-9.9415270652362153,1.8106493815245699,11.752176446760785,-6.9129979353457998,1.7057896602689766,8.6187875956147764,0.36911407651459172,1.1599118211028667,0.79079774458827501,35.944719418896966,43.232098112941458,-7.2873786940444916,43.548940262098768,-7.6042208432018015,40.205725468209494,32.256673219080767,87.136133516207337,206.01847138805408,150.56093651409643,147.83196703283394,179.48263510883652,171.93594656675816,207.92854634852279,200.94445986191806,231.65150598702689,225.94636161206355,258.47029989165759,246.06433587592792,-4.2751992873104143,0.017101975401260461,1.7155499024034384,1.6984479270021779,-5.5083178458240525,1.9193150550428015,7.427632900866854,-4.7479498967152267,2.8723669273804262,7.6203168240956529,-3.0132239595305634,3.0407216791172686,6.0539456386478321,-10.089876104011495,2.5752976794806557,12.665173783492151,78.407288728044477,80.044399196367522,-1.6371104683230442,80.115577721837326,-1.7082889937928485,85.500070646240601,95.188199198038092,364.34795429930091,207.03769780181932,156.71357955788648,150.20112674766554,174.2927951255127,171.11607919788307,213.65874756000625,199.69655269279335,238.25497595752279,230.76860712623241,252.35481218914009,255.82098585941779,-5.336386135457559,-6.5327622401792098,-1.3171190778002142,5.2156431623789956,-2.1833566243565201,0.94468656263285311,3.1280431869893732,-12.018921262936573,1.4265510818941323,13.445472344830705,-7.9810714240200014,0.74290949696589337,8.7239809209858947,2.4915901292395972,0.42207949625944252,-2.0695106329801547,0.83130863636532126,1.0611868481471447,5.6113911332776638,6.5498642155804703,-2.3054580196098868,-3.3249612214675324,5.1935771685209886,7.270971366221346,3.8997739758152363,4.9678474644894379,-10.458990180526087,-12.581466233251092,0.19299934592315876,0.31983986953032345,0.25310295126392052
1834,2008,117.07553553404773,42.725195436192095,3,10,22.746087902919768,-10,142.9243653643789,127.70662742520653,15.217737939172366,127.04498841265013,15.879376951728773,187.12877240068337,173.76658004961791,550.60781341046095,194.64070911831124,137.69508684797967,139.23170245182604,162.34543239699281,164.61923928067907,194.89459626060867,198.87770299291034,227.12967469647037,229.64645838832706,251.097694983427,252.72681313065445,-0.85893431520702279,-0.21563380483442529,-2.0615123443775474,-1.8458785395431221,-0.86998757511815938,-3.3601537146631699,-2.4901661395450105,-1.1375431868802366,-5.0724980001176334,-3.9349548132373968,-1.8932364527643983,-4.4107546153801422,-2.5175181626157439,-0.88418985374210024,-2.5455256437585092,-1.661335790016409,92.713207684977533,78.130133149272297,14.583074535705236,77.49608623750828,15.217121447469253,107.94640116818118,120.29824911481774,241.07364363817032,198.9827240537318,146.13123907373611,152.84891541070613,171.69572371929135,175.99209625888409,200.6482560082388,204.08486769127893,222.72872836829808,229.84231173740048,254.83133239223091,249.954960890059,-3.5653763659532274,-0.92003951874568202,-8.2478485151272594,-7.3278089963815773,-4.1488825821986097,-7.7903451704730742,-3.6414625882744645,-4.764007054844086,-8.1483452523776521,-3.384338197533566,0.043272000903641583,-7.385136149109826,-7.4284081500134675,-11.156309580912023,-5.3432501110020212,5.8130594699100016,50.211157649599045,49.576496279785715,0.63466136981332966,49.548902115537203,0.6622555340618419,79.182371109567612,53.46833083049205,309.53416959196329,187.1696466589168,125.52783627292334,129.21359715214416,153.06630616980095,148.74173133418174,178.59224280594188,188.63495172043091,233.25883461782433,229.17026464909358,249.61695935435284,256.21736723594114,4.1112291613362686,6.6681647854102835,0.20592938705513575,-6.4622353983551477,-0.27696560184713803,3.2583932490009886,3.5353588508481266,10.183116805275233,-0.0028963413534484062,-10.186013146628682,-4.2450817926307423,1.2430970595764848,5.488178852207227,4.8662846849304913,-1.0269724264490208,-5.893257111379512,-2.7064420507462046,-7.676605527289496,-0.70440571391125673,-7.5882043041559655,-3.2788950070804503,-3.8719169803514717,-3.6264638679638495,-14.947123860119319,1.9365084536680399,4.2883537935343838,-10.272119727169922,-16.022594265842514,0.43783186102093585,0.57685624601354446,0.69229796132528676
1835,2008,117.3255366776182,42.725195436192095,3,10,22.746087902919768,-9.7826080322265625,119.13924166454854,121.23414239019257,-2.0949007256440382,121.32522445174618,-2.1859827871976449,161.45624532267357,158.34934617723593,507.18349324166775,196.96895224344624,145.21571220483705,143.76627821968998,166.7308936689715,166.66233164186994,196.93374023498833,198.29855304335359,227.27735493571873,227.82580439751766,249.87466632374006,249.1888861344658,-3.0978398362946109,-3.2890714460402251,-1.9267248924201681,1.362346553620057,-3.2760521807964551,-3.1746700309307414,0.1013821498657137,-3.3829137823347253,-4.8139200165943237,-1.4310062342595984,-4.1107724205790532,-4.8540960550564307,-0.74332363447737748,-3.6308502928382609,-2.9439340141772163,0.68691627866104454,72.748937156462489,86.247255522310297,-13.498318365847808,86.834137948466378,-14.085200792003889,98.59475087252207,110.58958498168431,224.70914758904837,199.12867345795888,147.18815245234899,153.27635265497466,172.89411266444802,175.04625293672763,200.7860466207695,202.26846103753945,222.36530509699438,228.07998786214736,250.47764131565737,247.17206206724236,-4.7952721631179998,-0.58750496580938716,-7.1036563689855257,-6.5161514031761385,-5.7863870305407943,-7.272129437594316,-1.4857424070535217,-6.1557711812627645,-7.6517253075258793,-1.4959541262631149,-1.5671308550464005,-7.4754783356933103,-5.9083474806469098,-9.720641178317095,-5.8194197141201585,3.9012214641969365,46.390304686899981,34.986887368046155,11.403417318853826,34.491086264861224,11.899218422038757,62.861494649373526,47.759761195551619,282.47434585541487,192.88492829703355,130.86129392531723,133.25614298190624,159.87258066701139,149.89109411182329,183.67028330769421,186.89059208617959,233.79497079410064,226.95374671115164,249.56034254257946,253.76219081640286,0.11577975565865017,6.6238855529708758,1.3138411994792421,-5.3100443534916337,-4.1479614114903427,5.0703096843512867,9.2182710958416294,5.967975309214097,2.8649733455571891,-3.1030019636569079,-4.4752405300929183,3.4348911660046326,7.910131696097551,3.9048704975154465,0.70924790770479262,-3.1956225898106538,-1.6974323268233888,-4.9110519187766499,2.7015664802308379,-7.2113905187802629,-2.5103348497443392,-1.6384256190504516,-2.7728573989280392,-12.123746490476861,2.5436415655326527,2.9081096750465179,-6.0897908854788341,-13.625511675832541,0.44305295930042571,0.61065925740734572,0.69838990593560468
1836,2008,117.57553782118866,42.725195436192095,3,10,22.746087902919768,-7.826080322265625,129.0784690824803,122.24737930893025,6.8310897735500475,121.95037477227743,7.1280943102028687,165.86625013244338,163.42407631946844,510.21395632624626,196.29850616003799,145.13202916085098,142.53217959589952,167.91607443854451,166.18490036902642,195.72705195764087,197.62006190393404,224.8564850353267,226.39114106448946,248.81887577151235,248.71128815398234,-2.53546363489491,-3.6537247866964719,-1.2896956400998363,2.3640291465966357,-4.0331286964540141,-2.2857789376456026,1.7473497588084115,-1.9909980964282283,-3.955255594125191,-1.9642574976969627,-2.2784107607887449,-3.8651061667295039,-1.586695405940759,-2.5559264244452891,-2.4667929698525484,0.089133454592740691,89.900487476996204,85.978232744106208,3.9222547328899964,85.807700449004187,4.0927870279920171,109.53975125797297,119.78743449204921,243.2603836748749,198.31414545585102,148.89409724064805,152.83119744820823,173.51965404064694,175.51899633529567,198.96471787363186,201.59962502066489,220.35851643225399,225.93469904770558,245.43820530165695,245.37799456221893,-3.8960758364481194,-1.5077014881695732,-5.6311472175777055,-4.1234457294081324,-5.0218201552419259,-6.1350338270316058,-1.1132136717896799,-3.9616805171788485,-6.4675610812055879,-2.5058805640267394,-0.48670972091591125,-6.2065926046658717,-5.7198828837499605,-5.5703255217852075,-4.9840794714079095,0.58624605037729793,39.17798145647248,36.269145992100675,2.9088354643718048,36.142674204063951,3.0353072524085292,56.326498747810547,43.636641723111097,266.95357228070498,191.67439283350058,126.96884366556068,131.90033082589437,157.18600694233015,148.45750360037266,182.6550593428951,185.70011842658528,235.47570634709123,227.90547355336827,250.68740129208655,254.73465955785181,0.55209334933695686,8.7464509520673914,1.47364584115914,-7.2728051109082514,-3.1408089028081179,4.0641804445148466,7.2049893473229645,5.8388010794231491,2.838341047028166,-3.000460032394983,-5.4488754974150311,3.2854695851462168,8.7343450825612479,3.6904855638908884,0.43807152693341322,-3.2524140369574752,-1.3606122015532094,-4.4481691857850763,2.1460232985268988,-10.254152440236965,-0.98869145878791187,-1.8810112524338081,-1.9706824207506202,-9.8004815966019976,1.7917010398728337,4.9621657764991198,-3.0143990973399184,-9.2608110856760959,0.47678112419043051,0.66041012665630294,0.73298523197942733
1837,2008,117.82553896475912,42.725195436192095,3,10,22.746087902919768,-3.7826080322265625,133.50171592510742,131.27784226162839,2.2238736634790257,131.18114937923747,2.3205665458699514,156.86809860391259,137.1078056629849,498.72867109626532,198.86309695829365,152.33010194142182,144.76553243756774,171.30892909055339,167.5137388214587,197.91642018966112,196.51931127326782,226.88562403581659,225.0919536462215,248.74715376455154,247.26584061906456,-3.6524565511440983,-7.647464603112212,-0.44521679083914023,7.2022478122730718,-5.0871785294187362,-1.1802811411590426,3.9068973882596936,-3.1533229432166934,-1.6733943727471683,1.4799285704695251,-3.4712119606954559,-1.7899069177145748,1.6813050429808811,-2.5582479906569233,-1.0189965002568044,1.5392514904001189,69.899627371363749,74.59980795298361,-4.7001805816198612,74.804164189999938,-4.9045368186361884,81.470363973558051,79.279810698879373,173.91516062663868,200.20054996722885,151.7404656538468,154.60321210817315,173.45894948926218,176.94560506634056,201.41945704437526,200.86449468247241,221.44097379886281,223.7685807099501,250.03530518597631,241.84393079152787,-2.8233890044012924,0.89938890450781628,-2.2153905719923728,-3.114779476500189,0.58705023233304132,-2.7450228950482369,-3.3320731273812783,-3.4438540425139195,-3.0151871046501526,0.42866693786376686,-0.31170090648714677,-3.0065932310183712,-2.6948923245312244,-11.238024183651731,-2.4286831256234223,8.8093410580283091,63.60208830787451,56.678031735278637,6.9240565725958731,56.376986132545426,7.2251021753290843,75.397734384485375,57.827995057237786,324.81351038068533,197.24932621601729,152.45640874996658,138.25115008590467,162.27762416676364,156.76169212000443,190.79772096965505,187.88084940976663,230.68360348187053,227.72970348188991,248.71013794507968,252.60568596846937,-4.2353663475023779,-11.853724538312804,0.30399288459287277,12.157717422905677,-4.4329222278360589,0.50296075119968009,4.935882979035739,-2.0873293316410297,0.48438501639441256,2.5717143480354423,-3.184406247225553,0.78901866209463378,3.9734249093201868,1.4790705563469544,-0.17466714247888149,-1.6537376988258359,0.82906754674280592,1.4119773431010856,8.5468535076200283,12.75311344282062,5.6742287617517775,5.0199724601691003,-0.29053109929722609,-1.3565247108728897,3.1595110542083091,2.8727053407384062,-8.6797761929948081,-12.717094739998686,0.3487169892285365,0.51935584544355551,0.57822973911311459
1838,2008,118.07554010832959,42.725195436192095,3,10,22.746087902919768,-5.7391357421875,142.95884120464325,134.42167460918427,8.5371665954589844,134.05049288272858,8.9083483219146729,177.52762324998912,124.3050124399997,504.94670478254557,197.90228702729456,148.68082939992919,145.65421421940943,168.29965305268277,168.57984536480438,196.35447433048611,198.73529535920798,226.79781938813429,228.41995977463492,249.82260206218348,251.35077698889691,-0.85010541967770337,-3.3107016208170705,-0.60216938821244526,2.7085322326046253,-1.4737598967950589,-1.6667898111163026,-0.19302991432124372,-0.024266390420791595,-2.354781854126486,-2.3305154637056944,-0.63373636719418869,-2.128373339905977,-1.4946369727117883,0.11223327398764127,-1.072898814677842,-1.1851320886654833,75.078884772956371,67.042666256427765,8.0362185165286064,66.69326388835907,8.3856208845973015,86.460712151489133,68.322163043234468,169.9917034979735,203.35760456429185,162.13517215952444,156.13509618171841,175.93801855983318,179.27660332686335,203.69514532083213,204.90095806101846,226.32366062309504,227.89596274274524,254.62569926664315,246.99142598796888,-3.8807912662934996,-8.7871577230926903,-3.4638622306367211,5.3232954924559692,-1.5496798250465531,-4.1296966756999041,-2.580016850653351,-3.4430079640974043,-4.3866046697756644,-0.94359670567826015,-2.4426946326019561,-4.4786728045655764,-2.0359781719636203,-11.824340293457027,-3.7853561997611962,8.0389840936958308,67.879956007003784,67.379008531570435,0.50094747543334961,67.357228815555573,0.52272719144821167,91.066910558656673,55.982849299907684,334.95500040054321,192.16008298824363,144.84488361830114,140.26528404219576,158.9505263282775,159.83122993684759,185.70149107540306,190.21138524018477,227.50085104656594,229.2820803619048,248.07295670029683,255.0316628815971,2.8635994510010221,-2.1476548692261588,-0.30322629723522709,1.8444285719909317,1.0630810334341732,0.67574762804983379,-0.38733340538433936,4.7677794212530387,0.2846195035021708,-4.4831599177508679,1.6097185131201854,0.82718903376016328,-0.78252947936002215,4.9122614426455584,-0.28295375031851222,-5.1952151929640706,-3.0306858466157962,-6.7443907172945217,-5.4764561022756197,-6.6395028538665315,-0.075919928251494184,-2.6127608584807263,-3.4187415736766127,-8.2107873853504429,-1.8089582654077674,-4.0524131457221415,-11.936573567444668,-16.736601736102585,0.33665276332713201,0.48702681063745068,0.54963321029562362
1839,2008,118.32554125190005,42.725195436192095,3,10,22.746087902919768,-1.5,168.93388053512172,157.01069440492938,11.923186130192335,156.49229828751777,12.441582247603947,200.26384985184268,107.30267926387387,575.28040949255228,203.17619850121346,157.80604202069895,155.83388417778687,175.35982591567344,175.58118691645768,201.78319028001903,203.29996807357253,230.83897889553984,232.55144457277817,252.09795593912665,254.40351012530797,0.81245124265950608,-1.478497808168953,0.14928597501639729,1.6277837831853503,-0.2307403839808444,-0.21962010408356036,0.011120279897284036,0.97534556894407842,-0.48676110481028445,-1.4621066737543629,1.2416057363215316,-0.35005991451836849,-1.5916656508399001,1.9524813139171329,-0.26514963027415206,-2.2176309441912849,74.111660158121595,65.26961055245738,8.8420496056642151,64.885173287631915,9.2264868704896799,84.064924349868306,53.670792762673955,161.03275375912199,208.61146147014597,164.79358906509214,161.12094324599011,183.62131551605788,185.94022016052733,206.75574641457152,211.0169063687928,236.18194715652115,235.43160175670832,257.82781922620831,253.15600475724435,-0.39605520296257168,-3.6070436087190103,-0.4187069175823126,3.1883366911366977,0.71831279561706651,-0.75758043300251643,-1.4758932286195829,2.435486041796679,-0.98752818704556944,-3.4230142288422485,-2.5852832145659477,-0.97145822231951229,1.6138249922464354,-6.6749984737382988,-0.73348584616007884,5.94151262757822,94.82222023295617,91.74108833275568,3.0811319002004893,91.607124880676565,3.2150953522796044,116.1989254026339,53.6318865558369,414.24765540659428,198.76810656311417,156.14833076531687,153.00602304279383,172.24648808051026,169.97392122900615,193.23937806670921,195.9256146732036,228.9405387618018,229.68547580842286,248.47124710351727,255.38186038084891,1.3600091477501906,-1.2833749536009975,0.25684642425432003,1.5402213778553175,-2.1122208508736549,-0.29070430850919138,1.8215165423644635,2.1568905853119702,0.054607086572843855,-2.1022834987391263,0.22226792021876918,0.14587675900202157,-0.076391161216747605,5.3641657365214996,0.057908478892187532,-5.3062572576293121,-1.2085064456220778,-1.7560643507127622,-2.1285458005500573,-2.3236686551180128,0.94905317959791091,2.8305336464907214,1.4601404728526006,0.27859545648470885,-3.8268889508874793,-2.8075511347847169,-8.6274797876554317,-12.039164210259798,0.27992045461997739,0.41977083938044951,0.5001812921249541
1840,2008,118.57554239547051,42.725195436192095,3,10,22.746087902919768,-0.625,154.14764797687531,142.3772314786911,11.770416498184204,141.86547338962555,12.282174587249756,194.46794460713863,103.43372822725178,579.43014584481716,206.23110522465771,161.29008570697943,163.55372189586438,179.48275700141983,180.81606197976433,205.20371814314112,206.7683478716676,232.46705732986018,234.38302045234332,252.27950797157578,254.9776464796762,1.6742448423010785,2.4189316282092648,-0.074410799772550718,-2.4933424279818155,1.3942101330000014,-0.15669151836777928,-1.5509016513677807,1.2966380857384365,-0.22537504489460503,-1.5220131306330416,1.8362031598957174,-0.2187329747753779,-2.0549361346710953,2.6441703238201626,-0.11701492698404081,-2.7611852508042034,76.050834905356169,60.787997305393219,15.26283759996295,60.124395549297333,15.926439356058836,85.580772060900927,54.010299486080839,171.94177359249443,212.71919097494231,168.899525662575,168.02859054237601,191.16293313242085,188.92928058495275,209.37268536104665,213.56866193932245,237.76845892821635,236.85730600753061,258.07785935524555,253.86698581728763,-0.88498340365899253,-0.22161677332161389,-0.068529809299604949,0.15308696402200894,-2.1434184689995277,-0.28846515879698131,1.8549533102025464,3.4899369097142028,-0.39393822782525945,-3.8838751375394622,-1.6702589746633976,-0.38371652339040452,1.286542451272993,-6.189656496358424,-0.27025838665070978,5.9193981097077142,78.096813142299652,81.58923465013504,-3.4924215078353882,81.741077899932861,-3.6442647576332092,108.88717281073332,49.4234285251041,407.48837248235941,200.51020683301741,158.63118154816229,161.97483616090892,175.41696806991641,176.3126464725373,194.26390313567319,200.580291021536,228.3912340955184,231.78024913667815,248.62239792505312,255.82915843026282,3.9597255443165977,3.0167891143045438,-0.12257396903868312,-3.1393630833432269,0.69471629660756662,-0.19028225122031017,-0.88499854782787679,6.1227973947999885,-0.11248781466022706,-6.2352852094602156,3.1196127220586618,0.01665766360190446,-3.1029550584567573,5.7215098137777147,0.15053195887088577,-5.570977854906829,-2.559228245960071,-4.8447089479755903,-2.6405484015308787,-3.2384058876261577,-3.5376286019995291,-2.8381347656070943,2.1932988239757663,-2.6328604850857857,-3.5064621345591149,-4.7898716967220594,-8.8338268201785866,-11.911166310136139,0.296742885791351,0.44007649812821326,0.52217299339163425
1841,2008,118.82554353904098,42.725195436192095,3,10,22.746087902919768,1.7083282470703125,180.75596510955438,160.14788473592125,20.608080373633129,159.25188220156997,21.504082907984412,204.16294277281031,112.16994298109057,558.40518873929977,203.95745962376989,157.01955150686339,155.88020243329703,175.99219806654523,176.60529572638026,202.82035527877554,204.79989537385174,232.01528799043916,233.43681053159406,252.97134535070342,255.23823349011579,1.8521106903518785,-0.36009311065396332,0.019131467319937201,0.37922457797390052,1.3296893892413948,0.6308404295395178,-0.69884895970187699,2.7237471539643536,0.79990697758057649,-1.9238401763837771,2.3260516901466701,0.7286802034746529,-1.5973714866720172,2.6625539445021502,0.36880870363899021,-2.29374524086316,81.948392788643105,63.435515840195876,18.512876948447229,62.630608032759483,19.317784755883622,93.18226379544376,60.590955455854782,181.66470899034175,208.23398348938571,163.33064698007905,161.80558498883948,180.84713538818747,186.54337152129631,207.20649458387064,212.95199931462545,236.00947421382963,236.64319160996681,258.70111845662819,254.68868880329728,3.5870160669055338,0.85015467387037802,0.22637464532357399,-0.62378002854680403,7.8215858206006601,0.99788606314368167,-6.8236997574569784,6.9129009752111585,1.1951473870153393,-5.7177535881958192,1.901943017278569,1.1046410391999189,-0.79730197807865011,-4.1295474577676146,0.85582186629960688,4.9853693240672214,98.807572708341468,96.71237068883238,2.0952020195090881,96.621272768101335,2.1862999402401329,110.98067942440139,51.578987277503984,376.74047988653183,199.91208434867227,155.57111966562837,153.04263263433458,174.49391702379609,170.56821288938778,194.20314290101879,197.68344756979232,229.01980562080703,229.87943856112264,249.77872625215025,255.92123581756152,1.3429895146733202,-1.1960743494918518,-0.019123271833819899,1.1769510776580319,-3.0906901040992523,0.27758007770182758,3.3682701818010798,3.7657039165866877,0.59161643538647013,-3.1740874812002176,1.7217452329429648,0.49027726861234555,-1.2314679643306192,4.8090603716138958,-0.2531284759090795,-5.0621888475229753,1.7349053765536553,2.2440265522322136,1.2102477845243413,2.0462290233622298,6.4918964313592653,10.912275924699912,4.1891538212468049,3.1471970586244709,-0.42410867286810117,0.18019778433560418,-6.7921014022697648,-8.9386078293815103,0.32532775957988952,0.45641124941628458,0.54017104623177981
1842,2008,119.07554468261144,42.725195436192095,3,10,22.746087902919768,0.9166717529296875,150.96598376163456,130.11666960514049,20.849314156494074,129.21017698817741,21.755806773457152,185.71872791642818,109.37801127617786,568.25750932469964,208.43356493563081,166.16948363934273,168.30232619190323,183.78633157177111,184.17776507259086,207.26539014549658,209.28128126161056,233.24405535531974,235.53334541063907,252.65007200043812,254.85834838403045,2.2997702829603668,2.7066934088380492,0.23393822609838821,-2.472755182739661,1.028530058971171,0.35183298701915078,-0.67669707195202022,2.4802877881808172,0.39001827531797062,-2.0902695128628466,2.6599550556885276,0.30914760184197121,-2.3508074538465564,2.4867262036024442,0.17642094417760745,-2.3103052594248368,70.152244976197835,59.768720082647633,10.383524893550202,59.317263550978168,10.834981425219667,80.198501652312643,59.27949137775795,173.40314664746984,214.72913968302061,173.05046385961245,177.09968566221531,192.82041539141997,194.54942139072656,214.66606778424276,217.03064062925455,236.48266894735275,237.92929849238971,257.59110681896141,253.67183939866669,1.5365857854605451,4.8158276088159369,0.46200446633892511,-4.3538231424770117,2.3832388511882527,0.63085945438245972,-1.752379396805793,3.3206959251656087,0.6802340951520307,-2.640461830013578,1.7844246830618431,0.59415702598241182,-1.1902676570794313,-4.346352763196677,0.40622332040891251,4.7525760836055895,80.813739802440978,70.3479465968976,10.465793205543378,69.89291355640853,10.920826246032448,105.52022724635026,50.098520256047777,394.85436422005296,202.79096630434245,160.40276310948792,164.64594285788309,177.9523513425932,176.80184172648146,194.81859432582155,199.89567280690994,229.94070817295693,231.86930771558053,249.79513289434803,256.29988031499232,2.2593679654615926,5.115233173550024,0.2324113077170864,-4.8828218658329376,-0.25530957590459025,0.34960798782978486,0.60491756373437511,4.9420787658360723,0.074392837951535284,-4.867685927884537,0.60945939540678751,-0.001155884336554891,-0.6106152797433424,4.8380134293466881,-0.27564468883429072,-5.1136581181809788,-0.76318449749982165,-0.72278218000104744,2.1091341999778876,-0.29940556473408719,1.3547087922170817,2.638548427092843,0.84040813698479155,-1.6213828406704636,-0.87553037262668454,1.1749652876550556,-6.8330789667991212,-9.1843661925433651,0.3051488872598217,0.43182775669452828,0.54196899985755009
1843,2008,119.32554582618189,42.725195436192095,3,10,22.746087902919768,2.3478240966796875,158.6720105603672,134.38423201450132,24.287778545865876,133.32824164339399,25.343768916973204,188.05673453705822,100.99645430716373,573.43336565792561,210.42011130853351,170.73375463915289,169.20419698248506,185.99988582681979,184.7895488281487,209.44997552918349,209.18449104102328,235.02922651745376,235.8260237379134,253.6227803123015,256.29102797312055,1.2440025184377816,-0.56775023289233673,0.70156501434567531,1.269315247238012,-0.14629364060436956,0.84115184823923528,0.98744548884360483,0.7389635094648952,0.94367146800922797,0.20470795854433277,1.3926549761257832,0.66145007792161437,-0.73120489820416879,2.830211586061381,0.14254594737064963,-2.6876656386907314,70.185112316503364,50.716578166089676,19.468534150413689,49.870120473487987,20.314991843015378,78.802828360450121,45.756190359981701,160.88665595632483,217.09994532847452,176.71930941117969,177.81228392450325,199.84898030437884,194.53159265833077,217.1583365432295,215.97484178199059,237.74963376444572,237.89699325451662,259.19242484226692,254.43621946878025,0.01582342537753334,2.5253259075277299,0.32809572837911105,-2.1972301791486188,-4.2243350427800976,1.3199609998582673,5.544296042638365,1.4434365609616009,1.6100013264442339,0.16656476548263299,1.4240095289638646,1.4104202945466966,-0.013589234417167972,-4.7995570814577206,1.2395253358365608,6.0390824172942814,88.486897603113903,83.667654925184252,4.8192426779296511,83.45812257061516,5.0287750324987428,109.25390529256038,55.240263830301046,412.54670836031437,205.36197732607278,161.89200461170967,166.43599917072814,180.37761517952637,179.38146672847768,197.25456285954783,204.01334841855936,232.62821855659413,233.9404464478186,250.86664671183027,257.8706824898652,2.732665344149666,6.2779819673983184,0.8505046616861307,-5.4274773057121877,0.53037594539000565,0.92861363979369571,0.39823769440369006,6.7866548822503319,0.6752837683563655,-6.1113711138939664,0.81143815864680846,-0.083749922374977359,-0.89518808102178582,4.8055439529619264,-0.74127998302606102,-5.5468239359879874,-1.2281790930602483,-2.7168419187721327,3.0930761404200666,-3.7526560598705885,-4.0780414021757281,-4.7547109881701033,0.70447305149670569,-5.343218321288731,0.031354552838081418,0.61257137031705611,-7.6297686675191017,-9.605101034419647,0.280567308412081,0.41903752372623132,0.45304749234881003
1844,2008,119.57554696975237,42.725195436192095,3,10,22.746087902919768,11.291671752929688,216.44929707008123,203.41157056697193,13.037726503109297,202.84470772157147,13.604589348509762,223.4428072230603,135.71452260059596,601.38932263851166,203.16044498957007,151.37245619066528,146.52072269906898,174.31401622116721,167.4856776287499,202.52950295859131,197.74828292254486,232.89031299935735,229.57335279746496,255.63825737715817,255.96978116523238,-0.26409052544377687,-2.7848891945164667,1.779251600713053,4.5641407952295197,-3.6489711626664132,3.3060150442279621,6.9549862068943753,-0.25941418257210103,4.70794242698733,4.967356609559431,1.1469936423964953,4.427978768009865,3.2809851256133697,3.1212496999251869,2.7702236191741179,-0.351026080751069,77.687666405399796,74.29094123339928,3.3967251720005152,74.143257146739415,3.5444092586603801,79.467804976754906,70.324293109180871,177.02274434431456,211.31715717772494,155.77791759506607,154.25563381585707,186.89610950003564,180.22455439315834,213.53128354463777,205.16921855589115,238.56433009223556,228.62021999956653,262.74584747467588,248.21580267599774,-1.404438777746492,3.1355736888709487,2.1645336149075831,-0.97104007396336556,-1.9858828090717111,6.4410006038250458,8.4268834128967569,-0.66841035800797499,8.4402460413715801,9.1086563993795551,-1.8819687780570575,8.2931669717242471,10.175135749781305,-8.8059672914883151,7.3357264748581485,16.141693766346464,138.7616303620016,129.12062429698017,9.6410060650214291,128.70145105663687,10.060179305364727,143.97500197342788,65.390229279073537,424.36657815426588,197.32465735486909,148.90900602980065,143.63066872990564,163.06747677525422,160.88350654854358,192.05987861662064,189.68766058995732,229.01796205783583,231.05352816326496,251.81891125592912,260.42104711204126,0.45257342773305709,-3.107837224241365,1.8279087040318416,4.9357459282732066,1.4788207092511811,3.1673832044421317,1.6885624951909506,-0.20666991995949502,2.3640430218222548,2.5707129417817498,1.9374694938522623,-0.42425004752055884,-2.3617195413728211,8.6878183159762727,1.1016291015553179,-7.5861892144209548,-1.1403482523027151,-1.857012205479549,5.9204628833874153,6.2434109131123137,1.6630883535947021,-3.4647035183228923,-0.40899617543587397,-0.46174043804847997,-3.0289624204535528,-3.8194382719093198,-11.927216991413502,-17.493785607464588,0.29435631408893659,0.35565165853570369,0.51817809738861398
1845,2008,119.82554811332282,42.725195436192095,3,10,22.746087902919768,8.9166717529296875,195.34531551790133,185.62649085092198,9.7188246669793443,185.20393249480185,10.141383023099479,203.23140052233975,123.48037627934536,570.08904104679823,205.31224939819421,156.08583221450326,154.29619818278147,176.9148963447461,173.1728311951133,205.3334351127597,201.22215218679844,233.86718197986647,230.38892706562899,254.60818464843581,254.26447059148919,0.38873545723970437,-0.12310795879227499,1.2756960208396606,1.3988039796319356,-0.16948471550944078,3.4754282756090333,3.6449129911184741,-0.014002242235363838,4.2394412272335842,4.253443469468948,0.2613461509161823,3.8026085906164724,3.5412624397002901,1.7788552314185324,2.2475430011858464,0.46868776976731397,85.505411771358922,83.938324293665573,1.5670874776933488,83.87018955458916,1.6352222167697619,89.671547831813768,74.787348407178797,192.64879682403989,213.88502899160787,167.93746110929331,163.21820694861131,192.32394496747645,183.73917820341538,214.32565868617337,208.77496874970959,238.45108541437241,231.81420379198232,261.50107087778952,250.98870902683899,-0.96028410316853297,-2.8211653838496602,1.1313904945224635,3.9525558783721237,-2.1366299243321691,5.6745200885071654,7.8111500128393345,1.7366173272691015,6.4819771629618117,4.7453598356927102,-0.56537514694733204,6.0799257868221446,6.6453009337694766,-7.3148050931135629,4.8452831240911678,12.160088217204731,109.83990427553363,101.68816511184286,8.1517391636907632,101.33374200640719,8.5061622691264347,113.55985321951721,48.693027708253794,377.44024500250816,196.6229128392566,152.44363676191145,150.20938413965251,161.63864892530083,164.26995198374652,189.38147014376273,190.19721143920796,229.7322870700624,227.48953289790194,250.34871356933934,257.34607375073642,2.1019426673772159,0.27247230870693784,1.2372382871512002,0.96476597844426237,5.884816036129962,3.186311446385389,-2.698504589744573,3.6144760954576611,2.3980864452449566,-1.2163896502127045,-1.2494685799217962,0.34905288480877061,1.5985214647305668,5.8672121366402621,0.38460977162799281,-5.4826023650122693,-1.3490195604082373,-3.0622267705457489,-2.6980574250573852,-3.093637692556598,-1.9671452088227284,-8.0214459604621311,1.7506195695044653,-1.8778587681885597,-0.82672129786351434,0.68409343297446412,-9.0936603245320953,-13.182017229753825,0.33792755684322212,0.44122880421697841,0.60566181170350486
1846,2008,120.07554925689328,42.725195436192095,3,10,22.746087902919768,16.958328247070312,220.63876598092611,201.47629164287719,19.162474338048924,200.64313952650264,19.995626454423473,219.78271340946867,121.93632459061337,584.20150092244148,206.56285494509135,157.74031737700483,153.94475175021515,179.44733479169764,170.43198332310553,206.24546916480341,197.37900303763632,234.70277209491869,227.70667234820633,254.60578021883333,253.04424660447461,-0.20512226171007342,0.35777807912498361,3.7535831058823135,3.3958050267573299,-2.0510207465635801,6.9347754494168612,8.9857961959804413,-1.1590351296443657,7.861948868904534,9.0209839985488998,-0.08733799504648232,6.851665190613744,6.9390031856602263,2.8793082766134148,4.5545785090135382,1.6752702324001234,99.712143590782944,82.151892247637079,17.560251343145865,81.388403160548478,18.323740430234466,98.891157487497367,59.820870249759537,194.96097389858915,212.31431552889919,165.28031839193306,160.76654980256529,189.97110446632109,178.65920865962076,210.92357303549025,202.66275249502962,237.90451545888303,227.13639395850834,262.49830487413465,248.50979127978397,-0.038277966247278528,-0.58742249888032916,3.5929953581542975,4.1804178570346266,-2.2012808531258372,9.5366424639362322,11.737923317062069,3.4936767514771816,11.940221030454467,8.4465442789772851,0.23674752159533341,11.38418391038644,11.147436388791107,-6.5326969186153576,8.0658274960433403,14.598524414658698,120.9266229321729,119.32439906741456,1.6022238647583436,119.25473669377971,1.6718862383931992,120.89155646400104,62.115454117336412,389.24052721261978,201.57492584938268,155.16304516023891,150.76730023466078,175.60175851303472,164.66315722578793,194.78002425944769,190.69325509023929,233.35984505261007,228.70896009165435,250.791612208358,256.44734034605108,-0.47639340929461582,0.41990364466971641,4.1149552385606682,3.6950515938909518,-5.1196206626352989,5.6585985847566178,10.778219247391917,1.4581963859977236,5.6860778287960159,4.2278814427982923,-3.3192211425206608,1.0830546439956947,4.4022757865163555,6.1759784746299147,2.5797424088135585,-3.5962360658163561,0.16684429546279489,0.43811544304733729,-0.94520057800531276,-1.0073261435500456,-0.15026010656225708,2.9183398095094617,4.6527118811215473,2.035480365479458,0.32408551664181573,3.5559686641159942,-9.4120051952287724,-12.708675393245272,0.33372213797936157,0.44994966143336795,0.49059105603355652
1847,2008,120.82555268760467,42.725195436192095,3,10,22.746087902919768,0.4166717529296875,200.97235560417175,200.25614941120148,0.71620619297027588,200.2250120639801,0.74734354019165039,232.90689047152227,142.65034094452858,662.61561438441277,200.55315120222014,146.21858695734849,146.80136599700143,166.64438763197748,169.81363029742673,200.57397119610127,200.8310439181576,232.48270894154646,232.67023831616569,255.2353148756105,257.45621821553704,1.1575224662863661,0.92401108310158975,0.14618322007140705,-0.7778278630301827,3.5215863410753059,0.21749931988478011,-3.3040870211905258,0.4394813621441358,0.22401803528211417,-0.21546332686202163,0.32077259800007596,0.21408277431206102,-0.10668982368801494,2.1566525115902948,0.13149965485490611,-2.0251528567353887,81.237935803830624,99.5548996925354,-18.316963888704777,100.35129022598267,-19.113354422152042,85.4216006019617,89.894642114639282,198.25545995822176,215.85458701310628,167.5535693163626,158.29980313224365,195.69107845421999,184.17968220768157,217.00860011446599,210.5185757833211,239.45451510745235,235.21340413655554,263.92793341527596,254.82635150479689,-6.5380697225962194,-8.7686094312480236,0.21258095631975493,8.9811903875677785,-10.079604349508571,0.27678461426509671,10.356388963773668,-5.6729173512652267,0.31573713270822168,5.9886544839734484,-3.9477356980581533,0.31171109801212538,4.2594467960702787,-9.4083230950800782,0.2334173081947597,9.6417404032748379,119.73441982269287,100.70124971866608,19.033170104026794,99.873722314834595,19.860697507858276,147.48528985093435,52.75569898635149,464.36015453934669,187.15634247133923,137.8582901667813,140.22897052592546,154.62064289800131,159.44582173758783,180.56085839081254,185.44217215863259,217.78195003853625,226.66669275261827,249.56103173950919,260.94423781351509,6.5613464469572875,3.8141128030985669,0.087588398209646812,-3.7265244048889201,5.2164337357978638,0.10907727192790162,-5.1073564638699622,5.6350257806664956,0.16386531242284263,-5.471160468243653,9.9896567980208886,-0.10268982187034226,-10.092346619891231,9.4346449177468799,0.067835551242751535,-9.3668093665041283,-7.6955921888825856,-13.099416169553507,-9.6926205143496134,-12.582722234346591,-13.601190690583877,-15.296038085306435,-6.1123987134093625,-11.307943131931722,-4.2685082960582292,-13.937392496079042,-11.564975606670373,-18.842968012826958,0.2992013101629159,0.36676287433585514,0.6301747441991461
1849,2008,121.3255549747456,42.725195436192095,3,10,22.746087902919768,7.6666717529296875,207.91899583580016,213.75259700855167,-5.8336011727515142,214.00623104050828,-6.0872352047081222,227.87875265014554,126.25174474899359,616.65567468106747,202.51761407882213,148.00531190976477,149.63212821889095,167.22849517535471,168.66195885097272,203.11081152772607,198.76182457008392,235.87130507293409,230.93688452800163,256.74664617780957,256.57214702829384,0.48391418094527694,2.4677608209476318,0.50035387920092944,-1.9674069417467024,3.8248601514026461,2.3784165456168864,-1.4464436057857597,-1.2482487701718981,3.1050965873071732,4.3533453574790713,-2.2132296173309385,2.8674489354731065,5.080678552804045,1.44681585667837,1.6635561738964384,0.21674031721806841,89.426578647395218,104.92171911655896,-15.495140469163744,105.59542153800248,-16.168842890607266,92.803340483838497,64.255434432214315,183.34938432404306,211.93144540018454,163.31686292796158,153.33569111553666,186.77786087562939,177.29675962124509,212.59727051511959,204.48671917839994,233.36402815190863,230.40002453584563,265.16789445708048,251.77205761353656,-3.7292711752940875,-6.0113970566929993,3.0747730254937267,9.0861700821867259,-5.0271230799414752,4.1650395288602624,9.1921626088017376,-3.3643562776358351,5.3914816828963978,8.755837960532233,2.0806574248324807,5.4982031994893816,3.4175457746569009,-9.4148870965143487,4.6676715294088922,14.082558625923241,118.49241683077707,108.83087788950888,9.6615389412681907,108.41080909024095,10.081607740536128,135.07541186067829,61.996310778715269,433.30629032850266,195.01514360353633,144.0862973555009,146.55978683613682,158.31133299013999,162.16801015980255,188.39216226344769,189.87847126349951,237.12117559510489,231.79120515306155,253.39187159171178,261.1078279565873,2.2684137922267666,3.6199277778748353,-0.88662698464534628,-4.5065547625201816,5.3070331822365517,2.1597104533165634,-3.1473227289199883,1.3533507446183535,0.64372941126336514,-0.70962133335498834,-7.0917242749824538,-1.8531119123813369,5.238612362601117,6.0221768872360144,-0.48693786692069807,-6.5091147541567125,-4.2131853562393644,-5.9976849675208541,-8.4791578776406311,-9.6313248345678346,-8.8519832313441214,-10.334156262178027,-2.1161075074639371,-4.7177070222541886,4.2938870421634192,9.1723816998149346,-10.861702953192719,-15.437063983750363,0.29732862576651198,0.40724876454943693,0.50894690255539243
1850,2008,121.57555611831606,42.725195436192095,3,10,22.746087902919768,7.0416717529296875,177.24649572300405,183.3293432611863,-6.08284753818225,183.5938142523155,-6.3473185293114511,205.24973997578127,122.79470255012711,618.86804875731468,206.20041408526839,156.51841396793873,158.19414877535164,174.66389740774937,174.70479115058444,205.44057451633782,201.46993098442246,237.53079240512002,231.60363835672081,255.09358737840819,254.76660765471448,0.038529356764655631,3.60075913161009,1.3073108399707678,-2.2934482916393222,2.3152580331503714,2.250262768468474,-0.064995264681897424,-1.083645604541374,2.933839519933656,4.01748512447503,-3.3509460575705816,2.6241861307227907,5.9751321882933723,1.4579203518713939,1.6901598305755385,0.23223947870414463,56.075835228961296,80.401196175955192,-24.325360946993897,81.458821374908439,-25.382986145947143,59.452124103630467,48.481690548309416,132.71152177907061,215.63684066323432,166.60616877873599,162.68908343456923,195.36357457302032,182.81732707216653,217.44105517678304,207.41316492218567,237.46388922741761,231.76561294994667,264.5273914264418,251.82096756380187,-4.8584305820203326,-3.0638697692220092,0.20091286116928586,3.264782630391295,-8.8384095851399138,2.5817354227194187,11.420145007859333,-5.8561382996146847,4.0896415911015254,9.94577989071621,-1.4862539256168361,4.2802397488622432,5.7664936744790793,-9.6541134775710589,3.5429816505635756,13.197095128134634,121.17066094852817,102.92814500900386,18.24251593952431,102.13499410426994,19.03566684425823,145.79761629062523,74.313011972015374,486.15652738511562,201.57315217270701,152.77949090256934,156.26356934358117,171.05918818399752,169.55884229530665,195.95767266042722,195.00771688748645,237.5468499309639,231.40317548463534,252.97087056610897,257.36973396630492,0.97867755029307091,5.7886558709955693,1.1608203607637506,-4.6278355102318187,1.2193606620888318,2.0042958436885669,0.78493518159973519,1.4770949548549765,1.6100344475742929,0.13293949271931638,-6.4502116012416479,0.31113290604588428,6.7613445072875322,3.8666329683735228,0.47078349296486977,-3.395849475408653,-4.8969599387849883,-5.8371081323134035,-6.6646289008320991,-8.8525256402175785,-11.153667618290285,-10.057770247228746,-4.7724926950733106,-7.3332332544696612,1.8646921319537455,4.9639576756248118,-11.112033829442453,-13.520746445944582,0.21444235495038882,0.28965748804673569,0.39481907233350133
1851,2008,121.82555726188653,42.725195436192095,3,10,22.746087902919768,1.0833282470703125,182.53899297570388,178.99053672270747,3.5484562529964023,178.83625668984678,3.7027362858570996,222.05522602091514,134.55044631712371,618.95814659446478,200.48002665463949,147.06387879668125,149.42966684970693,164.1903725687111,169.99328951986618,200.40416209178517,199.99224841579453,234.67348359064826,232.40040626103365,254.86135895946538,256.56586246907807,1.432139364123941,2.8598501612400469,-0.081400832528714773,-2.9412509937687616,6.2076783140539078,0.41784270075768859,-5.7898356132962192,-0.075358970282223936,0.43034573758546912,0.50570470786769306,-1.9037894600964762,0.39944347486340348,2.3032329349598797,1.9706985548419595,0.25396250566620893,-1.7167360491757506,60.388338377275431,79.892050573593224,-19.503712196317792,80.740038296000421,-20.351699918724989,64.122405551113786,57.565437722600109,139.92338034347631,213.24426429496339,165.81868356984361,156.3197932203563,194.04367761393564,180.56588492621353,215.01673982972511,207.60533013430646,232.99783537858139,233.66753872210754,262.88319226237979,253.91664213949218,-6.0187677188691566,-7.8942898138294595,0.58146420854680514,8.4757540223762646,-11.937661633456514,0.5958325569213514,12.533494190377866,-6.8274164275647706,0.78763794899657569,7.6150543765613463,1.1474860717504782,0.72976296937167717,-0.41772310237880106,-9.04234379618552,0.522583735201124,9.564927531386644,122.1506544742515,99.09848513583529,23.052169338416206,98.096218093339303,24.054436380912193,157.93282011186238,76.985007690520433,479.03476462513208,193.86812929182932,142.70236781219191,145.22319932538997,157.73759800206608,164.08499188604941,187.51262370906704,190.80852044919408,236.03073850349304,230.85396681709602,253.32851088266457,259.12207771479694,3.5326121402963508,4.7081682728586713,-0.10184070085455232,-4.8100089737132237,6.1922361460105719,0.20915626571203916,-5.9830798802985328,3.316253811369819,0.17286278732498772,-3.1433910240448313,-5.4013639975972865,0.044751027023352208,5.4461150246206387,5.1268355998006143,0.10940655366897545,-5.0174290461316389,-7.4509070829930977,-9.5513798591655075,-10.754139975069506,-12.602458086688131,-18.145339947510422,-18.129897779467086,-6.7520574572825467,-10.14367023893459,3.0512755318469544,6.5488500693477647,-11.01304235102748,-14.169179395986134,0.2260627493366732,0.28876782906732473,0.42783535319476662
1852,2008,122.07555840545699,42.725195436192095,3,10,22.746087902919768,5.2083282470703125,188.65610951185226,186.38597744703293,2.2701320648193359,186.28727805614471,2.36883145570755,214.57813604102557,137.02484278173688,596.19428109377623,200.57520616992886,147.07340982309401,149.04239035818654,164.38510843708735,168.24298294380927,200.7811426397632,198.1429676266128,233.64099949747552,230.84455353340067,255.54724199691577,256.00977527444491,1.2199928904343551,2.6513532200727354,-0.22223725850363962,-2.8735904785763751,5.65412281686244,1.9806319905617897,-3.6734908263006503,-0.71149534859867458,1.9624575430371749,2.6739528916358495,-0.87664983369188576,1.972683409419858,2.8493332431117437,1.565883651593083,1.2474547187668463,-0.31842893282623663,59.756629504263401,76.469824701547623,-16.713195197284222,77.196485847234726,-17.439856342971325,61.673146187568591,65.943721123298019,143.86155556848098,215.45811568877545,166.99909382831052,158.77307630358297,198.56504644961998,180.81980793467804,216.94422504046955,206.3060640032372,234.97299363534705,231.73853963258128,263.49511424037991,251.92859620707728,-6.0903298519399414,-5.49290370116546,2.578383535557208,8.071287236722668,-12.92373025345475,3.7372389349412458,16.660969188395995,-7.2389260794915344,4.0312303236900391,11.270156403181574,0.4049693280482245,3.9551095631246369,3.5501402350764124,-9.0544916865797802,3.1790809997513634,12.233572686331144,128.89948028326035,109.9161539375782,18.983326345682144,109.09079173207283,19.808688551187515,152.90499020052994,71.081121256107508,452.33272538334131,192.09561655099427,141.83895598685751,144.21596474050367,156.75412095815307,161.57039972769002,185.20645490203489,188.14572388471538,232.93829544818863,229.13996459153779,253.60344201132472,259.36389072347419,3.6193496546804624,3.7319309261862088,-0.92543719436599758,-4.6573681205522064,4.8581961987173656,1.1208823647110364,-3.7373138340063292,3.2539543719687458,0.51276714119998701,-2.7411872307687588,-4.5414188148807568,-0.11918801129459666,4.4222308035861602,4.5945405292884516,0.044906205349434458,-4.5496343239390171,-7.3103227423742965,-9.7096795066204038,-8.1442569212381954,-9.2248346273516688,-18.57785307031719,-17.781926452172115,-6.5274307308928599,-10.49288045146028,1.2816191617401103,4.9463881429289813,-10.620375338172863,-13.649032215868232,0.24129979124347353,0.28741579792536365,0.48125376234394202
1853,2008,122.32555954902745,42.725195436192095,3,10,22.746087902919768,0.7826080322265625,158.18788935773409,164.23474964251363,-6.046860284779541,164.49765709490384,-6.30976773716975,193.09595608930249,125.93010863654126,556.05942627042532,204.7435736886211,153.11695060151519,156.25853161668181,171.86845665703692,173.98804340480882,205.38083133904053,202.32363146083765,235.78235442637666,233.13109429076886,255.8916856783722,256.1628574499066,-0.2772935963357952,3.3588324381932466,0.018506108351658668,-3.3403263298415879,2.5292858328977843,0.20993888584123965,-2.3193469470565446,-2.8833708968051326,0.27902901038112304,3.1623999071862556,-2.3028272968136889,0.30478548525104543,2.6076127820647343,0.33308258006735514,0.13633869643535945,-0.19674388363199569,64.941129942795669,72.29352025731896,-7.3523903145232907,72.613189897756456,-7.6720599549607869,70.777557431438709,65.908455468994362,159.41710158306523,214.60534159876195,166.18266363813649,162.31099831583234,195.76356148478814,183.97180797567918,216.11134737617502,210.02617633141631,235.94551817455275,235.31418671705865,262.76722133029443,254.42614847099685,-4.6092942731852986,-2.9768140385798461,0.15823823841552098,3.135052276995367,-10.634482371040576,0.48902180275172213,11.123504173792298,-5.3692989336143739,0.52447823161466545,5.8937771652290394,-0.15809520150054368,0.52150070761518919,0.67959590911573287,-8.1271173266628978,0.35547556129000668,8.4825928879529044,93.246759206322167,91.941227889899892,1.3055313164222753,91.884466958728808,1.3622922475933592,122.31839858432977,60.02165340596548,396.64232493937016,197.35098101467781,148.25290405743067,152.73892247929891,161.66124436064564,168.18035188642472,189.6677062951494,193.09729130432692,235.72312602540282,229.9181876446743,253.80988956017544,258.02506866303031,2.3450671830442786,5.467686021776899,0.062054856722454588,-5.4056311650544444,6.9071030611617346,0.20762236730632821,-6.6994806938554063,3.5511254667400181,0.15221862341741144,-3.3989068433226066,-6.0509125916804578,0.093018983481954365,6.1439315751624122,3.2411450978659389,0.098231447073146683,-3.1429136507927922,-4.3320006768495034,-6.9543614562295772,-6.3356464767730927,-8.4445000603567451,-13.163768203938361,-17.541585432202311,-2.4859280368092413,-8.920424400354392,2.1447320953131452,5.8928173901799141,-8.4601999067302529,-11.368262424528837,0.28669076370541874,0.3665408580524892,0.52337329160271717
1868,2008,126.82558013329577,42.725195436192095,4,4,22.746087902919768,7.7222213745117188,152.08421062447451,167.54555898791295,-15.461348363438447,168.21779379532381,-16.133583170849306,161.5050005489702,259.20916293122718,563.70710863918066,193.18828043041418,134.05876485585605,128.39623110835134,160.60916487962339,150.26009698113626,191.29228521494946,184.45035793720123,227.17665211738759,220.22794086500895,254.18436300442659,247.90893301176894,-3.4081569643527132,-3.1611485132832229,2.5488328634308175,5.7099813767140404,-6.0359246359231236,4.0651886767929284,10.101113312716052,-2.6591806359888892,4.3530302736819806,7.0122109096708698,-3.0193952680269831,4.0122245082057475,7.0316197762327306,-3.3234776124802465,2.9832565584027861,6.3067341708830327,90.165649380824107,113.61457708360831,-23.448927702784204,114.6340954188272,-24.468446038003094,94.925739209531912,188.66730345436918,297.92401203385089,199.74372247782557,147.49520056642174,132.52177865351999,167.51914691355498,152.31875126724537,199.52580758458143,185.11872649620918,230.71141326928546,219.77754599888081,255.17486939219356,245.79325880226978,-6.9587874693403933,-8.2840556315261438,6.0502734927025017,14.334329124228645,-8.5232140478775591,6.2545534306905779,14.777767478568137,-8.4622731181615052,6.2998301301982451,14.76210324835975,-5.2135415492321897,5.6205842999951869,10.834125849227377,-4.5636959693106007,4.996887367753061,9.5605833370636617,61.918561184873397,53.930983467269471,7.9875777176039264,53.583698972543061,8.3348622123303358,66.579261310463608,70.541859498382109,265.78309685736895,179.63035636589129,121.00729825941386,119.42293000095061,139.40543968718728,144.56651832173634,179.20617009540979,182.39496580574209,212.4427295648604,221.41260984639612,248.93517983026484,253.63590164581322,4.0710324843281001,-0.37888768449312238,-0.32580745800537159,0.053080226487750792,2.2611292129093101,-2.7250309788247193,-4.9861601917340295,3.2524569512437438,-0.38084642114054645,-3.6333033723842902,9.3479811507324371,-0.025096953784526477,-9.3730781045169635,1.6139850134445624,-2.4701905125052974,-4.0841755259498598,-3.5506305049876801,-11.029819953668493,-5.1229071182429209,-7.9051679470330214,-2.4872894119544355,-10.784343260786869,-5.803092482172616,-11.714730069405249,-2.1941462812052066,-14.561522699964627,-1.2402183568303542,-6.1776809827551631,0.52850852413952254,0.58775727616402396,0.72785738482719442
1871,2008,127.57558356400716,42.725195436192095,4,4,22.746087902919768,3.9545440673828125,130.9371048764915,138.96343819023969,-8.0263333137481823,139.31240815761703,-8.3753032811255252,148.08136675581409,262.62848195929473,557.54777708649635,194.13076964918986,134.68678769492575,129.39100053813308,161.18985670487783,153.11454320428524,194.08422903139461,187.92890686529273,228.24928423764626,223.27908564766011,253.56619663693425,249.19039387233744,-3.666477679740126,-4.1277149300443057,0.91317643346232558,5.0408913635066313,-6.0821813882077436,1.7958714010532901,7.8780527892610337,-4.1356628959038346,2.032444255471944,6.1681071513757786,-3.05285881194024,1.9730002763711525,5.0258590883113925,-2.7658128749927471,1.5496621566893793,4.3154750316821264,84.411935382009688,96.559394908097602,-12.147459526087914,97.087545254100405,-12.675609872090718,88.798920959488896,197.92239534260079,306.00081217195839,200.58863732875932,148.46191740314168,134.78173018658529,168.1472912380797,156.30683745327192,202.40192323119226,189.45312004864252,230.96290732108199,223.96703562649986,253.76695561570278,248.09218374220282,-7.1954313126187799,-10.254264793306703,2.6697760447551673,12.92404083806187,-8.7791100688325514,2.9605755387875945,11.739685607620146,-9.9172611159632993,3.0265951246982752,12.943856240661574,-4.7055315862456837,2.8628256932296665,7.5683572794753502,-3.2509682305853573,2.5136289945257033,5.7645972251110607,46.525169248612656,42.404042718605524,4.1211265300071318,42.224863163609371,4.3003060850032853,59.282445485263452,64.706086467682326,251.54696431010962,179.19706350790818,120.85671536787227,119.69110613805481,139.25243096812196,144.70475280046674,177.61287985321565,183.65622432078678,213.23171118201441,221.75937295158013,251.29416672121238,251.86829704948619,5.4142688801435099,0.39888120283006856,-0.0024937436489125275,-0.40137494647898109,3.6882736531676414,-1.6860068789991374,-5.3742805321667788,6.4096496871154613,-0.18114295854891793,-6.5907926456643793,8.9075139158732952,0.0696018036637156,-8.8379121122095796,-1.0127303824859553,-0.72251226000119573,0.29021812248475953,-3.5289536328786539,-12.60970019276229,-6.1265498632623974,-10.653145996136772,-2.6969286806248078,-12.467383722000193,-5.7815982200594647,-16.326910803078761,-1.6526727743054437,-13.613045502118979,-0.48515535559261025,-2.2382378480994021,0.54883334621292246,0.59966302921770143,0.75362121376186897
1874,2008,128.57558813828902,42.725195436192095,4,4,22.746087902919768,3.7142868041992188,109.36006742715836,125.25724470615387,-15.897177278995514,125.94842612743378,-16.588358700275421,130.88976415564957,253.588126651317,517.47371353209019,195.59833703338151,136.07360027228199,130.29886586787777,163.96173803152621,154.24355467006043,195.98567322477984,188.9859539649367,229.52389009747205,225.13590663039764,253.74430888143647,249.85307297748645,-4.2570763636568927,-4.6401027588350985,1.0040831958431227,5.6441859546782212,-7.8470237986369398,1.688628087820689,9.5356518864576287,-5.0386921820028476,1.95974649252787,6.9984386745307177,-2.7364570844696061,1.6728467456663907,4.4093038301359968,-2.5779345961661875,1.309088029190292,3.8870226253564795,75.155117869377136,84.395825624465942,-9.2407077550888062,84.797594964504242,-9.6424770951271057,80.753054090335354,201.9090219792779,312.72310599294724,201.41579775200938,147.95270206283831,136.43940654986685,171.50574032592132,158.35406457372483,202.00264320204022,191.56334358655153,233.53354708955217,226.60450776425864,255.27046971128598,249.72899379522264,-6.6114073461384635,-8.623501166798718,2.5377031376351624,11.16120430443388,-10.695512250108067,2.6848212176968502,13.380333467804917,-7.9957478020346855,2.5515749578208897,10.547322759855575,-4.7810241459830536,2.4192745623593908,7.2002987083424443,-3.6705920939165537,1.9158659709160304,5.5864580648325841,34.204949676990509,40.861419320106506,-6.6564696431159973,41.150830566883087,-6.9458808898925781,50.136710244128153,51.679104604983877,204.75060756504536,179.4478447086756,119.63741885208009,120.43343079690199,141.38641470423184,144.17081537886511,182.42831951271495,182.52990428738053,213.73911324090179,221.56557089134037,245.50211002166256,250.15655361620006,4.7738822064611099,2.8912228900565111,0.71173314846056712,-2.179489741595944,2.0021131369395562,-0.72090516414112926,-2.7230183010806854,0.42820568697808881,0.36972252050847487,-0.058483166469613934,7.036520124639253,-0.027673179824347471,-7.0641933044636005,4.1418506193243161,-0.3267250881671373,-4.4685757074914534,-2.3543309824815708,-11.385289552599573,-3.9833984079636195,-11.514724056855229,-2.8484884514711268,-12.697625387047623,-2.9570556200318379,-8.4239534890127743,-2.0445670615134475,-11.817544270622307,-1.0926574977503662,-7.8124427132408698,0.60432655382321032,0.61695469169236661,0.79620850015940325
1875,2008,128.82558928185949,42.725195436192095,4,4,22.746087902919768,3.4545440673828125,100.89883649947296,113.09426069205438,-12.195424192581413,113.62449582091722,-12.725659321444255,119.94929628147565,260.33767451398307,517.25294184684753,196.96906216362822,140.9538253410087,132.48986864950166,165.22068256507379,156.70693747254049,197.51805920881992,190.4998173525403,230.13495096294488,226.25074697012732,253.71121853052591,249.81696851872425,-4.3493261021459091,-7.3608366076693699,0.80236272004742659,8.1631993277167965,-6.9952582854248533,1.5225576051878988,8.5178158906127521,-5.2877095282200912,1.7221780070669297,7.0098875352870209,-2.3251025007140811,1.5685894480334639,3.893691948747545,-2.6957764425593496,1.2172407304569504,3.9130171730162999,68.822922323724924,77.093046062376743,-8.2701237386518187,77.452615504191272,-8.6296931804663473,73.469695041590057,209.52213277487681,312.61262589856051,202.55098713634874,154.24099606806277,138.48610728524989,171.9480671229361,160.58414760251793,204.08344578644517,193.47515320681981,233.75923126642292,228.13175505008013,255.82874723815618,250.31801485072072,-6.3538959126388193,-13.062166173785243,2.3169673910957158,15.379133564880959,-9.2447501224035307,2.5131652327708593,11.75791535517439,-8.3907788784804609,2.3433025136253889,10.73408139210585,-3.3906947815616491,2.2354134933250407,5.6261082748866897,-4.0969753881208248,1.6243139426945561,5.7212893308153809,32.075914220451523,36.001215978910295,-3.9253017584587724,36.171881397737707,-4.0959671772861839,46.47960116537979,50.815541709303943,204.640315964818,180.73352256568288,119.74464075267133,122.34102720589023,143.5714232850363,146.28691402686943,183.53717153509203,183.15733650007112,214.45989767348425,221.01829963744237,243.86900691088874,248.56733156389265,4.1946834763114964,4.3647132291949191,0.23425310302698676,-4.1304601261679323,2.1772606756388484,-0.69028771197397987,-2.8675483876128283,-0.04097731597943266,0.4066374140491007,0.44761473002853336,6.3455105105611267,-0.1666676685456423,-6.512178179106769,4.212910016043935,-0.13043691591911966,-4.3433469319630547,-2.0045698104929102,-10.548579388950316,-5.7013295661158736,-17.426879402980163,-2.2494918369786774,-11.422010798042379,-3.1030693502603697,-8.3498015625010282,-1.065592280847568,-9.7362052921227757,-1.4011989455614753,-8.3098854041647598,0.60437089982007564,0.61250626155558641,0.80480911249602138
1877,2008,130.32559614328227,42.725195436192095,4,4,22.746087902919768,7.8000030517578125,97.575708338750701,98.867076269783865,-1.2913679310331645,98.923224994014163,-1.3475166552634619,103.07254527036002,295.47330445316038,538.24964863806963,196.24929970997908,133.24604980020172,127.29519385806407,162.17120123280574,152.84854481279586,195.55958325252243,191.45019793824449,230.85190653864078,228.37413048884747,258.33074609965621,255.07905288256154,-1.3273122928521275,-3.446386164702858,2.451339897988106,5.897726062690964,-5.124271117935649,4.1309083623844174,9.2551794803200664,0.23588002874282665,4.4253751618473984,4.1894951331045718,1.9137412566139744,4.5323676652770075,2.6186264086630331,0.13299193360592199,3.4487669529642631,3.3157750193583411,50.521023082259489,53.410528745822376,-2.8895056635628862,53.536159948387649,-3.0151368661281595,53.813953783333318,240.71197857587231,304.42157253925689,202.34773050042068,146.33833209660659,136.68081356615997,170.68194052470713,161.74370167371427,204.78172833519727,197.55064802118494,234.04321121075583,229.98716624453556,260.03905360139726,253.76221180253327,-0.64576642430088782,-3.3274414401535637,5.9895691813827909,9.3170106215363546,-2.472185820288388,6.390377741727832,8.86256356201622,-0.96149015138169602,6.288005088521686,7.2494952399033821,1.7847478423743439,6.2145570754854305,4.4298092331110865,-1.0525368821688517,5.3653958130270212,6.4179326951958728,47.054684973369149,45.456549139246818,1.5981358341223313,45.387064091952197,1.6676208814169513,49.258591200924457,54.761325752118864,233.82807578146458,178.98197197673926,117.14509183186139,114.97126675649422,139.22702474315219,135.28372756141476,171.92929049939963,174.25709761569598,214.62398984920478,222.54978866340755,246.75878367428658,260.31753950627893,1.8666564088868256,0.90557952887088788,1.0665187317404872,0.16093920286959928,-2.6656489927133578,0.89861194224789642,3.5642609349612542,2.2583199486553553,-0.11354064865781766,-2.371860597313173,6.9097249475651097,-1.4054037745247854,-8.3151287220898951,9.3261545814236797,-4.270281267338305,-13.596435848761985,0.68154586855123966,-2.5124228331877134,0.11894472454929428,-4.2330209690244516,2.6520852976472611,0.1934631724249698,-1.1973701801245227,-3.2198101000370514,-0.12899341423963051,-5.1249771051907658,-1.1855288157747736,-10.378691463592531,0.56557690898551116,0.52209784518446622,0.81466574119568536
1882,2008,82.825378864894333,42.47519429262163,1,10,22.836202739143371,-0.649993896484375,88.502573189201939,73.762007806664769,14.74056538253717,73.121112844310119,15.381460344891821,100.7428788434263,76.569892278002953,204.04100842680782,186.11228096212204,136.10041183596866,136.24652976558298,154.37033271139663,157.46111387494057,183.62055525643586,188.49146366386339,217.46962911374933,220.50950252089481,239.22753435497356,242.9699798438692,2.6981288180947729,0.3388374073016962,-0.19836544022757607,-0.53720284752927228,3.1072046511736175,-0.31713804416222047,-3.424342695335838,4.4317088751784866,-0.33675550085985151,-4.7684643760383381,2.7289331856750323,-0.31166876967736812,-3.0406019553524004,3.685824936042593,-0.20751758316575319,-3.8933425192083462,4.4984365278583027,3.6773172725520453,0.8211192553062574,3.6416163541962305,0.85682017366207219,4.4984365278583027,15.234106717188297,19.834513339868863,210.18838542345938,181.39496764451212,175.41088567937558,194.79231857896903,191.50363362440427,212.47476632218144,210.8216291080038,226.75316098694185,230.1105791832768,234.78226236551811,243.55307091900022,-0.053814594912836355,-5.6583042745812406,-0.65854361824239049,4.9997606563388501,-2.3597824229998707,-0.62765741559334742,1.7321250074065233,-1.4957548025741403,-0.56130710443187581,0.93444769814226447,1.63437457210415,-0.52881943796717223,-2.1631940100713223,9.0308060900705414,-0.31741406248113435,-9.3482201525516757,84.004136734827625,70.084689112019987,13.919447622807638,69.479496469994046,14.524640264833579,96.244442389051983,61.335785846917133,184.20649543311447,183.09741824362965,134.72987993567997,134.75611535807479,151.72259845180071,154.9391270798001,177.70933042818726,185.15807614223093,214.731399323353,218.94619464670677,239.66903333718651,242.90916042546604,3.7502736546150288,0.28881944035421725,-0.18225811123110702,-0.47107755158532427,3.1536178783680953,-0.31089573828313632,-3.4645136166512316,6.9659125250182399,-0.27731563527601111,-7.243228160294251,3.7897907724055528,-0.2707713764284847,-4.0605621488340375,2.8913916926204593,-0.19510689798104863,-3.0864985906015079,-2.7519434130076093,-3.8040882495278652,-5.9971416818829368,-5.9471237149354579,-5.4669870741734883,-5.513400301367966,-5.9274636777526268,-8.4616673275923802,-1.0945586135708822,-2.1554162003014028,5.3449811540279484,6.1394143974500821,0.097208465556980247,0.044652650187312334,0.19895687800993239
1884,2008,84.575386869887566,42.47519429262163,1,10,22.836202739143371,4.695648193359375,81.614787429571152,73.953208267688751,7.6615791618824005,73.620096445083618,7.9946909844875336,96.518140716121707,81.657563150612987,223.90825887350366,190.62853303909091,142.50143898728481,144.97197046981555,162.92413022102238,164.47539251850247,189.13451776421869,191.5884822729891,217.08693929175192,218.17404093476614,238.74936819921601,239.31663599221673,2.9238954801028285,3.019784837780179,0.53921896607107556,-2.4805658717091035,3.162942058126049,1.6779993637837549,-1.4849426943422941,4.7798903241341293,2.4015594077461344,-2.3783309163879949,3.4043234648200382,2.3385713320920729,-1.0657521327279653,1.9119194848147458,1.3313892704890122,-0.5805302143257336,44.822610061150044,33.453967895358801,11.368642165791243,32.959679063409567,11.862930997740477,44.965561404358596,43.534823655124228,88.991283739451319,193.89290407954712,160.03863548955891,160.86477229535112,173.79864755554749,175.13863828412067,192.6677982576179,194.79351219127707,213.89446377249814,214.15958625078179,227.57554297984902,229.67837131652769,5.5785442643945942,5.9191329316133192,4.5946033338227039,-1.3245295977906153,6.246940655155214,4.5703275467549531,-1.6766131084002609,6.5765703228370569,4.5319029595596874,-2.0446673632773695,4.621357482572904,4.4108288796348347,-0.2105286029380693,5.7387376164658122,4.1510724599737046,-1.5876651564921076,36.79217717051506,40.499241471290588,-3.707064300775528,40.660417497158051,-3.8682403266429901,51.552579087780032,38.122739558413741,134.91697497991845,187.40693223392057,135.95805571023971,137.59009039161992,147.98178443249239,152.07881570163499,182.46300163589424,185.87871701953716,225.58102394769966,224.46856587094931,247.14610498265392,246.55837558865383,1.1516402402884864,2.4254691861077902,0.40789920399257085,-2.0175699821152193,4.2050021570827596,-0.046349401295628923,-4.2513515583783885,2.1685047651585592,-1.3812326841571121,-3.5497374493156713,-2.0410983759500141,-0.80880766018526629,1.2322907157647478,-0.67839831104174664,0.20169455057342134,0.88009286161516798,2.6546487842917657,4.4269040241061077,2.8993480938331402,3.4936637455055291,3.083998597029165,2.0419384980724544,1.7966799987029276,4.4080655576784977,1.2170340177528658,6.6624558585229181,3.8268181316510663,6.4171359275075588,0.39744529383226856,0.46587678824658363,0.53313890318801926
1885,2008,84.825388013458024,42.47519429262163,1,10,22.836202739143371,6.600006103515625,100.17237184131591,92.428307026537368,7.7440648147785396,92.091610742523699,8.0807610987922089,115.50564658613075,100.13319901923751,277.65249383728951,193.01929227264259,144.1633720965192,145.59845631717317,164.35026243443815,165.04743824003293,192.96920870918956,192.2871933429067,220.81822945301624,219.31344187876584,241.32860836721375,241.01068002737668,2.3072764688997438,3.1186989856128662,1.6459529764780427,-1.4727460091348235,2.7264487005095077,2.2065547123210081,-0.51989398818849963,2.5730244265814406,3.3037656479309589,0.73074122134951836,1.7680729268610946,3.3467782913021153,1.5787053644410207,2.0632124467844335,2.3594017755742698,0.29618932878983628,37.521264684950438,31.628223505258575,5.8930411796918634,31.372004296661544,6.1492603882888943,37.731731874500838,52.956818147441936,91.514903631061316,202.60374296213752,169.74439035291459,165.66098681660768,183.82397553127365,180.04491564161049,203.14527314978392,198.03067405494551,221.3142613937398,217.11103788445809,235.31138420313039,232.85523739793533,2.2708337172768722,2.9961939095019545,6.3988413308417478,3.4026474213397933,2.6948722069364521,6.3659867038528546,3.6711144969164025,1.1542701808002391,6.2817508425286803,5.1274806617284412,1.5486793894376945,6.0428696873674141,4.4941902979297197,2.5749661051751502,5.6427093534534833,3.0677432482783331,62.651106932848052,60.800085730748833,1.8510212020992185,60.719606089352055,1.9315008434959964,77.773914458310173,47.17638080697543,186.13758978527039,186.06292671581986,138.31518111851179,140.46169807267884,151.40822859564892,153.69010819741101,178.64406986020606,183.54382256486826,218.44598894457076,222.01854268691014,246.50292675137868,246.05704023186138,2.9384260941149307,2.5966848134324607,0.35574721133477283,-2.2409376020976879,3.5287628749810835,1.1407198610195906,-2.388043013961493,4.5788288502774606,-0.79048387370968953,-5.3693127239871501,3.2575594145727393,0.038172733401268033,-3.2193866811714713,0.17966312150207386,1.0097016406215005,0.83003851911942661,-0.036442751622871583,-0.6675923768380585,-0.12250507611091166,0.39950909606949381,-0.031576493573055586,-0.83389066804463141,-1.4187542457812015,-3.4245586694772214,-0.21939353742340018,-1.7088800251350449,0.51175365839071674,2.3953029836730764,0.32960231102657073,0.32666569115618843,0.52886374015942417
1897,2008,114.82552524191357,42.47519429262163,3,10,22.836202739143371,-30.142852783203125,72.247695012047188,72.902838754060213,-0.65514374201302417,72.931323023942241,-0.68362801189505262,169.93656681834909,128.11824889128184,504.36257707327604,203.00606324783541,155.72647320530473,153.81902027937377,173.41882476607159,176.22704909541474,203.36383770275884,209.26686246856602,233.33153723638671,238.12703069243321,251.11501963550941,256.06881920071191,-4.4814766929718246,-6.7768604336204703,-5.1488169573648008,1.6280434762556695,-4.0857840753861865,-7.0288699358729048,-2.9430858604867183,-5.7853421690059577,-11.295249000040371,-5.5099068310344137,-6.5826706219918663,-11.173248016135773,-4.5905773941439065,-1.351505553098832,-6.1290139870875464,-4.7775084339887144,38.139426076184463,35.997903542742279,2.1415225334421848,35.904795046881191,2.234631029303273,67.955934007296491,58.119358580366679,149.30713228089735,206.25346166370514,150.45997076941708,163.11835998646183,185.01044409848819,183.70015052749656,209.02034904284869,215.13773109228455,232.4635046929294,241.10392339079939,254.15264588441212,257.09549001066898,-8.2894623197218777,-0.51874063468562781,-14.221199015340204,-13.702458380654576,-15.648284505302428,-14.304450137191054,1.3438343681113736,-11.798258446073902,-18.069548291783008,-6.2712898457091057,-6.6586492945267821,-15.369450592605574,-8.7108012980787919,-7.6046632894701816,-10.247934758149938,-2.6432714686797567,34.108268978437991,36.904932903766166,-2.7966639253281755,37.026527082991379,-2.918258104553388,101.98063263436779,69.998890609203954,355.05544487386942,200.62545021890853,157.10944122745087,149.6409559418133,171.4218277253546,168.63558119549933,196.56321148223969,204.80064804554118,233.64173060758327,235.87747762638966,249.97637010897679,254.58451799019036,-1.2540599859817689,-7.4013589284967054,-1.1828992465433998,6.2184596819533056,-2.2926666120842185,0.43456582056145976,2.7272324326456783,3.0134936757230264,-6.1397148108524675,-9.1532084865754939,-6.1620363243129646,-7.4375183591628229,-1.2754820348498583,1.2895945375024098,-1.852734137959601,-3.1423286754620108,-3.8079856267500531,-7.0354023337401088,6.2581197989348425,6.8826182938110776,-11.562500429916241,-13.355617893218209,-6.0129162770679443,-14.811752121796928,-0.075978672534915859,-0.49661297021381756,-6.2531577363713495,-8.8942578269725914,0.29603134544061416,0.39989000177893952,0.45363840891772894
1898,2008,115.07552638548404,42.47519429262163,3,10,22.836202739143371,26.388885498046875,212.61343803234558,196.85533659331122,15.758101439034363,196.17020392500126,16.443234107344324,193.70000671676826,140.00363913945694,538.81078493967652,199.43195349483949,147.37911160024436,136.32683890275064,170.04587056884483,154.58059288988377,199.14896754084589,183.50600869960979,232.36682578050866,216.29685813112914,251.51837254703995,244.87804359973362,-4.996974156585992,-7.6479964639634375,2.8765507224121052,10.524547186375543,-8.9972378150782788,6.2313664807390694,15.228604295817348,-5.5428035790918386,10.255052397385157,15.797855976476995,-6.405399272648765,9.9391640006862474,16.344563273335012,-0.12574587924521552,6.5323440711510443,6.6580899503962598,92.618125640517974,85.55846167933305,7.0596639611849241,85.251519898094557,7.3666057424234168,89.674277257812719,60.181550126326329,165.16067878753529,201.1230787644854,145.89421186566571,133.74879830259576,174.21804646432463,152.8546176029366,203.31839559696144,181.01818112236234,229.67260932684383,211.00671781696181,254.70298967412728,236.38950564892795,-6.4618047289817468,-2.350327819998455,9.1910678378820023,11.541395657880457,-12.349935769010727,8.0711530699144021,20.421088838925129,-9.8565151842867635,12.824095610290982,22.680610794577746,-3.3205824391360181,15.12981986843775,18.450402307573768,-6.2374655389701275,12.853611739615957,19.091077278586084,119.99531218740231,111.29687717067645,8.6984350167258526,110.91868439943573,9.0766277879665722,104.02572933974625,79.822088864118996,373.65010574087501,198.05350373736482,149.08564251633268,138.69335798192566,169.46048722973615,155.60753653478471,188.09004725084753,185.30662274999096,233.78154873457089,222.18149449725047,249.36257638911673,250.0374533001534,-3.837565392360375,-9.5580712928439198,-2.4061166369094735,7.1519546559344462,-8.6216491964189856,5.0622529224317816,13.683902118850767,5.0472973258601712,8.3243724237071035,3.2770750978469323,-7.3386794699800078,4.1682500440159629,11.506929513995971,2.2842658532163398,3.2395664478370634,0.95530059462072359,-1.4648305723957549,-2.6242393366213719,5.2976686439649825,7.2077434728454648,-3.3526979539324486,-3.7282865725917418,-4.3137116051949249,-14.903812510146935,3.0848168335127468,4.0180970308439896,-6.1117196597249119,-8.5217313921864672,0.30652816054160115,0.46295443545820891,0.42985704154718279
1903,2008,116.32553210333634,42.47519429262163,3,10,22.836202739143371,-0.565216064453125,190.89516443506,165.78132127863501,25.113843156424991,164.68941253887897,26.205751896181027,204.08507009961613,130.71492022171151,546.40468051284552,202.10300555954095,156.43659089172192,146.36292003767642,174.12377937145337,170.47257913699957,201.2214850480359,198.69287798766857,231.48264870638238,226.89660685506541,252.10963878607305,248.99806586507955,-3.8531394801343595,-9.8498627654450388,-0.18997485196865682,9.659887913476382,-3.9482949406613272,-0.28942483515336903,3.6588701055079582,-2.5888934366653586,-0.35725279793840059,2.2316406387269581,-4.8154035907402601,-0.33215630716898659,4.4832472835712736,-3.2974185253961537,-0.23692644610920865,3.060492079286945,117.91242416257592,101.86773642873231,16.044687733843602,101.17014150071191,16.74228266186401,125.22685567450026,81.846881012963422,221.76508659496903,204.82216142203913,155.20058059942053,155.58076222308179,181.9795699123629,178.27811381643903,205.00450528833696,201.87439504577227,229.95509213184346,225.02756790454202,253.92200587917077,243.24677818420281,-4.0347851916272077,1.3817920065014277,-0.39399314507610939,-1.7757851515775371,-4.227096296639786,-0.47123506882203969,3.7558612278177463,-3.4049058044606397,-0.48461817639918081,2.9202876280614589,-5.1662176179686412,-0.46706959061674524,4.699148027351896,-11.494350611189248,-0.44592201080726568,11.048428600381982,72.982740704617754,63.913582781880905,9.0691579227368493,63.519271771563581,9.4634689330541732,78.858214812546066,48.868039186396345,324.63959476351738,197.69462624049493,156.85338943625769,137.82723465332256,168.74288546151567,158.35132930716816,185.27247218821753,189.98256947113808,233.64757209425557,231.13870869563155,250.5043888366948,256.62081573598164,-2.9050772115863026,-16.063694861684695,-0.21941980346736045,15.844275058217335,-10.61713064616049,-0.12157155182109136,10.495559094339399,6.2470847405329835,0.021907509126180003,-6.2251772314068035,-3.5730950726334356,-0.18102584372502406,3.3920692289084116,5.19074333482925,-0.12495625639382979,-5.3156995912230798,-0.18164571149284825,-1.1297079800409051,11.231654771946467,17.445486868186123,-0.27880135597845879,6.3900343495207039,-0.81601236779528108,-9.6519905449936232,-0.35081402722838106,-1.5931225453352056,-8.1969320857930938,-16.685093946018497,0.40586234800701992,0.61360125761955875,0.62614796286559493
1904,2008,116.57553324690682,42.47519429262163,3,10,22.836202739143371,-3.0416717529296875,164.54745802283287,158.81278085708618,5.7346771657466888,158.56344777345657,5.984010249376297,188.94621047215423,149.51430092548253,549.27564138174057,198.77324480615403,148.34730552071318,145.10081701338316,169.93738178019228,169.0849314325998,198.91069802546585,198.26246358922896,229.18363007247589,226.82757529618871,250.52424365861387,248.3566001680733,-2.3234278804158066,-3.6723889646721659,-0.80469391409016566,2.8676950505820002,-2.2140603464951027,-1.4186198116115065,0.79544053488359623,-2.423577310191547,-1.7773916362308455,0.64618567396070148,-4.0048105164105436,-1.4613378721172694,2.5434726442932742,-3.2691240710523743,-1.0670805788495841,2.2020434922027903,111.44616737961769,108.35650852322578,3.0896588563919067,108.22217491269112,3.2239924669265747,121.01254746576387,97.9016752997195,233.86465572810266,200.43718151496742,150.37556242405179,155.9493491827138,175.64334932304652,177.37849276887411,201.65871141221376,202.20584582183463,225.39430760753353,226.47022534031086,247.92601498556121,244.97117816504925,-1.0867542059232278,4.1312780367192374,-2.2758247436254351,-6.4071027803446725,-0.8460420828542965,-2.4574724755386512,-1.6114303926843547,-1.7999210230459539,-2.5535614235128037,-0.75364040046684977,-1.0883469617980666,-2.4235002462905584,-1.3351532844924918,-5.366419373425714,-2.2274772899706079,3.1389420834551061,53.101290881633759,50.456272773444653,2.645018108189106,50.341272346675396,2.7600185349583626,67.933663229907779,51.612625834379287,315.4109859764576,195.72622920438528,132.21957544051597,134.74492978273386,164.58379016200837,152.91033112874152,185.5069722259399,185.19740886247442,237.35015907984825,228.37765993433911,252.46485923315907,255.17585944554739,-3.9777300221255985,4.2300779395316397,-0.74396661855598722,-4.9740445580876269,-10.403075321661561,0.038704205438477857,10.441779527100039,1.4599634775439654,0.46459290216785121,-0.99537057537611418,-8.5158624746558473,1.217998488117189,9.7338609627730364,2.7794570821131117,0.14679301050546201,-2.6326640716076497,1.2366736744925788,2.8909758162023707,7.8036670013914033,-0.098799902812402252,1.3680182636408063,9.5570332388072643,0.62365628714559307,-3.2598845005899193,2.9164635546124771,7.4275155128577808,-2.0972953023733396,-8.1458764555388257,0.42576920968095378,0.64046030435523327,0.6547980674337861
1906,2008,117.07553553404773,42.47519429262163,3,10,22.836202739143371,-7.9523773193359375,125.965436708997,123.89040438305528,2.07503232594172,123.8001848083295,2.1652519006674993,165.09820549750475,156.12405382946781,510.74439350515604,195.74529749329636,138.77749933176753,139.65350405419596,164.16448628280921,162.66289283600628,195.33019644679069,196.01101652133008,228.32391009913871,228.00963187798385,252.49146234459892,251.85258820847162,-2.632649945255622,-0.50726574920304301,-1.6900097047729332,-1.1827439555698902,-4.073483831620905,-2.6630284226318963,1.4104554089890087,-3.1035477846269828,-3.7413032465191236,-0.63775546189214083,-3.6365585805162368,-3.3935959010983083,0.24296267941792848,-2.5280680170936307,-1.9103263080160389,0.61774170907759185,72.947862901208282,76.638418308884866,-3.6905554076765839,76.798878334750043,-3.851015433541761,83.787077813274209,94.260060672844702,189.30413160426542,199.37707914563728,147.77117959229764,148.4832495295079,172.85271240293201,168.7381269733045,200.68611613515472,199.26889770976979,222.17339910241841,227.25489599607729,251.40059156750004,248.26152146285065,-6.3664739405543287,-4.438664151432846,-5.6654779058197562,-1.2268137543869102,-9.9058631264626058,-5.3389525367307158,4.56691058973189,-7.5925092283459605,-6.1305625936028605,1.4619466347431,-0.57171915918178229,-5.8545214308502977,-5.2828022716685155,-8.7609135115439756,-4.5636764567434795,4.197237054800496,53.017573926998011,47.251984487551454,5.7655894394465577,47.001306964608375,6.0162669623896363,81.311127816921726,61.863993044864401,321.44026190787554,191.2289518133567,127.26832534794276,132.2222088734332,156.46247652129668,153.18846177930814,183.9460856541121,189.80751942366709,235.32326381897755,229.71914656804029,252.66469534166328,256.38628294423182,1.9615312207583031,7.3870383874299961,0.39020191967907181,-6.9968364677509243,-0.076084733963938334,2.0577999056555996,2.1338846396195379,7.0904423016966973,0.33948084224169861,-6.7509614594549987,-5.0903275771067911,1.1902724849524304,6.2806000620592215,2.3585399946172458,-0.52587372409524846,-2.8844137187124943,-3.7338239952987067,-8.3280051613126318,-3.931398402229803,-11.825702538862842,-5.8323792948417008,-9.8297783924986675,-4.4889614437189778,-14.682951530042658,3.0648394213344545,4.5186084179250088,-6.2328454944503449,-11.119453506161221,0.37064358221360361,0.50749841623530267,0.60375104515159261
1907,2008,117.3255366776182,42.47519429262163,3,10,22.836202739143371,-7.86956787109375,112.4081714542117,119.99822549942837,-7.5900540452166751,120.3282293887969,-7.920057934585202,152.56806650765429,151.43628405866912,483.57704347372055,196.21960621417242,143.72630727468052,142.92677397495424,166.76317830313315,166.77821057650715,196.70320105691263,197.6803702938625,226.28572181614066,226.64867610908578,249.59626363117667,248.48088277998571,-2.2470719115466977,-1.6916861570132369,-0.95265344422867315,0.73903271278456373,-2.2414130309033169,-2.3992738228774044,-0.15786079197408753,-3.1023432119899041,-4.0326814394999246,-0.93033822751002049,-3.4919084534301987,-3.9282634078611238,-0.43635495443092509,-3.445342548135983,-2.3293951218321922,1.1159474263037907,68.694177313247565,84.760219289175438,-16.066041975927874,85.458744768457109,-16.764567455209544,85.087047515908125,103.11101074431826,202.63301768619567,199.5854061323196,149.49610663402498,152.89081293870515,175.8205948187952,175.3535605348209,201.50668516948005,201.49779621637541,221.59331760636707,226.64556846939544,244.34930343944845,245.75477926136608,-4.7029186577703967,-1.5992986463775765,-5.1112476289511903,-3.5119489825736139,-6.6490331677221377,-5.8397836539982961,0.80924951372384157,-6.3359853760773035,-6.3484486725397744,-0.012463296462470907,-1.0128995459296561,-6.1981252090024839,-5.1852256630728277,-4.1331398419242475,-5.0135548835283714,-0.88041504160412387,43.713994267624003,35.23800600811046,8.4759882595135423,34.869484317134265,8.8445099504897371,67.481019252516489,48.325273530417689,280.94402624666691,190.74980839352668,127.62463450297564,132.99941439932425,155.7970694883731,150.1814436257462,181.87884206978794,186.30689146784999,233.75267994111508,226.6607216070866,253.43824482509686,254.29918558317991,1.5765211519546085,8.3755141648909301,0.79899746692026952,-7.5765166979706606,-0.87492243164871297,3.0947926025591244,3.9697150342078373,7.0842096998834165,2.1632268277293463,-4.9209828721540703,-4.4369428781818669,3.3137994811664271,7.750742359348294,0.60670749111983469,0.74291531013642498,0.13620781901659029,-2.455846746223699,-6.2794398097250053,0.092387510635660419,-9.9748128112685066,-4.4076201368188208,-5.7741107360734247,-3.2336421640873994,-13.42019507596072,2.4790089075005426,3.4240433322522108,-0.6877972937882646,-4.7398473330440822,0.41902943992254987,0.55769893047467656,0.68088708980980561
1908,2008,117.57553782118866,42.47519429262163,3,10,22.836202739143371,-8.619049072265625,133.57066962029421,137.72663977015691,-4.1559701498626964,137.90733271644785,-4.336663096153643,176.89382354877671,159.8300909055215,516.52892123162746,192.93700684135379,135.26252844716544,139.63374897060712,161.97868381965449,165.22148625369979,192.73907741035217,196.96142789751036,223.90419248018196,227.64199525975226,249.94087828816944,250.81179940862594,-0.21626068788467023,2.8929053171163446,-1.6175711019214987,-4.5104764190378432,-0.15838157418835408,-3.423709804245334,-3.2653282300569799,-0.70652777010153045,-4.8906356566167517,-4.1841078865152213,-0.89830364467812274,-4.6765945730498117,-3.778290928371689,-2.2144057585022949,-3.1552293475579347,-0.94082358905563979,83.891623444331344,100.43296409988761,-16.541340655556269,101.15215130844445,-17.260527864113101,93.547879948688205,109.18589431561486,210.2843909598887,199.18308387784475,150.68760661977225,154.86502251674631,173.56151304779723,176.12081890109224,199.5846965551647,202.08076648057209,221.80923622384498,228.66387531565053,246.19476626848842,248.90401569004345,-4.1537688453632029,-2.8414397156421956,-7.1409269808980014,-4.2994872652558058,-5.2735540037236035,-7.4665228380185056,-2.1929688342949021,-4.9718041922749308,-7.4663159394493448,-2.494511747174414,-0.42983734913525495,-7.1998361148270931,-6.7699987656918381,-4.044777448143833,-6.2836172921420257,-2.2388398439981927,49.679046146160545,37.293675372245161,12.385370773915383,36.755181398068999,12.923864748091546,83.345943547934439,50.644196530301997,306.24453020840883,183.48638032447093,125.0220787238444,127.34221283769277,142.10768827611949,142.0386785540974,175.65825736986247,180.65713674692014,227.14713161560078,223.92418257628285,252.3618388089711,255.5644818380417,5.0843903089330809,4.5348450588912215,-0.52065713966329952,-5.055502198554521,6.0175664506489284,2.4335951474113813,-3.5839713032375471,8.5196522054305319,3.0677425104383076,-5.4519096949922243,0.73939122355292852,4.2896901438867019,3.5502989203337734,3.7921110213328859,1.8264952609556815,-1.9656157603772044,-3.9375081574785327,-9.2381591542962838,-5.7343450327585401,-7.376284774533417,-5.1151724295352494,-11.291120454372532,-4.2652764221734003,-13.491456397705463,0.46846629554286778,-1.1692285726881835,-1.8303716896415381,-7.8368884694767189,0.40711058435698066,0.52883632719314988,0.68313728470664914
1909,2008,117.82553896475912,42.47519429262163,3,10,22.836202739143371,-8.7272796630859375,150.07770258050368,148.96959856238027,1.108104018123413,148.92141781141618,1.156284769087506,190.13886028833622,156.50147110558828,551.48695981502533,196.14028882433655,143.05596919378351,140.43939468837246,164.97285760535669,165.53418126726353,195.25335294414555,198.17894609401395,227.732686827431,229.11508695162115,251.6226624139224,251.94353811693284,-1.7275000662902187,-3.3738877408350163,-1.2552515272475375,2.1186362135874788,-2.0301261155198347,-2.4568333816468169,-0.42670726612698218,-1.2055304265111886,-4.0146838480006295,-2.8091534214894409,-2.60842289572048,-3.9156033532178469,-1.3071804574973669,-2.1860877552785496,-2.5172527368823125,-0.33116498160376295,84.465125056354736,96.854300318605965,-12.389175262251229,97.392961792913411,-12.927836736558675,99.429631523052763,103.45692721802516,214.90635228424799,201.40272904940687,150.20032481614257,158.5499572463701,174.90317524944695,180.29349249873772,202.71820640412881,205.6447956643085,226.78229176747143,230.44150684886918,249.54455804790433,249.49459682741374,-3.7337571659255957,1.2030861564171005,-7.076742698370964,-8.2798288547880645,-2.1786220887529453,-7.6880471673956094,-5.5094250786426642,-4.9471070739164418,-7.5414138381393627,-2.5943067642229209,-3.4309722640548728,-7.2863298721144076,-3.8553576080595349,-7.0688263213643836,-6.4436427252951489,0.62518359606923468,65.61257756885243,52.115294659367464,13.497282909484966,51.528456479083616,14.084121089768814,90.709228975254518,53.044543798156155,336.58060768246651,188.71315570768905,128.9193019620858,130.43254919278937,155.02019975845829,145.70632876852071,180.67335128110022,180.10591573010447,230.16135796714605,225.20879780095612,253.26241051088286,256.29822499829862,1.173148123096297,4.021727346253698,0.88179203564655495,-3.139935310607143,-5.3316297696187576,1.9406897825200815,7.2723195521388391,3.4062858383249193,3.2191875061441522,-0.1870983321807671,-1.016528752706904,4.8656206408051048,5.8821493935120088,3.3013664042586868,1.4220981246844531,-1.8792682795742337,-2.006257099635377,-4.9069052890218927,4.5769738972521168,-2.8186411898365975,-0.14849597323311059,3.1530076808658123,-3.7415766474052532,-8.353392912241361,-0.82254936833439274,-2.4144435113479688,-4.882738566085834,-10.37019272562307,0.38968528350394704,0.52293166884598252,0.66106041359972212
1910,2008,118.07554010832959,42.47519429262163,3,10,22.836202739143371,-8.5454559326171875,164.70717975815205,156.75127992747366,7.9558998306783906,156.40537184606728,8.3018079120847688,204.445274036505,136.99258980390005,557.73296876996756,197.0080576767819,143.74869975830524,140.11726619440702,164.81983566917228,164.12453136359332,195.77574616841,198.60512198804051,228.8452441654303,230.99616168587883,252.77599153963467,255.07757629597319,-1.1202316423718628,-4.1205171383042227,-0.94350969312969823,3.1770074451745245,-2.5948501406228388,-1.7411743920207812,0.85367574860205764,-0.44509978799641203,-3.2108246268377343,-2.7657248388413223,-0.82059119677646208,-3.0178833620033458,-2.1972921652268838,0.73127763050669614,-1.5176105078613205,-2.2488881383680166,88.167118475594179,79.814573837211356,8.3525446383828239,79.451419567951234,8.7156989076429454,101.12805575671018,77.900204604953615,188.18897958795424,203.4564226151106,150.96844056756868,154.27969911290168,174.44339081813823,178.33888704150147,204.19672510415586,206.67235835336197,229.06458782743854,231.8096570346878,257.32292760190359,251.57095867969039,-5.1069175177460977,-2.2036708333844786,-6.1424034178112663,-3.9387325844267878,-4.0128993519978451,-6.649560854833652,-2.6366615028358069,-5.1044942224822876,-6.9750077889348745,-1.8705135664525869,-3.7603879989784446,-6.7697584160312942,-3.0093704170528497,-12.203445032205707,-5.8134824321556096,6.3899626000500973,76.540061401767161,76.936705315401923,-0.3966439136347617,76.953951562860311,-0.4138901610931498,103.31721843117703,59.092385333056882,369.54398925602436,189.89986005387297,133.51263612194691,133.17246448683539,156.52984882766881,152.11511295712333,185.07219615615324,187.81527361741362,228.46978386196753,229.62426863023813,250.21950618442747,258.3776993333139,3.9502635324161304,2.6784246726650451,0.73553237471796251,-1.9428922979470826,-0.98337915341812732,2.2241734161505349,3.2075525695686622,5.0615275085636426,1.0562172183336429,-4.0053102902299997,3.5088014934122782,2.2535699770546387,-1.2552315163576395,8.1850547773031508,1.1140577832907752,-7.0709969940123756,-3.9866858753742349,-9.0571810501622281,1.9168463049197442,-4.8820955060495237,-1.4180492113750063,-3.0295201985797178,-4.6593944344858755,-10.16602173104593,-2.9397968022019825,-7.2691894923907228,-12.934722662712403,-20.388499809508858,0.33741770726408549,0.49464609164139017,0.56864538962629252
1911,2008,118.32554125190005,42.47519429262163,3,10,22.836202739143371,-0.9166717529296875,188.85043358802795,180.04226911067963,8.8081644773483276,179.65930366516113,9.1911299228668213,220.22026996241948,106.71574665606022,557.31390748172998,201.18048560133494,150.94489671449995,149.48211861967104,170.99747822394568,170.6646224986184,198.96209032403536,200.43816843951618,231.85600625208093,231.92621493992985,253.937082000565,256.26094807163247,0.32381336881402945,-1.0826530794339533,-0.10536672545626402,0.97728635397768926,-0.48116742861211037,-0.30934003063643445,0.17182739797567592,0.89698614462949422,-0.38971489333368936,-1.2867010379631836,-0.20319070374299031,-0.29912942785907148,-0.095938724116081175,2.1725950159715239,-0.16745369550000078,-2.3400487114715247,79.398424815386534,74.164137899875641,5.2342869155108929,73.936560809612274,5.4618640057742596,90.230485788421447,54.130999997258186,158.59616314410232,208.38187217570172,156.06496561612371,154.32513889791565,176.29258460315501,177.45741325589395,207.50129768842808,206.64511078121808,238.69792776108622,232.85886770404704,262.16503706044057,252.78254457961265,-4.3031473410080139,-1.334859744348023,-0.55178600686468826,0.78307373748333475,0.5410320060385061,-0.53001394711020566,-1.0710459531487118,-2.7206849846987211,-0.66470187871661324,2.0559831059821079,-7.1201897175436386,-0.62015727243385754,6.5000324451097811,-11.83800719080503,-0.49191219045286516,11.346095000352165,109.45200878381729,105.87812972068787,3.573879063129425,105.72274279594421,3.7292659878730774,129.98978414295379,52.584746561944485,398.71774411201477,195.48635700645448,147.93474097869759,147.034817410616,161.58427836203938,166.99023931930785,190.44286273833109,195.4357184353166,227.47417310093849,231.23688579046092,249.46801615258715,258.80788722410705,3.6439375878498765,0.15021029380190498,0.16143313416853289,0.011222840366627906,4.7628239874377982,-0.14469810495808133,-4.9075220923958796,4.737975397595477,-0.060354600788571133,-4.7983299983840482,2.9095371556072962,-0.16169737309769516,-3.0712345287049914,7.8524564878779302,0.038531937493758051,-7.8139245503841721,-4.6269607098220433,-7.9470849288578904,-0.25220666491406973,-1.485070038149928,1.0221994346506165,-4.2217919813992921,-3.6176711293282153,-7.4586603822941981,-6.9169990138006483,-10.029726873150935,-14.010602206776554,-19.69046367868296,0.28457241245016207,0.40972834064647751,0.50724472904378237
1912,2008,118.57554239547051,42.47519429262163,3,10,22.836202739143371,-7.2608642578125,183.74822319242958,170.80386366525636,12.944359527173219,170.24106454439607,13.50715864803351,228.55697757665621,111.80672477986809,556.64208430051804,198.06615312185318,144.86918913108352,144.42509373532502,165.40529699452284,168.64048033451189,196.23719118133522,201.36455075713874,229.76404491505426,233.84867447954244,253.0698195744304,258.23901938971392,1.2643789530148695,-1.0845014377761117,-0.9626185384519772,0.12188289932413454,1.1698660405740213,-2.092452696520354,-3.2623187370943754,1.8362641482013089,-3.0822867963496492,-4.9185509445509581,1.5443221913356524,-2.5935416603296915,-4.1378638516653439,3.7562147723905639,-1.4061108075605375,-5.1623255799511014,70.551951707377157,74.359490133250802,-3.8075384258736449,74.525035140148248,-3.9730834327710909,80.156221867575368,57.978573895023146,153.08735773456283,209.0084758058828,157.11437620784315,151.79997701895354,180.18937205504056,177.01570044934297,208.5461122684132,208.18957400413322,237.9355409031609,236.01782020412972,261.67986500147634,257.03683913616027,-7.3616057593986284,-8.0991182345108257,-3.0292517114542932,5.0698665230565325,-7.9635769892518908,-4.3607240134234075,3.6028529758284833,-6.7644605093801431,-5.1096463705412134,1.6548141388389297,-7.106670164095533,-4.7792339509643398,2.3274362131311932,-10.835645333111472,-3.8700196090561292,6.965625724055343,113.19627147015126,96.444372049663798,16.751899420487462,95.716028935185022,17.480242534966237,148.40075578358665,53.828150787987397,403.55472701042891,190.5918728950918,136.66207794590784,140.73454329005523,158.40662976190768,162.76961710324454,186.35562921318683,195.00501118239453,223.94705937832828,231.31219593471141,249.48960590272,259.22453702721725,6.6451454359288391,5.2521451321252357,-0.59373154747137846,-5.8458766795966142,4.3626054678569517,-0.018499747900847296,-4.381105215757799,8.0135600519480192,-0.88515455644923691,-8.8987146083972561,6.9713190424472486,-0.043483719228589734,-7.0148027616758384,8.2468175859659425,0.58351236008707019,-7.6633052258788723,-8.6259847124134978,-14.006751195327467,-7.0146167967347139,-13.351263366636061,-9.1334430298259122,-12.326182457108843,-8.600724657581452,-14.778020561328162,-8.6509923554311854,-14.077989206542782,-14.591860105502036,-19.082462919077415,0.27501937430213153,0.35070564336935023,0.51856070383221498
1913,2008,118.82554353904098,42.47519429262163,3,10,22.836202739143371,-4.25,146.40092021226883,132.87799263000488,13.522927582263947,132.29004061222076,14.110879600048065,196.41125646233559,116.59190854919325,554.92747870087624,205.38357316967844,159.35105207154481,162.58841380711777,178.57644852315053,181.8183159121746,204.18115323504446,209.84718719534115,231.90538817273566,236.63052383035838,253.24117935321462,257.02687363149965,2.8630713153111174,2.7053048165304574,-0.62537511447749239,-3.3306799310079498,1.9016224293755783,-1.5643856321612759,-3.4660080615368543,3.6315327918886453,-1.9187745954446029,-5.5503073873332482,2.9139030050221777,-1.8024860051962719,-4.7163890102184496,2.9582167202808307,-0.85975255952416774,-3.8179692798049985,64.701820075511932,66.408370792865753,-1.7065507173538208,66.482568025588989,-1.7807479500770569,75.653395075351,72.00152081431952,175.59967406955548,215.56988367447605,170.56756077272149,175.03037917412229,192.669228689308,196.75240365973227,216.26551871560278,219.60358369006465,238.99924061677942,240.07682074494184,260.94860070797841,256.22290560957794,-1.0779436759742396,2.601010108420013,-2.2353866194133047,-4.8363967278333178,-0.10042871442968249,-2.9257625367034734,-2.8253338222737909,-0.20618058652462423,-3.3192066346530851,-3.1130260481284608,-2.0853782989536285,-3.002784397406117,-0.91740609845248855,-7.667026017388082,-2.2077618680472995,5.4592641493407825,81.699099719524384,66.469622403383255,15.229477316141129,65.807471543550491,15.891628175973892,120.75786110758781,44.590387794478374,379.32780458033085,196.28726382953869,155.63504274927877,157.01118102899943,171.62603521134488,171.72765081223824,190.05722071710539,195.10944986231632,223.55348387940782,230.19209468330936,248.55892408172525,257.94348876898971,4.8446734479369127,3.0133222732300737,-0.35460496427106136,-3.3679272375011351,-1.1928959006777689,-1.496044941756054,-0.30314904107828511,4.2607104207317263,-0.14673853492817557,-4.4074489556599019,5.8340971188586082,0.5309576735378414,-5.3031394453207668,7.7210474237654125,0.89579292769451513,-6.8252544960708974,-3.9410149912853569,-5.9226171239111522,-0.10429470811044439,-0.41231216481006072,-2.0020511438052608,1.0924671862480864,-3.8377133784132695,-4.4668910072563506,-4.9992813039758062,-7.9194754178122366,-10.625242737668913,-15.388073441153495,0.31643715766364011,0.38517850981651108,0.6175516098009507
1914,2008,119.07554468261144,42.47519429262163,3,10,22.836202739143371,-6.090911865234375,149.50804790139955,140.52771345308429,8.9803344483152614,140.13726269095787,9.3707852104416816,187.18336258837735,119.01433422070113,532.58473763614893,203.69034025990877,156.71876087753438,154.58476621188794,176.00919820974755,177.06304399803091,202.5029281709329,206.51351841601644,231.65186099946359,235.27338807996907,253.03859604149949,256.6112392269099,0.73256010512574221,-1.9073453334897863,-0.51397475395390302,1.3933705795358833,-0.77175513381135374,-1.6919593876315275,-0.92020425382017379,1.3117666282027471,-2.5984118003273977,-3.9101784285301449,1.4062578023416563,-2.297850087884143,-3.7041078902257993,2.233082043588837,-1.3642436009615153,-3.5973256445503523,65.664562098138049,58.21672461844355,7.4478374796944991,57.892905502172653,7.7716565959653963,74.999495643715818,68.438456007323111,169.82423233613372,212.48539094374354,165.82899767262739,161.40939608469156,186.89677570380545,188.94994951883584,211.07033918173772,215.53560776179336,239.66015939426848,240.50782064233366,261.62659627755693,258.02581984833944,-2.8289582333152907,-4.4614958112325382,-2.6418314400704617,1.8196643711620766,-2.2089194081400763,-3.7944485003881994,-1.5855290922481231,-0.21268514889288781,-3.9972990391311214,-3.7846138902382336,-2.9596418544070673,-3.7213424073888177,-0.76170055298175043,-6.9012012891037102,-2.6396867086237705,4.2615145804799397,83.843486244877568,82.310987721117272,1.5324985237602959,82.244357635820052,1.5991286090575159,112.1838674187893,50.57587811448866,362.76050535589457,195.93938155608481,153.63025083768665,151.23539795404679,165.88391215470958,171.18897880426789,190.88039896253605,198.16641253285241,224.04376736384052,229.80232274712463,247.13339444411289,254.87240022304701,4.1785291138457126,-0.22546581664596488,0.1915473885274821,0.41701320517344698,3.7925645196818323,-1.6390039032842196,-5.4315684229660519,5.7282742183355708,-1.0576931446927631,-6.7859673630283339,5.1451907156962591,-0.48084064203476373,-5.6260313577310228,6.0242241245769321,0.23646978631896332,-5.7877543382579688,-3.5615183384410329,-7.0074873471610033,-2.5541504777427519,-4.2360299945865734,-1.4371642743287225,-6.0014839278219085,-1.524451777095635,-5.9409593672284586,-4.3658996567487236,-8.1048325701033264,-9.1342833326925472,-12.925425413680642,0.31886800416003319,0.40067394135152007,0.57504380842403646
1916,2008,119.82554811332282,42.47519429262163,3,10,22.836202739143371,5.3636322021484375,198.12261804516311,192.74788613860437,5.3747319065587362,192.51420153483923,5.6084165103238774,217.1688402687887,133.73905333510811,619.92053767293692,200.44630377749201,147.3441062325015,145.38765066863294,169.0720099336832,167.22468274821301,200.77539436484255,197.62211481820611,231.42026057604548,229.70436417321861,253.56481077490849,254.95581566118904,0.46048273195995648,-0.76804617935258079,1.2850789685395227,2.0531251478921035,0.61765394359846937,2.3808569140554994,1.76320297045703,-0.53113156320239341,2.6230869152324487,3.1542184784348422,0.47929079918324646,2.2926887197467067,1.8133979205634603,2.4562226847484681,1.1913268760864071,-1.264895808662061,85.114187513594516,74.217487344540132,10.896700169054384,73.743717433397251,11.370470080197265,87.703217659404345,64.432501654133375,171.20460759033449,206.75008945016643,151.4508596238415,151.92456631671928,173.8536176245367,177.92334407010947,208.93952119163256,205.86585729158494,232.10864936164376,232.68527642974058,261.51284468128279,252.53590072553587,0.83851546665528076,5.0455078433732581,2.5814746226654393,-2.4640332207078188,7.5866745517085121,3.5226085821611548,-4.0640659695473573,0.45745993200830526,3.9366890145354034,3.4792290825270982,4.1033265137843102,3.6523297594773965,-0.45099675430691377,-6.5658395844016866,3.2269212127278593,9.7927607971295458,113.00842976415879,118.53039936030837,-5.5219695961495745,118.77048373568687,-5.7620539715280756,129.46562183858805,69.306551733128799,448.71592903882265,195.62152908500317,143.28477636022981,142.27746442480512,160.48757346407697,161.87676904652253,191.35279326819213,190.61609880651517,231.02468044432467,226.67480866433871,249.51455685125387,257.05691851130393,0.3629383663966621,-0.11604963810864888,0.10774327517972893,0.2237929132883778,3.5573359380680358,1.829044075793604,-1.7282918622744319,1.5822819027819719,1.3174759754582226,-0.2648059273237493,-3.8730611900136864,1.1973455899771466,5.070406779990833,5.3518977892811961,-0.48190399613139334,-5.8338017854125894,0.37803273469532428,0.47557710025861866,5.8135540227258389,5.161557481481907,6.9690206081100428,4.0293386136404763,0.98859149521069867,-1.1248219707736666,3.6240357146010638,7.9763877037979967,-9.0220622691501546,-11.917737373682883,0.27617185943379746,0.40384807300556813,0.48177776085109364
1917,2008,120.07554925689328,42.47519429262163,3,10,22.836202739143371,-1.0416717529296875,187.95786729157771,182.84641991640456,5.1114473751731566,182.62418411838371,5.3336831731940038,223.10449973085269,121.906983050696,595.88432356715202,203.17382911798651,150.70882440479295,151.78093345048205,173.81728160712311,173.10289158297198,203.83599624558596,203.47438165167389,232.85840901177315,234.13282304355178,254.86436880290802,257.96155860164015,0.59484324586122739,1.5247149999760268,0.075845348519919753,-1.448869651456107,-0.87634356849409301,-0.33152201308192275,0.54482155541217026,-0.83754942982471903,-0.42284893434751325,0.41470049547720578,0.76224629121446696,-0.43144135924723059,-1.1936876504616976,2.8069303346547372,-0.1996636928442399,-3.0065940274989771,80.340250658577133,83.53890259990294,-3.1986519413258065,83.677972833820604,-3.3377221752434707,93.329693594384253,65.503597812021326,183.92002671367663,211.18368804699827,155.36829324531911,160.67991181729644,185.76758704232245,186.74828457820175,210.88249744237319,213.30105715823058,240.17624255970361,237.75204237133656,263.10204714575559,256.39247144254216,-0.80033070515881377,5.9083059538921532,-0.58593783962282942,-6.4942437935149826,-0.53875304414862057,-0.72779542668834551,-0.18904238253972494,1.2017244202166353,-0.7983166550996259,-2.0000410753162612,-3.2740013854328538,-0.74236338099248655,2.5316380044403672,-7.55492344975832,-0.5691774459191663,6.9857460038391537,107.61761579481026,99.307519720556229,8.3100960742540337,98.946211105749171,8.6714046890610916,129.77480514616218,56.403385633555445,411.96429577469826,196.34041750321308,147.60848389113684,147.16689638002072,164.97095676664279,165.06023446342158,190.78082055715598,190.74437146756378,229.25350418455619,228.69549292465132,248.76487893926682,260.23956072848927,1.1829482167418348,0.43641622035750061,0.22511717370377937,-0.21129904665372123,0.33904366352049919,-0.054237745954651473,-0.39328140947515067,0.51126972949344918,0.0059502449191768392,-0.50531948457427234,-0.34030067205122805,0.13285530131170731,0.47315597336293536,9.7311190024666701,0.16104347011474829,-9.5700755323519218,-1.3951739510200412,-1.9832789219006486,4.3835909539161264,5.4718897335346526,0.33759052434547243,-0.87779670766911977,2.0392738500413543,0.6904546907231861,-4.0362476766473208,-2.9337007133816257,-10.361853784413057,-17.28604245222499,0.30865055420936932,0.41832277568123771,0.53732441056950053
1918,2008,120.32555040046375,42.47519429262163,3,10,22.836202739143371,3.4583282470703125,185.07493607854485,196.50804876502662,-11.433112686481763,197.00513731506362,-11.930201236518769,211.49665007699514,119.87822827591663,613.29131088405848,205.34735365861783,155.26622658252563,154.26001563283759,175.82076881750936,173.69495852536207,206.23238088007804,202.41056909129495,233.76236167215015,232.07247909260789,255.48058655347316,255.74360112110639,-0.61559888275212415,-0.23021302429390289,0.58594698601643813,0.81616001031034102,-0.88054860133146917,1.2077373614252735,2.0882859627567427,-2.3209729624223598,1.6051521594932012,3.9261251219155611,-0.47001997843494792,1.5064952123868238,1.9765151908217717,0.99009074728704149,0.79670151945271073,-0.19338922783433077,102.5762120370855,109.95155738232279,-7.3753453452372923,110.27222354859987,-7.6960115115143708,113.74898899460823,74.728961733975666,211.45734603097662,212.08812518459442,165.25051936765129,163.19311706156623,190.19071982183587,184.91290021829954,212.30906943672713,208.5615450543427,234.77977629753346,232.24595024516117,262.25947201195817,251.29195544809988,-1.8719416722729534,-0.44107013353180946,0.96120384284307647,1.4022739763748859,-2.841464506221314,2.2053281871320962,5.0467926933534102,-1.223298698271833,2.527983254656192,3.751281952928025,-0.074936118521520712,2.5423516931637948,2.6172878116853155,-9.234292271010105,2.0372026783998365,11.271494949409941,82.498724143904838,86.556491338001251,-4.0577671940964137,86.732915196975227,-4.2341910530703899,97.747661169931234,45.149266653699669,401.83396539837122,196.45642212035318,149.74558249155328,149.01356712138806,161.68686406452079,163.28258750891015,188.38624459715695,188.56325837026699,232.60726601866605,231.534283438155,249.87498465688495,261.54320716218433,1.478572670259382,0.28044621674439441,-0.16237340729281868,-0.44281962403721309,2.765646971010824,1.0202930822702285,-1.7453538887405955,1.2403536093316916,-0.029039628391615224,-1.2693932377233068,-1.8193106987949363,-1.1458306322842873,0.67348006651064907,9.3019719629710664,0.03787752568138103,-9.2640944372896854,-1.2563427895208292,-3.3505143425323354,-0.21085710923790657,-0.72151635027620387,-1.9609159048898448,-5.607111477232138,1.0976742641505268,-2.4636523076035246,0.3950838599134272,1.7443745802734156,-10.224383018297146,-18.536264233981171,0.34479103531755761,0.53782879753980983,0.62337392543019932
1919,2008,120.57555154403421,42.47519429262163,3,10,22.836202739143371,4.125,180.83371943838938,188.10135349431948,-7.2676340559301025,188.41733488595128,-7.5836154475618969,210.83071520037993,115.37099854044573,635.96117676794529,204.77440838646223,153.39165918802368,154.93303684319275,173.92684833686101,172.87904110194418,204.37875905634687,201.33288129773717,234.76880665676615,232.72915608388479,256.88047010341995,257.13836822077508,0.097289004026748671,2.457618318063794,0.70262408072736093,-1.7549942373364331,0.27663895237520819,1.4736424132041179,1.1970034608289097,-1.4495448909857487,1.6836151199293283,3.133160010915077,-0.64138060089817372,1.5719111816440545,2.2132917825422282,1.1345381524551499,1.0065024382893739,-0.12803571416577597,75.816348757336527,79.785391458710365,-3.9690427013738372,79.957959477718759,-4.1416107203822321,86.297237749884516,50.87949555393061,160.31749265792314,210.78116862569817,156.80390522427089,161.39312829816492,182.30886299850235,183.09912879141103,210.22541593888741,209.21251534065499,233.95629724073177,234.46178277459879,265.68429232301543,254.19474244378469,-0.030274916086710846,5.4860248952889492,0.64828026071808154,-4.8377446345708677,3.6217896837449075,2.2421550516496325,-1.379634632095275,1.5338986747078991,2.6968019231258893,1.1629032484179902,2.6348712274466664,2.6972699276188052,0.062398700172138888,-10.045303248280959,2.4145806744516278,12.459883922732587,105.01737036812847,108.31595800733157,-3.2985876392031059,108.45937457873515,-3.442004210606683,124.53347707796638,64.491503154153179,475.64368394762278,200.41526111282639,150.38591456702352,152.00274014731218,171.25327880964227,166.54801421251594,194.01201713651633,192.70587385091844,235.0083433316691,230.2093673013139,251.56005525584806,259.47020759990573,-0.34373322801374684,3.2596252362428402,0.28617532076455632,-2.9734499154782839,-2.5666374263256557,1.6136264596799776,4.1802638860056334,0.22781262134674307,0.73057776237143912,0.50276514102469605,-5.9243553730726148,0.190456211209721,6.1148115842823358,6.4193277878291042,0.3119820069035768,-6.1073457809255274,-0.12756392011345952,0.31345831192703599,3.0284065772251552,2.226399659046109,3.3451507313696993,6.1884271100705632,2.9834435656936478,1.306086053361156,3.2762518283448401,8.5592266005192812,-11.179841400736109,-16.464631036110063,0.25208691743210149,0.4093200446048148,0.44100767261794771
1920,2008,120.82555268760467,42.47519429262163,3,10,22.836202739143371,6.0416717529296875,196.21461815644943,202.45543171407189,-6.2408135576224595,202.7267719717056,-6.5121538152561698,220.95747998444131,126.19093820831586,643.88905856013298,205.98472421568206,154.55085047907124,153.98960726716973,176.09273832783762,172.08796818260933,205.90017119141891,200.73180174434381,236.16054685028666,231.92277756900955,255.65552434933889,256.91777535541019,-1.1526928149710329,0.8410666357616492,0.90745852182053,0.0663918860588808,-1.9440835007474675,2.0019322760195166,3.9460157767669841,-2.7078879863590259,2.4742377185955604,5.1821257049545864,-2.0974767935326781,2.3044677651480754,4.4019445586807535,2.483043967352188,1.1742567243319968,-1.3087872430201912,74.857515033290838,95.572011852003925,-20.714496818713087,96.472643986171533,-21.615128952880696,81.594852195480598,57.656772860487763,161.06069875648245,213.25603224124021,157.72135474112903,160.71218410058282,191.22480887824068,182.84647705112755,215.40243510235007,208.01704418979691,236.96728204139487,232.24745589678304,264.78924894214458,251.66906449433782,-2.4000514841792437,5.0175852348903618,1.2115405877896137,-3.8060446471007481,-4.5219916803562228,3.4081607767981552,7.930152457154378,-3.7232631968260819,4.3797855018642053,8.1030486986902872,-0.43575441183620001,4.4666556435027474,4.9024100553389474,-9.8833266617773745,4.0389753623946945,13.922302024172069,121.3571032349173,106.88341685948308,14.473686375434227,106.25412810474336,15.102975130173945,139.36262763498235,68.534165735258284,482.82836022973061,201.11431992592495,152.52131550921689,150.68032619309025,172.59415935654997,164.56785212227194,195.48153944306804,189.90754425971701,235.57580976591512,231.41603741728309,250.95283165319856,261.89975003663983,-2.5140760635158017,0.250635380378327,-0.091608315131878726,-0.34224369551020573,-5.6174521818168159,1.8879668746498055,7.5054190564666214,-4.3792646796264307,0.82440714626454792,5.2036718258909787,-6.8601378849568277,-2.1940948139409784,4.6660430710158494,7.9549746601704499,-0.80514734166661128,-8.7601220018370611,-1.2473586692082108,0.11402457933655796,4.1765185991287126,4.7669498545120348,-2.5779081796087553,1.0954605014605932,-1.0153752104670559,0.65600148280034887,1.6617223816964781,6.4243834731206277,-12.366370629129563,-17.838301321947824,0.25013734371670637,0.36927852454339222,0.45690105548869148
1921,2008,121.07555383117514,42.47519429262163,3,10,22.836202739143371,3.0833282470703125,145.06113868951797,155.83479976654053,-10.773661077022552,156.30322104692459,-11.242082357406616,177.78987978514488,110.05933235767952,612.30834659934044,210.20443937048088,163.05956654210087,164.27029237762969,182.33721528997484,180.09070138786959,209.03769260456332,205.9407766581088,237.4281565145555,234.84722826642846,256.83680253514854,257.36688069591361,-1.014680997116244,2.073552672343709,0.59939138979680706,-1.4741612825469019,-1.360310569141717,0.78949377169891477,2.1498043408406318,-2.069626378031785,1.175803280414641,3.2454296584464259,-1.546959271632943,0.99378848645471862,2.5407477580876616,1.0215495852422123,0.5595592957347435,-0.46199028950746879,63.499826740473509,77.530825018882751,-14.030998278409243,78.140868544578552,-14.641041804105043,69.657997468356371,57.890982017871465,152.48242665245198,219.26426094159089,168.76548023099593,170.2689231895267,202.16807191550757,187.91689644571096,219.42693765617912,210.61754689792801,240.49564316995819,234.30587276390548,265.01230723827854,253.58886654526125,-6.2607015096617147,2.6161980784820003,0.90212906975793317,-1.7140690087240671,-12.386390849162126,1.63307286755159,14.019463716713716,-6.9613868152248415,1.895365992186953,8.8567528074117945,-4.0369714871054896,1.8849463239299098,5.9219178110353994,-9.9735957699942048,1.5992752929476808,11.572871062941886,81.561311960220337,78.303976207971573,3.257335752248764,78.162351876497269,3.3989600837230682,108.13188245648689,52.168350143609132,459.8259197473526,202.99564755257876,160.70598258244311,161.33471722258665,174.9872903377435,173.5773361948518,195.13335182970275,199.29149540275969,236.15286673181933,235.60964927526996,252.23042641971864,260.80387025446186,2.5632381220710556,2.0526563193425886,0.88291471664587107,-1.1697416026967176,-1.022593295431534,0.37765871531721018,1.4002520107487442,3.6039529090480755,-0.007681560319468872,-3.6116344693675444,-0.71967008970887036,-0.37197544165235286,0.34769464805651751,7.3580488585844819,0.10400198313323017,-7.2540468754512517,-5.2460205125454706,-8.8239396317327703,0.54264540613829126,0.56354175913941162,-11.026080280020409,-11.363797553730592,-4.8917604371930565,-10.565339724272917,-2.4900122154725466,-3.3173013973966192,-10.995145355236417,-17.331644628578687,0.2490288226500818,0.39179956447766606,0.52599793927272587
1922,2008,121.3255549747456,42.47519429262163,3,10,22.836202739143371,4.6666717529296875,170.93828383088112,173.88308903574944,-2.9448052048683167,174.01112544536591,-3.072841614484787,198.26656352959981,112.68647777583465,615.56740887463093,206.32019544019485,158.23669608609646,159.45165386618356,176.00385270969002,176.4632151862937,206.46188254808587,203.48959940821373,234.08462395352325,233.25556502369281,255.51649059251531,256.50871598004835,0.91532729307951399,2.5574972234138897,0.99383566656916855,-1.5636615568447212,2.0427694651547199,1.4813264483878186,-0.56144301676690134,-1.0286292581606631,2.0548259304589749,3.083455188619638,0.98158788869096725,1.8348606045038309,0.85327271581286368,2.1529799951456994,1.0316235186018048,-1.1213564765438946,71.547718532383442,84.180785864591599,-12.633067332208157,84.730049759149551,-13.182331226766109,76.97918935877567,66.901996844744644,160.62360140681267,218.64425737720998,168.85650596605802,167.21182777490296,202.45515147996406,187.32067857026587,219.22788736603195,210.1724596553918,239.43064092787199,233.14187352212321,262.84737809324429,251.81029738694741,-5.8828185341839117,0.84032931262078137,1.6395129951320087,0.79918368251122729,-11.809155820066138,2.9365939608824476,14.745749780948586,-5.978022317106678,3.2583282729515304,9.2363505900582084,-3.2211685628213047,3.2459378856475212,6.4671064484688259,-8.8655840954483836,2.6559940747669657,11.521578170215349,99.390565484762192,89.702305495738983,9.6882599890232086,89.281075373291969,10.109490111470222,121.28737448374886,45.78448078207839,454.94380798190832,195.70679394860454,153.05697128954063,156.28720168962948,162.89039269282426,167.74584253706857,188.08348052596273,192.73066073110834,230.20626943709186,233.44841461654363,253.12672354867294,260.85272836065479,5.766155066301252,5.2878229275152364,0.4402874568148718,-4.8475354707003646,7.2905614244357366,1.7536904112899947,-5.5368710131457419,5.4329128839228815,0.73279309111697444,-4.7001197928059071,2.0430217678276961,-1.0455233595036759,-3.088545127331372,6.1956540030715814,0.14992835335181098,-6.0457256497197704,-6.7981458272634256,-11.648973600485164,-1.7171679107931084,-4.447493614894455,-13.851925285220858,-19.099717244501875,-4.9493930589460149,-11.410935201029559,-4.202756451512272,-5.2641903306490008,-11.018564090594083,-15.061238098519965,0.26093584405396281,0.38826107634272494,0.59370031050071226
1923,2008,121.57555611831606,42.47519429262163,3,10,22.836202739143371,-0.25,154.66939526551505,162.16846328798783,-7.4990680224727839,162.49450941752002,-7.8251141520049714,200.44198292248984,114.77642744719924,599.92420483380556,204.62803404823029,154.46944852267208,158.3425078099848,172.67879562113211,176.17205300320185,203.52959666033681,204.55292543566151,235.67725090810507,235.1569548485804,255.15408516826574,257.60270432687923,1.6019193406460204,4.262841410773774,-0.057272658319078573,-4.3201140690928526,3.4755499998637447,-0.08810006824214156,-3.5636500681058862,0.77235190184282487,-0.097024541985007318,-0.86937644382783219,-0.65512535392983295,-0.10458171674528671,0.55054363718454624,2.5573632073065369,-0.056606512755706717,-2.6139697200622436,51.786714590823976,76.349105111848985,-24.562390521025009,77.417034305761263,-25.630319714937286,57.083708554244367,47.9514062150065,119.15431287966203,216.6010138733246,167.34702770753862,166.22681712632703,199.56306838418811,188.30080441067179,217.36851632700328,213.20867797281858,237.09586599063167,237.04360748094217,263.57522131284935,255.38001573794148,-4.4532912867123002,-1.1376753029618385,-0.02229657303047361,1.1153787299313649,-10.682464186565397,-0.17008074138232132,10.512383445183076,-4.6540887253566154,-0.18657582823550456,4.4675128971211109,-0.58805508570142706,-0.17330474611455315,0.41475033958687391,-8.4460971281655191,-0.14432441699358378,8.3017727111719353,102.8826810099672,85.819358064381049,17.063322945586151,85.077475591079747,17.805205418887454,143.35827475567567,66.825021165137514,480.76989203691483,198.64476447071442,148.92372074759237,154.48090775392214,163.07104894144314,168.55926558002702,192.59058091153295,192.74968117830582,234.62768750641794,231.65866546159393,253.52939909874959,260.10102888878077,1.8459350196638127,7.2085203077197377,-0.062183052863133526,-7.2707033605828713,5.6782606493814001,-0.10460955216967704,-5.7828702015510771,0.64985255081785454,-0.056861667768686175,-0.70671421858654071,-3.201637483542612,0.016225434196513788,3.2178629177391258,5.6395644794830559,-0.0070234378370628292,-5.6465879173201188,-6.0552106273583206,-6.2992263063761129,-5.4005167137356125,-8.3461956106815762,-14.158014186429142,-16.360724835946797,-5.4264406271994403,-5.30394127617447,0.067070268228405894,2.613582397841185,-11.003460335472056,-14.085661607648575,0.19861561163825828,0.28478918299425537,0.41778096148763344
1940,2008,126.82558013329577,42.47519429262163,4,4,22.836202739143371,2.4000015258789062,150.34446743402077,150.1927444532048,0.15172298081597546,150.18614858294313,0.1583188510776381,174.74341987255593,240.79851005021555,551.75121118500829,194.87667191065734,134.3307378901284,131.3862333368516,162.65408178140399,156.41441419286423,194.95020536795158,190.02414503431189,228.38799907287967,223.22779989084668,253.62741320826581,249.07714095176794,-3.5764902097103857,-2.5521519245116622,0.4731702724049569,3.0253221969166191,-5.0597299167335734,1.1080283198348582,6.1677582365684316,-3.6853974480721376,1.3802638764489927,5.0656613245211304,-3.8460883783343434,1.3344327504990474,5.1805211288333908,-3.6322827362385226,0.98108682788515011,4.6133695641236727,89.491765355357529,94.44066473775456,-4.9488993823970304,94.655835730714898,-5.1640703753573689,92.610091900066436,185.1607046612462,288.21843603567686,204.31714635861167,157.62406118978379,142.81888380631921,173.85807994272014,164.49065385772829,206.89126933350869,194.48073266486958,233.59970370839409,224.24197678445131,254.46050105061585,247.27168518931504,-7.8455937270660741,-12.321815471567504,1.9611954485113472,14.283010920078851,-7.5738912771586797,2.0786874249710934,9.6525787021297731,-10.593028522083443,2.1055348217034293,12.698563343786873,-7.5190548054791577,1.9567053391849072,9.4757601446640649,-5.453666533893653,1.8126190153719506,7.2662855492656035,60.85270156569095,55.752079307158056,5.1006222585328942,55.530312554205011,5.3223890114859387,82.133327499564075,55.637805137139367,263.53277479484677,175.8430177772521,120.47703941037794,119.32282492801069,135.59903216728361,138.91206244441872,170.44788771867431,178.66667628077482,209.06343518475973,220.997942842329,249.7372850982924,253.13270301531585,6.325001180848659,0.2660897190696403,0.34126188244121636,0.075172163371576062,2.8955139569583821,-0.85189191514535878,-3.7474058721037409,8.7772666919608184,-0.32568602624201048,-9.1029527182028289,11.257032910498481,-0.53343515250264772,-11.790468063001128,2.2936749267817049,-0.76373871423515993,-3.0574136410168649,-4.2691035173556884,-14.170594907914733,-9.7696635470558419,-12.587905190637144,-2.5141613604251063,-10.469405234117062,-6.9076310740113058,-19.370295214044262,-3.6729664271448144,-18.776087715977638,-1.8213837976551304,-7.7473414606753579,0.52237028246238693,0.52997756349056768,0.76894456125427535
1942,2008,127.32558242043672,42.47519429262163,4,4,22.836202739143371,-1.5,207.66993588118203,211.95979427185375,-4.2898583906717249,212.14630837891309,-4.476372497731063,236.06420147328026,173.666582985883,548.14712844416499,194.53871725511701,133.89539184331099,129.94553123048598,161.98370313148317,156.80454737066958,194.71518211954626,191.15594173325528,227.79847681650969,225.31792641177915,253.46982476184112,251.53887536066199,-3.8975895673827097,-4.153501616117552,-0.17300698478999266,3.9804946313275593,-5.7502996918803149,-0.68364097287118852,5.0666587190091263,-4.4386384639581706,-0.83513946435289199,3.6034989996052786,-3.3400533408451452,-0.87417662904843496,2.4658767117967102,-2.6340031263003425,-0.65039895850566154,1.983604167794681,128.12978310145991,140.62534757791582,-12.495564476455911,141.16863261719118,-13.038849515731272,132.74433924265759,136.77347759340637,278.26773609174415,203.89770770237459,157.68023344634597,144.02512775594187,174.72518049505143,166.15600829789025,206.72411621635172,196.49785076070134,230.66317040084468,226.40201737895799,252.58863692869483,249.60683561701785,-8.6289635552656705,-14.569134801359667,-1.2655098067075699,13.303624994652097,-10.121320926294828,-1.3251770511195389,8.7961438751752894,-11.712084966896811,-1.3183021997030551,10.393782767193755,-5.6993339052389729,-1.3085143119731129,4.39081959326586,-4.3114693137673044,-1.1629664782532529,3.1485028355140514,79.540152630710509,71.334447356210148,8.2057052745003602,70.977675814703616,8.5624768160068925,103.31986205925932,36.893105562598066,269.87939250841737,176.54883588199701,120.47541150521775,118.42332020370004,136.57064274837248,137.51984973645025,169.09889306751796,178.65865381237458,211.32056999604634,222.26509499003851,254.85760419059702,255.75495736575328,6.3121901302605465,-0.91477555924960541,0.076972651749699139,0.99174821099930455,1.5104869797327751,0.33445479772029785,-1.1760321820124773,9.6390134485024532,0.11067227152810233,-9.5283411769743509,11.416937413695507,0.35881484061994229,-11.058122573075565,0.76742965163430199,0.67518325928597278,-0.092246392348329209,-4.7313739878829608,-14.941153685526217,-10.415633185242115,-13.654359242110061,-4.3710212344145134,-11.631807906027603,-7.2734465029386399,-21.351098415399264,-2.3592805643938277,-17.11627131893448,-1.6774661874669619,-5.0788989654016063,0.5076515439961643,0.56232303930116534,0.78756359019584332
1943,2008,127.57558356400716,42.47519429262163,4,4,22.836202739143371,5.3333358764648438,117.09381100838073,123.75791563300299,-6.6641046246222686,124.04765840049367,-6.953847392112948,130.2124225473699,235.543688482574,514.63868741691113,192.35268871013008,131.0154462606819,127.71901360834194,159.88496535629909,151.9253405406667,191.78868868185702,186.02301526852725,225.94512798559404,220.99420057996545,251.38459138399898,247.19149245272922,-3.1667483209710952,-2.2959324718581513,0.77618472863876775,3.0721172004969191,-5.7066301154159191,2.1739934592029613,7.8806235746188804,-3.0343136806496602,2.7637061184725269,5.7980197991221871,-2.309342765846452,2.7095118778992457,5.0188546437456978,-2.1385799306103479,2.0842168743532454,4.2227968049635933,62.045180352433817,75.137445211395971,-13.092264858962153,75.706674669680069,-13.661494317246252,66.124527243277043,174.32384192441532,251.13907685689628,200.89321217592575,152.22869278730138,135.3494280820172,170.91414591405385,157.48332181209781,202.18395124122895,188.35682718749044,229.8507645551031,219.9830726298739,251.85658846958063,243.55087641845796,-7.8274338465483595,-12.567514911108958,3.8925294759370104,16.460044387045969,-9.7299061389533676,4.2530596545817616,13.982965793535129,-9.5105744107346766,4.3532733462600675,13.863847756994744,-5.7794516096569453,4.2416414172396912,10.021093026896637,-4.7737153633237597,3.8258974615461057,8.5996128248698653,55.048630477132974,48.620470086687419,6.4281603904455551,48.340984562441008,6.707645914691966,64.0878951616005,61.219846647565646,263.49961056560278,175.96459568537551,120.33172367234113,118.55497597550446,135.89476459816555,140.62061004099854,170.90470075842941,179.8883993067528,211.57574027176815,222.86115031973492,248.64731291759821,254.59265027797827,6.6194860133165037,-0.021189055394813749,0.43464011608425324,0.45582917147906699,2.9981554787639197,-2.0412609204191483,-5.0394163991830681,8.5469960501605726,-0.43031119386978389,-8.9773072440303565,10.723028480053614,-0.56121794900778355,-11.284246429061398,3.7128146007055705,-1.6152733162459185,-5.328087916951489,-4.6606855255772643,-14.446919859864863,-10.271582439250807,-12.546325855714144,-4.0232760235374485,-12.728061617717287,-6.4762607300850163,-18.057570460895249,-3.4701088438104932,-16.502480089710559,-2.6351354327134118,-8.4865299640293301,0.4879910566331897,0.50782042104486336,0.74009133102843527
1946,2008,128.57558813828902,42.47519429262163,4,5,22.836202739143371,6.4000015258789062,130.74701970815659,142.59384739398956,-11.846827685832977,143.108926653862,-12.361906945705414,144.11091577055686,257.53420981792442,532.23719168454409,195.6394681025248,135.7706545609507,128.80003540496429,162.09448356327701,152.44119565623765,196.16088793707635,189.40209027959065,230.34533125520335,226.01541057064705,254.84722364105869,251.14194784580684,-3.0775338094882443,-4.8963267333878093,1.878036049846429,6.7743627832342383,-6.4769832268980565,2.9012168064558637,9.3782000333539202,-3.5263646864377165,3.2562872158465268,6.7826519022842433,-0.97260854192668944,3.4223038348094406,4.39491237673613,-1.1655187361234027,2.6622406701551427,3.8277594062785454,85.51274530403316,95.827723264694214,-10.314977960661054,96.276200473308563,-10.763455169275403,91.724621013151591,205.11360736779534,324.57345350785181,201.29106709028986,145.77810805718127,133.28133814021277,169.74998046061705,155.27827870026877,202.17486041668218,191.72740463984482,234.51039772822426,227.16430341295012,257.26954890418745,250.28339003386381,-5.311592201755758,-7.5531495798074104,4.3858038974655926,11.938953477273003,-9.8012171822214498,4.6765542092964836,14.477771391517933,-6.090220737547412,4.7128260021863468,10.803046739733759,-2.7125988595182662,4.5348051242138752,7.2474039837321413,-3.5139628513824164,4.1483034170275914,7.6622662684100078,45.234274506568909,46.766124784946442,-1.531850278377533,46.832726180553436,-1.5984516739845276,52.386294889653072,52.420602487381984,207.66373824328184,179.63278646572985,120.08019168770213,119.79283424577903,141.45394506714919,145.53889873589361,176.72034866835838,183.96087610607009,214.09277166694872,222.93125714118759,245.30070352185939,253.62487637779509,5.5444704888216449,1.446533711839507,0.64096520189454509,-0.80556850994496187,1.7498482117962908,-1.5283449611767708,-3.2781931729730616,7.0626841592149958,0.003286842052659722,-7.0593973171623361,8.7792490148220281,0.30624270775365403,-8.4730063070683741,6.4585472927130354,-1.5588951391065962,-8.0174424318196316,-2.2340583922675137,-10.856062690577403,-2.6568228464196011,-8.9996832916469174,-3.3242339553233933,-11.551065394017741,-2.5638560511096955,-13.152904896762408,-1.7399903175915767,-11.491847874340294,-2.3484441152590136,-9.9725101440954518,0.60982858503474491,0.6364862822687839,0.7964518869660453
1947,2008,128.82558928185949,42.47519429262163,4,4,22.836202739143371,0.71428680419921875,100.83170235572834,109.99143274435846,-9.1597303886301233,110.38967972605315,-9.5579773703248065,125.79194784634365,256.01294040230823,505.51550829410553,197.83555954765552,138.36926299129749,133.66064362774549,164.71613364501698,158.92392581605938,199.39673268534634,194.35116435341828,231.76120724552533,229.79506531291256,254.99691553789512,253.80375713270533,-3.2259553739087323,-4.4250815858972317,0.17577495199995496,4.6008565378971866,-5.5049752030019192,0.30499127170349993,5.8099664747054192,-4.6414975562460654,0.36986624187969142,5.0113637981257568,-1.6336479442440179,0.39076395190602398,2.0244118961500419,-1.0227836774938339,0.3035115364262424,1.3262952139200763,70.413472765409097,74.511371384376616,-4.0978986189675197,74.689541995689069,-4.2760692302799725,76.93639534844533,203.34931221006264,304.10430302773602,203.87231464035708,149.98788083701038,140.94706774016433,172.92299565128729,163.9257785347678,206.53120092790081,197.99075981399687,235.40807258377339,231.26595082755733,257.98081888725284,253.44780109769613,-5.9267037198150661,-8.1849821149033914,0.50702214575062499,8.6920042606540164,-8.8132504627567698,0.55670100145349011,9.3699514642102599,-8.1158031365760621,0.54477784313206712,8.6605809797081292,-3.6140761257674399,0.52854148218904129,4.1426176079564812,-4.5932186869040947,0.48162699372213069,5.0748456806262254,30.41822967972621,35.48005990960155,-5.0618302298753406,35.700138723774216,-5.2819090440480068,48.855552793593233,52.66362811773979,201.41120563447475,181.16859888296034,119.75686073886712,122.98914639287325,142.46808784408566,146.18949750744537,183.62095434617706,185.37507339840306,214.97675382806528,225.48903238538955,245.2560477819608,254.97256188084864,6.408942050471552,4.9071983745657946,0.06396831724127594,-4.8432300573245186,4.2717374575655072,-0.077746084819466432,-4.3494835423849736,1.9331175873689119,0.041607865583046078,-1.8915097217858658,10.189106785557016,0.12628222149334078,-10.062824564063675,9.4739359838734458,-0.34781293662135226,-9.8217489204947981,-2.7007483459063337,-12.335645770286618,-3.7599005290061598,-13.092180489469186,-3.3082752597548506,-13.084987920322277,-3.4743055803299967,-10.048920723944974,-1.9804281815234219,-13.803182911324456,-3.5704350094102608,-14.067154670777541,0.60157264819422751,0.61161621761691809,0.7942931005382462
1948,2008,129.07559042542994,42.47519429262163,4,4,22.836202739143371,1.0500030517578125,90.804786045489891,98.414970629477466,-7.610184583987575,98.745847144091385,-7.9410610986014945,114.28524270852267,251.68787843214159,490.34819991514087,197.92971928277021,138.5639048533497,133.4534344451441,165.23825407041852,159.39327168192892,199.10749474376303,193.98616635832587,231.67770130494276,228.64766121009077,255.75680687747936,253.80984123304148,-3.4041273171947353,-4.6280502607519622,0.25212188991613971,4.8801721506681019,-5.4271760660527661,0.49843512577422189,5.925611191826988,-4.3323308980819775,0.58124936788030368,4.9135802659622811,-2.5302450050530183,0.61376179716623369,3.144006802219252,-1.5858283217720839,0.46869844979568143,2.0545267715677653,55.720776451533311,59.426119854881108,-3.705343403347797,59.587221950729145,-3.8664454991958337,59.046640826079965,203.42961235093298,275.56393192324322,206.35927828780041,157.76130430774651,145.89268276603843,175.88415625956691,168.26806997495191,208.20821705818091,199.636072050639,237.40045867630721,230.3903319561326,258.96064327032752,253.06066324487023,-6.3429162094111007,-11.064197790378103,0.748983395124867,11.81318118550297,-6.8399929647328293,0.86815315795726633,7.7081461226900956,-7.6426280349651279,0.86225428013241867,8.5048823150975466,-6.2836435768321337,0.85446255118534964,7.1381061280174833,-5.5841843975207723,0.74100606494656063,6.325190462467333,35.084009698264708,38.988849370905882,-3.9048396726411738,39.158624734405748,-4.07461503614104,55.238602061256643,48.258266007447673,214.78426806628704,176.55168997720929,119.07294862166609,121.65444978484147,138.50311610031378,140.08555332396796,165.86273473049462,179.56186085142781,212.54682021442974,223.51376367070432,244.45388816496538,255.92982374400569,7.4301355038717816,4.0953493653070581,0.30825874205466164,-3.7870906232523964,1.9236806513753493,-0.062763141674338385,-1.9864437930496877,13.608804215123627,-0.05128465358652079,-13.660088868710147,10.907552971283849,-0.3002310537939934,-11.207784025077842,10.845257932077857,-0.39152907250900171,-11.236787004586859,-2.9387888922163654,-13.773051713282882,-6.4361475296261403,-15.159547155685161,-1.4128168986800631,-8.7636736161081785,-3.3102971368831504,-21.251432250088754,-3.7533985717791154,-17.191196548115983,-3.9983560757486885,-16.429442329598629,0.56197602432502458,0.51666023912356485,0.80826146105316043
1968,2008,114.07552181120218,42.225193149051165,3,10,22.925873297935485,-31,80.068099024430921,82.66095579681496,-2.5928567723840388,82.773689416513662,-2.7055903920827404,151.45644277586143,132.1338787202676,471.25756321102381,203.81191915472255,154.32597425432019,145.78775073603214,173.92582238746459,171.25330476421075,203.83940023409136,209.07129169453202,234.53384028077232,239.63600790000427,252.81945323171882,258.79663016967976,-6.4007673200852651,-10.584441257872669,-2.6355794717998435,7.9488617860728255,-8.0323464790309913,-5.1823922283695936,2.8499542506613977,-6.816146109296227,-11.702132292625976,-4.8859861833297487,-7.4456772589121272,-12.25767398279848,-4.8119967238863524,-0.40817026978459126,-6.1286717199004102,-5.7205014501158189,26.366999313891938,36.923025758947915,-10.556026445055977,37.381984153291341,-11.014984839399403,43.027118171290567,47.723909345730135,107.37530512723606,209.65975816731293,149.39062377988705,159.75756982926862,186.90245979345676,184.38219431805121,212.72179997792747,219.12119376875907,237.4304963459762,245.96790574596204,259.62137320257199,261.02984620621095,-10.807612264151771,-2.2524315872089744,-13.661032509353845,-11.408600922144871,-17.036206566788593,-16.093845467403469,0.94236109938512413,-12.432139586137794,-19.569164664657706,-7.1370250785199119,-11.053816912535979,-19.304322185870802,-8.2505052733348236,-11.622593897001678,-12.492228734736869,-0.86963483773519101,53.701099991798401,45.737930639874321,7.9631693519240798,45.391705567206373,8.3093944245920284,108.42932480573654,84.409969717264175,363.88225853443146,201.05990022366112,155.55227260384765,140.16585606587785,173.01476055552448,161.85064362127696,198.4163586910567,201.4745350614977,233.88865200313376,235.09522278798062,250.31282937047007,255.94551801067814,-4.4164679667808855,-11.433589943482872,0.25089778801827833,11.68448773150115,-8.1154898691451649,2.7433293122085729,10.858819181353738,-3.6413256765467565,-5.9551544065409416,-2.3138287299941851,-5.6553192722072083,-6.8313859476377559,-1.1760666754305475,4.2196393275480091,-0.27565097888495416,-4.4952903064329632,-4.4068449440665063,-6.3911442973708859,8.3320096706636946,9.1811583562738974,-9.0038600877576016,-8.920716697643428,-5.6159934768415667,-8.7908139095910371,-3.6081396536238515,-5.3984976403287703,-11.214423627217087,-15.842233224549688,0.22784844957311509,0.28408905809946877,0.3611784487668257
1969,2008,114.32552295477265,42.225193149051165,3,10,22.925873297935485,-12.473678588867188,120.66040593385696,106.25175440311432,14.408651530742645,105.62529098987579,15.035114943981171,148.09277787480369,140.87337779495283,488.15323044732213,204.19449401577819,155.7158287584148,144.07616633216963,174.38725312768878,167.10230375076114,203.9276320254499,200.98166810063742,235.19793815880141,231.38089436068344,252.81660512574993,254.10473414660188,-7.9551953788615037,-13.333365959695897,-2.1165756849413526,11.216790274754544,-9.4520051153849352,-2.5423099198748105,6.9096951955101247,-8.1800172295059497,-4.8904410319139799,3.2895761975919697,-9.2134903511982316,-4.9883224255793834,4.2251679256188481,-1.6050290853114575,-2.4339807743667734,-0.82895168905531591,30.423135893419385,45.31592321395874,-14.892787320539355,45.963435769081116,-15.540299875661731,45.289124896849899,51.841884593100986,111.38229261513334,204.95980099397022,146.52454823023766,151.61856772719369,183.39406359286014,172.05851030060356,208.19106776590044,205.66133699164067,231.06419288234767,233.54044358396231,255.82972025689924,253.68030834217089,-7.9708195510829398,-0.82688407520890905,-6.9756104947210531,-6.148726419512144,-16.770995520560092,-5.8428368734163882,10.928158647143704,-10.958169304942601,-8.3619453592375237,2.5962239457050771,-5.5467858224509428,-8.0457204345125035,-2.4989346120615608,-9.2118282935073523,-6.7260591397857752,2.4857691537215771,90.237269639968872,60.935831069946289,29.301438570022583,59.661855459213257,30.575414180755615,102.80365262218857,89.031493276357651,376.77093775942922,203.80699969465485,158.92469108196838,140.37311223272201,173.52591222408185,162.19974552614428,202.25744925977162,196.21783575744604,236.49592217581514,229.13535168576411,252.24647692746046,254.71933623549191,-8.1065876662586618,-17.325977336567547,-1.0505244125048989,16.275452924062648,-9.4298538618895407,0.93626533889249686,10.366119200782038,-8.5478139638220227,-1.1921002952686877,7.3557136685533351,-9.6206153460344694,-1.6935167349377309,7.9270986110967385,0.18390651072988362,0.072160276684684277,-0.11174623404519934,-0.015624172221436083,0.13576811517572196,12.506481884486988,16.499093261358638,-7.3189904051751569,-7.3411416586705514,-2.7781520754366511,-2.410355341120578,3.6667045287472888,4.0738295235835267,-7.6067992081958948,-9.3957348042372359,0.22817075800782372,0.30581589154291455,0.36800341842132189
1970,2008,114.5755240983431,42.225193149051165,3,10,22.925873297935485,-1.899993896484375,137.5085951089859,130.71347284317017,6.7951222658157349,130.41803431510925,7.0905607938766479,159.10377932748088,133.00070787955701,509.35158646851778,206.72023309076022,162.91766118168718,153.13091383006949,177.82174282741931,172.84597117301172,207.07066511761104,200.87720309179809,235.47014984900653,229.11789915580485,252.79530868784994,251.49684650444615,-5.7062806021515371,-9.466978334235705,-0.2153112308479308,9.2516671033877742,-5.3756877053852463,-0.41958898234506137,4.956098723040185,-7.0597157136581643,-0.69828028034854128,6.361435433309623,-7.492400346917492,-0.72607213873956766,6.7663282081779244,-1.6587074344039934,-0.39130865540838045,1.2673987789956129,48.597542701289058,59.088503569364548,-10.49096086807549,59.544632196426392,-10.947089495137334,59.680720255757478,48.249450327448358,130.73115051817149,207.32400643266814,155.69473126844292,152.64458705358476,188.28970212472404,173.4127220405509,208.56195147548894,201.26916707783928,230.34638367769247,228.3157550354619,251.94875199771812,247.68845640902583,-6.4707086551476323,-2.3846729332551035,-0.47709243868939666,1.9075804945657069,-14.183390578978248,-0.47903826728619947,13.704352311692048,-7.5521284646876836,-0.93618055360443009,6.6159479110832535,-3.2642363429779664,-1.0242934113140336,2.2399429316639328,-5.633139218745697,-0.67650962787351432,4.9566295908721827,88.911052703857422,71.624970316886902,17.28608238697052,70.873402506113052,18.03765019774437,99.423059352982818,84.75125724663485,378.62043587863445,206.36640862062902,163.87449709925147,153.64335721945753,174.31699158253812,172.43726196290874,203.32228551408559,200.56128340092206,237.26935607281564,230.05328122944834,252.85208250255226,254.76016163719126,-5.1160756752120449,-10.553641794930371,0.37371346412766115,10.927355259058032,-1.1951991270777285,-0.46827054334957552,0.72692858372815294,-3.4112676842818246,-0.56126177690421741,2.8500059073776072,-9.3077688965635446,-0.32809843558763419,8.9796704609759104,-0.38041465245902373,-0.35998243204431901,0.020432220414704716,-0.76442805299609518,-1.3546329799355874,7.0823054009806015,8.1689688616752676,-8.8077028735930014,-12.988191451900519,-0.49241275102951931,-4.140860780405859,4.2281640039395256,6.0435325535855782,-3.9744317843417036,-5.2527245662866733,0.25666190896659113,0.37510561036339407,0.36277589117151293
1971,2008,114.82552524191357,42.225193149051165,3,10,22.925873297935485,-2,140.8839730443251,110.39267706699684,30.491295977328264,109.06696744650253,31.817005597822572,176.32636944668411,139.02193081090445,563.3602031879127,206.46993364226304,164.63143185648482,160.71837360582657,180.14227329637146,177.69296167515029,206.2807291660298,203.19938846613135,233.32969431941396,229.96478979575869,249.7183483442343,249.51551366145321,-2.8468184209972947,-3.6130933965802399,-0.031109442486211947,3.5819839540940279,-2.853078588501063,-0.48733238369698029,2.3657462048040827,-4.2329133607255756,-0.59103337849924742,3.6418799822263281,-4.050523539884324,-0.48772090972860838,3.5628026301557156,-0.56520302994226768,-0.2842651994197638,0.28093783052250387,72.600157227399905,51.391528199561435,21.208629027838469,50.469414412186779,22.130742815213125,88.078717272761423,65.890316322016588,187.22752378275618,208.2265503970894,165.80036144691738,161.37795528722998,190.33161527981321,179.52042727687405,207.73918044062944,203.85022276091453,228.39868806285958,230.31059961105549,247.41129628801357,248.28058796773618,-4.0564265481926327,-3.8318638117866612,-0.26347339291163507,3.5683904188750262,-11.375966450632689,-0.40572873735052895,10.97023771328216,-5.9096368393703642,-0.73749014644630506,5.1721466929240592,1.5878566498169562,-0.84457649756024011,-2.4324331473771963,0.22811549150441124,-0.50974388349899868,-0.73785937500340992,68.283815578506619,59.001147122644397,9.2826684558622219,58.597552386792813,9.686263191713806,88.247652010009915,73.131614044563321,376.13267878815532,204.79397738162851,164.25235651930018,160.2224077792462,173.71859691596003,176.33175900378447,200.67853567050653,202.60898863609359,236.67718411596735,229.57524097620859,252.07236982646259,250.7091304525849,-1.5478826953495286,-2.3249190137671292,0.14557440209495098,2.4704934158620802,2.7683889714996894,-0.51330461114685022,-3.2816935826465397,1.0777166011779968,-0.41164434261787619,-1.489360943795873,-8.3591469087599251,-0.086473675529532557,8.2726732332303925,-2.3830504864342004,-0.025985848668227618,2.3570646377659727,-1.2096081271953381,-2.5085438528431041,-0.21877041520642138,-1.5069447980195321,-8.5228878621316255,-14.144355422132378,-1.6767234786447887,-6.987353440548361,5.6383801897012802,9.9470035585768812,0.79331852144667891,2.6111659779386116,0.33234069911804748,0.49952095962251308,0.4739562739323453
1972,2008,115.07552638548404,42.225193149051165,3,10,22.925873297935485,-9.76190185546875,143.54178107965708,114.01563415699275,29.526146922664338,112.73188785252569,30.809893227131397,189.71817100325279,147.41413164209189,567.39804825559258,202.92333951242392,155.95853725366493,150.6406733822063,174.34095305993506,171.10308803959475,202.53463985495765,201.71719426085457,233.3204202018224,231.16180049905617,251.880984545243,252.70739535674105,-4.0226017980765789,-6.3889615421162773,-1.451205499363823,4.9377560427524543,-5.493507081693366,-2.3300149222041284,3.1634921594892376,-4.9481528896858435,-3.4677102966384723,1.4804425930473712,-5.5058760454782316,-3.3238770327457701,2.1819990127324616,-1.1844546831802063,-2.0470169849465094,-0.86256230176630311,71.680889350063808,52.63130793446544,19.049581415598368,51.803065521213284,19.877823828850524,91.600762115486759,59.57577148434666,173.26445579598658,203.10667841143672,154.63882993384695,154.46600177437196,183.24906840595452,173.18241501209738,204.03998151837385,203.54596620331483,222.99545772186747,232.43815836499701,249.47971129162761,252.39587250878401,-4.5539345073731852,-4.3552266376542548,-4.7234518901767046,-0.36822525252244986,-14.814055940065515,-4.371115964085277,10.442939975980238,-7.2757929053074974,-5.6072729747679091,1.6685199305395884,4.4548621101247079,-5.6266928375120813,-10.081554947636789,-1.581545849367302,-3.9266775089893429,-2.3451316596220408,71.860891342163086,61.384325924504083,10.476565417659003,60.928822569730983,10.932068772432103,98.117408728110604,87.838360552626,394.13359284028411,202.77429049482191,156.13546680261845,147.45902581383444,171.0651619813612,169.28629922235112,199.13389166450943,199.08673694600705,237.30084195856838,229.59700284298123,252.48874413339996,253.19608841324381,-3.5849604882797905,-5.7793738086732276,1.216682507939538,6.9960563166127656,-2.3597745675103567,-0.53802689152928451,1.8217476759810722,-0.64225092707886233,-0.62906566878265835,0.013185258296203983,-9.3204040954738048,-0.63748091104105242,8.6829231844327524,-1.071515534370036,-0.62522148419625978,0.44629405017377621,-0.53133270929660625,-0.96897401909339465,2.0337349044620225,1.4241471710189728,-9.320548858372149,-12.454281372555158,-2.3276400156216539,-6.6335419782286351,9.9607381556029395,13.775266205598513,-0.39709116618709572,-0.51003031499726603,0.30536667570265791,0.48282545436259888,0.40413880827240645
1977,2008,116.32553210333634,42.225193149051165,3,10,22.925873297935485,-11.190475463867188,149.78290869589546,131.87099167660926,17.911917019286193,131.09221452265047,18.690694173244992,176.09865019748759,136.071669144716,520.33881355077028,200.90803501378898,153.72491594837135,144.49779396178329,172.47045933269726,170.77331331303122,200.17514702920815,202.67034158635889,230.8722210913399,233.04574166709162,253.10085627754256,254.93101111471665,-3.3175963030674325,-10.064437412571493,-1.3811035559531604,8.6833338566183329,-5.6692632845083892,-4.0274814598411695,1.6417818246672198,-3.0221011650328933,-5.4670830304715992,-2.4449818654387059,-2.4931130929057304,-4.7243860450054171,-2.2312729520996868,-1.3593640833364304,-3.2043431788175951,-1.8449790954811647,70.761999985319562,63.45084654459788,7.3111534407216823,63.132970326216309,7.6290296591032529,83.204306013194582,61.178536877858278,158.18540595180821,203.16284584606197,151.92036618439215,160.02773455653198,181.0994614691067,183.58376589583679,203.57150199453588,209.93809869583094,225.22293336991765,235.82237059859645,259.05523397770219,254.30722044985993,-2.1950595196954339,1.8580461329662796,-7.8093414557876031,-9.6673875887538827,-6.7876675834519062,-8.9999701264132739,-2.2123025429613676,-2.2953788065952949,-8.7784546355622126,-6.4830758289669177,2.292141347763021,-8.3200403413129607,-10.612181689075982,-11.861781272764802,-6.509807415907261,5.3519738568575406,79.020908367849188,68.420147635406465,10.600760732442723,67.959244133991888,11.0616642338573,92.894343659027072,74.893132155099011,362.15340682119131,198.96774726384982,154.84717539765001,136.595466909772,169.4769859670767,159.88992469495918,189.76734032790267,193.53691518299971,235.3913812744949,229.21389143073094,250.59728284417031,255.99587459029593,-4.292905404743351,-15.266175896878423,0.35473340105798457,15.620909297936407,-8.7584340541285997,0.71859631300793581,9.4770303671365355,3.1005577301315554,-2.0247225908345001,-5.1252803209660556,-6.9794326315839896,0.04355812228189393,7.0229907538658836,3.8209080452826356,-1.0996266070530396,-4.9205346523356752,1.1225367833719986,2.0978458850479171,11.922483545537773,17.124222029844702,-1.118404298943517,1.9707664706766934,0.72672235843759836,-5.3959365367268504,4.7852544406687514,9.2715739793470107,-10.502417189428371,-15.682689318047437,0.3040046251256131,0.47248690390235409,0.44960525039781207
1978,2008,116.57553324690682,42.225193149051165,3,10,22.925873297935485,2.9583282470703125,155.34911545679643,145.7954635846836,9.5536518721128232,145.38008680559869,9.969028651197732,172.93185630965399,122.34372325403092,538.43883559852839,203.77828635988337,160.5270311134135,155.96790395095803,176.14674904678461,174.09016672902669,203.66803281116634,199.53250621522284,230.18671312732471,226.32088498259733,249.74690709639398,246.57968543204981,-2.2479411063235375,-3.624697592198828,0.56711084698085301,4.191808439179681,-1.120869337378025,1.1167314257352245,2.2376007631132495,-2.8170675997942283,1.3810865631147919,4.1981541629090202,-2.6292406156841537,1.1762367018211251,3.8054773175052787,-2.4652054915710551,0.7463718171946141,3.2115773087656692,91.954113261541352,91.034583687354825,0.91952957418652659,90.994603988830931,0.95950927271042019,105.68219041471366,69.501236817866811,199.08325344510376,204.27176355159736,161.08985073808753,159.43552638991028,185.43259533857429,179.33505187120781,205.23482218893818,201.44671600481576,225.39390395979242,223.92772916877095,245.0226652391552,241.17398924589733,-1.4279244900985475,0.15945641677430444,0.42988637715910727,0.27042996038480283,-4.7709025720581621,1.3023865740880751,6.0732891461462373,-2.2675003337542989,1.6843188022305071,3.9518191359848061,0.67542473219037902,1.9905457251349503,1.3151209929445713,-2.3221384600574027,1.8644777842266365,4.1866162442840391,63.395002180353913,54.760877607517614,8.6341245728362992,54.38548204190738,9.0095201384465327,67.249665820434529,52.842486483350513,339.35558211058378,203.05843062401649,159.45577920616844,152.62135847895627,170.9464324574738,166.52636313211579,189.97567102372597,195.5560229072108,238.4507740797888,231.20417732260361,252.66993498961125,252.79645272052545,-3.6678236514355547,-5.5562014728923543,0.11213615561510437,5.6683376285074587,-3.1494254671337671,1.0859727684287748,4.2353982355625419,4.7543260020149205,-0.23510034465928698,-4.9894263466742075,-8.542049799193876,-0.0010713852489914188,8.5409784139448846,0.015937116460861489,0.47841241477004814,0.46247529830918666,0.82001661622499,2.2398991613370072,3.7841540089731325,5.7156578896666588,-3.6500332346801372,-1.621477104924395,0.54956726603992934,-7.0218263357692194,3.3046653478745327,9.217474531384255,0.14306703151365241,-2.3380755765182641,0.36974163132903093,0.61112043015069339,0.56808175335285882
1979,2008,116.82553439047726,42.225193149051165,3,10,22.925873297935485,-5.4545440673828125,140.71688281056413,142.29673568082944,-1.579852870265313,142.36542318490683,-1.6485403743427014,173.01330143549421,145.88355687079275,527.13716902583838,197.97355682281173,140.4921892965524,139.09053741612621,168.64210642377506,163.28693925327002,198.72906645412831,195.83349736814586,230.39103856613426,227.39051397787259,252.07222639027657,251.20799457820573,-4.1885404530916617,-1.8294623587891294,-0.79368020200229239,1.035782156786837,-7.1137530057635274,-1.6988927253581494,5.414860280405378,-5.4005247642836309,-2.5146325221174379,2.885892242166193,-5.2864432132948593,-2.2212180024966131,3.0652252107982463,-2.465036847177231,-1.4928852444939196,0.97215160268331147,65.491126386870747,79.631154025424621,-14.140027638553875,80.245936691764655,-14.754810304893908,70.331788221247734,72.084023001008973,150.7333105187281,202.69295298845168,151.62533440664097,147.16021086479182,184.88581422851487,169.82823319640491,204.76629811685078,199.61481389457174,222.83707753917795,226.65232416745332,245.38925894857516,247.39186491461896,-7.9186302733813534,-7.4023889165983121,-3.8891498347570348,3.5132390818412773,-18.780724105880211,-3.6702933170018923,15.110430788878318,-9.2019764625112543,-4.3172680125418026,4.8847084499694517,-0.047149352341307349,-4.0659840529409053,-4.0188347005995979,-1.9546613220193194,-3.5605762865372128,-1.6059149645178934,75.22575663230964,62.665580845323348,12.560175786986292,62.119486802002939,13.106269830306701,102.68151347129151,73.799534029971255,376.40385885536671,194.16512157302554,130.0328418137249,132.37471622395734,164.00068552435141,155.76698509139342,184.86760429940821,189.40600493580476,237.07965511937542,228.95718884105523,253.17999706590814,255.25016851768626,-1.3708399414519761,5.1507320622779389,0.72154741966795655,-4.4291846426099823,-6.5359313913875212,1.0677761181579797,7.6037075095455009,5.534252169212067,-0.36080858934775506,-5.895060758559822,-8.2982096913843009,0.74054901139805906,9.0387587027823599,1.2041892424390994,-0.53571421772684857,-1.739903460165948,-3.7300898202896917,-6.5477903319293773,-5.5729265578091827,-12.553120978876251,-11.666971100116683,-12.244792714492689,-3.8014516982276234,-14.736228631723321,5.239293860953552,8.2510603390429935,0.51037552515791162,-3.1588505644584188,0.28594703499524937,0.40651087308145517,0.49412027336879988
1980,2008,117.07553553404773,42.225193149051165,3,10,22.925873297935485,-8.5,147.54279672193661,144.7461884559707,2.7966082659659151,144.62459801542354,2.918198706513067,186.64386700678006,143.1858539663499,527.3644984215498,196.39549772786879,137.17297397429996,138.8763178322655,164.6488906790585,163.29341618152338,196.58056015723054,197.55883898625538,229.61674256083086,229.15450543824215,252.75868490139325,252.52235641760021,-2.8331725045359804,0.3215065272958384,-1.6749922848684378,-1.9964988121642762,-4.1501362262304156,-2.7537479491167858,1.3963882771136298,-3.2377371997433499,-4.2151418415924979,-0.97740464184914799,-4.3108066085376606,-3.7805946338272918,0.53021197471036885,-2.6801112076239804,-2.4160821715011878,0.2640290361227926,85.432561329820601,87.346878092082989,-1.9143167622623878,87.430109796636316,-1.9975484668157151,94.674291516908852,83.04607556404153,186.23107027099468,201.53146793571975,148.41885264887381,149.83202397517292,175.1564846177894,172.7095649045024,202.90417619553457,202.75474389795511,227.45284424084298,229.31762423820408,255.59984565754849,249.28980204891107,-6.8789298652026787,-4.5849629248547217,-6.6603311396425511,-2.0753682147878294,-9.3781130668614878,-6.3310187588674012,3.0470943079940866,-7.1065994093334552,-7.0375772473873894,0.069022161946065808,-4.4924424350519701,-6.6910076294179532,-2.1985651943659832,-13.013028175742789,-5.8425817522943646,7.1704464234484249,62.110235317610204,57.399312014936186,4.7109233026740185,57.194488856556745,4.9157464610534589,91.969575329683721,60.139778134087464,341.13342782855034,190.39477199525169,126.69303931143816,129.88828684191265,157.11402376716325,151.32676437432215,183.57858381075414,187.48656650231183,233.35987853530563,228.74674782054356,252.02166900908978,257.07429132256453,1.7765323332546643,6.0044996257301761,1.6262020741382628,-4.3782975515919134,-3.0142129868422955,2.2045691427256031,5.2187821295678987,5.2921526636267515,0.29493418975121699,-4.9972184738755345,-3.4465031536536799,2.1106808533410231,5.5571840069947029,4.3285548439210118,-0.36393138198792485,-4.6924862259089366,-4.0457573606666983,-8.655462198457343,-4.9064694521505601,-10.589462550584898,-5.2279768406310723,-6.3639000800191923,-3.8688622095901053,-12.398752072960207,-0.18163582651430943,-1.0459392813982902,-10.332916968118809,-17.341583019663801,0.35313539464336585,0.50724566006484262,0.57998798948084762
1981,2008,117.3255366776182,42.225193149051165,3,10,22.925873297935485,-6.5714263916015625,107.59338452421071,116.13060834124917,-8.5372238170384662,116.50179444345122,-8.908409919240512,142.61975924342187,180.09251138626678,502.85794161260128,194.08432939769781,138.66213140719725,139.45247256840702,163.82061291918697,164.40620149896989,194.26210092333304,195.61170663678868,225.28554026452369,226.00848455273282,249.12098819173724,248.78933679073478,-1.8487670277602888,-0.25195788611074477,-1.2481558648236728,-0.99619797871292803,-2.1492189323704451,-2.6907127650378015,-0.5414938326673564,-2.4313516925476222,-3.7969467488757118,-1.3655950563280896,-2.9522319096096794,-3.5961542803308646,-0.64392237072118519,-3.0882719868529591,-2.6635410939834685,0.42473089286949062,69.451781308671343,83.631540979418787,-14.179759670747444,84.248054117473657,-14.796272808802314,78.535741754269111,126.77256819565628,217.16776305515668,196.65165485787313,148.40363476098128,151.2909348410827,171.73803734098178,172.82797622995588,198.07405970409732,199.20163901521857,219.65519630333208,226.055379628959,241.48855046038395,246.20769457541269,-2.7582343225748218,-2.1206959806873158,-5.1783924852452117,-3.0576965045578959,-4.6792768579667836,-5.5142208791110647,-0.83494402114428112,-4.350084076164336,-5.5899904601862147,-1.2399063840218787,1.0533593832391546,-5.4429005025407662,-6.4962598857799208,-0.51646056515437522,-4.7199321853070444,-4.2034716201526692,38.141603290045168,32.499068193457788,5.6425350965873804,32.253740457959793,5.887862832085375,64.084017535718885,53.319943250215147,285.69017873704433,189.59475984490382,125.76168662234367,127.70113701464582,152.00360688951307,143.58714088351121,181.6960870335796,183.66579810792999,236.54529315582764,225.81088951939032,255.25073658367523,254.85438035572304,-0.24488062114656373,5.1587809362923025,0.18189768840728959,-4.9768832478850129,-2.5681525900219526,3.7014278176258131,6.2695804076477657,4.5074283560441302,1.8129898055620117,-2.6944385504821184,-8.61192790303474,2.5246183761021825,11.136546279136923,-1.0263648446117486,0.66055912211876944,1.686923966730518,-0.90946729481453303,-2.5133537014282581,-1.868738094576571,-7.2794769169796183,-2.5300579255963385,-2.111124267944831,-1.9187323836167138,-8.8575124322084662,4.005591292848834,9.6652872862738946,2.5718114216985839,0.50990427945737338,0.43186702462871995,0.5506652245866237,0.70393025906419504
1982,2008,117.57553782118866,42.225193149051165,3,10,22.925873297935485,-3.1666717529296875,130.95678280751599,144.03820959456425,-13.081426787048258,144.60696741571883,-13.650184608202835,165.48192884368109,189.37168168650351,533.18827661126852,194.45251739085117,135.9811267774426,137.14482108524385,163.17100646766161,162.72669232168988,194.69751637257022,194.16572168687279,226.86482195776995,225.65486213890713,250.81254058497959,249.60451758118617,-1.6716083921208735,0.75432092895945857,-0.56489066001896049,-1.3192115889784191,-1.6597958736863063,-1.2137638123577688,0.44603206132853757,-2.3361974935304488,-1.7815039792652385,0.5546935142652103,-2.8929165401203534,-1.6731249993009101,1.2197915408194433,-2.4375380525558228,-1.1311128323135904,1.3064252202422324,88.606863530683768,104.48088628870391,-15.874022758020146,105.17106116444847,-16.564197633764707,93.423003660846007,138.70427415827544,239.33960522618145,199.57665375440789,149.38566728521505,149.88353236899923,172.88442757704769,171.43330795048541,200.39597965673144,197.89361265930449,225.88449846760307,225.65869714415251,247.82453263897858,246.56523538975119,-3.9863119540657692,-1.8795258993417008,-2.6682020824910921,-0.78867618314939136,-4.3128029139353146,-2.8070925174687034,1.5057103964666112,-5.268247253377865,-2.8342380693848668,2.4340091839929983,-2.8060360765233554,-2.7861643787692572,0.01987169775409825,-4.2581475583907604,-2.5914017202645994,1.6667458381261611,42.349919157622935,39.557322332319018,2.7925968253039173,39.435905675091817,2.9140134825311179,72.058925018922309,50.667407587832713,293.84867138415575,184.7606135863559,120.95341073195405,124.30328517595471,136.69939941356137,139.62079816325544,177.84547264426129,181.25074344797014,231.15664962768975,225.63771839081349,253.90955385173157,256.91683547236363,2.7750766552381094,5.8979337208592852,-0.078894040071887162,-5.9768277609311724,8.4488843250950367,1.6978509692098669,-6.7510333558851698,4.7960483273453178,1.5280280341945343,-3.2680202931507836,-3.6962893054488859,1.9435768501710413,5.6398661556199272,2.8346823025955246,1.3718269598128927,-1.4628553427826319,-2.3147035619448957,-6.7613886093038786,-2.6338468283011593,-7.777459620200986,-2.6530070402490082,-12.761687239030351,-2.9320497598474162,-10.064295580723183,0.08688046359699797,0.89025322892553049,-1.8206095058349376,-7.092829860986285,0.44888384783575563,0.56455109215638899,0.73244464495961048
1983,2008,117.82553896475912,42.225193149051165,3,10,22.925873297935485,-7.86956787109375,131.82646025536815,129.27223505936126,2.5542251960068825,129.16117979766568,2.6652804577024654,167.65705151835573,156.79246812859492,522.9477169290185,194.80550796999825,141.66198266850984,138.64945719528936,164.65574126529489,163.17001592910256,194.59503160534544,195.31506614649132,224.45707874799783,225.80518225326114,249.32257634178075,248.08601846064184,-3.0413624277843496,-3.4673757047475249,-0.85706994329058261,2.6103057614569423,-3.8173137227581435,-2.2914921609365706,1.5258215618215729,-3.0586686919165516,-3.7829077085561664,-0.72423901663961487,-2.4478076783313441,-3.7887451085544797,-1.3409374302231356,-3.9555709095290297,-2.6477630398135261,1.3078078697155036,87.640700609448686,89.308283149042836,-1.6675825395941501,89.380786822817754,-1.740086213369068,100.57154464870018,105.26214086000618,218.16360693765455,196.47467242033724,149.47056719802492,154.75103163310817,172.53950973530408,175.45577104649635,198.26676942795126,201.33858579060129,219.31937092416555,227.13148566705132,240.61348647825784,246.50309642458129,-1.812061617204364,-0.95188768298021387,-6.3305711701303267,-5.3786834871501128,-3.7648506264486628,-6.7546176629468562,-2.9897670364981934,-3.5162465994617946,-6.7129336666142478,-3.1966870671524532,1.5116189847690862,-6.4509888099606769,-7.9626077947297631,-0.14143162166121215,-5.443951896491285,-5.3025202748300728,44.185759571413655,39.963950052209839,4.2218095192038163,39.780393291011933,4.4053662804017222,67.085506777748378,51.530327164280607,304.78410974144936,191.90901207737238,126.56829912847516,128.40813401681186,153.82471883724591,142.68310162211222,183.66027517602447,179.04126903508117,238.80352829323456,221.97489613734422,256.74725629698463,251.5584475817723,-4.3751838720889964,5.1600322918847041,0.7163595223005359,-4.4436727695841682,-5.40896022836165,2.2651203361505168,7.6740805645121668,-0.71556915441988167,3.7006081464211036,4.4161773008409853,-13.388083514013857,3.9024951329284931,17.29057864694235,-4.7591627486639823,1.759146762447898,6.5183095111118803,1.2293008105799856,2.5631222548846324,2.515488021767311,-6.111919974864918,0.052463096309480761,1.6441096019129873,-0.45757790754524308,-2.800677445041913,3.9594266631004302,14.899702498782943,3.8141392878678175,4.6177311270027701,0.41718053234615543,0.59986468650075975,0.67134692193042322
1984,2008,118.07554010832959,42.225193149051165,3,10,22.925873297935485,-8.125,167.09946144257992,160.01166034667767,7.0878010959022504,159.70349459270801,7.3959668498719111,207.16722939049214,129.13955786193401,541.54997028410435,195.8862883018891,138.65095340800252,138.26095355873395,163.23754343098796,163.62005168514429,194.63488072389652,198.36566873444499,228.71165430141929,230.81400552797925,253.40057036145379,254.97004258512553,-0.6125256230825471,-0.88258940120033458,-1.0078789516011,-0.12528955040076539,-1.5451657379127255,-1.7631440284799567,-0.21797829056723117,0.14989130770189263,-3.3939742405296442,-3.5438655482315369,-1.3067247121208823,-3.3013205998716728,-1.9945958877507906,-0.25679736230833328,-1.8145729104169561,-1.5577755481086228,106.06788443484766,95.517421891425329,10.550462543422327,95.058705615549115,11.00917881929854,116.45856138308955,72.916871411591273,195.77339094027411,200.25873806308621,150.653174473853,156.15113514352925,173.53179486248652,180.3803901114959,200.95850620138972,206.99551611056035,224.95376960267788,232.31713502571384,246.72705074507269,251.50876137271021,-1.0386940432662755,-0.49275379372139128,-6.4265949283072246,-5.9338411345858333,-0.10967812636675944,-7.0257411495791189,-6.9160630232123594,-0.95587517208619488,-6.9835360800912838,-6.0276609080050889,0.7243508791122224,-6.6573149201922774,-7.3816657993044998,-2.1205011819964739,-6.0138414405212757,-3.8933402585248018,61.031576948127622,64.494238375780697,-3.4626614276530745,64.64478939439141,-3.6132124462637876,90.708667920789594,56.222686363496905,345.77657912671566,190.25076848307268,126.83072940023321,129.73894615145841,152.2849864889597,146.11006628152501,182.54260040256099,181.73170371486873,236.78982997493119,227.10097218968903,255.89449489423461,259.83264758943312,1.0162258172264274,5.9628004073834262,0.76964506783812681,-5.1931553395452994,-1.9127428366399783,2.0028050392686509,3.9155478759086293,2.6583931375450049,2.161550596128393,-0.49684254141661199,-5.8989829896405297,4.4794872642185624,10.378470253859092,5.0168443616824163,1.2434353907435138,-3.7734089709389025,-0.42616842018372836,-2.0549198604927028,0.3898356074789433,-6.4555542011048175,1.435487611545966,1.8030647102732189,-1.1057664797880875,-3.6142683096311998,2.0310755912331047,6.6233338687527521,-1.8637038196881406,-7.1373455436788902,0.36150568125332694,0.56214760281209986,0.56463621696419564
1985,2008,118.32554125190005,42.225193149051165,3,10,22.925873297935485,-12.208328247070312,123.41407527118645,125.47692186684799,-2.0628465956615401,125.56661120516947,-2.1525359339830175,187.59420459471221,128.97271399110832,566.1385035738349,202.36421834248398,152.15576819656351,152.56715743142234,171.94086094420038,175.52317169311297,201.20193357454764,207.2085950907375,232.48362853835795,237.20239665534859,255.15473651581379,258.60214508486126,0.82801595369477354,0.19180805611776464,-0.88575446223978815,-1.0775625183575528,0.5161360280715428,-3.2039314355860142,-3.720067463657557,1.4279206446662727,-4.5360279361352127,-5.9639485808014854,-0.01761429635564582,-4.6351186098687265,-4.6175043135130807,0.5537001149246521,-2.888384533340087,-3.4420846482647391,75.357266707602321,70.816603413937628,4.5406632936646929,70.619183324291953,4.7380833833103679,89.976666918280898,85.707338017155053,186.48458358226344,211.45043221683994,166.67917965598488,169.21461078229615,185.86597814943676,193.82129625058252,210.56962557641518,219.48202781168911,236.36963968479233,242.0446388204866,260.64289993557594,258.56489757172341,-3.2672676051130907,-4.3417063006448018,-7.5756768239226915,-3.2339705232778897,-1.2916891502172234,-8.9189142037589306,-7.6272250535417072,-1.1329154952954923,-9.5969314571741222,-8.4640159618786299,-3.6209170958993866,-9.1104564846660594,-5.4895393887666728,-10.859347551021784,-7.8107259638132973,3.048621587208487,48.056808503979482,54.66031959533484,-6.6035110913553581,54.947427940482157,-6.8906194365026749,97.617537445463313,43.265376297122202,379.65392010658979,191.03351559461407,147.07126218194441,145.90507476289591,158.1628018883745,160.76341172099515,182.1630484846649,188.39654535665503,225.06742675584795,225.69925448988701,250.96464953531674,258.67631007485562,6.1865589162283641,0.86952843383605227,0.25988229421292885,-0.60964613962312342,4.3294646108065535,1.3352330937312047,-2.9942315170753488,7.7176728967835686,0.18293097195896735,-7.5347419248246013,6.5426431513732837,6.0528639058669569,-0.48977924550632679,8.9064531715376631,2.6220273033579815,-6.2844258681796816,-4.0952835588078642,-9.4538265213414547,-4.5335143567625664,-5.2112347344808541,-1.8078251782887662,-5.621153761023777,-2.560836139961765,-8.8505883920790609,-3.6033027995437408,-10.16356024727267,-11.413047665946436,-19.765800722559447,0.32939745734489229,0.47963457673263915,0.6645385319491991
1986,2008,118.57554239547051,42.225193149051165,3,10,22.925873297935485,-10.416671752929688,141.44955359054438,139.18550390109522,2.2640496894491662,139.08706665746286,2.3624869330815272,200.76554723049048,126.29381382810243,596.29465997219086,203.56581188732466,153.8636263678361,153.43845615322988,173.53179729000769,176.50858535924712,205.12825849321587,207.7167993189596,231.43552418495003,236.56985652898314,254.4024464612917,257.42810494970291,0.25270216747935592,-0.44546059486685863,-0.64920661966922921,-0.20374602480237058,0.40668207668056766,-2.5636185122443749,-2.9703005889249425,-1.5162395121086547,-4.0381538513384783,-2.5219143392298236,1.055039030173873,-3.9511195346396448,-5.0061585648135178,0.68197309240005666,-2.2934983554078769,-2.9754714478079336,95.360191466395918,80.912417638410261,14.447773827985657,80.284252613033459,15.075938853362459,109.57902399365105,94.930205842370924,219.86126578226686,212.3695430293287,167.273494714539,168.93874770556405,188.87696230353075,194.54824574540834,214.23853447162344,219.44527481265254,236.05581855057184,241.56122375358765,259.26491008477467,257.88451415389625,-2.9410150915096551,-3.6043322382631402,-5.8166117974488429,-2.2122795591857027,-2.7778027546916064,-7.7895982325698299,-5.0117954778782234,-3.3463878226921224,-8.0638408911095212,-4.7174530684173988,-1.9982109431360868,-7.4853415409266972,-5.4871305977906104,-8.2949139964468941,-6.1898527141601107,2.1050612822867834,46.089362124148465,58.273088070694939,-12.183725946546474,58.802814819290688,-12.713452695142223,91.186522866173618,31.363607836719893,376.43339393287897,188.87431990652908,147.30096511499084,146.28769331024412,157.64235524989897,161.00539642018845,180.69633862307882,187.79455951957277,217.48735451082104,224.0386257708341,249.37008088020502,256.40245676648402,7.5496312353417068,1.4480181539588841,0.7944780638215434,-0.65354009013734071,5.3843764643582119,1.5948528205231582,-3.7895236438350537,7.9449908442105368,0.35176281011592891,-7.5932280340946079,11.500395556027769,5.0139575255389843,-6.4864380304887845,8.3626919042395116,3.5559796199320886,-4.806712284307423,-3.193717258989011,-10.490646326851362,-3.1588716433962816,-5.0523503922220243,-3.1844848313721741,-8.1621792190498184,-1.8301483105834677,-11.291378666902659,-3.0532499733099598,-13.498606499163856,-8.9768870888469507,-16.657605900686406,0.36871245131143793,0.54580591892018193,0.7516615657167478
1987,2008,118.82554353904098,42.225193149051165,3,10,22.925873297935485,-2.4782562255859375,173.66781497875127,164.85192977649058,8.8158852022606879,164.4686335847764,9.1991813939748681,200.22509234821882,118.8119303760941,523.78648717701435,202.36622493961522,151.40568429996227,148.42296403349519,172.94756017500825,171.4023156429825,200.62076729428108,201.86713533381953,232.52078701066372,233.13431599262634,256.0345943755961,257.03501935371418,-0.82257245546210811,-2.9951854024456281,-0.68281024822212544,2.3123751542235027,-2.3734687502139025,-1.0560987429468014,1.3173700072671011,-0.12095784560455058,-1.2231178410894756,-1.102159995484925,-0.44479263430696392,-0.99000198619441448,-0.54520935188745057,0.38860734263903396,-0.47500450177255971,-0.86361184441159367,85.507762108627503,76.605109369904312,8.9026527387231909,76.218038275685103,9.2897238329423999,93.594901706233941,86.9302756280631,201.47989680070896,212.57793521782688,163.78132279825104,158.2925079705019,185.28200085873391,183.67063543173512,214.70639607307942,210.80057560257256,240.90362975006488,236.94737653181932,263.18496548304648,257.2420761207448,-5.1900585761860896,-6.6470161692384977,-1.297738924679976,5.3492772445585217,-4.0116341722751088,-1.5887114533032332,2.4229227189718756,-6.2323969577385014,-1.7122540847556138,4.5201428729828876,-5.77947858730127,-1.6051934320615544,4.1742851552397156,-8.4075709457790992,-1.0206177816959894,7.3869531640831099,88.160052661507507,88.246822181769858,-0.086769520262350852,88.250594293221184,-0.090541631713676907,106.63019034396166,31.881654807635641,322.30658967792988,189.0571047354554,147.20352755739728,142.33554267980389,158.76249837435046,163.63075325767588,184.56819029803336,191.07489886585904,215.30570543376274,228.30969860458163,245.07837495052638,256.84621733726141,6.3265346554819644,-2.983841886952348,0.081856725012045217,3.0656986119643932,3.9635076684944863,-0.81386314911190993,-4.7773708176063963,6.1708661305440842,-0.6134126635506334,-6.7842787940947176,10.684625492949266,-0.31923669027688106,-11.003862183226147,8.7662242934732149,0.12527407895277065,-8.6409502145204442,-4.3674861207239815,-11.516593231668054,-3.6518307667928696,-3.6631742822861497,-1.6381654220612063,-7.9751418407695951,-6.1114391121339509,-12.403263088282586,-5.334685952994306,-16.464104080250536,-8.7961782884181332,-17.173795239252314,0.38466035633450496,0.4674484132261485,0.73166285029532829
1988,2008,119.07554468261144,42.225193149051165,3,10,22.925873297935485,-6.4782562255859375,158.28267260405119,153.29631631291704,4.9863562911341432,153.07951609322481,5.2031565108263749,207.98720305593179,112.66462125034741,569.6931986361742,204.67294674692414,158.01609145936357,158.08238127611421,175.52488849071409,179.53312627864167,205.27395347232175,207.4835263460717,231.39659004466733,235.36513419430656,253.88496600923409,256.46814764683182,0.9139198876806347,-0.41007476353516381,-0.73464286725018724,-0.32456810371502343,2.0395121642532956,-1.9121978720969253,-3.9517100363502209,-0.67485352238213636,-2.8132896780753924,-2.1384361556932561,1.5299576326658837,-2.397203351952669,-3.9271609846185527,1.2349412761051894,-1.2074715214568812,-2.4424127975620706,116.45649582223996,98.993476083589485,17.463019738650473,98.234212946943444,18.222282875296514,131.53838101500969,83.156038652026837,237.22746615880169,210.36951105724327,166.87231136821748,167.59156472638887,185.25799276091061,190.73678352795369,210.18993689456391,213.41408673327786,233.86208538214191,236.4891971867446,257.96058914645567,254.83076835049479,-1.7341804397878491,-0.87535971108647459,-2.602120968419797,-1.7267612573333224,0.86717310782310619,-4.7933986964051769,-5.6605718042282831,-1.6995125718941893,-4.8842846806477951,-3.1847721087536058,-1.5684930581928427,-4.3507569927960219,-2.7822639346031792,-7.4013953413497973,-3.7439665264083146,3.6574288149414826,41.826176901020517,54.302840110118268,-12.476663209097751,54.845304299501549,-13.019127398481032,76.448822026020935,29.508582538715928,332.46573211252689,193.13037856806676,151.57680362350487,151.80875046729176,159.46885923941096,167.35582819839146,184.77271684362233,192.84663237502289,225.67207571581685,232.7423339583429,249.84580407238613,259.35732530450974,7.7809012175331702,1.6042294291999326,-0.24778894456468947,-1.8520183737646221,7.4280485031368642,-0.76142176370746029,-8.1894702668443244,10.056071704424767,1.9919526894997261,-8.0641190149250406,9.3883820700985723,2.0372421138706613,-7.3511399562279109,9.4207533426002499,1.8726237992732422,-7.5481295433270077,-2.6481003274684838,-9.5150816573210193,-0.46528494755131078,-2.4795891402864072,-1.1723390564301894,-6.560875395313758,-1.0246590495120529,-11.755584276318956,-3.0984506908587264,-10.956875128291415,-8.6363366174549867,-16.822148683950047,0.41641267041052277,0.63243497235566204,0.73808474860310613
1989,2008,119.32554582618189,42.225193149051165,3,10,22.925873297935485,1.68182373046875,183.0138106855884,175.65022751900688,7.3635831665815203,175.33007248422655,7.683738201361848,205.65885645758681,121.37210856987076,601.27525005489588,200.85194202413842,147.93102780120768,146.62099637056664,170.91522673643328,169.2186153585736,199.4268000890045,199.9105846019315,231.59194713294411,231.63532578965641,254.26638917969052,255.90436906154895,0.51947527855304543,-0.66880334143647246,0.53954361520638372,1.2083469566428562,-1.0539446463490947,0.71128021463704272,1.7652248609861374,1.1510928159841285,0.79917246055839541,-0.35192035542573308,0.81450271363945603,0.79261004057818241,-0.021892673061273626,1.9594082916993329,0.43542368400125042,-1.5239846076980825,80.40757900787321,74.405827450287688,6.0017515575855214,74.144882248738213,6.2626967591349967,85.983841374161329,63.43188022534423,162.27056375223037,207.64413910239622,161.82369969163804,158.99113492765534,179.43885708529814,185.19886373516886,208.81211973072871,210.89510471047996,232.09696949396488,235.19824028294568,258.97354402614224,253.70769779848155,2.5567809504270826,1.2008107829406072,0.85936252228589183,-0.34144826065471534,7.0349994544340575,1.2899878524521853,-5.7450116019818722,2.8659188687227015,1.3387317877067915,-1.5271870810159101,4.0063199748896636,1.2896976589845508,-2.7166223159051128,-4.7665994350570315,1.0357151681089363,5.8023146031659678,102.60623093638242,101.24439938326577,1.3618315531166445,101.18519008376734,1.4210408526150786,119.67501417377753,57.940228417000981,439.00468524545431,195.13812499637481,144.65237560173466,141.57614138730628,159.45120832121123,159.91236895263202,189.46991737954474,186.59889412740438,231.16259676834059,226.62991816424713,253.23000503649419,258.43327591005635,-0.93386951645496197,-1.4426239946726298,-0.13438334040318978,1.30824065426944,1.0926743440866176,0.43109323050467196,-0.6615811135819456,-2.1105562756004019,0.30209021168147387,2.4126464872818758,-4.7652788438827258,4.2119450142763526e-05,4.7653209633328686,3.5838099301734303,-0.056686960205865944,-3.6404968903792962,2.0373056718740372,3.4906504668820446,1.8696141243770796,2.643434777613237,8.0889441007831522,5.9423251103474399,1.714826052738573,4.9764751443231035,3.1918172612502076,8.7715988187723894,-6.7260077267563645,-8.3504093652304618,0.26987733777070522,0.41808966000884989,0.52262320373900528
1990,2008,119.57554696975237,42.225193149051165,3,10,22.925873297935485,-5.0434722900390625,168.79051049923146,164.21260127244386,4.5779092267875967,164.01356081026825,4.7769496889632137,205.88167768006679,127.11983429620523,576.74796602129936,199.2264900524994,144.53183752905113,145.22587541191245,167.12263977081233,169.5797534066856,198.87858400717712,201.58565431765695,230.77090355284656,233.58565454918559,253.8765094081524,257.40061923761783,0.88038742873433762,0.23758657283116236,-0.15252469589563589,-0.39011126872679824,0.95674159730418751,-1.571089953483181,-2.5278315507873685,0.3891839426378283,-2.2849150760681312,-2.6740990187059595,0.82995920620351171,-1.8195701468851269,-2.6495293530886386,2.5168344623932057,-0.95906087059984202,-3.4758953329930478,69.853049028269197,70.501363697556371,-0.64831466928717418,70.529551764724602,-0.67650273645540437,80.466251521906997,59.353623357084871,154.39168671518564,205.95359097630845,151.14971924135097,154.88850485360027,173.52367299717679,183.00347519250576,208.34629423933143,211.46674682385986,229.67574111233199,238.12898944699057,261.31069155975496,256.9896120366098,0.062330280245532776,3.5295663464978588,-2.8930010870145964,-6.4225674335124552,5.6137366292767013,-3.3846727182996119,-8.9984093475763132,-1.3163703644997895,-3.8336996223090978,-2.5173292578093083,4.6361499162995301,-3.6533673082217319,-8.2895172245212621,-7.6625395073210427,-2.8343233683690414,4.8282161389520013,98.937461480356433,93.711236126235235,5.2262253541211976,93.484009079233147,5.4534524011232861,125.41542650655538,67.766210889720242,422.35627956688404,194.35758818078068,137.49684975305399,139.7652246146952,159.07967839348876,161.75385326528649,190.51914281204412,191.23790249588387,232.0781950026701,228.25103634852536,251.0549656951419,257.89421360852424,1.2093330252891121,4.0338890801467642,0.086813594707479069,-3.9470754854392851,2.6368729493364071,-0.26605412886968338,-2.9029270782060905,-0.0592214409632561,-0.9835098899094703,-0.9242884489462142,-3.2503499894350227,0.54706417684914754,3.7974141662841703,5.8333404270645701,0.92885748996417306,-4.9044829371003971,-0.81805714848880484,-1.1470027450435794,3.2919797736666965,-0.50432273364890534,4.6569950319725137,2.9768636799402941,-1.7055543071376178,-1.2571489235365334,3.8061907100960184,7.8864999057345528,-10.179373969714248,-13.495879934385613,0.26769350879597892,0.39083736070457348,0.46691079866249235
1991,2008,119.82554811332282,42.225193149051165,3,10,22.925873297935485,-4,159.01676339844926,163.33262737283076,-4.3158639743815002,163.52027444891064,-4.503511050461384,203.85937959889634,118.40952610035674,632.99314115941525,202.86114267186875,152.41676192323416,153.70215457961118,172.49614076126326,174.35621291599878,202.43772821496589,203.39895113827259,232.48841603314858,233.55843379106923,254.66166312213159,255.73472240753938,0.43827495006254935,1.6042965934123856,-0.064067014681228329,-1.6683636080936139,0.78634535742094158,-1.1679505674106849,-1.9542959248316265,-0.54205817322065286,-1.3842067151941535,-0.84214854197350064,-0.19649684095958264,-1.049644069790503,-0.85314722883092031,0.73860443797343578,-0.25902960405343833,-0.99763404202687411,67.539043023547492,72.812045979619143,-5.2730029560716503,73.041305707007268,-5.5022626834597759,79.605279474815688,62.481254949869253,160.39442957646679,211.52298795980289,164.23142742116326,162.87352321928083,189.23866929782955,188.41895368080728,211.36460058880684,213.72119224347963,233.60524145677476,237.79091329660446,263.32307476616114,255.35340768398356,-2.3306475872103647,-1.6394302874804225,-1.399163982314434,0.24026630516598857,-3.9020352404424727,-2.559669988713523,1.3423652517289497,-1.3030548907420894,-2.910214770205414,-1.6071598794633246,0.90225044959734646,-2.8321401711716021,-3.7343906207689486,-10.680018573408262,-2.0951886711393399,8.5848299022689218,91.47772056861686,90.520582798888427,0.95713776972843334,90.478969015091934,0.99875155352492584,124.25410003467368,55.928271015445716,472.5987114906311,196.03066552041025,148.95257031144877,149.99990881254971,161.44265978687156,166.81972573579242,189.60351547600089,191.7793432084658,230.6985313496136,227.76471190268626,249.56994261473181,256.23862091502946,2.2819181404330777,2.42385590907341,-0.077111079942739025,-2.500966989016149,4.8393292507478805,-0.4975785104145416,-5.336907761162422,2.7976701492934808,0.010847867177460557,-2.7868222821160202,-1.2965235569459423,1.5741637509650275,2.8706873079109698,6.9390979728203774,1.7115186827015236,-5.2275792901188538,-2.768922537272914,-4.6125657276434424,-3.2437268808928081,-4.0632861965538325,-4.6883805978634143,-8.7413644911903532,-0.76099671752143649,-4.1007250400355701,1.0987472905569291,2.1987740065432888,-11.418623011381698,-17.619116546228639,0.25339047004945742,0.39049112987316603,0.52767084716574175
1992,2008,120.07554925689328,42.225193149051165,3,10,22.925873297935485,-1.875,167.68700104951859,178.92482304573059,-11.237821996212006,179.41342264413834,-11.726421594619751,210.54617066681385,129.88476241273747,635.49018976092339,201.1778400471411,147.18591659441961,148.71985540942998,168.21381637584125,170.38347337135914,201.27383926982753,201.14817444027531,232.7007924869331,232.64146857942848,255.68195018326125,256.74340877151252,0.12795283686838843,1.40261773472767,-0.44215871156728781,-1.8447764462949579,1.5795483991161916,-0.70242356757674429,-2.2819719666929359,-1.0510147604412055,-0.82018785962048923,0.23082690082071622,-0.89222474054443524,-0.63010718523690912,0.26211755530752612,0.63771065676027661,-0.30844799812541623,-0.94615865488569284,76.038418313488364,79.481340140104294,-3.4429218266159296,79.63103312253952,-3.592614809051156,84.822645304724574,67.305649656899732,172.25968512542022,210.38552394804924,162.72505172408233,158.41831995928138,184.69448578886494,184.9862234052062,210.35919759308933,211.80661023250724,233.67620293949727,236.71018329089404,264.00375699904379,255.65966955150455,-2.0281291223698474,-3.5775077697201425,-1.0329846491879664,2.5445231205321761,-1.6867388499823335,-1.3807082996900704,0.30603055029226311,-0.4323120067511752,-1.4699155157033772,-1.037603508952202,1.254310409573435,-1.4543535263524348,-2.7086639359258697,-10.102771644926946,-1.1219162480013551,8.9808553969255911,91.648583173751831,99.443481653928757,-7.7948984801769257,99.782390683889389,-8.133807510137558,125.72352592647076,62.579112857041764,463.2305054217577,193.73902095741582,139.62791396104691,143.60674923368251,158.60999359179186,162.28202637255492,188.70652293602865,188.2220455072453,231.43898036588772,226.39788358086383,249.73414746793389,258.03350892399652,1.5701339429109566,5.1858219861797465,0.57317962152345103,-4.6126423646562955,3.6507542002796924,-0.34011336606124587,-3.9908675663409383,0.037303520647441246,-0.19792874424129536,-0.23523226488873661,-4.7839717113088227,0.6648403031764758,5.4488120144852985,6.9063628634002612,1.0106644689130349,-5.8956983944872263,-2.1560819592382359,-3.5982630652808041,-4.9801255044478125,-8.7633297558998891,-3.2662872490985251,-5.3374930502620259,0.61870275369003025,-0.46961552739861645,2.1465351501178702,6.0382821208822577,-10.740482301687223,-17.009134508327207,0.2710658447618613,0.4028695702994054,0.51819511701473642
1993,2008,120.32555040046375,42.225193149051165,3,10,22.925873297935485,-7.4166717529296875,131.09180289817596,145.42332644151975,-14.331523543343792,146.04643518250305,-14.95463228432709,187.99081182287591,132.82909729766106,656.46276432275772,204.52282436882487,155.61905674778976,155.22007996848981,173.61330686491186,175.58186692006745,205.19289066435394,204.80653893583684,232.95904433025012,234.79918099750932,255.21822332146192,256.0744351126018,-0.65713404725690339,-0.052308078900296096,0.097275629439877775,0.14958370834017387,0.113533076594166,-1.855102286900717,-1.968635363494883,-2.7341031345246734,-2.389217119256756,0.3448860152679174,-0.46853466342682282,-2.0790941495981201,-1.6105594861712973,0.0096020354198742552,-0.74660411623023037,-0.75620615165010463,70.14862389956761,71.386938803390876,-1.2383149038232659,71.44077845267384,-1.2921545531062293,80.539980290878702,83.783369473170751,184.65990529733244,214.78361102371116,167.17423130822331,169.0814850536556,194.4077820516234,193.58508638090257,215.67819243576454,217.37182106201925,236.56775620199372,239.77135266844917,263.31969365974402,256.39789053490802,-4.1726986695309449,-0.18830303039800356,-2.7341023800453854,-2.5457993496473819,-5.8742410308924491,-5.0897354233064789,0.78450560758597021,-4.1693500245231689,-5.5063844415159053,-1.3370344169927364,-2.350689837288769,-5.2357690909014423,-2.8850792536126733,-11.139464612737441,-4.1130403977772971,7.0264242149601444,60.943179088015313,74.036388666310813,-13.0932095782955,74.605656729829207,-13.662477641813894,107.45083177041579,49.045727638225799,471.80285939574242,193.74886959736418,148.40763868973829,150.06362322872144,160.9833486884551,165.46779646519377,186.56861065530435,188.86629898175786,228.45476967530479,226.02878317495743,248.96953549050826,255.63184978356014,3.7082511489357159,2.8731601716312127,0.57918357834927292,-2.2939765932819398,3.8914704442849484,-0.4237041195879101,-4.3151745638728585,2.6660387557903391,-0.37322267734057846,-3.0392614331309176,0.3817666382088305,3.4291768733105243,3.0474102351016938,7.4435990079542478,3.2379408494275594,-4.2056581585266883,-3.5155646222740415,-7.8809498184666609,-0.13599495149770746,-3.0614632020292163,-5.9877741074866151,-9.7657114751773975,-1.4352468899984956,-6.8353887803135081,-1.8821551738619462,-2.7324564754975995,-11.149066648157316,-18.583063620691689,0.28129532295382742,0.42842508902383541,0.63076066296993538
1994,2008,120.57555154403421,42.225193149051165,3,10,22.925873297935485,-3.9166717529296875,134.47059758145042,151.06862176181676,-16.598024180366338,151.7902767397718,-17.319679158321378,186.97899928291008,113.2486965456992,630.37127670645714,204.92415258077679,156.94508627362214,158.1523969119595,173.12885728752607,176.61987698140078,204.57077260909526,204.96554087639157,233.67486241595753,234.85233370112215,256.10288241171725,257.03906093349383,0.39269203191983593,0.89705842792253065,-0.48682926521226477,-1.3838876931347954,2.3193403628608849,-1.0396938891900618,-3.3590342520509466,-1.0389569833678252,-1.3858356491849975,-0.3468786658171723,-0.08887441004551988,-1.0978786912911858,-1.0090042812456659,0.59691974000901382,-0.39359933734198194,-0.99051907735099576,59.81969456792649,73.884533088787066,-14.064838520860576,74.496048241378958,-14.676353673452468,67.128148171617568,59.70561204241676,148.95484386789758,215.80522660527907,167.25446511600734,165.26917480975814,195.81978934628211,187.76493986969035,215.33839572017303,212.43926477479161,236.1130530946522,236.72344551990878,265.04920134219088,255.44674593419015,-6.2269720168099525,-2.4665201065413669,-0.30137294892907107,2.1651471576122958,-9.7524707453707435,-2.2601197735844494,7.4923509717862942,-5.6816219175463232,-2.7217008271589123,2.9599210903874109,-2.2788246273199206,-2.529142487278051,-0.25031785995813038,-12.182702674106082,-1.8789561344750325,10.303746539631049,74.650902998622769,77.184088673029692,-2.5331856744069228,77.294228190436115,-2.6433251918133465,119.85085111874287,53.543084264863865,481.41643286496401,196.96489183522928,150.12567257356389,154.46152551509493,163.26224920098622,169.83040243436736,189.7297159668976,195.42901729075376,232.66370090916348,232.58377814741522,250.51255589129309,258.57760001365483,4.5308965549330082,5.3473060572251825,-0.30180366847355344,-5.6491097256987359,5.7077578478020143,-1.0490168126548838,-6.7567746604568981,6.1770878109807938,0.054660006042951181,-6.1224278049378427,-0.19776934764468024,0.64266151014484763,0.84043085778952786,7.6040510591388681,1.3659574184658254,-6.2380936406730427,-6.6196640487297884,-10.757868571742961,-3.3635785344638975,-7.8138261637665494,-12.071811108231628,-15.460228593172758,-4.642664934178498,-11.858709728527117,-2.1899502172744008,-2.0810552796752404,-12.779622414115096,-19.78675373324495,0.23629700364228506,0.35901437289248073,0.52720794025495721
1995,2008,120.82555268760467,42.225193149051165,3,10,22.925873297935485,-1.3333282470703125,123.00915965177046,138.66768762271022,-15.658527970939758,139.34849459212637,-16.339334940355911,163.64558434692663,129.1732700493194,634.42457610368729,209.75525958664676,162.12552761396569,162.91013325706973,181.43511087940993,179.5134846339167,209.5371408442787,206.70738951666979,236.93615905257184,235.20798487209686,257.0535820489892,256.4630943540933,-1.9779204063136433,0.9742234306640114,-0.15235675801881143,-1.1265801886828228,-2.1856959606945452,-0.36409866453789164,1.8215972961566536,-3.369431528402572,-0.40563373890665844,2.9637977894959135,-2.2706988126571162,-0.42045315645458459,1.8502456562025316,-0.68794592811428856,-0.019809129461350494,0.66813679865293807,66.525178478903399,69.286177658541419,-2.76099917963802,69.406222449204506,-2.881043970301107,79.790622515047289,79.301607722543849,187.80157723807497,216.13262132801856,168.388934219427,173.42667036285917,196.84872730688528,192.94183007716521,215.96933912954404,215.34935556108181,236.29104432296816,237.0563921604255,263.47103964592657,254.13315841065511,-2.2183076374454913,4.7935433959136162,-0.61464291758781542,-5.4081863135014316,-4.0727950624378764,-0.88454174672421004,3.1882533157136663,-1.6072502438724143,-0.95424091296689539,0.65300933090551894,-0.24241706523068274,-0.93135913355476418,-0.68894206832408145,-10.553507518896112,-0.68024661209665283,9.8732609067994588,56.483981362856866,69.381510182720376,-12.89752881986351,69.942272674396918,-13.458291311540052,83.85496212245198,49.871662118159293,446.62299887835979,202.16822351442514,159.25373769388992,158.8434724970038,171.75654745436577,170.59170754585426,194.35490271242767,193.08903777336491,237.4260520106269,231.47012332826927,252.57160019367956,259.55364031275229,-0.45790912835573749,0.53031886391721628,0.0088203081204483169,-0.52149855579676796,-1.2081935772899044,-0.30143150953932718,0.90676206775057722,-1.013254665640261,0.24561054146948891,1.2588652071097499,-6.2098646272429505,0.77865807480290528,6.9885227020458558,5.2403791276277047,0.56988571451921644,-4.6704934131084883,-0.24038723113184801,-1.7603985090897538,3.8193199652496048,4.2632245319963999,-1.8870991017433312,-2.864601485147972,1.7621812845301577,-0.59399557823215332,2.0282817474264334,5.9674475620122678,-9.865561590781823,-15.793886646523816,0.29601876142859507,0.48758188516649587,0.61391654552266006
1996,2008,121.3255549747456,42.225193149051165,4,10,22.925873297935485,1.125,123.18518054652668,143.96269022884735,-20.77750968232067,144.86605857374525,-21.680878027218569,160.78548950124241,122.65071767300651,533.46782146394253,207.27672301181983,160.67625348961081,161.6870724328765,179.01166973196453,178.32606619459048,206.61670469296251,205.10770038453262,235.20638577136941,233.81004673820158,254.22829739880117,255.44943930380637,-0.15244554061550275,1.4820108357015158,0.16321258823046492,-1.3187982474710509,-0.31285667885097723,0.28014285971005393,0.59299953856103116,-1.1668554990297366,0.40830734942872482,1.5751628484584614,-1.0014282128663297,0.3704512279274752,1.3718794407938049,1.2968772783152644,0.10065813531525691,-1.1962191430000075,50.503105021891315,75.323019152083361,-24.819914130192046,76.402145707083037,-25.899040685191721,56.252376004000325,60.453636900736456,134.29796992917545,215.49855505466493,168.4058815846326,170.87834311256972,199.21729720172766,189.36877902509008,216.471652186065,212.06059589029854,233.69740284596392,234.48838029791185,259.5218302493243,251.96849987256354,-2.8513837671674764,2.38052667553535,0.54889854794976145,-1.8316281275855886,-8.1959196972672146,0.74957222732257378,8.9454919245897884,-3.4875376780967429,0.80705678468899578,4.2945944627857386,1.45984116599152,0.83906469729822675,-0.62077646869329328,-7.3134770700754359,0.70236508819272103,8.0158421582681569,72.682075278766206,68.639668573367089,4.0424067053991166,68.463912270616675,4.2181630081495314,104.53311337710147,62.197080936182829,399.16985177621245,201.52169323852806,158.58627252546597,157.5909070296405,171.81937445985139,168.82710124536101,194.55631566315139,192.67651594151494,236.12748664774526,232.17902284950284,253.424597573928,260.06763612296561,-0.82439442249864214,0.022655699896091619,0.058925494879332518,0.036269794983240899,-2.8389953411133604,0.18997178875324039,3.0289671298666008,-2.0910610079978369,-0.082349963680627525,2.0087110443172094,-5.5145363748023044,-0.49864665991353263,5.0158897148887718,4.6926493669251954,-0.19848823179961528,-4.8911375987248107,-2.6989382265519737,-2.0269893446688343,0.89851583983383421,2.3578709756392584,-7.8830630184162374,-5.3569243561538542,-2.3206821790670062,-1.396476670098906,2.4612693788578497,6.9743775407938244,-8.6103543483907004,-12.006126437000631,0.251745212224113,0.34985978012378821,0.49289264708510833
2006,2008,124.32556869759115,42.225193149051165,4,4,22.925873297935485,3.4444427490234375,197.51058065891266,207.57375907897949,-10.063178420066833,208.01129019260406,-10.500709533691406,208.06710216330339,230.83261585235596,577.54367699660361,194.81188562489206,129.82694858454732,127.10653385774727,158.61789046817955,151.3925579789217,195.27321724314692,186.95219051696432,231.07023998348367,224.52097258056779,257.29715676953379,253.20106737469931,-4.558454967604689,-1.4622467551799048,1.0857167990822205,2.5479635542621253,-5.0624907823077478,2.0734075686908113,7.1358983509985592,-6.2875160058752613,1.9925746243169158,8.2800906301921771,-4.5307029811571624,1.9144637651297671,6.4451667462869295,-2.846344158823058,1.3088100328907331,4.1551541917137911,110.42449657525867,145.80194008350372,-35.377443508245051,147.34009090065956,-36.915594325400889,118.403707107228,183.57037275843322,314.79294521687552,203.78065200894775,149.31281178373467,136.37539963974785,169.96744345503649,155.92629537456071,206.96483055613811,189.14745615019416,236.1888984194149,223.48666734000247,260.89259038956709,248.82423892712796,-10.522005065890568,-9.94264831399542,2.7574577912032225,12.700106105198643,-10.961783849565023,2.9228085452742505,13.884592394839274,-14.871765201565296,2.9260859152554417,17.797851116820738,-9.8224318936663906,2.7931652042626922,12.615597097929083,-9.5783490984665889,2.4969467454822336,12.075295843948822,87.086084425449371,61.77181875705719,25.314265668392181,60.671198546886444,26.414885878562927,89.663395382969611,47.262243092060089,262.75073216296732,175.03228095979529,119.3930339270955,114.57209521017033,133.67839785573199,134.46387284899197,161.95603237262262,179.36567218026423,213.48319954755689,228.10077209847412,249.76038486907078,265.55495999905844,9.0078617367668414,-4.1646643137630974,0.26917258267215516,4.4338368964352526,2.4338752558172985,-0.27704633424664848,-2.710921590063947,17.287171974190528,-0.49706254567524866,-17.784234519865777,13.538460386004999,-1.253746601652665,-14.792206987657664,13.198620735116549,-1.9091980357629268,-15.107818770879476,-5.9635500982858787,-19.529866802657409,-8.4804015588155153,-5.7779840002323226,-5.8992930672572754,-13.395659105382322,-8.5842491956900346,-32.158937175755824,-5.2917289125092282,-23.36089227967139,-6.7320049396435309,-22.776969833583138,0.54505478590622114,0.56906500776032221,0.7952531841334225
2012,2008,126.57557898972533,42.225193149051165,4,4,22.925873297935485,3.380950927734375,124.02061550776125,138.82014697739942,-14.799531469638168,139.46360732931498,-15.442991821553733,146.91314102951583,252.97661584195885,542.61494009383023,193.07317151280159,134.01653713410653,131.48366774330898,161.45688711727047,154.17570335108292,191.87934156893346,185.89927934465217,226.07564536425062,219.61813755334521,251.23757934415121,245.44365455825258,-4.1037262613374992,-1.545944299113529,0.90829323860447175,2.4542375377180008,-5.2812059892896457,1.6724816344221551,6.9536876237118008,-4.00038776025076,1.9173526591095253,5.9177404193602854,-4.6666359447642094,1.8466994005971742,6.5133353453613836,-4.5949185783222788,1.3556448180588347,5.9505633963811135,71.281128314236412,92.847816083238286,-21.566687769001874,93.785497675555234,-22.504369361318822,72.697253765240021,184.93602366172126,273.65169825358316,203.36984051290867,155.29276913653766,138.61841656056643,172.97457521585764,157.87266330587889,205.58465413599117,187.15984577531958,234.20899549633444,219.04649002509515,253.69365774408263,243.08703165783874,-11.714509899835946,-13.012087071463952,2.8250079704477571,15.837095041911709,-11.967450268654858,2.8711134075660425,14.8385636762209,-15.287749545964431,2.8229188774340344,18.110668423398465,-12.291924045578583,2.6903174786984039,14.982241524276986,-8.9381213141101625,2.37799615766221,11.316117471772372,52.739487528800964,45.972333806274037,6.7671537225269276,45.678109832573682,7.0613776962272823,74.215887644255417,68.040591904566099,268.96324206702411,174.42541208889625,121.04912095459822,121.49698801680873,136.58785257062556,144.44714290050575,173.879626856632,182.89875390659432,203.29044953452629,221.0448795659272,238.84294988554964,250.23093378316034,9.8298451132420439,1.4170150854134818,0.26605631740649471,-1.150958768006987,7.2139188054578369,-1.3352121995688719,-8.5491310050267089,9.633509548358262,-0.027206548973538247,-9.6607160973318003,17.129607720596113,-0.36899156666819977,-17.498599287264312,10.162953748290164,-0.63372924231552474,-10.796682990605689,-7.6107836384984466,-21.54435501307799,-11.466142772350423,-14.429102156877434,-6.6862442793652122,-19.181369074112695,-11.287361785713671,-24.921259094322693,-7.6252881008143731,-29.421531766174695,-4.3432027357878837,-19.101075062400326,0.50432024264990327,0.4948315260010312,0.73103999374098538
2013,2008,126.82558013329577,42.225193149051165,4,4,22.925873297935485,2.3333358764648438,111.91496518697386,120.60880566969718,-8.6938404827233171,120.98679883399745,-9.0718336470235954,133.58401503421146,256.89883878735782,527.62281950563192,193.06402674603177,133.39466444371186,130.55710154051516,161.25543189188105,155.43492009459135,192.9118390757678,187.79273545380718,226.46908740506422,221.9093497158764,251.11933684375919,247.45033552685055,-3.2857025574730869,-2.3830504669755896,0.50906789514613138,2.892118362121721,-4.6439662254726386,1.1001326124065542,5.7440988378791928,-3.9151211304362619,1.2804961327391595,5.1956172631754214,-3.3178236930940841,1.2872217107946824,4.6050454038887665,-2.792846406642326,0.91010290390397586,3.7029493105463018,66.703975922369864,77.558123214716034,-10.85414729234617,78.030042535734538,-11.326066613364674,69.900314550347048,195.90223694802626,277.45792418881319,202.32642591188036,153.92771132053178,140.55838224609954,171.09841232477305,161.14936924268196,205.86282875513857,190.76709944351182,230.79303638290034,222.56154776071662,253.24839551137407,246.0172017413602,-8.3894716319024383,-11.253021099201561,1.942617303087161,13.195638402288722,-8.2356158491982967,1.9970700020253105,10.232685851223607,-13.059694234890344,1.9481881381112203,15.007882373001564,-6.5036713322314768,1.8611743180400708,8.3648456502715476,-5.6775703404522915,1.6437949839125281,7.3213653243648196,45.210989182647609,43.050682934655924,2.1603062479916844,42.956755963341493,2.2542332193061156,63.683700401908027,60.99660170522111,250.16489528864622,173.31776939988296,120.32697380086722,118.89775296644295,134.21485535829615,141.1756906864195,170.10784508772676,180.86697785781868,203.51994673516799,220.2710572125936,240.37088750695881,250.5054586744198,9.1062729250949133,-0.029917749085015544,0.21096936487703033,0.24088711396204587,5.9102806921724778,-1.4977747456444774,-7.4080554378169552,11.593246429789502,0.091080483605338713,-11.502165946184164,15.956558621889911,-0.61787687590037876,-16.57443549779029,8.8722670181841465,-0.71387806179689051,-9.586145079981037,-5.1037690744293513,-17.495744556997352,-8.8699706322259715,-11.223103350116546,-3.5916496237256581,-14.145896541370774,-9.1445731044540821,-24.652940664679846,-3.1858476391373927,-22.460229954121388,-2.8847239338099655,-14.549837358636438,0.52586414751504429,0.52326855524177251,0.76256567710755552
2014,2008,127.07558127686625,42.225193149051165,4,4,22.925873297935485,2.7894744873046875,113.57255068764061,118.94710435035449,-5.374553662713879,119.1807790404273,-5.6082283527866821,131.9951840472304,273.03219596486451,533.90193049237132,194.19353009525764,134.5340396049223,129.24177946166813,161.40303360486348,153.75920619226696,194.13185455650867,187.87330054467353,228.01387431361027,223.20622043501285,253.39195799160109,249.69948088714901,-3.9752001687013205,-4.5637872227000571,0.49382936056076687,5.057616583260824,-6.1389384123026502,1.3288580966188022,7.4677965089214524,-4.7931166805973646,1.5247626870555564,6.317879367652921,-3.2360328832867253,1.570788542031579,4.8068214253183044,-2.4792802918949235,1.2779595969091702,3.7572398888040937,66.369319327581252,77.254498274211073,-10.885178946629821,77.727766312962558,-11.358446985381306,69.782862882837435,210.52624467320311,290.65856172540225,202.92523008002533,152.79468372326596,138.90732270247813,170.97276057690129,159.98846928255531,206.07908488497324,191.67373845295984,233.84228905289743,224.55621613246043,254.96200715138113,248.62742098818316,-8.1379246938662106,-11.433952608476062,2.254602627409497,13.688555235885559,-8.8984981882090608,2.3498580202616779,11.248356208470739,-12.21092292619997,2.2854202188203203,14.49634314502029,-7.2796260409658373,2.2063881727350179,9.4860142137008552,-4.6262644110958036,2.0082764040190568,6.6345408151148604,47.203231412213427,41.692604827583637,5.5106265846297902,41.453012071813646,5.7502193403997808,62.212321194195283,62.505951176373856,243.2433686889708,174.56869895357417,120.27616252045321,117.93338026131828,135.00476899982269,137.46812797678362,170.61133058900214,178.23767106798223,204.13411294390397,219.98116240395063,243.96839535791523,252.31515819198302,6.6859582265262816,-1.1886450402124922,0.11469825273728418,1.3033432929497764,2.5457494774494478,-1.1667319227247219,-3.7124814001741697,8.1175150076523153,-0.26238219402623031,-8.3798972016785456,15.524835404505069,-0.49356451195185969,-16.018399916456929,7.4423646320678358,-0.47343430853882751,-7.9157989406066633,-4.1627245251648901,-14.823882920392492,-6.870165385776005,-10.24530756826357,-2.7595597759064106,-11.444247665658509,-7.4178062456026055,-20.328437933852285,-4.043593157679112,-22.804461445470906,-2.1469841192008801,-12.068629043163639,0.54440440299092596,0.52867734066621552,0.77106747037369516
2015,2008,127.57558356400716,42.225193149051165,4,4,22.925873297935485,2.0952377319335938,118.19261170417303,130.25816375471186,-12.065552050538827,130.78275185328675,-12.590140149113722,146.19115849345053,256.12765991502965,559.264777649194,193.35381993286336,133.51113716101943,130.26286828659312,161.3334814442637,153.35673573367467,193.36766417448854,187.77771201927939,226.98420148965238,223.23197149609362,251.11140431845729,248.83963968552968,-3.6301430264114458,-2.5991503414616091,0.49672325118169169,3.0958735926433008,-6.7308156963607075,0.89514294377372039,7.6259586401344279,-4.6217064204608391,1.0321776506634137,5.6538840711242528,-2.7495482516798972,1.035710991589184,3.7852592432690813,-1.3966458385624207,0.84627578920205337,2.2429216277644741,80.110847309784731,90.259353010711493,-10.148505700926762,90.700591420900309,-10.589744111115579,84.851837256022918,200.84079299305267,302.00999642856186,201.41263937231221,150.43312169242378,137.4378889384673,169.70059161402023,157.93224764035793,204.24601909132528,190.31956176647552,230.64085463906036,224.2332402884463,252.24495014048892,248.05104093335621,-8.2716295331867684,-10.569260816396991,1.6738802193489732,12.243141035745964,-10.001333234972549,1.6835109233303456,11.684844158302894,-12.437987420494721,1.6707127618986988,14.10870018239342,-5.249317280853262,1.4082181758573142,6.6575354567105762,-2.9678307084216442,1.3918372456290626,4.3596679540507068,38.081764513597591,39.998811257733905,-1.9170467441363144,40.08216078717669,-2.0003962735790992,61.339321359430869,55.286866728261884,257.25478130951524,173.6125819156575,119.82440612105739,119.89900609303866,132.90803409035297,141.7425650956861,170.94067935992578,181.32777260344744,203.37182422385843,221.19136623693905,243.78607723462184,250.91533528964743,9.3085189169010221,1.2218428999471058,0.22355737467550796,-0.99828552527159786,7.7654248130881456,-1.6681257662573614,-9.433550579345507,10.541664710448543,-0.059858281652168444,-10.601522992100712,16.425023002444135,-0.42405659265284612,-16.849079595096981,6.0851865865865307,-0.55691273626342763,-6.6420993228499583,-4.6414865067753226,-17.58014845008779,-7.9701104749353817,-11.791103716344097,-3.2705175386118412,-17.766758048060694,-7.8162810000338823,-22.979652130943265,-2.4997690291733647,-21.674340283297397,-1.5711848698592235,-9.0530172950081749,0.54001254593222658,0.58041702473973034,0.78414331767088963
2016,2008,127.82558470757763,42.225193149051165,4,4,22.925873297935485,2.6666717529296875,120.90726856416222,131.89531007051846,-10.98804150635624,132.37305495922919,-11.465786395066971,146.43611852167032,243.31223892823618,545.35080307349563,192.91924793869399,134.41124317957119,132.33645423086344,160.62481831442125,154.38714261622897,190.96812621767859,187.67173154091216,226.13739569319895,223.02414396317187,253.05438756651185,248.28535268224081,-2.5392587160699236,-1.4795567339957074,0.69842139307158391,2.1779781270672913,-4.665526377585536,1.2976004777805201,5.9631268553660561,-2.0207047836553897,1.4132350670480491,3.4339398507034389,-1.7588508774143179,1.2910495922437235,3.0499004696580414,-3.7079304703823652,1.1266463669115581,4.8345768372939233,83.662303176664864,90.675704210909316,-7.0134010342444526,90.980633178638527,-7.3183300019736635,87.615334922975308,184.69052420809385,295.3597786721657,199.83758708208288,149.04708186098128,140.05590116113368,168.5087844721125,158.91565939824864,199.56224746955945,190.03528684960861,229.94253120070832,224.04203357727951,254.01721611040162,247.18919653351782,-5.6564603578318042,-5.801422652407382,2.425308188357775,8.2267308407651569,-6.9752570965063683,2.3700708413665836,9.3453279378729519,-7.2602927994421691,2.269755943850015,9.5300487432921841,-3.7789525147022118,1.941396570473529,5.7203490851757408,-5.1181109779936946,1.8699396471578211,6.9880506251515158,37.244965476904326,41.219610207910591,-3.9746447310062649,41.392420662294171,-4.1474551853898447,58.820783498112178,58.621714608383627,249.9910242818296,176.87816986021602,120.44184643511718,120.91759708620968,136.2121474642538,142.34703623670589,176.51442437101466,181.73617458736314,211.02114842144707,221.06177859975011,245.46862638773746,251.07796248913945,6.3070425791136699,2.0667907237488805,0.49589327079786472,-1.5708974529510158,4.6592679089017679,-1.7949034962327346,-6.4541714051345025,5.5175107645046069,-0.16190518669017706,-5.6794159511947839,8.7318708094855424,-0.83163847247726608,-9.5635092819628085,4.3018451354603258,-0.76061248387080127,-5.062457619331127,-3.1172016417618806,-11.963502936945474,-4.3218659184116746,-7.8682133761562625,-2.3097307189208323,-11.634525005408136,-5.2395880157867794,-12.777803563946776,-2.0201016372878939,-12.510823324187754,-1.4101805076113294,-9.4199561134540204,0.5415959360609226,0.59831779077106284,0.75906795737705357
2017,2008,128.07558585114811,42.225193149051165,4,5,22.925873297935485,3.399993896484375,117.37603197844146,130.94097158863224,-13.564939610190777,131.5307525367607,-14.154720558319241,145.44834933193852,267.03690631835343,568.19727454334497,192.11652528878423,133.94090755069925,131.1873937818647,161.26027264693371,153.67012411966203,190.90970246496607,186.9510477087814,224.66839009173145,221.45657640578546,250.37179274456108,246.62673280147138,-2.4360844381766071,-1.8843178663716174,0.80861159190405374,2.6929294582756711,-5.6840981011953318,1.5785726465770438,7.2626707477723755,-2.1385534473439805,1.8800885551986823,4.0186420025426628,-1.4304305760895488,1.8165252923847675,3.2469558684743163,-2.2814189062542027,1.5081016952151458,3.7895206014693485,74.814545751527476,84.930207603323652,-10.115661851796176,85.37001706114097,-10.555471309613495,80.506859729313874,195.87674915699608,297.64335255953483,199.56644147710395,150.19074353236721,137.99329153679477,169.22084659595373,157.61249656434236,199.99686037460367,188.59519331145569,228.91050050348446,221.18414624071264,251.65608738688175,244.30925791489804,-6.7914698189897535,-8.4379491180442585,2.8822868421145245,11.320235960158783,-8.5789290138474996,2.9264722392361762,11.505401253083676,-8.3191420607653015,2.9239711278928269,11.243113188658128,-4.6154308561011987,2.7800329558037618,7.3954638119049605,-5.1192868554250595,2.5566868439512405,7.6759736993762999,42.561486107704695,46.010767490060971,-3.4492813823562756,46.16073524316198,-3.5992491354572849,64.941489721833932,71.16015707195038,270.55392196029425,176.98787126049413,120.81513095580634,121.95230890893136,138.3880742069866,144.59122838705207,176.37331673914477,182.99833769907835,209.47726780509146,222.00718405134086,244.23651401044057,251.64396009800842,7.5168389318559719,2.3785813353288319,0.32369295068083659,-2.0548883846479953,5.3611619653602247,-1.1927241914875992,-6.5538861568478239,6.9096535195560023,-0.022948909999740863,-6.9326024295557431,11.565640113798196,-0.49091517392918149,-12.056555287727377,6.053390644336389,-0.64881028559358356,-6.7022009299299725,-4.3553853808131464,-14.308308750845725,-6.5536312516726412,-10.81653045337309,-2.8948309126521679,-13.940090979207724,-6.180588613421321,-15.228795580321304,-3.1850002800116499,-16.181070969899395,-2.8378679491708567,-11.172677499761448,0.5238380504354726,0.55350823917281566,0.7335193919730244
2018,2008,128.32558699471855,42.225193149051165,4,5,22.925873297935485,1.1904754638671875,120.86718340097286,132.31632609268127,-11.449142691708403,132.81411684183695,-11.946933440864086,151.12033812617847,254.9185144117946,541.15551094710827,192.97620656062372,135.6425824593797,133.76094983899418,161.69604197824444,155.93285490606223,192.58051522913922,189.30607256669856,225.2210950466895,223.82961071888127,250.46778243339915,248.54644076222036,-2.0426953154058936,-1.463247736620275,0.3780033696650662,1.8412511062853412,-4.8600358967450745,0.59312243565642575,5.4531583324015003,-2.7207595738812245,0.65055132477368716,3.3713108986549116,-0.73588241996097281,0.63766456302349184,1.3735469829844646,-1.4901166266029122,0.51467875093220528,2.0047953775351175,82.384852717688773,89.283218101423699,-6.8983653837349266,89.583146128381486,-7.1982934106927132,87.236536284881311,188.95578396562996,301.82639315119013,199.57236742250552,149.43175040455489,140.59764186963343,169.16665350023996,159.68698372295222,199.68554652510568,191.10807264223058,228.48576140444408,224.66999726517525,252.38589436184387,247.78145652409694,-5.8849168825768459,-7.1157019427117518,1.0551803575673944,8.1708823002791462,-8.3105460653183059,1.028251843094182,9.3387979084124879,-7.693669726182975,0.99976479858412404,8.693434524767099,-2.6198580082031526,0.84021478511454006,3.4600727933176927,-4.1827650773161906,0.8027069681238288,4.9854720454400194,38.482330653481768,43.033110761454736,-4.5507801079729688,43.230970713455463,-4.7486400599736953,63.883801621150269,65.962730416362319,239.32911747694016,178.94572819517646,120.55480553565697,123.58977182232987,139.47103560806679,147.39197421527427,179.18057615536344,184.98823544967891,212.72388460539608,222.0556359731884,244.82451558633448,250.26523447897074,7.1474380633305827,4.4712246199600685,-0.016899283586639058,-4.4881239035467075,7.2604275570385823,-0.57050557501810317,-7.8309331320566855,6.0924445492667587,0.13009688580225998,-5.9623476634644987,8.8048814078533724,-0.089102224107080019,-8.8939836319604524,4.9907375055032333,-0.17713846261230515,-5.1678759681155384,-3.8422215671709523,-13.032354945907429,-5.6524542060914769,-11.58692656267182,-3.4505101685732313,-15.570973622356888,-4.9729101523017505,-13.786114275449734,-1.8839755882421798,-11.424739416056525,-2.6926484507132784,-9.1735025828194239,0.55774428430553336,0.5772653592929553,0.74123993858049619
2019,2008,128.57558813828902,42.225193149051165,4,5,22.925873297935485,3,112.97549748991514,127.24374040088151,-14.268242910966364,127.86410110723955,-14.888603617324407,138.13267255400206,270.02698370028884,549.56149964779615,194.24474384489716,136.63335241449695,132.79228665266976,161.85127336870073,155.7497660765552,194.94974749077872,189.96894449543097,227.80042310305319,224.54528605721887,251.0673621565731,248.30139117058798,-2.4893702754146716,-2.7625462453977718,0.95177495804239243,3.7143212034401643,-4.4353369889958003,1.4552785612708874,5.8906155502666877,-3.49325182222168,1.6480112079327114,5.1412630301543913,-1.6501780233609793,1.5078532301994017,3.1580312535603809,-1.6227005565305603,1.2511804618564213,2.8738810183869816,73.546789602238277,86.50498761484414,-12.958198012605862,87.068386736376851,-13.521597134138574,81.270644725162128,207.4844061187905,318.40137487417087,200.11845240490436,147.08716670455976,137.34951794430535,169.23664252838179,158.17676294949052,201.26099455495071,192.02165833839712,230.64651551101974,226.06386178757512,253.13734827221742,248.05309913012255,-5.7988511974149048,-7.1794586836793997,2.1906045549641533,9.3700632386435529,-8.8382043919151556,2.227743027596091,11.065947419511247,-7.1704958071395026,2.0763388109953667,9.2468346181348693,-2.7424120171771165,1.8828180316521923,4.6252300488293088,-3.5589349712199407,1.7512959052446888,5.3102308764646295,39.428707649258286,40.738754083792628,-1.3100464345343426,40.795712994538917,-1.3670053452806314,56.862027456310898,62.542577700707625,231.16012456268072,180.04040899551916,120.63842810317188,124.06314535352364,143.07389659219251,150.22331329932601,182.89267562671935,185.33059053717443,213.49131100892774,221.63468714177887,243.71111706663518,248.84664283304869,6.6368157287498946,4.631656898913306,0.057675624839589545,-4.5739812740737165,6.3323210294836656,-0.53299875189784984,-6.8653197813815154,3.0337184816764875,0.51326009772805037,-2.5204583839484371,8.0315174976687445,0.10333432313439062,-7.9281831745343538,4.8975916560938515,0.14437447909662637,-4.7532171769972251,-3.3094809220002332,-12.435666926164799,-4.4169124382816278,-11.811115582592706,-4.4028674029193553,-15.170525421398821,-3.6772439849178227,-10.20421428881599,-1.0922339938161372,-10.773929514845861,-1.9362344146893804,-8.4565266273137922,0.57937350974955204,0.58835207646757071,0.76838397139259151
2020,2008,128.82558928185949,42.225193149051165,4,4,22.925873297935485,-0.5238037109375,96.998066804459086,99.687493937977706,-2.6894271335186204,99.804423644760391,-2.8063568403013051,124.29820152538014,260.12139625780401,526.96605148911476,196.79444459322701,140.38646214556266,136.05704411991513,164.90551243432671,160.26076921353817,197.00929116163121,194.74241778404652,229.49591882791782,229.08630320317877,252.96768369396372,252.25260668618623,-2.2892597572164277,-4.3014894132907955,-0.15110297291755614,4.1503864403732393,-4.7014306210686811,-0.17368907407615097,4.5277415469925302,-2.4609632583965606,-0.25020700342756186,2.2107562549689987,-0.62756268248594438,-0.2131593016110287,0.41440338087491568,-1.0040336440264923,-0.19856207475245924,0.80547156927403307,66.883084833345492,68.564163737253693,-1.681078903908201,68.637252464519406,-1.7541676311739138,77.178254054622812,208.15766003687168,318.31962276878767,202.26168590594216,150.82877061130006,142.25247992545127,172.03371158149398,164.75571048327762,202.52895807782141,197.9422714480751,233.4027445329429,230.72180205810116,255.14335112743765,252.14451698938538,-5.0288544748835591,-8.6496437366715213,-0.34489604768936033,8.304747688982161,-7.673862845597256,-0.37025100575198167,7.3036118398452743,-5.0818486716269149,-0.36646388832747334,4.7153847832994416,-3.1129834633489111,-0.35451502921489464,2.7584684341340164,-3.5112414186503429,-0.29427509705266175,3.2169663215976811,30.114981941311271,31.123329553589429,-1.0083476122781576,31.167171464072453,-1.0521895227611822,47.119947545972536,51.963736131525366,208.64642882347107,181.05017422675519,121.06658447408378,126.24261548545857,143.55451646180873,149.13348265917014,183.97385939596742,186.93835193702932,214.02984074710417,224.97532302263838,242.84831795582463,252.50312476903972,7.5359106412643087,5.9836368582099624,-0.072266367450382063,-6.0559032256603444,5.7766431620684102,0.18317935833835008,-5.5934638037300601,3.2042776064480449,0.006335195461758758,-3.1979424109862862,10.471521147535384,0.074770254670767144,-10.396750892864617,9.6130644159887311,0.061997615351771174,-9.5510668006369599,-2.7395947176671314,-12.564765116147868,-4.3481543233807258,-14.633280594881484,-2.9724322245285748,-13.450506007665666,-2.6208854132303543,-8.2861262780749598,-2.4854207808629667,-13.584504610884295,-2.5072077746238506,-13.124305834639074,0.60406096724688729,0.62091207360602063,0.80023274913751608
2021,2008,129.07559042542994,42.225193149051165,4,4,22.925873297935485,-2.0500030517578125,80.166912718148524,92.563483491845545,-12.396570773697022,93.102465701096662,-12.935552982948138,109.16091624571254,271.75058326382714,509.77958235889673,197.42513290261476,138.60570863105508,134.13641793912689,164.60572629711857,158.82737113918103,198.2997436585834,193.93665360541578,231.45586857909817,229.23453419556708,254.4984713106989,253.19713815352361,-4.2685831332766497,-4.7307022420447709,-0.54530556219134496,4.1853966798534259,-6.6491807786868833,-0.97850823628300532,5.670672542403878,-5.452521822737765,-1.0761017707486928,4.3764200519890721,-3.3720097332509624,-0.96532571074294538,2.4066840225080171,-2.1453964593708577,-0.74436127751457093,1.4010351818562867,56.05937210841148,65.122019900432861,-9.0626477920213802,65.516047786586569,-9.4566756781750883,65.286024332599482,220.11776577518685,309.56379730044864,203.60921605731869,150.34338695219617,141.31644071070434,172.37960609415109,163.4081270136958,206.11402007534383,197.15088538392106,236.21870197104681,231.28248987477394,257.36299842693688,253.59195477291641,-7.727080637358398,-9.9470715310592084,-1.3743652383120661,8.5727062927471422,-10.747906754092327,-1.4946361237028896,9.2532706303894372,-10.23639302154362,-1.3008566795245429,8.935536342019077,-7.0944822743416864,-1.3356689560600614,5.758813318281625,-5.1696065001974318,-1.0730387606216141,4.0965677395758178,24.107540684242849,27.441464688137785,-3.3339240038949356,27.586418075442452,-3.4788773911996032,43.874891982030931,51.632817488640285,200.21578514203429,178.94536004180023,118.95541226648147,123.75556095190528,140.42906581964149,146.87773192685472,182.9805944355322,185.74437281803836,213.09453365195972,223.88746738561454,241.87125205587171,252.03152937016893,8.1051363505983716,5.7060602435712724,-0.48350508562806738,-6.1895653291993398,6.2934492119710796,0.047832097802853468,-6.2456171141682262,2.8070856878848929,-0.24585010469792223,-3.0529357925828151,10.635907413279995,0.32197419926609427,-10.3139332140139,9.6124726285097779,0.25982954129284508,-9.3526430872169328,-3.4584975040817483,-15.83221698795677,-5.2163692890144375,-15.653131774630481,-4.0987259754054435,-17.041355966063406,-4.7838711988058549,-13.043478709428513,-3.722472541090724,-17.730389687621681,-3.0242100408265742,-14.78207912870721,0.60725028622764354,0.59807142132854429,0.80999923949192443
2023,2008,84.825388013458024,41.975192005480707,1,10,23.015098038566588,-1.5,74.394219227866415,76.160348000736121,-1.7661287728697062,76.237135931536613,-1.8429167036701983,85.665123381451849,97.961954750491714,297.65726170502603,209.16735792830815,153.93959018491978,142.13909194165132,176.09860809727653,165.94555598207933,208.52810047933025,199.89890140951775,240.48845290444709,234.03905374457227,268.34136849984799,260.31826845755194,-8.6555183592145681,-10.197805414854116,-0.20102140512972255,9.9967840097243936,-11.190003485430452,-0.18042946058193365,11.009574024848519,-9.2663372901294281,-0.67898076018136067,8.5873565299480674,-6.7009741957632798,-0.82392790885165823,5.8770462869116216,-8.7045691762072011,-0.69331069313687976,8.0112584830703213,44.965513026461849,33.73068546740069,11.234827559061159,33.242214936910386,11.723298089551463,49.117601228997955,68.101132040185576,120.27212166087702,212.30792049108021,161.90465962143799,160.98184729749684,183.92760280673369,185.1574287280813,215.49327958319293,212.22087315965095,241.91278497806883,239.74479845496651,260.88079089340289,264.12697756386285,-2.1763562725462293,-1.7580752410713956,-0.98878763173840412,0.76928760933299145,-0.26446559767452982,-1.0992977828259143,-0.83483218515138446,-4.8784604425874534,-1.2145093504366002,3.6639510921508531,-4.8531538885614793,-1.1521391112505341,3.7010147773109452,-0.099311195069390124,-0.84649637922473175,-0.74718518415534163,29.428706335515017,42.429662323063894,-13.000955987548878,42.994921478086326,-13.566215142571309,36.547522338718409,29.86082269788858,177.38514018990099,203.62388632190704,144.18013842712844,137.25864643775029,164.74546630025122,151.71579079271592,194.5976781147636,183.47310168465475,236.6526052903495,225.46514546059396,278.72604287756911,256.60247920331597,-13.161549813349382,-3.8681401910433522,-0.28921595358033869,3.5789242374630135,-11.106396991658897,0.2430077136055786,11.349404705264476,-10.138963517569863,-0.33827381579814642,9.8006897017717165,-15.082609466347037,-0.26349197922434087,14.819117487122696,-26.53179543729496,-0.62208207782617819,25.909713359468782,6.4791620866683388,10.985193540803152,8.4397301737827206,2.1100649499719566,10.925537887755922,10.841931393984368,4.3878768475419747,5.2605030749824095,1.8478203072018005,10.229455577785558,8.6052579811378109,26.43248424222557,0.4040624474334677,0.57336754200756646,0.6951793909547701
2036,2008,113.32551838049079,41.975192005480707,3,10,23.015098038566588,-4.7272796630859375,127.35846638990733,134.29248311297852,-6.9340167230711813,134.59396023199224,-7.2354938420849066,148.99048172151288,133.11404949115422,491.24987408518791,202.54779991270641,150.91871851034261,142.62963033589196,173.2136216419953,165.77014085560484,203.06257821178099,196.81671774300469,234.09879732684655,227.44120339067865,252.94582364893023,250.7456776131057,-6.7000630876868001,-7.8548685834029754,-0.28416188686952637,7.5707066965334491,-8.0963425162767066,-0.92171319552366526,7.1746293207530414,-8.0297649999685348,-1.6531245353573922,6.3766404646111425,-8.0886572878700917,-1.4203906117649865,6.6682666761051053,-3.1944600285270894,-0.75174456254572419,2.4427154659813652,52.475234103707407,67.780461748910966,-15.305227645203558,68.445904895370404,-15.970670791662997,68.299752536925553,44.591619905697371,131.4344196820166,194.62728691384015,142.9902233348422,149.04262413288032,161.13380021171733,169.44095947042919,195.11035743412867,198.32566956296236,220.39983919400927,227.91236776928315,248.36225341881976,248.61466475192412,1.0398689360987987,4.3121441691641564,-2.0610122675566345,-6.3731564367207909,5.7608103544259848,-2.5037560204616511,-8.2645663748876359,-0.88731760157847361,-3.3594238768758657,-2.4721062752973921,2.8522351624653197,-3.0529339181122168,-5.9051690805775365,-3.1651108123452616,-2.1455531642384642,1.0195576481067974,74.883232831954956,66.512020702999507,8.3712121289554489,66.148055753854351,8.7351770781006053,80.690729700540032,88.522429466247559,359.81545479595661,207.83200811542025,158.61043651382892,137.96797643911489,175.79145525452859,161.69460715351772,212.59715710634677,194.33864744385576,238.07991099410148,226.81454829561633,253.75674250850409,252.90864249142308,-12.516256892700369,-16.484624102547713,0.23990660137960163,16.724530703927314,-13.014961824809916,0.80202330302819291,13.816985127838109,-18.885674479805601,1.0107785871909982,19.8964530669966,-10.776479401709082,1.058242839002105,11.834722240711187,-1.2131327746260183,0.27903893300606342,1.4921717076320817,7.7399320237855989,13.556125828799168,12.167012752567132,20.796768271711869,13.857152870702691,18.775772179235901,7.1424473983900612,17.998356878227128,10.940892450335411,13.628714564174402,0.029349216181827842,-1.9519780377192433,0.26755105011838531,0.45841688507718736,0.33498808034279359
2037,2008,113.57551952406125,41.975192005480707,3,10,23.015098038566588,-8.142852783203125,119.60792814786328,122.46126307972736,-2.853334931864083,122.58532119885422,-2.9773930509909405,143.29297234769365,127.72646237633489,493.18599699810147,206.72059133828921,159.26871985503561,149.53944947992258,178.57685426080874,171.69668756421623,207.34875664625733,200.88197479689853,235.26683035799493,229.79396598557236,253.40635268048152,251.55953701233437,-8.0605554591797386,-10.287317577411187,-0.7642363017207856,9.5230812756904015,-8.7955741665496987,-2.0688291506173471,6.7267450159323516,-9.7395663470417162,-3.0265409922436106,6.7130253547981056,-8.4774624189082317,-2.8883147030579153,5.5891477158503164,-3.5023532916918327,-1.4629092929472165,2.0394439987446162,50.961399161164081,55.094469603775906,-4.1330704426118245,55.274168051909328,-4.3127688907452466,62.521898601464727,41.626089703286198,120.84521560464054,203.39349173089732,152.94588121481976,153.93711190452012,185.68447747278375,175.01588524569277,205.32169405813511,203.34722275755996,224.82045006544834,230.9924487205266,249.40859233224859,250.17873675545189,-4.0931927414135032,-2.1371196106246941,-3.8783699363796416,-1.7412503257549474,-12.976272976965618,-3.4714121888148384,9.5048607881507792,-5.6583323613126879,-5.0244219280312166,0.63391043328147134,0.98637852110729796,-5.2650685725451183,-6.2514470936524162,-3.4704234223605397,-3.7378664705814515,-0.26744304822091181,68.646529109633775,67.366793277271427,1.2797358323623484,67.311151994588727,1.3353771150450484,80.771073796786368,86.100372921478993,372.34078203514218,208.79710436608812,163.32085440297524,146.19641940300929,175.03683364685983,169.43272263962601,212.59182432953858,197.38587699540491,239.45838309247426,228.59119140523509,253.93539382575213,253.27811354683774,-10.253336940564168,-14.598690690822963,1.6795149989413005,16.278205689764263,-6.5228966654271971,-0.81641495147854926,5.7064817139486479,-14.922887111375758,0.075984147834788018,14.998871259210546,-11.67438210283305,0.12521114761148056,11.799593250444531,-1.478347599968231,-0.22664588402858499,1.251701715939646,3.9673627177662354,6.1601441991506647,8.150197966786493,12.461571080198269,-4.1806988104159188,-6.4533763115384204,4.0812339857290283,9.2645547500630698,9.4638409400155297,12.660760623940348,0.031929869331293048,-1.9920758223923087,0.24502969739650929,0.43632215577019567,0.32590027883680478
2038,2008,113.82552066763171,41.975192005480707,3,10,23.015098038566588,-8.2857208251953125,137.77920173026359,119.02805300840919,18.751148721854406,118.21278524717491,19.566416483088688,160.71574576647436,131.28403150407394,508.77657815814018,203.70805868466084,157.09727847475628,147.76871239749897,175.07268764336709,169.90199465316977,202.74718522854957,200.2693430785157,233.44637647376319,229.56409303228594,252.67179607466065,251.49964727989587,-6.1922098116056361,-10.060527805466876,-1.0642230068872038,8.996304798579672,-7.6586226994658944,-2.433544842181476,5.2250778572844183,-5.7754470994982228,-3.1084785702396971,2.6669685292585257,-6.9416399228209684,-3.0407722158307706,3.9008677069901978,-3.0517156855226233,-1.7093197289041768,1.3423959566184465,44.998393095207575,53.207481709172498,-8.2090886139649228,53.56439875516844,-8.5660056599608652,54.617059910502974,46.421849505455612,115.85515897319419,205.20223902656321,158.2007614797823,152.86852030536861,188.59594378744734,173.43479350740421,207.17188985156341,203.34170866576875,226.82339417229755,230.88970405610922,249.43792985832548,250.80437918136207,-6.7552302021092601,-8.087957014088488,-4.0985991429321018,3.9893578711563862,-17.658731888583873,-3.6786523865559388,13.980079502027934,-9.2160756837369036,-4.8478441014724183,4.3682315822644853,-0.55131817008933126,-5.0280142508314611,-4.4766960807421299,-3.0489689455144457,-3.7529015276806206,-0.70393258216617483,92.780808746814728,65.820570513022176,26.960238233792552,64.648386372797177,28.132422374017551,106.098685973584,84.862182176500937,392.92141955345869,202.91747607327045,156.98946445702097,143.73532953439647,172.92879292146134,167.39534279933309,198.87494208855577,196.48542352204856,236.98171245402182,227.90752843913771,253.14220466442524,252.46164497413392,-6.1786536340509031,-11.05529899323875,0.74257098501513497,11.797869978253885,-6.0072871805928116,-1.2666683568356234,4.7406188237571882,-3.8292701166537029,-0.5399389107114132,3.2893312059422897,-9.9940386223601934,-0.53604463950222225,9.4579939828579711,-1.351883810459924,-0.17764689018963509,1.1742369202702889,-0.56302039050362396,-0.576576568058357,1.9725707913783879,2.9673419791502624,-10.000109189117978,-11.651444707991061,-3.4406285842386808,-5.3868055670832007,6.3903217527316372,9.4427204522708621,0.0027467400081775395,-1.6970851350545217,0.22771323198998281,0.33983639655235454,0.35359859819672795
2040,2008,114.32552295477265,41.975192005480707,3,10,23.015098038566588,-10.652175903320312,138.98789500786734,108.87758134929027,30.11031365857707,107.56843748450046,31.419457523366873,183.62630142587386,153.50784467505218,562.22657530754805,202.87126427221145,157.40419604809779,151.83203766752109,176.37974188381722,172.25487916805292,203.02574682811164,202.4392236236753,229.9500521785603,230.66023396541817,249.1607479174499,250.07768583338529,-4.3372533347769604,-7.4322976546527002,-2.0897480347944111,5.3425496198582891,-7.0064695706734028,-2.7345715371249923,4.2718980335484105,-4.6008140404399853,-3.8720672992524499,0.72874674118753546,-3.4109705847242822,-4.0629805040773874,-0.65200991935310526,-1.627334421217796,-2.4045847074760331,-0.77725028625823711,65.713080774683476,54.334770879617281,11.378309895066195,53.840061628423427,11.873019146260049,90.496105687561794,72.465106776569428,184.06376921525225,201.33807156266658,151.67920723545964,155.92990492146129,184.53293091298502,176.41555021003194,204.44091113480707,205.89545313476714,220.46069166721182,232.50660990115682,241.15469253442865,250.88039415999356,-2.6127235285819665,-0.24052294065154456,-5.5009564375873481,-5.2604334969358035,-14.592452204102614,-4.8814040935176308,9.7110481105849829,-3.9368159425548015,-6.3779150938958651,-2.4410991513410636,5.3360556283435017,-6.3087162491850393,-11.644771877528541,4.252158086884009,-5.0934254831555847,-9.3455835700395937,73.274814069271088,54.542810490407646,18.732003578863441,53.728376379562178,19.54643768970891,93.130195544596972,81.042738247364468,378.16280597448349,204.30576364500919,158.53862332173802,147.76012628370304,173.32794984537625,168.89649981716653,202.43881019148643,197.58052031523115,237.38556941365729,228.23997290819523,252.1644720815853,249.41808356060889,-6.4297415899093551,-8.3387132582199683,1.3731878953130945,9.7119011535330628,-4.7667550925960427,-0.76673663215163401,4.0000184604444087,-5.5566924515651692,0.047117872677489459,5.6038103242426587,-11.625747442699719,-1.080195699054002,10.545551743645717,-3.0881098121349737,0.26137127272170346,3.3494810848566772,1.7245298061949939,3.8170180613273885,7.1917747140011556,8.0981903175684238,-7.5859826334292109,-9.825697111506571,0.66399809788518382,1.6198765090103677,8.7470262130677838,16.961803071043221,5.879492508101805,7.3402678990189827,0.3273836159640196,0.49282757962694795,0.47206126129882614
2041,2008,114.5755240983431,41.975192005480707,3,10,23.015098038566588,-8.0869598388671875,134.82089241442736,109.69380107031611,25.12709134411125,108.60132095240624,26.219571462021122,171.42886421700314,153.11646319070132,535.44552927464247,202.8770108005705,158.30142068951983,151.66361128419425,176.8444781636581,171.94872134825971,202.30706940334309,201.81742943068923,230.17906752668134,229.4880273226554,249.16139919207268,249.01165113790813,-4.0884731300120905,-7.7782956340950875,-1.231401372785939,6.5468942613091485,-6.7414228858695822,-1.8104861708978035,4.9309367149717787,-3.5318418521412411,-2.9032558329170399,0.62858601922420121,-3.7299384042050292,-2.9501010695484808,0.77983733465654836,-2.0139691652704528,-1.7558821187519698,0.25808704651848302,67.846793405595236,53.827674541360466,14.01911886423477,53.218147312534711,14.628646093060524,87.400504149458357,71.888582150131697,189.36508424952626,199.79593861006143,153.21702564866195,155.36987646069744,180.65115014839415,176.34573561203021,200.37511795116467,203.91099454157103,219.5592844378935,229.64900144331381,241.50427171561049,248.73558003405984,-2.1790288985503139,-1.102510253810209,-4.203491221627587,-3.1009809678173781,-10.349016263580268,-4.1344936755175752,6.2145225880626924,-2.2228295026474996,-5.4786726137512574,-3.2558431111037578,3.6598297643845115,-4.8403877606845356,-8.500217525069047,0.32266065552721557,-4.7926205426427657,-5.1152811981699813,66.974098949227482,55.866128306728569,11.107970642498913,55.383173769447239,11.590925179780243,84.028360104797684,81.227881276397966,346.08044495433569,205.84683015663401,159.11589281016219,148.09154289074419,173.72002433323306,169.00132580660227,204.25391934171847,198.42162323722337,237.9355080350916,229.33548658894398,252.01384745934789,249.37444823474524,-6.9080129475597403,-8.4948532413696967,1.6044497844511909,10.099303025820888,-4.3437918262796984,-0.399739769584329,3.9440520566953694,-4.7135088293024126,0.99559454977375594,5.7091033790761685,-10.296218692192042,-0.65973806027807314,9.6364806319139689,-2.9254250717924606,1.2181337096573941,4.1435587814498547,1.9094442314617766,4.7289840490094264,6.6757853802848786,7.3923429875594877,-3.6075933777106854,-6.0052244373005692,1.3090123494937416,2.490679326654913,7.3897681685895407,13.956048456576553,2.3366298207976683,3.2480857273196762,0.3536589137387241,0.50983540344070921,0.46950262990725511
2042,2008,114.82552524191357,41.975192005480707,3,10,23.015098038566588,-4.5833282470703125,155.87139725834641,122.82960343944069,33.041793818905717,121.39300359674962,34.478393661596783,184.58007538425954,158.3428485866425,571.91955899447203,202.17102878209124,157.35589013772258,149.17153300428438,175.54229267737577,169.51027155453508,202.3715840174055,199.87524731476904,229.01796255130799,228.00864659199303,249.19575635906159,248.95555749824794,-3.9605194711390652,-8.2581781339212057,-0.18313125344866421,8.0750468804725415,-6.9461034653465106,-0.69423854040485367,6.2518649249416569,-3.9798271594879395,-1.5013275092150877,2.4784996502728518,-2.3599877716310687,-1.4096404055748621,0.95034736605620651,-1.3414737587439447,-0.98221657514329763,0.35925718360064707,75.501749045146425,60.778020670461046,14.723728374685379,60.13785860014832,15.363890444998106,96.233183822281717,75.172305221768511,192.83291750587523,198.90998227699785,151.35617221170452,153.97803231371947,178.61254872910192,174.56012959856659,201.32508659580466,202.4368629428624,218.84180974289069,227.94854375210309,240.0095161462485,246.58558169191829,-1.270872711961573,0.58180319141044379,-2.8637257054750478,-3.4455288968854916,-8.1721199780594702,-2.8435643254359775,5.3285556526234927,-2.6305080859295629,-3.1190125923979792,-0.48850450646841637,5.2338301354197654,-2.9921756802268362,-8.2260058156466016,1.5347401132703737,-2.7571122615294144,-4.2918523747997881,80.369647639505274,62.051582292142484,18.31806534736279,61.255144807853867,19.114502831651407,88.346891018085444,83.170543601430836,379.0866412371397,205.42994697092351,158.94487617896735,145.22697392308191,173.73826321676242,165.7007287695651,203.48528248912982,196.02229309319583,238.08750301506444,228.10267208605799,252.52372354487198,251.52325903060438,-7.7483126511461933,-10.498401243584851,2.039732308064572,12.538133551649423,-6.814304058664078,0.94472536959182207,7.7590294282559,-6.5609992756193094,1.2331965241632474,7.7941957997825568,-10.573085022420486,1.0954043676210858,11.668489390041572,-2.7500280316508281,-0.031376585007791391,2.7186514466430367,2.6896467591774922,6.4774399391846202,8.8399813253316495,11.080204434995295,-1.2260165127129596,-1.3578159193953923,1.3493190735583767,3.9304911896897465,7.593817907050834,15.806915157840251,2.8762138720143184,4.2847681449212018,0.3371679014526221,0.52136279401741004,0.4747439236615445
2043,2008,115.07552638548404,41.975192005480707,3,10,23.015098038566588,-7.2173919677734375,157.40780486950098,126.38891181305007,31.018893056450906,125.04026417820933,32.367540691291651,195.420117257333,150.27102489884055,572.37035331130028,201.93652913264842,157.82978301678082,150.88742597149371,175.45747445787032,171.6181385563055,201.71300199022721,201.76504939463379,228.65631567978338,229.75508333989592,248.51139948066421,249.70545637189267,-2.6266523876450378,-7.2862557617076504,-0.53036790257900179,6.7558878591286486,-5.2940084006499148,-1.3438575666586985,3.9501508339912164,-2.3100219668053512,-2.3162140914753309,-0.0061921246699796484,-0.85655280445553217,-1.9685312171236262,-1.1119784126680941,-0.18274401423047948,-1.2288378549312426,-1.0460938407007632,88.498529460186546,62.803162159334533,25.695367300852013,61.685972671273703,26.812556788912843,109.58663196531825,77.592426790575473,215.55344402452465,201.01336225566988,154.06342567032232,157.31318673197899,180.85408087629497,178.01647619688731,202.69663988554069,203.9149161393666,220.36043583631212,227.25178380541837,243.82379181044914,245.60796420403477,-3.9734271066044755,-0.055147767290719685,-4.2557679506558088,-4.2006201833650891,-7.0497269561176665,-5.0959018021984548,1.9538251539192117,-4.2978267433023802,-5.3244036158911285,-1.0265768725887483,-0.42926836271507796,-5.1716906412991364,-4.7424222785840584,-6.4659347740620206,-3.9124359902455694,2.5534987838164511,68.909275588128367,63.585748342413353,5.3235272457150131,63.354291322939389,5.5549842651889776,85.833485590037981,72.678597764890583,356.81690923124552,203.02665099179529,158.52950699624958,146.79725169498502,172.47224774949433,167.46271327996911,199.08053735076084,198.59745131057426,237.06779418452268,232.58440572322417,250.22258156370114,252.59302752521987,-2.5871892884270551,-8.8678362403150572,1.5110358440565221,10.378872084371579,-4.5143060248760492,0.4822917604712984,4.9965977853473476,1.112543106018677,1.8611140544009572,0.74857094838228022,-4.274311961831927,0.52815441679544506,4.802466378627372,1.143141927455531,-0.069239343637349293,-1.2123812710928803,-1.3467747189594377,-1.3862378181774204,7.2311079944169308,8.8126884730243376,-1.7557185554677517,-2.5354209312416174,-1.987804776497029,-5.4103698493210572,0.42728444174045421,3.845043599116849,-6.2831907598315411,-7.6090767015175516,0.3765978492378162,0.56077456867458764,0.5163498874304554
2046,2008,115.82552981619543,41.975192005480707,3,10,23.015098038566588,-2.625,164.60731331286661,144.51279586690362,20.094517445962992,143.63912121175235,20.968192101114255,185.41199708385102,134.1240299900528,546.73380835354328,206.98078371412552,164.66033932232978,159.31584289114048,177.59124427070392,179.40081433299963,206.32454096326785,205.6027063777,235.88106535346498,231.4265009816981,253.20631544800727,251.09321782236415,-2.6033575024351876,-5.589652872008088,-0.54470214756676683,5.0449507244413212,0.67569489297281393,-1.2778273678432583,-1.9535222608160723,-2.3157743174121777,-1.3054268142877277,1.01034750312445,-5.7340373008468646,-1.2780208678038321,4.4560164330430325,-2.9941651021261464,-0.85240721092367266,2.1417578912024737,65.488399069801744,80.873396217350091,-15.384997147548347,81.542309488686442,-16.053910418884698,71.541951887355026,61.21720888807431,145.40707758045755,212.17905152972196,174.59963217106483,167.72896280525944,194.14087565093121,189.68945745611632,211.70143816061594,210.98698831149167,232.15949009199488,231.8801502250333,249.56680925391268,247.87558364970585,-4.0473911309799462,-6.1776286168217212,-0.92305145626576746,5.2545771605559537,-6.2433768112969403,-1.931688876506513,4.3116879347904273,-3.2135016288142424,-1.9641147969444432,1.2493868318697992,-2.0310065290852322,-1.9551359811621012,0.075870547923130971,-3.2640243034671244,-1.6554423337063326,1.6085819697607917,99.118914900578602,63.639399940127078,35.479514960451525,62.096811715616241,37.022103184962361,113.87004566401993,72.906821280792428,401.32673155143857,203.28590607608567,163.44657378519909,153.60215642192475,173.07323069612008,169.44157353318059,188.45859954939553,193.84138276931489,238.08764575385135,230.4224636593099,254.08462897957938,255.33146214151779,-3.4521419881227473,-9.0639797715168697,-0.61845242865078376,8.445527342866086,-4.5190921930164336,-0.88880405968137666,3.630288133335057,6.1706536919762129,0.27551118118148565,-5.8951425107947273,-8.5267251455047983,0.14922629199730864,8.675951437502107,0.66353031891279102,-0.11501640230127919,-0.7785467212140702,-1.4440336285447586,-0.59524914285719888,-0.58797574481363313,2.8863511546951486,-6.9190717042697543,-1.7242846182805067,-0.89772731140206474,-9.3841553207904553,3.7030307717616324,6.4957186164195662,-0.26985920134097796,-3.9275546223799154,0.26595589180472012,0.38585395234700365,0.45642237929038093
2047,2008,116.07553095976587,41.975192005480707,3,10,23.015098038566588,-1.9565277099609375,158.92916722952214,134.65627509733167,24.272892132190464,133.60093329070514,25.328233938816993,181.8688689229889,122.51971531916934,544.86717856675386,202.07445515286335,159.14989244099755,155.36430854911174,174.98848169187372,174.80240782912011,199.63214744390945,201.40741488511159,228.88674148241455,227.64443940874602,249.78200263201344,247.32812118537754,-1.3718718001023831,-3.8803122248598356,-0.43656348556788771,3.4437487392919479,-0.77207470498294128,-0.63979061300349827,0.13228409197944302,0.7544785606891935,-0.9566988094606188,-1.7111773701498123,-2.0419546962257584,-0.85935167048674543,1.182603025739013,-3.1440933118095415,-0.57991727754577482,2.5641760342637667,83.684144787741388,78.469036176651571,5.2151086110898177,78.242292748185719,5.4418520395556698,94.257074336175265,57.945693165595003,174.3781496713309,203.77443632314476,162.332590634192,160.8063244834448,185.94976223012281,182.98042522109333,203.738943164733,205.87677210909467,221.42076221974386,227.96934394233841,245.34826450897023,244.88689326237761,-0.33639444332970925,-1.3436866533459124,-1.1083768304474972,0.23530982289841518,-4.5848798713995791,-1.1977254052100079,3.3871544661895712,-0.069926288812695248,-1.4002260044258037,-1.3302997156131084,4.9533172664130234,-1.3938295748387191,-6.3471468412517424,-1.7076179268909755,-1.2586524038680693,0.44896552302290615,75.245022822084138,56.18723990026956,19.057782921814578,55.358640039767124,19.886382782317014,87.611794877710054,64.574022294487804,370.48902958631516,200.37428466302219,158.0219521925504,150.83823573658458,169.85534982433245,166.42723322484167,187.61496484537739,191.63705409422894,236.23532715426927,226.71464977073961,251.83637388720814,250.66778120594697,-3.3866112047604702,-5.2351753739001765,-0.16520016502499857,5.0699752088751779,-3.5912453904282984,-0.65947963906324958,2.9317657513650488,4.5496364152611477,0.17890730833872226,-4.3707291069224254,-9.954754972456243,0.57962411525863899,10.534379087714882,-0.95964193438754819,-0.043620116840372702,0.91602181754717549,1.0354773567726738,3.0502167614307609,2.5366255715139232,3.8914887205542641,-3.8128051664166378,-0.99363448097128071,-0.82440484950188875,-4.619562704073843,6.9952719626387818,14.908072238869266,1.4364753849185661,-0.74797599250342728,0.32003790378789926,0.51826942617698779,0.47294994943992386
2048,2008,116.32553210333634,41.975192005480707,3,10,23.015098038566588,-7.625,133.12940579652786,112.48445799946785,20.644947797060013,111.58685305714607,21.54255273938179,168.36310582607985,115.76275293657454,513.55750905349851,203.42900665613413,160.29210897435314,156.65531616192411,176.11530564557219,176.32006724126256,202.05244187694706,203.08082810930159,230.05161988470789,230.37622302955404,250.59926493727463,250.63963469614757,-2.2661145886452232,-4.3384833314734976,-1.0724722022013964,3.2660111292721012,-2.4698642767340004,-2.5795854498963422,-0.10972117316234176,-2.0963093307271663,-3.0806970887595924,-0.98438775803242606,-2.2166659168179308,-2.6536309677474321,-0.43696505092950133,-1.8666072189254237,-1.7900320895269601,0.076575129398463559,62.638063848018646,56.465599343180656,6.1724645048379898,56.197231248021126,6.4408325999975204,76.064461268484592,49.603091927691821,146.1782458643429,205.96569354653676,162.53007767931641,161.65837626434327,190.739732560308,183.62591249460863,205.67102876723055,208.35995392062043,222.74427897875961,232.10120078406675,246.49856231498293,249.73181349645105,-2.7472684415322988,-3.3411057995799922,-3.2125277217220969,0.12857807785789532,-10.481719399324675,-4.139810680503814,6.3419087188208607,-2.3538050713194139,-4.8650034327317258,-2.5111983614123119,4.3143681150156112,-5.0379332754809809,-9.3523013904965921,-1.3482122151821443,-4.2646606855799405,-2.9164484703977962,70.491341546177864,56.018858850002289,14.472482696175575,55.389621943235397,15.101719602942467,92.298643991351128,66.159661437912291,367.37926311790943,201.4172522137132,158.63083218864662,153.38281618260723,171.60086519061736,171.04735216219407,188.98574606420866,195.32072396081244,235.73638396195045,227.53186085994238,252.27084727454252,252.21624707440134,-2.3446047587826229,-3.8708249478070229,-0.37283623692491119,3.4979887108821117,-2.508631357359917,-2.1728735038238369,0.33575785353608012,6.6102815986245389,0.048581660336651566,-6.5616999382878873,-7.9537476072429456,1.2486566215028461,9.2024042287457917,-0.78343299071178762,-0.63341680984544269,0.15001618086634494,-0.48115385288707557,-0.4026636827496759,0.99737753189350542,0.5297191482270307,-8.0118551225906742,-7.9730880419647576,-0.25749574059224756,-8.9640866699439528,6.531034031833542,12.268115722258557,0.5183950037432794,-0.56477922447035667,0.28463851328696116,0.45178818064249576,0.42848922187319566
2049,2008,116.57553324690682,41.975192005480707,3,10,23.015098038566588,-11.399993896484375,140.85078984498978,134.33724474906921,6.5135450959205627,134.05404925346375,6.7967405915260315,174.1970904337868,141.40175324678421,521.76513504236937,198.8061623046658,144.36738338211251,139.13644099486157,169.38923133629362,165.01161557588787,198.47299091994381,198.63704186843623,231.75303575080832,230.74451545602534,253.48430356802089,254.46360001334631,-4.712852287582308,-6.5796900956022171,-1.9570592344205124,4.6226308611817046,-8.2679923766888805,-3.8383647679200408,4.4296276087688398,-5.1675252176426341,-5.4288285293479532,-0.26130331170531917,-5.6941024802764559,-4.6256771894053372,1.0684252908711187,-1.6930242395474124,-2.6683151120966784,-0.97529087254926594,63.548906818032265,68.272540152072906,-4.7236333340406418,68.477915585041046,-4.9290087670087814,73.172833973541856,62.497997609898448,142.51696852780879,201.1860815557533,150.31568036947732,151.80356733791291,181.29386818459318,173.46491615741746,202.69353568050897,203.50896529937185,221.67811568769159,231.1367162465767,245.68857029503545,251.22915336054481,-6.5984080705864017,-5.6569325023658337,-8.400859504847773,-2.7439270024819393,-15.101048697220023,-7.8129495664185811,7.2880991308014416,-7.7562361120882315,-9.1417019505606731,-1.3854658384724416,0.999046773561588,-8.4736236423581488,-9.4726704159197368,-1.9916867320166318,-6.6815820810836328,-4.689895349067001,77.301883101463318,66.064706921577454,11.237176179885864,65.576133370399475,11.725749731063843,101.02425654406397,78.903755575418472,379.24816642329097,197.01163556044057,133.86556402293743,132.25911837637261,165.09803678422276,156.37048600574096,188.27822483568488,192.90042413332887,238.54532775265639,230.19143828763174,254.85527620443929,257.59968310398932,-3.4002810091697597,0.58820168424529129,0.40286607589291634,-0.18533560835237495,-8.0428343201983523,0.9336797616454362,8.9765140818437885,3.858378579877467,-1.6930162510059006,-5.5513948308833676,-9.2495712257985474,0.16952984863104348,9.4191010744295909,0.81181130041179017,-1.0218834679008637,-1.8336947683126539,-1.8855557830040937,-3.1981270614166419,0.9227575932363834,-6.245134186611125,-6.8330563205311421,-7.0582143770216703,-2.5887108944455974,-11.614614691965699,6.6931492538380439,10.248617999360135,-0.29866249246921939,-2.803498032428422,0.27314390892798129,0.42005772766540683,0.44198884508046077
2050,2008,116.82553439047726,41.975192005480707,3,10,23.015098038566588,-8.7142791748046875,146.74409732827917,154.54198580516095,-7.7978884768817807,154.88102591322968,-8.1369285849505104,183.52879006985313,157.38034321436862,522.83586486428976,195.78805674516826,139.05551724245592,137.9361781624597,164.67564157258408,163.86592131226999,196.10034595653434,197.12494399050334,228.30258394545305,228.75248545464851,251.42458620517237,251.76574049690819,-3.2505099919670499,-2.6368889403311471,-1.7185191682398511,0.918369772091296,-4.4181618583399711,-3.6839622387157931,0.73419961962417801,-3.7944388444595631,-4.9296186756144778,-1.1351798311549146,-4.2046506789782256,-4.6867074322678945,-0.4820567532896689,-2.9590039523112068,-3.2969983663188032,-0.33799441400759633,110.28568400228687,114.14915965782711,-3.8634756555402419,114.31713683673297,-4.0314528344460996,122.3971614890761,110.93518771270283,241.74101377010811,197.86599379391848,147.60165187533426,151.55912786721774,170.52211805662418,172.99988884693082,198.9550489973409,201.38595684883887,223.07310998968961,229.43705314274922,246.75186210762323,249.6006469571648,-3.7427323892141828,-2.5770273054816926,-6.9618788156504365,-4.384851510168744,-5.1708001127883279,-7.209453869999976,-2.0386537572116481,-4.8819205974996009,-7.3493706171392716,-2.4674500196396707,-0.58212823664050006,-7.1622086034131769,-6.5800803667726768,-3.9390190402435223,-6.4254750523320467,-2.4864560120885244,36.458413355794619,40.39282687820014,-3.9344135224055208,40.56388816823528,-4.1054748124406615,61.131628662733419,46.445155650677407,281.09485107660294,191.28104409901201,120.80240722644258,126.0740522180117,154.39238830724696,141.76067178568775,184.60119117030024,183.50463115603989,238.08310846461399,226.17957738087566,257.18291842262403,256.97981498892642,-1.6572292998560556,7.6330345993069812,-0.80794245148132404,-8.4409770507883053,-6.2339607135170922,3.2924944015845199,9.5264551151016121,1.6437442681507548,2.3802465891175757,0.73650232096682089,-8.5361822546087467,4.0712334615757015,12.607415716184448,0.40675830046876627,1.8582932553420051,1.4515349548732388,-0.4922223972471329,-2.0855030893581272,0.059861634849454504,-10.210061904788674,-0.75263825444835675,1.0631606007287644,-1.0874817530400378,-6.5256648656503558,3.6225224423377256,7.9540540179682466,-0.98001508793231551,-4.3457773407122886,0.46236501742828179,0.66690986979476274,0.70488591806917977
2052,2008,117.3255366776182,41.975192005480707,3,10,23.015098038566588,-1.111114501953125,159.89708445686847,165.9899854442483,-6.092900987379835,166.25489601962909,-6.3578115627606167,191.35886715678498,161.9308289587425,556.35729078948498,195.03592958536439,135.95021314255746,135.86773663916134,164.11206106918604,162.00875475626924,194.77935728879683,193.74237143118714,227.53111898488089,225.22872228003632,253.28056127868928,249.49814913266738,-1.8138728784988984,0.1413238764044138,-0.11569440321022739,-0.25701827961464119,-2.7784962614520907,-0.42353904387564967,2.3549572175764411,-1.6147099212037119,-0.55885547497072707,1.0558544462329849,-2.8501452053356218,-0.48529333375276451,2.3648518715828573,-4.0826588980210374,-0.21509538729384303,3.8675635107271944,105.66643376483989,109.07729374618793,-3.4108599813480396,109.22559209032624,-3.5591583254863508,111.1741132496245,94.279776501996821,212.50942456023768,195.09741433192212,146.67757762166468,147.80781517028785,169.25348461614371,171.25324416102222,195.77375097019984,197.1853456442814,217.80601906407799,223.61450351853071,242.04246155610988,243.7760314841195,0.70448550297862766,0.95931331593257596,-0.80040602172766739,-1.7597193376602434,0.70680689990879841,-0.92432514897828355,-1.631132048887082,0.44518608750124145,-0.97434781152216487,-1.4195338990234063,4.777317365378309,-0.97568089285880433,-5.7529982582371133,-0.075338041400414113,-0.92543347224136596,-0.85009543084095185,54.230650990051799,56.912694525966799,-2.6820435359149997,57.029304227326065,-2.7986532372742658,80.184754346744739,67.651052371063997,343.84786666929722,194.95048133867684,124.86267750204334,125.70459154199581,156.59923587587491,145.30389487361029,188.56194517315379,183.43689326192802,243.34705840042179,230.25790045173849,260.0200203821654,258.82361703259397,-5.5898885920467194,3.8455454872747623,-0.15605633227032456,-4.0016018195450869,-9.2452057732848232,0.25521551124225539,9.5004212845270786,-4.0616703715744791,0.50864051325370951,4.5703108848281886,-13.648754964496845,0.6349560126159588,14.283710977112804,-1.6507743987512526,0.57579349872486318,2.2265678974761158,2.5183583814775261,6.2943740950253471,0.81798943952816217,-2.8862321713421863,3.4853031613608891,9.9520126731936216,2.0598960087049534,4.5068564590757205,7.6274625707139307,18.426072329875154,4.0073208566206233,1.5754363573508385,0.38196574050226151,0.58097184050811101,0.58222252741025537
2053,2008,117.57553782118866,41.975192005480707,3,10,23.015098038566588,-6.7142791748046875,154.00112473107947,157.52940110482814,-3.5282763737486675,157.68280278648308,-3.6816780554036086,192.34858054496726,154.59601386402574,539.87695252150297,194.34328454547949,135.33149385858229,135.13916242314357,162.47784662905931,162.28609872178734,194.72880880472874,196.0206373551764,226.52041772260827,227.80832879275397,252.49772652173053,251.55355098351595,-1.9010070150442289,-0.69750397304662215,-1.0049276046387661,-0.30742363159214392,-2.6799615479363865,-2.2411146963443116,0.43884685159207493,-2.2433787382628054,-3.5036278569197634,-1.260249118656958,-2.217889726251542,-3.3663789014095471,-1.1484891751580051,-3.2197992743468262,-2.1903991929762583,1.0294000813705679,98.680927768818947,102.04802142643166,-3.3670936576127133,102.19441578327678,-3.5134880144578347,106.93385179387769,91.174452259037935,204.32711728778668,195.9535363537365,146.41914047467876,152.48669240950284,170.87595649583545,176.26047287481327,198.50608478105059,202.35679017140507,218.68464010090136,228.5100454743629,241.31661155053177,248.49483356265426,0.23657599563989606,1.2108639177229179,-5.0703778894281299,-6.2812418071510479,-0.4354733358747751,-5.7061698632334128,-5.2706965273586377,-1.8066871145436778,-5.8735631357441491,-4.0668760212004713,4.2883644178983502,-5.7212722176516024,-10.009636635549953,1.1515606327720889,-5.3084963912654928,-6.4600570240375816,55.320196962260525,55.481378035013222,-0.16118107275269722,55.488386083592559,-0.16818912133203412,85.414728810694214,63.421561537932575,335.54983536154032,192.19996143672606,124.12120945240792,125.73628977927311,153.7929075032061,141.88577635010944,185.29577668010495,179.48525746686229,240.02813966952297,225.80989138487533,259.45721378295377,257.19276861716855,-4.3516050651033709,4.4654131356275855,-0.75456751298523272,-5.2199806486128182,-7.8112507327587934,0.97776721577352532,8.7890179485323188,-2.9227091355294021,1.8548694012653471,4.7775785367947492,-11.559191618022538,3.0660010475360764,14.625192665558615,-2.2067771104827898,1.206449530148177,3.4132266406309668,2.1375830106841249,4.5881810607432669,1.9083678907695401,-3.2545492179046676,2.2444882120616114,7.3757773968840183,0.43669162371912762,1.1160220209857243,6.5062541441498922,15.847556035920888,4.3713599071189151,3.3583377432548787,0.37846979081710003,0.55593782647581691,0.58975939922506693
2054,2008,117.82553896475912,41.975192005480707,3,10,23.015098038566588,-10.375,118.64248953899005,117.79834970885713,0.84413983013291727,117.76164951689861,0.88084002209143364,168.08590190251925,140.62213061167495,566.44020815938711,201.5888955363225,154.36790229668966,150.81237801853067,173.86798763814289,172.91034288943726,201.02442759943293,201.79259861570006,229.6115178996649,229.97474309487666,250.77014058993615,249.83683586769124,-3.2674636792743854,-3.4944096231708386,-0.33389677911682725,3.1605128440540113,-3.554639078457086,-2.5761456690293585,0.97849340942772756,-3.4149211565131736,-4.1454403858448643,-0.73051922933169067,-3.9170675399083166,-4.0061953864466489,-0.089127846538332278,-4.1262219462508369,-2.9634428543508591,1.1627790918999779,61.354217863732629,67.226336541285491,-5.8721186775528622,67.481646229978651,-6.1274283662460221,81.618300466889195,68.65261879798652,165.93288695387309,199.23313764456668,154.01870855183483,161.8368385408312,177.71661843101654,184.63768190634943,203.28222075081041,209.3078490588702,219.85544243718579,232.65886424925372,237.01494364951867,249.67889194000568,1.6775374905814715,2.4668106992174046,-5.1284846685057062,-7.5952953677231108,-0.21773686645181556,-6.9474249148482556,-6.7296880483964401,-1.705385381114354,-7.6246222711545215,-5.9192368900401675,5.1007310637122885,-7.6096852925426504,-12.710416356254939,4.9697132902039698,-6.6126946140644804,-11.58240790426845,57.288271317629551,50.57201329671625,6.7162580209133012,50.280003227315319,7.0082680903142318,86.467601100353932,71.969511899835197,400.50732094049454,203.82323258874717,154.46710281540302,145.06188175369812,172.578861124295,161.43568180901039,195.45903323744329,189.68943879585382,241.78335018860773,224.34032707294816,257.85226668803176,250.03751735869179,-8.3718142406877973,-7.1071485013894176,0.87435364718794517,7.9815021485773627,-10.210082835950743,1.4444717321341329,11.654554568084876,-4.3932837505372788,0.79628580341088195,5.1895695539481608,-14.20883698154131,3.2569821498978513,17.465819131439162,-7.6830431228971179,1.6562784364152208,9.3393215593123386,4.9450011698558569,10.049351731269269,5.9612203223882432,9.5739592006068222,3.3369022120052705,9.9923459694989276,1.7095357753988196,2.6878983694229248,9.017798603620605,19.309568045253599,9.0959352364548067,12.652756413101088,0.29293980999876734,0.48557493247841454,0.48820636196708811
2055,2008,118.07554010832959,41.975192005480707,3,10,23.015098038566588,-5.9565277099609375,147.55685799789353,149.49457745819018,-1.9377194602966483,149.57882508521288,-2.0219670873193536,191.06892087353845,157.28978377563544,538.16825807094574,192.61895973554854,131.95136341850713,134.17892554508802,160.12163150148626,160.43806624948942,193.3472878731373,194.20156782856333,225.71688295115217,226.29410212663871,251.03165161049557,250.24852742016608,-1.2845171298340574,1.7957969120947439,-0.92842160412322983,-2.7242185162179737,-1.5107851500430058,-1.9213178347717985,-0.41053268472879267,-2.2355289414801121,-2.919646849311107,-0.68411790783099491,-2.4781645632157563,-3.0499326533079909,-0.57176809009223462,-2.5400548844697255,-1.7605776691994777,0.77947721527024783,94.638895451804274,94.344445220396665,0.29445023140760895,94.331642686400301,0.30725276540397317,99.846638068338507,101.28679547221691,211.2742063140031,198.17714573149868,149.72597236662179,152.13081604423101,171.56517309838674,175.11415722745193,199.43056829370866,201.26707613159758,221.54315561352647,226.92641336875636,245.00955064945163,246.92807340830848,-2.4676456416576116,-1.9542484004688276,-4.7645859806955002,-2.8103375802266726,-1.5094465364235248,-5.1678723547054233,-3.6584258182818985,-3.3678460563336046,-5.2831811475921029,-1.9153350912584983,0.4559832868770286,-5.048744663029197,-5.5047279499062256,-3.2179475837505436,-4.541007657535971,-1.3230600737854274,52.917962754705513,55.150130063520919,-2.2321673088154057,55.247181375167202,-2.3292186204616883,91.222282998915034,56.002988452430145,326.89405219256878,185.02558243268388,122.02194464861749,125.18094392175028,136.00043194550199,140.60948905742546,179.3381731027855,177.32454375616956,232.95804293312833,224.23370772497358,255.91175989815173,256.09741964549005,1.3320426433856483,5.6423283893122829,-0.73297991400785634,-6.3753083033201392,8.0410998813531762,0.5445821991305877,-7.4965176822225885,1.6791841577270361,1.6578640122941408,-0.021320145432895288,-5.8646093574284066,3.033705756404288,8.8983151138326946,-0.33759493366514448,0.89575730355448968,1.2333522372196342,-1.1831285118235542,-3.7996882850432598,-3.7500453125635715,-7.5965767897811105,0.0013386136194810661,-9.550546417776701,-1.1323171148534925,-5.0470302140606407,2.9341478500927849,6.3205926443054352,-0.67789269928081808,-2.8803526500853991,0.3925802072967135,0.52256870249674647,0.64395024928444511
2056,2008,118.32554125190005,41.975192005480707,3,10,23.015098038566588,-3.888885498046875,161.80647749474883,159.18092264545339,2.6255548492954404,159.06676788292316,2.7397096118256741,202.19958294962271,158.18992339798569,553.19003269076347,191.6433561299576,129.40211510592641,131.87231125158726,158.52257130384331,157.74738828747067,192.24186128751373,193.34925085665668,224.91859411031839,226.56693269801451,250.85592405763168,251.35792349268533,-0.15210452127672625,2.3145042232276012,-0.42912676048115372,-2.7436309837087549,-1.4341180858936582,-0.94083668929616238,0.49328139659749581,-0.70815508670702343,-1.7111367068212928,-1.0029816201142694,-0.11785877846190829,-1.7125556728891809,-1.5946968944272726,-0.36856319778453894,-0.85797987491093863,-0.48941667712639969,90.35488698082554,91.398253818400917,-1.0433668375753768,91.443619329564171,-1.0887323487386311,94.186424238705513,104.82298927744341,208.21478940786619,200.90792812464397,150.92308601602886,150.10208875518785,173.24215330990478,174.31171548598425,202.44380468347433,201.66603647607855,225.68691953430354,227.68878093790664,249.27752602547469,247.85625028374039,-3.5500043216098049,-3.4375888544978181,-3.0529239459352482,0.38466490856256996,-2.6447460905000355,-3.3074861784456573,-0.66274008794562178,-4.2127044014588932,-3.3976773831126934,0.81502701834619984,-0.87969315383224966,-3.253405863799145,-2.3737127099668953,-4.9829450371680366,-2.948874540016476,2.0340704971515606,71.451590206586843,67.782666913080902,3.6689232935059408,67.62314920238714,3.8284410041997035,108.01315871277984,53.36693409446525,344.97524315863848,180.21854518851313,120.87539874285181,123.22804031869359,135.04791749428912,139.29146364542206,175.2554452159126,176.10765287243942,223.49611969236426,223.47128283440119,252.19908031242699,256.61933352292465,4.7089028446866052,5.3508364975588165,-0.14446634018460713,-5.4953028377434237,7.4138995945513102,0.36163388692128251,-7.0522657076300277,3.8811940899172157,1.1253878241536484,-2.7558062657635674,1.7976746506286361,2.2447558435082726,0.44708119287963655,4.8192206891403657,1.4792599068385357,-3.33996078230183,-3.3978998003330787,-8.2589071662964102,-5.7520930777254193,-8.7884253520566347,-1.2106280046063773,-10.058645685051346,-3.5045493147518698,-8.093898491376109,-0.76183437537034138,-2.6773678044608857,-4.6143818393834977,-9.8021657263084023,0.37638926427342101,0.46580919141743093,0.66264011654978883
2057,2008,118.57554239547051,41.975192005480707,3,10,23.015098038566588,-12.208328247070312,163.03800951550875,158.72029734186435,4.3177121736443951,158.53256911974677,4.5054403957619797,220.8552735407211,131.85401246209403,576.99451577663422,195.86819891907211,138.17230833097801,139.30038915244438,162.59673745839166,164.23666283802913,194.75457474651014,200.78890238948478,228.52162492915832,234.0238447075923,253.91154189271154,257.101808660389,-0.097584835545461601,-0.2485892177930964,-1.7674980509736713,-1.5189088331805749,-1.2415341922693699,-2.6687504826759891,-1.4272162904066192,0.79465526154200461,-5.1532393668819907,-5.9478946284239953,0.11796076644867526,-5.3047548543758012,-5.4227156208244764,-0.088863888495268384,-3.2690687192665848,-3.1802048307713164,104.42924373381538,97.944006712203191,6.4852370216121926,97.66203944721201,6.7672042866033735,123.33044286539916,79.197654288424133,215.17725872632582,200.90399629744485,149.67292551102025,156.75985960364372,171.38541909813995,181.91845710365948,202.73468168840267,211.26414626210291,226.48119677418583,237.54217690949875,251.51249672242096,256.52641746141074,-1.0155937885881201,-1.4179373855335484,-8.8066660580425093,-7.3887286725089609,0.81022618278444725,-9.7292008344117846,-10.539427017196232,-1.5450389299158473,-9.9365840128727996,-8.3915450829569522,1.4635706893002407,-9.6430038590945628,-11.106574548394804,-4.2796396829344587,-8.3415492248847727,-4.061909541950314,58.608765781693364,60.776289936756257,-2.1675241550628925,60.870529883634845,-2.2617641019414805,97.524830448079229,52.656358156440547,361.81725722551346,189.07713237248504,127.58371815055933,130.77629523859096,147.85748391475681,146.46691893306138,183.12729841155667,181.47966077899619,232.48972822990675,225.15107279832415,254.424757900429,258.19140706865073,1.890247644152538,5.2745910837335401,-0.14470739873956973,-5.4192984824731099,3.0103104954987998,1.5519244133866437,-1.4583860821121561,1.4954358256874798,2.235587890359426,0.74015206467194616,-2.7464268679379984,5.2648018847972651,8.0112287527352635,6.0006788536753959,3.5393499899639664,-2.4613288637114294,-0.9180089530426585,-2.9058414327406581,-1.169348167740452,-6.6925284692670886,2.0517603750538171,-2.2000843127143526,-2.339694191457852,-3.0404747556033271,1.3456099228515654,4.2099975572382391,-4.1907757944391903,-10.280318536609855,0.37292773647371219,0.5584219968497135,0.60064652420943365
2058,2008,118.82554353904098,41.975192005480707,3,10,23.015098038566588,-7.619049072265625,180.42907059555,182.05692250088396,-1.6278519053339551,182.12769867746829,-1.6986280819182866,227.65462482724615,133.90362816432025,526.38534340262413,191.83632131665007,127.54207092052836,132.33656726720545,156.38740162790307,159.07688675775753,191.16393612433842,195.2126124257766,227.35958224049139,230.32359882228968,254.58663056298772,256.32984508907913,0.46807245935488595,3.5050995652378418,-1.6299137397454047,-5.1350133049832465,0.070679191823444398,-2.8475402534120349,-2.9182194452354793,0.31900314482811609,-3.7425779405365063,-4.0615810853646224,-0.26224875722544994,-3.2675183718063181,-3.0052696145808682,-0.034176095884049573,-1.7578719201574415,-1.723695824273392,104.99523552249593,111.60386853759519,-6.608633015099258,111.89119989380379,-6.8959643713078549,108.51573460066902,71.058698010412627,188.69690525974147,199.80663419262999,150.10137065967672,149.6303141215551,171.53382391737716,172.89422742084625,200.66267776349719,202.2383106483646,223.03327135587509,230.60985749171175,248.90410422086248,252.27040095616678,-4.1902490461974367,-5.5530937288225743,-6.0408801081981949,-0.48778637937562053,-4.9474849793692783,-6.2635852654723578,-1.3161002861030795,-4.882550896086542,-6.5370442377041797,-1.6544933416176377,1.4257550376547385,-6.4881418779608566,-7.9138969156155952,-3.7526559669589119,-5.6930516476942046,-1.9403956807352927,75.433834909141297,70.453052915950138,4.9807819931911581,70.236498426036633,5.1973364831046638,119.13889004962584,62.844930051462143,337.68843799829483,183.97153201199546,120.32155222946488,123.69656084434368,135.87496404203458,141.7613130661575,178.18157010887819,181.79970390482191,232.59872952517404,229.4643726067969,255.73006582421726,262.15190183422203,5.0011440074488007,5.1801102040432738,-1.7475571254406503,-6.9276673294839242,8.0557537626467877,-0.39111240090181809,-8.4468661635486058,5.2858744843238981,1.0816023717916607,-4.2042721125322373,-0.33561962479521412,2.9427900596288623,3.2784096844240764,7.1606618496609258,2.1389533826731508,-5.021708466987775,-4.6583215055523226,-9.1913930536462374,-9.0581932940604162,-10.733203932865848,-5.0181641711927227,-13.003238742016066,-5.2015540409146581,-10.16842538041044,1.6880037948801885,1.7613746624499527,-3.7184798710748623,-10.913317816619838,0.35847674640783089,0.47666826308938504,0.53067044548794995
2059,2008,119.07554468261144,41.975192005480707,3,10,23.015098038566588,-7.5,172.27740476715917,161.6058265411375,10.671578226021666,161.14184390170703,11.135560865452135,213.8385217009818,123.76584628210185,532.42288789153099,200.90225124635279,147.74821640148332,146.36071968665547,170.7024850054446,170.1210065697835,198.75768626447578,202.87277220961596,231.73680326397138,235.33310150040666,255.90728250193115,259.02459374203812,-0.046632935180241475,-1.8936306209080556,-0.66521867491155717,1.2284119459964984,-2.5094222500094645,-2.0567537581733006,0.45266849183616387,1.0322489522406784,-2.9897627968808251,-4.0220117491215035,0.76620123235227311,-2.6705747558629866,-3.4367759882152598,1.7884736542224005,-1.2459942597147915,-3.034467913937192,70.302174419314724,73.096121651824433,-2.7939472325097086,73.217597891103651,-2.9154234717889267,82.481748378520024,67.283858852064952,169.68522400388611,210.22227433612542,162.10390558864231,155.45814586292079,180.42800404158004,181.32191726661085,209.84489273708689,212.50926402847247,239.80307605666823,238.48250033417597,263.59751248319458,257.59326811429497,-5.7240542258174969,-9.2402550587318331,-3.6766882132583589,5.5635668454734741,-4.1819971380902246,-4.4817658070056439,-0.29976866891541931,-3.8426814577047992,-5.5514027560912211,-1.7087212983864219,-6.6373200793852618,-5.2540591089891961,1.3832609703960657,-12.09052064944936,-4.7604025133909715,7.3301181360583882,101.97523077749429,88.509703697220175,13.465527080274114,87.924246249021962,14.050984528472327,131.35677357935128,56.481987632909295,362.73766355216503,193.47130947672912,143.72875358237746,141.78012076172135,160.11091734546423,162.55083054014071,188.83269490820226,193.2523264754482,226.1306054637368,230.98533872134936,250.90749404487494,260.70141220490683,4.2015413576974936,-0.031999202141463456,0.053580626686027699,0.085579828827491156,2.651138804683967,0.082028365520272928,-2.5691104391636941,4.0420296598011021,-0.68165936491411117,-4.7236890247152132,5.8059129795308593,1.0523863563220459,-4.7535266232088134,10.158561863618019,1.5524561800841639,-8.6061056835338547,-5.6774212906372554,-9.9255955835149905,-7.3466244378237775,-9.2082558565903696,-1.67257488808076,-6.8331359427741916,-4.8749304099454775,-7.8847111175059013,-7.4035213117375349,-12.443233058916121,-13.87899430367176,-22.249082513067378,0.31870384963325543,0.38571978389308759,0.54363833701507258
2061,2008,119.57554696975237,41.975192005480707,3,10,23.015098038566588,2.4166717529296875,186.55657216798863,185.94788266441537,0.60868950357325957,185.92141596840156,0.63515619958707248,219.39760179273071,121.51366408276954,586.46807740628719,197.24270130814989,139.9156721638908,143.35633445301312,162.9518634404586,165.80662579686651,195.82885035342224,197.31582408705142,229.47251158012767,230.40605755434501,254.2215791952238,255.8689063732869,1.9945860008163265,3.7011011598937955,0.49919757828971001,-3.2019035816040855,3.6165680116573924,0.81511259860920404,-2.8014554130481883,2.3590786465790643,1.0000964255309555,-1.3589822210481088,1.7746023259466313,0.94009829202039441,-0.83450403392623684,1.9329421313170769,0.3868149030865311,-1.5461272282305458,76.749410966573123,79.782983426382998,-3.033572459809875,79.914877965165942,-3.1654669985928194,78.916373135683898,55.144800770400252,148.09996580635197,206.74739712386028,155.53203370287406,149.62138904081638,177.73490610811913,177.23508751402255,208.72685270012482,205.60901645669364,228.5820527589612,230.96869228173799,261.29444134091091,250.3235848114989,-2.1328621794289973,-2.3471503861118492,1.1187584636246584,3.4659088497365076,0.094390874653328183,1.480342613694603,1.3859517390412748,-2.1768294715446643,1.796243212324498,3.9730726838691623,3.7116460730950962,1.8317017436496315,-1.8799443294454647,-10.01031366314399,1.4759018965774544,11.486215559721444,109.80716196137473,106.16489774791808,3.6422642134566559,106.00653702969248,3.8006249316822505,140.48122943935778,66.368863161029367,438.36811239272356,191.08263301755937,135.67288214558275,139.69988202964666,155.66886553422623,159.20184012496244,186.62408753117319,187.90229989876823,230.40011118777281,229.71048178406036,252.24100636876977,260.53777603108114,3.7884560533122169,4.7523244292248705,-0.46652763407016096,-5.2188520632950315,4.0488614906439579,0.5023843970575399,-3.5464770935864181,2.2359330448359174,0.43763810374318268,-1.7982949410927347,-0.95483182309448011,0.1272968671023591,1.0821286901968392,6.6564889438537307,-0.196775587666707,-6.8532645315204377,-4.1274481802453238,-5.9213182327412142,-6.0482515460056447,-7.0994748153367198,-3.5221771370040642,-3.9544706159906298,-4.5359081181237286,-4.4127625163805817,1.9370437471484649,4.6664778961895763,-11.943255794461066,-16.66680260699772,0.25252860558299889,0.35969569626489251,0.4538156361809495
2062,2008,119.82554811332282,41.975192005480707,3,10,23.015098038566588,-3.9583282470703125,153.78914415963663,162.3298692452554,-8.5407250856187602,162.7012029624093,-8.9120588027726626,197.6880632851462,127.72981632246592,589.35085843503475,200.6226171179608,147.07448710829996,149.21417779152009,168.12193018658516,170.74983900659578,200.59416934917527,201.20389580408508,232.09781957088228,232.46612308684394,255.06811995858794,255.19691268197454,-0.10314998729668901,1.2406120904907993,-1.2212352590826185,-2.4618473495734179,1.0383203958954255,-1.6180068287895608,-2.6563272246849863,-1.3283800576298574,-1.7196007828483744,-0.39122072521851692,-1.0432823665495334,-1.4365501876831388,-0.39326782113360537,-0.33457090180476712,-0.39327251114539763,-0.058701609340630512,74.86649806302421,76.894856356133459,-2.0283582931092496,76.983048820027761,-2.1165507570035516,84.175055063992431,60.638979602845666,160.30388094024966,207.41500014975151,163.42952577454238,157.84737420212582,183.41659120802396,183.72989853494153,208.56481502949404,210.63229381360205,226.96775710043272,234.66998546522822,260.98129855232094,253.52640920084977,-1.7143922224643404,-5.9791593802825105,-1.8122588592723901,4.1669005210101204,-2.7613821194218531,-2.5550883927299139,0.20629372669193913,-1.4667456694063219,-2.9993698129561324,-1.5326241435498105,4.522424085601159,-2.69356431192287,-7.2159883975240291,-10.517547239822193,-2.6972384781225287,7.820308761699664,78.922645689313867,85.435007564439729,-6.5123618751258618,85.718154380800115,-6.7955086914862477,113.51300759080368,67.090836889741695,429.04697655141354,195.1762637447593,139.37953481194987,143.4659507894138,158.50064692558169,162.19628927276986,188.55180113156123,189.09410087903694,236.70425445144488,228.95058563519061,253.39978459807594,257.50657163255244,0.48498665771725769,5.3336807245138118,0.51303794713868456,-4.8206427773751273,3.0617588983895985,-0.83213304977746816,-3.8938919481670666,0.4576157063664823,-0.65877897637730598,-1.1163946827437883,-6.4932071047835791,1.0883170226488801,7.5815241274324592,3.3362878233476181,1.5716004408938034,-1.7646873824538147,-1.6112422351676514,-2.1993788801815981,-7.2197714707733098,-11.312840104796322,-3.7997025153172785,-5.8231410178114515,-0.13836561177646445,-1.9243613757728042,5.5657064521506925,11.015631190384738,-10.182976338017426,-13.853835063169811,0.27200075921823785,0.42579735804573055,0.47474412277989081
2063,2008,120.07554925689328,41.975192005480707,3,10,23.015098038566588,-2.0869598388671875,168.06073899664989,182.04243026418044,-13.98169126753055,182.65032869219067,-14.589589695540781,215.97342903490244,148.10309235750174,622.86581227183342,196.3414645225115,137.46079603993829,140.51756087194127,160.18229143707126,164.22247856192669,197.92661391199627,197.866608829342,229.61733284733432,230.83395495198889,255.63008321281129,256.1115956655882,1.2142193720013665,3.4462502101981158,-0.11947794385059751,-3.5657281540487133,3.7773885410332468,-0.45515351887129896,-4.2325420599045458,-1.0682879479524559,-0.80698871324705124,0.26129923470540461,0.45962366972673863,-0.85238849601549305,-1.3120121657422317,-0.12332424900762362,-0.40891326154226704,-0.28558901253464342,73.9909326574234,84.782615973936117,-10.791683316512717,85.251818758624722,-11.260886101201322,75.813919933400257,80.642745625604221,170.45298925566021,210.04454851920732,164.58523758879505,156.32123104413864,188.01075729669853,182.48648842436134,210.30492298507986,208.94893814657664,229.92654718909992,232.69536485666657,262.39683638877534,252.27021747742631,-4.913422361347159,-9.0008201407366357,-1.4510162206531163,7.5498039200835194,-7.97693918750997,-1.6425092220725617,6.3344299654374083,-3.1682475870568396,-1.7692133813337989,1.3990342057230407,1.3890826269260685,-1.6851455382000609,-3.0742281651261294,-11.581618421789557,-1.5685762733533863,10.01304214843617,94.069806268445973,97.259812727566896,-3.190006459120923,97.398509433404797,-3.3287031649588243,140.15950914823043,67.460346801868582,452.41282294690609,186.01519382782425,129.84927967880989,134.72133490019081,144.97347127248486,151.96205940255291,177.48625216611271,182.36390951411136,229.1111415390078,227.6551533147549,253.08747783016966,260.57679281535258,4.6063975540457989,5.5384621049739735,-0.22280046467815851,-5.761262569652132,8.1643649321253804,0.4584887602657659,-7.7058761718596145,5.1743447091791097,0.09333144782866043,-5.0810132613504493,-0.53562711696795873,0.71884457877533237,1.2544716957432911,6.1914266536396383,0.3505471291171034,-5.8408795245225349,-6.1276417333485256,-9.5198199153929579,-12.447070350934752,-14.539282245710609,-11.754327728543217,-16.14130411963535,-2.0999596391043838,-8.3425922962359493,0.92945895719932992,1.9247097438940273,-11.458294172781933,-17.773045075429195,0.2736592471401697,0.35103355200767927,0.5445041311557699
2064,2008,120.32555040046375,41.975192005480707,7,10,23.015098038566588,3.81817626953125,177.23497397800384,195.7171392650489,-18.482165287045063,196.52071444952162,-19.285740471517784,204.15179147054732,169.83997325604287,556.09122160822153,193.2987184271351,127.7495069121769,131.39947966749816,157.693441149563,156.61101430103884,194.93762541892906,190.46878586219222,228.44006972821455,225.45591933282876,254.58995818835382,252.17740643466988,-0.66102783656529596,5.0212191666376071,1.0095901833839775,-4.0116289832536296,0.25362759422213799,1.3056591450927044,1.0520315508705664,-2.8926074893424243,1.6510662826043472,4.5436737719467715,-1.3762838390925936,1.6597609265921278,3.0360447656847214,-1.4622061052745323,0.92567754621617837,2.3878836514907107,97.177535270195222,113.61712222149072,-16.439586951295496,114.33188714433345,-17.154351874138229,98.710985378389069,102.10536626476278,213.79653913949733,200.15112293524265,152.23121089572848,143.72711668206145,170.69315854377098,166.36816926183263,202.08161075657722,194.07934207115198,223.02196051044152,222.06417884953186,247.61753250251547,244.28177598278756,-3.0845214690793625,-5.0969257667379111,2.8978754216150264,7.9948011883529375,-1.3842263979562119,3.2075009648679043,4.5917273628241162,-4.7645399681135814,3.3300649338726487,8.0946049019862301,2.3872762387021851,3.1615086876672933,0.77423244896510823,-1.3661588375125575,2.8891576652495417,4.2553165027620992,80.05743877486384,82.100020980175032,-2.0425822053111915,82.188827204943664,-2.1313884300798236,105.44080633472549,67.73460711997177,342.29468305408955,185.35258534150353,119.39324828846651,123.03394175138394,135.48053938084982,142.27034921936274,181.21619574057101,181.87189892209659,238.84676783321788,232.42956992598565,255.54020042720444,261.82907570039026,1.264935880876692,5.7857206824676979,-0.22987006215468853,-6.0155907446223864,6.8936006704425949,-1.3080983231374148,-8.2016989935800098,-1.3663469569058861,-1.180189209178252,0.18615774772763416,-9.2127045621317336,-1.7161753282508698,7.4965292338808638,3.7176381831779679,-0.81645769175156602,-4.5340958749295339,-2.4234936325140666,-4.3494573499560545,-10.118144933375518,-10.882646449205609,-1.6378539921783499,-8.2778270683988069,-1.8719324787711571,-3.3981930112076952,3.7635600777947786,11.599980800833919,0.096047267761974808,-5.0837970206905254,0.38446307158238452,0.48351760553925854,0.60118571798662179
2065,2008,120.57555154403421,41.975192005480707,7,10,23.015098038566588,-0.2083282470703125,165.30423808097839,178.95012712478638,-13.645889043807983,179.5434258878231,-14.239187806844711,199.05448256346972,140.17043866733729,572.37102767080069,201.16813378295518,147.05019205145589,146.63665711004111,168.78644374905286,168.29948501951796,202.45995449366171,198.77865163617039,230.91383040497564,230.22397965244082,254.71477561874227,254.06744230668582,-1.5133350319964052,-0.090300592649214195,-0.049948356251945825,0.040352236397268371,-0.60700426052517287,-0.06742608718806764,0.53957817333710523,-3.695217092483432,-0.088110861923865968,3.607106230559566,-0.70385966285857648,-0.081028070846571154,0.62283159201200533,-0.68685293861179275,-0.036020683434173861,0.65083225517761889,108.48634433746338,98.73479400575161,9.7515503317117691,98.310814201831818,10.175530135631561,114.98528213132477,89.28792629763484,219.04342530365102,206.68397262204351,162.5793194501916,158.21948884017894,181.44941719781482,181.88361954454732,208.05400767774518,206.39639567303101,228.04267198935474,230.31623328142908,258.49451151370943,249.79205621861561,-1.3907608616337086,-2.7552091147258295,-0.12504555262273698,2.6301635621030925,0.34993845107788957,-0.1662496771151325,-0.51618812819302207,-2.2403551834716211,-0.17061523075688001,2.0697399527147411,1.9404346526626171,-0.17366515176831854,-2.1140998044309356,-9.4340203406841283,-0.1466745447759763,9.287345795908152,56.817893624305725,80.215332180261612,-23.397438555955887,81.232612110674381,-24.414718486368656,84.069200142814225,50.882512291471357,353.32760241627693,192.81893935470535,137.40087677010331,139.66600569355668,150.43806526580005,156.12212582253582,186.21984753185316,183.26605677939594,238.05385444579323,230.02315524133894,253.6757963857394,260.31012471684431,-0.018858943430188901,3.4418881629715656,-0.022853986219956823,-3.4647421491915225,5.4510909104773759,-0.0054024128273795213,-5.4564933233047554,-2.2792976380648611,0.03245401273059656,2.3117516507954576,-8.5554661766272773,0.12062870630373368,8.6760948829310109,5.1465773629898592,0.079336828556563432,-5.0672405344332958,0.12257417036269658,-1.3719019182035197,-2.6649085220766153,-6.1970972776973952,0.95694271160306243,-5.1011524593994864,1.4548619090118109,0.038942454593239972,2.6442943155211935,10.495900829289894,-8.7471674020723356,-14.580597703673988,0.38269481632399099,0.57765733607461478,0.63699541177537056
2066,2008,121.07555383117514,41.975192005480707,4,10,23.015098038566588,-0.25,151.46798247098923,167.4927282333374,-16.024745762348175,168.18945527076721,-16.721472799777985,189.0166819691658,131.67382710427046,557.32315236330032,204.48753272389578,149.86813315799645,152.87495867569521,171.70936905769898,172.92683011999776,205.25137550294122,202.7331430453184,234.98347493514012,233.78927709052419,257.12424438471311,257.80520821802793,-0.45324285917018869,3.4000905838497033,-0.039674452684266726,-3.43976503653397,1.364491665737205,-0.10352880966746625,-1.4680204754046713,-2.6564633730976652,-0.10452021103921538,2.5519431620584498,-1.2692646100067009,-0.099227936182927579,1.1700366738237733,0.60562274017513573,-0.02505711814001188,-0.63067985831514761,78.181113041937351,88.393544137477875,-10.212431095540524,88.837563216686249,-10.656450174748898,87.0859598768875,84.587908644229174,187.15230503410567,213.7590044909148,166.03929126231898,164.37904917724364,194.27209034464474,186.32412447125859,215.46785271374628,210.2204880776149,234.31322002460192,234.37351067384174,261.1722753116324,253.04591311070334,-4.3390615466388738,-1.4645117059843074,-0.085033102945345718,1.3794786030389616,-8.1851477428043609,-0.18244470197444684,8.002703040829914,-5.4306417163327865,-0.23596909377690167,5.1946726225558848,-0.77063559907418266,-0.19501944015965478,0.57561615891452789,-8.7115644640408902,-0.16108122101607592,8.5504832430248143,73.28686910867691,79.099182605743408,-5.8123134970664978,79.35189288854599,-6.0650237798690796,101.93072175979614,47.085918586701155,370.17084703594446,193.80638060119333,146.16629985965716,147.09888383730376,159.09609211330471,162.58170321577981,183.61058585912124,188.28899082142573,235.67185511587431,232.50030065273123,255.19264608719732,263.76054756029345,3.6226146188713813,2.9691696142144508,-0.0068328326505877612,-2.9760024468650386,3.055931236017301,-0.052086547538380046,-3.108017783555681,4.7472633790405894,0.027419421091934737,-4.7198439579486546,-3.4670434394227811,0.13509401781212205,3.6021374572349032,6.9136436734547715,0.10100755302136122,-6.8126361204334103,-3.8858186874686851,-7.961676165510255,-4.8646022898340107,-4.4336813201987582,-9.5496394085415659,-11.241078978821662,-2.7741783432351212,-10.177905095373376,0.49862901093251821,2.6964078403485985,-9.317187204216026,-15.625208137495662,0.33580572463299951,0.46073160828785359,0.6424048765381849
2074,2008,124.82557098473208,41.975192005480707,4,4,23.015098038566588,1.9444427490234375,145.57224252245214,159.87713218245335,-14.304889660001209,160.49908621554641,-14.92684369309427,161.90257093535365,260.12996845039743,548.49327414110303,195.03000720590842,129.11822320629756,128.643130597414,159.29637727687299,154.87511261565282,195.85770181572713,189.1795720493713,231.86228048905292,225.83736090757446,256.34548979962642,253.49168371264662,-3.6163533393543048,0.2080768597292888,0.44265517514807584,0.23457831541878704,-3.2430841589917918,1.0365070044018978,4.2795911633936896,-5.5680933857420882,1.1524727502861367,6.7205661360282249,-4.9947567211325747,1.1095491176109817,6.1043058387435565,-2.0560927503387063,0.86048545391358289,2.9165782042522892,78.902213242050493,112.98686322712456,-34.084649985074066,114.46880544548185,-35.566592203431355,86.187432406336029,207.19225729082609,304.29786134650931,204.69135179721627,150.21615777974287,137.76015904910111,173.00507413799085,159.65069797645305,207.66767668543292,191.13544867465163,237.80712571831017,226.14994469531956,260.02710381341109,251.59119485884796,-10.298067816288807,-10.81756159777774,1.4369698408361273,12.254531438613867,-11.81154740446155,1.5684430769360631,13.379990481397613,-14.716304270235952,1.6317337212442453,16.348037991480197,-10.245835861267437,1.5842280497704166,11.830063911037854,-7.290664533448961,1.4941617330725308,8.7848262665214918,66.670029250599327,46.890270034835339,19.779759215763988,46.030280054808827,20.6397491957905,75.715138519704396,52.937711083926843,244.19541257247329,172.99829715842046,118.89817717497276,115.81696031219259,129.10775027166142,137.85196538506094,160.1851683366491,182.59998671090517,211.71525570376582,224.97013243945003,244.64458080534467,259.95284577062125,11.747015489362752,-2.1731182539727172,0.070713808196188666,2.2438320621689058,10.698875854154522,-0.5655784308257239,-11.264454284980246,22.829319591748828,-0.14585156183872527,-22.975171153587553,14.105507341348158,0.12362403629191476,-13.981883305056243,13.480292265139099,-1.0505540475469957,-14.530846312686094,-6.681714476934502,-22.045083305651559,-11.025638457507029,-8.6444433438050226,-8.5684632454697578,-22.510423258616072,-9.1482108844938637,-37.54562386198478,-5.2510791401348627,-24.351343202615595,-5.2345717831102547,-20.77095679858806,0.55478868327604491,0.53234134522020626,0.79649514634963825
2076,2008,125.325573271873,41.975192005480707,4,4,23.015098038566588,-2.5263137817382812,149.29406698941966,149.32831963233548,-0.034252642915816978,149.32980991346267,-0.035742924043006497,180.13428328057989,249.72757068326973,563.79139512777328,194.91930996574297,130.90518261528896,130.48014240021632,159.12328035734555,156.36363375034026,195.1618028675995,191.35577496025411,230.55015410486493,227.24337409380112,257.29038648543451,254.45371501102645,-3.9478947726046556,-0.97227462090597783,-0.56155779130432393,0.4107168296016539,-3.9807203945160552,-1.3332196815692612,2.647500712946794,-5.2847524747725458,-1.346231266090598,3.9385212086819479,-4.6034992507051982,-1.3165422720171591,3.286956978688039,-3.7243017672444694,-0.84816562814785357,2.8761361390966158,81.62441235942606,99.527700497346814,-17.903288137920754,100.30610602707202,-18.681693667645959,86.414462076082145,190.89805802635601,288.74136189071578,206.32534193280756,156.75966939852401,145.01689020059877,174.9819875126463,164.98857781340394,208.14400359872508,196.30437701789594,237.34270317614329,228.49252315889143,259.80884451297703,252.64496594223993,-11.169429832623734,-13.389301254712905,-2.0505602342630596,11.338741020449845,-12.23469520183599,-2.0665280247773126,10.168167177058677,-14.026451417542006,-2.1595800316579812,11.866871385884025,-10.862885642943951,-2.0240866908626742,8.8387989520812766,-9.2696861135246422,-1.9240401333856596,7.3456459801389826,67.66965448098199,49.8006179648537,17.86903651612829,49.023703952268988,18.645950528713001,93.719821079962458,58.829512440846884,275.05003294348717,174.18480134073417,119.95035728218382,118.1317321869566,132.35769538967517,135.58287124390358,159.27931423730072,177.95023214269426,209.36325617102099,224.30519095249915,250.98061707972045,258.40038943688995,9.4082160741593555,-1.3334705172746482,-0.25323395588719677,1.0802365613874514,4.3325247633128754,-0.11790448951620647,-4.4504292528290819,19.467872515111367,0.43821291943416441,-19.029659595677202,15.563903389756092,0.5901409683686154,-14.973762421387477,8.8036236911263472,1.5327071845905493,-7.2709165065357979,-7.2215350600190789,-20.57764590678309,-12.417026633806927,-12.055830737438257,-8.2539748073199348,-16.567219965148865,-8.7416989427694602,-33.494323932653373,-6.2593863922387527,-26.426789032700043,-5.5453843462801728,-18.073309804650989,0.51214219370140912,0.47972246316644607,0.76442523948816454
2078,2008,125.82557555901393,41.975192005480707,4,4,23.015098038566588,-14.599998474121094,185.40013462884235,189.73141722993023,-4.331282601087878,189.91973550051625,-4.5196008716739016,235.85928060512379,174.04972525748235,530.0788075812161,194.57025213070659,134.54173730962196,136.28907651929794,160.82221062762383,164.05743213376567,193.46321491159952,198.3668440842834,229.22835314581721,233.61604634239293,255.68333920762458,258.85828876997118,-3.0196688375581004,-1.7867079858469026,-3.5625628096960043,-1.7758548238491016,-4.4512238606847916,-7.8919666988786048,-3.4407428381938132,-3.4323016509582089,-8.2761675569844897,-4.8438659060262808,-3.7216848688613311,-8.0490507624138274,-4.3273658935524963,-2.6730930901074714,-5.7991665162062418,-3.1260734260987704,128.22901659485069,138.64545813632867,-10.41644154147798,139.0983465724712,-10.869329977620509,139.47371561540513,137.58345457129781,288.30064435955137,202.75592557255007,152.51268281977286,153.95003551936665,169.72043036998795,173.36038326229161,202.94100904428839,204.48618328566803,233.85709908159674,236.82987980122209,255.9158323539024,260.12818243483133,-8.776483276161855,-10.600499297939251,-12.419147466129431,-1.8186481681901796,-8.6160649014598505,-12.532998154161362,-3.9169332527015115,-10.369676906173765,-12.149136699696584,-1.7794597935228182,-8.0395817517652119,-11.130852169620766,-3.0912704178555543,-5.4083657187186418,-9.3737792365324424,-3.9654135178138006,57.171117974387016,51.085959820775315,6.085158153611701,50.821387664425856,6.3497303099611599,96.385565034422143,36.466270748769603,241.7781634517014,177.49935879523147,120.56036694362612,120.61426643673799,134.67747428742925,138.45517679841342,169.96364759288008,182.84920710074411,213.13167472632836,225.88944568510735,254.799622753932,254.97696170214775,9.3251772733533471,1.0065233478963336,0.17039410605919159,-0.83612924183714199,9.1178839130429878,3.950828498787871,-5.1670554142551168,14.635026278892468,1.1680216772091967,-13.467004601683271,11.821275410542484,-0.5739409629900365,-12.39521637353252,3.6783435437499179,4.1336614207189939,0.455317876969076,-5.7568144386037545,-18.101660549515202,-8.8137913120923486,-11.607022645835585,-4.1648410407750589,-17.733948814502838,-6.9373752552155565,-25.004703185066234,-4.3178968829038809,-19.860857162307695,-2.7352726286111704,-9.0867092624685597,0.54388260808819333,0.59134291963228858,0.79048360672653883
2079,2008,126.32557784615486,41.975192005480707,4,4,23.015098038566588,4.5,126.56707786476181,135.65769005179391,-9.0906121870320931,136.05293452121623,-9.4858566564544162,138.44496192490624,272.66207295774075,541.07835927978158,194.2774598579567,133.33383702817443,128.2995761105982,161.01715216275502,153.05442589862244,193.11936467553653,186.76904730592528,228.97616130973321,222.3109139640801,255.411847389743,249.85693883985391,-4.102392780208902,-4.0785503582700926,0.93956493098181681,5.0181152892519094,-5.569422898341827,2.2216529842247326,7.7910758825665596,-3.8468935511637312,2.6032861656838691,6.4501797168476003,-4.2492897085180346,2.4396571480825742,6.6889468566006087,-3.9032558435685303,1.7392435825199755,5.6424994260885057,66.197520802517829,86.680294372814387,-20.482773570296558,87.570850923439139,-21.37333012092131,71.646410937210021,199.44458576198485,279.34060943889017,202.03517497789346,150.65905861153712,137.56040052410717,169.56460409569016,158.43748037045268,203.04162606286218,188.86449263107664,234.18465476175965,221.61803797001852,256.8457208116352,246.53116880403138,-7.9188375074207613,-9.2377136287256576,3.7419728232087266,12.979686451934384,-7.6339429786575295,3.839400105400955,11.473343084058484,-10.404783463801863,3.8819701169382199,14.286753580740083,-8.8836110448691841,3.7205247611334471,12.604135806002631,-6.8907645891032132,3.5515852665575665,10.44234985566078,60.369556797748373,48.977395331286971,11.392161466461403,48.482084223626771,11.887472574121603,66.798550723200606,73.217487181682372,261.73774977400899,179.25741826269541,120.91127372456451,116.57780192649273,138.66099874651414,138.81345682640674,175.59189417706637,180.99283080944468,213.46881183295673,223.81553224199007,252.77844547743396,257.54609057734547,3.5693696532158867,-3.5594718697638967,0.11264857773775816,3.6721204475016549,-1.1920832061708779,-2.2978479649577821,-1.1057647587869042,5.4629608429396512,-0.62028725987084954,-6.0832481028105008,9.2532379715874811,-0.60092453355036923,-9.8541625051378503,2.1313315625738767,-2.4868116999904828,-4.6181432625643595,-3.8164447272118593,-11.488207160636648,-5.159163270455565,-5.6782417589617609,-2.0645200803157024,-6.4418597724866515,-6.5578899126381316,-15.867744306741514,-4.6343213363511495,-18.136849016456665,-2.9875087455346829,-9.0220961516770899,0.51626646057461023,0.51750825700737069,0.73147168433981757
2081,2008,127.07558127686625,41.975192005480707,4,4,23.015098038566588,0.8000030517578125,122.65856371080008,135.04826815078559,-12.389704439985508,135.58694827394356,-12.928384563143482,147.45411150963628,256.76691851953365,529.46906822174788,194.88144372854174,135.0925106129263,130.89953036182774,162.08576042644739,155.24525365484442,194.50257575655601,189.43995873222212,228.56940400288116,224.73520339592372,254.0692513592769,251.45201200242863,-3.9788133819835423,-3.9040854504667664,0.22529736848761672,4.1293828189543831,-6.137340789876049,0.3752188373999843,6.5125596272760333,-4.6103440303145362,0.44201743776193325,5.0523614680764695,-3.4001400295289841,0.44928904999730435,3.8494290795262884,-2.2633869052931175,0.34148451371868305,2.6048714190118005,77.168926825534072,92.296240751413279,-15.127313925879207,92.953949996626761,-15.785023171092689,81.17306878990712,191.46226013532851,285.0309602447669,203.12503999222713,151.62222084022491,139.0473422723511,171.20371191314072,160.06430615834492,206.38219860318097,192.0448124042212,234.55751682544022,225.89216592047458,255.2052638505788,250.82464337862021,-9.0125108582549558,-11.406330499245655,0.63124821951149102,12.037578718757146,-10.217985367547726,0.66509217506819596,10.883077542615922,-13.683919937844166,0.66213754069909214,14.346057478543258,-8.4541205922284917,0.61784000985008447,9.0719606020785761,-4.0735184333077257,0.57086606287117547,4.6443844961789011,45.489636713902655,42.752024290991358,2.7376124229112975,42.632998375665011,2.8566383382376443,66.281042606107803,65.304658439339619,244.43810784071684,177.80135403278626,120.84678929410305,120.00818474446829,137.95096376730223,142.93814258262344,177.00829818808145,183.14695442776312,205.50321730572358,222.3074106763261,244.8989664019779,252.96446757708065,7.002371714366916,0.25800018506511435,0.048130485179271432,-0.20986969988584292,5.4200878146476725,-0.51377390637853182,-5.9338617210262043,7.1759408609807451,0.046344620012263249,-7.1295962409684819,15.831779044525973,0.00045849823655430555,-15.831320546289419,7.534135636153394,-0.1799093134652594,-7.7140449496186534,-5.0336974762714135,-16.014882572621872,-7.5022450487788888,-11.664330684310769,-4.0806445776716771,-15.638073182195399,-9.0735759075296301,-20.859860798824911,-5.0539805626995076,-24.285899636754465,-1.8101315280146082,-11.60765406946112,0.53833354458657934,0.5504971543950633,0.74566560692187822
2082,2008,127.32558242043672,41.975192005480707,4,4,23.015098038566588,4.9523773193359375,130.46944813985647,139.00421827541504,-8.5347701355585741,139.37529513602203,-8.9058469961655646,145.0665531084278,255.61955517271963,534.88171818479896,194.4176844553734,134.22062171201301,129.37215711913097,161.48460896672808,152.51313053010091,194.57778272889436,187.81145565879481,228.30382590763745,223.60581580688807,253.2944239005038,249.89103293764296,-3.4734010057662488,-3.4902717700027779,1.3382512977685792,4.8285230677713571,-6.3562035819985567,2.2705784490841268,8.6267820310826835,-4.1650176754340009,2.642737800471167,6.8077554759051679,-2.1712919340252483,2.5796768925877984,4.7509688266130468,-1.2372909339250953,2.1263598144565492,3.3636507483816445,84.593643246611464,94.799704560904502,-10.206061314293038,95.243446885913727,-10.649803639302263,88.688150992461487,198.38550989347641,301.79848234076053,201.31130639772411,148.48747337342385,134.90847205287253,168.96101622361132,155.81461327714814,204.96076561395896,189.7926339659744,233.13213506944589,224.39111500784375,253.89119391940372,248.87477227666153,-6.952146749409053,-9.1000615947048971,3.819665872486695,12.919727467191592,-9.1087663123196307,3.9574704351313983,13.066236747451029,-11.400304865265838,3.8968633259362093,15.297168191202047,-5.3739753375584485,3.7407683703956707,9.1147437079541191,-1.8493148874289318,3.379825558960448,5.2291404463893798,45.875805031080745,44.20451427649914,1.6712907545816051,44.13184922081291,1.7439558102678347,56.378402205373277,57.234045582232284,233.08323597535491,176.99901849637368,120.29887222017102,119.1264997948046,135.37545672582286,143.67838181178473,176.7344221407611,182.60115076311203,206.19332816062038,221.72545705405835,249.53874422123084,253.01297891448343,6.7511117183354372,0.11147045423837199,0.47763784031458556,0.36616738607621357,6.3696991142342938,-2.5908560356113242,-8.960555149845618,6.5764745540843137,-0.16462759970465868,-6.7411021537889724,14.319948196344512,0.074349686539761706,-14.245598509804751,1.3603790913170428,-1.5342136298705213,-2.8945927211875642,-3.4787457436428042,-13.70325846774449,-5.6097898247021192,-9.211532048943269,-2.752562730321074,-15.478465426553925,-7.2352871898318369,-17.976779419350152,-3.2026834035332001,-19.693923533902961,-0.61202395350383654,-3.2096939787459746,0.56423405788658987,0.6113618135406641,0.77609676520808146
2083,2008,127.57558356400716,41.975192005480707,4,4,23.015098038566588,1.8000030517578125,118.98698073701235,126.99641594033164,-8.009435203319299,127.34465053690656,-8.3576697998942109,149.56096751470614,238.05276379502902,545.09815922379494,192.72083105438139,134.02284239745205,133.09628508464345,160.69064876352866,155.51761322505899,191.79569428287905,188.66251586072426,225.98655316948674,223.46214938250566,251.31151773064568,248.21267396696274,-2.1264963310859741,-0.56894025037641427,0.42104846413548103,0.9899887145118953,-4.0036552138495551,0.80251760783656323,4.8061728216861184,-2.3110007703099313,0.92924652550937026,3.2402472958193016,-1.5530828909951708,0.93382959058368442,2.4869124815788552,-2.4054479864774123,0.75618572999789535,3.1616337164753077,76.603923917442444,83.433454518890358,-6.8295306014479138,83.730390296655969,-7.1264663792135252,78.507364728764514,175.11806977935339,269.32007118233014,201.48401585562152,153.18890041689821,141.74960560649683,169.99839662853074,160.92579130181002,202.07197764096244,191.4534009717795,229.65742706658236,224.14945143805295,252.7407716694897,246.71207941735773,-7.1147434436823573,-8.9218890620247748,1.5982548841502364,10.520143946175011,-7.533397356192495,1.5925905740222959,9.1259879302147908,-9.302484832355475,1.4983625156713742,10.800847348026849,-4.4578879069937898,1.3163397452006222,5.774227652194412,-5.042788065084892,1.197448141558624,6.240236206643516,42.383056968581514,43.562959999870145,-1.1799030312886316,43.61426044588552,-1.2312034773040068,71.053603091997502,62.934694015675632,275.7780884206295,176.13306468659195,120.65774574470372,122.2785785883753,135.40941031114968,143.10902090066813,174.45381269728065,182.24820232151197,209.26356035503323,222.15222850452628,246.26091797397106,251.28511513392775,8.0632099262469694,2.8196368380112631,0.25276305999810234,-2.5668737780131607,7.1090111718755793,-0.81563481910939117,-7.9246459909849705,8.1542452327968533,-0.026371445168535956,-8.1806166779653893,11.763273805830721,-0.29385200449431181,-12.057125810325033,4.3345211453447234,-0.21544151394539313,-4.5499626592901166,-4.9882471125963832,-15.177953369929327,-8.3529488116483606,-11.741525900036038,-3.5297421423429398,-14.642408528068074,-6.9914840620455436,-17.456730065152328,-2.904805015998619,-16.221161712824511,-2.6373400786074797,-9.3773092104296154,0.49407628080387328,0.52491880758290088,0.735627123111814
2087,2008,80.325367429189697,41.725190861910242,1,10,23.10387543037033,-1.1052703857421875,74.312211852358814,67.718934859216461,6.5932769931423536,67.432271353151009,6.8799404992078053,94.144337970639754,93.00500828260374,216.44112535938621,187.30152267474514,131.11170158762221,134.56260424173468,153.28294221559008,158.41963240568006,186.20580778207275,190.99013097541194,221.33825563190041,221.82977043820225,244.06729853201773,245.28358250907817,2.6480434747588504,3.1015184629138446,-0.21446027879935059,-3.3159787417131952,4.746164755121157,-0.42467197014136104,-5.170836725262518,4.2656635613412561,-0.58733058785347225,-4.8529941491947284,-0.080339546000914197,-0.58300905120179891,-0.50266950520088471,0.75380662269444088,-0.43599035244483275,-1.1897969751392736,1.3600033521652222,1.3606808124385452,-0.00067746027332304948,1.3607102571419318,-0.00070690497670966579,1.3600033521652222,2.3436430692672729,3.7036464214324951,200.23589657130495,167.27232627151514,169.03163082566437,167.68081567878787,191.91961884027143,203.51923519833511,209.38752213204043,229.56492227397882,217.98593864998347,230.34277724105294,227.25788810072035,1.1469746616844247,12.085796759082257,-1.0959890581063974,-13.181785817188654,21.716614844313227,-1.9280806874177188,-23.644695531730946,-1.2833294646831348,-1.0496340169303267,0.23369544775280815,-14.87408895596468,-1.1049285729153553,13.769160383049325,-11.264550628283843,-1.0872101808689365,10.177340447414906,72.952208500193592,66.358253489210256,6.5939550109833363,66.071561015180123,6.8806474850134691,92.784334618474531,90.661365213336467,212.73747893795371,187.04038628594245,130.81041133761926,133.80846491503692,152.68012880709992,157.09568196236228,185.9146967580123,189.59740243445935,220.98424107429292,222.34952495544502,244.51630517951452,246.01132230197746,2.3764104580315575,2.7778277811314354,-0.21933593492423142,-2.9971637160556668,4.1064990272772377,-0.45052309133455992,-4.5570221186117976,3.088055284848167,-0.49331955161571273,-3.5813748364638798,0.76521604458474712,-0.55259543712392656,-1.3178114817086737,1.0250716420633239,-0.44143326223834833,-1.4665049043016722,-1.5010688130744256,-1.2294357963471327,8.9842782961684122,9.3079689779508215,16.97045008919207,17.610115817035989,-5.5489930260243909,-4.3713847495313018,-14.793749409963766,-15.639305000549427,-12.018357250978283,-12.289622270347166,0.017111565167122627,0.014445938879397702,0.025199106075512744
2093,2008,109.57550122693385,41.725190861910242,3,10,23.10387543037033,-23.666671752929688,66.589415835907857,58.494139989103132,8.095275846804725,58.142171264113131,8.4472445717947267,118.52254324098612,133.23085179588816,442.12407238036394,209.7200936247269,165.37269339404548,151.76194207929416,181.20592927259187,175.6510429151167,210.60598443592212,211.63963179212601,237.34998111104403,240.55320185880416,254.83072386119886,260.85541688327464,-5.3391074841667319,-12.198945428484336,-0.24493815060858992,11.954007277875746,-7.468447552796647,-1.3682591891065954,6.1001883636900516,-5.5218199820194798,-6.5067390364977769,-0.98491905447829708,-3.2511727804095472,-6.3221225699700483,-3.0709497895605011,1.2267085806653313,-3.9031281713924386,-5.1298367520577699,27.54086570697109,24.918460485953801,2.6224052210172886,24.804443129391075,2.7364225775800151,47.302381743599653,35.971489387346082,104.27111933939159,204.40513672365401,148.81675003226067,157.15185310044933,176.98177715312315,176.90159086583665,205.10110890394031,210.44759270233791,234.53654876464157,238.28237762526734,257.78599875405547,258.65646803913495,-6.1158673071930707,1.1789663931830603,-8.1555157408500918,-9.3344821340331521,-7.5483874714468016,-8.1812338377027629,-0.63284636625596136,-8.0742602208258916,-13.866912913111122,-5.7926526922852304,-9.1651656455439081,-12.53194813558332,-3.3667824900394123,-10.171431162616528,-8.9763820684072186,1.1950490942093097,39.048549652099609,33.575679860778109,5.4728697913215001,33.337728611559214,5.7108210405403952,71.220161102505699,97.25936235266272,337.85295253247023,212.3471014812811,169.33841569974274,149.0550528046717,182.54544412369322,173.63862571302425,213.81073093582879,212.74091013537947,237.6443576362613,241.90571167294519,253.97293089531055,262.15131341743597,-4.2954049392365903,-11.962632540888819,6.8417823281144194,18.804414869003239,-3.9910417002066936,3.6343940652004108,7.6254357654071043,-4.806859422916375,-3.2644224922118497,1.5424369307045254,1.7477494722555207,-2.782140356975674,-4.5298898292311947,4.1074425203671865,-2.6198538547933481,-6.7272963751605346,-0.77675982302633884,-1.8204623679564804,13.377911821667396,13.14159893407188,-0.079939918650154596,-3.557345771240108,-2.5524402388064118,-3.2674007979095165,-5.913992865134361,-10.912915117799429,-11.39813974328186,-14.278873682983715,0.23584130757233698,0.39910029307607769,0.26999369066899753
2101,2008,111.57551037549754,41.725190861910242,3,10,23.10387543037033,2.1363677978515625,126.40698388178862,115.5699553519953,10.837028529793315,115.09877997023796,11.308203911550663,150.33296951023294,91.895252434638678,456.05022825300694,209.00856917750545,169.08066781074419,167.77954932871404,181.07147318951363,183.52095373830466,207.53517132141539,207.63413845220973,234.89603841137799,233.66012513255379,254.01629664869597,254.73787333880341,0.8324219286279515,-0.42089819160440811,0.30111613962930051,0.72201433123370862,3.4646038166690687,0.65283800512409584,-2.8117658115449728,0.67210074041034318,1.0400259756894457,0.36792523527910248,-0.71645666567923172,0.48548359485596393,1.2019402605351956,0.92124368858387129,0.31920295755949724,-0.60204073102437405,52.887539348852442,60.428592785197907,-7.5410534363454644,60.756465124200986,-7.8689257753485435,60.835580059911535,27.727538303141046,126.95658125029877,210.16007040215047,175.05398397601681,170.56543454916869,189.40746304096851,186.39412187498289,206.17895887480714,207.59609061641663,234.52494048202126,230.64269451548037,257.29938263376908,250.28287322781424,-0.53084010546248805,-3.9459188940356,0.4933568569201725,4.4392757509557725,-2.4137576856730334,1.161772721132337,3.5755304068053704,1.8619028005193172,1.3182417004063325,-0.54366110011298474,-3.0302946756936251,0.99002181610237017,4.0203164917959953,-6.7072855276156247,0.72099091591778119,7.4282764435334059,73.519444782530627,55.141362778122129,18.378082004408498,54.34231399802502,19.177130784505607,89.49738983622774,64.167714109145891,329.09364714473486,208.34491455903375,168.56743129379444,165.75696086157029,176.84806802564424,180.21030952443436,211.69626081988346,207.66999645733819,234.94234608561362,236.76635995140856,253.16732456669627,257.75702997360696,1.663370765597989,-0.77179704243320657,0.66729527781069464,1.4390923202439012,6.4453479438097929,0.57727560633458097,-5.868072337475212,-4.5531054507472106,0.79217574449458539,5.345281195241796,2.4558094342042978,-0.15835469515371869,-2.6141641293580165,3.2473068490592709,0.1007550905668495,-3.1465517584924214,-1.3632620340904396,-2.1942108710604771,-3.5250207024311919,-3.1741218516023935,-5.8783615023421021,-8.8591056294828263,1.189802060108974,6.4150082512665279,-2.3138380100143934,-5.4861041098979229,-7.628529216199496,-9.9545923766748956,0.27838289158769147,0.40467224360768411,0.30172982356039019
2103,2008,112.07551266263847,41.725190861910242,3,10,23.10387543037033,-34.578948974609375,61.368103293090826,60.572738466231385,0.79536482685944065,60.538156593800522,0.82994669929030351,152.04750248532582,122.05473486513802,494.94314124435186,202.49122259690722,154.94977896109623,146.28558792474072,173.35679677133643,168.8481212771168,200.913255577201,207.76280712139118,232.89990447602892,238.91204978486869,252.82199433547211,255.95104434359735,-4.0746455393057772,-8.509332619928756,-0.12991598293419315,8.3794166369945629,-4.7105596770747695,-0.41757495549717305,4.2929847215775965,-2.1188077459045758,-8.965411047499515,-6.8466033015949392,-6.0003245650591168,-11.85290768389379,-5.8525831188346729,-2.2157965903713546,-5.2490888501197617,-3.0332922597484071,26.228163461390068,30.033195379088284,-3.8050319176982157,30.198631230276078,-3.9704677688860102,51.595164706871401,40.516032132814871,117.47903676598798,204.85352831400544,147.41554156713786,168.2596910105888,177.42227342125545,188.74563444625235,206.07197412778777,220.18502176524157,239.781624720997,243.87033519002603,256.46992448764649,258.03491510117476,-5.9572238051288764,1.6849643606312839,-19.476061622285272,-21.161025982916556,-7.237814519135128,-18.74111362850536,-11.503299109370232,-6.7536563675367063,-21.509707918975181,-14.756051551438475,-13.911426574334683,-17.743629931568194,-3.8322033572335101,-8.4167203837321551,-9.5227815921776937,-1.1060612084455386,35.139939973261789,30.539543153019622,4.6003968202421675,30.339525087460061,4.8004148858017288,100.45233762248245,81.538702821730112,377.46410475671291,201.29558793273111,157.9526916010222,140.71933735379943,172.73245814024284,157.76842825588196,197.59193365272455,196.35147811078181,230.61879608144238,234.68593463618191,252.24459539072669,253.23322952628661,-3.1236108669685336,-11.691679413160955,2.7637374428989574,14.455416856059912,-5.2951557263339168,9.5723791559149163,14.867534882248833,1.9420770138753198,2.5365050267571689,0.5944280128818491,-2.871947094042099,-6.731760661660644,-3.859813567618545,-0.67316141804855079,-0.53666587006861732,0.13649554797993346,-1.8825782658230992,-2.8336129381603428,10.19429698056004,13.376643773792239,-2.5272548420603584,-1.9426587928012111,-4.6348486216321305,-8.6957333814120261,-7.9111020092755666,-11.039479480292584,-6.2009237933608006,-7.7435589656836044,0.23735865188601321,0.33933582507776394,0.33194969599157514
2108,2008,113.32551838049079,41.725190861910242,3,10,23.10387543037033,-5.2083282470703125,126.20406986755188,106.46231567867289,19.741754188878986,105.60397774097873,20.600092126573145,151.58075881290461,138.50918898332384,513.95269150286913,202.32539535815286,155.08181290087234,147.08419917341868,173.84810364641808,168.43434779777914,202.53666162538676,198.5650370284277,232.17491505735066,227.60581895192669,251.0491204902344,249.3215927816546,-5.2544683680961555,-7.7532630270442553,-0.23976833460088187,7.5134946924433734,-6.2243147736732283,-0.98946348399937278,5.2348512896738555,-5.9086628984867957,-1.6385133406299985,4.2701495578567972,-6.3703621158843191,-1.6917919902539609,4.6785701256303582,-3.0745901713671913,-1.0704905050741615,2.0040996662930297,42.114554351103834,50.206632372202876,-8.0920780210990415,50.558461577005801,-8.4439072259019667,54.833387451961698,52.554652525545407,128.38944812817499,200.52503777768487,150.4384132949663,153.07707843284115,180.525457569465,173.1383119414092,202.57067780460636,201.70492539056747,220.95307597484125,228.80404971541765,241.41804619320277,247.82065415385537,-2.6129780972914318,-0.18990809474274783,-2.9064995513832059,-2.7165914566404581,-10.142734169162139,-2.3834546965694017,7.7592794725927376,-4.4072978792951574,-3.155139139127499,1.2521587401676584,3.8882375237702149,-3.2755507089794094,-7.1637882327496243,2.7213201693252245,-2.2119057813487188,-4.9332259506739433,84.08951544442607,56.255682645851266,27.833832798574804,55.045515478519519,29.043999965906551,96.747371416822716,85.954536595923855,385.56324359029531,203.38360473705467,156.43913951918469,142.94733553337281,172.73706395583653,164.84703368857964,202.47681912372263,194.28881994551304,236.88390234785734,226.21054179582745,252.9152727073614,250.80332122650185,-7.4572494215735503,-10.302381568848489,0.85994403545467435,11.162325604303163,-7.3597188436249041,0.26514182406646114,7.6248606676913653,-7.7342227441262139,0.9698911951691116,8.7041139392953255,-11.025152197412041,0.38169264827712368,11.406844845689164,-3.519588154179786,-0.279969901231226,3.23961825294856,2.6414902708047237,4.8442713242821185,7.5633549323015075,10.112473474105741,-3.9184193954889111,-2.7830153255372352,1.5013650191916383,3.3269248648310565,10.258599639654534,14.913389721182256,5.7959103406924157,6.2409083235050105,0.24980791082686304,0.36174371919883502,0.37943080102701965
2109,2008,113.57551952406125,41.725190861910242,3,10,23.10387543037033,10.727279663085938,146.46752705997642,143.75119275791803,2.7163343020583852,143.63309164323437,2.8344354167420533,152.71339839417669,142.65678378853045,516.40969273820519,205.02080093497676,156.55297711999495,144.77019466170063,176.63069267055411,164.90610398965867,204.80588630319548,194.38268207655452,235.33681009113621,224.05698511588221,253.45293748005685,248.7289378719513,-6.7151344110788784,-10.168422080772189,1.3529403877418247,11.521362468514013,-8.6273750408089995,3.0347240855479356,11.662099126356935,-6.3564723365984719,4.3297597291815464,10.686232065780018,-7.6078095647522161,3.7917681869149078,11.399577751667124,-2.8040296843319652,2.2072684865709959,5.0112981709029611,55.488463187248271,61.796683019190823,-6.3082198319425515,62.070951241501461,-6.5824880542531901,56.525798970194273,44.480227793457743,118.23477549280506,200.65021205981139,147.82954531657884,144.16608079784518,180.55844664443376,165.62069793629655,201.70628265195964,193.99497598598535,221.60251096676984,219.18782392599658,248.28024692792806,242.69270723813227,-1.2391109806915779,1.3916877162622825,4.7258270878148494,3.3341393715525669,-9.692703493269164,5.3666219534262609,15.059325446695425,-0.79307345192904677,6.6484420924932408,7.4415155444222876,5.1661144694793109,7.4253138940751171,2.2591994245958062,-1.5248043377742988,5.0052176664937349,6.5300220042680337,90.979063969585695,81.954510532552376,9.0245534370333189,81.562139212350303,9.4169247572353925,96.18759941179087,98.176555838610511,398.17491712793708,207.29208300518422,158.98519635301733,145.23045792783242,175.1100011255073,164.38445857263682,210.80535798381862,194.6612800941092,238.3517335598996,227.3194740105196,254.05122917642635,252.59302550918446,-9.9227994522994436,-13.541891483390287,-1.7588108678829997,11.783080615507288,-8.7547655994127069,1.8138565211247908,10.568622120537498,-14.504268168948272,2.4737675302327204,16.978035699180992,-10.238536924427194,2.4080581920595137,12.646595116486708,-1.4261491559356614,0.71807111131630563,2.144220267251967,5.4760234303873006,8.6836884716078657,11.560109797034471,14.93357919965257,-1.0653284524601645,-0.93793789385645709,5.5633988846694251,13.711194717019225,12.773924034231527,15.404651393906505,1.2792253465576664,-0.098655181838637418,0.22895537623602349,0.37014302323554166,0.31179889670997851
2110,2008,113.82552066763171,41.725190861910242,3,10,23.10387543037033,-6.2105255126953125,145.41394774163928,129.02726300814538,16.386684733493894,128.31479865869915,17.09914908294013,162.84625627916466,138.6338147727256,513.95168203860521,203.56642384559757,155.22351678049884,141.94492722206769,174.736719237751,167.04234894941169,203.32373993225147,199.94295610415202,234.23531010836274,230.6473704948375,253.93812818293128,254.21366843191316,-6.2543015840587941,-13.188559120749971,-0.43733643069757022,12.751222690052401,-9.2140214886531737,-1.7758821692754054,7.4381393193777683,-5.8526890136882344,-2.2009853189189528,3.6517036947692816,-5.6568450931259235,-2.1524943242134498,3.5043507689124738,-0.94722114797920653,-0.86793399681712913,0.079287151162077407,53.171604569208284,52.327380239474223,0.84422432973406103,52.290675678630578,0.88092889057770662,61.917819587432859,48.215554735692422,120.05281068878321,202.04803076454601,148.6741765483639,148.86763871914593,182.54398190577453,172.87818437205107,204.20942301982009,204.87187442767674,224.28646926008813,231.75109412794623,252.56237373387549,251.4741624575058,-3.2624476836868723,-2.8577450393213724,-3.119961727548116,-0.2622166882267436,-12.388939355970876,-2.986837975092584,9.4021013808782925,-3.4070132989303943,-4.2707277387738714,-0.86371443984347707,2.8288143797323642,-4.5259257124115493,-7.3547400921439134,-4.3284271868398605,-3.2202253708836679,1.1082018159561926,92.242343097925186,76.699881689513859,15.542461408411327,76.024123362793034,16.218219735132152,100.92843663212716,90.418260103506327,393.89887146651745,204.44036503159421,156.74264176174086,138.38061468908998,173.39187259515609,163.28009637886416,203.29922482138861,195.08100985659541,237.74564377462653,229.1352803101305,253.97200496370894,256.47889898300537,-8.3899104898637802,-15.247155703008303,0.09221152122387366,15.339367224232177,-12.303414644511832,-0.95029442086865856,11.353120223643174,-8.5843739513561275,0.22776774247930121,8.8121416938354287,-9.1675167065594962,1.0014680976205739,10.16898480418007,0.83264266892160776,-0.10340476385374586,-0.93604743277535363,2.9918539003719218,5.1274628061769079,10.330814081428599,12.389410663686931,-3.1749178673177028,-0.085524711459044056,2.4456757147578401,5.1773606524257332,8.4856594728582877,11.99633108629186,-3.381206038860654,-5.1610698557614683,0.23358773768886218,0.38022255471005828,0.34779072345903739
2113,2008,114.5755240983431,41.725190861910242,3,10,23.10387543037033,4.2608642578125,169.38389100479617,135.31122135759142,34.072669647204748,133.82980139132269,35.554089613473479,183.76625903971217,143.52737481445729,552.04319190979004,203.51589027953509,158.94077217685648,153.8331262232567,176.23990493689482,173.07624683878038,202.37141593339629,200.16786388662004,232.00252533254186,226.79467549609143,250.80456110763174,248.30261196554375,-1.7269765604473548,-4.3793440661359284,0.63860745958362486,5.0179515257195533,-1.4796192089503961,1.6707299729409897,3.1503491818913858,-0.50769802508099815,1.9249783479079952,2.4326763729889933,-3.5601003922093071,1.6916230215011581,5.2517234137104651,-1.6409373587862603,0.90821841480726562,2.549155773593526,87.007218781585834,70.067992817144841,16.939225964440993,69.331505330175787,17.675713451410047,95.782038303619629,62.195980898177595,182.51430289557902,201.3780351903562,160.97472342509644,156.99615392124542,181.75928228432639,178.71053805607752,201.21769219000529,201.43596627719361,220.16544960902064,223.77700744185131,242.95594768447441,243.26239422410603,1.9909701769426817,-1.5620195332259641,1.3974992258548014,2.9595187590807654,-1.2164013666592552,1.9817622300648736,3.1981635967241289,2.3401804106062229,3.0279364284641588,0.68775601785793583,6.4123143299520677,3.0508976957813729,-3.3614166341706948,1.9266978429945425,2.4215831830358923,0.49488534004134976,82.376672446727753,65.243228115437887,17.133444331289866,64.498295643914389,17.878376802813364,87.984220900005312,81.331393909153121,369.52888914197683,205.51059180045203,158.24411601174248,151.19182287946495,173.02600050464079,168.47131183409499,203.60877465416445,198.22892120186651,238.77499310709575,230.44500082354841,252.97430589845771,252.42222184824132,-5.5407613814067815,-6.7205327462542641,0.20486412991638758,6.9253968761706517,-3.8078409444934209,0.72594228352824075,4.5337832280216617,-5.3246649433679352,0.44534411866754908,5.7700090620354842,-9.6229418143133501,0.69492360077072135,10.317865415084071,-1.8993112471665938,0.19585324969540352,2.0951644968619973,3.7179467373900366,7.5317315583494633,2.8173245329099643,5.1585132130283,0.26321784229114087,2.5914395778341657,2.8478784356872211,7.6648453539741581,9.9724147221613748,16.035256144265418,3.5676352017808028,3.8260090901611363,0.33061598362289718,0.52121667385589532,0.43333880368522348
2114,2008,114.82552524191357,41.725190861910242,3,10,23.10387543037033,1.2173919677734375,168.38044202456149,135.23638662224039,33.144055402321101,133.79533860316224,34.585103421399253,180.13677883334185,153.96827730917357,552.5226374566555,204.04319601634367,161.00286089428442,151.18786400337208,176.62829873824447,171.94014662106153,203.51093455385666,199.58470436891074,232.03759675739479,227.25290347891098,250.5985231978328,248.09725520983255,-4.015146694654959,-9.6274023610254176,0.23217557203986416,9.8595779330652817,-4.5688142322278793,0.38227625355722239,4.9510904857851017,-3.3400458637134136,0.55670771046789014,3.8967535741813037,-4.3910383382833231,0.48411440265815031,4.8751527409414734,-2.1241839453878129,0.34572842940204396,2.4699123747898568,69.572683891175984,65.859351883009367,3.713332008166617,65.697903014242911,3.8747808769330732,77.696307505370442,59.593755705776857,158.43224892366561,201.33520591478035,160.63388484375449,155.10406924052708,183.97419584347304,176.9147296577826,203.29799693680673,201.53099983563195,219.26311527637006,225.94905013379494,239.50230586659791,245.04259318717925,0.76599494833303083,-4.161904067110072,0.4802555385830658,4.6421596056931378,-5.7895202149039164,0.70887254138298772,6.4983927562869042,-0.43779179953480707,0.80539405288757848,1.2431858524223856,7.6325646353639911,0.83686951443141311,-6.795695120932578,5.5419401015242613,0.70160122897254951,-4.8403388725517118,98.807758505914535,69.377033661165115,29.43072484474942,68.097436661802931,30.710321844111604,102.44047176010508,94.374522416481341,394.09038954973221,205.93217891779051,161.81572961959324,148.52380786632364,173.87932831609555,167.29728975671563,203.58778060780116,197.04043629528542,238.78566889345839,229.00822923533178,253.29650184776321,250.69322718371575,-7.9688445975623949,-12.642067730598797,-0.036086637935966337,12.60598109266283,-6.0943239028661083,0.16991749785879051,6.2642414007248988,-7.1733065543081409,0.046503919129662563,7.2198104734378035,-10.707000548762608,0.1545153230305516,10.861515871793159,-3.8670685074321796,0.15879118488621202,4.0258596923183916,4.7811416429879898,8.7348395458954258,5.4654982939153456,8.4801636634887245,-1.2207059826760371,0.30480368796219182,2.9022540641786065,6.7355147547733338,12.023602973647314,18.339565184126599,7.6661240469120742,9.4090086089564409,0.28674345299760567,0.43131840154227008,0.38705216910435747
2116,2008,115.32552752905448,41.725190861910242,3,10,23.10387543037033,-6.7083282470703125,148.9581037605094,132.10787849795088,16.850225262558524,131.37525975991957,17.58284400058983,174.83831929325879,146.33234499451646,552.20913079380989,204.26910021936305,163.24440127926658,154.63717137996392,176.26498304506896,175.74444181420216,202.42969926228105,202.99571765959419,233.44330400298696,229.63959235043507,250.94576123997729,249.07913515395785,-4.1314768464308145,-9.5772480309682919,-1.0437582569285553,8.5334897740397366,-2.7897998375058819,-2.2663067842901796,0.52349305321570228,-2.6550986112772819,-3.0915090943157111,-0.43641048303842922,-6.5225071983293503,-2.6809174292345119,3.8415897690948384,-3.8376933958611232,-1.8897282465675858,1.9479651492935375,54.115967479618121,76.206542900719796,-22.090575421101676,77.167003690890851,-23.051036211272731,61.227296559100068,52.174740413120162,127.20137886423618,205.45862299735333,165.06119335225083,162.83823027916637,189.65670733805425,185.08291904312389,205.84209510881209,208.79970228505337,222.88682941617694,231.70714543556451,244.26842321429234,248.51220960755086,-2.4990387727419545,-4.4798143913998558,-4.0885833274024037,0.39123106399745211,-9.6498443113465271,-4.7753266119084685,4.8745176994380586,-2.7358377735288002,-4.991050295713336,-2.2552125221845358,3.7992022701656936,-4.8625447519996499,-8.6617470221653434,-0.033514953610222165,-4.2462316476701858,-4.2127166940599636,94.842136374023539,55.901333645177147,38.940802728846393,54.208255890214787,40.633880483808753,113.6110227825875,94.157604792806524,425.00775277614594,203.61984779234155,162.86195306286911,147.19085672277023,173.47596414762066,166.59918058012329,197.51186308462164,191.25265212901135,237.75431289009668,225.12015910356303,252.80908741561234,250.31264093182241,-7.2217243995764306,-12.919980146945761,1.9862176241540794,14.906197771099841,-8.3669125314428356,-0.82458017709015508,7.5423323543526806,-5.6685743774704065,-0.068122150163333117,5.6004522273070734,-10.739421884455425,2.1129103891496754,12.8523322736051,-2.1674988876432906,0.93206933003219206,3.0995682176754826,1.63243807368886,4.7226856268344761,5.0974336395684361,8.4401657555459053,-6.8600444738406452,-1.2829317799036914,-0.080739162251518337,2.9327366039416063,10.321709468495044,14.538624154621118,3.8041784422509011,2.1339839340330684,0.2303500101155192,0.35019380652134191,0.35654960914536915
2117,2008,115.57552867262496,41.725190861910242,3,10,23.10387543037033,-5.7826080322265625,165.74347700269573,141.4172186724245,24.32625833027123,140.35955356515478,25.383923437540943,192.93628397577777,134.49175652710255,565.8914639800787,205.43953026722926,163.67249017915637,157.15840167208248,176.76068598575736,177.5553849846653,203.15795644942745,205.06222539795101,234.49449763619086,232.41839315004353,253.17769441014448,252.59569862265687,-2.5979744031731684,-7.4331935818705119,-1.1078816902856943,6.3253118915848177,-1.4872569074562989,-2.2921108612137573,-0.80485395375745838,-1.1157891380500473,-2.865976851319175,-1.7501877132691277,-4.6916274980289359,-2.5927524200137668,2.098875078015169,-2.2927509195569939,-1.582563015535186,0.71018790402180798,63.535612714036688,79.867821114006802,-16.332208399970114,80.577916876147356,-17.042304162110668,72.654242751059883,47.056448024177371,133.8006786860642,207.07221023796572,164.77755321246983,164.21184464519948,189.94926453198636,186.27277623284138,206.35238161893369,210.44427857792581,226.60216760401985,233.06186366729187,249.4399225971278,250.22297277438028,-1.9065914051193431,-2.6025687514865865,-3.1844852054243233,-0.58191645393773683,-7.473953406089862,-3.7376179960178035,3.7363354100720585,-1.2998628090992952,-4.495197364339873,-3.1953345552405779,2.1945275342191337,-4.2670082637390863,-6.46153579795822,-2.8769859229564361,-3.4058494891341695,-0.52886356617773345,102.20786425140614,61.549396578828237,40.658467672577899,59.781637702286389,42.426226549119747,120.28204115021208,87.435308771146083,432.09078574925661,204.49859181762108,163.51632969001082,151.77687295690473,173.71782248148583,168.94313505227169,198.19908545868054,194.46390212105629,237.94299126257184,230.68692238705921,253.90432747218131,255.43313363821267,-4.6810829868560972,-10.497298470844385,-0.083629926119442644,10.413668544724942,-5.7522285862899878,-0.91318328382675418,4.8390453024632336,-2.4784088457576843,1.0335429265658433,3.5119517723235276,-6.7727154120002524,0.82792894467530687,7.6006443566755593,1.6435662737561927,0.31508095201388642,-1.3284853217423063,0.6913829980538253,2.7744915817367541,4.8306248303839254,7.8947297193577981,-5.9866964986335631,-1.7217248197998742,-0.18407367104924788,1.1785460366583891,6.8861550322480696,8.9672429462193861,-0.58423500339944212,-4.5205521967126288,0.23644229892602592,0.3765711728965469,0.34988351137115703
2118,2008,116.32553210333634,41.725190861910242,3,10,23.10387543037033,-17.578948974609375,116.42521932669479,104.08861600368618,12.336603323008603,103.5522427991782,12.872976527516585,158.75183995265979,161.86812123896016,546.29783368855715,199.39244270396256,144.61795270013278,138.89817202522892,170.19893356613497,165.40666602941658,199.46648434258742,200.25829756313041,231.52536932956815,232.20962565418941,253.64902904654832,254.11277408222887,-5.7659820900979355,-6.0579132009276861,-0.77971488797751931,5.2781983129501668,-8.9493165296179882,-4.1051023156461213,4.8442142139718669,-6.5483449746314477,-7.4544721873207607,-0.90612721268931296,-6.420737418619467,-7.0511791610675232,-0.63044174244805617,-4.0347148353021396,-4.2999321080330901,-0.26521727273095053,41.731325528253365,55.610709313785264,-13.8793837855319,56.214160248904591,-14.482834720651226,54.105716047244641,84.88963321378651,146.03463490155991,204.4188823546879,159.59571392385274,160.89257837429122,187.11840547570804,183.27609346607596,205.99280849148261,210.4935065531055,226.24414954221703,236.44613265773432,242.77949285191545,253.8586970021486,-8.690963902264599,-11.076951139386722,-13.705163688791913,-2.6282125494051911,-18.715044571828656,-13.969478182472699,4.7455663893559574,-9.9731980974935368,-14.63508601354701,-4.6618879160534732,-3.2962277890153189,-13.551252374760821,-10.255024585745502,-1.1527379742389599,-10.658803276528857,-9.5060653022898975,74.693893664330972,48.477907345552012,26.21598631877896,47.338081831881027,27.355811832449945,104.64612362857952,76.978487660095197,400.26319820806384,195.54576279591598,135.67143558883092,131.30416332667346,163.40980409883221,149.88814629704211,185.28995468923659,187.24782372204351,238.92034142504153,227.0152635779084,256.66336057709384,254.42879191039748,-3.806586954679517,-1.5925535251184897,1.0824302193796314,2.674983744498121,-8.436342328227397,3.3971419537478766,11.833484281975274,3.7374794322612672,0.40365295825921521,-3.333826474002052,-11.119382183135457,1.7255312765232986,12.844913459658756,-2.4489641714291963,0.43693502609650636,2.8858991975257027,-2.9249818121666635,-4.884376947585082,-5.0190379384590358,-9.4843976142682322,-9.765728042210668,-10.278702243601259,-3.4248531228620891,-13.710677529754804,3.1245096296041481,7.823154394120138,2.8819768610631797,1.2962261971902365,0.26731688448322466,0.34081945798788288,0.52443700812754201
2120,2008,116.82553439047726,41.725190861910242,3,10,23.10387543037033,-2.5,140.75724596477448,152.30861110158367,-11.551365136809181,152.81084346483112,-12.05359750005664,174.32369209028184,196.24521677704979,543.09903033077717,195.49244225002101,134.14371411290693,134.74594906534168,163.973928652578,161.00329876557601,195.94061753160656,193.98673884068378,228.84804439187516,226.13732473639661,252.40780336801137,251.01117841809341,-2.7811547257119287,0.32461740698411745,-0.59890466825945055,-0.923522075243568,-3.972847479581219,-1.0299585025038027,2.9428889770774163,-3.3889811704803208,-1.4363961916958488,1.952584978784472,-4.0309340546327235,-1.2970520741028793,2.7338819805298442,-2.3432145279790575,-0.86582123417917956,1.4773932937998779,102.73805251563317,109.10395861397046,-6.365906098337291,109.38073814635209,-6.6426856307189155,108.54137161219842,148.24901465226867,264.48561955284094,199.90308343262237,148.6198431654428,147.16964267465298,172.53200460037863,169.15661810066607,200.4285119508817,197.00481394901342,227.1836043667096,225.12358688378427,249.58701689984056,246.3712612352243,-5.0236387269794704,-3.1875390675094195,-2.0308213924752465,1.156717675034173,-5.8966628143289768,-2.1828743990311068,3.71378841529787,-5.5934442048200026,-2.2063475982700993,3.3870966065499033,-4.1251324585035718,-2.2142459684023947,1.9108864901011771,-5.7195332390632529,-2.0251002641699358,3.6944329748933171,38.019193449141312,43.204651812096017,-5.1854583629547051,43.430105775447373,-5.410912326306061,65.782320686699677,47.996202184385766,278.61341106891632,185.53792502020195,117.88581601297578,122.30781437296739,132.14254093975589,138.69640759983955,179.33822378043749,182.86673614897299,234.46660210618862,229.8603017018421,257.06337630313203,260.77997328632563,3.1732815904791494,8.2651812291933311,-0.25369467371596954,-8.5188759029093006,11.536609305899731,1.1803586619640498,-10.356250643935681,5.0562588232973269,1.2822423278918791,-3.7740164954054478,-3.8855250634084086,1.5349191224153174,5.420444185823726,3.5696925491200204,0.73256713889361436,-2.8371254102264061,-2.2424840012675418,-8.1969203174586198,-3.512156474493537,-11.452720296702751,-1.9238153347477578,-17.433272120228708,-2.2044630343396818,-10.649703028117329,-0.094198403870848324,-0.23960739509516316,-3.3763187110841955,-9.2892257881832734,0.48699335624251561,0.62264268448367355,0.75542740397434183
2122,2008,117.3255366776182,41.725190861910242,3,10,23.10387543037033,-6,167.88013112545013,175.95911610126495,-8.0789849758148193,176.31037867069244,-8.4302475452423096,210.61145758628845,156.96759521741023,556.85999643802643,194.97707366274108,131.88790365782543,135.12530494643772,163.25326177273126,162.97438116426659,195.53273248152129,197.05559669106327,228.39221963811525,229.40235054244263,254.69429971348583,253.82035673169682,-1.0933795693324271,2.8439463639716678,-0.62743983148635607,-3.4713861954580238,-2.535687271145747,-2.1949968109805411,0.34069046016520588,-1.7138856537574441,-3.1443634675486862,-1.4304778137912422,-2.0422649892766174,-2.8914884910693388,-0.84922350179272144,-2.6536394207249714,-1.9793332286078282,0.67430619211714315,120.82492905855179,121.49435031414032,-0.66942125558853149,121.52345424890518,-0.69852519035339355,128.5836893171072,95.210777076889372,232.00524732260965,197.18075012880524,147.7546620331928,149.51470447574422,170.17267514493562,173.40811683865832,198.93215377666687,201.69783667763548,220.65085439552837,229.23240507362203,245.24748260951662,250.13673767718996,-1.0296148328633024,-2.1651392195388723,-4.384823849942677,-2.2196846304038047,-1.5730557077943956,-4.9195906785400041,-3.3465349707456085,-2.4817819718910528,-5.1423441856807415,-2.6605622137896887,3.6075138050396447,-5.070610507373857,-8.6781243124135017,-0.40382701602345605,-4.6458969270425143,-4.2420699110190583,47.055202066898346,54.464769840240479,-7.4095677733421326,54.78692489862442,-7.7317228317260742,82.027768194675446,61.756818000201747,324.85474899411201,191.54714688250385,119.5714439209174,124.7023784498469,137.19829867948516,142.18783736914037,185.90954549687964,183.32758686368621,240.60724347957139,229.91116490276784,262.04491532305923,260.92662599491575,-1.1017857027336788,7.8843188223516876,-0.59022319320885686,-8.4745420155605444,9.214739818142732,2.870334736599176,-6.344405081543556,0.25081472973968744,2.0852141717990662,1.8343994420593788,-8.3265652841285203,3.0523721375415676,11.378937421670088,-0.37715422992050662,2.0595423278419958,2.4366965577625024,0.063764736469124728,0.072170869870376464,-5.0090855835105401,-10.04945804189056,0.96263156335135136,-10.787795525937128,-0.7678963181336087,-2.7325967016307402,5.6497787943162621,11.934079089168165,2.2498124047015153,-0.026672786102949431,0.41663119779951685,0.61052561332958766,0.60656326514409753
2124,2008,118.32554125190005,41.725190861910242,3,10,23.10387543037033,-5.15789794921875,183.69873859072686,191.01030712222564,-7.3115685314987786,191.32820559503307,-7.6294670043062069,228.97570906046894,159.22379699066005,552.7813425809145,189.98646083011229,125.39784115450206,129.75399499916688,155.09772940617088,158.33813745985299,191.26364251425943,194.06714391230446,224.92988371571298,227.95106083488335,252.63935586594545,253.76569526100454,1.0459757450900611,4.1108986826180285,-1.0860537254125688,-5.1969524080305973,1.3878360682460595,-1.9673694490891478,-3.3552055173352073,-0.14384772847927252,-2.8594614208709004,-2.7156136923916279,0.15664541928327935,-2.7502401035286255,-2.9068855228119048,-0.84640264439886437,-1.9997096078679704,-1.153306963469106,122.74810806571622,130.09476484277548,-7.3466567770592519,130.41418481331493,-7.6660767475987086,127.70026338010211,111.05885693772075,250.3285022872733,198.3763893013388,147.2516231612465,146.84692095859779,169.09520376818222,170.86137754043204,199.18691959575503,200.08354933821812,224.65853567737577,228.70657994366314,250.89860285358932,250.83217269564122,-3.060342329698301,-4.3138347862316664,-4.1149638083342666,0.19887097789739983,-2.6221280132748177,-4.3874603453803331,-1.7653323321055154,-3.6900009719024638,-4.4971537938864401,-0.80715282198397631,-0.059891399802296519,-4.2522028784478891,-4.1923114786455926,-4.318459158198408,-3.84276067683723,0.47569848136117798,60.950630651670508,60.915546207083025,0.035084444587482722,60.914020875830829,0.03660977583967906,101.27544559095986,48.164940008628037,302.45283997058868,176.58197232249995,112.97276855353061,117.20808365755038,126.34558444509264,135.02219278126873,173.20627996075316,175.85535966479821,225.15867462272871,224.99233871675426,253.64281903481887,260.0069969560617,7.6719218914549572,7.4096967264835172,0.029205629806938305,-7.3804910966765789,12.246027877844853,-0.13345233007777324,-12.379480207922626,5.6612191990253677,1.5587727511139349,-4.1024464479114329,1.3315246071672675,2.2541734399175368,0.92264883275026932,6.5665925066841453,1.5805135142472295,-4.9860789924369158,-4.1063180747883621,-10.732264221153258,-8.4247334688496949,-11.723531512715184,-4.0099640815208772,-14.86815589111967,-3.5461532434231913,-9.3512201709278315,-0.21653681908557587,-1.391416006969564,-3.4720565137995436,-10.885051664882553,0.45285266163018328,0.5577022292193381,0.69750162373175528
2125,2008,118.82554353904098,41.725190861910242,3,10,23.10387543037033,-0.0500030517578125,186.38368725776672,192.43308353424072,-6.049396276473999,192.69609916210175,-6.312411904335022,212.47059759621516,163.5875755793204,517.32151410728693,193.59293839428108,127.33061801436715,130.99174935907101,157.4116905675626,157.67225115886686,194.21019077019616,193.50455690312688,229.30865679911142,228.05692299304116,256.19209797829103,254.91626949357618,-0.32289176010439746,3.7398045383031473,-0.015805040502669954,-3.7556095788058173,0.39437048515156903,-0.025439920379312753,-0.41981040553088178,-0.74143353940374368,-0.029909491928037824,0.71152404747570586,-1.3175228678001361,-0.030593139382830259,1.2869297284173058,-1.3127518009013954,-0.016357597421347236,1.2963942034800482,98.432050101459026,115.42555296421051,-16.993502862751484,116.16440016031265,-17.732350058853626,102.03630766573224,100.21505217626691,213.20113817928359,200.68353965652821,149.42488099447496,140.99383917796334,171.21845216382582,166.09001300045313,203.4598902454434,197.30095541076821,226.91279583814628,225.64896893550383,249.08972206170975,247.30549693426551,-4.8796619085770772,-7.6365532537789989,-0.033676004355783107,7.6028772494232157,-5.0548250094661569,-0.034262675117162189,5.0205623343489947,-6.0137498366637203,-0.041003981689584634,5.9727458549741357,-1.0800997712593414,-0.041807391865972932,1.0382923793933685,-2.729604895876605,-0.040722205520353327,2.6888826903562517,87.951636731624603,77.007530510425568,10.944106221199036,76.531699299812317,11.419937431812286,110.43428957308788,63.37252312365672,304.1203752681613,185.34191683737498,118.43091177529521,122.50920632587511,135.36165820202632,145.33325583424028,179.53675030406265,185.07181429998295,235.26177359119274,233.57282843051345,259.15272586555977,265.23795385042763,4.7115129093063217,5.8440854045465613,-0.016181803889494972,-5.8602672084360563,10.261017377437753,-0.005869838443544495,-10.266887215881297,5.5041514354612389,-0.0040258528433412266,-5.5081772883045801,-1.7803969772316464,0.0058566247959674911,1.7862536020276139,4.0727278198090175,-0.000435907068947472,-4.073163726877965,-4.5567701484726797,-9.5911748178833989,-11.376357792082146,-13.48063865832556,-5.4491954946177259,-15.31584238690391,-5.2723162972599766,-11.517901272124959,0.23742309654079463,0.70029720597230494,-1.4168530949752096,-6.8023327156856226,0.41212501774103283,0.48023730727978081,0.61260796745333879
2126,2008,119.57554696975237,41.725190861910242,3,10,23.10387543037033,-6.7083282470703125,134.05467398097244,142.1148711138303,-8.0601971328578657,142.465315868576,-8.4106418876035605,184.3372325648088,123.80089111904636,603.46119533479214,202.34833069852957,150.80049526336435,153.29656552698526,171.68160868155758,174.35866317987126,202.02211185188801,203.82861311920428,232.86305296180629,233.96007709030403,254.3302611122707,254.78964541867236,0.20603474872578431,2.4339845514835474,-0.4325866880051592,-2.8665712394887066,0.78248767359968951,-2.1009054242163074,-2.883393097815997,-0.64520302658513629,-2.3171904998611694,-1.6719874732760331,-1.1689595540141227,-2.1655164008521126,-0.99655684683798995,-0.46083862129884778,-0.75826826928894775,-0.29742964799009997,68.839439949364532,69.319195705982565,-0.47975575661803305,69.340054925758523,-0.50061497639399022,82.668955093593468,53.117611208908784,150.47778528532945,204.55736472582814,156.68031684989492,166.69817080065661,173.78031568989829,191.40481268065429,206.74802354227086,215.47150857986333,225.12543830273026,237.41244639304293,258.67630050731663,254.41872799356364,3.9655212058529798,7.1667777087462241,-3.1684619745550719,-10.335239683301296,11.687951601342661,-4.8491036226876076,-16.537055224030269,3.1883289218285142,-5.2367242146130195,-8.4250531364415338,7.3365666433626018,-4.5616572259936277,-11.898223869356229,-8.5793187975047829,-4.0389392581693926,4.5403795393353903,65.215233793189327,72.795675695938371,-7.5804419027490439,73.12526123090629,-7.9100274377169626,101.66827721789559,70.683280193259634,452.9834101498127,200.60795112746021,147.60762579846536,147.25086686375883,168.37466892616803,163.7682758318752,195.44482788455073,188.5884461330121,237.99603289269751,226.9664957798314,253.53143971987774,255.30606405989462,-3.6963993225049308,2.1316784478102306,0.95289319879583445,-1.1787852490143962,-4.6613474480340642,-0.29571088678079605,4.3656365612532682,-5.8144783599417735,-0.20354400893833713,5.6109343510034364,-7.8016343206301144,3.3171145078587472,11.118748828488862,2.6315837164442257,2.7365771549436033,0.10499343849937759,3.7594864571271955,7.6619205283579106,4.7327931572626767,5.0350992609359935,10.905463927742971,16.349299049376725,3.8335319484136505,9.0028072817702878,8.5055261973767244,15.138200963992716,-8.1184801762059351,-11.210902513949009,0.24935784843936221,0.44846585762064606,0.42905677599550668
2127,2008,119.82554811332282,41.725190861910242,3,10,23.10387543037033,5.7368392944335938,195.31891102726877,206.09096329878957,-10.772052271520806,206.55931045605394,-11.240399428785167,214.29244693194687,158.08831376396483,524.18996572494507,191.28566069146939,125.63914617706554,126.91299685619889,152.66509249732991,152.00118360384167,192.37771971781936,188.52660822382521,228.55089867897954,225.19096724632152,255.87382504373292,254.13240814037559,0.18275901965532171,2.9150506929133968,0.89115329438085666,-2.0238973985325401,1.4556396857227867,2.0208108710748434,0.56517118535205668,-1.2628929462029248,2.6548023363700963,3.9176952825730211,-0.93389658537867604,2.3856998392627418,3.3195964246414178,-0.74854357472315769,1.1833159836798472,1.9318595584030049,80.262070216005668,95.074022798231454,-14.811952582225786,95.718021399468853,-15.455951183463185,81.001766683820961,85.701418781926691,180.00830710772425,202.41875895464733,152.71795477870347,140.71904528173533,172.50050867698525,166.66325231536877,205.01528074682668,195.87370274877847,225.18683168311003,223.3888448487736,258.71453593095237,246.05304282666575,-3.2423858121864271,-7.1196555112224189,3.7843447950175459,10.904000306239965,-1.8276626202102193,4.631043524157036,6.4587061443672553,-4.1005903575895672,4.8745136773564184,8.9751040349459856,3.3822437228713511,4.6991956141314404,1.3169518912600893,-8.6791688265745961,4.398451321521236,13.077620148095832,115.0568413477049,111.01693668899679,4.0399046587081102,110.84128980007517,4.2155515476297296,133.29068065937827,72.38689502066336,344.18165895342827,182.2622027632564,118.49560873746374,119.2879146127184,133.8444886222392,139.86130445785545,175.09075092373456,176.57785242596808,233.66212935785225,227.84636512163863,255.41281460496225,261.86325782357881,2.0594377882866866,3.3156558462538044,1.1893413859999811,-2.1263144602538233,7.0021615666536263,-0.54972498421693672,-7.551886550870563,1.3201078753220088,0.45781471503920557,-0.86229316028280323,-6.7980079617346405,-1.1376384425899744,5.6603695191446661,4.156701564957757,-1.0063363862412871,-5.1630379511990441,-3.4251448318417488,-5.3018236004731136,-10.034706204135816,-10.435311357476223,-3.283302305933006,-8.8298241868638456,-2.8376974113866424,-5.420698232911576,4.3161403082500271,10.180251684605992,-7.9306252518514384,-12.835870391532353,0.34340280981681148,0.37799636825064953,0.54211103111570891
2129,2008,120.82555268760467,41.725190861910242,7,10,23.10387543037033,-9.375,122.47212055325508,135.28107386827469,-12.808953315019608,135.83798590302467,-13.365865349769592,179.8345345556736,140.41910340775939,548.45304330810905,202.85912614089378,148.54615679662228,151.76562256098791,171.19231427394863,173.14435306799831,204.7603225094293,204.27479162687416,232.79115040452086,235.06625718000461,254.81457892487916,256.44634740876506,-0.84803119500693924,2.3788155534962812,-1.0668412148928894,-3.4456567683891706,-0.52913580610868394,-2.453593625615639,-1.924457819506955,-3.8515438299324956,-3.2883805098201719,0.56316332011232362,-0.81979963707658499,-3.009311780366005,-2.18951214328942,0.30068983714392061,-1.2636880445286636,-1.5643778816725842,65.963372156023979,66.759049192070961,-0.79567703604698181,66.793643221259117,-0.83027106523513794,79.675233962014318,99.355286528643092,196.22670486022253,213.98952009731875,165.47539698737114,166.97007072707305,195.50179202124957,193.03293494396939,216.68524918837514,217.72010344528127,235.63797528122365,240.34932138036183,259.54056521858212,257.75820507985736,-5.1472513291492987,-2.6238704325896549,-5.3410181135139965,-2.7171476809243416,-10.037852762544503,-7.095195513129255,2.9426572494152481,-6.8833652610026093,-7.5889017782195083,-0.70553651721689903,-2.1761533350559432,-6.8162314306322003,-4.6400780955762571,-8.0460326841565006,-6.0210628368329537,2.0249698473235469,56.508748516440392,68.522025115787983,-12.013276599347591,69.044342152774334,-12.535593636333942,100.15930055081844,41.063816764253716,352.226338269189,188.74897005585106,141.83351670195995,145.54920070527916,158.17069189313167,161.60210725348463,179.52649776780092,187.01139524755214,224.46070038786723,225.03953253113087,252.46875663520893,254.60239165524567,6.5893652048010836,5.0137453340495313,0.041173727288594364,-4.9725716067609369,3.2097643685134756,-0.33703894073912011,-3.5468033092525957,6.6747820009821908,-0.59976484347077985,-7.2745468444529706,4.6836175683600629,4.3422871861302781,-0.34133038222978485,5.7719713073756225,5.3330964209942238,-0.43887488638139871,-4.2992201341423595,-11.736616533950382,-5.0026859860859361,-7.6376157666391862,-9.5087169564358192,-13.247617131057979,-3.0318214310701137,-13.5581472619848,-1.3563536979793582,-6.8597709034160061,-8.3467225213004212,-13.818003991532123,0.35778214243582313,0.44304746115017341,0.70756246206848261
2131,2008,121.82555726188653,41.725190861910242,4,10,23.10387543037033,-4.8000030517578125,162.00854075721873,159.66053447683953,2.3480062803791952,159.55845112777752,2.4500896294412087,215.45834369615841,156.3148114014075,596.37217478454113,196.06839344009217,137.60601635373365,141.29621954586412,158.31318716999448,166.04643551759742,196.55266623855087,199.12522447018401,231.26892727619244,234.15002886246586,257.85598624469873,258.99968284759126,2.6320841454791548,3.6333121931010055,-0.54289177377052056,-4.1762039668715261,6.5227504861281602,-1.3750892193720574,-7.8978397055002176,0.66065343714330993,-2.004492676654877,-2.6651461137981869,1.0607712983829742,-1.8334515701726275,-2.8942228685556017,0.34362069120015803,-0.85196725671022477,-1.1955879479103828,83.579508687522321,85.151912049306702,-1.5724033617843816,85.220276625757833,-1.6407679382355127,87.774909631415198,108.3971382091504,210.79795368108898,211.24479486643381,162.27741975768768,157.60144057156754,185.85737502411121,181.98838640665284,211.49827805898951,209.28891099653978,235.41461955065569,236.10185511316632,263.78484523651957,256.06175447390928,-6.4081232677261539,-7.3925325418412058,-3.3380345953615631,4.0544979464796427,-6.8655804010226404,-3.9387676866437857,2.9268127143788547,-6.1571883695926317,-3.8784335481503263,2.2787548214423055,-3.4263864557518389,-3.5680762956741319,-0.141689839922293,-10.499703353384717,-3.0718080963025329,7.4278952570821843,78.429031943036534,74.508625485248558,3.9204064577879763,74.338173542384538,4.0908584006519959,127.68343442907644,47.917673251861743,385.57422172278166,179.11413951336718,127.68674633854752,133.42714367961656,140.32398822020352,151.10261649519083,162.52696665775048,182.73956354035451,217.16291782121246,230.09869252918136,253.19145709462273,263.96169564548575,12.877457938096654,7.0064529928842205,0.22681928845383936,-6.7796337044303812,12.445094088671453,0.33509967691708198,-12.109994411754371,20.919154840806641,0.36472005186340084,-20.55443478894324,13.852787242605331,1.8204546832855613,-12.032332559319769,10.025283229525968,0.78188966507349278,-9.2433935644524752,-9.0402074132053087,-19.285581205822808,-11.025844734942211,-14.398985534725426,-13.388330887150801,-19.310674489694094,-6.8178418067359416,-27.076343210399273,-4.4871577541348131,-17.27917369835717,-10.843324044584875,-20.524986582910685,0.35346711767236055,0.40738691352420442,0.69345404467650062
2141,2008,125.57557441544347,41.725190861910242,4,4,23.10387543037033,-10.416664123535156,186.09530460834503,188.6641531586647,-2.5688485503196716,188.77584111690521,-2.6805365085601807,232.19900081266815,156.82994535532998,524.28684868663549,193.90480419686895,132.06214348907199,134.20814512127353,158.72683121070273,161.76974589229351,193.70028598550084,196.67881600954448,229.02679490215394,231.3046693280279,254.79620912655648,255.38657007693985,-2.2644831284406166,-0.093080752899709296,-2.1635711555065029,-2.0704904026067936,-1.8282977806123029,-4.9915206534289496,-3.1632228728166467,-2.6779583279818837,-5.5304002990167191,-2.8524419710348354,-3.5611180704340484,-5.785688402928912,-2.2245703324948636,-3.3418031017353087,-3.8307483271466083,-0.48894522541129959,116.59880881011486,130.44206166267395,-13.84325285255909,131.04394280910492,-14.445133998990059,122.84634101757047,118.4784075408661,251.62351766123902,205.37107448619389,157.45709809899878,153.98311132899369,174.86496324771804,174.66135984467965,207.07897540991857,204.75765315599526,234.61915951360029,234.53101958845247,256.45219312656064,255.78392350287928,-9.0505332692432319,-11.710191779954584,-8.5536870726886605,3.156504707265924,-9.1128072627545862,-9.0336184810897748,0.079188781664811358,-11.090577407062256,-8.599606110786425,2.4909712962758306,-8.4071372440255629,-8.1970050934190795,0.21013215060648349,-7.8413339069358585,-7.0756717372191247,0.76566216971673384,69.49649566411972,58.222089648246765,11.274406015872955,57.731897562742233,11.764598101377487,109.35265960883316,38.351537754859237,272.6633305773139,175.1707747252824,120.92685226503583,121.7904415461269,134.5369076078791,137.74345588920954,161.60348699840586,176.98037524274866,211.5506904858305,222.80931461025054,251.2720780724519,254.15219346452537,8.7959724855593038,0.64771053985373328,-0.9479160730369216,-1.5956266128906549,4.5436801174110428,0.46565974441227809,-4.0780203729987647,17.716439769689487,1.6486399404667793,-16.067799829222707,11.892946443999648,1.0348902248612148,-10.858056219138433,5.9470364885856952,3.5610824104548726,-2.3859540781308226,-6.7860501408026153,-17.846505754802536,-11.617111027054875,-12.357902319808318,-7.2845094821422833,-13.656487380165629,-8.4126190790803719,-28.807017176751742,-4.8460191735915146,-20.300083688025211,-4.4995308052005498,-13.788370395521554,0.47993482631038409,0.52905628614948075,0.75545781306260928
2143,2008,127.32558242043672,41.725190861910242,4,4,23.10387543037033,3.9047622680664062,124.37108114425791,133.83556883230631,-9.4644876880483935,134.24706816927937,-9.875987025021459,145.66439292670839,244.39548899480724,517.2617473565042,194.38110576693236,134.86421175196475,131.13402963312544,161.28994025667217,153.94208069352499,194.40631206190889,188.26668090904289,228.02737620403485,223.69949783794783,253.59255004427038,249.50365978058352,-3.0968422045981185,-2.4454624627558417,1.0604039086323951,3.5058663713882368,-5.0878170997688983,1.8341468815859798,6.9219639813548781,-3.9931192999142411,2.2319450683418722,6.2250643682561133,-2.2287487553300878,2.128480598634809,4.3572293539648967,-2.3282400910696595,1.7830668537070551,4.1113069447767145,82.18754825812357,88.772589614869503,-6.5850413567459327,89.058898115290503,-6.8713498571669334,84.509688102333712,186.34376319224975,285.34515749569982,201.44508240753737,149.7746167138898,137.60201119006754,168.93571730804277,157.8250469078352,204.64806277408169,190.43542621327495,230.60682963515202,224.32751317985969,253.38537239588612,247.74226770551786,-6.8731922687768758,-8.516006528449509,3.197128705482811,11.71313523393232,-7.7642384571421985,3.2834441985098977,11.047682655652096,-11.155978714385299,3.25054212100477,14.406520835390069,-3.5039382986465171,3.169088498715837,6.673026797362354,-2.8132291442853727,2.9820724363685542,5.795301580653927,42.183532901035505,45.062977188041259,-2.8794442870057537,45.188170440000249,-3.0046375389647437,61.154704714478612,58.051725997691392,231.9165899567306,178.33077678143704,120.51497324316664,121.19786448059297,135.63949567130163,144.57950157747831,176.12249965730084,183.02460484734885,211.83907592262369,222.35630864905389,254.07590640461893,253.74709917354113,6.5880257514953939,1.8599151160898515,0.34511784761660635,-1.5147972684732451,7.7843301580636819,-1.4346808774142232,-9.2190110354779051,7.7291201113624197,0.0018223526336953455,-7.7272977587287244,9.4354753534209124,0.12837909063617303,-9.3070962627847393,-1.7966909827852362,-1.0420438967100267,0.75464708607520947,-3.7763500641787573,-13.46121802027227,-6.0705440656936673,-10.37592164453936,-2.6764213573733002,-15.54856861520588,-7.1628594144710576,-18.885098825747718,-1.2751895433164293,-12.939413652067429,-0.48498905321571328,-1.0165381615001365,0.55164558166918898,0.58016709783601739,0.762468096112073
2144,2008,127.57558356400716,41.725190861910242,4,5,23.10387543037033,3.6086883544921875,126.77905215576175,131.22066125631682,-4.4416091005550697,131.41377458212082,-4.6347224263590761,152.2567867605394,227.81665813479958,511.59587617218494,192.66500166092584,134.26582397245826,133.26015736770233,160.7091421835398,155.88392642044033,191.82593646069554,188.01606739704505,225.59688685352256,222.45153325100858,251.02983229655334,247.56725023145384,-1.5392454141511394,-0.17066379540082721,0.9077127887695724,1.0783765841703996,-2.9695521573510177,1.6784283793865598,4.6479805367375775,-1.9184640296619193,2.0173224552302713,3.9357864848921906,-1.1274526021855138,1.9598172336454809,3.0872698358309947,-1.964042194306046,1.5404191018078279,3.5044612961138739,78.125724304998585,83.385484030262887,-5.2597597252643027,83.614167589174031,-5.488443284175446,79.675746153174259,168.55931770026837,261.81855851969158,201.74741253075683,153.93278712437282,141.37896854814829,171.08669129584871,160.6955263782101,202.5600999986157,190.14496357055756,229.53440657399008,222.08869804566817,252.49251944864065,244.7180810091827,-7.1189099588929139,-9.2717400031602324,2.9062288994321079,12.17796890259234,-7.3028228453181612,3.1459679461094368,10.448790791427598,-9.6030324419192823,3.063034333486172,12.666066775405454,-4.3010672831130989,2.8872628090680621,7.188330092181161,-5.0208020866026004,2.7784500211314196,7.79925210773402,48.653327686850389,47.835179007714032,0.8181486791363568,47.799607029228355,0.8537206576220342,72.581040464407124,59.257340270618442,249.77731719613075,175.56396604781469,120.78181824728712,123.01159356598536,135.30691973809016,144.43119616950273,173.58304723695218,182.97235276779134,205.42027616209219,223.04315403080861,244.66125027660834,253.35937077216673,9.7284518948912648,3.3559866400350984,0.37617397115903373,-2.9798126688760647,8.5956395646025499,-0.98178798251618105,-9.5774275471187309,9.7728959486677525,-0.11820376774795704,-9.8910997164157095,16.343270306488591,-0.23853487542811536,-16.581805181916707,7.2485822897966727,-1.0792857373452023,-8.327868027141875,-5.5796645447417745,-16.847361853784179,-9.1010762077594052,-12.627726643195331,-4.3332706879671434,-15.898462409920711,-7.684568412257363,-19.375928390587035,-3.1736146809275851,-20.64433758960169,-3.0567598922965544,-12.269384376399273,0.51176831306508186,0.5232984870387658,0.73989022172615437
2145,2008,127.82558470757763,41.725190861910242,4,5,23.10387543037033,-1.6666717529296875,116.83032259512765,110.76715023376528,6.0631723613623763,110.50353245641236,6.3267901387152961,144.45994695313493,165.39189255964084,444.67969209328294,193.82011942547408,141.26488653301439,140.83812924375366,164.29321144811206,165.19482472799726,193.08054253728011,195.35771049481741,224.57982583966324,225.50262221627131,248.24247637518761,247.00679372060921,0.48185408837218802,-0.40803041545797214,-0.0072887553897089674,0.40074166006826317,0.38109031551621797,-0.51461447525358039,-0.89570479076979836,1.4464878459970407,-0.79766414264875607,-2.2441519886457968,0.087710675305999075,-0.83596759803694454,-0.92367827334294361,-1.7993560987778494,-0.50984493132295938,1.28951116745489,69.366615355342219,65.532264525987557,3.834350829354662,65.365553117395393,4.0010622379468259,72.484915398388694,115.98645148865762,198.67891379562207,202.05910798349333,158.34281482522513,156.86195048809375,173.39994658935566,175.59807377050254,204.03050005745081,201.7080508778339,228.31103259712606,228.26216044521826,248.65395478239904,247.50703158097045,-1.4165933210511241,-2.3592375816139679,-1.4882914054858816,0.87094617612808634,0.78636015367646905,-1.455576382257334,-2.241936535933803,-3.6565123602238998,-1.3407120547033742,2.3158003055205256,-1.1271382403610914,-1.0951576732806245,0.031980567080466926,-2.4370888607664654,-0.86746322904559747,1.5696256317208679,47.463707195081952,45.234885091864271,2.2288221032176807,45.137979339016965,2.3257278560649866,71.975031413185206,49.40544137645702,246.00077838078141,181.02717683722284,128.01126203814056,129.4407414986473,143.83319646990518,146.42783330068704,178.47889451503966,183.58382759651192,211.67274297511378,219.79159060260238,246.01610880652771,245.89230479243363,4.5405250795139125,1.8900473732107343,0.20912137620018711,-1.6809259970105472,3.272730289191486,0.6151562462447373,-2.6575740429467487,5.2912956958825532,0.015192545300948268,-5.276103150581605,7.6626586099261544,-0.083192621240698372,-7.7458512311668528,-0.12485910264277322,0.3235656042871824,0.44842470692995562,-1.8984474094233121,-5.9571184005650366,-1.9512071661559958,-4.2492849548247023,0.40526983816025108,-2.486370135515017,-5.1030002062209405,-8.947808056106453,-1.2148489156670905,-8.7897968502872459,-0.63773276198861595,-2.3122297581236921,0.4467910663074402,0.50176479312915667,0.70128257010441153
2146,2008,128.07558585114811,41.725190861910242,4,5,23.10387543037033,-0.695648193359375,116.85685769922202,113.48187790294469,3.37497979627733,113.33513760161441,3.5217200976076128,147.58499595320245,218.76322218786845,499.65637762099504,193.17602021383394,137.51603065365117,138.23178362138006,162.9347902873422,163.19901652857916,192.13102091278731,194.32864968590752,224.91929739287747,225.57301458703822,249.76777514683434,248.53338120803218,0.55272622920833214,0.53144156957958444,-0.14053543360543586,-0.67197700318502029,-0.017816620817001194,-0.34129021237586699,-0.32347359155886579,1.7942323659912631,-0.4036882733492746,-2.1979206393405377,0.27369779891543544,-0.41525056110850755,-0.688948360023943,-1.6082949399666404,-0.31371838443450883,1.2945765555321316,67.45725997549016,67.839106229575918,-0.38184625408575812,67.855707864995566,-0.39844788950540533,71.717696898865142,154.0782435996025,243.13832329586148,202.6947442488557,157.34478040880177,151.5235440389296,173.38082622350285,171.55274249492084,204.18498302426946,199.71326313686976,229.38000496691825,228.03477630756342,252.07492957736471,248.68455638941037,-3.356997378203971,-6.0082134914044332,-0.58949921268077787,5.4187142787236553,-2.1079829865183228,-0.58627380123243711,1.5217091852858857,-4.904620450466922,-0.58162458716344645,4.3229958633034755,-1.7614767810766523,-0.51444114506142569,1.2470356360152266,-4.1743175359325164,-0.42107537048403287,3.7532421654484835,49.399597887644632,45.642770084775293,3.7568278028693385,45.479429451553187,3.9201684360914442,75.867299243192974,64.684978379649692,256.51805434376001,177.88427751019952,123.04770224618574,126.05559336604513,141.01184887992488,145.77897555847983,174.92068086512268,183.66911214288842,206.87894642598008,220.28151443451415,243.61807692831201,248.22228476237927,7.3319870621468795,3.2448452845103049,-0.13293669896847859,-3.3777819834787834,5.1846250866697119,0.04780215111404118,-5.1368229355556707,8.6462422009332442,-0.15141691540594593,-8.7976591163391902,12.93038057427853,-0.13641446450580474,-13.066795038784335,3.9223538249783303,-0.093326405844806004,-4.0156802308231363,-3.9097236074123032,-10.68898444035085,-6.5396550609840176,-9.253058775914738,-2.0901663657013216,-7.2926080731880347,-6.6988528164581851,-13.550862651400166,-2.0351745799920877,-14.691857355355182,-2.566022595965876,-8.0966713609108467,0.48661106749704991,0.48594165304992126,0.70431511320163276
2156,2008,109.82550237050431,41.475189718339777,3,10,23.192203952751161,-4.5263214111328125,128.02961667411728,118.35710555509286,9.6725111190244206,117.93656198512326,10.093054688994016,154.5340250277186,120.02599444920997,451.21338672935963,204.740062302833,152.15858918364341,146.12831815745656,175.47996393581093,171.30030999612924,205.55573347586326,204.30412762925729,235.25212417785968,234.04876331588147,256.48085041445933,257.7674385041891,-2.6240166063253412,-4.8433712996125564,0.23472946382409532,5.0781007634366517,-5.3304459898521941,-0.65578096958245169,4.6746650202697424,-2.8497089951377177,-1.8156324777786494,1.0340765173590682,-2.2048651135251589,-1.3715331241984074,0.83333198932675145,-0.14382908812723372,-1.1540129282792009,-1.0101838401519672,49.413412623561271,52.831651440199494,-3.4182388166382225,52.980270190386364,-3.5668575668250924,61.700954877293952,42.204582680654312,124.61071602837183,204.34028259763346,148.48953757454078,153.88301193646808,176.80410756405695,177.85828745911678,204.50354675973514,204.87286163322989,231.34683606913578,231.92805753694185,259.3181151836709,252.98844103496438,-1.8549216579158951,3.1461630812498811,-2.5762730936409639,-5.722436174890845,-0.49794474054633042,-2.5132899547781449,-2.0153452142318145,-1.8384314439571767,-3.1174770396515612,-1.2790455956943845,-1.6048793363984259,-2.9460555725835889,-1.3411762361851629,-9.3313754813231355,-1.9672490459372511,7.3641264353858844,78.616204403086158,65.525456447317993,13.090747955768165,64.956292092760123,13.659912310326035,92.833070473152475,77.821411408574932,326.6026706546545,204.98347404082094,155.98660567789713,142.2030421923306,174.54691237890754,166.58384603720782,209.70693582385886,203.81400719222,235.6053664844635,235.94525575927634,254.1118464892732,260.35717726158884,-3.3013518764705339,-9.7848761095365546,0.65374526318936432,10.438621372725919,-7.102536600729394,0.93013044049016003,8.032667041219554,-6.1867477807246587,-0.89995833222982924,5.2867894484948295,-1.0455309880270818,-0.36262617332562286,0.68290481470145892,3.4526477269221232,-0.95654673486416186,-4.409194461786285,0.76909494840944603,1.4464302185546387,7.9895343808624375,12.931039190786436,4.8325012493058637,6.6045918601830635,1.011277551180541,4.348316336767482,0.59998577712673296,-0.55934834837134417,-9.1875463931959018,-12.784023208245259,0.27616803865598527,0.39927100110300445,0.35162868572202116
