pixel,year,lon,lat,zone,igbp,area_km2,A,E_I,E_K,E_R,E_K_loo,E_R_loo,E_early,E_late,E_annual,E_centroid,E_q10,E_q10_null,E_q25,E_q25_null,E_q50,E_q50_null,E_q75,E_q75_null,E_q90,E_q90_null,E_centroid_advance,E_q10_advance,E_q10_null_advance,E_q10_gap,E_q25_advance,E_q25_null_advance,E_q25_gap,E_q50_advance,E_q50_null_advance,E_q50_gap,E_q75_advance,E_q75_null_advance,E_q75_gap,E_q90_advance,E_q90_null_advance,E_q90_gap,Et_I,Et_K,Et_R,Et_K_loo,Et_R_loo,Et_early,Et_late,Et_annual,Et_centroid,Et_q10,Et_q10_null,Et_q25,Et_q25_null,Et_q50,Et_q50_null,Et_q75,Et_q75_null,Et_q90,Et_q90_null,Et_centroid_advance,Et_q10_advance,Et_q10_null_advance,Et_q10_gap,Et_q25_advance,Et_q25_null_advance,Et_q25_gap,Et_q50_advance,Et_q50_null_advance,Et_q50_gap,Et_q75_advance,Et_q75_null_advance,Et_q75_gap,Et_q90_advance,Et_q90_null_advance,Et_q90_gap,En_I,En_K,En_R,En_K_loo,En_R_loo,En_early,En_late,En_annual,En_centroid,En_q10,En_q10_null,En_q25,En_q25_null,En_q50,En_q50_null,En_q75,En_q75_null,En_q90,En_q90_null,En_centroid_advance,En_q10_advance,En_q10_null_advance,En_q10_gap,En_q25_advance,En_q25_null_advance,En_q25_gap,En_q50_advance,En_q50_null_advance,En_q50_gap,En_q75_advance,En_q75_null_advance,En_q75_gap,En_q90_advance,En_q90_null_advance,En_q90_gap,centroid_Et_minus_E_advance,centroid_Et_minus_En_advance,qdiff_Et_minus_E_q10,qdiff_Et_minus_En_q10,qdiff_Et_minus_E_q25,qdiff_Et_minus_En_q25,qdiff_Et_minus_E_q50,qdiff_Et_minus_En_q50,qdiff_Et_minus_E_q75,qdiff_Et_minus_En_q75,qdiff_Et_minus_E_q90,qdiff_Et_minus_En_q90,Et_fraction_annual,Et_fraction_early,Et_fraction_late
2064,2017,120.32555040046375,41.975192005480707,7,10,23.015098038566588,1.81817626953125,184.8780158765876,191.94321837137977,-7.0652024947921745,192.25040376203833,-7.3723878854507348,200.10409521724796,173.61406585780787,524.14536768943071,198.66515855079581,143.51326103662245,131.89372293424691,165.59759445581733,157.18239116464179,197.46600801521015,191.27012142655917,233.17883547738242,226.31514344167522,258.54913577479647,252.64720618824489,-6.0274679602260051,-10.742534957807948,0.51534691663522381,11.257881874443171,-7.6505257120321914,0.7342822814897545,8.3848079935219459,-5.4209900856235151,0.84973071823739588,6.270720803860911,-6.1150495882604616,0.80053681774566599,6.9155864060061276,-5.4213836917171818,0.4558777926411608,5.8772614843583426,111.76563507803803,112.41943614532647,-0.65380106728844112,112.44786327303154,-0.68222819499351317,117.71343767015287,116.54277353132784,250.83951117284596,200.63814706761104,149.46699661627747,145.23742360219461,173.07194504347848,168.05557823987908,200.99291105054166,195.81880793743099,230.18372678646375,223.710075306622,250.32560004189816,245.7928830251951,-3.5715456014477525,-2.3327114872869004,1.3875685014818657,3.7202799887687661,-3.7630128976637138,1.5200919868214555,5.2831048844851694,-3.6758402620780259,1.5905990675936437,5.2664393296716696,-4.7744900373200494,1.5156122305771476,6.290102267897197,-4.0742263768952398,1.3780506228420109,5.4522769997372507,73.11238096991292,79.52378592425157,-6.41140495433865,79.802541225937603,-6.6901602560246829,82.390657746906072,57.071292535096291,273.30585688725114,195.35110185443918,138.5202573419522,122.6027241321062,154.04461855586641,141.94686975029381,185.54949953956941,181.07732466665229,239.33363571970571,231.36015883506821,267.25669453920449,261.61369792806175,-8.7335806320589597,-13.341288371017995,0.20134755712304298,13.542635928141038,-11.670478504573992,-0.98461885406848637,10.685859650505506,-5.6996507559042868,-0.38561495373394905,5.3140358021703378,-9.6995724486195627,-0.64676423733342858,9.0528082112861341,-7.9988559288220813,-0.60107991942305716,7.3977760093990241,2.4559223587782526,5.1620350306112073,8.4098234705210473,11.008576883731095,3.8875128143684776,7.9074656069102787,1.7451498235454892,2.0238104938262609,1.3405595509404122,4.9250824112995133,1.347157314821942,3.9246295519268415,0.4785685930577081,0.58826101256125896,0.67127495088317235
2065,2017,120.57555154403421,41.975192005480707,7,10,23.015098038566588,-4.2083282470703125,172.26868149638176,169.37252306938171,2.8961584270000458,169.24660265445709,3.0220788419246674,217.72724002285759,142.68307896787519,524.98052294924855,201.39323573231738,148.32535575354621,147.58959077065683,170.55987385473449,169.59574106503334,199.245069753873,200.45992793909701,233.74209762364302,231.70486022264924,256.98194624244024,254.53722629922819,-1.7384369813586034,-1.3654642947395246,-1.0028820168676589,0.3625822778718657,-2.3804343662067993,-1.3636821327034454,1.0167522335033539,-0.48033235269471675,-1.7693871648504853,-1.2890548121557686,-3.5321268815259543,-1.5619086410549983,1.9702182404709561,-2.9540235623097715,-0.50580467597654888,2.4482188863332226,91.120816431939602,95.168851181864738,-4.0480347499251366,95.344854086637497,-4.2240376546978951,98.854336369023756,94.510268711350363,208.98121661192272,212.14494784174866,168.24357677349539,160.56128017787231,193.43331366059195,184.96451288042144,211.30860767660354,209.65240063115388,237.48494209030358,233.41619353443556,253.09672827662897,252.39531933988656,-6.8517360813388564,-8.419466438029616,-2.4668368903161024,5.9526295477135136,-11.633958011699235,-3.2471430129892553,8.3868149987099798,-5.4949551823299885,-3.4266201888797525,2.068334993450236,-7.5018354482862151,-3.2736254047748048,4.2282100435114103,-4.0362371036036677,-2.7499376660469181,1.2862994375567496,81.147865027189255,74.203670889139175,6.9441941380500793,73.901749096810818,7.246115930378437,118.87290368809863,48.172810159667279,315.9993059951812,188.94753732793367,144.0810368532492,140.28172779373676,152.52782549098418,156.33846277677301,178.06127443902156,183.22830599272686,221.9340121329966,227.65482037620615,264.64419009577341,257.94293652607246,3.8525430833414873,-3.2382719201743271,-0.63857608640003605,2.599695833774291,3.3613306852932396,-0.22173936706457198,-3.5830700523578116,5.8792754547667414,0.070204799399675721,-5.8090706553670657,7.5643761361693578,2.4889635714365284,-5.0754125647328294,-5.8218163470441482,2.4465250193284191,8.2683413663725673,-5.113299099980253,-10.704279164680344,-7.0540021432900915,-5.181194517855289,-9.2535236454924359,-14.995288696992475,-5.0146228296352717,-11.37423063709673,-3.9697085667602607,-15.066211584455573,-1.0822135412938962,1.7855792434404805,0.39807422842642404,0.45402833544689108,0.66237895477871744
2066,2017,121.07555383117514,41.975192005480707,4,10,23.015098038566588,-15.25,132.98480808734894,131.11724162101746,1.8675664663314819,131.03604197502136,1.9487661123275757,200.80046221613884,125.5763271600008,486.68717126641423,204.83973164729471,150.81373282845843,154.06762680220797,174.77668121505684,176.82337847428238,202.09549865479693,208.09614713191087,237.78988860702938,238.64479210539457,260.76903372293009,260.08941880080522,-0.80544178256911891,2.4544909133877297,-1.2323425791970237,-3.6868334925847535,-1.7028204916206562,-4.0000771639520849,-2.2972566723314287,0.49941347504662303,-5.4675242976316838,-5.9669377726783068,-4.0756782818959607,-4.954742951053305,-0.87906466915734427,-3.0391665980418452,-2.309267700917303,0.72989889712454215,67.254852674901485,76.81243634223938,-9.5575836673378944,77.227984070777893,-9.9731313958764076,85.979093529284,76.059030644595623,179.05647536186734,214.8717415089186,166.94457403600023,172.22644462132968,195.43851294244331,197.79484007540614,212.78901034034701,222.2036264532592,240.5558004891852,245.22630155435178,256.41136553422382,262.19755128245964,-5.4517985646426723,-2.3697944796655577,-7.9324285470313782,-5.5626340673658206,-9.3515703406029331,-11.653160306122004,-2.3015899655190708,-2.7517993429335093,-12.219107469421203,-9.4673081264876942,-7.0132160636574667,-11.047810320669697,-4.0345942570122304,-3.9506546866323049,-9.3127193927723795,-5.3620647061400746,65.729955852031708,54.304803729057312,11.425152122974396,53.808058083057404,11.921897768974304,114.82136929035187,49.517296634614468,307.63069668598473,194.94815768019052,146.6298578013772,147.85813929074294,157.75665325777302,162.19435996217973,184.13654714666768,188.079048027433,229.47497824122001,225.56034148265826,264.69906596244289,256.43539955206467,2.4808375398741873,2.5056116724944104,-0.76608828608976864,-3.2716999585841791,4.3953700915489833,0.33525670606169911,-4.0601133854872842,4.2213020914941524,0.2373622150846586,-3.9839398764094938,2.7298334352315123,7.0750531878850893,4.345219752653577,-2.592776201790798,7.4261555612501411,10.018931763040939,-4.6463567820735534,-7.9326361045168596,-4.8242853930532874,-4.8754061521599681,-7.6487498489822769,-13.746940432151916,-3.2512128179801323,-6.9731014344276616,-2.937537781761506,-9.7430494988889791,-0.91148808859045971,-1.3578784848415069,0.36790876343821116,0.42818175107952339,0.6056796879214853
2076,2017,125.325573271873,41.975192005480707,4,4,23.015098038566588,3.4736862182617188,164.86787594979978,160.88998218707638,3.9778937627233972,160.71703119451195,4.1508447552878351,185.45446490045288,246.88970698766207,530.43482191488147,192.20492530251181,131.25153081527282,129.04164055405795,158.36646166229289,153.17202500870297,192.18827821249201,188.04094502157508,225.31786527539458,224.05329621417022,254.42184589756357,252.23708437166624,-1.2335101093734977,-1.3186228208898285,0.87694405485405014,2.1955668757438787,-3.2239016994633971,1.8583890600680206,5.0822907595314177,-2.3112278196650493,1.9685986725884277,4.279826492253477,0.62878957876515074,1.8735356076137464,1.2447460288485956,-0.85576117937353047,1.3684650112123506,2.2242261905858811,118.60490569538524,103.36232744021981,15.242578255165427,102.69960743208503,15.90529826330021,119.62022082891554,181.76472864118949,315.43331389676314,195.86574896181375,142.1621347230267,140.09027754933891,165.16573531141452,159.97601971541133,194.62940673718742,191.16752222600834,225.1801418880174,223.54880652831116,252.5154004934775,248.0045554817271,-0.70983686162992399,1.2082334207844099,2.8760524169967994,1.6678189962123895,-2.4184430006042135,2.9460300732152973,5.3644730738195108,-0.51185455600435148,2.9772747602296192,3.4891293162339707,1.2996756451819351,2.9196299397175949,1.6199542945356598,-1.9762420940251104,2.71637032712718,4.6926124211522904,46.262970165007573,57.527653248896058,-11.264683083888485,58.017423222848265,-11.754453057840692,65.834243875261109,65.124978267653205,215.00150800868869,183.7800345194108,115.13549833883764,117.28702251034775,134.41146936770772,136.02132790101408,181.85985619714734,178.93670814217563,225.6956767335885,225.36570889363449,262.18179907203984,262.22853865535654,-0.18701710451728104,3.4813884260715326,0.59147572072164678,-2.8899127053498859,2.278750785280323,-0.55636114662669911,-2.8351119319070222,-3.1126694447352463,-0.54826308004720659,2.5644063646880397,-0.76851717281141418,-0.4703769727667293,0.29814020004468489,-2.3975583011930439,-2.2954420338760428,0.10211626731700107,0.52367324774357371,-0.52281975711264295,2.5268562416742384,-2.2731550052871228,0.80545869885918364,-4.6971937858845365,1.7993732636606978,2.6008148887308948,0.67088606641678439,2.0681928179933493,-1.12048091465158,0.4213162071679335,0.59466931819830737,0.6450112748330139,0.73621833351794175
2078,2017,125.82557555901393,41.975192005480707,4,4,23.015098038566588,7.4000015258789062,245.60985651207739,232.64128845051891,12.968568061558472,232.07743599267269,13.532420519404695,260.09171617374341,167.29228032641367,527.50380245875567,191.84506565839118,131.73864256033633,130.45666056135727,157.15806449388253,152.17446213159417,190.70398938221248,185.64207145333435,225.02812550389419,221.34997422115902,253.16451471145723,249.94247860312132,-0.29448236524268623,1.0163867634387316,2.269853148244664,1.2534663848059324,-0.78707772694349387,3.9910033032928993,4.7780810302363932,-0.67307612157117092,4.4486050739645577,5.1216811955357286,0.47854277306169024,4.2170213588200909,3.7384785857584006,-0.15426859394011672,3.1166436506436241,3.2709122445837409,185.64151331607718,160.22054574323556,25.420967572841619,159.11528562945023,26.526227686626953,186.74001609731931,120.27287321063886,314.26835507561918,193.73314067625478,139.61954211101778,135.30605022714732,162.21331731009712,154.41551825887814,192.38604195585054,185.75783218655351,225.010310958969,219.22681456107449,251.51219414169637,244.38846301580864,0.24630162013343693,2.2926414108158326,6.224837826089896,3.9321964152740634,-1.1089518415690236,6.4118668492521067,7.5208186908211303,0.18529018226408311,6.5792143994179355,6.3939242171538524,0.80720637086253078,6.4722130705268341,5.6650066996643034,-1.0047275065126087,6.3659401824902488,7.3706676890028575,59.968343017186271,72.420742361573502,-12.452399344387231,72.962151072517372,-12.993808055331101,73.351699923687192,47.019407022642554,213.23544713389128,187.0294302732637,117.2219373662515,120.59922895369901,143.04237582673684,145.81508793333003,186.43049639870148,185.33855656329246,225.18884103445393,226.9366594694259,261.22799698692467,264.61680952237936,-0.20489420467887953,4.3449529252709596,0.18543158909817237,-4.1595213361727872,0.75298237373539223,-3.4090826361287441,-4.1620650098641363,-1.8318225269289314,-1.3213277853391503,0.51049474158978114,-0.23589089758309001,-1.6211547473085943,-1.3852638497255043,-2.7500306892427488,-5.5061863995126146,-2.7561557102698657,0.54078398537612316,0.45119582481231646,1.276254647377101,-2.0523115144551269,-0.32187411462552973,-1.8619342153044158,0.85836630383525403,2.0171127091930146,0.32866359780084053,1.0430972684456208,-0.85045891257249195,1.7453031827301402,0.59576509896379581,0.71797756131754475,0.7189385725149271
2079,2017,126.32557784615486,41.975192005480707,4,4,23.015098038566588,2.5,133.34497586942962,132.25610542654977,1.0888704428798519,132.2087644608946,1.1362114085350186,156.48458073593429,293.75778633430673,557.39434581901878,191.30388177106798,129.61669322699331,128.74938633949492,159.12134342905904,153.99718576461302,190.9409920411417,187.92010335026626,224.22230265239494,223.38684675015381,251.32471165533093,250.63131563236917,-1.1288146933201801,-0.36140655708896929,0.48975470208509364,0.85116125917406293,-3.6736141646458407,1.2788931182341514,4.9525072828799921,-1.6685209167688981,1.4522301213428932,3.1207510381117913,0.50456894882023562,1.3637243620088668,0.8591554131886312,0.18387989084354217,0.96486679000472009,0.78098689916117792,90.753407153682929,85.600160547273845,5.1532466064090841,85.376106934836571,5.3773002188463579,93.625468803486001,214.02354502578601,316.22564780083485,195.08119936314364,140.25142036971505,139.20453153003001,166.50335527940337,160.13792224726109,194.01870166278891,190.60899489040727,224.67455560181725,223.31994243959991,250.30781082509617,248.18287089596518,-0.96486189267093891,1.1699246130964127,2.0978418172858824,0.92791720418946966,-4.5726941623707376,2.1389582285925428,6.7116523909632804,-1.3818590637285979,2.1374678576075894,3.5193269213361873,0.62648811507321511,2.0186202915520539,1.3921321764788388,-0.35285460256417878,1.899883174623767,2.2527377771879458,42.591568805153656,46.655944859408919,-4.0643760542552627,46.83265692007717,-4.2410881149235138,62.859111823017884,79.734241338323045,241.16869787778705,183.15421703061344,114.7177498715962,116.76633426973486,134.80753444315971,137.59250594649791,182.32341368533432,180.57884829235604,223.08036645936951,223.52124088240691,253.65331486937617,256.50234221617029,-0.32742911470214153,2.6340519832044151,-0.075883765504372036,-2.7099357487087872,2.6613810971835505,-1.0768970850489552,-3.7382781822325057,-1.2685586653282996,-0.20630474278220845,1.0622539225460912,-0.35831665482530184,-0.30663317396721368,0.05168348085808816,1.2564621706316643,-1.4430633388153069,-2.6995255094469712,0.16395280064924123,-0.63743277796879738,1.531331170185382,-1.4641273701080024,-0.89907999772489688,-7.2340752595542881,0.28666185304030023,-0.11330039840029826,0.12191916625297949,0.98480476989851695,-0.53673449340772095,-1.6093167731958431,0.56732840972073773,0.59830475541534522,0.72857147957337776
2081,2017,127.07558127686625,41.975192005480707,4,4,23.015098038566588,1.8000030517578125,156.35229423188139,137.14226300666633,19.210031225215062,136.30704202593915,20.045252205942234,185.51581673795772,256.352797113017,545.72346459049731,188.86014875116368,128.48418989309042,130.59895935673961,153.68384783966081,154.74518913230608,188.24105407072918,188.85670398122409,222.92146168619087,224.14843026480662,249.76882623364949,251.01531983540582,2.0424815953945199,2.7042352693691214,0.52586837357574723,-2.1783668957933742,2.2645717969105306,0.87528335993832229,-1.3892884369722083,1.6511776555122992,1.0252721887599705,-0.62590546675232872,2.2478022871613064,1.0360621811144028,-1.2117401060469035,2.0370382203342956,0.77817668074149537,-1.2588615395928002,115.02083672480694,93.211142007974559,21.809694716832382,92.262894764553494,22.757941960253447,124.15706155371561,180.45416731150726,314.66029991209507,190.60537855324995,136.78857557739127,138.27583440057734,159.30734930227547,159.24473914200311,188.38115661292954,191.23154544327198,222.7254406310106,225.10514169499868,249.40020575000494,250.1009005670999,3.5071505807222252,3.4273147635879866,1.402756091285255,-2.0245586723027316,1.6783772433175272,1.4846591914100031,-0.19371805190752411,4.3171220524072567,1.4754045016483133,-2.8417175507589434,3.3779556022011263,1.4048642353259879,-1.9730913668751384,1.7315396672661336,1.2946088743914856,-0.43693079287464798,41.331457536876769,43.931117771101526,-2.599660234224757,44.044147174959107,-2.7126896380823382,61.35875513506835,75.898629712102775,231.0631643878296,184.98701218657902,117.59562609005539,119.85220229862308,141.73825098897771,143.2154014237253,186.05144635003614,182.97081061150357,223.12392570014978,222.3312015505368,251.42184522391094,253.10560226681562,-0.18328643942584222,3.5091633891127714,0.20411293102448269,-3.3050504580882887,1.6328005929721883,-0.79103274748038643,-2.4238333404525747,-1.8672073009739449,0.22248843627181714,2.0896957372457621,-1.7889293499002292,-0.0233323759741495,1.7655969739260797,1.01125681422036,-0.32104400320022819,-1.3323008174205881,1.4646689853277053,3.6904370201480674,0.72307949421886519,-0.081848625524784779,-0.58619455359300332,0.045576650345338976,2.6659443968949574,6.1843293533812016,1.13015331503982,5.1668849521013556,-0.30549855306816198,0.72028285304577366,0.5765929455648594,0.66925324070393555,0.70392899685019361
2082,2017,127.32558242043672,41.975192005480707,4,4,23.015098038566588,1.9523773193359375,145.40670981430594,132.8682267020813,12.53848311222464,132.32307587475589,13.083633939550054,173.47380939693721,260.50523611767858,543.6610288573429,190.04730998404557,129.0019833559171,130.1762946620253,154.5387149926166,153.8626185378078,190.10998890825093,189.45388765223092,224.68371738191266,225.22246456555987,250.18802776870538,251.27868841454233,0.89697346556158664,1.7283665860931308,0.53411375487425516,-1.1942528312188756,0.58969039211291374,0.92109044137723117,0.33140004926431743,0.3027761452094353,1.0003058070350619,0.69752966182562659,1.4488165916995399,0.96302813391599784,-0.48578845778354207,1.8691051978733242,0.73870433755718068,-1.1304008603161435,107.39195985126207,92.641540774970053,14.750419076292019,92.000218330271309,15.391741520990763,116.73247896829628,186.08283663308566,318.94733242318034,191.80877975771179,136.61876219598668,137.24985696901001,159.65944613543314,158.24397742679685,190.19522648632116,192.19037584351054,224.98785440994396,226.71991251692918,249.99767816442761,251.02054728013334,2.5503798906032671,2.7686495827322801,1.4782809563492094,-1.2903686263830707,0.19280377585855035,1.5281062854826928,1.3353025096241424,3.3652342623719562,1.499121448400075,-1.8661128139718812,2.7703053219434821,1.4119708613102375,-1.3583344606332446,2.0442008675471754,1.2340505554886363,-0.81015031205853916,38.014750052450836,40.226686727518427,-2.2119366750675908,40.322857663693867,-2.308107611243031,56.741330436446333,74.422399519362443,224.71369656082243,185.98063677829089,117.55367456693411,119.36800438469459,144.16384369188214,142.30484404685251,188.93667439221343,182.38586634524697,224.25290296059376,222.05670212898218,251.25552223188993,252.00001671459933,-2.2305065635817698,2.8566681074752864,0.23613325042460076,-2.6205348570506857,-2.4186878518249841,-1.217318270679101,1.2013695811458831,-5.6257776973680222,0.050656818160405237,5.6764345155284275,-3.7396266036288637,-0.25689538838406634,3.4827312152447973,-0.35639891934204115,-0.52125142998642104,-0.16485251064437989,1.6534064250416804,4.7808864541850369,1.0402829966391494,-0.08801852474300631,-0.39688661625436339,2.6114916276835345,3.0624581171625209,8.9910119597399785,1.3214887302439422,6.5099319255723458,0.17509566967385126,2.4005997868892166,0.58666579999956625,0.67291125602247404,0.7143151493086537
2083,2017,127.57558356400716,41.975192005480707,4,4,23.015098038566588,3.8000030517578125,134.24866067396215,130.40489718060417,3.843763493357983,130.23777590296959,4.0108847709925612,157.31464940680235,230.39148815072986,510.69225637614727,191.25944590178628,133.86375689323975,132.64164483472712,159.05251776587141,154.65803131686152,190.6558397769372,187.66374260774649,224.1905764962132,222.52207895101625,249.06610174574459,247.42847367705374,-0.66511117849086077,-0.40985474616411466,0.87568871405181881,1.2855434602159335,-2.3655242161923127,1.6620995160340328,4.0276237322263455,-1.1711462643680761,1.9280197784871405,3.0991660428552166,0.24289378227837233,1.8739000220730873,1.6310062397947149,-0.16003200157632591,1.5403860199068902,1.7004180214832161,90.205967436915671,84.549684261655784,5.6562831752598868,84.303758647707582,5.902208789208089,96.272275426796114,153.61779943221336,260.17730789771304,193.23247607735334,141.66807553847121,140.09924283191091,164.22436123120158,159.23273246048993,190.98173717138965,189.79802287037214,223.37900982268158,222.63367020303585,248.02246151514493,245.28243817310354,1.1367963345858243,2.5989358164022178,3.2486176587361513,0.64968184233393345,-1.7593619588633373,3.285649415342391,5.0450113742057283,1.787755637217316,3.1537406170787392,1.3659849798614232,1.8205293369069864,2.8321209802177236,1.0115916433107373,-0.32447791074011434,2.627089385812809,2.9515672965529234,44.042693281749962,45.855211944412076,-1.8125186626621144,45.934017413213951,-1.891324131463989,61.042373993044748,76.773688584406045,250.51494828611612,187.6819190307215,122.84026052682916,122.30173937596658,145.51412866390879,143.9916648809297,188.97243627414639,182.58653406978422,224.99748494519326,222.33187604921443,252.26555602373438,251.90045702623897,-3.4856444178825825,0.63712205588582549,0.22960227240682229,-0.40751978347900319,-2.9957071808835281,-1.6982787993709678,1.2974283815125602,-6.3643783440688821,-0.36470319344078916,5.999675150628093,-3.9706507843293082,-0.4734995491824634,3.4971512351468448,-1.6701169044185917,-0.8307834062566144,0.83933349816197733,1.8019075130766851,4.6224407524684068,3.0087905625663325,1.9618137605163923,0.60616225732897533,1.2363452220201907,2.9589019015853921,8.1521339812861981,1.577635554628614,5.7911801212362946,-0.16444590916378843,1.3456389936784774,0.50946006063205518,0.61197272974778194,0.66676855410435754
2087,2017,80.325367429189697,41.725190861910242,1,10,23.10387543037033,5.8947296142578125,76.400149680284812,74.170165027559051,2.2299846527257614,74.073209681846492,2.3269399984383199,79.794910096519743,93.850803493201965,194.83742703683674,191.12036996225399,139.54603783245062,133.24977193882961,161.51884187794229,155.80957474453055,190.75831669677811,187.43329741935341,220.26113057877149,217.97625728499656,246.37077745691246,242.14014608799673,-1.1708038127499947,-5.3328177819145708,1.0983720241057142,6.431189806020285,-3.4897349072310533,2.1853856910081504,5.6751205982392037,-0.28684535336410022,2.9695029682050631,3.2563483215691633,0.99678550712800984,3.2705041020038834,2.2737185948758736,-1.5496723022002925,2.7074460686366137,4.2571183708369063,2.6515435576438904,1.3606808124385452,1.2908627452053452,1.3045563282809098,1.3469872293629805,2.6515435576438904,6.90895676612854,9.8189850002527237,188.00508428756092,172.79188980647109,162.03163082566437,179.47909475212703,184.91961884027143,191.93169569340634,202.38752213204043,194.48710736780083,210.98593864998347,195.40014592963246,220.25788810072035,13.377786945428454,6.5662332241263073,5.9040109418936026,-0.66222228223270463,9.9183357709740676,5.0719193125822812,-4.8464164583917864,10.304210040245636,5.9503659830696733,-4.3538440571759622,20.203725950213311,5.8950714270846447,-14.308654523128666,23.678080683136642,5.9127898191310635,-17.765290864005578,73.748606122640922,72.809483657552846,0.93912246508807584,72.768653594974239,0.97995252766668273,77.143366538875853,86.941846727073425,185.01844205148518,191.30188351310198,138.81387350428164,132.6077785668858,159.85288023542105,154.54935457719336,189.66977739398018,186.21663615224909,222.22457170104724,218.67945600019462,247.34214822382174,242.92748492679283,-1.8850867691279802,-5.2256343855309524,0.98135041322689176,6.2069847987578441,-3.0662524010438972,2.0958042938343624,5.1620566948782596,-0.66702535111971883,2.8874467305945473,3.5544720817142661,-0.47511458216956726,3.1174735181264737,3.5925881002960409,-1.8007714022438961,2.6424041129462807,4.4431755151901768,14.548590758178449,15.262873714556434,11.899051006040878,11.79186760965726,13.408070678205121,12.984588172017965,10.591055393609736,10.971235391365354,19.206940443085301,20.678840532382878,25.227752985336934,25.478852085380538,0.050395784575805895,0.033229482362178105,0.073616383759878903
2093,2017,109.57550122693385,41.725190861910242,3,10,23.10387543037033,2.3333282470703125,99.538620477369477,96.867420514310652,2.6711999630588252,96.751282446704863,2.7873380306646141,113.75219454189391,65.196571884975128,345.61063406054745,198.04827510517566,156.0205298305292,152.29686366908675,174.67422106865695,173.58946382443852,194.65834713135678,204.1508099918733,220.14237601916989,233.45644889638677,246.96468204862271,256.23827065483761,6.3327110353845057,-2.846781864968051,-0.77985974040117867,2.0669221245668723,-0.93673934886172106,0.6933199015715843,1.6300592504333054,10.425817322545868,0.98208276375493142,-9.4437345587909363,13.956432311464596,0.77463039244733523,-13.181801919017261,9.0927503932414879,0.71401805704459775,-8.3787323361968902,40.906956770404577,41.428446618337148,-0.52148984793257114,41.451120563233417,-0.54416379282884009,49.735134839707825,28.230146343121305,97.5161366606917,194.7207898360756,147.71630211282226,148.54673385577152,177.9532602149304,168.26298426813872,196.2385174248983,195.59894107584924,217.55857693804722,224.99736668427531,230.86396503137644,249.31893014415786,3.5684795803853433,2.2794143126214692,0.44960350382771708,-1.8298108087937521,-8.5198705332540499,0.45737275999516669,8.9772432932492165,0.78833125821611816,0.98173871337755259,0.19340745516143443,7.8128061810504335,0.7530628054087174,-7.0597433756417161,16.750602560062504,0.36115582656987044,-16.389446733492633,58.631663485310128,55.438975207276599,3.1926882780335291,55.300161394216047,3.3315020910940802,64.017059510333638,36.966425594007887,248.09449724572187,200.61729244748588,157.8984092641802,156.17795460663683,174.08943939474884,176.6169876694612,189.65863232861113,208.23880122715235,231.68662466409069,238.44370690221479,256.2517227771952,258.676796711392,7.43440409455863,-0.52262610532628173,-0.28111947385070835,0.24150663147557339,4.4649630287376851,0.65603210876346907,-3.8089309199742161,19.345239184301278,1.237686416015265,-18.107552768286013,7.7054824444261385,0.6798644137547285,-7.02561803067141,1.8286506384825429,0.85466285125062313,-0.97398778723191981,-2.7642314549991625,-3.8659245141732868,5.1261961775895202,2.8020404179477509,-7.5831311843923288,-12.984833561991735,-9.6374860643297495,-18.556907926085159,-6.1436261304141624,0.10732373662429495,7.6578521668210158,14.921951921579961,0.2821560653819693,0.43722351942309845,0.43300047114328538
2101,2017,111.57551037549754,41.725190861910242,3,10,23.10387543037033,3.1363677978515625,122.04447666778651,117.42756903474219,4.6169076330443204,117.22683350821171,4.8176431595747999,138.70251684208779,89.81156384253336,425.66185980662704,211.97171704042051,172.51185433726394,167.65844869486475,186.09965183684818,183.20324961851378,208.07283125399573,207.16319831259312,241.60033781924534,233.46034962797353,256.88563297786612,254.66698960299729,-2.1307259342871134,-3.8520847181241606,0.42221677347859554,4.2743014916027562,-1.5635748306654875,0.97054212491497083,2.5341169555804584,0.13444080783000345,1.5109661153060472,1.3765253074760437,-7.4207560735465847,0.6852590994362231,8.1060151729828078,-1.9480926405862817,0.39008669336561752,2.3381793339518993,78.412546998762991,61.154405875999146,17.258141122763845,60.40405227220981,18.008494726553181,89.315349038443856,35.196176140885655,162.72894609509967,205.13092618439944,169.17432473157979,170.26145496372487,184.6491435509796,185.80781198953335,198.45832016471724,206.94201489300815,222.88323082256102,230.11701696620287,249.8220064523359,249.85084133109288,4.4983041122885368,1.9337403504014219,0.79733644236398504,-1.1364039080374368,2.3445618043158731,1.7480826065818746,-0.59647919773399849,9.582541510609218,1.9723174238148147,-7.6102240867944033,8.6114149837666218,1.5156993653798736,-7.0957156183867482,0.77009065381756159,1.1530228126391364,0.38293215882157483,43.631929706276424,56.273163429672422,-12.641233723395999,56.822780891920956,-13.190851185644533,49.387167960106126,54.615387552636093,262.93291342630982,220.16148974362525,174.30849547068971,165.57454077329129,186.99101264256097,180.05892025875107,222.70571211452796,207.36097946182261,252.38162537231938,237.15095451756255,258.47466146193057,257.97021942828843,-10.153204418993511,-6.512861219328471,0.849715366089697,7.362576585418168,-3.6975966731069434,0.72866487201787322,4.4262615451248166,-15.562556745391703,1.1011927400101627,16.663749485401866,-14.983469852501457,-0.54294926130771159,14.440520591193746,-2.0600300461750294,-0.11243436411461971,1.9475956820604097,6.6290300465756502,14.651508531282047,5.7858250685255825,8.4466015697298928,3.9081366349813607,6.0421584774228165,9.4481007027792145,25.145098256000921,16.032171057313207,23.594884836268079,2.7181832944038433,2.830120699992591,0.38229628129949306,0.64393459521811702,0.39188913581991647
2103,2017,112.07551266263847,41.725190861910242,3,10,23.10387543037033,43.421051025390625,263.8551078451419,199.07976335045532,64.775344494686578,196.26344611894456,67.591661726197344,194.79631279958994,113.20639094040962,508.35912316292524,195.12695938628073,144.6573263754523,141.65058202528127,162.46468162927115,156.44259504203313,191.41405734972375,179.65871024920966,223.6544342918269,213.26386655445023,251.47363649931782,242.32466997922663,3.2896176713207126,1.7831199657151728,4.5050899165252645,2.7219699508100916,6.1815554649905096,11.987951279586497,5.8063958145959873,7.3803904815726753,19.138685824682,11.758295343109324,3.2451456191429031,13.795275546524664,10.550129927381761,-0.86743875421706207,8.377285514250957,9.2447242684680191,122.70035647240002,78.751705425689579,43.948651046710438,76.840894589520758,45.859461882879259,122.1024408825906,57.86088025535355,191.35470128263114,191.63684044059926,147.38280877877878,141.99581447852293,161.34342231852335,153.67775612829558,189.34164441377789,176.58446515126732,219.4467723131207,204.12374849059145,243.64559749317473,231.92506784825221,7.2594640682773104,1.7176971489903679,6.7878149097805931,5.0701177607902252,8.8410365835969742,16.326764689451409,7.4857281058544345,9.9766733464731772,22.090848694999067,12.11417534852589,6.4234258335416143,22.00295676786638,15.579530934324765,4.4076066107396059,16.587065660744855,12.179459050005249,141.15475147705001,120.32806033012457,20.826691146925441,119.42255228938302,21.732199187666993,72.693872080912115,55.34551069054578,317.00442188233137,200.03242970861223,142.3138664160019,141.35442310258608,166.99415397082606,158.65202699580891,204.61104333390057,184.17735365376589,236.09533566261479,220.78334139104862,254.4244981480943,251.38849704168481,-1.8604526428496513,3.9471457718593399,2.1286516941123068,-1.8184940777470331,0.44314844308286183,8.6887804159879636,8.2456319729051017,-5.0770326673006991,14.71062948377309,19.787662151073789,-8.3484866752145024,7.1708325834726452,15.519319258687148,-2.853064175416165,1.3080666145331747,4.1611307899493397,3.9698463969565978,9.1199167111269617,-0.065422816724804989,-2.2294486228689721,2.6594811186064646,8.3978881405141124,2.5962828649005019,15.053706013773876,3.1782802143987112,14.771912508756117,5.275045364956668,7.2606707861557709,0.37641638079012779,0.62682110933081092,0.51110966240245892
2108,2017,113.32551838049079,41.725190861910242,3,10,23.10387543037033,24.791671752929688,141.56494902033955,157.63009762771617,-16.065148607376614,158.32858129049782,-16.763632270158269,131.87793941082805,109.05216814553205,409.15364928543568,199.35730373956667,147.25629308510213,144.23949951013748,169.97448913051406,160.5822756649508,198.86561285419501,187.65732030071553,230.04778406618709,218.17415226828183,249.46870559972558,243.61003651789304,-2.2863767495099694,0.072256788725951537,2.6049313286803226,2.5326745399543711,-2.3507002577692049,6.8626086488289673,9.2133089065981721,-2.2376141272950463,9.2692033870821717,11.506817514377218,-4.2432311247207508,7.7398746933909024,11.983105818111653,-1.4941752808583715,4.6410657586874038,6.1352410395457753,80.350862284902178,67.367720898451807,12.98314138645037,66.803236624300553,13.547625660601625,74.121404497421508,39.18288682905586,143.30455408198759,191.76003930147752,140.72011278354353,144.54438411716671,159.20128510480572,161.60425947796557,193.42896506825559,185.87160726744955,221.74828390705758,211.68375120734373,243.06879147748319,235.55351132993428,6.1520203789159211,9.5283924166800205,5.6261947642912276,-3.9021976523887929,11.181438295497145,9.1505977668742275,-2.0308405286229174,4.7344148570556115,12.678178983990421,7.9437641269348092,3.0930295915538863,13.844747799094506,10.75171820754062,1.070574885044806,10.055237042572372,8.9846621575275663,61.214086781537844,90.262376187854898,-29.048289406317053,91.525344934418172,-30.311258152880328,57.756534914803524,69.869281409608448,265.84909511357546,206.10204155624743,156.36356224799391,144.09100708698676,176.64912181336553,159.87033260377854,208.35837667004725,189.10293171549975,237.81035480156703,224.79409273081455,250.22119415960142,248.0079009405876,-10.175686240766311,-10.226804297657708,-0.28372751815928154,9.9430767794984263,-11.271776701153897,5.241842908867568,16.513619610021465,-13.615780290450829,6.1557794251824021,19.771559715633231,-11.951604651121727,1.7981417132900219,13.749746364411749,-0.82550960641981419,2.515450384683021,3.3409599911028351,8.4383971284258905,16.327706619682232,9.4561356279540689,19.755196714337728,13.53213855326635,22.453214996651042,6.9720289843506578,18.35019514750644,7.3362607162746372,15.044634242675613,2.5647501659031775,1.8960844914646202,0.35024630559268166,0.56204551594120267,0.35930406057370268
2109,2017,113.57551952406125,41.725190861910242,3,10,23.10387543037033,24.727279663085938,151.15941850619856,165.51190097077051,-14.352482464571949,166.13592096955108,-14.976502463352517,135.7487446513278,115.38296388828894,410.18900208547711,201.50661863981432,146.82799319477414,143.13876444710431,170.84838455574652,160.354506822589,201.8220483982002,187.91081904390217,233.96346742141,218.42573782456702,252.62100583770382,245.06638168523239,-3.2009521159164365,-0.44343815555137667,2.9843706023381458,3.4278087578895224,-2.8450669260014081,7.5863212526176085,10.431388178619017,-3.3726344316031884,10.801622761833897,14.174257193437086,-6.2344668950260029,9.4230154782300986,15.657482373256101,-1.9720980419789385,5.8698246732899122,7.8419227152688507,77.66146176867187,67.181385522872006,10.480076245799864,66.725728097517276,10.935733671154594,73.237690327143355,39.896605968475342,138.21755986846983,191.14729755200372,140.96052086871407,143.37563033553982,160.85409563928468,162.22839480961042,193.45968409165408,187.04131947851525,219.68703783995417,212.41686148720447,231.21206647987631,237.52426180139841,8.2638035271160959,8.2607121641270567,5.5162775501202077,-2.744434614006849,10.011647511879914,8.758925080112391,-1.2527224317675234,7.4535251083765104,13.602098599963341,6.1485734915868306,7.0815875962949804,14.196276332867228,7.1146887365722478,15.54337611027745,10.173663103227597,-5.3697130070498531,73.49795689957682,98.33051671856083,-24.832559818984009,99.410193110452383,-25.912236210875562,62.511054560740376,75.486357919813599,271.97144252434373,209.99949162889394,149.25121305603076,143.02063813643528,177.14533751007082,159.02512606973201,211.21068814942464,188.6208664311489,245.58351302719296,224.00853711583454,257.18358794404065,249.02393993280066,-12.630208076009154,-3.8079081864037221,0.4510089235141379,4.25891710991786,-10.790101983976228,7.1731890240295968,17.963291008005825,-14.909598334554289,8.5141811931930249,23.423779527747314,-17.470316391720559,5.7189950867445702,23.189311478465129,-4.5585079235499677,4.2871566877001044,8.8456646112500721,11.464755643032532,20.89401160312525,8.7041503196784333,12.068620350530779,12.856714437881323,20.801749495856143,10.826159539979699,22.363123442930799,13.316054491320983,24.551903988015539,17.515474152256388,20.101884033827417,0.33696066731615443,0.53950915358558338,0.34577553413433104
2110,2017,113.82552066763171,41.725190861910242,3,10,23.10387543037033,22.789474487304688,158.92983025123976,171.2409337387362,-12.311103487496439,171.77619997091097,-12.846369719671202,151.50324248454126,111.12812718779151,404.16521236207336,198.5343651248316,143.07761886860669,137.72264914691212,167.5793708685438,156.9617651864709,198.58623087046485,186.58898925176257,232.12267095815577,218.34995251936638,252.76441930162738,246.71497894146887,-1.2222428632928199,-1.0426612088578224,3.7849416444580015,4.8276028533158239,-2.0566731194459749,8.304701593665385,10.36137471311136,-1.1151799519016095,11.152981533470495,12.268161485372104,-3.5442059429189499,10.14492365125767,13.68912959417662,0.22648773332468863,6.6307554936271629,6.4042677603024742,76.804916438765304,65.159602716075824,11.64531372268948,64.653285291058637,12.151631147706667,73.648440716906862,43.692583441690203,138.91058568446897,192.79414690447487,139.58813233336937,137.73144211656327,160.66895007533131,159.22364109560687,193.24701502321759,186.50197425251991,220.69091746359118,212.00554607329991,251.13851719935946,236.65940194711632,5.9914361763842692,6.2282991756731576,8.0162348750345416,1.787935699361384,9.4860924744723434,10.667705301351617,1.1816128268792738,7.5553946976721136,14.099172436382958,6.543777738710844,6.4243661762293129,15.219622342234771,8.7952561660054585,-2.9045706523238266,11.594535139505808,14.499105791829635,82.124913708852546,106.08132945176476,-23.956415742912213,107.12291410890248,-24.998000400049932,77.854801664012484,67.435543663924363,265.25462676584721,203.17034479890128,143.58875470146077,137.71684434466829,172.73241641304517,155.93061570437479,206.02685730769392,186.6551648739437,238.56313953415906,224.22075480523858,253.06244266246694,251.16072606111968,-7.1198902571708516,-2.0932686427282192,0.75598186564556613,2.8492505083737854,-11.643958462400917,6.3991862536207123,18.043144716021629,-11.312006437661438,8.653612725131012,19.96561916279245,-9.9850124660920301,5.9159936025124864,15.901006068604516,1.7422049701636126,5.2147681580319443,3.4725631878683316,7.2136790396770891,13.111326433555121,7.27096038453098,8.3215678184013768,11.542765593918318,21.130050936873261,8.670574649573723,18.867401135333552,9.9685721191482628,16.409378642321343,-3.1310583856485152,-4.6467756224874393,0.34369753119678509,0.48611791740643195,0.39317303861204866
2111,2017,114.07552181120218,41.725190861910242,3,10,23.10387543037033,23.555557250976562,147.48488492999604,167.63333038046403,-20.148445450467989,168.50935004129133,-21.024465111295285,142.51346658410512,104.40201112825525,392.17795472219586,201.05434708071459,148.14578132260075,145.88893641037163,172.37058972880089,163.2218224762531,201.75527672764264,190.05342676076702,230.53221233362919,219.03800989812686,251.09077118043248,244.9050818458249,-0.88990569126903551,1.2647182792474609,3.1014001389713428,1.8366818597238819,-1.4282432946947949,7.6273030611444312,9.0555463558392262,-0.94579368450021661,11.097258433289369,12.043052117789586,-1.9731265508590639,9.5640554618480564,11.53718201270712,-0.66202941030744,5.5493674944521842,6.2113969047596242,69.808773585849849,67.293879800792638,2.5148937850572111,67.184536223223404,2.6242373626264452,65.512735231490296,44.080813860266062,132.58205252490006,197.96627666348007,147.67033117510306,148.15912516842212,172.46266715461405,166.73586760470698,198.56691775477034,190.3293975648514,221.1764592762519,212.97174749381253,243.81351423578442,234.60429589576853,4.4458630912307342,5.568867898869911,4.4845594211757032,-1.0843084776942078,4.6426450543292788,9.8354642077226231,5.1928191533933443,5.9036579707895385,14.707979708056428,8.8043217372668892,6.6339449526356873,15.103685260790485,8.4697403081547975,2.4982116441585163,12.610779355009754,10.112567710851238,77.676111578839482,100.33945206978751,-22.66334049094803,101.32481350348826,-23.648701924648776,77.00073158730811,60.321197330387804,259.59590256493539,203.51886673368134,148.37705838822413,144.64894353890531,172.34202276017194,160.36848233159441,206.14594184465861,189.76656407401666,237.1743808528534,225.71430513639686,252.42664199653032,250.06539314198432,-5.4549487534628156,-0.96473802818894683,2.3827167390567752,3.347454767245722,-4.6675398215838584,6.881889296083898,11.549429117667756,-9.2047001997446785,7.7481704521011636,16.952870651845842,-9.3547775007878329,3.7309537175183607,13.085731218306194,-0.53553872231469768,3.0431518286259234,3.5786905509406211,5.3357687824997697,9.9008118446935498,4.30414961962245,6.5336059270588578,6.0708883490240737,9.3101848759131371,6.8494516552897551,15.108358170534217,8.6070715034947511,15.98872245342352,3.1602410544659563,3.0337503664732139,0.33806605121090044,0.45969505059248272,0.42222188427111701
2112,2017,114.32552295477265,41.725190861910242,3,10,23.10387543037033,23.909088134765625,157.88352088139072,157.95756786740094,-0.074046986010216642,157.96078889558703,-0.077268014196306467,147.64971730767866,107.50387519806827,421.34323892369866,200.24551788168418,154.8438440883869,153.06777650574176,174.63528324016974,167.96906456760695,199.82157437583649,192.04267638348648,225.6426366657692,219.61664438318311,245.70867639341066,242.7014402812872,1.7503006765549287,2.0468339293615259,3.5206335884299733,1.4737996590684475,0.75281305172990187,7.447291905355371,6.6944788536254691,2.2486141764367744,10.014841731950241,7.766227555513467,2.5261421004987312,8.5557007646924887,6.0295586641937575,2.1342291540119049,5.2104651839186147,3.0762360299067097,89.375160746894835,72.110174200770416,17.264986546124419,71.359522439208376,18.015638307686459,82.693777852378844,51.19088559908414,168.81757007213309,197.49642400509441,155.3291318666451,153.99174048479122,170.17439170730441,168.91646785285735,197.06628953128777,189.94346665830838,220.27027103088648,212.88650424546211,244.6099936036922,232.66893304805805,6.1711025670556978,4.5826179015310231,5.0780172721042902,0.49539937057326711,10.667420803923932,10.68690223721552,0.019481433291588246,7.0517780332432096,14.346595795091901,7.2948177618486909,6.812208724416621,14.474048601944958,7.6618398775283367,0.5930236772581452,13.168795295619219,12.575771618361074,68.508360082341824,85.847396029141237,-17.339035946799413,86.601266814006522,-18.092906731664698,64.955939403145749,56.312989520753035,252.52566858008504,203.28060281965037,151.7513997482819,152.27343515851197,176.70622427744718,166.51492432322391,206.14835953023766,194.31358849184105,234.31947438883984,227.20332359191502,246.30432333946743,248.87261893588902,-2.6949292798343265,3.6788061146760356,2.4150139319376365,-1.2637921827383991,-5.11861822606852,5.2779046673100254,10.396522893378545,-6.4333428777087249,5.3634525082127027,11.796795385921428,-6.2158680100810102,2.2417309070530109,8.4575989171340211,3.3243782358926239,1.147511227772128,-2.1768670081204959,4.4208018905007691,8.8660318468900243,2.5357839721694972,0.90381178685498753,9.9146077521940299,15.786039029992452,4.8031638568064352,13.485120910951935,4.2860666239178897,13.028076734497631,-1.5412054767537597,-2.7313545586344787,0.40066519283273555,0.56006729549002854,0.47617711924122325
2113,2017,114.5755240983431,41.725190861910242,3,10,23.10387543037033,12.2608642578125,149.39936440652309,149.10674321294573,0.29262119357736083,149.09402042886359,0.30534397765950416,156.95136484144678,125.9797389912801,434.50829672440886,201.49050163768516,152.08795916785473,152.25705530092881,173.64039491035678,170.22544824933166,201.82638872500792,196.2598505487581,227.70662829758211,223.7414498430694,249.13373863027076,246.14384309429704,0.29841208140257436,2.4734689428658214,2.2146783819115115,-0.25879056095430997,1.1198908175876454,4.5215285623897046,3.4016377448020592,0.037329183307377889,5.8329916857699402,5.7956625024625623,0.73579664275044365,4.7448486745231833,4.0090520317727396,0.029885118574725311,3.0669872860539726,3.0371021674792473,81.606961254837188,75.690449844580144,5.9165114102570442,75.433210840255924,6.1737504145812636,85.35534430055759,60.13701063587996,176.12315112538636,197.74004558432827,154.38401269274132,154.82806593497978,169.68757108118197,174.52696194148464,198.85711116899202,195.94175601186637,220.55536686290006,218.08338633135722,233.55707063480932,238.32584292021704,5.6289597829706111,5.0286911991291561,3.5655872121204482,-1.4631039870087079,10.855309836485162,6.165338344657755,-4.6899714918274071,4.7007614316194974,8.5221466937913988,3.8213852621719013,6.0223970760726502,8.7445188062754653,2.7221217302028151,11.325574892659631,7.3581344869248824,-3.9674404057347488,67.792403198818647,73.416293181775472,-5.6238899829568254,73.660810097839203,-5.868406899020556,71.596020703505928,65.842728755302232,258.38514633104205,205.46072610783392,150.19902265905168,150.01117758530776,176.33134937842908,166.60471978901106,207.02773182649369,196.72278335566671,237.69970199954093,230.18897427606572,252.9647117479133,252.25634384968222,-5.4908956887886688,1.3245606064365347,1.3855094240735752,0.06094881763704052,-7.113189818281711,2.5925343286121745,9.7057241468938855,-8.7436221156971783,1.9514819648673551,10.695104080564533,-8.5476507067585317,0.95095014825341195,9.4986008550119436,-1.8897170966221779,0.36173124825450031,2.2514483448766782,5.3305477015680367,11.11985547175928,2.5552222562633347,3.7041305926926213,9.7354190188975167,17.968499654766873,4.6634322483121196,13.444383547316676,5.2866004333222065,14.570047782831182,11.295689774084906,13.215291989281809,0.40533898305995797,0.54383308094698046,0.47735462160341868
2114,2017,114.82552524191357,41.725190861910242,3,10,23.10387543037033,-0.7826080322265625,127.49273009912577,131.60644468193277,-4.1137145828070061,131.78530065057203,-4.2925705514462607,160.72304174363126,124.34564756514737,441.28696712292731,199.99590514096465,150.23228319948254,151.52315014839346,171.02164745642753,172.55969011719023,199.68573869642964,200.51896750905399,228.47296632572258,228.04956329312293,247.95271649875937,248.64201749658869,0.032144180724060334,1.143175333776469,-0.10311057298150672,-1.2462859067579757,1.0378370495890579,-0.2372672425714768,-1.2751042921605347,0.48514999371360545,-0.37755542967536826,-0.86270542338897371,-0.82640790661110941,-0.31254541155379911,0.5138624950573103,0.5216227536856195,-0.19903385735409529,-0.72065661103971479,72.36208977905244,64.631882200315886,7.7302075787365538,64.295786295622747,8.0663034834296923,84.508302433971949,54.865915729141307,167.84302505885717,197.41958419446189,154.05187794596571,155.98787655243694,169.20489923221106,178.14514222538068,197.95754591510413,202.89103771075983,219.72685615593565,227.34666426028397,244.19657445430323,246.19483193623498,4.6816166686514862,2.4201028306787009,-0.40355177332679659,-2.8236546040054975,8.9797763963580621,-0.52154002621509221,-9.5013164225731543,4.9026592221677845,-0.55464382224030828,-5.4573030444080928,7.1688237557983996,-0.5607446120576185,-7.7295683678560181,0.84767151381893768,-0.45063752008317692,-1.2983090339021146,55.130640730330924,66.9745611651324,-11.843920434801475,67.48951387811212,-12.358873147781196,76.21473989128026,69.479731763120071,273.44394262414426,202.46046469313902,148.44511731081326,148.50957494433356,172.90228735246293,167.52505316906462,205.53551630575524,197.10216288645395,235.91159297999798,229.12293001306779,249.70154248686651,250.95750819949816,-4.4971303729109025,0.7285445781811859,-0.021853715945894692,-0.75039829412708059,-5.1172829392334904,-0.057845914490201267,5.0594370247432892,-9.1210422522622139,-0.015222672038873952,9.1058195802233399,-7.8329246353021915,0.039814545294547088,7.8727391805967386,-0.27210914653548457,-0.10548983089620378,0.16661931563928079,4.6494724879274258,9.1787470415623886,1.276927496902232,1.691558252497515,7.9419393467690043,14.097059335591553,4.417509228454179,14.023701474429998,7.995231662409509,15.001748391100591,0.32604876013331818,1.1197806603544223,0.38034892839267082,0.52580079070909347,0.44123712251686065
2116,2017,115.32552752905448,41.725190861910242,3,10,23.10387543037033,3.2916717529296875,166.06250119497054,151.59465425383314,14.467846941137395,150.96561605809984,15.096885136870696,193.41625419679713,139.17812195132501,496.32252250611782,199.84221959499646,151.49133889436496,153.13973122802346,172.92725420936807,172.08304200057782,198.29040532238233,198.28280070613084,226.73868076102926,225.47010047210603,247.7654420852937,246.27356918609476,0.29540377793577477,2.1758143539333332,0.45368189501189704,-1.7221324589214362,0.54792899819500462,1.3950930293341628,0.84716403113915817,1.4841953286214391,1.621407859147638,0.13721253052619886,0.18211604362835487,1.4885744490945285,1.3064584054661736,-0.65737424117753562,0.91583772129550312,1.5732119624730387,116.7225121980664,85.086002162614022,31.636510035452375,83.710501713656413,33.012010484409984,124.49442233089576,93.130205447399931,243.65657328092493,202.08476139576013,163.45804958209695,157.11492905951337,180.14743488257673,178.36156949001494,200.05464557337601,201.38863423994184,222.77032332410539,224.47798144830875,243.64938237683981,242.25079943011613,0.87482282885125073,-2.8766706212459781,1.6347178922505918,4.5113885134965699,-0.14057185586901255,1.9460229412004821,2.0865947970694947,3.0516117619072816,2.4200177493981982,-0.63159401250908331,3.9157083622372397,2.3666192352561097,-1.54908912698113,0.5855258838423083,2.0151785297645404,1.4296526459222321,49.33998900435472,66.508649900746605,-17.168660896391884,67.255113604353028,-17.915124599998308,68.921831873351948,46.047916563529725,252.6659490801394,195.59734364344575,144.07568236209812,148.90502405055065,152.90972347042788,165.13229602838521,187.25492343295195,192.04975379346953,236.00183546292601,227.37489093677408,252.21892453553409,251.11451352757751,0.80077974931936069,5.8662905538252232,0.27205029637366351,-5.5942402574515597,12.199328145749945,0.64230437464792089,-11.557023771102024,4.5883652741992762,-0.86522381462151543,-5.4535890888207916,-8.9869444572847499,-0.14182144406137809,8.8451230132233718,-1.5773360075650373,0.13019673427709222,1.7075327418421296,0.57941905091547596,0.074043079531890044,-5.0524849751793113,-8.7429611750712013,-0.68850085406401718,-12.339900001618958,1.5674164332858425,-1.5367535122919946,3.7335923186088849,12.90265281952199,1.2429001250198439,2.1628618914073456,0.49092386952462258,0.64366060054200613,0.66914400152611997
2117,2017,115.57552867262496,41.725190861910242,3,10,23.10387543037033,1.2173919677734375,148.95923581023089,155.66504274526233,-6.7058069350314327,155.95659819953289,-6.9973623893019976,188.03494955553469,126.16578084990033,469.19614120572805,202.47788682329823,151.2653284192034,155.83232516310477,171.82792992308126,174.70759969925027,200.77480735887414,201.59464307984163,232.38991634288354,229.2606641971982,253.23499847009629,250.68993479367089,0.36366904075785556,4.9739681780824583,0.2181948186920124,-4.7557733593904459,3.4454991552198067,0.55567442420127122,-2.8898247310185354,1.2673599525032557,0.60160546679020399,-0.66575448571305174,-2.5870462047216165,0.56497653283156524,3.1520227375531817,-2.3500549795087977,0.32320081345079643,2.6732557929595941,97.999096030027431,86.214442388954922,11.784653641072509,85.702065388435585,12.297030641591846,106.48429400179339,53.780565139026294,183.8832444499858,199.7190082604881,159.94330885495421,160.67483641910724,175.27281624937646,181.80182430451157,198.67470584873448,205.04380112535986,219.81394103046534,227.95969765779969,242.37710486653515,246.23482595720091,5.4466105723582814,2.2316756060290288,0.35252302066791685,-1.879152585361112,7.2024948765200349,0.73333393231200716,-6.4691609442080278,6.3778129610999201,0.90528008822607831,-5.4725328728738418,8.9827541077736441,0.83515774575309365,-8.1475963620205505,4.1858318076362195,0.5822973280452004,-3.6035344795910191,50.960139482180239,69.450599257508657,-18.490459775328418,70.254533407143754,-19.294393924963515,81.550655177486988,72.385215524609521,285.31289602816105,205.35019515075302,148.0078114619597,151.52523238120051,168.02374292651137,167.62020538422837,206.86255616663271,195.46555571172624,244.66396679056021,231.39167304933099,264.17281759393927,255.62121010796537,-5.5326863199880449,5.0112197572067316,0.16801064958477241,-4.8432091076219592,-0.058149031315537059,0.40974638421656095,0.46789541553209801,-11.141879553709856,0.031889335895897375,11.173768889605753,-13.493690939988625,0.12317828240352924,13.616869222392154,-8.6249238480017709,0.1270044822611851,8.751928330262956,5.0829415316004258,10.979296892346326,-2.7422925720534295,-2.7795441511777028,3.7569957213002283,7.260643907835572,5.1104530085966644,17.519692514809776,11.569800312495261,22.476445047762269,6.5358867871450173,12.81075565563799,0.39191124628060114,0.56630054281661113,0.42626903092692886
2118,2017,116.32553210333634,41.725190861910242,3,10,23.10387543037033,6.421051025390625,147.92740134141422,148.15110992401242,-0.22370858259819215,148.16083732320476,-0.23343598179053515,158.79676530112192,135.13264261826225,424.0685722604394,196.60266425156115,144.04431546370594,137.46665850757537,163.36436047430416,159.40858760891641,194.5363258512717,190.26857103657468,229.37545612978556,222.84327530721103,252.9951545842695,248.74745983596478,-2.9762036376965284,-5.4842759645008528,0.65179862967602276,6.1360745941768755,-2.1147434377871832,1.892976104854057,4.0077195426412402,-1.6181864833157249,2.5352543392349673,4.1534408225506922,-4.2708242188368786,2.3151711859108559,6.5859954047477345,-3.3808403730233181,1.0653821382310014,4.4462225112543194,68.592139010939718,72.701505873834321,-4.1093668628946034,72.880173487192224,-4.2880344762525056,73.403116769793996,48.066531775566546,139.68748361850157,191.42722930067876,138.98381168661319,143.26342034960066,164.64354571517515,164.64665544274419,193.99553672423883,190.78679254666159,216.32901910085823,217.82872930781579,238.87484551691182,238.62051264299581,4.3006891517445354,9.5349510978528258,3.9239943358986409,-5.6109567619541849,3.7598151887042377,4.6599598408590737,0.90014465215483597,2.0240736697502371,5.0716279928969072,3.0475543231466702,6.6189026523434791,5.0661509751577114,-1.5527516771857677,2.751909360764671,4.5793810826239394,1.8274717218592684,79.335261797757994,75.449604437608286,3.8856573601497075,75.280664014826471,4.0545977829315234,85.393647901753866,87.06611106807577,284.38108837604523,200.24791048271132,144.62809699711818,132.82279068853722,162.77094938772888,155.19239137807241,201.47251109046172,189.46378048744006,238.2304320233273,229.72081376038781,254.70151752425923,255.03070147739442,-8.5087346414748595,-10.54921493340575,-0.43619714248413288,10.113017790921617,-7.7974876171240624,-1.9071031272824257,5.8903844898416367,-12.445076968963861,-1.8123038071373401,10.63277316182652,-10.429472781421225,-0.98001890595611485,9.4494538754651103,-0.48712111859458673,-0.16497454090043107,0.32214657769415567,7.2768927894410638,12.809423793219395,15.019227062353679,20.084166031258576,5.8745586264914209,11.5573028058283,3.642260153065962,14.469150638714098,10.889726871180358,17.048375433764704,6.132749733787989,3.2390304793592577,0.32939833969283927,0.4622456674769268,0.35569889587188969
2120,2017,116.82553439047726,41.725190861910242,3,10,23.10387543037033,7.5,158.56747379724038,169.45758504338664,-10.890111246146262,169.93106671226269,-11.363592915022309,166.35389587108148,181.54324844008443,477.76074350252748,195.15015404375654,139.49096348328825,132.76423374266881,162.14408503830961,156.68243848158176,194.97422052743377,188.24074008780786,227.40408887493152,220.56861365513282,252.16720778162542,246.95605369765292,-2.4388665194474584,-5.0226319633972025,1.3828106544134187,6.4054426178106212,-2.1430038653128349,3.2909017814904473,5.4339056468032823,-2.42258416630753,4.3096025611800712,6.7321867274876013,-2.5869785376890775,4.2716590071609062,6.8586375448499837,-2.1026189415931071,3.1893034862613092,5.2919224278544164,111.43739877584085,115.47735304365415,-4.0399542678133002,115.65300461264269,-4.2156058368018421,118.83786226751909,129.06189828980132,262.29496401501819,193.34461614703588,137.37186138420486,139.49263644919662,162.79497599551561,160.86554788435234,194.5220239187706,188.28081063888175,222.09722750313179,216.4971308682095,247.44882843194731,238.39209671981951,1.5348285586070176,8.0604427137285199,5.6461848329811062,-2.4142578807474138,3.8403657905340367,6.1081958172826205,2.2678300267485838,0.31304382729109648,6.517655711861579,6.2046118845704825,0.96124440507423969,6.4122100471723797,5.4509656420981401,-3.5813447711699951,5.9540642512348541,9.5354090224048491,47.1300748425856,53.980230549354928,-6.8501557067693284,54.278062963887351,-7.1479881213017507,47.516033424748457,52.481350120480784,215.46577913686633,199.62619533285994,142.44798029550719,122.78291795129714,157.95972859139439,144.57959441663513,197.91400461041383,188.08515064474551,239.38975133963723,234.62084070572078,259.02478075288786,262.04237606238536,-10.914988722178833,-16.296983053338082,-0.72879825204572057,15.568184801292361,-14.280578345738775,-4.7028281548315363,9.5777501909072384,-13.519522006679011,-3.9361721678806418,9.5833498387983695,-8.8086742968570206,-3.2256198814633592,5.5830544153936614,1.6082880993641879,-0.5298356371661157,-2.1381237365303036,3.973695078054476,12.449817280785851,13.083074677125722,24.357425767066601,5.9833696558468716,18.120944136272811,2.7356279935986265,13.832565833970108,3.5482229427633172,9.7699187019312603,-1.4787258295768879,-5.189632870534183,0.54900903345908869,0.71436777386695127,0.71091543970249171
2122,2017,117.3255366776182,41.725190861910242,3,10,23.10387543037033,3,190.69067561626434,191.4860463142395,-0.79537069797515869,191.52063119411469,-0.8299555778503418,206.90507644414902,169.28325740088439,516.63309144228697,197.45916035224272,141.22419242096913,134.07306976837296,165.20995789770208,159.53693402676538,198.3696974686228,192.27542392269797,229.41800427557462,224.82091096859918,251.65425293233383,250.71659029840575,-3.5754662588340693,-6.4923423991720313,0.42479534657840645,6.9171377457504377,-4.4923833961165656,1.2424503265206681,5.7348337226372337,-4.550850640858954,1.6358093008166179,6.1866599416755719,-3.0680496267359842,1.6899510827741153,4.7580007095100996,0.38640736042702883,1.1244332046832426,0.73802584425621376,125.39172155410051,128.07379701733589,-2.6820754632353783,128.19040730595589,-2.7986857518553734,136.61760876327753,123.15207211566667,281.65321743267123,199.31274477306278,138.70289530751779,143.10816959612501,170.54705961394646,166.0769167654513,200.4766366479484,194.03289123071437,228.87754506218988,221.65054229840359,249.55848586636466,243.14489154186276,-3.1616094771208338,6.8866275061361364,2.0217110296765384,-4.864916476459598,-1.9474401768052303,2.4116093946670105,4.3590495714722408,-4.0262648431725836,2.5226012612403679,6.5488661044129515,-4.6191768616218667,2.5112522678445828,7.1304291294664495,-4.7148302728714953,2.3459492082846793,7.0607794811561746,65.298954129219055,63.412253439426422,1.8867006897926331,63.330222874879837,1.9687312543392181,70.28746771812439,46.13118533737179,234.97987402975559,193.32318198682967,143.05194918246869,123.6811999444289,151.14095834950297,145.61687356390524,187.20376154353997,186.38375208198153,231.07227713092806,233.90782808135134,256.99702736970175,263.0018506746577,-2.8778208070594928,-15.596186439199599,0.43095531220915007,16.027141751408749,-4.7279198518750718,-0.55870145816570016,4.1692183937093716,-1.0434013169206366,-0.97095104649625341,0.072450270424383234,1.2084010645148169,-0.94429104104193584,-2.1526921055567527,4.6707337234369675,-0.015682351899954483,-4.6864160753369219,0.41385678171323548,-0.28378867006134101,13.378969905308168,22.482813945335735,2.5449432193113353,2.7804796750698415,0.52458579768637037,-2.982863526251947,-1.5511272348858824,-5.8275779261366836,-5.1012376332985241,-9.3855639963084627,0.54517068708544902,0.66029123649924293,0.72749115303249878
2124,2017,118.32554125190005,41.725190861910242,3,10,23.10387543037033,8.84210205078125,218.63944723974419,215.59372871016967,3.0457185295745148,215.46130896068644,3.1781382790577482,225.59673944304814,172.5383448623943,522.64249882102013,194.35624367869511,136.76049106312027,126.66390929465307,162.42244376867544,152.47368501881277,195.07994299115168,186.00783475668644,224.89854414660411,220.19925194108416,251.30167742108441,248.34440579720064,-3.3238071034927543,-7.2517512260001808,2.0040319791012422,9.2557832051014231,-5.9368782942584915,3.8970829919510663,9.8339612862095578,-3.9601482053715245,5.1998477347471237,9.1599959401186482,0.18798498839214517,5.0015687902705679,4.8135838018784227,0.49127580046217645,3.4215798559359314,2.9303040554737549,161.63629033338657,137.82686947205366,23.80942086133291,136.7916770005686,24.844613332817971,165.67949944129941,124.11658710280244,312.14806465961738,193.45524144823514,133.36684151893778,136.09602431394438,164.1317966529694,159.21182105179864,195.76230871244255,188.02308347733472,222.25383256307529,217.25906163660778,248.38057049516092,240.48102156573512,1.8608055234053609,9.5709468560770574,6.6359328363191423,-2.9350140197579151,2.3412791019379995,7.2620961432530748,4.9208170413150754,-0.26539008858998159,7.5633120669969571,7.8287021555869387,2.3448117144981779,7.1953154286074721,4.8505037141092942,-1.8004267997700083,6.5083904530688699,8.3088172528388782,57.003156675389619,77.766862599504748,-20.763705924115129,78.66963258596661,-21.666475910576992,59.917239770780725,48.421757886251726,210.49443417042494,196.76633555911715,144.0827171805021,116.65480271933116,156.33071988189536,136.95550819057678,191.59750600308351,179.00399885120481,232.62169645057341,229.27183691808821,264.48071816942809,261.67356148339979,-12.512441345162244,-23.70025190048797,0.58248656802615528,24.282738468514125,-17.739107558957869,-2.0667677393858241,15.672339819572045,-12.730006843304977,-1.589866435292663,11.140140408012314,-6.1314972206774314,-2.0253247614164138,4.1061724592610176,-4.2713066279250711,-0.086051013090866491,4.1852556148342046,5.1846126268981152,14.373246868567605,16.822698082077238,33.271198756565028,8.2781573961964909,20.080386660895869,3.6947581167815429,12.464616754714996,2.1568267261060328,8.4763089351756093,-2.2917026002321847,2.4708798281550628,0.59724967901340342,0.73440555856581946,0.71935654188516762
2125,2017,118.82554353904098,41.725190861910242,3,10,23.10387543037033,6.9499969482421875,222.49905961751938,204.04874932765961,18.450310289859772,203.2465603351593,19.252499282360077,229.0311646789396,179.18406251965644,528.48524939268827,195.87935507648248,139.1516070310102,128.39775417294149,160.88283969527086,154.35133304491578,195.94385746004195,189.47158333768655,229.19187537638652,224.32926609950073,255.64361145766949,252.85671928067524,-2.6093084423058031,-8.0811844783399067,2.5781901456268486,10.659374623966755,-3.0767786425566896,3.2954781935717676,6.3722568361284573,-2.4751002292495343,4.0030640735122915,6.4781643027618259,-1.2007414450752378,3.6970637541575968,4.8978051992328346,-0.76426528027985796,2.0431926154795974,2.8074578957594554,147.19667839258909,119.16522666811943,28.031451724469662,117.94646695256233,29.25021144002676,152.18760248871604,119.13830073177814,285.22565742116421,194.51184590358704,136.27858383787293,136.19320324837548,164.36595408132087,160.68443399323402,197.11005489157088,191.4204032240736,224.35411100461153,219.75166941988832,248.09391049186584,241.8491251642223,1.2920318443640895,5.5097439028230326,4.7669599252320722,-0.74278397759096038,1.7976730730387942,5.3713163321019408,3.5736432590631466,0.33608551720880087,5.8395482050050305,5.5034626877962296,1.478585062275414,5.8554921237495421,4.3769070614741281,-1.7337933260326963,5.4156495645228517,7.149442890555548,75.302381426095963,84.883521914482117,-9.5811404883861542,85.300092756748199,-9.9977113306522369,76.843562391389241,60.045761713372485,243.25959228724241,198.58987067520795,140.70726820134973,120.66682997487725,153.198699917721,144.03074424728044,194.12413819685264,184.88567477722475,240.10270184236728,234.96616626142512,267.40543772520317,265.04470144592023,-8.5364409285266447,-16.432271021507958,1.826194547108372,18.25846556861633,-7.5760243382569286,1.2966417485162935,8.8726660867732221,-9.0832364573287521,0.18211366991485534,9.2653501272436074,-6.6213252284061923,-1.3874812061156945,5.2338440222904978,-4.1799840398343804,0.19281649743845719,4.3728005372728376,3.9013402866698925,9.8284727728907342,13.590928381162939,21.942014924330991,4.8744517155954838,9.3736974112957228,2.8111857464583352,9.4193219745375529,2.6793265073506518,8.0999102906816063,-0.96952804575283835,2.4461907138016841,0.53970410290340709,0.66448425349473994,0.6648934009893247
2126,2017,119.57554696975237,41.725190861910242,3,10,23.10387543037033,-4.7083282470703125,149.50467155875958,146.44875582986424,3.0559157288953429,146.31589143902602,3.1887801197335648,202.72731334834862,138.76175657440035,496.37899037450552,203.79987261676177,151.13794883495626,152.97405551779346,172.79752471918263,173.68678624401937,201.61966425972318,203.04805912447821,236.34964692703687,233.14984942229208,257.78443894191179,254.36212743460356,-1.2455071695064248,2.0965309798916394,-0.11007667881335692,-2.2066076587049963,-0.33342836402536591,-1.4290284883644233,-1.0956001243390574,-0.24275543442030312,-1.5366365051351067,-1.2938810707148036,-4.6555535192447053,-1.3552887328401653,3.30026478640454,-3.9150164509399303,-0.33075028522014804,3.5842661657197823,76.306539555382187,70.784877020450949,5.521662534931238,70.544804301247495,5.7617352541346918,80.134704984144264,79.020645002377933,182.64566103706602,214.09318879645048,176.93023993865111,165.62634999879808,194.58490385278205,189.92077232676328,213.64328255605227,213.91233693944747,237.86405598832511,236.06046151688062,250.66054817091026,253.2855942984956,-5.57030286476936,-13.083145380009967,-2.0966411726965362,10.98650420731343,-9.1166365615410996,-3.3650632687966038,5.7515732927444958,-3.7069300919528985,-3.6775525741971649,0.029377517755733606,-5.4020510422322445,-3.2096723498313224,2.1923786924009221,-0.5635664610984179,-2.9058055631013531,-2.3422391020029352,73.198131781722623,75.663879335922502,-2.4657475541998792,75.771087008634822,-2.5729552269121996,122.59260792648274,59.741111650253515,313.73332902789116,194.81504899096322,146.43618437917533,148.07546545761755,156.41505626782097,163.71938381769988,183.86373868397763,188.2285619966637,231.70901193259323,227.99376958253436,265.152150188029,255.97928953496967,2.0965028139920605,3.3031198671002642,0.12829460493711053,-3.1748252621631536,7.2982652103129908,-0.24681887260547342,-7.5450840829184642,5.7666108406313299,0.15634012741006131,-5.6102707132212686,-1.5146133605258285,2.2898407051557967,3.8044540656816253,-8.9891267517070332,2.0633516798685605,11.052478431575594,-4.3247956952629352,-7.6668056787614205,-15.179676359901606,-16.386265247110231,-8.7832081975157337,-16.41490177185409,-3.4641746575325953,-9.4735409325842284,-0.74649752298753924,-3.887437681706416,3.3514499898415124,8.4255602906086153,0.36795606699482675,0.3952832189239735,0.56946990981632006
2127,2017,119.82554811332282,41.725190861910242,3,10,23.10387543037033,4.7368392944335938,193.91100562814972,203.79852646063955,-9.8875208324898267,204.22841676708049,-10.317411138930765,200.81658460066683,159.55923803804217,491.63087575137615,197.5637963665605,140.66234602309913,127.13847321995657,162.29144914866052,152.35858385956161,196.09197020650413,188.97164180916391,233.55706573971651,225.59836430154741,258.19655047027493,254.35723560339775,-6.0953766554357856,-12.108149153120195,0.66567693062317801,12.773826083743373,-8.1707169656078236,1.6634106153549055,9.8341275809627291,-4.9771434348876937,2.2097687510313904,7.1869121859190841,-5.9400636461156466,1.9783027840368561,7.9183664301525027,-3.0712690012651649,0.95848852065768142,4.0297575219228463,84.598205617588974,94.748060224941582,-10.149854607352609,95.189358541596448,-10.591152924007474,88.887599766207813,92.529667038243133,202.11081525264308,202.74076914863218,139.62944492824661,141.40965406954132,177.98509079169102,167.49669008137076,205.45871629585238,196.73958878284265,233.62701071822394,224.23119150412549,251.66739300772306,246.82475825553823,-3.5643960061712789,5.96885433923444,3.0937360072115609,-2.875118332022879,-7.3122447349159927,3.7976057581550435,11.109850493071036,-4.5440259066152748,4.0086276432922432,8.552653549907518,-5.057935312242563,3.8568489587795511,8.9147842710221141,-1.6320259033452942,3.6267358926487532,5.2587617959940474,109.31279998075843,109.05046251354361,0.26233746721482021,109.03905706319347,0.2737429175649595,111.92898479681389,67.029570962546131,289.52006042003632,192.31569716159268,142.36131970334176,119.43653320162883,153.65309883669042,140.10426916065254,182.47439524862435,176.63169732041769,233.34368028707144,227.77534657780049,264.02259290427475,261.72194980812304,-7.9940566100495971,-20.550055119624218,1.0407227970895434,21.590777916713762,-12.806448647797595,-0.79268968701401832,12.013758960783576,-6.0635364495677777,0.40396982058959452,6.4675062701573722,-6.4795588909538253,-1.0666198987518385,5.4129389922019868,-4.4530767343547382,-0.86502837078552375,3.5880483635692144,2.5309806492645066,4.4296606038783182,18.077003492354635,26.518909458858658,0.85847223069183087,5.494203912881602,0.43311752827241889,1.5195105429525029,0.88212833387308365,1.4216235787112623,1.4392430979198707,2.821050831009444,0.4111027708415389,0.44263077147221164,0.57990792746316688
2129,2017,120.82555268760467,41.725190861910242,7,10,23.10387543037033,-1.375,154.7640797495842,154.46160489320755,0.30247485637664795,154.44845417141914,0.31562557816505432,197.80723234266043,130.99454413271633,496.44638546556234,201.78302761091547,148.87537173967968,150.52730159631577,171.61419682810515,170.89881693141726,198.55105844145083,201.31967700907231,233.69373216405813,232.31035572874762,258.3818339024192,255.24173160749598,0.22806733497137088,2.0496006104388869,0.17147974977925173,-1.8781208606596351,-0.95101836026520914,-0.20805748903458721,0.74296087123062193,2.357720238045971,-0.3332658920183178,-2.6909861300642888,-1.722381396613855,-0.25341032910901617,1.4689710675048389,-3.2665651403961249,-0.059072243259578272,3.2074928971365466,62.459394158329815,72.872430220246315,-10.4130360619165,73.325170278549194,-10.86577612021938,66.223258863668889,81.363328126753004,159.90279022458708,216.17771987742037,177.95539653328635,162.29486519831718,197.07542943610142,186.98599265968639,213.55268030281889,211.28135268011312,240.29799662365465,234.61748575784247,256.00243252010506,252.71276079138551,-7.3354511092509256,-15.103869978504861,-0.66581258475812888,14.438057393746732,-11.611490177396348,-1.0482532288462494,10.563236948550099,-3.750796375446356,-1.1501510130513566,2.6006453623949994,-6.8361746774869516,-1.0843958081128449,5.7517788693741068,-4.5078999856794439,-0.97561854836109774,3.5322814373183462,92.304685473442078,81.589175470173359,10.715510003268719,81.12328414618969,11.181401327252388,131.58397314697504,49.631215998512744,336.54359492473304,190.05959810611566,145.2581348489181,145.51205396739013,155.39720392117204,161.08610227822524,179.98320915050107,186.28547392218053,218.71604968924336,228.65468218941021,260.41809015462178,259.05144090321426,5.2787371545364863,1.5891271870913783,0.07832046517762592,-1.5108067219137524,5.9832523404731148,0.17896603452027193,-5.8042863059528429,6.2180706182820416,0.12615648190083562,-6.0919141363812059,10.428268266983935,0.72713752785094243,-9.7011307391329922,-2.1773622120372238,0.8840471730256354,3.0614093850628592,-7.5635184442222965,-12.614188263787412,-17.153470588943748,-16.692997165596239,-10.660471817131139,-17.594742517869463,-6.108516613492327,-9.9688669937283976,-5.1137932808730966,-17.264442944470886,-1.2413348452833191,-2.3305377736422201,0.32209478184564055,0.33478684312690188,0.62111997614435177
2141,2017,125.57557441544347,41.725190861910242,4,4,23.10387543037033,8.5833358764648438,240.26438105106354,224.50529438257217,15.759086668491364,223.82011294364929,16.444268107414246,252.42280644271705,148.31021124892141,518.2437116317451,192.2491065873744,131.78327486248156,130.33527616067676,159.15126521963819,152.86295263874663,191.95307446246431,186.47205456745672,224.31344426155252,220.90176363894102,252.30727081211816,248.58336108697759,-0.60878551894606403,0.18578787369071392,1.709297805090273,1.523509931399559,-2.2527317895477665,3.9152726001179303,6.1680043896656969,-0.93074680494535755,4.6763611430710341,5.6071079480163917,1.1522325701673708,4.6172172861579668,3.464984715990596,-0.85286478729699411,2.9724606628156494,3.8253254501126435,166.50200087577105,142.53821411728859,23.963786758482456,141.49631130695343,25.005689568817616,167.44566309452057,100.35404972775177,275.70671746274456,195.65150384294336,143.12220054970223,138.30768611812979,166.68959867107492,158.10545331753593,194.44625098419911,188.50586025033192,223.60607499449293,218.82092707528724,249.74759052786874,241.56179847694776,0.66903737400730279,2.624705769341972,7.1217381381752318,4.4970323688332599,-0.93744268611146708,7.5222880460539443,8.4597307321654114,1.5421470186572037,7.6521867948769113,6.1100397762197076,2.6059472750818031,7.5130874197461424,4.9071401446643392,-1.1367313082439523,7.1464532887123937,8.283184596956346,73.762380123138428,81.967078149318695,-8.2046980261802673,82.323803156614304,-8.5614230334758759,84.977143348196478,47.956161521169633,242.53699436411262,185.39483473929985,119.25502428386606,120.60891215686499,137.70944630443242,141.04373430816824,182.56535660245245,181.48326572400484,226.24747456981081,226.5389123934101,262.04799376436438,262.45298613362331,-1.4280875284581498,2.3195385210235031,0.23361331622498938,-2.0859252047985137,1.3711414208577253,-2.8346186745464195,-4.2057600954041447,-3.2454298343571111,-2.8542505407893941,0.39117929356771697,-2.8038376399806566,-2.6947075582983473,0.10913008168230931,-4.8288792033267782,-4.7397102586430719,0.089168944683706286,1.2778228929533668,2.0971249024654526,2.438917895651258,0.30516724831846886,1.3152891034362995,-2.3085841069691924,2.4728938236025613,4.7875768530143148,1.4537147049144323,5.4097849150624597,-0.28386652094695819,3.6921478950828259,0.53200205091664854,0.66335393958358291,0.67664963108520693
2143,2017,127.32558242043672,41.725190861910242,4,4,23.10387543037033,0.90476226806640625,141.47183358990878,127.85306053057138,13.6187730593374,127.26093957577541,14.210894014133373,171.7040280690444,245.60438419248385,523.65200465451926,190.69308652830145,130.64173535630698,131.98783201212453,153.8276151752477,155.34983327919676,189.82419728458495,189.99882415531016,226.23676885619091,225.35707545772715,251.79501819794899,250.86837076986976,0.5911770340327962,1.777013932901923,0.20660152963330347,-1.5704124032686195,2.3745079816555688,0.42639429591420708,-1.9481136857413617,0.58899547740969638,0.49980182207460189,-0.089193655335094491,-0.4381414074861425,0.47090297885549148,0.90904438634163398,-0.5307082447482685,0.41835586442081762,0.94906410916908612,102.67119861351966,86.330829074860958,16.340369538658706,85.620379842206603,17.050818771313061,112.82314167483332,172.6862358139042,298.58367539197206,192.66976309758235,138.16118957432792,140.09311350468678,159.79755455514075,160.37200505380952,189.92831806263911,192.95047784605188,226.80525837811527,226.77495395286965,251.22471423195765,250.03642177024119,1.9021270411781472,3.0974206111123692,0.70602639086357044,-2.3913942202487988,1.3739242957598208,0.7364860525355823,-0.63743824322423848,3.5637659970572884,0.73549048822783902,-2.8282755088294493,0.2976329583902384,0.72164772570587843,0.42401476731564003,-0.65257098035689864,0.68791837164522462,1.3404893520021233,38.800634976389119,41.522229903152038,-2.7215949267629185,41.640559821556963,-2.8399248451678432,58.880886555285542,72.91814857229474,225.06832959782332,186.41111510679866,119.11142652058263,121.38740238929262,142.73371428911432,143.50627605889161,188.84370863759816,183.02377451910948,224.99422719008822,222.5979377260399,253.07785453747346,252.91029930557437,-1.4923125738662293,3.2634618386738623,0.15557993891695787,-3.1078818997569044,0.69011154025099586,-0.36145535882752711,-1.051566899078523,-4.9920888689348999,0.0026526808730693574,4.9947415498079692,-3.71967591404362,-0.1132499863498424,3.6064259276937776,-0.79863911563975876,-0.20524402874326597,0.59339508689649278,1.310950007145351,3.3944396150443765,1.3204066782104462,-0.16604122756149309,-1.000583685895748,0.68381275550882492,2.974770519647592,8.5558548659921883,0.7357743658763809,4.0173088724338584,-0.12186273560863015,0.14606813528286011,0.57019484836874335,0.65707917830247808,0.70310730153158585
2144,2017,127.57558356400716,41.725190861910242,4,5,23.10387543037033,2.6086883544921875,142.89882477327046,129.42413196325651,13.474692810013948,128.83827598398057,14.060548789289896,168.40792256347777,224.20453515154441,501.15463494695723,190.85048335244682,133.50460616432437,133.47822495581389,156.9321761684769,156.3446320622154,189.33921261177466,188.58237003680182,225.05583508225374,222.98568471956483,249.7875050656292,248.01599342688351,0.27527289432788393,0.59055401273306529,0.68964520065802049,0.099091187924955193,0.80741385771187879,1.2177227376114956,0.41030887989961684,0.5682598192589694,1.4510198154735008,0.88275999621453138,-0.58640083091668771,1.425665765089235,2.0120665960059227,-0.72171496338191332,1.0916759063781569,1.8133908697600702,103.1375921243598,82.8921541178388,20.245438006520999,82.011916019477212,21.125676104882587,109.00289601700206,149.42312758911248,267.04108835337684,192.34555283073399,141.52656360044395,142.13882650754019,161.90105848835148,161.54098895557749,189.03137854536362,190.98563337760842,224.56774123022879,222.91036101582074,248.10649545208224,245.51220859147205,2.2829497411299258,3.1344835207686401,2.1463709400402138,-0.98811258072842634,1.882809962179067,2.3005053687420514,0.41769540656298432,3.9256890113327927,2.2223645264353138,-1.7033244848974789,0.66559806064819327,2.0655998389154888,1.4000017782672955,-0.63477809004419328,1.9843224388420708,2.6191005288862641,39.761232589306019,46.531979716484784,-6.7707471271787654,46.826359982644135,-7.0651273933381162,59.405026386288228,74.781407489870617,234.11354635469615,187.97116959339581,121.90931788538776,123.13687886034285,144.78548271453687,144.15669098655096,190.52502508793299,182.90046082389586,225.78609345248839,223.12504671289255,253.97904172944965,253.04742726270672,-2.6787516506898612,2.2284870019344538,0.25088867680155147,-1.9775983251329023,-0.88292341184416046,-0.70728279956441042,0.17564061227975003,-7.169081902313053,-0.046311823852477119,7.1227700784605759,-4.0225469839076027,-0.32042755751206187,3.7021194263955408,-2.0692091630446328,-0.76734222788519446,1.3018669351594383,2.0076768468020418,4.961701391819787,2.5439295080355748,0.9059965188341863,1.0753961044671883,2.7657333740232275,3.3574291920738233,11.094770913645846,1.251998891564881,4.6881450445557959,0.086936873337720044,1.4344310730004395,0.53285167836797676,0.64725515497001485,0.66645898794203406
2145,2017,127.82558470757763,41.725190861910242,4,5,23.10387543037033,-4.6666717529296875,109.12967770903924,105.78406960823122,3.3456081008080218,105.63860757790826,3.4910701311309822,144.34088687541589,200.68520303080732,449.71482744906098,196.51842107754356,141.59619711221663,140.78116738774213,168.63575489547671,166.17026072979527,197.0198666231538,196.80943645060242,226.67367332936212,226.96544966386324,247.75042610477232,248.05207275670202,-2.2164475636973009,-0.73934099466021053,0.049673100621816957,0.78901409528202748,-3.9614531318484296,-1.4900504770515965,2.4714026547968331,-2.4928362398766524,-2.2493900984337643,0.24344614144288812,-2.0061368143928746,-2.2987950456288786,-0.29265823123600399,-1.3073058283625585,-1.5551239674157671,-0.2478181390532086,69.403764878421498,63.700594420530251,5.7031704578912468,63.45263046360742,5.9511344148140779,71.58315069044329,139.78721348470935,220.09184155799448,205.24855109195576,165.07272508775461,159.57338708665935,180.34231324111823,178.24863459422866,202.89318160768659,204.13449827162495,232.10562440411749,230.23076514843675,249.68050546243938,249.15995563174167,-4.6060364295135514,-9.0891478441434401,-4.1997280040514795,4.8894198400919606,-6.1560064980861,-4.1061372059834582,2.0498692921026418,-2.519193910459677,-3.7671594484944251,-1.2479655380347481,-4.9217300473525256,-3.0637623764991133,1.8579676708534123,-3.4636395408068097,-2.5203872798168163,0.94325226098999337,39.725912815716583,42.083474512182875,-2.3575616964662913,42.185977293114775,-2.4600644773981912,72.757736200805084,60.897989486493316,229.62298571038991,182.71212320336605,127.4156748290595,129.56489122714845,142.21587958025452,145.60490684249723,181.04138320429195,183.23503488089619,220.10834014797021,220.07959755030888,237.59165602250434,245.71153634831845,2.8555787133707042,2.4856345822917945,0.084971647699035202,-2.4006629345927593,4.8900471788421385,1.4380827044345494,-3.451964474407589,2.7288070066302623,0.36398526091667804,-2.3648217457135843,-0.77293856293027829,-0.37119956894719053,0.40173899398308777,8.2995936813805997,0.50433404840237017,-7.7952596329782295,-2.3895888658162505,-7.4616151428842556,-8.3498068494832296,-11.574782426435235,-2.1945533662376704,-11.046053676928238,-0.026357670583024628,-5.2480009170899393,-2.915593232959651,-4.1487914844222473,-2.1563337124442512,-11.763233222187409,0.48940312421191895,0.49593121006820778,0.69654967767230214
2146,2017,128.07558585114811,41.725190861910242,4,5,23.10387543037033,4.304351806640625,136.76959963418631,121.68377278228581,15.085826851900492,121.02786519783695,15.741734436349361,158.62909040755403,254.17265087087799,505.64596229884773,194.40643190505398,139.19284798547474,137.29979531037043,164.38238013257845,160.82778264042258,194.08097057569466,191.54490416943105,226.15743983735948,222.78833065543688,249.48335859283799,246.39015159871406,-0.67768546201170921,-1.1453757622439866,0.7914528774041969,1.9368286396481835,-1.4654064660532526,2.0299436757807143,3.495350141833967,-0.15571729691609448,2.3800572431271974,2.5357745400432918,-0.96444464556657294,2.3694333704928283,3.3338780160594013,-1.3238783859702892,1.8295112248836176,3.1533896108539068,90.955148993609328,70.555246231588171,20.399902762021156,69.668293788012306,21.286855205597021,97.713837414604768,182.3673763862389,292.49578717816621,198.24491841872,147.1798749813864,147.23733417456651,168.97868935313429,167.26247879305993,196.46171773361817,195.55742672562968,228.97254704961384,224.20322515964673,250.561581415001,245.46891949960579,1.0928284519317231,4.1566919360109296,3.6967106516823094,-0.45998128432862018,2.2941538838502424,3.7039899006284713,1.4098360167782289,2.818644840184362,3.5742118240766274,0.7555669838922654,-1.3540188637722395,3.3171100028552587,4.6711288666274982,-2.660969373568804,2.7945615193205526,5.4555308928893567,45.814450670379301,51.128524872697199,-5.3140742023178973,51.359571243968276,-5.5451205735889744,60.915252917147882,71.805274395232118,213.15017499867827,186.30604246667525,126.25436852844246,126.58341997057762,151.02959137470012,146.99095728521283,184.98206458090377,183.27652614044217,221.8215581041548,220.30801444730068,240.31111503501691,248.28621301020715,-1.0897778943288472,0.038179002253585281,-0.66076330350097123,-0.69894230575455651,-4.8331174081055224,-1.1641795756189595,3.6689378324865629,-1.4151415148478463,0.24116908704030493,1.6563106018881513,-2.0122311038961982,-0.16291447729233255,1.8493166266038656,7.2293157182734262,-0.15725465367268043,-7.3865703719461067,1.7705139139434323,2.1826063462605703,5.3020676982549162,4.1185129337573443,3.7595603499034951,7.1272712919557648,2.9743621371004565,4.2337863550322083,-0.38957421820566651,0.65821224012395874,-1.3370909875985149,-9.8902850918422303,0.57845965158779389,0.61598939490578808,0.7174940960854328
2156,2017,109.82550237050431,41.475189718339777,3,10,23.192203952751161,6.4736785888671875,146.81378067555488,135.32414239839272,11.489638277162157,134.82459208930231,11.989188586252567,156.54277689682749,99.549170172890626,410.66422186419368,200.7286609199968,147.82431663456609,146.74242477823876,171.58444591500071,169.10442828341522,199.27599297843338,199.60896635847598,230.2520724222224,230.15917391964942,255.03497969653753,254.39948616251971,1.3873847765108565,-0.50909875053523024,-0.3793771569580997,0.12972159357713053,-1.4349279690419792,1.5401007431315747,2.9750287121735539,3.4300315022921666,2.8795287930026632,-0.5505027092895034,2.7951866421121281,2.5180562720336468,-0.27713037007848129,1.3020416297945587,2.2139394133901931,0.91189778359563434,74.252160996744351,59.489944985445618,14.762216011298733,58.848109467038739,15.404051529705612,79.643706272571762,48.2781124766434,141.95168728806311,200.74406389711632,150.56799776700356,147.68171101843828,177.59146471067885,171.61559605055032,201.84320388058472,197.41218897049012,224.83732536419438,225.02585828567754,244.23043037773476,248.18864265433635,1.7412970426012464,1.0677028887870961,3.6250278243888374,2.5573249356017413,-1.2853018871682309,3.7294014537883129,5.0147033409565438,0.82191143519324328,4.3431956230882065,3.5212841878949632,4.9046313685429652,3.9561436786807178,-0.94848768986224741,5.7563093246129995,2.832549334690782,-2.9237599899222175,72.561619897671335,75.834198791697418,-3.2725788940260827,75.976483099100733,-3.414863201429398,76.899070811745332,51.271057957017547,268.71253483369946,200.71328785532529,143.98116813739904,145.21320155816036,169.45219643974863,167.82700060271304,189.80124151076606,201.39689499643842,234.46186257761562,234.59426463766584,258.55425484369056,257.5121266667602,0.96883430902511236,2.2205614309615385,-2.3564141026404002,-4.5769755336019387,-2.0078206615704914,-0.31302412501506183,1.6947965365554296,13.718946532368136,1.517153863551755,-12.201792668816381,0.097972918820801169,0.98836494828486821,0.89039202946406704,-0.98976062749522953,1.8885038599644872,2.8782644874597167,0.35391226609038995,0.77246273357613404,1.5768016393223263,-1.1528585421744424,0.14962608187374826,0.72251877440226053,-2.6081200670989233,-12.897035097174893,2.1094447264308371,4.8066584497221641,4.4542676948184408,6.746069952108229,0.34566363401145384,0.50876640782386573,0.48496750292139118
2158,2017,110.32550465764524,41.475189718339777,3,10,23.192203952751161,4.7272796630859375,122.88343326368704,126.77206099336036,-3.8886277296733169,126.94113324302452,-4.0576999793374853,141.5935006452728,97.079705114305398,408.92625332996249,207.68426291550668,156.93347661327979,156.79409467619672,178.20650384655983,175.93084394722135,207.31368566061462,203.31355778516885,238.51397516170783,230.89577763321481,257.2162617440502,253.21785926239946,-2.5177383076619719,0.32541592776306061,0.2060473877454001,-0.11936854001766051,-0.82315262576949522,1.1779847600922722,2.0011373858617674,-2.0216932400710732,1.8598326222523838,3.881525862323457,-5.9980838435489261,1.4135553044619655,7.4116391480108916,-3.0268807139483158,1.1189198128493842,4.1458005267977001,56.556147862689613,56.145785909319784,0.41036195336982928,56.127944391640995,0.42820347104861867,64.860388523380152,36.955284880476029,135.2215175551828,203.45503188372155,155.19277273889418,155.57977642299852,179.9045946083082,175.81002781674141,201.69727528118332,199.81982004216945,225.97939061394837,226.70200792901525,249.39152941102085,248.33818359993253,-0.24990963767328367,1.5728978392546367,0.11019725895832266,-1.462700580296314,-1.8391248928568302,1.5745187059841328,3.413643598840963,0.61363093609116959,2.234582166226744,1.6209512301355744,2.371469106627103,2.3584262317689593,-0.013042874858143705,-0.064988407780845137,1.6058324464518421,1.6708208542326872,66.327285322300668,70.626275214088309,-4.2989898917876417,70.813188789070409,-4.4859034667697415,76.733112139376317,60.124420318579723,273.70473603531718,210.83061513369026,157.22306199562385,157.65443011235664,176.34091006999606,176.00239849881839,208.26107307999294,205.26378604108359,246.95455802534045,234.65390490788198,259.64226686382477,256.06825707322082,-4.2769152090814941,0.90373627099086207,0.37524489359333302,-0.52849137739752905,0.6871062227618836,0.88856627783098929,0.20146005506910569,-0.99641764408480071,2.2188131251067773,3.215230769191578,-10.721441275273236,0.38639159272526058,11.107832867998496,-4.9146311962983589,0.79009052990448936,5.7047217262028482,2.2678286699886883,4.0270055714082105,1.2474819114915761,0.6691615682637746,-1.015972267087335,-2.5262311156187138,2.6353241761622428,1.6100485801759703,8.3695529501760291,13.092910381900339,2.9618923061674707,4.8496427885175137,0.33067458118437942,0.45807461661585497,0.3806695213686882
2159,2017,110.5755058012157,41.475189718339777,3,10,23.192203952751161,-3.590911865234375,101.00171625614166,97.936765432357788,3.0649508237838745,97.803507924079895,3.1982083320617676,131.91510260034192,89.599403220723616,414.28951825946569,211.97880850198084,170.26867515560784,169.34456012559539,186.02219385383003,185.72654890434981,208.75206847416155,210.35874177146079,241.26400072149261,235.25125071469645,256.95521967969751,255.12956100710412,-2.1909243423231999,-1.6188122475130626,-1.2712162155957571,0.34759603191730548,-1.601900988554263,-1.4475250109076967,0.1543759776465663,-0.39587561528807669,-1.68280688635096,-1.2869312710628833,-6.9245970176749552,-0.96250633649367501,5.9620906811812802,-2.5097004145286235,-0.51236241859780307,1.9973379959308204,52.291566155850887,48.704977333545685,3.5865888223052025,48.549038887023926,3.7425272688269615,64.377714162155826,38.596172578632832,140.9858313864097,209.36093525237743,169.80404189763743,171.59171993414904,185.89471053513057,189.82596140679539,205.5883068822381,210.85938834837287,230.61895122037532,233.51860067435814,251.39971506966802,251.28671556213078,0.52443542183672776,1.9151958447989443,-0.41886618387940189,-2.3340620286783462,1.9406338120533917,-1.8127204301075039,-3.7533542421608956,3.2136793043998466,-1.7397775120293488,-4.9534568164291954,1.2469373236790204,-1.7139607464981168,-2.9608980701771372,-1.6347377875810309,-1.2092141982782607,0.42552358930277023,48.710149884223938,49.231789469718933,-0.52163958549499512,49.254469454288483,-0.54431957006454468,67.537388188591649,51.003230470727431,273.30368638783693,214.25290311023431,170.73375756169671,168.05138446618287,186.07929278808442,182.2880184211032,209.80016656232942,209.86826646678674,247.36362207152473,237.02736250061551,259.20979068045006,257.85552026814059,-4.6271636944888712,-3.0271741946948509,-1.6582837806802502,1.3688904140146008,-3.467330767684814,-1.64316472239787,1.8241660452869439,-2.6203932963865384,-1.5138621945810371,1.1065311018055013,-9.4615198319142735,-0.33533244053006683,9.1261873913842066,-3.4032557879321814,-0.60179688504229034,2.8014589028898911,2.7153597641599276,5.151599116325599,3.534008092312007,4.9423700394937953,3.5425348006076547,5.4079645797382057,3.6095549196879233,5.834072600786385,8.1715343413539756,10.708457155593294,0.87496262694759253,1.7685180003511505,0.34030750277903865,0.48802383421706075,0.43076372376669858
2160,2017,110.82550694478616,41.475189718339777,3,10,23.192203952751161,22.090911865234375,170.20457884899588,169.26893480911895,0.93564403987693368,169.2282553920777,0.97632345691818045,162.48805323923079,94.300893801764687,424.31718984246254,206.70393968555848,157.20381113706776,153.8968086044483,177.83924267784309,169.45155029095508,205.35768834660959,193.49189420364786,236.92809650145301,224.29784975082526,256.42967374072344,249.50895475889371,-0.74946486669517753,1.0914665466727058,4.0003367347162566,2.9088701880435508,-0.35493625521218064,8.1856748227684477,8.5406110779806284,-0.46161109346519424,11.458271497956616,11.919882591421811,-3.6048259556191908,8.9530185950643499,12.557844550683541,0.36722358282031564,7.2546479690997785,6.8874243862794629,87.263791962734103,72.556884108471422,14.706907854262681,71.917452081752344,15.346339880981759,82.937053851059318,44.034872865006946,151.95005319383927,205.85482563027082,160.16959264225511,155.93568229311666,183.03243492035097,169.84854230456131,204.09584970136936,192.55706734558549,227.96783956808358,219.20749015093958,251.5199619299942,246.04382372369577,-0.61437044250845929,-0.75861349642539722,3.2085085946209517,3.9671220910463489,-2.6773017137367958,11.320220022311219,13.997521736048014,0.65721791405340468,11.836354563181317,11.179136649127912,1.0796611631762403,11.122007139050908,10.042345975874667,0.11618383786145614,6.2393495047880947,6.1231656669266386,82.940786912338808,96.712053628050853,-13.771266715712045,97.310803176214904,-14.370016263876096,79.550999362094444,50.266020886699152,272.36713648959994,207.53444437320317,156.32145722808903,152.60328133350271,175.48274129128708,168.73108388178412,206.40352002057077,194.31735431894523,246.11504831487161,228.97094978226505,257.45778240480598,251.2574317223029,-1.414548996721777,1.6882595373387232,4.4645145544823492,2.776255017143626,0.39675586933051932,6.5653110667917645,6.1685551974612451,-1.3537841478162989,11.138522172960876,12.492306320777175,-10.544516041747698,6.6425073125532208,17.187023354300919,0.25695485636390458,7.9496465585856413,7.6926917022217367,0.13509442418671824,0.80017855421331774,-1.850080043098103,-2.4468730337641205,-2.3223654585246152,-3.0740575830673151,1.1188290075185989,2.0110020618697035,4.6844871187954311,11.624177204923939,-0.2510397449588595,-0.14077101850244844,0.35810487256067614,0.51041939513516899,0.46696135200558309
2161,2017,111.07550808835663,41.475189718339777,3,10,23.192203952751161,23.75,146.48967257142067,155.79731500148773,-9.3076424300670624,156.20199549198151,-9.7123229205608368,139.78386440873146,102.24671256903821,403.32492818310857,205.31638619991207,154.68907694282157,151.5855785818101,176.42705225703725,167.52940885350966,205.32392674468468,191.45282327544018,235.90145784750644,221.54087187483779,254.87992276570941,245.87541623530819,-2.2801631690056468,-0.26109800115617077,2.9768733070296207,3.2379713081857915,-1.4169681567660461,7.471604563530633,8.8885727202966791,-2.2019813244292834,11.648247386575889,13.850228711005172,-6.002515573954355,8.3406885725492259,14.343204146503581,-2.5062924234019022,6.6707547067567248,9.1770471301586269,72.561764886602759,67.933630421757698,4.6281344648450613,67.732407987117767,4.829356899484992,65.978251477703452,37.738596018567478,133.21749835740775,200.94987045665383,152.7012021878005,152.58324004745734,178.66112936690041,167.38073922420287,198.91650769757729,190.18068176248011,223.95825357045499,217.41576225959741,249.32788348968526,243.42695183999305,0.15430207703633414,1.704391166677766,0.8582626663100541,-0.84612850036771192,-3.7555797350313753,7.1089046533129192,10.864484388344295,1.4899184885514103,10.0081517125966,8.5182332240451899,2.2240495506060824,9.6641887352049594,7.4401391845988769,-1.0055503061239506,5.3321979504273145,6.3377482565512651,73.927907556295395,87.863684192299843,-13.935776636004448,88.469588711857796,-14.541681155562401,73.805612802505493,64.508116244065604,270.10742926225066,208.59069050070329,157.66936168519879,151.04096143305668,176.22637558395976,167.78409041177378,207.89221013373552,192.38952769612945,245.3715197958503,224.80389514937465,256.24154158001841,247.1746047558608,-4.1707905443757909,-1.7966884239943681,4.6691439169394755,6.4658323409338436,-1.2786393079747995,7.4720536802312267,8.7506929882060263,-2.6202577983554249,12.727261624757773,15.347519423113198,-13.203360572995194,7.3204918276545925,20.523852400649787,-2.1828509513672145,7.9917883245584846,10.174639275925699,2.4344652460419809,4.325092621412125,1.9654891678339368,3.5010795906721341,-2.3386115782653292,-2.4769404270565758,3.6918998129806937,4.1101762869068352,8.2265651245604374,15.427410123601277,1.5007421172779516,1.1773006452432639,0.33029820139688298,0.47200191350255866,0.36909349034655686
2163,2017,111.57551037549754,41.475189718339777,3,10,23.192203952751161,4.7272796630859375,124.93415175574773,142.30382088990882,-17.369669134161086,143.05902192667054,-18.124870170922804,146.17598826627363,89.2661700942881,388.65389423444867,205.83998138538786,154.26100635420585,156.12644569835516,177.4406157521247,175.40628139763288,204.8944882599036,202.66226453249254,236.53403005965336,229.70295776616274,256.20321091392083,252.28868426516678,-1.2659144709645034,2.2201065184056858,0.24321718606373111,-1.9768893323419547,-0.33737132306248441,1.6034950559400443,1.9408663790025287,-0.52483335114206398,2.0621528018487538,2.5869861529908178,-5.1068376850450363,1.8462285942635219,6.9530662793085583,-2.9179495203456725,1.1691355902579801,4.0870851106036525,69.866573579496617,72.886842912599604,-3.0202693331029877,73.018158565460908,-3.1515849859642913,77.810171862209245,29.261193937363714,133.45382837858051,199.1366649868732,155.16140735381759,157.92009146435433,179.13681508809233,178.55817935855214,195.97416044703982,202.0826536426236,221.18131973105579,226.46509008345237,244.54012977007639,245.53406042814819,5.3496679436860006,4.0079191801384582,1.2377648217498063,-2.7701543583886519,1.2363539715969978,2.2156119572176749,0.97925798562067712,8.7602836376582047,2.9212787423267628,-5.839004895331442,8.0456499165235016,3.3178503709564779,-4.7277995455670236,3.3338257596765288,2.7697120385703045,-0.56411372110622438,55.06757832526273,69.416976953196354,-14.349398627933624,70.040863450616598,-14.973285125353868,68.365816441317293,60.004976248193998,255.20006586797535,211.43107604207154,150.25855778112722,154.67854236464495,176.66769333669296,173.01002487711042,215.4702852539364,203.18187339070758,247.41850249955147,233.72183814735698,258.45273348325958,257.02459007884607,-7.2873786422518947,4.1611572469231248,-0.38685731208451557,-4.5480145590076404,-3.7146161474923929,1.0298298849551202,4.7444460324475131,-12.064719445319298,1.2932363450470916,13.35795579036639,-13.97027852706961,0.017350354072931395,13.987628881142541,-2.1801331489758695,0.24114060293652528,2.4212737519123948,6.615582414650504,12.637046585937895,1.7878126617327723,-0.15323806678466667,1.5737252946594822,4.9509701190893907,9.2851169888002687,20.825003082977503,13.152487601568538,22.015928443593111,6.2517752800222013,5.5139589086523983,0.34337447883148398,0.53230474296825359,0.32779712523183585
2164,2017,111.82551151906802,41.475189718339777,3,10,23.192203952751161,3.0869598388671875,111.89429313801156,133.88427908422091,-21.989985946209345,134.84036659149206,-22.946073453480494,135.32475953027279,88.857882777918348,433.7196717876941,205.06932379197775,153.28361231311683,156.83689075612844,177.08164731048979,175.94830158599052,204.41285004558009,202.8093896725116,235.39506764064231,229.58707023079336,255.41831754504489,251.67319846670782,-0.93921218089809599,4.0316894751719019,0.23635615717310543,-3.7953333179987965,0.040746851455310207,1.0392564150502892,0.998509563594979,-0.84108224223177785,1.3918617518138205,2.2329439940455984,-4.7247814318213557,1.1532512412829021,5.8780326731042578,-3.0312881981719499,0.77222787984683805,3.803516078018788,57.60080361366272,67.391565319769143,-9.7907617061064229,67.817251177977596,-10.216447564314876,61.575488284230232,32.042050741612911,101.63604742847383,203.18705942426027,163.39830951090659,157.26771743245661,182.9191168871873,176.25185099569302,199.05632461972849,200.66263189010067,224.49801452014583,226.83771116185127,244.37086662781653,246.69824428208508,-0.21796802801281956,-4.8443844355398085,1.0053807207954151,5.8497651563352235,-5.6511573307286653,1.4992186191515771,7.1503759498802424,2.819523806022687,1.9560931845434197,-0.8634306214792673,3.8645710600960967,2.231540548914694,-1.6330305111814027,3.999988259908605,1.8396073669603652,-2.1603808929482398,54.293489285930264,66.49271382923871,-12.199224543308446,67.023115418696761,-12.729626132766498,73.749270903315846,56.815832118261824,332.0836240965873,206.41894142531854,148.34297305679172,156.39128020473933,174.1680081141966,175.70910978126466,207.35990359057081,204.57559646513667,245.01006067367905,232.42855900223495,257.3301531976723,255.17413291223744,-1.4315733736206084,8.4690940747202603,-0.44949533061324587,-8.9185894053335062,2.2822314966827264,0.55899624461451936,-1.723235252068207,-1.9633359750083912,1.0594194304064501,3.0227554054148413,-12.377613284868602,0.3026323616102502,12.680245646478852,-2.4933241530488601,0.5345809118028626,3.0279050648517227,0.72124415288527643,1.2136053456077889,-8.8760739107117104,-13.313478510260069,-5.6919041821839755,-7.9333888274113917,3.6606060482544649,4.7828597810310782,8.5893524919174524,16.242184344964699,7.0312764580805549,6.4933124129574651,0.23433580268460755,0.45502011973245371,0.36059885448424761
2166,2017,112.32551380620893,41.475189718339777,3,10,23.192203952751161,-5.578948974609375,90.384932464461599,106.94257087705046,-16.557638412588858,107.66246554577083,-17.27753308130923,119.71729383903585,96.607296326030337,434.14904200844467,205.97515160164858,155.17180728296324,156.63189001158079,178.23379756665565,179.37809652347244,207.26147902479471,206.62711754308049,235.95052567002023,232.4484215802876,252.95724193030088,252.38944301802539,-1.6958518934138738,3.0515093379112272,1.5185289996274776,-1.5329803382837497,-0.28603122021536365,-1.5126501058268502,-1.2266188856114866,-3.2560994356881281,-2.0903215127579244,1.1657779229302037,-5.4512115486298001,-2.03237854633241,3.4188330022973901,-1.5949365243168074,-0.98306716573912922,0.61186935857767821,42.474515881707703,47.992018857452422,-5.5175029757447192,48.231909444733901,-5.7573935630261985,49.814366225471531,26.71798691494223,83.671151841059327,203.86816444935371,164.63776813457582,163.75733078723218,183.48063605766521,185.57100296814275,200.19226207903219,209.55502527673613,224.99889743200694,232.44790568744523,243.63970252714319,249.334613218008,0.92835556861865598,-3.205369393450809,-2.1873391522800318,1.0180302411707771,-1.6295107488992358,-3.166561480691513,-1.5370507317922772,5.3991509816820553,-3.9274111743929154,-9.3265621560749707,3.2577237379275914,-3.9634254591322531,-7.2211491970598445,2.0035542913292375,-3.2096521991987288,-5.2132064905279663,47.91041663030046,58.950549302880972,-11.040132672580512,59.43055538578119,-11.52013875548073,69.902927608956816,69.889309184727608,350.47788980603218,207.12866827658544,150.88470514849581,152.82094351454259,175.69563392192424,174.49163929734726,213.57578441267782,203.81165970601361,240.91280635604474,232.44896309202181,254.01386608350106,255.0057673877366,-3.431285370156246,5.7854827625658061,3.1307686608240317,-2.6547141017417744,-0.64426873627985515,0.60673592748244687,1.251004663762302,-10.0676696719365,-0.2641159303769598,9.80355374155954,-8.9834617768361227,0.06996890760211727,9.05343068443824,-0.3525842992251853,-0.49048387856984732,-0.13789957934466202,2.6242074620325297,4.359640938774902,-6.2568787313620362,-8.990852156016615,-1.3434795286838721,-0.9852420126193806,8.6552504173701834,15.466820653618555,8.7089352865573915,12.241185514763714,3.5984908156460449,2.3561385905544228,0.19272448800988448,0.41610000216383702,0.27656282631877366
2171,2017,113.57551952406125,41.475189718339777,3,10,23.192203952751161,-2.8636322021484375,110.15923258884868,121.44469519700215,-11.285462608153466,121.93536626889545,-11.776133680046769,143.41785943304421,101.86053611033094,437.19456671178341,205.95898409772832,156.37003188046683,158.55944494648546,178.18031184733493,179.00670850630075,205.93986036069262,207.47737718095448,235.17920930031474,233.6538650028422,253.76678938793521,254.47795135501738,-0.054652070284902265,2.5152774124453572,-0.12158320692407187,-2.6368606193694291,0.21668422500454199,-0.79869072822742737,-1.0153749532319694,0.22976391247527772,-1.2634501898845656,-1.4932141023598433,-2.7701351837918367,-1.1375010097811469,1.6326341740106898,-0.11552059917835322,-0.72609866811177426,-0.61057806893342104,44.132354456007306,48.604103204612329,-4.4717487486050231,48.798526088190556,-4.66617163218325,53.847310143530194,40.305785949993151,116.45702436123975,206.18088953067539,161.55410161190088,164.17283187239431,183.28350195284034,189.29155171854325,204.39126138081329,213.84940589042776,227.10907722625311,234.76864552699061,250.32652420350655,252.51578945439724,3.3722163246490595,4.0418299473538184,-0.54932176641486308,-4.5911517137686815,4.9111108882292172,-1.6554664184660624,-6.5665773066952795,6.1404580802390001,-1.8830964915559036,-8.0235545717949037,4.8898236118962188,-1.7331231801122726,-6.6229467920084915,-0.27301999286990508,-1.3332012911703828,-1.0601812983004777,66.02687803391018,72.840592954191379,-6.8137149202811997,73.136841440529679,-7.1099634066194994,89.570549130978179,61.55475030071284,320.73754245042801,205.82073407789866,151.01625791367493,155.38013490811164,175.85176358595837,173.60907613755697,206.21777886912471,201.79788663333858,238.83605215931715,232.55666562115042,255.26001167110931,255.83669236693979,-2.6365156404727372,4.8872983133076673,0.60479149844991298,-4.2825068148577543,-1.4354323518884087,-0.25803860709262949,1.1773937447957792,-5.0646056978562513,-0.44672132790020669,4.6178843699560446,-8.0406439249796335,-0.44694911285344574,7.5936948121261878,-1.2514351591020159,-0.28205590898153332,0.96937925012048254,3.4268683949339618,6.0087319651217967,1.5265525349084612,-0.84546836595384889,4.6944266632246752,6.3465432401176258,5.9106941677637224,11.205063778095251,7.6599587956880555,12.930467536875852,-0.15749939369155186,0.97841516623211078,0.26637344841024291,0.37545749432042841,0.39569579632229368
2172,2017,113.82552066763171,41.475189718339777,3,10,23.192203952751161,0.095245361328125,148.24176299304236,156.39825466130424,-8.1564916682618787,156.7528885129941,-8.5111255199517473,186.52359254068142,140.17611937571746,634.86364467442036,209.95445041870607,162.62064479278629,161.25887690460138,181.99257086996292,178.87642703501655,208.97727186529326,206.65504587499137,238.08323832691562,234.96385817178552,258.20605215099977,256.93188326443988,-2.1864798286957523,-1.312595533194866,0.0036202182720330711,1.3162157514668991,-3.0694311579747762,0.009090865769451284,3.0785220237442275,-2.2325977255491694,0.021666120512122689,2.254263846061292,-3.1164947601671997,0.020541355251339155,3.1370361154185389,-1.2638423301067405,0.013824785785004678,1.2776671158917452,33.229851200590929,42.144901530002244,-8.915050329411315,42.532513017926249,-9.3026618173353199,41.369938591443315,27.085713912219887,92.820021601044573,206.19674903627265,162.88750445352704,166.74432037055186,185.49250863041664,187.95694510203418,208.3949024187896,211.81814153238449,223.76471108535847,233.37015901443559,245.29684222270464,252.75310127157729,4.360400606950293,4.880829298204219,0.0093066031612352162,-4.8715226950429837,2.7642868699549581,0.044941676515691142,-2.719345193439267,2.4994375526799786,0.061049578871120502,-2.4383879738088581,8.6985358439070808,0.061098424340457314,-8.6374374195666235,6.1382037471178421,0.054089807259146028,-6.0841139398586961,115.01191143979668,114.25335536647617,0.75855607332050567,114.22037591230037,0.79153552749630762,145.15365360864598,113.09040566975182,542.04362310469151,210.95054651042773,162.53788475702368,159.92676647282383,180.7553831852141,176.22785089678132,209.04344847928425,204.38930507721116,242.31599803339211,235.63421879163116,259.59599448201845,258.30612147495452,-4.2886025280640183,-2.4549138464071518,-0.020980816793553458,2.4339330296135984,-4.6804659766963823,0.0014949107918766913,4.681960887488259,-4.635764302963139,0.0089072515028476573,4.6446715544659867,-6.7044667747778135,0.00078348491936708342,6.7052502596971806,-1.4745069156106752,0.00059854024431160724,1.4751054558549868,6.5468804356460453,8.6490031350143113,6.193424831399085,7.3357431446113708,5.8337180279297343,7.4447528466513404,4.7320352782291479,7.1352018556431176,11.815030604074281,15.403002618684894,7.4020460772245826,7.6127106627285173,0.14620465729872725,0.22179466966046343,0.19322630725438611
2173,2017,114.07552181120218,41.475189718339777,3,10,23.192203952751161,-3.18182373046875,115.60917612341655,124.31163349202325,-8.7024573686067015,124.69000116176539,-9.0808250383488485,140.47096078626419,97.15735492137901,412.78327638283372,210.88979284633817,166.86989836160794,164.15474981602185,184.87989336860349,183.1467606254393,210.26856502331944,210.38466164552207,237.429095855866,237.14559129785999,255.9452355613021,258.00770331501229,-0.9863775634367471,-2.4042657108687422,-0.35427680040464793,2.0499889104640943,-2.2245557795960167,-0.89499967382454315,1.3295561057714735,-1.3119852984403053,-1.2121651995550735,0.099820098885231801,-1.2398454811161059,-0.9773744263988533,0.26247105471725263,1.3555137012606622,-0.62603082832163182,-1.981544529582294,38.839536960706027,53.393024156493993,-14.553487195787966,54.025784111889152,-15.186247151183125,51.035950513833086,35.828993784743943,112.02833987004124,208.21258947801695,162.90986771248197,170.86079947915999,183.17432276338579,193.52104884770972,212.96222400909281,216.84287797677553,227.48976043017598,238.49176224440896,256.35772148389219,256.33183427404549,4.6776980228881371,7.3861113613539828,-0.43946239695253553,-7.8255737583065184,9.027603369859122,-2.0318013924610057,-11.059404762320128,0.023972605532264879,-2.2435732408752074,-2.2675458464074723,7.6569220070893778,-2.1412609749988576,-9.7981829820882353,-3.5318743111081403,-1.8780489714066277,1.6538253397015126,76.769638600191684,70.918608571504592,5.8510300286870915,70.664216380679136,6.1054222195125476,89.435009750552126,61.328361252119066,300.75493606552482,212.43231034050061,172.20415214733009,161.08684348426596,185.57543388865295,177.64359900000045,209.6981154736942,204.82276717524198,242.38851859154497,235.96199933122321,255.40270103611047,259.3637189247728,-5.3375404053946056,-9.9674306421153176,0.22583054385748369,10.193261185972801,-8.0105707240310267,-0.68669218407535482,7.3238785399556718,-6.2658946430731248,-0.44370789068193517,5.8221867523911897,-6.6444852021413396,0.001407250934903459,6.6458924530762431,2.8696474704168224,0.15565408025508987,-2.7139933901617326,5.6640755863248842,10.015238428282743,9.790377072222725,17.3535420034693,11.252159149455139,17.038174093890149,1.3359579039725702,6.2898672486053897,8.8967674882054837,14.301407209230717,-4.8873880123688025,-6.4015217815249628,0.27139747727119917,0.3633202921669173,0.36877284085942058
2174,2017,114.32552295477265,41.475189718339777,3,10,23.192203952751161,20.652175903320312,168.61383759005548,176.75467046078847,-8.1408328707329929,177.10861929874955,-8.4947817086940631,164.44577792758173,127.09993659593601,447.05097240582108,201.01185231643973,150.20041879478305,146.24556838785685,172.70089729309782,163.69030892334786,200.48663174021922,190.67861091362735,229.07087470815219,220.62623719217237,251.0710841532827,244.51760415639637,-1.1280023824952821,-0.94036603588884304,2.9991284583722972,3.9394944942611403,-1.9687249348585567,7.160807354325641,9.1295322891841977,-0.56435766834704282,9.3123664344073234,9.8767241027543662,-0.32519658790167227,8.2469426230873637,8.572139210989036,-0.58594497024631664,5.9425910668615245,6.5285360371078411,102.08842687998549,81.976541414212988,20.111885465772502,81.102112466029212,20.986314413956279,99.343140534168924,55.935036231385311,181.64445990044624,195.05820502330403,151.65633764867812,146.66313392117044,167.25484080358603,164.97213224499413,194.83523247364235,188.96197509529586,220.79210976487735,215.19218391760748,242.18674730810139,236.51708110793697,6.2296832732777432,2.3506291612568759,6.1835937400627756,3.8329645788058997,7.8186411947423551,9.4557387459727522,1.6370975512303971,7.2477287539968245,12.513935758886277,5.266207004889452,6.957056963346588,12.89952551747129,5.9424685541247015,5.0406801358216171,11.847363509793126,6.8066833739715094,66.5254108218287,94.77812797369188,-28.25271715186318,96.006506951929623,-29.481096130100923,65.102637505171515,71.164900636496895,265.40651290491223,207.79609105580653,149.13594636615179,145.91222315209228,178.12322727227902,162.60166350737779,210.23673737362643,192.54977105384648,240.77334013727679,226.70105223682472,252.70579528980733,250.36580619408284,-9.3402820741624453,-0.91383208756590761,0.73923844046777276,1.6530705280336804,-10.765650022463177,4.6331641916784747,15.398814214141652,-12.877760085462739,5.5673968516965715,18.445156937159311,-11.831372945371498,3.3038764759677406,15.135249421339239,-1.5332826574753255,2.030773613810311,3.5640562712856365,7.3576856557730252,15.569965347440188,3.290995197145719,3.2644612488227835,9.7873661296009118,18.584291217205532,7.8120864223438673,20.125488839459564,7.2822535512482602,18.788429908718086,5.6266251060679338,6.5739627932969427,0.40631711172200335,0.60410879370778026,0.44008705062700887
2175,2017,114.5755240983431,41.475189718339777,3,10,23.192203952751161,4.5,151.92594311647917,160.47166155048399,-8.5457184340048116,160.84321412678401,-8.9172710103048303,166.34996561222579,130.72653614229421,451.02807174250484,201.64934116892249,148.83539366269324,147.18528336910973,173.59257350230541,168.66275243101973,200.16470108124904,196.82328563940106,231.44752205332767,226.3445498316338,253.03970589976504,249.46875879901063,-2.8023689421191591,-1.049251256380046,0.32008798085311696,1.369339237233163,-3.9004231698390583,1.1847122767525491,5.0851354465916074,-1.6391898434039831,1.8768904397205972,3.5160802831245803,-3.5180798818291805,1.6071723981677621,5.1252522799969427,-2.7404322182513852,0.87755646362651873,3.6179886818779039,82.130475507952724,84.724213721410706,-2.5937382134579821,84.836984447922077,-2.7065089399693534,91.474623339154277,61.733561388890848,176.51068935682997,198.96375693408814,152.11421053296075,150.57332228737442,169.90235962999574,172.21810687022798,197.50938535683107,197.08536493809549,223.66265804641921,223.42435533586092,254.73753146704408,244.67050458483061,1.6047493277016542,2.3846415509479471,2.8695488341352871,0.48490728318734,4.9827563378614741,3.302222485955582,-1.6805338519058921,3.0373737165462558,3.47621173835131,0.43883802180505427,2.5948247617684217,3.2380416677220012,0.6432169059535795,-8.4459815772237903,2.2406133964657329,10.686594973689523,69.79546772773574,75.747448083748168,-5.9519803560124274,76.006230637955014,-6.2107629102192732,74.8753423922808,68.992974684655564,274.51738234236836,204.50927236127563,144.98220916615955,144.12300792688376,176.34315078781623,164.68698825477077,206.45239834170789,196.39264265628873,238.99743553544909,229.97465480522894,252.64939259770568,253.29764572314139,-7.9011761111408703,-0.83495241048242974,-1.8485564918568116,-1.0136040813743818,-12.53348997259485,-1.0997716053404361,11.433718367254414,-12.655507948200835,-0.89547832073336053,11.760029627467475,-10.01225082162793,0.11235025476159421,10.124601076389524,-0.48087116150296083,0.12487385945175333,0.60574502095471416,4.4071182698208133,9.5059254388425245,3.4338928073279931,3.2195939614303768,8.8831795077005324,17.516246310456324,4.6765635599502389,15.692881664747091,6.1129046435976022,12.607075583396352,-5.7055493589724051,-7.9651104157208295,0.39135189229995687,0.54989264952653172,0.4722343543295191
2176,2017,114.82552524191357,41.475189718339777,3,10,23.192203952751161,-2.434783935546875,141.65800911582483,161.42366460391349,-19.765655488088669,162.28304228022171,-20.625033164396882,173.30387556890128,133.21827137075888,469.14798222482204,204.97266410017201,151.49620933494984,151.58217832866237,175.93266490081837,173.21048466186085,206.4469966481206,201.88774038321043,235.48225596642607,231.00333387175536,255.56001865288385,252.85420307669858,-3.6099277343530787,0.14127110629169692,0.044901163397383925,-0.096369942894312999,-3.437730327436384,-0.76415494569354792,2.673575381742836,-5.7005983457032983,-0.91312311028707427,4.787475235416224,-5.5029168113060507,-0.99310278315419964,4.5098140281518511,-3.4058733838951127,-0.5316723459742434,2.8742010379208693,83.982407037183293,88.986961512298876,-5.004554475115583,89.204550239046512,-5.2221432018632186,96.551529962012864,71.84846755907347,192.70028519514017,203.43689655806401,155.76961067050726,158.42673356118854,176.87781979813283,180.04534627116101,206.24919043160233,206.34105627945871,228.01129274122766,230.7868126857353,251.31393752645491,249.02972536771242,-0.015010468649109043,1.7814165671725277,-1.3594123358603269,-3.1408289030328547,1.6721635057164974,-1.7510717297989231,-3.4232352355154205,-2.4664272499925914,-1.7558852802366403,0.71054196975595119,1.0422040674022526,-1.746152112045479,-2.7883561794477316,-3.5513233572318086,-1.1710460414674628,2.3802773157643458,57.67560205628979,72.436705411013463,-14.761103354723673,73.078492279593775,-15.402890223303984,76.752345599437831,61.369803420995595,276.44769658893347,206.8450880924851,144.95241726507811,145.88740780100923,175.66360063862288,165.30001439469638,206.55530681400441,193.80257626744506,244.56504669670062,231.46390751607009,264.78974767659071,256.80348635766427,-8.2392727649874473,2.8934020516750536,1.2382746191389913,-1.6551274325360623,-9.777082476144443,0.45560836012964501,10.232690836274088,-11.906310741346232,1.063363082629678,12.96967382397591,-13.359152544726356,0.21247968264177075,13.571632227368127,-8.9932297074701921,-0.15925404430788603,8.8339756631623061,3.5949172657039696,8.2242622963383383,1.6401454608808308,-1.1119854845025259,5.1098938331528814,11.44924598186094,3.2341710957107068,9.4398834913536405,6.5451208787083033,14.401356612128609,-0.14544997333669585,5.4419063502383835,0.4107452072612679,0.55712273972561221,0.5393289285304752
2177,2017,115.07552638548404,41.475189718339777,3,10,23.192203952751161,-1.6666717529296875,137.27084985375404,166.60082074999809,-29.329970896244049,167.87603947520256,-30.605189621448517,171.27125362761853,134.6238659620285,477.77097444236279,204.86959001402386,150.53093104504424,151.56882263884978,175.59465946594563,172.42774610249154,206.6674737395717,200.95439255299226,236.16910371765488,229.70328039620841,254.88638477941794,251.52952444387611,-4.0822147272014035,1.1404716617346935,0.026700242043261824,-1.1137714196914317,-3.4944998259237821,-0.47346322937966079,3.0210365965441213,-6.4379235143175606,-0.64554529087683932,5.7923782234407213,-7.1164401553398591,-0.61850766709923732,6.4979324882406218,-3.8280135006189937,-0.34889376909464431,3.4791197315243494,73.289318882860243,93.350253656506538,-20.060934773646295,94.222467094659805,-20.933148211799562,86.195972644296489,58.231348689645529,167.98041105936863,201.08281562722701,153.10782942934102,158.85718366620202,171.26845463687101,179.67605135128616,201.74334310912704,204.67039790708478,226.00808972005277,228.53070562936102,248.56404963435426,246.80868198814952,1.6576830048974216,5.5321024813038377,-0.94459064474790466,-6.4766931260517424,7.8171734356815819,-1.2186017349638689,-9.0357751706454508,1.2280113148102885,-1.2595259888115038,-2.4875373036217923,1.2647708610058999,-1.2941165511537633,-2.5588874121596632,-3.0770694929325089,-1.0520876572621773,2.0249818356703315,63.98153081536293,73.25057177990675,-9.2690409645438194,73.653571546077728,-9.672040730714798,85.075281163067302,76.39251697063446,309.79056293517351,208.25672760409543,147.29417615196834,145.67279617790595,176.55144673822784,164.41986310585392,209.00601151285699,193.37872278169564,244.73650892277425,231.98949930580076,264.30637701461524,255.96859866889696,-9.8852592748555992,0.68641903282787098,0.70820769158009966,0.021788658752228685,-10.862365918821496,0.35373101228935866,11.216096931110854,-14.807454286167655,0.91783211326369951,15.725286399431354,-13.479905408109119,0.20464257652045603,13.684547984629575,-8.6422973304437107,0.12551950663856815,8.7678168370822789,5.7398977320988251,11.542942279753021,4.3916308195691443,4.8456834484759668,11.311673261605364,18.679539354503078,7.6659348291278491,16.035465600977943,8.3812110163457589,14.744676269115018,0.75094400768648484,5.5652278375112019,0.35159191337529322,0.50327168639581243,0.43254848071344232
2178,2017,115.32552752905448,41.475189718339777,3,10,23.192203952751161,8.2608642578125,178.51483535622538,178.00679951015627,0.5080358460691059,177.98471229244024,0.5301230637851404,187.72134166744945,144.08278676789632,499.56570999324322,203.3891759910081,152.12746308775644,149.06325620418855,176.22202090287925,167.53268237429134,201.33447797070443,194.86658211209371,233.80873823487261,225.21710323578614,252.71262276483066,249.06535142674696,-3.7797678317666907,-1.2334335119591628,1.5760720262528025,2.8095055382119654,-5.4577896344174803,3.0358810931103619,8.4936707275278422,-2.9514845245975607,3.5881095033387282,6.539594027936289,-5.7449390426207856,2.8336903674950804,8.578629410115866,-2.2944925170473596,1.5202332851164329,3.8147258021637924,112.20394555294115,97.931976384905283,14.271969168035866,97.31145566838677,14.892489884554379,117.3902462706792,72.100463556114846,208.04671114188386,200.00211197357964,158.52876270835401,151.93424517872083,178.20669581193113,171.02782209471295,198.33521460057923,194.61035072351211,221.8938042973937,219.61121006980034,242.49843152799997,239.9402184828833,0.66885381799440324,-2.5222932550329631,3.5911516108214698,6.1134448658544329,-1.7873245479362652,5.2049739137146389,6.9922984616509041,2.1470162765451732,5.9959890876984616,3.8489728111532884,3.736512621554624,6.1573760248811311,2.4208634033265071,1.3602739886010795,4.8243024005973609,3.4640284119962814,66.310889833086549,80.074825566447544,-13.763935733360995,80.673257577727782,-14.362367744641233,70.331095426572574,71.982323412947153,291.51899893581867,207.89906111415803,144.78113346323445,146.41417295106561,173.31788688715719,163.55111788849297,210.99240909450526,195.26305135475164,246.267115498984,233.93214478218746,262.27815288189055,256.10258726895921,-9.7606371897916517,2.9132126497884769,-0.10633908471390896,-3.0195517345023859,-8.1856124750715082,0.55374323631235711,8.7393557113838654,-16.941157364395252,-1.0870739463801158,15.854083418015136,-14.884985683961929,-1.5498065292979391,13.33517915466399,-7.0251359966239875,-0.4968011810597659,6.5283348155642216,4.448621649761094,10.429491007786055,-1.2888597430738002,-5.43550590482144,3.6704650864812152,6.3982879271352431,5.098500801142734,19.088173640940425,9.4814516641754096,18.621498305516553,3.6547665056484391,8.385409985225067,0.41645514690089069,0.62534310285634642,0.50040997383165442
2179,2017,115.57552867262496,41.475189718339777,3,10,23.192203952751161,0.875,139.5655657362222,146.25800039599198,-6.6924346597697877,146.54897200819323,-6.9834062719710346,176.24624744914763,131.70861768168834,488.21327725797892,202.57705453457197,152.45450828263165,155.07619818561622,176.37688197769668,173.10866324553351,200.93986405903672,199.44834030246938,231.8151996585766,227.37474363037413,250.42687114294779,248.56192089716041,-1.6964264193344718,3.0953969558827623,0.14463555682297624,-2.9507613990597861,-3.0860366441364704,0.29290226942669051,3.3789389135631609,-1.131018736690379,0.37671702953278441,1.5077357662231634,-4.1832855013432209,0.3213822686151957,4.5046677699584166,-1.9598978946392833,0.23986487676418733,2.1997627714034707,95.718103583987613,82.436495962509071,13.281607621478543,81.859034169199731,13.859069414787882,105.84936395296063,63.891999296318318,196.26196078045177,200.33550659984471,161.55949656676356,159.19262240187223,179.27395427150933,178.73846718366013,198.46090667490665,202.38810704501594,220.14038876259727,225.77105440902844,237.8017804775258,243.91234165561542,2.3458997169402949,-0.81001873965712434,0.38166850611150949,1.1916872457686338,0.37887391340211707,0.49451120804172888,0.11563729463961181,4.6284601657643805,0.50018519132001416,-4.1282749744443663,6.1834319856359059,0.58904398025350702,-5.5943880053823989,5.7640421534207178,0.46528906100826362,-5.2987530924124542,43.84746222674039,63.82150212876877,-19.97403990202838,64.689938395304125,-20.842476168563735,70.396883775583774,67.816618384438698,291.95131646841764,205.32992151701353,144.85614295941215,151.37100401594117,170.14217591467505,166.82302697965895,209.00639462749925,193.89693099223595,244.60951662816638,230.48525489516175,254.17121748009467,252.79406550285856,-6.8061077481619634,8.8937545593655045,0.15356336280541427,-8.7401911965600902,-3.1250991716024714,0.18694849759626209,3.3120476691987335,-15.087744973409542,-0.25389709766088231,14.83384787574866,-15.107347041477539,-0.018173146718879707,15.089173894758659,-2.158167677123572,0.13416897240639969,2.2923366495299717,4.0423261362747667,9.1520074651022583,-3.9054156955398867,-9.7037732990226289,3.4649105575385875,3.5039730850045885,5.7594789024547595,19.716205139173923,10.366717486979127,21.290779027113444,7.7239400480600011,7.9222098305442898,0.40200045742865803,0.60057655402564736,0.48510113021405832
2180,2017,115.82552981619543,41.475189718339777,3,10,23.192203952751161,0.3478240966796875,140.78223800531123,133.92339113421622,6.858846871095011,133.62517919417587,7.1570588111353572,179.33098805342161,126.71462281775894,489.19964239746332,199.41752700225456,153.13469349138427,154.80107428467073,171.89122325385429,172.24584536911922,197.51218474196523,198.28054217059537,226.19971879781193,225.28437336281149,246.16142515073537,245.59555662770833,-0.083676785632150086,2.0041395943823659,0.060083520353032327,-1.9440560740293336,0.46524915907349396,0.11842661085697159,-0.34682254821652236,0.91412723145234054,0.13823880770436858,-0.77588842374797196,-0.97004558694004572,0.11598436618615438,1.0860299531262001,-0.646261355027832,0.070873767174873592,0.71713512220270559,111.10546552910819,80.237106174594373,30.868359354513814,78.895003416007967,32.21046211310022,126.50564744844451,83.788935944656259,245.95802928437479,199.62428750156349,160.24578019679748,158.16102672041819,177.15047224336098,177.14767956539526,197.55570006828859,200.22714537676958,221.31957267758776,223.14902411671039,241.11794943537186,240.76814418573579,0.66734530595053343,-1.1585811466320024,0.12755014080534011,1.2861312874373425,0.040078239742740607,0.20375534501619086,0.16367710527345025,2.8739762567001321,0.23972027199988588,-2.6342559847002462,2.0624795805757685,0.23267683210116274,-1.8298027484746058,-0.64624028738498396,0.20009557137200318,0.84633585875698714,29.676772379345493,53.686285268013307,-24.009512888667814,54.730176239456341,-25.053403860110848,52.825340537921875,42.925687051916611,243.24161317944527,198.96342637939193,144.54292289621284,151.50391049705291,159.40080866937683,165.9606712107277,196.11815105743904,193.44666407951937,237.89874637155472,229.96746184237,251.8019329027739,251.11656013338103,-0.84953891760241618,9.3263761230679734,0.059319935841585902,-9.2670561872263875,6.9502907875744881,0.027401375599168887,-6.9228894119753193,-2.4849297573000513,-0.18221436858030415,2.3027153887197471,-8.3326420036081572,-0.024377728628593331,8.3082642749795639,-0.97255076286953113,0.010114701757458988,0.98266546462699011,0.75102209158268352,1.5168842235529496,-3.1627207410143683,-10.484957269699976,-0.42517091933075335,-6.9102125478317475,1.9598490252477916,5.3589060140001834,3.0325251675158142,10.395121584183926,2.1067642848038304e-05,0.32631047548454717,0.50277638814081471,0.70543105138504703,0.66124125283600121
2181,2017,116.32553210333634,41.475189718339777,3,10,23.192203952751161,7.1904754638671875,214.11637937860723,200.1566834779187,13.95969590068853,199.54974107196176,14.566638306645473,228.67696295940186,140.31836227723397,514.71502263844013,197.27354286030851,143.90026413540429,139.80638045220482,165.33238240357628,162.31529650516461,195.91292286895879,192.94738601169561,227.88793709045834,224.66073669173832,253.02767449780859,251.13025901005477,-0.43987065657537983,-3.0434138438523064,0.82697604755091447,3.8703898914032209,-0.56622065325299786,2.4510493580178263,3.0172700112708242,0.46427518456405892,3.3305693310151696,2.8662941464511107,0.034327762385828464,3.275995281240256,3.2416675188544275,0.070588141379829494,1.9351366046499265,1.864548463270097,148.65605861837685,118.52285146974282,30.133207148634028,117.21271037201768,31.443348246359164,156.447797492885,82.05989415977092,254.5635239216499,195.44636747694588,146.82153005552627,145.85008219361617,166.34033928409875,166.52615481091607,195.0853457252644,192.09388576841673,221.04846413704118,217.88401409040057,246.12428045933487,238.18886541221315,2.1578475651591305,3.6611766049304606,4.1167634614348003,0.45558685650433972,5.3829949196368716,5.4653209245273615,0.082326004890489912,2.9419947583311057,5.777942663624998,2.8359479052938923,2.8723084882983585,5.9464591485263441,3.0741506602279856,-2.8653033530904679,5.6908859620803867,8.5561893151708546,65.460320871989097,81.633834503057187,-16.17351363106809,82.33703053390218,-16.876709661913083,72.229165488868603,58.258468238534988,260.15149872004986,200.61328763265107,143.28900905513325,133.6846234918462,159.85520691237417,155.89391010639156,202.34705971275037,194.73527801094085,239.94536727955304,237.92427053026924,258.95335045842648,262.11141366949323,-4.75776006420935,-8.184177014041893,-0.32186464944345516,7.8623123645984379,-4.3008663887981982,-1.6518974855447652,2.6489689032534329,-9.7881400136666343,-2.2189179683450959,7.5692220453215384,-4.4549212045156992,-1.5272372336222872,2.9276839708934119,2.2117961371489514,0.17164694078968523,-2.0401491963592662,2.5977182217345103,6.9156076293684805,6.704590448782767,11.845353618972354,5.9492155728898695,9.6838613084350698,2.4777195737670468,12.73013477199774,2.83798072591253,7.3272296928140577,-2.9358914944702974,-5.0770994902394193,0.49457177802340385,0.68414323624133466,0.58481222862080662
2182,2017,116.57553324690682,41.475189718339777,3,10,23.192203952751161,10.388885498046875,230.89165389537811,214.90510749816895,15.986546397209167,214.21004140377045,16.681612491607666,235.69457050241726,165.88434823700663,537.13190731406212,196.36805428819687,141.72903041587037,133.56356950444902,164.33805028656855,156.86732543982112,196.2202694530304,188.78687452112692,226.85848816690608,222.18910582184668,251.87529505855738,250.23115277080637,-2.2306222610321811,-7.0771275661290929,0.69426698332856063,7.7713945494576535,-4.0233340761361376,3.6510498494924946,7.6743839256286321,-2.4694169193623452,4.9698484512908863,7.4392653706532315,0.19815020577246401,4.8895769785079892,4.6914267727355252,1.4152178473342474,3.0018366467202213,1.5866187993859739,172.40125150978565,124.62969586253166,47.77155564725399,122.55267372727394,49.848577782511711,176.5939205319537,108.92667281429112,295.73855184298009,193.64512441477885,140.66353625574888,141.21347419646705,165.09391727055743,161.80929502628888,194.60676346580271,188.49613261070166,219.79565827948861,214.97066185863332,242.67674147029024,235.83400025245766,3.7811142368932451,8.6869992986127045,7.883098224374919,-0.80390107423778545,6.0347861912303813,8.8946552663266232,2.8598690750962419,3.1180555559004972,9.0528224406550351,5.9347668847545378,4.2891769555498627,9.0615176311064261,4.7723406755565634,1.5369141485529099,8.5998065842115636,7.0628924356586538,58.490402698516846,90.275411158800125,-31.785008460283279,91.65736785531044,-33.166965156793594,59.100650283387949,56.95767529233035,241.39335560426116,203.06686304725699,142.26973365565635,125.616858230438,159.05696717661013,148.47433447324977,206.11269299755497,189.54563577438631,246.40070619207961,237.98394387388518,261.88129323701128,263.572571632174,-12.430051009284028,-14.674152711288571,-1.1746775875539441,13.499475123734626,-14.166036813364343,-4.8241887558757242,9.3418480574886189,-20.145031555307781,-5.2237635034611856,14.921268051846596,-12.428699185976114,-3.5509835649181412,8.8777156210579733,0.53059127879157586,0.10218467895765571,-0.42840659983392015,6.0117364979254262,16.211165246177274,15.764126864741797,23.361152009901275,10.058120267366519,20.200823004594724,5.5874724752628424,23.263087111208279,4.0910267497773987,16.717876141525977,0.12169630121866248,1.006322869761334,0.55058831511578987,0.74924899693496572,0.65664225692144595
2183,2017,116.82553439047726,41.475189718339777,3,10,23.192203952751161,7.095245361328125,211.96875959478712,199.85619060053068,12.112568994256435,199.32955538242459,12.639204212362529,219.35181944399483,158.47456068838437,497.66274600476027,195.92613606244709,141.39594436070865,133.64533322162399,165.09254706401964,157.89767323746997,196.28338309772548,189.87446349248037,225.37920577322757,222.31745121634461,250.70388267353601,249.18337225545636,-2.0067588557602392,-6.1682544763586407,1.4461498302329687,7.6144043065916094,-4.1113998947775201,3.2147805226468336,7.3261804174243537,-2.4712682964277519,4.0491974453638306,6.5204657417915826,0.78154693830882138,3.9148454937431723,3.1332985554343509,1.1554153464714716,2.527521030620278,1.3721056841488064,159.37971056472634,131.76164493350734,27.618065631218997,130.56085836865532,28.81885219607102,166.6631983479565,116.49926543202855,300.97356423083693,195.0906511405237,139.31007771521968,141.55177370965615,166.1841513918902,163.23507683753908,196.37621934196017,190.66372946715714,221.73569540096659,218.08956064081195,245.98644101386864,239.47431264578046,1.3559289133823142,7.7185062219246845,5.1008971962654925,-2.617609025659192,2.790451362382413,5.8043480992009506,3.0138967368185376,0.29440331664346786,6.1281575543929421,5.8337542377494742,2.4530723541572854,6.0677594263713388,3.6146870722140534,-1.2141926111145267,5.7877639408341679,7.0019565519486946,52.589049149270068,68.094544841073912,-15.505495691803844,68.768697666581829,-16.179648517311762,52.688621215247622,41.975295330861627,196.68918228149414,198.42527169149,143.55215494299793,124.57287394724206,156.37997174519515,145.25222300789514,195.70673268248177,187.22768136066099,236.84398901254784,235.67233629782152,258.23173600948923,263.95190118456543,-8.5118130553801166,-16.018456952829723,-0.41327178867015846,15.605185164159565,-10.699648797064924,-1.8926551689072539,8.8069936281576702,-10.384621685497279,-3.0075856628805013,7.3770360226167782,-5.1883127739334043,-3.1022237482308697,2.0860890257025346,3.5943627492664518,-0.52105365034753959,-4.1154163996139914,3.3626877691425534,9.8677419687624308,13.886760698283325,23.736963174754408,6.9018512571599331,13.490100159447337,2.7656716130712198,10.679025002140747,1.671525415848464,7.6413851280906897,-2.3696079575859983,-4.8085553603809785,0.60477415005855806,0.75979856821068747,0.73512912688306031
2188,2017,119.32554582618189,41.475189718339777,3,10,23.192203952751161,-11.583328247070312,135.93619883757856,129.51881796563612,6.4173808719424414,129.23980184481479,6.6963969927637663,204.76711387402611,138.80297604526277,509.51868696510792,204.00141967698983,152.19557125680933,154.58594154984516,172.35233562808276,175.60479156213793,202.65955559433959,206.19575240980632,234.90135008619646,235.94700239858452,257.56056045387152,256.94195061108246,-0.820025705202994,1.4418083184596355,-1.215268871768302,-2.6570771902279375,0.17569566957652683,-3.137204479188398,-3.3129001487649248,-0.50948851442785781,-4.0125958386178979,-3.5031073241900401,-2.8870181300858917,-3.8081319715530526,-0.92111384146716091,-2.37598151284962,-1.6295966526312213,0.74638486021839867,81.121707120848441,73.828234025961137,7.2934730948873039,73.511126834184324,7.610580286664117,95.94947250117184,91.848806999696535,216.79819164727814,213.36993840144237,168.62339000178804,167.30061393575988,193.04997991494861,192.50655643143801,213.65888070192889,217.95956548269993,237.72180048078118,240.22516557129691,252.25897492162767,257.12416866687477,-5.9657767872084548,-6.7733983116042111,-6.3137540063663948,0.4596443052378163,-9.0914088856321484,-8.2601564849014721,0.8312524007306763,-5.0586731308439425,-9.1342406492316854,-4.0755675183877429,-5.820256078768125,-8.6028842928445215,-2.7826282140763965,-3.1615963375508329,-7.2721298613243732,-4.1105335237735403,54.814491835939407,55.690585169021688,-0.87609333308228088,55.728675070235113,-0.91418323429570592,108.81764146971182,46.954168941258104,292.7204952724278,192.70674637730255,145.41108108177016,147.5176016379915,156.13106336055475,163.81047180782417,179.42174136180455,188.83529350041093,226.14119260240787,226.32289553266489,265.93276200766257,256.6808147688028,5.6684289278996403,4.6772439929670782,1.3863987913857727,-3.2908452015813054,7.9606554278990984,-0.45272984981744457,-8.413385277716543,11.481602187171774,0.51234401719045763,-10.969258169981316,6.1564122630920224,6.6823461745746897,0.52593391148266733,-7.0848123365698257,5.1399904001522145,12.22480273672204,-5.1457510820054608,-11.634205715108095,-8.2152066300638467,-11.450642304571289,-9.2671045552086753,-17.052064313531247,-4.5491846164160847,-16.540275318015716,-2.9332379486822333,-11.976668341860147,-0.78561482470121291,3.9232159990189928,0.42549605577493682,0.46857852653136722,0.66172073262856568
2189,2017,119.57554696975237,41.475189718339777,3,10,23.192203952751161,2.9166641235351562,201.40513443600139,201.07541527436115,0.32971916164024151,201.06107970917219,0.34405472682919935,217.9051485131863,154.37182063211003,499.35770703107119,197.13822035129127,139.33992215999072,130.13124449811406,161.70686809094153,155.2245213331546,195.50994546043708,191.12285492365618,233.68623815009647,227.84611531273546,259.09396651874243,256.37466016361776,-3.9070696134995444,-8.1762393597386165,0.74150011258038262,8.9177394723189991,-5.3549672972954454,1.2116231060536222,6.5665904033490676,-3.0053776142687525,1.3434277023429502,4.3488053166117027,-4.672778133369178,1.2099551507963611,5.8827332841655391,-2.3670424683000419,0.56759450747205165,2.9346369757720936,101.41603220004981,95.945649299670549,5.4703829003792634,95.707805221283706,5.7082269787661062,113.66444478862059,90.494433173607831,229.61568766471464,198.46375213113902,133.98030506767373,138.42544027064079,166.65493112767297,163.41123171179848,200.16269020449127,196.56426421164733,233.51507102933795,226.07959747293555,252.24512143239343,249.81597867365767,-1.4264374419191483,6.5807026673742257,2.0109728061913188,-4.5697298611829069,-1.2416038376602216,2.0228161144532919,3.2644199521135135,-1.2085062343277571,2.3172363476878388,3.5257425820155959,-4.9016891293196352,2.2251023585377538,7.126791487857389,-1.4610419944012563,1.9922758953969719,3.4533178897982282,99.98910227320448,105.12976624787916,-5.1406639746746805,105.35327410790978,-5.3641718347053029,104.24070376181862,63.877387465021457,269.74201937019825,195.52852397896717,143.93193095658532,124.58287906283256,156.2529846558692,148.45088040111932,187.98647435858885,184.41306004292304,234.08114920521453,230.15142060115707,265.55762491330563,262.45367208095092,-5.8218581104381997,-17.149242130918864,0.19654957776833726,17.345791708687202,-9.0447281038117353,0.099384221536325867,9.1441123253480612,-2.7607039418980435,0.62462266731583327,3.3853266092138767,-3.8501974547979501,-0.10734369677425093,3.7428537580236991,-5.0301023271215968,-0.4002257253703192,4.6298766017512776,2.4806321715803961,4.3954206685190513,14.756942027112842,23.72994479829309,4.1133634596352238,7.8031242661515137,1.7968713799409954,1.5521977075702864,-0.22891099595045716,-1.0514916745216851,0.90600047389878569,3.5690603327203405,0.45982205627683931,0.52162349336019609,0.58621083046800959
2190,2017,119.82554811332282,41.475189718339777,7,10,23.192203952751161,-4.9130401611328125,180.00774164882023,184.91524216765902,-4.9075005188387877,185.12860972977796,-5.1208680809577345,208.74953318792632,151.23773647165399,495.41810856759548,195.67609612081333,137.49576441050087,131.64689237714876,160.6738817510257,158.18763814186039,194.1652630411505,194.07983972433897,231.74280643138937,230.15335907471052,258.69884382623195,256.59569628259953,-2.9752824729082477,-6.2256432046730765,-0.65214655375149277,5.5734966509215838,-4.2922540910271607,-1.7791613489456211,2.5130927420815397,-2.2250084495325382,-2.2480404697344909,-0.023032020201952719,-3.4930688876505087,-1.9531133489969648,1.539955538653544,-3.296266381453421,-0.93481471701031182,2.3614516644431092,96.697158770476562,110.66095678682359,-13.963798016347027,111.26807928056405,-14.57092051008749,115.3600936937728,80.226184421233029,215.24267666504602,192.86743914477637,133.204868281578,146.60938522790977,164.93470011206895,170.08615905722544,195.34997846484808,199.57245110080274,223.0462228545768,228.65512360774261,247.04323158361493,251.30561288502642,2.5526576782681616,10.731859902444796,-3.4959823460771986,-14.227842248521995,1.2856059272896516,-3.8246495970045089,-5.1102555242941605,0.14940218999515764,-4.0761010829100712,-4.2255032729052289,1.7568231405105905,-4.0211020083367259,-5.7779251488473164,-0.23799981610071086,-3.6664820542585801,-3.4284822381578692,83.310583088822568,74.254283166393179,9.056299922429389,73.860530611183094,9.4500524776394741,93.389439734434745,71.011552017541362,280.17543208599091,199.01752823545391,143.77394190294854,123.59296254180853,156.68587157243181,142.20846182566089,192.56732098760213,183.60535777656798,242.60945146441088,233.12798655894008,266.34517385120432,263.53635840274842,-9.4880612618258908,-19.098364806052459,-1.218166859073321,17.880197946979138,-12.911508296562175,0.80191701956701422,13.713425316129189,-7.2891501840871911,1.018516568000166,8.3076667520873571,-8.5546508527750973,1.7883895515146548,10.343040404289752,-3.190634540274857,1.3215178829339607,4.5121524232088177,5.5279401511764092,12.040718940094052,16.957503107117873,29.830224708497255,5.5778600183168123,14.197114223851827,2.3744106395276958,7.4385523740823487,5.2498920281610992,10.311473993285688,3.0582665653527101,2.9526347241741462,0.43446671194030051,0.55262443911632664,0.53046406467654039
2191,2017,120.07554925689328,41.475189718339777,7,10,23.192203952751161,-7.7916717529296875,133.03042602539062,130.93786641955376,2.0925596058368683,130.84688585996628,2.1835401654243469,203.7141265787759,142.89543784100897,520.43710412830114,201.43354954150118,151.41283172174042,154.5680396023221,168.85334311160977,175.51489546698423,198.48723009026648,205.47345867847156,233.18539904344718,234.95640564518226,256.85006469038018,256.05549195007063,2.3335523682499968,3.3185855617619211,-0.25831797968774595,-3.576903541449667,4.8900303970654875,-1.8984745388137583,-6.7885049358792457,4.2965547411963598,-2.6194050724515989,-6.9159598136479588,-0.78986509761256229,-2.4929153319219495,-1.7030502343093872,-1.9918400124592779,-1.0696856918789308,0.92215432058034708,65.872048228979111,76.458988100290298,-10.586939871311188,76.919291153550148,-11.047242924571037,75.781261972281754,97.613852020989725,206.77693787182216,214.77584290147027,168.04738064609376,168.30192296725102,193.95680836501907,191.35289979749712,213.58623977083124,215.21924993697112,239.70173549731862,237.01451242846696,257.3948417013778,254.38955158831433,-6.911841152603472,-3.3683033938466451,-4.0856215276266994,-0.71731813378005427,-8.3020184146274119,-6.0069107643081736,2.2951076503192382,-5.0275427765486995,-6.365753726991926,-1.3382109504432265,-8.804681046497052,-6.0412603459887464,2.7634207005083056,-8.5268466943821295,-4.9066342073352871,3.6202124870468424,67.158377915620804,54.478877760469913,12.67950015515089,53.927594885230064,13.230783030390739,127.93286461316893,45.281585805118084,313.66016604751348,188.07734008857892,146.49638159466292,147.25879130858178,156.2312174162854,162.72930461115391,177.79997449849992,188.04271574842571,214.98293421215664,229.52481149039741,255.60433657842589,258.38353624334019,10.575765824078758,4.5366039251627797,1.4533934031173885,-3.0832105220453911,7.1244806618997814,0.064550877327889111,-7.0599297845718922,13.130231802400715,1.5624337186979176,-11.567798083702797,18.957821039486078,5.6807368551083073,-13.27708418437777,4.6919202456452354,3.2400742989934201,-1.4518459466518152,-9.2453935208534688,-17.48760697668223,-6.6868889556085662,-7.9049073190094248,-13.192048811692899,-15.426499076527193,-9.3240975177450593,-18.157774578949414,-8.0148159488844897,-27.76250208598313,-6.5350066819228516,-13.218766940027365,0.39731398132760021,0.37199807026135356,0.68311384531113373
2192,2017,120.57555154403421,41.475189718339777,7,10,23.192203952751161,-4.3478240966796875,178.78501691822748,166.05428638816375,12.730730530063738,165.50077758380212,13.284239334425365,209.83991047306154,153.3321902363532,497.04916279390454,195.9371736869858,141.55719884825004,137.11868159668794,161.75397778092577,161.07098891638918,192.85020809681501,196.1644960025375,231.48708231451315,231.12134574885434,255.79301964193567,256.16494430033634,-0.51338177499661697,-4.8774050191910021,-0.96135221410867189,3.9160528050823302,-1.6993935234632147,-1.1032052716425369,0.59618825182067781,1.8525767873140353,-1.4545519570334022,-3.3071287443474375,-1.8882827123371442,-1.5362510899284132,0.35203162240873098,-0.074942068271695916,-0.47266001363666987,-0.39771794536497396,83.446935367988772,94.82292909786338,-11.375993729874608,95.317537150833232,-11.87060178284446,97.572356199776095,103.64751511551185,222.0268243404571,203.72837210586769,147.697321442956,152.15995243000154,172.60720492079537,176.58815117784266,206.11058287097654,205.18582927901724,236.96924214549634,232.38874158208918,256.0118200355285,253.94298733953997,-2.99315868668441,1.4331490808930027,-3.3032552802116015,-4.7364043611046043,0.38165188939140648,-3.6271249355281157,-4.0087768249195221,-4.4913639664707148,-3.6807177785478871,0.81064618792282772,-7.9736832373100981,-3.4872964956757073,4.4863867416343908,-5.6969416502718389,-3.2133545756653064,2.4835870746065325,95.338081559551938,71.231359210607479,24.106722348944459,70.183240295618816,25.154841263933122,112.26755425279634,49.684675195347154,275.02233850955963,186.25688746969303,138.12155521613388,128.50024194117526,150.57790308828964,144.85439689065316,177.96592656785046,179.0770636868063,219.95166326594637,228.0470487320963,254.88380923495831,260.4708728163418,2.6649563024276688,-6.9343481339766981,0.47292175605082321,7.4072698900275213,-2.5318761225226183,1.1818201434287232,3.7136962659513415,2.956467495769175,1.5772419616046705,-1.3792255341645046,9.9587995189301353,2.9045945840038314,-7.0542049349263038,6.2231962591187937,2.6711297229117577,-3.5520665362070361,-2.479776911687793,-5.6581149891120788,6.3105541000840049,8.3674972148697009,2.0810454128546212,2.9135280119140248,-6.3439407537847501,-7.4478314622398898,-6.0854005249729539,-17.932482756240233,-5.6219995820001429,-11.920137909390633,0.44668986683821826,0.46498473993726791,0.6759670944225401
2210,2017,127.82558470757763,41.475189718339777,4,4,23.192203952751161,-0.590911865234375,105.55967737175524,95.779936927818198,9.7797404439370439,95.354730027145706,10.204947344609536,136.17132180086628,241.22154990286435,485.8324417816475,193.21272673605355,132.43249141398974,132.24103696030772,159.79451480583154,158.67260023338562,192.4971318526743,193.38087008659605,227.60729599425011,228.40460689296509,252.64830985935458,252.99823049316947,-0.075582341557577593,-0.32743016108190659,-0.066168248114877315,0.26126191296702928,-1.2524522220696497,-0.21602126463432114,1.0364309574353285,0.6102153198651763,-0.29134701693297416,-0.90156233679815045,0.4683774062507382,-0.31393884402535832,-0.78231625027609653,0.025915166542432644,-0.24229631165042065,-0.26821147819285329,68.194733518386784,57.242818482000075,10.951915036386708,56.766648826738674,11.42808469164811,73.719900350297394,174.83159161432923,258.80499140056781,199.55305888641251,147.97081227785162,149.30984925958091,168.85441589220707,169.77953444351229,197.3145643246574,200.36059512524247,231.75339515167482,231.07521063796747,253.67035732531707,252.60554335568918,0.4405092986148702,1.2715672512052549,-0.54139906850932107,-1.812966319714576,0.31051598429874616,-0.52241387601378619,-0.83292986031253236,2.5144963674655685,-0.51089126626291659,-3.0253876337284851,-1.1494593974198608,-0.49743021728602344,0.65202918013383737,-1.7600932703421108,-0.4447810943421473,1.3153121759999635,37.36494386826962,38.537117901248166,-1.1721740329785462,38.588081801872249,-1.2231379336026293,62.451421547426435,66.389958377942094,227.02745071891695,180.98141547564884,119.21185049707847,120.70606440843051,138.33978172514244,136.73602964801407,176.45814964466396,177.88849069560686,222.04517499642685,221.58180242363852,250.5353338406826,253.92441624287491,1.1025348305083753,1.857066257759783,-0.05826129892854226,-1.9153275566883252,-0.63419771647065204,0.1703422296141639,0.80453994608481594,1.657306942395536,0.10758064481527185,-1.5497262975802641,-0.3763163645322436,0.25810006744922021,0.6344164319814638,3.1678009479036291,0.21367135690931605,-2.954129590994313,0.5160916401724478,-0.6620255318935051,1.5989974122871615,-0.58549900655452802,1.5629682063683958,0.9447137007693982,1.9042810476003922,0.85718942507003248,-1.617836803670599,-0.77314303288761721,-1.7860084368845435,-4.9278942182457399,0.53270421886911601,0.54137610897325084,0.72477600647508822
2211,2017,128.07558585114811,41.475189718339777,4,4,23.192203952751161,0.90476226806640625,131.15187587660694,117.94228737118465,13.209588505422289,117.36795703756798,13.783918839038961,157.22824500726892,221.54148225309473,480.01858268305659,190.72904821870011,131.95400858097898,132.48470896629013,156.61662240525959,157.75282614843795,189.10504036174697,192.48587696904229,225.00205918965136,227.22054631490317,251.33516694669453,252.3896544947132,2.3313404630640662,0.66575768948968062,0.09914538889159985,-0.56661230059808076,1.5748585757793023,0.37967377360527621,-1.1951848021740261,3.8853349122586565,0.48464807166817536,-3.4006868405904811,2.7362096095216941,0.52041522911468974,-2.2157943804070044,1.4512214002741644,0.42397886030406085,-1.0272425399701035,89.928797843564098,73.073580198280979,16.855217645283119,72.340744826251466,17.588053017312632,95.79835875581557,157.30675054989115,258.20038300100714,195.15390192146131,140.95584879493208,145.36933716319854,163.04223014341315,166.13548584021396,192.47692963615398,198.35234401006554,227.68850399058857,229.39215522122089,252.52690623065308,251.84817772816464,3.8295547073243767,5.9797991162775759,0.82439988766009265,-5.1553992286174832,3.7500477294416328,0.829696797260425,-2.9203509321812078,6.5975677067684444,0.79916565050584154,-5.7984020562626029,2.3122687715341783,0.78274903530072493,-1.5295197362334534,-0.20122035346966527,0.68746270010905164,0.88868305357871691,41.223078003240516,44.868706246193142,-3.6456282429526254,45.027211555665417,-3.8041335524249007,61.429886057738258,64.234731822412868,221.81819968298078,181.81680956030428,118.71842993936693,120.59805339419637,142.52000197002695,139.32013665313883,180.9311779008589,180.59333208024177,220.96179159840102,222.1081026012443,239.94917030233162,253.66373110770007,1.381052062008564,2.4134165591622292,0.010280054896171009,-2.4031365042660582,-2.9817677250645716,-0.48045666972134882,2.5013110553432227,-0.27670363654158336,-0.069470574540900998,0.20723306200068237,0.84018751370828682,-0.20040496214537029,-1.0405924758536571,12.67204279785102,-0.18472964907280698,-12.856772446923827,1.4982142442603106,2.4485026453158127,5.3140414267878953,3.5663825571153467,2.1751891536623305,6.7318154545062043,2.7122327945097879,6.8742713433100278,-0.42394083798751581,1.4720812578258915,-1.6524417537438296,-12.873263151320685,0.53789664049629082,0.60929484235727904,0.71005551172660231
2214,2017,80.325367429189697,41.225188574769319,1,10,23.280082095142365,15.894737243652344,114.29357297630304,119.20221135165048,-4.9086383753474365,119.41563082806715,-5.1220578517641115,114.40904540467818,128.79766177293277,339.88000077276956,199.17991075430294,130.11923060996097,126.84904889006836,166.0686884907883,152.65176132760934,201.40576829908318,187.52217491705883,234.95997797194335,222.39844276881777,258.21629670057121,249.42353284477605,-3.0806887975793984,1.1039276050428839,3.5536539224869728,2.4497263174440889,-7.5422741037769754,6.6571052708910372,14.199379374668013,-3.7270147420456965,10.032491563828955,13.759506305874652,-2.3051121192904134,10.255721085934852,12.560833205225265,0.9217547708601046,9.5642274066285609,8.6424726357684563,47.953384205526163,67.175626161848413,-19.22224195632225,68.011375917147234,-20.057991711621071,47.967142018723962,49.75738411524037,102.4114627611707,196.14342462821887,134.32716579723521,130.75712524828293,166.48958449415355,157.71705890557919,199.23927368504093,187.62833364165942,224.79661595024157,218.1763921397089,253.69538042224258,242.95621588435469,0.9528195952623264,3.2420482230664902,7.2155585407896297,3.9735103177231395,-0.37274420050755452,9.8209196977534248,10.193663898260979,-0.71001125584740521,12.437184355688089,13.147195611535494,3.9020614259901834,12.48633203337701,8.5842706073868271,-1.3881492533673736,11.893331072474524,13.281480325841898,66.34018844295133,52.026586149750983,14.313602293200347,51.404255053656925,14.935933389294405,66.441903054991599,79.040276818717757,237.46853695705067,201.21960490564365,123.86962085014794,122.39540476687222,165.44680912058632,145.09656537986146,203.24227623909704,187.26674862734586,241.02368094286706,230.77863279492459,260.20612665526801,255.92627823238018,-8.7704410713045888,3.0633839339317461,1.1323610497012027,-1.9310228842305435,-15.15748130073996,2.8752723789169181,18.032753679656878,-14.635431585927904,4.328129461462197,18.963561047390101,-6.5918161143091538,5.6992662851125431,12.291082399421697,2.6347759257883467,7.8601912971028014,5.2254153713144547,4.0335083928417248,9.7232606665669152,2.1381206180236063,0.17866428913474408,7.1695299032694209,14.784737100232405,3.0170034861982913,13.925420330080499,6.2071735452805967,10.493877540299337,-2.3099040242274782,-4.0229251791557203,0.30131653091774291,0.41926004931741689,0.38632210732956829
2225,2017,110.07550351407477,41.225188574769319,3,10,23.280082095142365,9.649993896484375,110.44016606517835,119.08679447449322,-8.6466284093148715,119.46273573081635,-9.0225696656380023,119.18770738012608,84.837942215730436,390.46282306313515,207.04063300060625,165.44738305166607,163.71849357384144,183.19256694101531,178.24084961641924,205.78457876460254,201.81781747783938,231.66250299850066,227.96837668409364,251.55653052578967,248.31563814878783,-0.27002526223648715,0.38307413082151243,1.654458651639942,1.2713845208184296,-1.4831412469138741,3.4255312041862283,4.9086724511001023,-0.027657041833805351,4.3956444328650264,4.4233014746988317,-0.69995606802666543,2.895157695401025,3.5951137634276904,-1.1788289833023384,1.9074365534959838,3.0862655367983223,55.737296226882791,54.148908577733891,1.5883876491488991,54.079848054945614,1.6574481719371761,59.58368167070239,39.73132206986611,129.13705598539673,207.24857388417624,166.61589009599325,164.60836625617162,184.93203299323082,178.78481050741874,205.26058406260248,199.29924024493343,226.77546446431808,222.73916627401755,249.91588822697247,242.03424334168275,-1.5871627539896451,0.44976762106048795,1.7533828587485516,1.3036152376880636,-1.1398314828607568,5.4697217867193899,6.6095532695801467,-0.54493732174503862,5.3218088244414616,5.8667461461865003,1.7415986870703648,5.0320608215035634,3.2904621344331986,-3.7392914075362285,3.9408723598670008,7.6801637674032293,54.702869796572486,64.937888471680708,-10.235018675108222,65.382888689149695,-10.680018892577209,59.604025682601787,45.106620038575784,261.32576656341553,206.84340698978829,162.34248437576699,163.27700124443049,176.50954257329749,177.42440942506909,206.27576399751425,203.6289330463876,234.26001497199965,232.61338517431847,252.79401260131371,251.81588765231857,1.129008189528065,4.2375627051177389,1.3599518517533511,-2.8776108533643878,4.3921988033505386,2.3443775930994946,-2.047821210251044,0.43266280469055118,3.9764087953718388,3.5437459906812876,0.01200678001228539,0.66180718620660173,0.64980040619431634,-0.70698834913855535,1.6453128583931687,2.352301207531724,-1.317137491753158,-2.7161709435177102,0.066693490238975528,-3.787795084057251,0.34330976405311731,-5.5320302862112953,-0.51728027991123327,-0.9776001264355898,2.4415547550970302,1.7295919070580794,-2.56046242423389,-3.0323030583976731,0.33072817271649996,0.49991465546586772,0.46832020004487129
2226,2017,110.32550465764524,41.225188574769319,3,10,23.280082095142365,-1.619049072265625,97.202341323216388,104.0545164846917,-6.8521751614753157,104.35243786592764,-7.1500965427112533,126.41434340591513,72.945082286209072,387.97211368195713,205.72473499344301,165.92086341603834,166.47779795816413,180.68493536747781,182.91415934575235,204.81239308548297,207.3037265788663,229.86766159443371,231.33629852354545,249.66465271218513,250.3296046377657,1.3268129838272671,0.32704667057097936,-0.41600888136946423,-0.74305555194044359,1.6209283703481105,-0.65037507991613097,-2.2713034502642415,1.3267000709531942,-0.68774122299535634,-2.0144412939485505,0.98777079864504458,-0.4822497940204471,-1.4700205926654917,0.62119042029672755,-0.20825545667577217,-0.82944587697249972,49.913973030419584,49.698856062746927,0.21511696767265676,49.689502843568334,0.22447018685124931,59.770431610872038,41.663494716474816,130.2130777965067,209.42274925946225,170.30643953512762,166.10647803918471,185.79300364415909,184.48049566064404,209.70114103716628,205.52649475128234,228.60012923602432,229.33980418722118,250.04491170444621,247.29222351537246,-3.5700425256053165,-3.969270699360834,-0.031674807564570528,3.9375958917962635,-2.4077646419181065,-0.48689275639944185,1.9208718855186646,-5.2439200922411544,-0.73846599979088978,4.5054540924502646,0.031837318728918262,-0.85937107496872045,-0.89120839369763871,-3.2310558786122954,-0.77012634355079967,2.4609295350614957,47.288368166136934,54.355661006637092,-7.0672928405001585,54.662934378062346,-7.3745662119254121,66.643911688872322,31.281587603261869,257.75903550395742,201.89423012261707,161.80785857281512,166.79749265209699,173.75808972951631,181.70972867147574,202.37618400004047,208.85681038085275,230.93771396643575,233.16296361453917,248.55285224010086,252.91699856968847,6.3979955947753524,5.7796321331159675,-0.74453863207455129,-6.5241707651905188,8.8293022020633316,-0.82207541734175038,-9.651377619405082,4.4660876420855118,-0.72768297701861684,-5.1937706191041286,2.9690196743469812,-0.44143161511615858,-3.4104512894631398,3.2469413206248419,0.27050416737478145,-2.9764371532500604,-4.8968555094325836,-9.9680381203806689,-4.2963173699318133,-9.7489028324768014,-4.028693012266217,-11.237066843981438,-6.5706201631943486,-9.7100077343266662,-0.95593347991612632,-2.937182355618063,-3.8522462989090229,-6.4779971992371372,0.33562483798320047,0.47281368554001668,0.57116248841838202
2227,2017,110.5755058012157,41.225188574769319,3,10,23.280082095142365,6.5500030517578125,147.99618259241106,150.86864593889186,-2.8724633464807994,150.99353610623075,-2.9973535138196894,155.31402567182977,92.406526935115835,394.99950256291777,202.53575743783895,148.49242255567142,145.10799887447337,173.60209447731759,168.05639581873046,202.32942135753041,197.5714337396951,231.62432852303905,226.30070741820586,255.59926636062048,250.55105840142915,-2.9890066855319333,-2.4213668247036253,0.5391590976143732,2.9605259223179985,-4.5284163469270595,1.1847661107615863,5.7131824576886459,-2.0663836638883026,2.8233874545353501,4.8897711184236528,-2.6740003328104933,2.6459476663205521,5.3199479991310454,-3.4409655261015359,1.6417600782313571,5.082725604332893,64.132815163763553,65.459061536432273,-1.3262463726687201,65.516724608394725,-1.3839094446311719,69.34965140558279,37.108741324565017,118.88187003042549,199.58057558092187,149.43472296798058,146.56847420902704,178.65677057648108,168.86467888265045,198.4282207979459,194.21879621860023,224.47194520384599,221.64052228636359,248.07815015286272,242.71775746997059,-0.77363287618953791,0.8285883532680316,3.9762120200291804,3.1476236667611488,-6.5705543803267688,2.8139582679004889,9.3845126482272576,0.37229354774714807,4.6895156221863488,4.3172220744392007,0.60590656654807162,4.7134803395871927,4.1075737730391211,-2.3687451304214733,3.6849501782746756,6.0536953086961489,83.863367282523541,85.409584476965392,-1.5462171944418515,85.476810690193815,-1.6134434076702746,85.964374120123011,55.297785746895897,276.11763247661293,204.76285004011447,146.874822711489,143.24298558500334,172.92877272245579,167.67551704486789,204.97710220801753,199.85469734032233,236.62804402731962,229.91000821501498,260.29461566447026,254.56703285391782,-4.8128144734896807,-0.73284429810715324,-0.70456380429664023,0.028280493810513008,-5.3582041201626396,-0.1617022656806455,5.1965018544819941,-3.0352290888889684,1.7671570860725581,4.8023861749615264,-6.027796312453404,1.3243721511671538,7.3521684636205578,-6.4637124301086999,1.1123927392256121,7.576105169334312,2.2153738093423954,4.0391815973001428,3.2499551779716569,1.5614326513751848,-2.0421380333997092,-1.2123502601641292,2.4386772116354507,3.4075226366361164,3.2799068993585649,6.6337028790014756,1.0722203956800627,4.0949672996872266,0.30096713858896396,0.44651248401812016,0.40158138775869467
2228,2017,110.82550694478616,41.225188574769319,3,10,23.280082095142365,18.050003051757812,146.55940449237823,152.85414397716522,-6.2947394847869873,153.12782871723175,-6.5684242248535156,144.97885820058582,94.303836606010009,391.31589773483574,203.42115128709716,151.40194407563934,151.58746274346029,175.30157168221805,168.7695824525473,203.67292051178916,194.09878169477091,232.22899191228379,222.26827846920412,253.81550719051765,246.55429304335081,-0.83684979571887652,1.4324352666149593,1.0062303995461264,-0.42620486706883298,-0.98804596212445972,5.6334737236859098,6.6215196858103695,-0.66967565598682199,9.0621398722476556,9.7318155282344776,-2.3371916160910473,7.6528117417963699,9.9900033578874172,-1.4666939622321138,5.6797078880051401,7.1464018502372539,64.08822880871594,60.008890122175217,4.0793386865407228,59.831527650356293,4.2567011583596468,62.663918792743061,36.981517831794918,118.18543391663115,201.09772504132096,151.90205409781245,151.30006982584288,180.46775528181965,169.84552934322454,200.50598601260484,191.41857393921035,223.45392589312488,215.97647412966268,245.11921454334893,237.79756243955012,-0.42038220695087603,2.3842620032528146,2.3688420261415786,-0.015419977111235994,-5.2037927768708983,5.9398692368839932,11.143662013754891,0.250378372215323,9.4940333776516184,9.2436550054362954,1.4474781880486489,10.996584501633151,9.5491063135845025,0.43143956101090453,8.0834156405213662,7.6519760795104617,82.471175789833069,92.845253095030785,-10.374077305197716,93.296301051974297,-10.825125262141228,82.314939514013531,57.322318695052672,273.13046417059377,205.07915308929392,149.78146342928991,151.72385908932833,173.75110604979423,167.88461038575031,205.49746476164404,195.58499669109901,237.60805232167527,227.17303598903931,256.03714763962512,249.89939811518209,-1.6007453941024039,3.0145364544235349,-0.97203162510308516,-3.9865680795266201,0.11167856839855972,6.0096392878134566,5.8979607194148969,-1.2446838336784651,9.0295453303136526,10.274229163992118,-5.3158560033448339,5.07115647106707,10.387012474411904,-1.7506363093874882,5.4275191447216855,7.1781554541091737,0.4164675887680005,1.1803631871515279,0.95182673663785522,-0.63027445117072034,-4.2157468147464385,-5.315471345269458,0.92005402820214499,1.4950622058937881,3.7846698041396962,6.7633341913934828,1.8981335232430183,2.1820758703983927,0.30202052766257964,0.43222797841354399,0.39215284513077886
2230,2017,111.32550923192709,41.225188574769319,3,10,23.280082095142365,-1.600006103515625,90.991447115105984,98.985270219178346,-7.9938231040723622,99.332829387938546,-8.3413822728325613,118.33570690798297,74.014198250377376,378.68958218954504,207.25045983050259,169.49329227700716,169.95347534759969,182.94751683836745,186.03569883661208,204.99818339316585,209.3710947758031,230.00844078294725,231.98175591340222,252.16808369761,249.48010288999467,1.4423822612739912,0.71634059273480943,-0.33502658781466721,-1.0513671805494766,2.4264027975110309,-0.5492616005560933,-2.9756643980671242,3.1533563629484433,-0.72085249338127255,-3.8742088563297159,1.1085989584691731,-0.57315907360498386,-1.681758032074157,-2.9472620159367864,-0.342408767988303,2.6048532479484834,45.755856698547632,50.303261016328179,-4.547404317780547,50.50097414141419,-4.7451174428665581,50.87328495293832,30.643828517761449,94.876829089364037,207.78648231035919,180.73840216014639,173.7210433284026,191.86903577458239,191.45957485227061,205.87983697499075,211.5787612708163,223.52880385516411,231.74937492226502,241.3996743985619,247.14350163456703,2.4302381108304587,-5.1020854965708793,-0.26997450865405881,4.8321109879168205,0.058657458259290252,-1.0732388467781675,-1.1318963050374578,3.0468021644891792,-1.0475719195071065,-4.0943740839962857,6.7100300376982887,-1.0223250674400504,-7.732355105138339,3.7048879761045157,-0.94147699916359784,-4.6463649752681135,45.235590526826854,48.682010859858565,-3.4464203330317105,48.831855306129,-3.5962647793021461,67.462422191973019,43.370369635013049,283.81275328062475,206.85621715260322,168.08089051415226,168.02774802179835,176.04059893008386,180.50330711009096,204.81444227652619,207.17581129116866,238.11152568116631,232.31352665210386,254.68345815293935,252.26390395353738,0.8011397421477966,0.41625435664266774,-0.4102928068824383,-0.82654716352510604,6.1925575012786851,-0.45427734791735475,-6.6468348491960398,1.1958537191346181,-0.47679419461545081,-1.6726479137500689,-6.0274112417123717,-0.14194156665064384,5.8854696750617279,-3.8109994186188771,0.0029385457515900271,3.8139379643704672,0.98785584955646755,1.6290983686826621,-5.8184260893056887,-5.518339853213547,-2.3677453392517407,-6.1339000430193948,-0.10655419845926417,1.850948445354561,5.6014310792291155,12.73744127941066,6.6521499920413021,7.5158873947233928,0.25053984464213608,0.42990646088333284,0.41402635226958234
2231,2017,111.57551037549754,41.225188574769319,3,10,23.280082095142365,8.0416717529296875,114.4155251327702,130.66001726307513,-16.244492130304934,131.36630187881019,-16.950776746039992,122.20273433981038,71.563340858678202,353.24941888637841,207.41396363600094,168.65914060548218,164.41887054164181,182.77344902206707,180.14180291293385,203.92099590569475,203.29528846864682,232.49165200003137,228.90352544107034,253.36806363593104,248.92545365758599,0.44242691174602555,-2.1959841595126193,2.0051513760425621,4.2011355355551814,0.96790024953855891,3.4711282132953727,2.5032279637568138,2.8972971781264789,4.1586194675191166,1.2613222893926377,-0.81503981891600574,2.9674879859549321,3.7825278048709379,-2.3704777062124265,2.293409101758499,4.6638868079709255,55.97765810258079,67.46733938291618,-11.48968128033539,67.966889316252491,-11.989231213671701,58.959282958902349,29.437100548499984,101.92765106540173,204.8669558439943,170.29869950568337,165.66729455797878,185.77389142645083,181.78866914597054,198.76649343264347,202.11028727196495,224.3291860510524,225.42996591787218,245.81657755532279,243.57050207318559,3.1214946757802977,-0.64448312022568643,2.0006447219658128,2.6451278421914992,2.0390425891525865,5.2290749474163647,3.1900323582637782,7.2803486440959944,5.0729993158182083,-2.2073493282777861,5.7377535883759663,5.0606293211038178,-0.67712426727214847,1.4604902899705223,4.6613118386088388,3.2008215486383165,58.437866939540982,63.192682112088733,-4.754815172547751,63.399412204929831,-4.9615452653888497,63.243451370974071,42.126240240639163,251.32176767941564,209.55069067413373,168.17111374497298,163.54146647856396,177.22222697628308,177.37340800325916,208.82396078017703,204.31344380424235,238.15156219463057,232.64800734528015,255.56649295039875,253.3683823159715,-1.3565008021916753,-2.4368306305923397,1.8509131891252366,4.2877438197175763,5.2421993956279493,2.7691799269433091,-2.4730194686846403,-1.6554108068932578,3.4185008989128107,5.0739117058060685,-4.9629454399849351,0.81783416807363096,5.7807796080585661,-2.3029610168728993,0.81962597073669485,3.1225869876095942,2.6790677640342722,4.4779954779719731,1.5515010392869328,1.7923475103666533,1.0711423396140276,-3.2031568064753628,4.3830514659695154,8.9357594509892522,6.552793407291972,10.700699028360901,3.8309679961829488,3.7634513068434217,0.28854301129986132,0.48247106153086294,0.41134329665564046
2232,2017,111.82551151906802,41.225188574769319,3,10,23.280082095142365,8.76190185546875,159.49161837970132,147.55565365155053,11.935964728150793,147.03669866164273,12.454919718058591,179.82650558696878,109.11623774299551,436.14237698353827,192.12350123694154,136.30429038886791,142.63471831538041,155.2557686409034,165.15680903528602,190.63066652054724,193.19047591743242,223.90175936512992,221.4867925795169,252.32707803122165,246.65379477634838,5.0959227877878845,8.4779396855310267,1.4984102795840784,-6.9795294059469484,12.810071009808013,2.6801043429255742,-10.129966666882439,6.9643205932649721,4.2537453864304666,-2.7105752068345055,2.0285110869862137,4.376081890030747,2.3475708030445332,-3.4518262998005866,2.265352111076254,5.7171784108768406,65.166597750445362,87.876481851821154,-22.709884101375792,88.863867068033869,-23.697269317588507,65.166597750445362,31.201736063405406,98.954554324154742,196.41840668082298,160.83304796523547,145.95405975965591,180.51923111332147,166.3882075826464,196.03353308446162,190.03663481996648,217.23208087389207,215.79079415677793,227.69845731923067,236.08927511975531,1.9693731338988982,-6.9968607605889588,7.1132153025045,14.110076063093459,-5.8269184160802752,7.0912077884969165,12.918126204577192,2.2243626774774441,7.365350302740552,5.1409876252631079,5.3710554293305677,7.1224771913544487,1.751421762023881,14.025965540165004,6.3720403630883027,-7.6539251770767009,94.325020790374765,59.679172998208742,34.645847792166023,58.172830840745519,36.152189949629246,114.65990799764222,77.914501724410002,337.18782289512455,189.97423914356762,132.67776378316617,138.28828434951609,143.38712732793942,163.22206974580811,183.86132241617472,198.64449820390601,236.36431846465044,231.27816576009496,255.81940680712142,254.63362136643724,6.2472679172676351,6.444470096947498,-2.5246583255408552,-8.9691284224883532,14.70701562835643,-4.9867772747516028,-19.693792903108033,12.658703861485719,-1.096762265563342,-13.755466127049061,-5.0764826934401412,-0.26123780011226927,4.815244893327872,-1.1632561407538731,0.79616514868891386,1.9594212894427869,-3.1265496538889863,-4.2778947833687369,-15.474800446119986,-13.441330857536457,-18.636989425888288,-20.533934044436705,-4.739957915787528,-10.434341184008275,3.3425443423443539,10.447538122770709,17.47779183996559,15.189221680918877,0.22688589677652368,0.36238594270480945,0.28594952235152865
2236,2017,112.82551609334986,41.225188574769319,3,10,23.280082095142365,17.888885498046875,134.18707316865039,161.14444622047449,-26.957373051824106,162.31650447905122,-28.129431310400832,133.30947833146092,112.96426832179714,390.47271730192006,199.84175646481216,141.6022326367233,137.90338014010126,169.20036195315387,159.57911930756541,201.16005064879221,188.92446177244091,233.52955234327493,220.06233920676888,255.43093611919795,246.48031722619078,-3.8099837639190923,-2.4560857763854074,-0.27207593629728422,2.1840098400881232,-5.7157708705851462,3.5020199945849697,9.2177908651701159,-4.9345747013618393,7.4572938311578127,12.391868532519652,-5.35306812628545,7.9802486827047119,13.333316808990162,-3.1625663626958271,6.0103531944818656,9.1729195571776927,55.723210343234769,51.522995316838205,4.2002150263965632,51.340377767837708,4.3828325753970603,54.997322947429438,22.514841775334844,86.135138354424271,191.95855104410055,139.14240300676437,137.20502529213718,159.9116966392597,158.82486597085881,191.51371243541567,185.729866856862,221.9551251804713,214.77832654888573,249.22665980737409,237.610521351899,6.7561623578268666,8.5765339472522726,11.061879561786753,2.4853456145344808,8.7831229299316647,11.130259465539694,2.3471365356080298,8.004898874460423,12.600294386586171,4.5953955121257479,6.6685424513646012,13.754586964981314,7.0860445136167129,-0.71615005460915881,11.196991220415271,11.913141275024429,78.463862880053057,109.62144927030386,-31.157586390250799,110.97612724103237,-32.512264360979316,78.312155438668924,90.449426331637369,304.33757901377976,203.46251119354127,142.10337967531117,138.28850188101015,172.16748434594547,159.98040400164899,210.32483631020594,190.3363973359115,238.1238315015822,223.05119441489592,257.57697418851205,250.40584890244804,-9.0997046500133649,-4.8067874734143459,-4.8300314015982053,-0.023243928183859452,-13.013569297552493,-0.98652240869003549,12.027046888862458,-16.140404743676925,4.7860429861380283,20.926447729814953,-10.489161888827596,4.5551781248209124,15.044340013648508,-4.3235393962649198,3.9583431342389304,8.2818825305038501,10.566146121745959,15.855867007840232,11.03261972363768,13.383321420666618,14.498893800516811,21.796692227484158,12.939473575822262,24.145303618137348,12.021610577650051,17.157704340192197,2.4464163080866683,3.607389341655761,0.2205919505710898,0.41255373313129318,0.19930941092981408
2238,2017,113.32551838049079,41.225188574769319,3,10,23.280082095142365,2.565216064453125,104.68393149296935,125.99842672323575,-21.314495230266402,126.92514266757644,-22.241211174607088,125.92527942177003,84.27172845881978,396.00812157429755,203.89409703967655,154.58044132537088,157.07472610902002,177.48087046026242,175.69437110216637,204.51545846010575,202.65909118157359,231.54730942471502,229.43197169705314,250.76905895211132,250.59749907229644,-0.080081016428010798,3.0994011150204699,0.21639162065667961,-2.8830094943637903,-0.66919944161747935,0.89974538062307374,1.5689448222405531,-0.76558471605051182,1.0879094460146632,1.853494162065175,-1.2966043515673675,0.93040224362283652,2.2270065951902041,0.32401136712414313,0.44551275296302606,0.12150138583888292,33.973259780555964,49.31298387937386,-15.339724098817896,49.979928274249687,-16.006668493693724,38.028463814407587,28.058548511937261,86.807438310235739,205.75851838353302,160.97892758391515,159.37363263518523,183.46515740497671,181.63246553348557,200.51043540720821,205.80188459311367,228.08039088353439,229.32046254590938,251.06141685032313,247.6491195590794,0.74431466460166007,1.119608205829536,0.47022974073928481,-0.64937846509025121,1.6902217861332076,1.0183692142400957,-0.67185257189311187,6.3936693900360524,1.5203373884316136,-4.8733320016044388,2.2010602664400096,1.6157785275774188,-0.58528173886259083,-3.1464657871811141,1.3921446354786724,4.5386104226597865,70.710671850249128,76.685441831879871,-5.9747699816307431,76.945214833882346,-6.2345429836332187,87.896815789901666,56.21317988914052,309.20068322494626,203.03909710993278,149.84895838911581,155.8104189626624,175.95495590041998,173.0687935164207,206.4584671286047,200.31340952456696,236.29435196359915,229.52507467576237,250.50026368954482,252.7124988572034,-0.67908844487385522,6.552139548705469,0.28138353984365949,-6.2707560088618095,-1.7940514403451573,0.94054070886323871,2.734592149208396,-4.9807450644475182,0.92491976587271552,5.9056648303202337,-6.1479481988336033,0.22127020199999947,6.3692184008336028,0.98094264214122973,-0.096417216081675861,-1.0773598582229056,0.82439568102967087,1.4234031094755153,-1.9797929091909339,-5.432531342875933,2.359421227750687,3.4842732264783649,7.1592541060865642,11.374414454483571,3.4976646180073772,8.349008465273613,-3.4704771543052573,-4.1274084293223439,0.21920620709782401,0.30199229248510373,0.33295328130890717
2239,2017,113.57551952406125,41.225188574769319,3,10,23.280082095142365,18.055557250976562,136.36278874447089,149.47917270933249,-13.116383964861598,150.04945397599658,-13.686665231525694,134.63887551277367,90.776837631219678,416.35372376069427,203.13896613796604,151.39217479915027,154.01215690757564,176.36459422010623,170.26699836343732,202.53015490277596,196.12766465288902,230.96555765353642,223.93622935996453,251.92656979304337,247.46606661745258,1.2309759200647648,5.8484625814241724,3.034598215246433,-2.8138643661777394,0.96168803376838241,6.5594427622330898,5.5977547284647073,1.9728069970344677,8.4145979322283893,6.4417909351939215,0.16216761701252835,7.2423154557423572,7.0801478387298289,-0.01077029355909076,4.4413367365675072,4.4521070301265979,50.879402655014928,60.768703855265812,-9.889301200250884,61.198673250413776,-10.319270595398848,49.494759696373876,41.221317365694631,112.71501324465498,206.86441151260632,161.54399050778048,156.13003616892124,183.23543653081333,173.57841068317276,201.47632492098001,196.05921859668325,228.7741718809045,219.8554950638478,251.45910727039052,238.84874452970902,-0.15803465675364237,0.25836094056140269,3.512297986633854,3.2539370460724513,0.95166516952755842,8.9762614069436779,8.0245962374161195,4.8453724422416826,11.272196481743748,6.4268240395020655,2.500210508546644,11.376798105511796,8.8765875969651518,-2.9033475727021312,11.019587443806984,13.922935016509115,85.483385838697359,88.710472546243182,-3.2270867075458227,88.850780463984847,-3.3673946252874885,85.144115565641187,49.55552031022853,303.6387101970613,200.62999289761652,148.09217215874386,152.58153849061151,172.92261641767428,167.51511138600125,202.98938636884296,196.18201704034794,235.81841832848727,227.95595814346919,252.20924349208136,252.19658043136948,2.2773795981746332,7.5362380402142151,3.1567888889768767,-4.3794491512373384,1.4317984050852033,6.584886488955334,5.1530880838701307,-1.0314731660351981,5.9555951640175238,6.9870683300527219,-5.351912340858263,3.1701027604322576,8.5220151012905205,0.034535818229414872,1.1915180848786804,1.1569822666492655,-1.3890105768184071,-2.4354142549282756,-5.5901016408627697,-7.2778770996528124,-0.010022864240823992,-0.48013323555764487,2.8725654452072149,5.8768456082768807,2.3380428915341156,7.8521228494049069,-2.8925772791430404,-2.937883390931546,0.27071935907420797,0.36761120818836707,0.45409510224575095
2240,2017,113.82552066763171,41.225188574769319,3,10,23.280082095142365,3.0869598388671875,113.0635971373049,125.7461669945551,-12.682569857250201,126.29758405985194,-13.233986922547047,132.58409328661946,106.54696134858386,428.61925252899528,208.43893398391199,163.17709635806523,163.40551812584491,182.06119837779235,181.06487609955909,209.21017679236135,206.47851996945823,235.43860074170374,232.22057515392717,252.09701904645107,251.81358959176583,-0.42137629385780428,1.1413046749377429,0.40399932408547556,-0.73730535085226734,0.58988329355773317,0.99209893797061,0.40221564441287683,-1.5806728218996966,1.3825799715877167,2.9632527934874133,-2.182450238518328,1.172603577283013,3.355053815801341,0.39545120016606461,0.84789607780101051,0.4524448776349459,51.519634850563307,58.824814125880948,-7.3051792753176414,59.142430685067666,-7.6227958345043589,56.5676358957312,62.471153156973742,137.13444682094269,213.25639188987427,171.11313535664601,170.02898803545878,194.79181689282089,189.27261634754831,217.13941346313575,211.00232099032064,231.51975582014018,232.64738171453214,251.66805210820866,249.54455906209114,-1.4164687752812313,1.8598409109285114,1.3018622825362627,-0.55797862839224877,-2.2292248106264481,2.1129590007682282,4.3421838113946762,-5.9210259228808866,2.1556805999022117,8.0767065227830983,2.06700495506621,2.0128270128704742,-0.054177942195735795,-1.9701544437618566,1.6118275768883734,3.58198202065023,61.543962400744931,66.921354865429748,-5.3773924646848172,67.155153493993566,-5.6111910932486353,76.016457394671306,44.075808132005477,291.48480583354831,203.66373590149988,156.93830356726392,159.71401442945748,175.6783858182105,174.3903590876937,202.18043102555282,200.99822451214831,237.51928198501238,231.7004790519016,252.32691573940477,254.2906194470828,0.14221945225747845,3.8711593356665048,0.59534568109808106,-3.2758136545684238,-0.14562589718752861,0.93583230069765477,1.0814581978851834,-1.1162920905328519,0.65052659349987607,1.766818684032728,-7.1989216392789501,0.24917127234701297,7.4480929116259631,0.66125524757700305,-0.20841632963404777,-0.86967157721105082,-0.99509248142342699,-1.5586882275387097,0.71853623599076855,-2.0113184247379934,-2.8191081041841812,-2.0835989134389195,-4.34035310098119,-4.8047338323480346,4.2494551935845379,9.2659265943451601,-2.3656056439279212,-2.6314096913388596,0.31994467353438771,0.42665477051944412,0.58632505672865032
2241,2017,114.07552181120218,41.225188574769319,3,10,23.280082095142365,10.086959838867188,139.81473648088286,157.86941780768393,-18.054681326801074,158.65440220272285,-18.839665721839992,152.006807141237,121.61109990184559,429.68851482216269,206.73068418354313,151.85577404137197,154.03021872928389,177.47501671717691,172.5956630349722,208.99430849289612,199.4730803400561,237.36285345162088,228.73622958881819,254.59643166007265,251.73292251209759,-1.9224534726327533,3.2839437309067421,1.5860810540684156,-1.6978626768383265,-0.65244065259432205,4.0769155501577359,4.7293562027520579,-4.6382665938526486,5.0333605411064468,9.6716271349590954,-4.4865414679021853,4.1152655363371764,8.6018070042393617,0.010833582638753114,3.0044466115496391,2.993613028910886,55.113930419342068,75.557139777316479,-20.443209357974411,76.445975267633912,-21.332044848291844,56.588748966771163,55.523316816754232,126.19483696168754,208.99669263055978,161.55029467642927,157.19581062608049,183.34152659552188,177.32870381056222,214.09619290281353,200.02246192447117,229.2618218580208,224.7019725497731,251.9377189216016,245.31077247703934,-2.2267278333331149,-0.57409911685189741,3.8713739227059989,4.4454730395578963,-0.41794016884699658,6.2506843318336109,6.6686245006806075,-7.5314585668405698,7.3078135018469936,14.839272068687563,2.0772977243120465,6.9279208103131396,4.850623086001093,-1.5789956945775714,6.2497333989555273,7.8287290935330986,84.700806717191881,82.312275900148961,2.3885308170429198,82.208427992423822,2.4923787247680593,95.418058792864031,66.087783830149419,303.49367952067405,205.15769538260759,149.05317057048319,151.84540733780315,174.62645833930114,168.86976941965051,205.9470186608479,198.80364999222621,243.1369397132533,233.3343741068044,255.18766941383103,257.6180735351677,-2.6151842806508796,2.4620020496913924,-0.70961853776836392,-3.1716205874597563,-3.0038484390352949,2.3214710206807183,5.3253194597160132,-5.4297460122157588,2.4817772250378312,7.91152323725359,-9.4981437803928088,0.73348069767016,10.231624478062969,0.90106001482985221,-0.18218683648001388,-1.0832468513098661,-0.30427436070036151,0.38845644731776474,-3.8580428477586395,-3.0361011665432898,0.23450048374732546,2.5859082701882983,-2.8931919729879212,-2.101712554624811,6.5638391922142318,11.575441504704855,-1.5898292772163245,-2.4800557094074236,0.29368910875804166,0.37227772907690754,0.4565645476569824
2242,2017,114.32552295477265,41.225188574769319,3,10,23.280082095142365,23.454544067382812,211.36431581436773,205.87666370176885,5.4876521125988802,205.63806905712408,5.7262467572436435,199.74699746820261,135.95666748487201,506.21298690885305,203.04566457852587,150.44761344639744,144.23225588116756,173.90873985863561,161.12798641710881,200.37055298614612,188.15682029557169,233.72790206351459,219.34857414499851,257.36073564831258,245.43512792934075,-2.646598412365762,-1.9033988432483682,3.7669004787333904,5.6702993219817586,-3.4041958060367961,9.2815497581538011,12.685745564190597,-0.67955247421826925,11.4059252484372,12.085477722655469,-3.5707413850438741,10.821242792493337,14.391984177537211,-3.8560018441606019,8.2979167816855863,12.153918625846188,118.18245618571382,93.459884597665223,24.722571588048595,92.384991760729463,25.797464424984355,114.72516854088917,63.371098399698894,207.03442928334698,197.76665140285357,148.75953137219742,144.44523357750728,168.14768687034007,161.46541743132607,195.76105910898664,185.12578340227194,223.63426456933189,213.54437902427662,256.73449888753703,237.50038482467099,4.0541520408522445,5.2402595589484804,9.2732545476966379,4.0329949887481575,6.4361249696527238,13.110434020072717,6.6743090504199927,5.3856688016535088,15.146920274615582,9.7612514729620727,5.8768351348074077,15.720859624876084,9.8440244900686764,-6.5954098716113378,13.685263602916024,20.280673474527362,93.181859807467845,112.41677855140733,-19.234918743939488,113.25307737767434,-20.0712175702065,85.021829165732015,72.585569386921634,299.17855791002512,209.01094637713399,150.76644035150281,144.05722139897344,178.54866335587164,160.83237098611744,210.33083287423085,191.0955086846258,243.87678971581136,225.66270497978019,258.32693596142474,251.18095030100983,-10.122168010005225,-4.9718449721291051,-0.41927883697715629,4.5525661351519489,-12.237047461976715,5.4935573491618754,17.730604811138591,-12.397586024457723,7.6336169661787494,20.031202990636473,-12.863652612791299,5.4333308221285961,18.296983434919895,-3.4267376186091099,4.5126733513889405,7.9394109699980504,6.7007504532180064,14.17632005085747,7.1436584021968486,10.212104531077586,9.8403207756895199,18.673172431629439,6.0652212758717781,17.783254826111232,9.4475765198512818,18.740487747598706,-2.739408027450736,-3.168672253002228,0.40898679930672122,0.57435240576846258,0.46611247224598407
2243,2017,114.5755240983431,41.225188574769319,3,10,23.280082095142365,5.434783935546875,189.33952113837222,190.62601244660254,-1.2864913082303246,190.68194715102072,-1.3424260126485024,207.78171075391401,132.14965011450113,518.99020186811686,204.27923442893785,151.14766461766035,149.80525441492892,175.45988695850937,169.4271256062537,201.95797212260811,198.21460644406372,235.7288070448887,230.20101465780738,258.19245521020639,254.73227259607677,-1.8781259556012344,0.025783997691974037,1.2149247447444225,1.1891407470524484,-3.6483828743731692,2.2775110990562837,5.9258939734294529,-1.3238565923618353,2.5591660160131084,3.8830226083749437,-3.0128603367133451,2.4886922871955335,5.5015526239088786,-1.7467758776592177,1.7570903531664044,3.5038662308256221,85.164335305238637,88.00703002762566,-2.8426947223870229,88.130626464673696,-2.9662911594350589,91.522701871970639,58.127787812953102,170.21889560297132,203.11763507480612,155.54822779188208,152.47559660224044,171.83750353228061,171.12081515760681,199.94239301800087,197.49893605392072,228.48970769744952,227.4863138808976,257.79460583335208,249.22811415183619,-0.4916006850822896,-0.3868611688064334,2.4959425971021858,2.8828037659086192,2.6132409959316476,3.4553130743908298,0.84207207845918219,1.2895546801446471,3.5358376688021167,2.2462829886574696,2.6504790073717857,3.5347228530642951,0.88424384569250947,-6.489101885556579,2.9173671046020502,9.4064689901586291,104.1751860193981,102.6189800736629,1.5562059457352007,102.5513206371088,1.6238653822892957,116.25900905330673,74.021862305273316,348.77130664139986,205.19279925277996,149.56114795593842,147.78941453985487,176.29712312828048,168.03860982404697,204.62194922904015,198.76622188376572,240.45208062915918,232.95527909453946,258.75600394276171,258.5848815432783,-3.3214802463846809,-0.21136213316856356,0.38773217812567395,0.59909431129423751,-7.2774558045213951,0.89338272981393629,8.1708385343353314,-4.7378078760910398,1.6860508373280538,6.4238587134190936,-6.0315802297722882,1.1466564305599718,7.17823666033226,0.17703644376143757,0.82135805903345727,0.6443216152720197,1.3865252705189448,2.8298795613023913,-0.41264516649840743,-0.17549903563786984,6.2616238703048168,9.8906968004530427,2.6134112725064824,6.027362556235687,5.6633393440851307,8.6820592371440739,-4.7423260078973613,-6.6661383293180165,0.32798094258863575,0.44047525424586298,0.43986335009277933
2244,2017,114.82552524191357,41.225188574769319,3,10,23.280082095142365,-0.7083282470703125,152.24612395722943,166.35999637230998,-14.11387241508055,166.97364270361868,-14.727518746389251,189.78069294793204,140.88440906723554,518.58821402490139,205.56693544765696,151.54806010876175,153.14147089405265,177.27554822955796,172.78445532047334,206.15817172754143,201.4986667775602,236.56661504276494,231.49918056784506,255.25875942107231,254.00413700123636,-3.2906665112094515,1.4531754395531777,-0.22333013131304824,-1.676505570866226,-4.6673928660633521,-0.29403091873811604,4.3733619473252361,-5.0814676227004156,-0.29613621213212582,4.7853314105682898,-5.324654970902742,-0.22980150874423089,5.0948534621585111,-1.5298363833294388,-0.11317059470829349,1.4166657886211453,76.773285696847324,86.311090622619304,-9.5378049257719795,86.725777121511783,-9.9524914246644585,86.206301730775067,55.585748486964349,160.98385341488756,203.56623938724559,160.07168579309212,156.69480700468606,179.26618126291902,176.61769723512035,201.48986002529989,203.25058334851531,226.99079396255379,229.05483207874161,248.45458594746506,248.59268154240823,-0.7871452154629992,-3.0142120881978087,-0.3341918279475351,2.6800202602502736,-2.0203426325438443,-0.40276915134279534,1.6175734812010489,1.2501824397752159,-0.50326098717778223,-1.7534434269529982,1.6794242866696436,-0.50780887887378867,-2.1872331655434323,-1.2682463854760044,-0.34698914270157388,0.92125724277443055,75.472838072875675,80.048906385471128,-4.5760683125954529,80.247865343688318,-4.7750272708126431,103.57439102965054,85.298660744805602,357.60436064004898,207.06891153541198,147.708422375353,150.33675367641078,176.5434221127712,168.94860168707496,208.21756101941247,199.19743283846958,244.35525285106064,234.67748196686941,258.27228874134653,258.18660173001712,-5.405226981943116,2.8136159903356202,-0.032361409310567524,-2.8459773996461877,-7.8996966057339932,-0.14869458759255849,7.7510020181414347,-9.6414059400384815,-0.11282545355905427,9.5285804864794272,-9.8040733378340121,0.10070184845454833,9.9047751862885605,-0.90961904584059994,0.0063863794999861057,0.91600542534058604,2.5035212957464523,4.6180817664801168,-4.4673875277509865,-5.8278280785334289,2.6470502335195079,5.879353973190149,6.3316500624756316,10.891588379813697,7.0040792575723856,11.483497624503656,0.2615899978534344,-0.3586273396354045,0.31042713478860029,0.45424168492432737,0.39454861510216266
2245,2017,115.07552638548404,41.225188574769319,3,10,23.280082095142365,8.5217437744140625,172.78368681796928,182.05843107237888,-9.2747442544095975,182.46168103913078,-9.677994221161498,186.56571714616621,148.35366485046325,474.58462582528591,198.15951222006319,142.18294294966631,139.40036769600019,164.69374412748411,159.92379082986264,196.7795840024792,190.512063342239,232.73196955092894,224.04232710679364,255.54517183138847,250.22596043635605,-2.5243443173095557,-0.60412600766701985,1.9708338889890626,2.5749598966560825,-1.1386160157088341,3.5170915095630448,4.6557075252718789,-2.577670440177144,3.7134532413636236,6.2911236815407676,-5.5342894958831721,3.175334486980347,8.7096239828635191,-3.7221352046350944,1.8654232173517187,5.5875584219868131,95.351723056117407,93.287227555752906,2.0644955003645009,93.197465690653189,2.1542573654642183,98.283666857478238,55.654350588394664,171.29055471159518,193.31589680346224,147.25316620415055,142.95018336954229,164.17811980997629,162.41465243486098,194.09323667155286,189.52317891850632,218.85626061165124,217.91847071605747,251.09515831264582,241.18468324097296,3.1519904751590957,1.3412980389062454,4.6610895695339138,3.3197915306276684,4.4039995624662822,5.9254871740339468,1.5214876115676645,1.893939966437614,6.4032224254731887,4.5092824590355747,5.4046554942872547,6.2205382380729759,0.81588274378572123,-5.3572445736876659,4.9316327330669196,10.288877306754586,77.431963754563185,88.771203917014645,-11.33924016245146,89.264214529561286,-11.832250774998101,88.28205032144615,92.699314396017144,303.29407138377428,202.27936482590474,141.47429700890325,136.11580037672243,167.11655017960038,156.92870778538668,206.30928899817039,191.95419869778365,244.09854565444937,231.71933130635398,257.85848050865633,256.55727026428031,-7.6698236748716226,-2.3120039611092409,0.1630735052810337,2.4750774663902746,-9.0730993348974209,1.444532583326577,10.517631918223998,-15.324131372091216,-1.1953360080268283,14.128795364064388,-12.787331172844461,0.056366693101551846,12.843697865946012,-2.309016702478317,-0.044478759577316396,2.2645379429010006,5.6763347924686514,10.821814150030718,1.9454240465732653,3.6533020000154863,5.5426155781751163,13.477098897363703,4.4716104066147579,17.21807133852883,10.938944990170427,18.191986667131715,-1.6351093690525715,-3.0482278712093489,0.36092731494141206,0.52680454030296042,0.37514644915912826
2247,2017,115.57552867262496,41.225188574769319,7,10,23.280082095142365,6.9130401611328125,214.10098842640946,203.78896379003709,10.312024636372371,203.34061352493882,10.760374901470641,229.30320535831561,149.75888936572301,522.62461618334055,198.06029634706269,143.60690767239961,138.43679831938601,165.25557909595437,159.88814875030744,195.71094109456186,190.99996452170683,230.47541519405016,224.13952779555484,254.71947029683611,251.11011227198378,-2.7887355967123426,-3.8877398585933918,1.070705005702564,4.9584448642959558,-2.8912592937026034,2.4122971132460407,5.3035564069486441,-1.7221487309283532,3.0571749267255939,4.7793236576539471,-3.5312370029178055,2.9564004445198293,6.4876374474376348,-1.9538223383514435,1.6967173301852085,3.650539668536652,156.21105497779718,113.52129848027835,42.689756497518829,111.66522244170301,44.545832536094167,161.90283894962158,78.037515179952607,255.74366917228326,193.20846726225008,147.5103553102123,145.43387943279046,165.95744579760702,165.59018153389883,192.59643095908569,191.3809806578154,219.08100425948351,217.82566358406564,240.60733527876567,237.83348374204274,3.9109964351969211,3.4574460399913107,4.4243306354112804,0.96688459541996963,4.2918454452038475,5.4549563371897136,1.1631108919858661,4.4627121730026431,5.6563134773937236,1.1936013043910805,4.4990234794697415,5.7108179399953087,1.2117944605255673,2.4397759893105047,5.4515662181377138,3.0117902288272091,57.88993341135938,90.26766368229255,-32.377730270933171,91.675391917700836,-33.785458506341456,67.400366505551574,71.721374219298013,266.88094701617956,206.42814438173508,141.99585420000417,132.68773987106258,162.66233184909279,152.60343358081525,214.36635513889556,190.16273163704057,249.66841164759188,236.40424509329483,268.64551152006902,261.30716499572941,-12.656261837925683,-6.5008948742075745,0.27328543119500637,6.7741803054025809,-9.3287390004032602,-0.87823618042310159,8.4505028199801586,-26.081088709723019,-3.1818378576800228,22.899250852042996,-15.699847753692751,-2.0911958212448951,13.608651932447856,-8.2658586376419976,0.036517739723763043,8.3023763773657606,6.6997320319092637,16.567258273122604,7.3451858985847025,9.9583409141988852,7.1831047389064508,13.620584445607108,6.1848609039309963,30.543800882725662,8.030260482387547,20.198871233162492,4.3935983276619481,10.705634626952502,0.48934485910737602,0.7060644385525604,0.52108769977172342
2248,2017,115.82552981619543,41.225188574769319,3,10,23.280082095142365,6.7826080322265625,219.54629968042718,192.41832910173252,27.127970578694658,191.2388519061933,28.307447774233879,232.0364963642769,168.30513439145216,525.40677642822266,195.70175135655015,141.49858644452644,137.10598142357242,164.06595628789964,159.4380991611861,194.21996653340426,189.5723091696436,226.1938986083635,221.47565682561589,251.17052590678071,248.46250541781041,-1.3589141977656425,-2.5679318228326906,1.9041660035843506,4.4720978264170412,-1.3579959034589706,3.2840700084097421,4.6420659118687126,-0.7771650288087244,3.8792960081979686,4.656461037006693,-1.1654463030918407,3.6218166836224839,4.7872629867143246,-0.49168890419915101,2.2189731893415399,2.7106620935406909,177.94540451934336,133.12745961894689,44.817944900396469,131.17885312842554,46.766551390917812,186.80201725440111,115.57929539291399,319.08795015467331,192.04248213534152,139.8241957725109,143.30491280278767,163.48569711310532,162.93257606678125,192.16988391082299,188.77729299183403,219.71484113938399,215.6774783836193,241.97070723502782,236.94799000148112,3.1165863411173405,8.7634544130591792,4.9506210604501177,-3.8128333526090614,5.079804358385303,5.6630816479096779,0.58327728952437496,2.5124411618075726,5.9505115536349535,3.4380703918273809,2.0490610794759618,5.9834224805753422,3.9343614010993804,0.33485110739093216,5.7357585056986409,5.4009073983077087,41.600895146182665,59.290869025384382,-17.689973879201716,60.059998847738825,-18.45910370155616,45.234479124776954,52.725838938933521,206.31882628425956,206.99708652022548,144.12122426953414,128.75559037422241,169.32375751191708,149.93087363065948,209.69296460808144,192.51392496546987,248.5133336024642,240.37787038020164,268.79177106689264,264.56090075967506,-13.730067158098564,-13.126898907386192,-0.30014488009268803,12.826754027293504,-19.628285735402926,-2.4194401156668732,17.208845619736053,-20.287200238967785,-3.9937396091459334,16.293460629821851,-12.571118440026055,-3.2182962890076112,9.3528221510184437,-5.6558323841144329,-0.28672483289147976,5.3691075512229531,4.4755005388829829,16.846653499215904,11.33138623589187,21.890353320445371,6.4378002618442736,24.708090093788229,3.289606190616297,22.799641400775357,3.2145073825678026,14.620179519502017,0.82654001159008317,5.9906834915053651,0.60731601583799677,0.805054464195746,0.68672471467266183
2249,2017,116.07553095976587,41.225188574769319,3,10,23.280082095142365,8.4285736083984375,221.54104654737603,203.70185322627367,17.839193321102357,202.9262354653838,18.614811081992229,228.82400692123429,164.69721711977218,520.395661521703,195.15708161388324,141.02354100347051,134.37584850721592,163.85141521761622,157.18088464204826,193.72335877120182,188.26379514456045,226.17855781578456,221.00595954258736,251.24624301931371,247.93381401393759,-1.4356370105926715,-4.5817758220105702,1.8634558193298005,6.4452316413403707,-2.6881317806760023,4.1863525288181336,6.8744843094941359,-0.60149417242774916,4.870052596697434,5.4715467691251831,-0.48389823997575832,4.785859139103195,5.2697573790789534,0.11460880410643881,3.3595835089909372,3.2449747048844984,177.42435770659722,142.49991072555713,34.924446981040091,140.981458540733,36.442899165864219,184.55685238934711,116.97879721811296,317.10409239539877,192.59725332559029,138.92012411800786,140.67578225792829,163.50386481904212,160.65620582872737,192.33993630742142,187.82980495151008,221.22653458907001,216.52689813500749,245.08165534851193,238.65307085396572,3.1084941918506388,8.1970847355366629,6.2028368244345984,-1.9942479111020646,4.1881176377906115,7.0117963151235188,2.8236786773329072,2.8913574935587008,7.3263751965279766,4.4350177029692759,2.6150468524955954,7.2460521156354787,4.6310052631398833,0.063044450830403775,6.87877371506994,6.8157292642395362,44.116688840778806,61.201938954237448,-17.085250113458642,61.944775504074642,-17.828086663295835,44.267154531887172,47.718419886758056,203.29156933352351,203.54839176870169,143.59108807395157,124.39037346145871,168.44947830869316,146.2496487481819,204.82046793808189,189.93034598006443,243.82857688797918,237.26607176371127,264.21582021641927,264.01200582313425,-13.22415138848126,-16.173772750563316,-0.53418110429970511,15.639591646263611,-22.153877176649814,-3.8086545951835546,18.34522258146626,-18.530552756398777,-4.3782705888981468,14.15228216750063,-11.000551828608792,-4.4277036959683755,6.5728481326404165,-2.6919018039373555,-0.63421441697244063,2.0576873869649148,4.5441312024433103,16.332645580331899,12.778860557547233,24.370857486099979,6.8762494184666139,26.341994814440426,3.4928516659864499,21.421910249957477,3.0989450924713537,13.615598681104387,-0.051564353276035035,2.7549462547677592,0.6093519140189334,0.80654497258618152,0.71026577900853594
2251,2017,116.57553324690682,41.225188574769319,3,10,23.280082095142365,10.7391357421875,240.14651190798031,221.43616534493412,18.710346563046187,220.62267433370289,19.523837574277422,245.6588340952585,147.4569192130075,541.66479142382741,196.62476173758472,143.24767954730211,136.82838620826863,166.04496404785056,159.66266719788749,195.70237081868595,190.61106656913807,226.61289029839199,222.84443320879512,251.47666519633859,250.39320737278007,-0.53224148207269195,-4.8816829282187086,1.3931278926339417,6.2748108208526503,-2.166059618848692,4.1668982204548684,6.3329578393035604,0.20239293679802017,5.3347748804733328,5.1323819436753126,1.5311615072428708,5.1229694454689536,3.5918079382260828,1.7210523647263187,2.6682345471935207,0.94718218246720198,172.56995884032949,122.50612459357217,50.063834246757324,120.3294352976518,52.240523542677693,176.89404950427706,85.368736436153995,278.01934987911955,193.06590565804572,141.74360311325452,142.57683282177584,166.67414128217899,164.56530854697914,194.1661069052862,190.79461319248693,218.30008892036099,216.20361646918678,238.6986905208291,235.95533217888823,5.4546259029908413,7.557028650674539,6.5088525518877702,-1.0481760987867688,6.2243095570910612,8.2089653912920824,1.9846558342010212,5.3425383347984621,9.0339319248765264,3.6913935900780643,6.9119653506901386,9.2153466973942102,2.3033813467040716,5.4068213879293694,8.6488521524256328,3.2420307644962634,67.576553395476367,98.930043007270797,-31.35348961179443,100.29323861881858,-32.716685223342211,68.764784918806981,62.088182843908726,263.64544189348817,203.75761867068087,143.38953890107325,131.88295969467072,160.83811269384756,153.36853186539005,206.25019581874227,190.27751304712643,246.41622960233221,236.22279167114868,264.29410263178124,262.55183462996064,-10.658297920474894,-11.406187134812512,-2.1963131753161349,9.2098739594963774,-8.1804757471238361,-1.0135401145446963,7.1669356325791398,-17.73750892347428,-2.4869745607984441,15.250534362675836,-13.641112862252925,-2.63658044531374,11.004532416939185,-2.3949249055106634,-0.0027166342919144881,2.3922082712187489,5.9868673850635332,16.112923823465735,12.438711578893248,18.963215785487051,8.3903691759397532,14.404785304214897,5.1401453980004419,23.080047258272742,5.3808038434472678,20.553078212943063,3.6857690232030507,7.8017462934400328,0.51326826901249034,0.72008014755815097,0.57894018735625008
2255,2017,119.57554696975237,41.225188574769319,7,10,23.280082095142365,-3.2272796630859375,171.3716405350915,171.78432560072906,-0.41268506563756091,171.80226679466432,-0.43062625957281853,200.58899268391178,153.70162354126842,486.76422572880983,196.9140112187408,139.09027599151179,135.8608490394306,161.82502125702038,160.08702602372622,195.98777995784658,195.57643334033364,232.31157515955093,230.64629772534221,258.29645764891131,256.47071108105962,-2.0120520600779628,-3.7631382056580946,-0.72978868493521531,3.0333495207228793,-2.6414072622392268,-1.0287128868816922,1.6126943753575347,-1.6776575728861758,-1.3718290154757256,0.30582855741045023,-3.0008135776903657,-1.2984715979187911,1.7023419797715746,-2.6675315629583736,-0.69385676275800279,1.9736748002003708,92.599297102164201,100.42774007417574,-7.828442972011544,100.76810488102456,-8.168807778860355,112.58799115797137,89.813101462022132,229.59614393979427,196.64453242969822,136.22423837792996,145.27211622063649,164.9593688313621,168.75855786788321,198.93985023452879,200.19915799410936,229.33413710459521,229.16018432305236,252.25045127177097,251.48272690463628,0.09672383042874344,6.9156759886736836,-2.2649042235156003,-9.1805802121892839,1.3023917081641798,-2.3824881865614316,-3.6848798947256114,-1.4437902496241009,-2.6032400173035626,-1.1594497676794617,-2.5583322204938383,-2.5450687508334227,0.013263469660415694,-3.7263682733646988,-2.2006429491794677,1.5257253241852311,78.772343242937495,71.35658573245928,7.4157575104782154,71.034161973244409,7.7381812696930865,88.00100127634596,63.888521982388738,257.16808155924082,197.2731065299304,143.56849249498487,128.33725332267139,156.43549938432005,149.53290106391196,191.60067058713588,187.80793671937391,236.55717005071597,233.47783596113132,265.2991865564328,262.83950988368088,-4.5587992197756648,-12.952021162049618,0.50650313347031783,13.458524295519936,-7.0027806019166405,0.54168499690413796,7.5444655988207785,-2.1775284304581533,0.41590593021862787,2.5934343606767811,-2.7852255572576325,0.87909640591055904,3.6643219631681916,-3.3029331199161334,0.96907918095240575,4.2720123008685391,2.1087758905067062,4.6555230502044083,10.678814194331778,19.867697150723302,3.9437989704034067,8.3051723100808204,0.23386732326207493,0.7337381808340524,0.44248135719652737,0.2268933367637942,-1.0588367104063252,-0.42343515344856542,0.47167834406078313,0.56128698614777717,0.58433411041951411
2271,2017,125.07557212830254,41.225188574769319,4,4,23.280082095142365,3.1052627563476562,133.25654590129852,117.86300826072693,15.393537640571594,117.1937255859375,16.062820315361023,157.62311206961749,282.81703045043105,545.72523306682706,190.95628653411521,130.16262216426759,130.61153334217255,154.32189855535131,154.35648293955953,187.93756738199667,188.15128956870979,227.63147392727066,225.63832255469728,255.986495320091,252.85942484923618,0.81457801805547092,1.4514249862709221,0.84365480936102699,-0.6077701769098951,1.7255847455689661,1.5856367085083036,-0.1399480370606625,1.9891910819374061,1.7308122019792052,-0.25837887995820097,-0.32844496345191487,1.7171972063142675,2.0456421697661824,-1.8543896911242257,1.362288135116188,3.2166778262404137,106.96445280313492,84.324811279773712,22.639641523361206,83.34047919511795,23.623973608016968,115.50269235447706,208.06174556906808,348.6301499158144,191.93769435185277,136.52640085674696,136.72992683970455,156.8683181889833,156.88210142609179,187.03735591909589,188.64146861193566,228.11985919183107,226.25076917804944,255.5589337855956,251.54370736911625,2.168068504474121,2.8753972807204207,2.3745056221451648,-0.50089165857525586,2.5115383464834053,2.5145057228125438,0.0029673763291384603,4.3922643885950663,2.562206860777053,-1.8300575278180133,0.45742288535262787,2.4943474820038887,2.0369245966512608,-1.8118823766841388,2.293051381376074,4.1049337580602128,26.29209315776825,33.538199543952942,-7.2461063861846924,33.853247314691544,-7.5611541569232941,42.120419672005482,74.75528496253537,197.09508328139782,188.23930902680939,116.98989686915689,119.54716873820313,142.96607406937753,145.78381071586992,190.69932198458307,186.83360571250017,227.05217380889857,224.02967391563368,259.94091509573423,256.82254449496548,-1.373958363546933,3.3443010980747516,-0.0075798036913994338,-3.3518809017661511,1.8881736710164319,-1.5838608110595374,-3.4720344820759692,-3.7362602076539133,-0.30726324593237564,3.4289969617215377,-2.8509654131794946,0.23882924086052526,3.0897946540400199,-4.087241886165117,-1.4500277119321652,2.6372141742329518,1.3534904864186501,3.542026868021054,1.4239722944494986,-0.46890381735433095,0.78595360091443922,0.62336467546697349,2.4030733066576602,8.1285245962489796,0.78586784880454275,3.3083882985321225,0.04250731444008693,2.2753595094809782,0.63883824458071692,0.73277764179318394,0.73567615513711004
2276,2017,79.075361711337379,40.975187431198854,1,10,23.367508357048035,0.77777099609375,58.173679330684536,62.778323274149443,-4.6046439434649074,62.978524895494047,-4.8048455648095114,74.447270733246114,88.640741501276352,227.84725264180452,188.68087820212622,133.02377628574573,130.83482387703182,156.65746843064602,151.39714401574358,189.90933803110605,185.51162624779076,220.73196319751941,219.06131419961966,244.49119496302623,242.36587846568068,-2.7221213585341104,-2.2433049757523236,-0.040224811990981379,2.2030801637613422,-5.1570814721146974,-0.017370094713925255,5.1397113774007721,-4.2728698373003908,0.12281929545707726,4.3956891327574681,-1.5436839501358577,0.20603108283401639,1.7497150329698741,-2.2320413020079855,0.11045335932524836,2.3424946613332338,9.5791605564563724,7.8408523556445289,1.7383082008118436,7.7652735643259803,1.8138869921303922,9.5791605564563724,20.109272834906733,32.427573009743355,201.72011476663752,165.55625871395105,162.62093228660262,174.20042866016453,180.83452273915216,200.78132373890435,202.74381480647133,223.90448997512189,224.49638214671683,246.29518206078191,242.28562765157344,2.0905948423735481,2.1860793534739287,0.71417580902613054,-1.4719035444477981,9.8755237733822696,0.70052542426520858,-9.174998349117061,3.1458241028872465,0.68233224476682608,-2.4634918581204204,0.37248869442868227,0.58438874427346832,0.21190004984478605,-5.6117013148533204,0.43136327759253845,6.0430645924458588,48.594518963804148,54.937469770287862,-6.3429508064837137,55.213251535024028,-6.6187325712198799,64.868110366365727,68.531468806068006,195.41967994719744,185.77896116979079,131.01002292590991,128.74207599249718,150.90480496057316,146.1035342956479,186.42584922154506,179.48011696313316,219.85384960896099,217.42581923243881,244.01256241745847,242.38765948689783,-3.3911848768203754,-2.2188779865886374,-0.068976052514784669,2.1499019340738528,-4.948937435462426,-0.059436817857857704,4.8895006176045683,-7.4779192709740983,-0.11069281731221281,7.3672264536618854,-2.3671468644969877,0.11183024996523727,2.478977114462225,-2.4204105867124497,0.024136568782779477,2.4445471554952292,4.8127162009076585,5.4817797191939235,4.4293843292262522,4.4049573400625661,15.032605245496967,14.824461208844696,7.4186939401876373,10.623743373861345,1.91617264456454,2.73963555892567,-3.3796600128453349,-3.1912907281408707,0.14232154495504185,0.12867040607545846,0.22686264232815762
2293,2017,111.57551037549754,40.975187431198854,3,10,23.367508357048035,5.6999969482421875,150.35894670483685,150.28331665132282,0.075630053514032625,150.28002698508499,0.078919719751866069,165.28742674878504,124.97791076795238,411.57020682096481,199.12283292647109,143.27895316666931,138.55758698719021,169.6412574978277,163.3734355782637,198.07599584605131,195.44913719321656,229.73062166714192,226.98199872702634,255.10364341682396,252.87884824759396,-1.5313997986455092,-3.387976955214981,-0.31638764768538863,3.0715893075295924,-4.4501675360930903,1.4875233398961996,5.9376908759892899,0.06052511560906737,2.6329918673547184,2.572466751745651,-0.11340001873153938,2.6153132858113679,2.7287133045429073,-0.27074633522894942,2.0988283030297623,2.3695746382587117,82.737354684071761,75.368382613713038,7.3689720703587227,75.04799188398465,7.6893628000871104,84.957036261360827,48.443183841255177,139.32856384388288,196.209752301772,151.04814212598521,146.20015798472937,171.92007357987609,165.5034701408876,196.15901295456368,191.84986699507812,219.40114411632382,219.67247837873543,241.83100969965656,241.15272570208433,1.5463629922126358,0.082660250101639576,4.6738241254613513,4.5911638753597117,0.094707839448034292,4.8725960857434245,4.7778882462953902,1.3813235082169228,4.9978323975670946,3.6165088893501718,4.5446247022420323,4.7119527739096156,0.16732807166758334,2.1422857386446026,4.1420556486967826,1.99976991005218,67.621591782346513,74.914933057112648,-7.293341274766135,75.232035163684486,-7.6104433813379728,80.330390271357373,76.53472688199372,272.24164276570082,201.60015616592193,141.24242576517506,132.34770810356829,168.6871258791636,160.42792498119209,206.32975913685726,199.71819298165218,242.30893387493376,234.50275038056245,260.75957139104815,259.21131325415848,-3.9487500866754033,-5.6119830608741381,-1.1972865751281745,4.4146964857459636,-10.947202648724641,-2.9424374876012394,8.0047651611234016,-8.0089399432486914,0.11071959803456366,8.1196595412832551,-8.1145462031978184,0.67708733318187342,8.7916335363796918,-1.7394333190316047,0.91069018804745383,2.6501235070790585,3.0777627908581451,5.4951130788880391,3.4706372053166206,5.6946433109757777,4.5448753755411246,11.041910488172675,1.3207983926078555,9.3902634514656143,4.6580247209735717,12.659170905439851,2.413032073873552,3.8817190576762073,0.33852927528471838,0.51399575837358913,0.38761396748902355
2295,2017,112.07551266263847,40.975187431198854,3,10,23.367508357048035,3,178.1743242975972,174.27533635210057,3.8989879454966285,174.10581778914639,4.0685065084508096,189.74762102334716,142.89476253514476,448.33615876734257,197.08413701146759,139.22814114227225,131.558427373912,164.83038848644583,159.09336958243762,196.49648112380385,194.28029105668398,229.08255423359947,227.63553316600934,255.10615724647482,254.86550006274001,-1.847254683257745,-5.9818068165604075,0.57963404354410386,6.5614408601045113,-4.6727542295919022,0.98653131195612787,5.6592855415480301,-0.47694297254588491,1.6006655264671679,2.0776084990130528,0.1931437310668116,1.5957440221986872,1.4026002911318756,0.92350431340815931,1.2276547858143658,0.30415047240620652,115.18493170828742,100.88924126992788,14.295690438359543,100.26769033186065,14.917241376426773,119.86190403790397,68.98055238914958,192.32723501010332,193.19325393839512,143.03264774824871,142.43535868970835,163.77873881689484,164.29557633714452,193.4553615330768,192.94793567276869,221.66377860245075,221.95951790664972,245.22099643136161,243.87820556444146,2.4395752782619695,2.1154717976532424,2.5053539547632511,0.38988215711000862,2.8307686657817612,2.6070214167940549,-0.22374724898770637,2.1834603345170081,2.6799942425502365,0.4965339080332285,2.433288758557751,2.5843597140200245,0.15107095546227356,0.39328182946795209,2.2488822443916945,1.8556004149237424,62.989392336277888,73.386096106432888,-10.396703770155,73.838127010250901,-10.848734673973013,69.885716702608988,73.914210380982695,256.00892385840416,202.1937636445131,130.23982782238986,123.2287452548163,168.63810978438138,149.02467232234454,207.38965717063783,197.05497660851091,242.5954883998001,236.44142643995897,264.61820157502467,263.5872780308012,-7.0224172962957994,-3.4081178666034617,-0.54328176493292801,2.8648361016705337,-15.51014411278004,-0.60655524970289321,14.903588863077147,-10.612372778178553,-0.58557319121689488,10.026799586961658,-6.6416313558934519,0.4707636462033804,7.1123950020968323,-2.0981490040751396,0.30908170530875623,2.4072307093838958,4.2868299615197145,9.4619925745577689,8.0972786142136499,5.5235896642567042,7.5035228953736635,18.340912778561801,2.660403307062893,12.795833112695561,2.2401450274909394,9.0749201144512028,-0.53022248394020721,2.4914308335430917,0.42897997685238837,0.63169120851931926,0.48273674391798588
2296,2017,112.32551380620893,40.975187431198854,3,10,23.367508357048035,15.173919677734375,158.46237245454176,177.87731677681586,-19.414944322274096,178.72144523375027,-20.259072779208509,161.09777159132136,105.30976644219481,401.32544246688485,201.94194192988033,146.95786979329057,140.69544492096028,174.03811957356487,161.94142784463773,201.69649218474601,191.40616552702002,232.63345912722673,222.76922142351071,254.21363481825713,249.75939223004477,-3.2418648727454524,-4.2790844265856265,1.5586932826513475,5.837777709236974,-7.2619709275533637,4.7389248406901743,12.000895768243538,-2.9474986555351279,7.2742967193342167,10.221795374869345,-2.6713572892064121,7.1399281723180934,9.8112854615245055,0.32937379459332305,4.8860982525281145,4.5567244579347914,76.593166871507492,80.160144333907738,-3.5669774624002457,80.315231385047809,-3.7220645135403174,76.593166871507492,34.606148058122926,121.13705666479655,194.14559100775296,144.00378399774345,139.62002935590851,163.37374238797702,158.07199424459139,193.3638788809902,183.93586045533013,224.45209504708501,214.14830788962962,251.36780646271248,238.75330788718159,2.8038576090087588,3.9000201844024502,8.2086761372846695,4.3086559528822193,4.8060190762724631,9.9801989841272416,5.1741799078547785,3.0284891729612582,11.43727382400877,8.4087846510475117,1.2382094084180153,11.360597623271389,10.122388214853373,-4.0218478025679474,9.1485870683758606,13.170434870943808,81.869206028692133,97.717172312037292,-15.847966283345158,98.406215130202327,-16.537009101510193,84.50460516547173,70.703618059485962,280.1883858256042,207.52765674366577,156.35793095480062,141.71943982573066,177.999622698118,164.78926987960176,210.86379717374214,196.63724285891402,238.29029444582727,229.95827256546949,255.0382533458739,255.3659163818522,-7.5904178368708131,-15.027966995755179,-3.9015884940174885,11.12637850173769,-13.899598726666767,0.089642833900541063,13.989241560567308,-10.044823584244398,5.7159745318302271,15.760798116074625,-4.6376523027610972,3.838327709357543,8.4759800121186402,2.8372016572776602,2.8399407936104524,0.0027391363327922136,6.0457224817542112,10.394275445879572,8.1791046109880767,18.927987180157629,12.067990003825827,18.70561780293923,5.9759878284963861,13.073312757205656,3.9095666976244274,5.8758617111791125,-4.3512215971612704,-6.8590494598456075,0.30184245464276066,0.47544522878821566,0.32861290293639056
2297,2017,112.5755149497794,40.975187431198854,3,10,23.367508357048035,12.454544067382812,155.88341534706706,162.29323113861392,-6.4098157915468619,162.57191982845688,-6.6885044813898276,157.40389229031507,105.06037125129478,420.75056466832757,204.23709339460021,150.78013421262807,147.8601650010028,176.50814166150877,167.26918520568094,201.92671370426262,195.20482239850199,234.44089292943886,225.75666479990292,256.5250656626597,251.10331841770474,-2.310237959552552,-1.1817821277292353,1.3483617753338706,2.5301439030631059,-4.1487346661223512,5.0919100465082749,9.2406447126306261,-0.50935765268093292,6.1202519474632311,6.629609600144164,-3.0174562834921517,5.6352765122677511,8.6527327957599027,-1.7450618161356317,3.8071586387496268,5.5522204548852585,66.932887049105375,73.902775101312727,-6.9698880522073523,74.20581395004956,-7.272926900944185,68.429238853577317,40.844676881832129,124.79878651672334,202.13321801745872,153.50070318330623,147.4997478239608,179.3052423539624,166.02357352808284,197.91706781624478,190.38951055633802,227.95819824950792,219.55523399104612,254.57676366542319,243.24129098936166,-1.0081593199000736,-0.50073838015069327,5.2028949967865685,5.7036333769372618,-4.496925394983549,6.791907732012362,11.288833126995911,2.6312392591338494,8.4753234106442505,5.8440841515104012,-0.031442497730694186,8.6069539700730218,8.638396467803716,-5.7883066245060775,6.6095960343923821,12.39790265889846,88.950528120501986,88.3904565195553,0.56007160094668507,88.366105461174811,0.58442265932717419,88.974653259278057,64.215694363218972,295.9517780803144,205.73783224244215,148.83481687355268,148.15637745780776,176.166372279115,168.11117054486891,207.74391225895297,198.33261188429481,237.66191828654547,230.73542385303162,258.15879123958655,255.74098865435832,-2.8541461151376382,-0.51271841426074616,-0.98608369495570969,-0.47336528069496353,-4.0713077848154455,3.8484750070298333,7.9197827918452788,-4.7182860338947705,5.3066287708156779,10.024914804710448,-3.6077185973230428,3.4184693111583613,7.0261879084814041,-0.74952279619287765,2.0787662733936259,2.8282890695865035,1.3020786396524784,1.8459867952375646,0.68104374757854202,0.011980034110052884,-0.34819072886119784,-0.42561761016810351,3.1405969118147823,7.3495252930286199,2.9860137857614575,3.5762760995923486,-4.0432448083704458,-5.0387838283131998,0.29660990856922714,0.43473663743566593,0.38877339186376375
2298,2017,112.82551609334986,40.975187431198854,3,10,23.367508357048035,0.3913116455078125,119.6007091534193,138.81065320860944,-19.209944055190135,139.64586694963509,-20.04515779621579,140.23636340727899,77.558755337908224,380.96558453235775,202.48128489800376,149.58935511810114,151.12555021922191,175.09297565415324,174.69232173764246,199.15891644998899,203.12339327536793,231.8493959868045,232.70184888587116,256.60335402870663,255.95521600819524,1.3139702475830575,1.9160715966345663,-0.055028494845942078,-1.9711000914805084,-0.46174783078100745,0.11074091362237937,0.57248874440338682,4.0814403318387349,0.12433639183151968,-3.9571039400072152,1.0783032570615489,0.12896636039604914,-0.94933689666549981,-0.6221321472161776,0.1050351574334627,0.7271673046496403,36.998045705131517,55.033930488672922,-18.035884783541405,55.818099836389592,-18.820054131258075,40.275352207791002,24.540952652272608,73.370818568859249,204.06719833808191,159.36319029695596,157.46629281756037,181.80423440656969,178.6647270310425,198.86994272012933,203.6843943378141,227.45309977755454,230.94896643577292,255.72532065216564,251.88952800708918,1.2136090783253621,0.1807858647393914,0.24592246493705261,0.06513660019766121,0.075318447806978384,0.28420759224894709,0.20888914444196871,5.8726530134810844,0.31077274709977587,-5.5618802663813085,3.6949786335285921,0.27580592951039762,-3.4191727040181945,-6.2823809481650699,0.25528174206579024,6.5376626902308601,82.602663028636016,83.776720619520347,-1.1740575908843311,83.82776773909427,-1.225104710458254,99.961010831990279,53.01780248851901,307.59476540610194,201.80934180698583,148.53062499226309,148.06897295470611,172.69596913126242,172.37931299156605,202.21043677447986,202.76981898968813,236.09736864661284,233.8184278316227,257.44523466884419,258.40493669566962,1.2428176348078637,1.1613880094157878,-0.034562514050548998,-1.1959505234663368,-0.5066118274489213,-0.061105786270900353,0.44550604117802095,0.39168674765241462,0.016522116917684571,-0.37516463073473005,-1.8644731001169532,0.035804785007570672,1.9002778851245239,-0.34333892132980282,0.029037608696455663,0.37237653002625848,-0.10036116925769534,-0.029208556482501535,-1.7352857318951749,-0.98060214467639639,0.53706627858798583,0.58193027525589969,1.7912126816423495,5.4809662658286697,2.6166753764670432,5.5594517336455453,-5.6602488009488923,-5.9390420268352671,0.19259172363016275,0.28719621094866826,0.31641756685434819
2299,2017,113.07551723692032,40.975187431198854,3,10,23.367508357048035,22.149993896484375,145.48348837103185,170.31102035243384,-24.827531981401989,171.39048021296185,-25.906991841929994,136.77718748392726,96.661989976095356,400.99610704556108,204.34091018979882,151.29385784485274,144.8945586134694,176.47154344600247,163.44259660979608,203.04420668408633,190.85438926369528,235.02465043991384,221.14809375259648,255.75941816934846,247.22228253451598,-1.9443230447654116,-2.8427457057505023,2.886930671178078,5.7296763769285803,-3.6238268880109956,9.5562043748664678,13.180031262877463,-0.32646926580434865,11.712667423380168,12.039136689184517,-2.7933188977266639,11.178965554472057,13.972284452198721,-0.65336875724847232,7.9908815353439593,8.6442502925924316,51.563100409085109,62.760064945360682,-11.196964536275573,63.246888377818323,-11.683787968733213,50.93616273291218,28.582737927613834,90.187775590631645,201.16787958103495,150.036410616132,144.66322021715345,180.58059216653768,164.22324581930576,196.88785907183771,188.7332861476589,228.33148029245666,215.83918320143516,255.14941474287534,237.26998620977218,2.8537994480206521,3.6267816033943916,8.0746568505235814,4.4478752471291898,-1.9641098853956009,12.536002080681783,14.500111966077384,7.5760264754837294,14.531884496112156,6.9558580206284262,2.6508402473254762,15.526680006479978,12.875839759154502,-3.9500776170565359,14.652360993795355,18.602438610851891,93.920388183985779,107.55095923667068,-13.6305710526849,108.14359240734848,-14.2232042233627,85.841024979747999,68.079252241986978,310.80833227559924,205.98017382103737,151.40875161257597,145.03407225406275,175.65047321434852,163.00190837116537,210.12754600711145,192.14188693836425,237.64765923556939,225.25743308472053,257.17209388357116,251.70093192045113,-4.3077142013845275,-4.5577976172586432,0.22183967072075461,4.7796372879793978,-5.2026336531897641,7.4621498862572935,12.664783539447058,-8.2897658914340013,10.019763565348995,18.309529456782997,-4.251556345357983,7.6279887665560295,11.879545111914013,-0.68168703284499088,5.8076220877950391,6.48930912064003,4.7981224927860637,7.1615136494051796,6.4695273091448939,8.1845792206530348,1.6597170026153947,3.2385237677941632,7.9024957412880781,15.865792366917731,5.44415914505214,6.9023965926834592,-3.2967088598080636,-3.268390584211545,0.22490935449501642,0.37240247200504623,0.29569780153173325
2300,2017,113.32551838049079,40.975187431198854,3,10,23.367508357048035,6.4583282470703125,109.5230729875484,141.36001060905983,-31.836937621511424,142.7442259890413,-33.221153001492894,122.01228186889921,82.424952147101976,380.51472647488117,204.6763352823512,152.8825652864532,156.07547143660429,176.53825790519434,175.15792806735533,201.78174650536502,202.26325951538297,235.86701298440698,229.35699746950655,256.99352380974636,251.33072972874251,0.6451773398591456,4.7319758058713148,1.4951721133545846,-3.2368036925167303,2.048613038780644,3.0806347806068288,1.0320217418261848,3.627509256600689,3.4023870367821303,-0.22512221981855873,-3.9168291770273242,2.8775464722606046,6.7943756492879288,-3.8422446043154252,1.8298979977913064,5.6721426021067316,37.710629725479521,66.889621549953517,-29.178991824473997,68.158273600090979,-30.447643874611458,40.36346566509792,27.083562588028713,78.31010026705917,204.46853426362699,159.87839305658355,160.80872750921259,180.33408237766668,182.11627003360749,198.46412560190856,204.9868241672564,230.38417349353199,227.56511264657138,256.20989017344289,246.4035664145768,3.7910101720351008,7.1295358916589464,3.2735432284744093,-3.8559926631845372,5.8508833822514532,4.6031467943765279,-1.2477365878749254,9.6043885703234935,4.9482755900791062,-4.6561129802443872,0.82924135855526515,5.012662327418667,4.1834209688634019,-6.8022226243961086,4.321426158475532,11.123648782871641,71.81244349455028,74.470388512729187,-2.657945018178907,74.585952597566575,-2.7735091030162948,81.648816466085009,55.341389521355268,302.20462648943067,204.7786459117886,150.34811665396896,152.61467072001255,175.64841341615568,170.25626403979018,206.34285756018556,198.97061652334006,237.13265843216911,231.95502053793356,257.78624611018307,256.21156930253102,-2.8178899368469104,1.8825314482214708,0.2594241190143407,-1.6231073292071301,-3.1694053337411958,2.0949431869104274,5.2643485206516232,-5.9882258685404679,1.0340556601186961,7.022281528659164,-4.6695319814421055,-0.17405509739234049,4.495476884049765,-3.2709183298379969,-0.51163724690553636,2.7592810829324605,3.1458328321759552,6.6089001088820112,2.3975600857876316,5.2470044434374756,3.8022703434708092,9.020288715992649,5.9768793137228045,15.592614438863961,4.7460705355825894,5.4987733399973706,-2.9599780200806833,-3.5313042945581117,0.2058004456030656,0.33081477574911677,0.32858451090991575
2301,2017,113.57551952406125,40.975187431198854,3,10,23.367508357048035,-3.909088134765625,121.10780979272386,142.41628869346459,-21.308478900740738,143.34274377435941,-22.23493398163555,144.48845673111282,107.06220886190204,423.37441425025463,208.16147455102825,156.08405645068299,151.9664217759524,179.76450170916925,175.63884132462604,209.20895057866809,204.63354290371836,237.99171650526546,233.92949965551711,258.12568974197228,256.5145282403779,-4.3278278803454384,-3.8563950090857588,0.4889595814474319,4.3453545905331907,-4.9407761884547199,-0.73751710379400492,4.203259084660715,-5.9226476030493131,-1.4604767629399191,4.462170840109394,-5.2846203619050129,-1.1875905252301777,4.0970298366748352,-2.3409809707016507,-0.64814771672251936,1.6928332539791313,51.035850391028362,62.927877386027831,-11.892026994999469,63.444923099898006,-12.409072708869644,57.462499921451126,48.840078568657191,121.19646228605416,210.83403994624794,161.67723946536267,160.42177716826134,185.12159857146256,183.58086902016578,212.82242061396283,209.35204138380684,242.5263510124054,235.44844059632197,256.85555964890847,255.57790716032844,-4.700992650738101,-2.3627580598388818,-2.0760488813606344,0.2867091784782474,-2.9488642719891232,-2.7330718316241018,0.21579244036502132,-6.8706985858896701,-3.0201879422013747,3.8505106436882954,-10.223532962277574,-2.7499697900522335,7.4735631722253402,-5.4641947853395436,-2.2942538598517785,3.1699409254877651,70.071959360717301,79.488410142435896,-9.416450781718595,79.897820991449407,-9.8258616307321063,87.025956705353565,58.222130372407264,302.17795171588659,206.20550668934914,150.92468579112636,147.42054203358859,176.289418320598,169.73863148046021,208.03166199016778,200.01636014285933,236.90342090477478,232.2582809042664,259.44979291829588,257.31006136502367,-4.3092825389845473,-0.97207459315512779,1.7065996357157474,2.6786742288708751,-5.3667665067742405,0.79892615936176981,6.1656926661360103,-7.2479919495905563,0.49916343138653474,7.747155380977091,-3.946075186535893,0.52004617720797341,4.4661213637438664,-2.3774132690125498,0.97574449182826584,3.3531577608408156,-0.3731647703926626,-0.39171011175355375,1.4936369492468771,-1.390683466683754,1.9919119164655967,2.4179022347851173,-0.94805098284035694,0.37729336370088618,-4.9389126003725607,-6.2774577757416807,-3.1232138146378929,-3.0867815163269938,0.28626307638518633,0.39769612896057516,0.45618411097472578
2302,2017,113.82552066763171,40.975187431198854,3,10,23.367508357048035,1.0416717529296875,123.96888054840383,131.03044301495538,-7.0615624665515497,131.33746856666039,-7.3685880182565597,152.33376907634374,118.94737796978734,479.12679550051689,209.63068741952176,162.56487130950458,162.55804725306481,180.47399017661408,180.01201275732518,208.28760725970349,206.38154253816077,240.08450254091326,234.49037573698908,260.06048022352246,255.74357578069299,-1.6466269713258157,0.53534847234391236,0.19167989269820396,-0.34366857964570841,-0.012737468408431596,0.32192144738829143,0.33465891579672302,-1.5892895617616034,0.34438294920678914,1.9336725109683925,-5.295404542018872,0.25437250268655021,5.5497770447054222,-4.2708501145692424,0.12567953125724785,4.3965296458264902,50.19835154012253,61.916349414210345,-11.717997874087814,62.425827282682803,-12.227475742560273,58.14835080658122,54.710980149058742,138.22788484022021,213.2029737026576,168.67325305543014,166.51846615464819,192.24267912851272,185.27732372724623,212.55259552951858,208.30775663271962,235.30233283769257,232.60580027636428,261.32237828789556,252.2771914838022,-3.8427963988524994,-0.94850053848801963,0.31459752007444308,1.2630980585624627,-5.6402032156729547,0.64143833731040445,6.2816415529833591,-4.1866665929613305,0.65961463521657038,4.8462812281779009,-1.9972679553021635,0.61488468484768077,2.6121526401498443,-9.3187849299524999,0.51877922824780853,9.8375641582003084,73.77052924669988,69.114093769623651,4.6564354770762293,68.91164057368951,4.8588886730103695,94.185418608763939,64.236397550645052,340.8989109992981,207.08579892780287,158.7020689588488,160.47325448695935,176.56897029601265,176.23752423035947,206.29328847640045,204.568651478703,240.4993462887613,236.42415333002003,258.27155725510107,258.49575098492801,-0.27054483874650259,2.5933377299399467,0.022717368902391399,-2.5706203610375553,1.0644300918028762,0.20835238642072795,-0.85607770538214822,-2.298924006025544,0.041173527425712564,2.3400975334512566,-3.9791888163180147,-0.13937501222193305,3.8398138040960816,-0.84312176334060496,-0.1041033674093228,0.73901839593128216,-2.1961694275266836,-3.5722515601059968,-1.483849010831932,-3.5418382684279663,-5.6274657472645231,-6.7046333074758309,-2.5973770311997271,-1.8877425869357864,3.2981365867167085,1.9819208610158512,-5.0479348153832575,-8.4756631666118949,0.28849959162860284,0.38171674710838105,0.45995953070067119
2303,2017,114.07552181120218,40.975187431198854,3,10,23.367508357048035,10.285720825195312,164.30661276082537,193.22177256102441,-28.915159800199035,194.47895208579575,-30.17233932497038,173.29497240014325,130.20971614817608,466.97764167934656,202.26742442868189,145.27052605743978,136.98247212797403,170.6236690923115,159.64089963348167,201.30375873643365,191.88853985482424,234.78559715584697,225.20312767053827,259.37619526307134,253.24813401045623,-5.0269428166224088,-6.3198546643712632,1.4551964067418055,7.7750510711130687,-7.349873201387453,3.7643777788045441,11.114250980191997,-4.4396656775398924,5.0266043901955868,9.4662700677354792,-4.7211877107593239,4.700799166498939,9.4219868772582629,-3.1440914414902181,3.0242343559520464,6.1683257974422645,94.164137737407145,103.65816409921354,-9.4940263618063909,104.07094827627043,-9.906810538863283,95.668688150066828,60.87379663945012,168.57822942006169,199.35932476610643,147.78078805239593,141.78288083306427,168.28860773120786,161.68216123903179,198.39959181780785,189.04492422033684,226.15789135525188,216.61229239344644,255.19632561202312,239.54405393810285,-1.5207274902351742,1.6036471069411959,6.9963409291015068,5.3926938221603109,1.5955657952848128,8.0127589930977194,6.4171931978129066,-0.70465312569987759,8.5008454651647867,9.2054985908646643,-1.1637259398704884,8.5897991591272955,9.753525098997784,-8.0482981486973415,7.5178786155474313,15.566176764244773,70.142474865093391,89.563607478334234,-19.421132613240843,90.408004286362484,-20.265529421269093,77.626284097805183,69.335919585094416,298.3994122967124,205.36509950401302,143.39290022959747,132.02768824423293,174.18432814679889,156.65766240822362,208.54413657565701,196.2074366667625,242.53699014761534,237.04180410943539,265.178616034995,262.50118446305964,-8.8747252590618189,-10.057562513936489,-0.27199218923604462,9.7855703247004442,-19.937042875839211,-2.0501573518430405,17.88688552399617,-13.23953899913846,-0.56656846386638904,12.672970535272071,-5.6402713884069442,0.18429806117842418,5.8245694495853684,-3.4856970747418927,0.71744599463266923,4.2031430693745619,3.5062153263872347,7.3539977688266447,7.9235017713124591,11.661209620877685,8.9454389966722658,21.532608671124024,3.7350125518400148,12.534885873438583,3.5574617708888354,4.4765454485364558,-4.9042067072071234,-4.5626010739554488,0.36099850265597322,0.55205691674173318,0.46750579327104086
2304,2017,114.32552295477265,40.975187431198854,3,10,23.367508357048035,6.4761962890625,178.40103340570931,183.06575557755423,-4.6647221718449146,183.26857158381608,-4.8675381781067699,193.3125083091727,132.65249462369866,485.68503100425005,199.02307078410001,143.70428389926164,139.91863165809656,166.04483828902357,162.10135502323732,196.45816242648758,194.00497913678211,231.36528596713279,227.55202974307628,256.86877834322024,254.25102120503144,-1.0025939184362187,-2.3492642316149386,1.5036193181680915,3.85288354978303,-1.1876785834303689,2.638830599229351,3.82650918265972,0.53955520352110398,3.0519986002052519,2.512443396684148,-0.82995529165594917,2.8364908050377835,3.6664460966937327,-0.73451943960952804,1.928049256231219,2.6625686958407471,80.520717591403809,83.034835211437894,-2.5141176200340851,83.144143374462146,-2.6234257830583374,86.080262811072316,56.116791454769555,159.07832080498338,198.14155272496274,140.81240226681132,146.81641764965414,166.85359955148803,167.98427949971256,197.88119721653055,194.52183646624923,224.85638858283843,221.84956623013596,257.44246863339549,243.7610948407459,1.5742165960361945,9.9433443477357457,3.692494236056973,-6.2508501116787727,6.1412307601122222,4.5573384610026437,-1.5838922991095785,2.0024359005119265,5.1731122831484129,3.1706763826364863,1.5479727213202636,5.1871093000296185,3.6391365787093548,-9.7186515157858366,4.6439368610877239,14.36258837687356,97.880315872491337,100.03092376641871,-2.1506078939273721,100.12442782192375,-2.2441119494324084,107.23224559424852,76.535703587580429,326.6067106127739,199.70517721930935,143.84458165130971,135.72245517581217,163.93833291851479,157.0207215509603,191.92521810057971,193.23775121200723,237.01978651176694,233.71318460410254,255.39475617371608,260.80112975233146,-3.0919198520612383,-6.2089116862813398,0.7753462697665725,6.9842579560479123,-6.2398026185259994,1.4021585223842123,7.6419611409102117,1.3653142562345124,-0.19090670340972338,-1.5562209596442358,-2.2190588971372733,0.63423908898752757,2.8532979861248009,4.9653969580295438,0.21706222251629015,-4.7483347355132537,2.5768105144724132,4.6661364480974328,12.292608579350684,16.152256034017086,7.3289093435425912,12.381033378638222,1.4628806969908226,0.63712164427741413,2.3779280129762128,3.767031618457537,-8.9841320761763086,-14.68404847381538,0.32753391735392262,0.44529070345205279,0.42303608095692885
2305,2017,114.5755240983431,40.975187431198854,3,10,23.367508357048035,2.8636322021484375,180.2583574162054,181.45640244075912,-1.1980450245537213,181.50849157491029,-1.2501341587048955,202.450415392379,151.63700107026125,518.36002160608768,199.21052910547186,142.95528552403442,140.40827958924521,165.13605261956306,162.62716211735298,197.23546939884002,195.09357404381686,233.65793378544888,229.59105794235791,257.70852541231017,256.10379616616586,-1.4140465370502966,-1.609797675157381,0.77850997441100844,2.3883076495683895,-1.1850707536727896,1.2268266923393014,2.411897446012091,-0.89250636065366962,1.3510975924553179,2.2436039531089875,-2.8735303147371667,1.1049933789569195,3.9785236936940862,-0.90078657434503384,0.80170404646725046,1.7024906208122843,86.957333497319269,85.833989894415936,1.1233436029033328,85.785148334533005,1.1721851627862634,95.107935109745085,48.611040342723754,156.97972593762097,192.78524892674753,140.87453441382419,145.34050349418862,165.67440277133335,167.37183818044352,193.70121031648529,194.6909919748914,217.93261670049665,222.61317185463639,241.51563615941322,243.90924516313808,4.2923986984304463,7.637986272596379,1.6693166069362917,-5.9686696656600873,3.7524404693129156,2.0292979017042967,-1.7231425676086189,3.604914638079606,2.3548505834596369,-1.2500640546199691,6.6632437059209906,2.2892581708294415,-4.3739855350915491,3.7718834348858081,1.9956424305075586,-1.7762410043782495,93.30102381737197,95.622413624643741,-2.3213898072717711,95.723343386680426,-2.4223195693084563,107.34248007308634,103.02596108330272,361.38029573857784,203.60013574869407,143.05629495384511,137.13816685174558,163.40358311308898,158.89957462416399,206.55715960342857,195.70203145358695,244.48397134112219,237.14468426422152,261.35250113410353,262.40033268554305,-5.1443711422289482,-4.3752324388442787,0.40857866975301249,4.7838111085972912,-3.8316976836470076,0.6533187088773218,4.4850163925243294,-11.38124240484288,-0.24525776860184578,11.135984636241034,-7.3417183835200035,0.16085162896840188,7.5025700124884054,0.99990100534012072,0.35310484325964353,-0.64679616208047719,5.7064452354807429,9.4367698406593945,9.24778394775376,12.013218711440658,4.9375112229857052,7.5841381529599232,4.4974209987332756,14.986157042922486,9.5367740206581573,14.004962089440994,4.672670009230842,2.7719824295456874,0.30283918395410719,0.46978384769135578,0.32057505753625232
2306,2017,114.82552524191357,40.975187431198854,7,10,23.367508357048035,7.5,198.21067839202169,195.57123598814724,2.6394424038744546,195.45647461814588,2.7542037738758154,211.02699553307775,149.91164498689886,514.2783722281456,196.10089558540702,140.63449766299632,135.19366061866461,161.04492414187203,157.00105480405765,193.04458014609361,189.9292966384528,230.51251373887195,226.60596058106276,255.81648565755933,255.02031138121276,-1.3003746487075887,-4.3673735561441163,0.6946326855891698,5.0620062417332861,-1.6539224152639918,2.3698211811813223,4.0237435964453141,-0.2517673800347211,2.7751137813522746,3.0268811613869957,-1.2729395995332311,2.612425023640327,3.8853646231735581,0.89353554592946693,1.7361470883537322,0.84261154242426528,115.23889019386615,95.646737049233707,19.592153144632448,94.794902502129844,20.443987691736311,120.4631948550209,60.648920218928197,194.51270035235211,189.64740376948578,136.08250223219963,139.6211474544526,160.12379267788162,159.50247753463711,186.93757772897388,187.50150720741055,219.07835586624455,217.6410690668057,248.80378878208222,241.44203280063911,5.0890885280558393,9.3535742536790281,4.9030370096739659,-4.4505372440050621,4.9461192634250608,5.7165219831452134,0.77040271972015262,6.8507668502412855,6.1311796158983327,-0.7195872343429528,4.6438158589753868,5.947740065481355,1.3039242065059682,-2.7046388680252562,5.2963822885739091,8.0010211565991654,82.971787680678972,99.924499366981763,-16.952711686302791,100.66157363593447,-17.689785955255502,90.563800115876802,89.262724663323752,319.76567127555609,202.60052381438123,143.56262142655132,131.84449737291965,166.30592066734451,154.55329501672614,204.76702611788943,193.72443338817149,242.37088856209414,236.40028689259239,258.08828517673101,262.70395689034058,-7.6949203374278738,-11.668058990757942,-0.83245292259164216,10.8356060681663,-12.721934568450479,-1.1911689882958854,11.530765580154593,-13.076018514909862,-2.558903010107457,10.517115504802405,-6.3920845482977882,-0.82261990683832664,5.5694646414594615,3.5419237729130941,-0.048271603586329093,-3.5901953764994232,6.389463176763428,12.784008865483713,13.720947809823144,21.02163324443697,6.6000416786890526,17.66805383187554,7.1025342302760066,19.926785365151147,5.9167554585086179,11.035900407273175,-3.5981744139547231,-6.2465626409383503,0.37822453919190258,0.57084258130443177,0.40456443676692661
2308,2017,115.32552752905448,40.975187431198854,7,10,23.367508357048035,6.111114501953125,180.55108685776941,164.35754702549457,16.193539832274837,163.65348137662659,16.897605481142818,193.29345237207599,208.57416378576454,528.81890392303467,194.75307927880695,141.24769201634157,136.10949000854981,163.43234944531736,158.0231778050175,192.93747971960394,187.90153423104547,225.73854993903086,220.32989706184119,249.73506668017907,246.53719070661217,-2.4489096117986833,-4.1444948191815456,1.2240898188123879,5.3685846379939335,-2.8014576006629568,2.720774452753318,5.5222320534162748,-1.8048910886759586,3.271849875374869,5.0767409640508276,-2.4447980426412244,3.0300042771626465,5.4748023198038709,-1.1333432059217898,2.0731123376010601,3.2064555435228499,145.63826775534835,116.15384825885849,29.484419496489863,114.87191685805738,30.766350897290977,154.16467147897856,155.99423351626774,323.65753387543373,192.19532425904055,139.90754421759291,141.91981001568411,162.05186398370404,161.09982609778464,191.32343227767845,187.23902137480189,222.06508398970672,216.0156519947231,245.07508223619041,238.0515438117522,1.8014743727640905,7.2662031805400034,4.7576570495085377,-2.5085461310314656,4.147215480685901,5.2123395743798255,1.0651240936939246,1.324531818840768,5.3667428550363354,4.0422110361955674,-0.75006917665950823,5.3038606673014215,6.0539298439609297,-2.3304667650754141,5.0873672928577207,7.4178340579331348,34.912819162025698,48.203699680574573,-13.290880518548875,48.781564273527692,-13.868745111501994,39.128781027207879,52.579930268409953,205.16137012094259,203.40340789303781,143.30480944024603,126.68921362333462,172.43996682226194,148.28110651261946,204.53463116481601,190.2453811306909,240.79064346024995,235.04563246798742,264.24164205998153,261.93500751940883,-13.947184596575369,-15.256096120321445,-1.5633960797708539,13.692700040550591,-25.970933455314452,-4.812859209609968,21.158074245704483,-19.156871309226773,-4.5143602537006018,14.642511055526171,-10.364216154089689,-4.6331338946717153,5.731082259417974,-5.6782243792500822,-2.6078664750832559,3.0703579041668263,4.2503839845627738,15.748658969339459,11.410697999721549,22.522299300861448,6.9486730813488577,30.118148936000352,3.1294229075167266,20.481403128067541,1.6947288659817161,9.6141469774301811,-1.1971235591536242,3.3477576141746681,0.61203850973251039,0.7975679961586214,0.7479077498615605
2309,2017,115.57552867262496,40.975187431198854,7,10,23.367508357048035,7,229.98434436721618,204.29875793628162,25.685586430934563,203.18199185069534,26.802352516520841,238.15865713758285,174.44580869122183,547.72567696124315,196.36403461208596,142.90051208457905,135.69918512538507,165.58520424400098,158.490094265783,194.58549865899252,189.0132147555955,227.14889044259579,221.61076106144063,251.52961701780717,249.03515733961694,-2.2267886274691762,-5.060334095565679,2.2809197241917047,7.3412538197573838,-3.3750778874204741,3.7216866239891431,7.0967645114096172,-1.3716388938016166,4.1771420841534166,5.5487809779550332,-1.802015579304566,3.7953886876936451,5.5974042669982111,-0.0053761987702785063,2.3901895686630041,2.3955657674332826,178.62488420152386,142.22701068297465,36.397873518549204,140.64449663026971,37.980387571254141,185.77522186779697,121.53248597744005,320.50670297205215,194.25083100975186,141.01276202823607,141.81023136314312,165.87675200644614,161.85729624552616,193.31482022615012,187.9068647675935,222.56584779318615,215.35208033467822,245.87950885733204,237.34324372442063,0.40066166331706654,6.3394662110727893,5.4115613590292924,-0.92790485204349693,1.8836171180768702,6.0077135183129258,4.1240964002360556,0.73475897019724812,6.0883121941566571,5.353553223959409,-0.94537303200451106,6.1224169564091824,7.0677899884136934,-3.0724739331909916,5.7716790790230448,8.8441530122140364,51.359460165692326,62.071743498213436,-10.71228333252111,62.537495617789318,-11.178035452096992,52.383435269785878,52.913322587121911,227.21897372603416,202.53140161925523,143.35891878181801,126.93673412183266,163.10051750890872,149.07458654832325,203.96741082325801,193.64077781221306,243.59129724971541,240.99112498236622,263.27551674689062,264.82508161367952,-8.9903449957287194,-14.515585298427936,-0.39280300666166568,14.122782291766271,-14.080109131240846,-2.0015592455940805,12.078549885646765,-13.580940474869209,-3.5709379530172214,10.010002521851987,-5.9421711009489968,-2.6026604700700204,3.3395106308789764,0.52769998894683567,0.12398594096958959,-0.40371404797724608,2.6274502907862427,9.3910066590457859,11.399800306638468,20.855051509500726,5.2586950054973443,15.963726249317716,2.1063978639988648,14.315699445066457,0.85664254730005496,4.9967980689444857,-3.0670977344207131,-3.6001739221378273,0.58515917082837632,0.78004815823459961,0.69667759225192327
2310,2017,115.82552981619543,40.975187431198854,7,10,23.367508357048035,11.649993896484375,242.38508680419181,228.10112156861214,14.283965235579672,227.48007789715484,14.905008907036972,246.17880862683887,177.98447069223766,582.09164240211248,197.67346029324602,143.17530490313462,133.82473841761151,166.23092397903775,156.51406030683972,196.73454381092532,188.49677679218897,229.24469105940841,222.07892191579032,252.8205096713653,250.87969085426693,-3.4595185228757259,-7.5378007885557281,1.070587703106753,8.6083884916624811,-5.8737897050132517,3.8848196087771214,9.7586093137903731,-3.1029435300188197,5.2337279670438193,8.336671497062639,-2.1224332209209535,5.1230132432352491,7.2454464641562026,0.92079303341853347,2.8152474796293063,1.8944544462107729,164.27702082703036,109.9325133014936,54.344507525536756,107.56970891814308,56.707311908887277,168.05688470897076,103.24167461538764,284.03315994958393,194.68204575414708,140.67901812278021,140.06096269293047,167.22348732469746,161.26963519312403,195.12771694435057,187.94946363083909,221.55754142079371,213.74889267082986,242.06303318356603,234.34593046933949,2.7429836583289671,7.8311798901436589,7.7549122859238935,-0.076267604219765417,4.1196337486567245,9.3637579038774845,5.24412415522076,3.0523709097543872,9.8149313772039477,6.7625604674495605,2.3460679272597531,9.8851402473719645,7.5390723201122114,1.5284115923312811,9.2785622877979677,7.7501506954666866,78.108066141074232,118.16860798101698,-40.060541839942744,119.91036797765355,-41.802301836579318,78.12192408178089,74.742796255663961,298.05848273262382,202.98251040523056,143.55078125489175,129.41201351670833,157.6328710164386,151.39895012827148,205.93944723150145,189.38151532295291,245.80159211893707,234.42660292782156,261.1052083612239,260.62345356842008,-10.558323797334452,-13.468799388796015,-1.3195856212037143,12.1492137675923,-6.0572313856561095,-1.6512090210608505,4.406022364595259,-17.626756471663583,-2.4849917231401264,15.141764748523457,-12.740458396565316,-1.3772379525250926,11.363220444040223,-0.55573719221001738,0.61728494596377459,1.173022138173792,6.202502181204693,13.301307455663419,15.368980678699387,21.299979278939674,9.9934234536699762,10.176865134312834,6.1553144397732069,20.67912738141797,4.4685011481807067,15.086526323825069,0.60761855891274763,2.0841487845412985,0.48795265085316597,0.68266186535866147,0.58006001430264253
2311,2017,116.07553095976587,40.975187431198854,7,10,23.367508357048035,13.086959838867188,248.47619116332498,215.47509929526132,33.001091868063668,214.04026868267101,34.435922480653971,251.30743792723479,172.92339497080866,573.6299548484385,195.49616825687264,140.02642241340894,132.50674519239675,164.83836792728994,155.58239164201078,194.30554190829389,187.66705555547313,226.93240525727904,221.50980259364485,251.5517882881598,250.24539606133305,-1.0317353019011932,-5.0175522498100804,2.1954699822699695,7.2130222320800499,-4.0066385349433915,5.0832748666354632,9.0899134015788547,-0.16436816599716053,6.3464026653115582,6.5107708313087187,0.96254846513178904,6.2439803048217755,5.2814318396899864,2.1388387714837052,3.2425298245893828,1.1036910531056776,193.57595396482066,125.38360697986354,68.192346984957112,122.41872294867062,71.157231016150035,196.20913222753734,114.92151954237124,326.45530417643022,191.77542039768363,137.64567626825209,136.64194798995015,163.38994174790631,158.44705818424248,192.06467265328678,185.58843522133981,220.08302872662509,212.99226210100804,242.78917107844993,233.66186414899329,4.2052990116978322,7.7843347375245457,8.2588389348379962,0.4745041973134505,5.3604343191159955,10.093195931955904,4.7327616128399086,4.7754350591904426,10.879005535800218,6.1035704766097751,4.1403917471339469,11.023317115698205,6.8829253685642584,0.98865279165516995,10.653699009824862,9.6650462181696923,54.900236960085749,90.091491346176554,-35.191254386090804,91.621546377989944,-36.721309417904195,55.098305461278869,58.001875432162706,247.17465058714151,205.73168430704007,144.00173824262447,127.66629440313596,172.42891943963804,150.86414750226916,208.68997310964744,192.38269065511159,246.09996172163989,239.10794264065672,261.04947429119721,263.14261735836084,-12.772946856632643,-15.580692826173049,-2.0712070050988416,13.509485821074207,-22.830802291258209,-2.5135909743623301,20.317211316895879,-19.997258248910384,-4.4532298667638486,15.544028382146536,-10.092495376393401,-2.7587115312029198,7.3337838451904815,2.1250389706669921,1.083694170186277,-1.0413448004807151,5.2370343135990254,16.978245868330475,12.801886987334626,23.365027563697595,9.3670728540593871,28.191236610374204,4.9398032251876032,24.772693308100827,3.1778432820021578,14.232887123527348,-1.1501859798285352,-1.1363861790118222,0.5691043527576668,0.78075338257337623,0.66458051880008051
2312,2017,117.57553782118866,40.975187431198854,7,10,23.367508357048035,5.565216064453125,204.75122625758013,198.18406733899974,6.5671589185803896,197.89853921024405,6.8526870473360759,214.61338523118684,154.55854157302838,464.52675281278789,196.11271774549178,141.34807302347301,134.32859335894287,164.35002125436282,158.55099568194035,194.73375277076991,191.18183945031276,227.62062369817403,224.40855481808219,252.67824059668126,251.14388196733589,-1.495099158754897,-5.3954174386407772,1.3742538494352345,6.7696712880760117,-3.1485486555196189,2.596589944406162,5.7451385999257809,-0.32525458601367063,3.1285516645789357,3.4538062505926064,-0.23712612100183605,3.0394934784966665,3.2766195994985026,0.4459403516826228,1.9120941768524062,1.4661538251697834,133.83911729342981,134.66714915391276,-0.82803186048295174,134.70315001775089,-0.86403272432107769,143.42220061428634,113.78861111194601,283.56752396421507,196.48064166933023,137.50802361510316,139.2144127981185,164.22581068131308,162.14465425174436,197.44301772735767,191.76307427741446,229.67610988964398,220.97739914063973,252.26028120458824,243.44835279789396,-0.4591711633280795,5.9176833012905377,3.9283070032420255,-1.9893762980485121,2.2920619127926329,4.3019837966472778,2.0099218838546449,-0.86761404551421606,4.5842117210295044,5.4518257665437204,-3.9633047013473117,4.5251018605580668,8.4884065619053786,-5.4510172361093794,4.0417703464184456,9.492787582527825,70.912109113161932,63.516916786968977,7.3951923261929551,63.1953874846904,7.7167216284715323,71.191184765912112,40.769930528137593,180.95922912098467,195.26747775380625,144.99014592146835,125.27096497514718,168.23176929548882,151.04945778204294,193.45361257837533,189.41309568779212,224.15529912230537,234.36322465360223,253.78405007151514,264.17511244120698,-3.4491488997579438,-18.132130170383775,-0.7691238780089833,17.363006292374791,-19.05946821186734,-2.2622779612468662,16.797190250620474,-4.1536900988579362,-0.85505887549109616,3.29863122336684,8.3464544264675737,-1.4098001511040934,-9.7562545775716671,8.4246456325963663,-0.50660600748341267,-8.931251640079779,1.0359279954268175,2.9899777364298643,11.313100739931315,24.049813471674312,5.4406105683122519,21.351530124659973,-0.54235945950054543,3.2860760533437201,-3.7261785803454757,-12.309759127814885,-5.8969575877920022,-13.875662868705746,0.61044390284771732,0.66828171253059732,0.73621690495947956
2316,2017,119.32554582618189,40.975187431198854,7,10,23.367508357048035,10.571426391601562,216.44389706655056,210.27500379442063,6.1688932721299352,210.00679104296432,6.4371060235862387,222.44882289011912,177.05914388713427,509.3000517860055,192.22057389419516,131.47835750493243,123.89449766943166,156.55636066496621,149.15685787940865,191.94091520361732,185.25867498534546,227.32868468609365,221.99305823479682,255.35776481561297,251.68014736380601,-1.6686997322782702,-5.2447565974175205,1.7103764686745819,6.9551330660921025,-3.6365431417915488,3.7641849241429952,7.400728065934544,-1.2542278764656771,5.2426934556209233,6.4969213320866004,-0.45786513830648801,4.9652324013320879,5.4230975396385759,-0.61905576312267385,3.1007139762243696,3.7197697393470435,160.50188202651043,127.47579242449137,33.026089602019056,126.03987349505769,34.462008531452739,164.51973532695138,117.7570488522033,303.76127638609614,187.66974144553117,128.61660446019874,131.49523031628564,150.65307175903274,154.3562274628031,186.63327541602357,186.28886305195533,220.37867783813752,216.89860011056913,250.07613455304229,241.56834086497474,6.766543386098391,11.081321483500574,7.2893700942063049,-3.7919513892942689,11.880264940771809,7.8499747154846773,-4.030290225287132,8.3725939655953425,8.5478364384833014,0.17524247288795891,5.1661360284137459,8.447854048599055,3.2817180201853091,-1.7512289942249311,7.7452485573154206,9.4964775515403517,55.942015099644777,82.799213993952435,-26.857198894307658,83.966917503912555,-28.024902404267777,57.929087622772386,59.302094962287811,205.53877563029528,203.17836101300921,145.40082544797463,115.03192172568745,170.82038080188261,138.194936244828,201.11994300979131,182.44668491496844,239.48120592677,233.59955288091118,266.0611347544704,264.45007096815431,-17.424216746075103,-26.691184535176845,1.0331215275158314,27.724306062692676,-31.227961051781733,-3.858465221111544,27.369495830670189,-19.647423493787386,-2.5316092814394153,17.115814212347971,-8.9721911459669172,-2.5895184313133086,6.3826727146536086,-3.9317595580348552,0.12222428231928006,4.0539838403541353,8.4352431183766612,24.190760132173494,16.326078080918094,37.772506018677419,15.516808082563358,43.108225992553542,9.6268218420610197,28.020017459382728,5.6240011667202339,14.138327174380663,-1.1321732311022572,2.1805305638099242,0.59642891321308689,0.73958465227850445,0.66507183005056836
2319,2017,120.07554925689328,40.975187431198854,7,10,23.367508357048035,-5.826080322265625,179.91887009143829,161.26152682304382,18.65734326839447,160.45033740997314,19.468532681465149,216.83362998297525,156.08165354544326,489.24855393916368,197.06207663670077,144.09366096173414,141.1717545467834,165.05638413139573,165.08152869171218,193.42927635191506,198.55983357591037,230.80097468444987,231.84623015834129,256.20223434101001,255.65595776451758,-0.010096428371582533,-3.5654278594329014,-0.87510808098258508,2.6903197784503163,-1.5796191325077302,-1.6549246789302288,-0.075305546422498537,2.8097304462332033,-2.2923036837871678,-5.1020341300203711,-1.1905726729578134,-2.2428165540157181,-1.0522438810579047,-1.5520501492853498,-1.0334609771272483,0.51858917215810152,108.84428283572197,112.88564157485962,-4.0413587391376495,113.06135380268097,-4.2170709669589996,128.63563876391527,105.76492576504097,264.86390876799123,199.8040205852032,148.39123087723905,150.60761230704676,167.77739367055941,173.33577041564945,198.24914499901755,203.18464939413388,231.22533404743336,231.82755280335238,254.91959881408229,253.10394159659958,-1.4842818176265666,-1.5608066248597652,-3.7487484747290125,-2.1879418498692473,0.8036151970247829,-4.487851262673928,-5.2914664596987109,0.25249418588995809,-4.5511134325137732,-4.8036076184037313,-3.7790555307885256,-4.4691096031070572,-0.69005407231853155,-5.974031995742763,-3.7057127407668133,2.2683192549759497,71.074587345123291,48.375885426998138,22.698701918125153,47.388985097408295,23.685602247714996,88.19799151708321,50.316727862358675,224.38464550673962,192.42204110873485,142.39013226948026,131.59577225196176,154.0239357948119,149.20783957478065,187.0285748515021,186.15890873972941,229.93794309656568,231.90009866864474,261.83293192726052,260.92404731829265,2.1188751897933003,-6.4630653712823118,1.1761089922163137,7.6391743634986256,-1.7892064397464651,2.7439320285857036,4.5331384683321687,3.0360241746737699,3.0191894235991867,-0.01683475107458321,5.1405458810372977,4.5749166796050815,-0.56562920143221618,1.6421820903266848,4.2508949865865588,2.608712896259874,-1.4741853892549841,-3.6031570074198669,2.0046212345731362,4.9022587464225467,2.3832343295325131,2.592821636771248,-2.5572362603432452,-2.7835299887838119,-2.5884828578307122,-8.9196014118258233,-4.4219818464574132,-7.6162140860694478,0.54136881271380544,0.59324579297969193,0.67762561045810199
2321,2017,120.57555154403421,40.975187431198854,7,10,23.367508357048035,7.2105255126953125,179.1808874049384,186.53704169080811,-7.3561542858697067,186.85687765566763,-7.6759902507292281,182.72167076725373,166.98463318318863,430.23065487667918,198.36213381561649,137.1233718664501,128.75162047876944,164.74836586903959,155.09985168078234,197.5683540347537,191.04758513887109,234.9535316839503,226.8557479253181,259.48236104057059,254.93893493079679,-4.1580802464022497,-6.7184486966348516,1.5654800607864274,8.283928757421279,-6.9348333367260295,2.4823160469629499,9.4171493836889795,-3.018164764628807,3.4719211033990689,6.4900858680278759,-4.7204662460949578,3.4098362671022358,8.1303025131971935,-2.8014650229824269,1.7429335928312639,4.5443986158136909,79.520398268983627,102.17628467199938,-22.655886403015757,103.16132323975035,-23.640924970766719,81.799108959205341,120.46519590840217,221.54341668263078,208.57609196590587,141.86098674086855,141.04253242076143,179.91196643235043,166.2090781982977,211.45156882572581,196.36347835880619,242.24165880982946,225.23675418645053,263.21435369699793,247.57081799337291,-7.3182066997681545,5.0228003998001611,5.5528175210263271,0.53001712122616595,-7.2846552330016152,6.1355431599534995,13.420198392955115,-8.6929097367861061,6.1154618282036779,14.808371564989784,-11.09252344730794,5.8353185953673972,16.927842042675337,-10.394976006212005,5.4206989657000406,15.815674971912046,99.660489530835548,84.36075902183893,15.299730508996618,83.69555461669097,15.964934914144578,100.92256219979208,46.519437321119767,208.68723880778998,184.35039246872307,131.285015042075,118.9336783318079,151.54795476151324,139.27897317311695,179.00023997082332,177.61826835425995,216.49410899626173,230.68123074703811,246.97831412290179,265.5348549516483,0.43215050728014148,-10.346100833792931,0.45536506414048006,10.801465897933411,-11.406833284587606,-1.5090127308181422,9.8978205537694635,-1.5459616557658649,-1.342629487148713,0.20333216861715186,10.857420648502625,-2.6030985517802492,-13.460519200282874,15.736444029839447,-1.7116440293306709,-17.448088059170118,-3.1601264533659048,-7.750357207048296,11.741249096435013,15.368901233593093,-0.34982189627558569,4.1221780515859905,-5.6747449721572991,-7.1469480810202413,-6.3720572012129821,-21.949944095810565,-7.593510983229578,-26.131420036051452,0.51494103028556559,0.44767053965590647,0.72141486082882345
2332,2017,123.82556641045022,40.975187431198854,4,4,23.367508357048035,5.5263137817382812,118.46318944230006,105.46292323030139,13.000266211998678,104.89769606879418,13.565493373505888,134.0875813041971,290.95395996690786,546.54108161479235,192.5187589619043,128.94671957736355,128.04365043335895,153.48319793511703,153.28190389255803,191.03363352864253,189.1861076590605,230.93227999454447,227.0403273987553,259.37791101464518,254.48610880382591,0.51729546288274264,0.88804797928818857,1.6228722276937049,0.7348242484055163,2.7360429639484778,2.7904056133626227,0.054362649414144926,1.096562738618104,2.9467428058545977,1.8501800672364936,-0.97528657723876222,2.9900876539504679,3.9653742311892302,-2.8346831847510998,2.1617279913554626,4.9964111761065624,95.575543581024249,69.792048136048834,25.783495444975415,68.671027499058255,26.904516081965994,102.31736879489836,212.61252115261914,340.84771611914039,191.81398679448543,131.68368715179653,135.27624489628005,154.08320883002574,156.69758874359442,187.94368642044216,190.27553160001446,230.38833148688585,226.63951292883209,258.03197189574564,251.35586562501223,4.1835900640625141,8.2135512712743548,4.1717605189041365,-4.0417907523702183,7.1585380590061334,4.3561777375886095,-2.8023603214175239,6.2263842142273802,4.2989773537506153,-1.9274068604767649,0.33551167751761568,4.2762853415987365,3.9407736640811208,-2.7410006316397357,4.0019913557443374,6.7429919873840731,22.887645831473492,35.670875693432208,-12.783229861958716,36.226668235635771,-13.339022404162279,31.770212539101067,78.341438509991349,205.6933651715517,194.53447482263513,117.1491177209393,116.85325591216676,151.50660427872035,142.33975941337494,200.78211541954354,186.5751390479158,231.40564952575909,228.13261238410561,265.9187695476341,264.10430685261201,-7.7937777937963233,0.53890461859016625,0.44224530907365533,-0.096659309516510916,-10.755093854383261,-3.7107308705906519,7.0443629837926096,-14.737323804602909,-0.81946607957027595,13.917857725032633,-3.6951616257935598,-0.91267958182763209,2.7824820439659277,-6.118966613109535,-3.7127035050876884,2.4062631080218466,3.6662946011797715,11.977367857858837,7.3255032919861662,7.6746466526841886,4.4224950950576556,17.913631913389395,5.1298214756092761,20.963708018830289,1.3107982547563779,4.0306733033111755,0.093682553111364086,3.3779659814697993,0.62364518896197685,0.76306372148496426,0.7307428335974564
2336,2017,125.07557212830254,40.975187431198854,4,4,23.367508357048035,5.1500015258789062,125.76123082889171,118.91622895509136,6.8450018738003564,118.61862059779378,7.1426102310979331,141.51738654553355,300.79309770024338,547.44337969273329,192.41901641489912,129.83322981820373,128.11658361547711,155.516214587907,153.05435903961492,190.54453064244021,188.20484708094975,229.61647990742819,225.65494904357712,257.27091974518538,252.98244079847433,-0.32384936345357573,-0.31413087902600978,1.3944047123175665,1.7085355913435762,0.23063470788815721,2.604999755306352,2.3743650474181948,0.65346207972686443,2.9959493704891145,2.34248729076225,-0.92862483072568125,3.0848114278585967,4.013436258584278,-2.0216082836867031,2.3012195329310714,4.3228278166177745,91.656140956394665,78.081431198399514,13.574709757995151,77.491226763726445,14.16491419266822,94.921033186911018,219.89323122558994,329.93114623989095,193.70406709465777,137.59906804557008,136.01010223415676,160.3707035941992,156.51396644095985,189.57160226391039,189.34549645492552,229.77908805976875,225.55821768285935,255.3141086050758,250.16169284172548,1.774532369645982,2.6293368498284053,4.2565626338047196,1.6272257839763142,0.39799017754515376,4.4292647704582748,4.0312745929131211,4.3773265986900185,4.3242196607581604,-0.053106937931858056,-0.01988736248122791,4.4265258201287168,4.4464131826099447,-1.2950978734980936,4.0373491737946381,5.3324470472927317,34.105089723485435,40.834797798415821,-6.7297080749303859,41.127394042683591,-7.022304319198156,46.596353254314408,80.899866648065654,217.51223364844918,189.24596340583562,115.22360403921844,116.41060595874407,142.45398420325893,141.85122764404574,191.86718130621205,185.48715630888398,229.54386067901001,225.94617128530425,266.2548338909142,260.9949757185434,-3.6224107680940563,1.8780459772868028,-0.032492593963212357,-1.9105385712500151,-3.1407121049897455,-3.8701067821581887,-0.7293946771684432,-6.6941419041210111,-0.69015751975254602,6.003984384368465,-4.084541010110712,-0.37033067415305254,3.7142103359576595,-7.8673021235812826,-2.6882713388945376,5.1790307846867449,2.0983817330995578,5.3969431377400383,2.9434677288544151,0.75129087254160254,0.16735546965699655,3.5387022825348993,3.7238645189631541,11.07146850281103,0.90873746824445334,4.0646536476294841,0.72651041018860951,6.572204250083189,0.60267629215842067,0.67073760690436401,0.73104480424190277
2358,2017,112.07551266263847,40.725186287628389,3,10,23.454481248039247,10.23809814453125,149.24417299963534,152.0133565028118,-2.769183503176464,152.13375599177016,-2.8895829921348195,157.98092557164637,101.6136036714197,433.19860692694783,209.06221631749366,162.90869978751775,159.68241940896849,180.76279268410497,177.02210229794235,207.7151687309007,202.99184340685153,237.22882282214624,231.14879302859433,258.36042327034113,254.81015867395067,-0.60321359025357424,-1.2510905407623056,1.6577662160009652,2.9088567567632708,0.21841469005877912,3.8292068112081949,3.6107921211494158,0.15908094372846904,4.8800669530194796,4.7209860092910105,-2.0642106955496899,4.017721860202073,6.0819325557517629,-1.320765500033076,2.1744203639237583,3.4951858639568343,69.462013150719031,78.062816534345984,-8.6008033836269533,78.436764419157043,-8.9747512684380126,74.45666122530838,33.436751604432175,132.86513262393419,200.51284432727732,157.60899152997982,160.45373775751719,179.38068286303306,178.16749423627473,197.43493817536506,200.51663669385039,225.03749034880892,223.76429773572875,245.5373377398393,243.89124162257338,6.8215104439168783,6.9014920892364273,3.7726666913296754,-3.128825397906752,5.4728376026219792,6.2209886707276212,0.74815106810564203,9.2350444614097,6.5854480495178223,-2.6495964118918778,6.3177716334454033,7.3660332984228774,1.0482616649774741,3.3821052559317479,5.8657261362730253,2.4836208803412774,79.782159851045435,73.95053971301968,5.8316201380257553,73.696991317164247,6.0851685338811876,83.524264408071758,68.17685219338091,300.33347429707646,215.14273144403472,169.54095302225619,158.93319372244093,183.82024220938894,175.41780376814259,215.63099719385318,205.54850280063684,246.67374089425951,240.2316856423885,260.92640823459033,261.50464565837115,-5.5863913679995392,-9.9561233262336089,-0.1024051320052024,9.8537181942284064,-5.1194429040805005,2.62243475279476,7.7418776568752605,-7.5834573852466747,3.0723113430337321,10.655768728280407,-6.5759987744211514,0.019871914398265744,6.5958706888194172,0.12411045467473514,0.32473384679741457,0.20062339212267943,7.4247240341704526,12.407901811916418,8.152582629998733,16.857615415470036,5.2544229125632,10.59228050670248,9.075963517681231,16.818501846656375,8.3819823289950932,12.893770407866555,4.702870755964824,3.2579948012570128,0.30670720196092371,0.47130158882086898,0.32905782686887175
2360,2017,112.5755149497794,40.725186287628389,3,10,23.454481248039247,3.434783935546875,124.21896255015963,133.44153928544256,-9.222576735282928,133.84252109524459,-9.6235585450849612,136.00919049633194,103.19328893773854,396.1281173415482,206.77306915673512,157.78055569748705,151.11542897270485,179.00519567220252,172.60129149772169,206.2955143704404,200.99010036892011,236.04705209872316,229.84680095599558,257.96053198431406,253.14960346927094,-4.3098806287740388,-6.2816735751319754,-0.3026427878089919,5.9790307873229835,-5.4279761528192125,1.201253435019737,6.6292295878389496,-3.8732226664400571,1.3151817976987843,5.1884044641388414,-5.0203163342094967,1.2560525145438532,6.27636884875335,-4.5425630091371545,0.50249247259210961,5.0450554817292641,58.823477435551467,63.989525795157533,-5.1660483596060658,64.214136646625775,-5.3906592110743077,63.151940429743263,35.702479142568336,109.79443065230225,199.97413511386449,153.91604817650455,152.2320232335646,179.55568823559318,173.3799735557389,198.6949461085384,198.10893264642775,223.36577486076447,224.33206541989117,243.37878670856139,244.51864859699114,1.5597507351274089,0.8102049680186667,2.0599810149192308,1.2497760469005641,-2.9120344851981486,2.1705419531353982,5.0825764383335468,2.9059067137370675,2.7104337510897949,-0.19547296264727265,3.6511980807583484,2.6710035418051632,-0.9801945389531852,3.3950669443200923,2.1549653778567972,-1.2401015664632951,65.395484973047132,69.452013187079501,-4.0565282140323689,69.628384180397916,-4.2328992073507834,72.857249966005838,67.490809585015086,286.33368651941419,211.56191102165579,159.80489256423672,149.4848492095696,178.75394123371564,172.12022383685567,212.3558704243861,203.39958042837856,245.26088307911519,235.27819412512082,264.73807844537271,258.09361976737347,-8.0275733201266348,-9.07254895825821,-1.2055274444209658,7.8670215138372441,-5.8731007944965938,0.38815107529183024,6.2612518697884241,-8.8037751460412892,0.64505383532286942,9.4488289813641586,-9.3746852731133004,-0.16924243438148778,9.2054428387318126,-7.7251098191297274,-0.40762267624955939,7.317487142880168,5.8696313639014477,9.5873240552540437,7.0918785431506421,9.8827539262768767,2.515941667621064,2.9610663092984453,6.7791293801771246,11.709681859778357,8.6715144149678451,13.025883353871649,7.9376299534572468,11.12017676344982,0.27716899115655474,0.46432112564809669,0.34597675401265049
2361,2017,112.82551609334986,40.725186287628389,3,10,23.454481248039247,3,127.69836605312685,148.20318352637332,-20.504817473246476,149.0946974151957,-21.39633136206885,135.91754271807531,94.402340058109075,388.14654557034373,203.77031245623118,148.56714453829616,141.90616698300144,174.63392103543768,167.05646512058902,202.24439389999063,198.37714545671216,236.89663750527845,230.64620848288644,259.76395696934082,256.2212176870334,-3.5041637272551043,-5.9856628520528261,0.25575192818470782,6.2414147802375339,-6.3500985693414975,1.0048819524415933,7.3549805217830908,-2.2544660881738423,1.4271244495648432,3.6815905377386855,-4.7909787174290841,1.4220526523494641,6.2130313697785482,-2.4408217055534465,0.94160862010051005,3.3824303256539565,30.778400114737451,60.355922323783489,-29.577522209046037,61.641899952942367,-30.863499838204916,34.164868122898042,16.650329229687486,57.731862451066263,194.78356492892325,140.43591007022968,150.23351373649191,162.01870058420525,170.42066164350524,194.13560863181937,196.37505341415329,224.98081934701645,226.26800493264014,256.40549651062429,249.6316924447421,5.9180322853448502,11.765475374868402,2.3218687064660912,-9.4436066684023103,11.578689428626348,2.3843673519753281,-9.1943220766510194,6.0016738806997694,2.457920068839428,-3.5437538118603413,2.1734619882217601,2.3379453780001995,0.16448338977843946,-7.6762568977497949,1.9682341031048907,9.6444910008546856,96.919965870402848,87.847261514159982,9.0727043562428662,87.452797405358069,9.4671684650447787,101.75267451228956,77.752010700364735,330.41468321159482,206.31433152720663,149.27005607425178,136.7954991858239,176.3275254916787,164.10648333979441,208.74383192295684,199.74030476544289,240.50149904195138,233.57145434122398,260.16593862162898,260.06558877557706,-6.8757943788816078,-9.1958324792753103,-0.53444548540591086,8.6613869938693995,-13.420898913200176,-0.22133760508523892,13.199561308114937,-9.4786791461517907,0.92980206512771701,10.408481211279508,-5.5620774163320732,0.66837485820965981,6.230452274541733,-0.55003197617844535,0.14826117675556816,0.69829315293401351,9.4221960125999544,12.793826664226458,17.751138226921228,20.961307854143712,17.928787997967845,24.999588341826524,8.2561399688736117,15.48035302685156,6.9644407056508442,7.7355394045538333,-5.2354351921963485,-7.1262249215713496,0.14873728263183403,0.25136466889902465,0.17637623410011263
2362,2017,113.07551723692032,40.725186287628389,3,10,23.454481248039247,-10.888885498046875,114.67398782343662,124.48200301301404,-9.8080151895774179,124.90843948227484,-10.234451658838225,149.05679525704909,78.3648735825318,386.93478646874428,203.88096485992321,151.437846774034,155.07862233829266,175.30740117309728,179.17954321655662,200.01216340423369,208.91904462110156,234.14389920610097,238.421873514807,258.24220366755401,260.7556890989128,1.4141131821148463,2.5588793259723559,-1.045406493229649,-3.6042858192020049,0.14149161025326862,-3.489748371624728,-3.6312399818779966,4.0506321713617979,-4.729950106611625,-8.7805822779734228,0.1844822022884216,-4.1267288115421081,-4.3112110138305297,0.23233198840244995,-2.4354855914832569,-2.6678175798857069,22.295297513898731,50.248087836360355,-27.952790322461624,51.463426794601219,-29.168129280702487,29.921909145981772,16.813651074616246,57.738850434834603,207.12196592013998,154.57389234411298,161.48430681943859,183.0016045938147,183.06527206198504,199.82794914144003,210.0495368328765,227.88220617601681,238.57936784598192,263.65771132182897,259.17139452820186,-2.2862047645125472,2.7368483807597954,-6.1305703485940342,-8.8674187293538296,-3.0769310075102396,-6.8993041964932047,-3.8223731889829651,4.422763799443203,-7.8936173550258104,-12.316381154469013,2.9195692564897513,-7.4938767473174153,-10.413446003807167,-12.182570612743547,-5.4805452245948061,6.7020253881487406,92.378689927074447,74.233916130327998,18.144773796746449,73.445012280375522,18.933677646698925,119.1348857698149,61.551222275706095,329.19593551754951,203.04266016802885,151.05015951173846,151.88139809659398,174.06477811728965,176.15297247042031,201.60787936872839,207.98211395220957,235.78909619414719,238.30876934622208,254.53844336894653,261.80848070670356,3.3980187984720374,3.4802601958237176,0.72006457378711275,-2.7601956220366048,1.3201175073638183,-0.73782327264984815,-2.0579407800136664,4.1535623474167949,-2.5531112562155727,-6.7066736036323675,0.84877597994440634,-1.8810872223122885,-2.7298632022566949,5.3487706694544102,-0.86054198075822796,-6.2093126502126381,-3.7003179466273934,-5.6842235629845845,0.17796905478743952,-0.74341181506392218,-3.2184226177635082,-4.3970485148740579,0.3721316280814051,0.26920145202640811,2.7350870542013297,2.070793276545345,-12.414902601145997,-17.531341282197957,0.14922114127233846,0.2007416642386636,0.21455596501292834
2364,2017,113.57551952406125,40.725186287628389,3,10,23.454481248039247,12,151.64830158201949,174.35935807270289,-22.711056490683404,175.34679737261467,-23.698495790595189,153.59449545590178,118.0203443196333,446.25611926987767,207.50917647681649,156.71433791004995,144.99350329129621,179.36925875070307,165.68336401901985,206.46416935057798,194.88736313598838,236.93915301222728,226.8056284282996,260.83470872395685,253.54052394008113,-5.8005696849195658,-8.5412860694531787,2.0888776298120035,10.630163699265182,-8.9533530593102171,5.0369633319397451,13.990316391249962,-5.4325567989330636,6.1376071515363151,11.570163950469379,-4.8490661208840322,5.4432669622297567,10.292333083113789,-3.8704442332315807,3.5986667802483794,7.4691110134799601,65.222786163420096,77.506037610943167,-12.283251447523071,78.040091968967317,-12.817305805547221,66.905142968029395,54.062211702677814,136.43773642322049,207.72114855426881,154.51950612968992,146.31292177191776,182.60930586874761,166.50426680462621,201.96247997254503,193.32751742699452,233.54517022424545,222.03654384306714,260.45712895602588,245.51124741551303,-5.0454362460101549,-1.6422311325732721,6.0345743532839435,7.6768054858572157,-7.4058290653615018,8.1488529807176917,15.554682046079193,0.42860611518614178,8.5550505781675952,8.1264444629814534,-3.3558322860828014,8.5616335096779892,11.917465795760791,-8.4843598157516738,7.9217351838046852,16.406094999556359,86.425515787403128,96.853322458515322,-10.427806671112194,97.306705671868258,-10.88118988446513,86.689352856676123,63.9581327538599,309.81838355958462,207.33896645243652,158.34333480229964,144.3528476368391,177.05138000627437,165.04894173420365,207.21853954153687,196.28925551101514,237.27235899791157,231.12621975457682,262.17159284493107,258.8746275706892,-6.1849804347886277,-13.024469732082281,-1.1743345778002663,11.850135154282015,-10.043764037549096,2.1278651896323311,12.171629227181427,-7.5142971427767122,3.748601065818292,11.262898208595004,-3.0387656897751754,2.5198882995173904,5.5586539892925657,-2.9702129670377531,1.3768401623622708,4.3470531294000239,0.75513343890941087,1.1395441887784727,6.8990549368799066,11.382238599509009,1.5475239939487153,2.637934972187594,5.8611629141192054,7.942903257962854,1.4932338348012308,-0.31706659630762601,-4.613915582520093,-5.5141468487139207,0.30573863423194531,0.43559596826331842,0.45807535992490989
2365,2017,113.82552066763171,40.725186287628389,3,10,23.454481248039247,-5.399993896484375,129.7204651309803,130.39319124574104,-0.67272611476073507,130.42243719074031,-0.70197205976000987,172.80134734937747,105.06112133697025,477.17599987983704,206.04551306334992,157.82331073181342,158.5437706809528,177.68625753865749,178.39536425131539,202.69653510325313,205.97873729701843,235.26766504282426,234.87761452782311,257.25155798809863,256.20558958919162,-0.75612016265941406,0.21193219674583474,-0.60659158016335368,-0.81852377690918843,-1.0834598924522538,-1.7909018849484539,-0.7074419924962001,1.1364844051122986,-1.8794756996045408,-3.0159601047168394,-2.1582332628576921,-1.7498673469566768,0.40836591590101534,-2.0418497268850331,-0.91110217501463353,1.1307475518703995,47.641953094818746,61.483680276847736,-13.84172718202899,62.085494135066256,-14.44354104024751,61.937682992735063,47.550333557126578,138.71480057784356,209.96170554234661,160.04285394257133,160.31261607402621,183.05528812720055,180.75413876008076,213.39723995712814,207.10391629912439,231.31342102046014,234.468234050164,260.26519250526655,254.45191903065918,-4.8232980237730771,-0.49702509096442782,-1.3911362346017029,-0.89411114363727506,-3.7259648269589434,-2.4231266155151729,1.3028382114437704,-8.9243829157137782,-2.8341587594924817,6.0902241562212964,-0.12119711048489989,-3.0549090751291033,-2.9337119646442034,-9.4677160902067499,-2.4167721448233124,7.0509439453834375,82.078511753039493,68.90950846549822,13.169003287541273,68.336942757650831,13.741568995388661,110.86366391705815,57.510787547013024,338.46119876205921,203.49895011841861,156.29717830066832,157.08264546650466,176.05567599700464,176.32685146798806,196.59554851433569,204.74194657118485,236.45591179016191,235.29461744288017,253.84505821032383,257.67292669063005,2.3408167995440863,1.9734936573400148,0.14572446323245458,-1.8277691941075602,0.21988536943896975,-0.88630351780906835,-1.1061888872480381,6.6153652434234971,-0.82008950220213706,-7.4354547456256341,-0.97945651147941248,-0.37550030859407002,0.60395620288534246,3.3402654236837179,0.37189967814805414,-2.9683657455356638,-4.0671778611136631,-7.1641148233171634,-0.70895728771026256,-2.4705187483044426,-2.6425049345066896,-3.9458501963979131,-10.060867320826077,-15.539748159137275,2.0370361523727922,0.85825940099451259,-7.4258663633217168,-12.807981513890468,0.29069944970571626,0.3584328707085061,0.45259685935213756
2367,2017,114.32552295477265,40.725186287628389,3,10,23.454481248039247,17.23809814453125,191.04314323138169,218.33741101092164,-27.29426777953995,219.52411325718276,-28.480970025801071,189.69203825374279,137.50436572746003,486.55480962246656,197.79878406094213,141.16785041646764,126.62858393670626,164.37252887121156,150.05723028595483,195.23648337933406,184.10893406367219,232.93127945873141,219.61859161331375,257.10253543738474,249.64566106304261,-5.5720277624359085,-10.517510667753839,3.3291856663724957,13.846696334126335,-8.5416166221489789,5.6254931535310675,14.167109775680046,-3.2941368067049268,7.7872294213331941,11.081366228038121,-5.3349344545652855,7.8577769917196463,13.192711446284932,-2.6210166884059447,4.9369468100347831,7.5579634984407278,79.800752393162838,83.731749292335735,-3.9309968991728965,83.902662778320519,-4.1019103851576801,79.182876634426066,45.191228562391188,134.82890028710244,191.43675042831987,132.14459614821286,136.96327599841243,159.5011063186592,159.04055238950107,193.57447267550251,186.09681682285236,223.56142048724848,212.57172799289191,258.62851281926714,234.54035898638145,7.8699026081413308,17.905247425814622,12.529754877713259,-5.3754925481013629,13.318632735392015,13.699540005107707,0.38090726971569211,6.339899265338147,14.764013575571965,8.4241143102338185,3.5369002972120427,14.719601868867329,11.182701571655286,-10.964685496397266,12.514843160731743,23.479528657129009,111.24239164940082,134.60565678630155,-23.363265136900736,135.62145111890277,-24.379059469501954,110.50916243049869,92.313136946208033,351.72590981423855,201.70009179148911,144.13256606971956,121.68213796374317,172.63318239542883,142.82276307325725,200.07475582695233,181.1974017129279,237.93432123859534,228.65552798888643,255.95944487843232,257.05474257545961,-14.720567057455781,-18.209776574795939,1.3693108167717156,19.579087391567654,-26.955602678206361,0.56083700789909585,27.516439686105457,-18.701632070623418,0.35234944416185954,19.053981514785278,-10.933061390292892,-0.93585339881767027,9.9972079914752214,2.2921826876485909,2.5762367558118626,0.28405406816327172,13.441930370577239,22.590469665597112,28.422758093568461,36.115024000610561,21.860249357540994,40.274235413598376,9.6340360720430738,25.041531335961565,8.8718347517773282,14.469961687504934,-8.343668807991321,-13.256868184045857,0.27710937723895995,0.41742857192828819,0.3286530454746599
2370,2017,115.07552638548404,40.725186287628389,7,10,23.454481248039247,7.857147216796875,165.22176500910064,166.66602217645413,-1.4442571673534985,166.72881315492486,-1.5070481458242284,175.02987789598774,125.52027717251258,480.49541527032852,204.42786403481915,149.74034525832187,150.18045991002148,173.55838603365595,169.58337903914537,201.99845815009411,199.50461574583491,237.96564037702072,231.18778806553007,257.31214814900744,256.44646627726968,-0.50713328602964225,2.3422408447952989,1.4430953820420598,-0.89914546275323914,-1.0584412573999202,2.7512130784583348,3.8096543358582551,0.81599569995810839,3.4806589658122959,2.6646632658541876,-3.4226874250302899,3.3791885269441764,6.8018759519744663,0.92467545555064135,1.7341315030749911,0.80945604752434974,45.908385844744771,70.603700231440598,-24.695314386695827,71.677409658714168,-25.769023813969397,49.950941338200209,39.850378428323893,107.80500144921825,204.07968882078299,155.36986682363442,154.65458246280178,171.29187331819404,175.65267818370583,206.01619689286247,201.71273693400832,228.05997781689337,226.50555216730157,258.96056044848393,246.44215522881075,1.7455886510562095,2.7621989563605496,2.8503208400436222,0.08812188368307261,8.3811178265619901,4.5664801224926919,-3.8146377040692983,0.59235928931738613,5.6625058961995478,5.0701466068821617,4.0985015905059754,6.1007316213031118,2.0022300307971364,-7.5402308983000523,5.16180163093955,12.702032529239602,119.31337868006813,96.062319120888787,23.251059559179339,95.051404569094302,24.261974110973824,125.0789361480056,85.669898328596901,372.6904132142663,204.57622347201118,148.73484404426341,147.65063183608999,175.029653130046,165.79735767377579,201.51589304201778,197.37547326972742,242.22733063553127,237.06680207547046,256.91190394783985,262.61533362328157,-2.2835935926184447,1.292647879507939,0.95246007937177524,-0.34018780013616379,-6.877833790353634,0.98822134162620046,7.8660551319798344,-4.2837095174346871,0.73370223576520743,5.0174117531998945,-4.8845729576838437,0.021275836216716471,4.9058487939005602,4.9689476186836714,0.0035853040510573919,-4.965362314632614,2.2527219370858518,4.0291822436746543,0.41995811156525065,1.4695510768526105,9.4395590839619103,15.258951616915624,-0.22363641064072226,4.8760688067520732,7.5211890155362653,8.9830745481898191,-8.4649063538506937,-12.509178516983724,0.22436218540933789,0.28538522644621722,0.31748159999323716
2372,2017,115.57552867262496,40.725186287628389,7,10,23.454481248039247,10.699996948242188,212.29494854527729,198.08739002708899,14.207558518188307,197.46966905024601,14.825279495031282,221.86664015281258,148.3362276708649,531.65760164707899,198.9721740889739,144.60267573250138,139.33328949736006,168.32259105802507,161.27574851385012,197.21514871005479,192.35442436271242,230.80915700864443,224.67559544701442,252.42119113815522,251.25728258676759,-0.38644451854327144,-1.9908570375569354,3.4367668534114273,5.4276238909683627,-1.5289713320779867,5.1076070367821842,6.6365783688601709,0.85200502652540422,5.8712210653705483,5.0192160388451441,-0.62418590847266842,5.44152218740183,6.0657080958744984,2.5493361243957224,3.7135593529964126,1.1642232286006902,110.28811421658611,95.258985923788714,15.029128292797395,94.605545022579463,15.682569194006646,112.14881006184351,66.851165087648042,190.16102389560547,196.65911735904282,147.06814159022244,143.67220689635826,167.98517032389535,166.27799923203489,196.22663238380707,192.97133021617111,222.48965973887604,218.08134380042262,244.9948824103881,238.22400692860873,3.1257436308757462,3.1171096896101744,5.6746984923306343,2.5575888027204599,5.3878286688866979,7.4013299867449973,2.0135013178582994,4.9904939165143674,8.4434993575334261,3.4530054410190587,4.301053560933866,8.9109835335546563,4.6099299726207903,0.74204203007988667,7.8726360298977909,7.1305939998179042,102.00683369539183,102.82840484239568,-0.82157114700385137,102.86412445682072,-0.85729076142888516,109.71782925277876,81.485062911042405,341.49657730385661,201.13760759035935,144.17783892345832,136.22365008818895,169.003353869119,156.46764506768318,198.22102578174369,191.63310727106747,240.18421527599233,233.92339273100703,254.99717787849417,259.941412355468,-3.83303808179096,-3.9096537255097132,2.258725254400332,6.1683789799100452,-7.5347231304995717,4.3283219264661739,11.863045056965746,-5.6293128157666104,1.6889081769323582,7.3182209926989685,-5.0810256563303255,1.2168871973293562,6.2979128536596818,5.7482070193470065,1.2662115042089113,-4.4819955151380952,3.5121881494190177,6.9587817126667062,5.1079667271671099,7.0267634151198877,6.9168000009646846,12.92255179938627,4.1384888899889631,10.619806732280978,4.9252394694065345,9.3820792172641916,-1.8072940943158358,-5.0061649892671198,0.35767573586173745,0.50547847114194377,0.45067321811621375
2384,2017,122.32555954902745,40.725186287628389,7,10,23.454481248039247,-4.6363677978515625,93.61517887764785,99.48460591242474,-5.8694270347768907,99.739800005292636,-6.1246211276447866,134.39405280470601,144.53517335120341,457.00370478257537,213.17095236645855,161.18855812752213,163.90042190093354,186.41449205914452,182.8717743677901,212.51513986137925,211.55201526295789,241.44944684526541,239.7621787474223,265.81266427657846,260.9772948660771,-2.5248039666498983,1.9346933886079398,-0.79791560931971617,-2.732608997927656,-4.6404500709606964,-1.2520944237737979,3.3883556471868985,-2.8929630506577553,-1.8969693844925928,0.99599366616516249,-3.494308776239933,-1.859119645196273,1.6351891310436599,-5.4544559463906808,-0.86013092186738049,4.5943250245233003,60.071925924334209,63.806638153349923,-3.7347122290157131,63.969017722425633,-3.8970917980914237,74.627878751229673,73.133910480129998,157.59745601876057,210.40831290160205,170.3614597093754,175.88696296316229,189.57893418180504,194.64288812400801,210.34462856558702,216.88299611756261,231.26208325743195,239.88979658198267,249.90791870477923,257.7632766834426,3.1640220260583192,3.2931489794510185,-2.8639907010894774,-6.1571396805404959,1.6884447634094215,-3.5498090676930474,-5.2382538311024689,2.6341153581143146,-3.650147076481602,-6.2842624345959166,4.7877775309756316,-3.6542020087897527,-8.4419795397653843,4.9376500373588783,-3.0691199514984078,-8.0067699888572861,33.543252834104351,35.677969167911215,-2.134716333806864,35.770782878913451,-2.2275300448091002,59.766174117145056,71.401262937197316,299.40624881908298,216.28310091151727,155.00414991135366,158.12309906859673,177.67418019901942,169.96259279424183,217.82930881805922,197.48045261769713,259.59388523933416,239.46057794568844,271.95269079897037,265.42930073375038,-9.3921638112060464,4.3073018442210014,-0.59208803721080017,-4.8993898814318015,-6.3654855044592011,-0.50303375582444687,5.8624517486347543,-16.323437822815151,3.0863135762302534,19.409751399045405,-18.704339020921424,2.619894785905899,21.324233806827323,-6.4304153370600261,1.6769955260641041,8.1074108631241302,5.6888259927082174,12.556185837264366,1.3584555908430787,-1.0141528647699829,6.3288948343701179,8.0539302678686226,5.5270784087720699,18.957553180929466,8.2820863072155646,23.492116551897055,10.392105983749559,11.368065374418904,0.34484940574768275,0.55529152662487802,0.50599386145560032
2407,2017,111.57551037549754,40.475185144057932,3,10,23.540999287696838,3.25,122.96782141923904,123.35155582427979,-0.38373440504074097,123.36823904514313,-0.40041762590408325,141.72118353843689,109.15166230912291,445.17744706571102,211.25834478142494,167.3831334066856,165.93934338849203,183.53664146434812,183.13244690348566,209.68238504363373,208.63808107054928,240.35174255227375,235.50462083276173,260.34566262694312,256.71802765525632,-0.21166528388101824,-0.64328660206942345,0.60948196731050075,1.2527685693799242,1.3032278880372985,1.5600154216609496,0.25678753362365114,0.42629242075838647,1.6466011007595966,1.2203086800012102,-3.5151350517011792,1.1719900522562625,4.6871251039574418,-3.0201761064624861,0.59765242254530904,3.6178285290077952,50.679496631026268,65.526188492774963,-14.846691861748695,66.171696543693542,-15.492199912667274,55.327116530388594,43.515471557473575,122.1039715091465,208.35038388622607,167.89255458884253,169.06492800275174,184.62341527183821,186.35693975924815,207.36213791814521,209.31824540928102,226.93739990001106,231.39062896123548,253.69887305581528,250.13351731759099,2.6430007098326769,3.3030580751218679,1.6399557049633984,-1.6631023701584695,3.6887777667185162,2.388322045833803,-1.3004557208847132,2.832036678842428,2.3373131867639643,-0.49472349207846378,6.901573699496339,2.3275104570128349,-4.5740632424835042,-2.8721972618604639,1.9153146520210669,4.7875119138815307,72.28832483291626,57.825366079807281,14.462958753108978,57.196542620658875,15.091782212257385,86.394067168235779,65.636190651066499,323.07347574084997,213.14895769949592,167.18676772076176,163.07519659763622,179.92544466766202,179.45290246301616,210.22969417025351,207.92231748508217,247.02617559006981,240.69029038104884,263.16727856607889,261.87061887292305,-2.4918872715937255,-3.4170027406178463,-0.83103757039043558,2.5859651702274107,1.5950944839078716,0.6139178220044812,-0.98117666190339037,-2.3038159258191797,0.8884508461156031,3.1922667719347828,-6.3928603926223673,-0.34984367510119796,6.0430167175211693,-2.8266278349812524,-0.33364781400689481,2.4929800209743576,2.8546659937136951,5.1348879814264023,3.9463446771912913,6.7200608157397141,2.3855498786812177,2.0936832828106446,2.4057442580840416,5.1358526046616078,10.416708751197518,13.294434092118706,0.14797884460202226,-0.045569426879211505,0.27428157538969666,0.39039411857143475,0.39866980160353038
2408,2017,111.82551151906802,40.475185144057932,3,10,23.540999287696838,10.863632202148438,177.66902071237564,176.63145411014557,1.037566602230072,176.58634173870087,1.0826789736747742,186.26255877663789,103.38193552813391,472.22813205048442,205.80373983641729,151.32012650041986,151.89153033915542,174.77590085641143,171.55819309634592,203.04875059920991,199.82263981933559,237.5685018034828,231.13000058770697,261.99645947216493,257.39756794689441,0.18399026292232179,2.2469471005315143,1.4155781200689432,-0.83136898046257102,0.91857243162451141,3.8918016942805025,2.9732292626559911,1.8718196192714061,5.2920522827878358,3.4202326635164297,-1.9695704389273203,4.4824793195670054,6.4520497584943257,-1.6871760359546215,2.8029049944151438,4.4900810303697654,80.91856574267149,77.46286928653717,3.4556964561343193,77.312621653079987,3.6059440895915031,84.929845606931849,34.738472487777472,151.8513850858435,199.4789261256654,152.43451992767126,150.70307096256067,169.77223832988568,169.33871463342331,197.10844941478194,194.5508808857237,224.53678879653143,224.60279250526958,251.08027430677393,250.01559799356124,3.0870449418301007,1.1548637314250243,2.4405636997228726,1.2856999682978483,3.8061779578843868,3.490904874446386,-0.31527308343800087,4.6608247066958199,5.6278147047332254,0.96698999803740548,7.0949098685419472,6.213168475180936,-0.88174139336101121,1.7163775944000577,4.389310931960523,2.6729333375604654,96.750455021858215,99.168584525585175,-2.4181295037269592,99.273720562458038,-2.523265540599823,101.3327132218601,68.643463185642759,320.37674717977643,210.25659810640059,149.57112297310368,153.08139193226117,176.40355327553448,172.98434108460972,211.01360370962678,202.90847608218837,247.39460900095742,236.06509487130489,264.78935070528411,261.56585639622506,-1.8705166829161044,4.5803232473932383,0.55740732648368407,-4.0229159209095542,1.8657853321220443,3.8933392967290104,2.027553964606966,-2.7164502877491827,5.2173061273159931,7.9337564150651758,-8.3765770701774329,3.1132465299042167,11.48982360008165,-2.6301227034367685,1.8995362607121251,4.5296589641488936,2.9030546789077789,4.9575616247462051,-1.09208336910649,-3.425459515968214,2.8876055262598754,1.9403926257623425,2.7890050874244139,7.3772749944450027,9.0644803074692675,15.47148693871938,3.4035536303546792,4.3465002978368261,0.32156361465904693,0.45596842524201509,0.33602072074113853
2410,2017,112.32551380620893,40.475185144057932,3,10,23.540999287696838,5.826080322265625,166.68603703036933,170.51771943324638,-3.8316824028770498,170.68431530093221,-3.9982782705628779,177.8976467203338,122.46657805230643,479.68111224472523,203.70806267653145,149.33944750506333,145.76536643719672,172.27940353629722,167.92937267625965,201.49716192907158,198.19230608697714,237.13925658381336,229.51557110638538,259.56051749824724,255.07492326278594,-3.0817193295667948,-3.2064067335372499,-0.07472627436581547,3.1316804591714344,-3.3109732347126624,0.97174589683089607,4.2827191315435584,-1.2510381338283025,2.0632812810328858,3.3143194148611883,-5.6149654321707487,2.0478500324066715,7.6628154645774202,-3.3043489206069694,1.2642395697821485,4.5685884903891179,68.705448360218725,79.565574816168009,-10.860126455949285,80.037753837401397,-11.332305477182672,77.332839243710623,37.29437201573819,131.42589124361984,194.65822177735609,144.84243302739429,147.00886604348946,165.20046452568468,166.08798781708086,193.41670871381692,193.84160760141438,223.68228703145553,221.89793314983919,251.64497159668869,244.07048373897754,4.3378651401437764,6.1478432482693108,3.5249029719998646,-2.6229402762694463,6.0378078838025999,4.2033924404207141,-1.8344154433818858,5.3401103644726788,4.3702764785998625,-0.96983388587281638,2.7866559489434337,4.5396196189245472,1.7529636699811135,-4.5925055420336491,3.6725409262288338,8.2650464682624829,97.980588632897707,90.952145635541456,7.028442997356251,90.646561821158684,7.3340268117390224,100.56480743937027,85.172206435174303,348.25522133708,209.29315329194148,152.35540750889871,144.44227224695572,176.89152909174942,169.15048406511497,211.38136438213277,201.82772419731467,244.57287771858529,236.48228268016371,263.20141498056387,260.69321899954178,-7.386012882424609,-7.7947230053759426,-2.2223352995940502,5.5723877057818925,-10.137876065457277,-1.6589788639814742,8.4788972014758031,-9.6486904335833401,0.39817704967904888,10.046867483262389,-8.3943460211816898,0.1185240115705426,8.5128700327522324,-3.6405778040254972,0.094706259380586744,3.735284063406084,7.4195844697105713,11.723878022568385,9.3542499818065608,13.942566253645253,9.3487811185152623,16.175683949259877,6.5911484983009814,14.988800798056019,8.4016213811141824,11.181001970125124,-1.2881566214266797,-0.95192773800815189,0.27398596252538826,0.43470411593067709,0.30452693795207925
2411,2017,112.5755149497794,40.475185144057932,3,10,23.540999287696838,-0.4782562255859375,130.09337661789687,138.68907003950153,-8.5956934216046648,139.06279376272869,-8.969417144831823,155.64028082830009,110.08040326853734,457.18509362637997,209.11310672493815,159.72348218067796,159.29176106583355,179.25195808629286,178.75321135672877,209.86206628329882,206.27491582605145,238.40205170826528,233.96077873746989,260.23829683127872,256.18642142317822,-2.421638288008694,-0.40550987523522508,-0.13952822605594406,0.26598164917928102,-0.69280737677817683,-0.19014174345562651,0.50266563332255032,-3.8167675124114169,-0.22095941732817437,3.5958080950832425,-4.635947970284974,-0.17996966973501571,4.4559783005499582,-4.2582880423563836,-0.084306188675498106,4.1739818536808855,52.944601159371814,66.63349301607559,-13.688891856703776,67.228662491021169,-14.284061331649355,62.957113252366071,42.367163190900101,134.03812720556743,206.34507167961982,159.53133371098554,160.55969626933083,180.50209744061226,180.24571938632465,201.3513044014677,205.36225353533791,230.23118854702096,230.707967654333,254.65593720413838,250.26619413285434,-1.0377186306270119,1.523339595943412,-0.14160651036485206,-1.664946106308264,-0.43795669451571939,-0.27707798174500908,0.16087871277071031,3.2615931791544597,-0.33773268446478255,-3.5993258636192422,0.15713900868905739,-0.34623703130691297,-0.50337603999597036,-5.7552733290754645,-0.35219957889009379,5.4030737501853707,77.148774974237313,72.055574201274794,5.0932007729625184,71.834131440155033,5.3146435340822791,92.683167178623989,67.713239953771335,323.14696583151817,210.93073653679599,160.86738351062976,158.37934483795411,178.60179452027793,177.56986867151303,210.90273342469618,207.03410247759518,242.18994389764796,237.44316430844339,264.356144783334,259.9778216193485,-3.0785602111378694,-1.4759920581808501,-0.074279737065836571,1.4017123211150135,-0.090980727770102021,-0.18727543203775099,-0.096294704267648967,-4.2381817770881014,-0.18998620553767864,4.0481955715504228,-4.7183982684566672,0.025147591811702341,4.7435458602683696,-5.5994558191610508,0.018004203532143492,5.6174600226931943,1.3839196573816821,2.0408415805108575,1.928849471178637,2.9993316541242621,0.25485068226245744,-0.34697596674561737,7.0783606915658766,7.4997749562425611,4.7930869789740314,4.8755372771457246,-1.4969852867190809,-0.15581750991441368,0.29318131556385746,0.40450398134284637,0.38487470914824751
2412,2017,112.82551609334986,40.475185144057932,3,10,23.540999287696838,-0.76190185546875,138.9390034113967,143.94777177930882,-5.0087683679121255,144.16554368730795,-5.2265402759112476,168.68592175118465,102.79427410644348,452.74569071084261,204.74787174031039,152.20921091861675,154.69127161603464,174.2764234847246,175.43407933487583,201.55214809267491,203.76190864723679,235.70092154657422,233.42376090354034,259.86823481297694,256.85999216290151,-0.2069552636089611,2.4027775794128843,-0.1035899631921211,-2.5063675426050054,0.78659817652459196,-0.33688745555173227,-1.1234856320763242,1.9912705240390949,-0.25864998359151059,-2.2499205076306055,-2.5814824434276886,-0.29003834052969069,2.2914441028979979,-3.2020517912008586,-0.13784668205397566,3.0642051091468829,65.237721792542288,65.265507224801695,-0.027785432259406662,65.266715947074772,-0.028994154532483662,77.677163000844303,45.253886468517521,155.84381134214345,202.20796679625749,153.89862292760426,155.02683170299275,172.01382364769162,175.71087874111583,199.15182669494422,202.29181409564899,227.6898189618087,230.27255311270585,251.26563014893637,250.90475795722139,0.74778571803182103,1.6395227193638959,-0.3523093454844286,-1.9918320648483245,4.4949946827680378,-0.35495795013389397,-4.8499526329019318,3.4933857094549694,-0.48441987473924542,-3.9778055841942148,1.6087559309289361,-0.52907586079092539,-2.1378317917198615,-2.0086404568603484,-0.37767422077087076,1.6309662360894777,73.701281782767182,78.682262877062385,-4.9809810942952026,78.898828097861042,-5.1975463150938594,91.008758958956605,57.540387457715042,296.9018794670701,206.84975630653383,151.45836399801908,154.20040395446691,174.84407737254188,175.29513779545755,204.2033241253921,205.10088092979063,243.23080758467293,236.45477210838428,264.60617988298503,260.32129482886813,-0.97813584513284013,2.4755978030723611,0.29525827957675688,-2.1803395234956042,1.1030199102366112,-0.33653990845067483,-1.439559818687286,0.67516243313937707,-0.22354894071045806,-0.89871137384983513,-6.7926590673150145,0.010465862998330522,6.803124930313345,-4.8845119490014213,0.088219180950829923,4.9727311299522512,0.95474098164078214,1.7259215631646612,-0.76325486004898835,-0.83607508370846517,3.7083965062434459,3.3919747725314267,1.5021151854158745,2.8182232763155923,4.1902383743566247,8.4014149982439505,1.1934113343405102,2.8758714921410728,0.34421931459459659,0.46048397041348704,0.44023742433024154
2413,2017,113.07551723692032,40.475185144057932,3,10,23.540999287696838,1.6666717529296875,129.48504529476486,141.83439663620084,-12.349351341435977,142.37132647179533,-12.886281177030469,154.76124569684725,108.89705198344745,442.01238569617271,205.83192280618712,156.13602034502316,156.95807340241691,177.34915549400944,175.91283591686602,202.23650790554098,203.24921812111197,236.64747696352779,231.86308718098155,256.78241258911714,254.07315988306559,-0.97879694827747699,1.1669689201519873,0.34051856563539218,-0.8264503545165951,-0.57665904383077304,0.72961477553613463,1.3062738193669077,1.6650820830124928,0.78561734331432831,-0.87946473969816452,-4.243578948363961,0.60686131772462204,4.850440266088583,-2.6424580447983033,0.26739348758459869,2.909851532382902,50.568520190220624,69.695674578335456,-19.127154388114832,70.527290303318296,-19.958770113097671,56.702564437868205,36.821905870066075,122.61227430705912,203.25812649485889,159.7233787462828,159.24195199196194,180.05341797147338,177.89753920430545,198.3096504465519,202.55289556573032,226.1703418276276,228.54863717894048,254.21978732780062,248.39214533427884,1.4459038793652326,0.39036892475891705,0.52700864079869802,0.13663971603978098,-0.16625688310946884,0.94162346882706061,1.1078803519365295,5.5020436110125388,1.0817966512197756,-4.4202469597927632,3.663403617257643,1.1088408761708877,-2.5545627410867553,-5.4266094702047667,0.88872503003378256,6.3153345002385493,78.916524731837853,72.138723488376854,6.7778012434609991,71.844036824128125,7.0724879077097285,98.058680856470346,72.075146101451537,319.40011066198349,207.24676750644764,151.56671623508959,155.35209422633454,176.5878314473959,174.35596608351133,206.77702764451507,203.96733927439303,241.9856355381408,235.58426385890695,258.32806413713712,257.62043839742097,-1.7226528415934013,3.6693724340218807,0.36355802169077833,-3.3058144123311024,-0.58590326308771523,0.62054014541996594,1.2064434085076812,-2.2853614220016425,0.40974942964268735,2.6951108516443298,-5.6926581102301554,-0.0096246695330819421,5.6830334406970735,-1.7344340696048448,0.047588347093778793,1.7820224166986236,2.4247008276427096,3.1685567209586338,-0.77659999539307023,-3.2790035092629637,0.4104021607213042,0.41964637997824639,3.836961528000046,7.7874050330141813,7.906982565621604,9.3560617274877984,-2.7841514254064634,-3.6921754005999219,0.27739556237534813,0.36638736127091881,0.33813501099793841
2414,2017,113.32551838049079,40.475185144057932,3,10,23.540999287696838,-6.5,118.75881252720683,122.52740216946768,-3.7685896422608494,122.69125384286235,-3.9324413156555238,160.5404279036793,113.39139685446025,446.92495683580637,205.14115954686116,154.93930735286969,158.72509076420627,177.0019554374386,179.43278777207837,202.08711658168289,206.86248775024023,235.14886810858783,234.07584232102013,255.7788780787306,254.58887696206295,-0.55487344486385837,2.8891440816932459,-0.89090884197941023,-3.7800529236726561,-0.1916580920722879,-2.5946259304408557,-2.4029678383685678,1.7443319503132955,-2.8068738090493355,-4.5512057593626309,-3.6855631287088499,-2.5388014436312858,1.1467616850775642,-2.7479711972143548,-1.4666782963228968,1.281292900891458,50.660563536681821,64.756971236980462,-14.096407700298641,65.369858762269359,-14.709295225587539,61.390416982345869,47.838333343862814,133.50826145062456,206.42460549424206,164.45653130380299,165.14998731665725,186.58360154437386,185.24952335790164,208.01209052986391,209.48911510113427,225.99235242277004,233.31639633400235,249.37644292189952,251.36768619938422,-1.5101587036944863,-1.7090785502843175,-2.9253739908882608,-1.2162954406039432,-4.9768108486442202,-4.0382433146911012,0.93856753395311898,-3.6099705665704676,-4.5389686286585516,-0.928998062088084,2.1449929646036026,-4.6246897133064806,-6.7696826779100832,-2.1245925078646621,-3.3175373981486871,-1.192944890284025,68.098248931597482,57.770430964998013,10.327817966599468,57.321395351522369,10.776853580075112,99.150010886620294,65.553063364972331,313.4166951328516,204.28999629417274,151.18758244613559,154.84206857313541,172.83226816445742,173.54213247265895,201.00165497328629,203.29679650182874,243.05573402293803,235.23096132294154,259.02046893035492,257.37218009091504,-0.15532696977996352,3.8921780360443847,0.1514166354125166,-3.7407614006318681,0.37991883709759122,-0.3739545214421014,-0.75387335853969262,1.5735280709125448,-0.68661743243143292,-2.2601455033439777,-8.2970818089082456,-0.18965653255560255,8.1074252763526431,-3.159497543247511,-0.21671011671668339,2.9427874265308276,-0.95528525883062798,-1.3548317339145228,-4.5982226319775634,-5.6012565863287023,-4.7851527565719323,-5.3567296857418114,-5.354302516883763,-5.1834986374830123,5.8305560933124525,10.442074773511848,0.62337868934969265,1.0349050353828488,0.29872635083046734,0.38239848855503711,0.42188679803692791
2415,2017,113.57551952406125,40.475185144057932,3,10,23.540999287696838,5.9473724365234375,153.95175325252058,160.95399252204516,-7.0022392695245799,161.25843824834737,-7.3066849958267994,167.49667809523817,132.4941496187439,435.68170164525509,200.8871033566933,144.37134528715097,137.760255047252,168.57285518100497,160.97066304386826,198.78097201936194,193.82730359749993,235.02859245482051,227.50071513703534,257.08214193151525,254.58334998456257,-4.0736101958361246,-6.0518012785438202,0.30963244443748295,6.3614337229813032,-5.9082522057884148,1.6915747929303109,7.5998269987187257,-2.6068388951207453,2.3292211831246732,4.9360600782454185,-5.0988613760720511,2.2314917581223312,7.3303531341943824,-1.2765519996532078,1.4384779801891341,2.7150299798423418,62.119788675096061,70.358125792532519,-8.2383371174364584,70.71631434604933,-8.5965256709532696,65.004635216954739,38.564805273781985,112.39096804149449,196.41495798549622,147.52268777339796,145.75294095823736,170.40648526159907,165.8123507370014,196.02813145943932,192.10141726035371,221.06748295305979,218.65910179447073,244.54745191202687,240.75643783819518,1.1979544127773352,2.741153763357886,4.1104583144191338,1.3693045510612478,0.6706437343389382,4.8459510953867664,4.1753073610478282,1.5666165632066225,5.0747156912778735,3.508099128071251,2.2849348815556993,4.942719744496145,2.6577848629404457,0.2698668600826295,4.3676475147867961,4.0977806547041666,91.831964270088065,90.595865809562383,1.2360984605256817,90.542122646678763,1.289841623409302,102.49204272740917,93.929344278494682,323.29073322564363,203.24518458369914,143.74126118945935,133.10925326072359,166.62482072901159,156.75628460062896,204.2195157856724,195.60512005093517,242.3086370973358,235.38800760579821,259.75130724045005,260.97357513261471,-6.6503619677818335,-9.2778419878887632,-0.057124766713059216,9.220717221175704,-8.8272525987497659,-0.79171868850104943,8.0355339102487164,-8.9962568927103064,-0.58694006497393048,8.4093168277363759,-6.7064527395175162,0.089243915203326196,6.7956966547208424,0.83195848984854592,0.14282146696734799,-0.68913702288119794,5.2715646086134598,7.8483163805591687,8.7929550419017062,12.018995751246649,6.578895940127353,9.4978963330887041,4.1734554583273678,10.562873455916929,7.3837962576277505,8.9913876210732155,1.5464188597358373,-0.56209162976591642,0.25796577551243255,0.38809507123474579,0.29106798590544131
2417,2017,114.07552181120218,40.475185144057932,3,10,23.540999287696838,11.210525512695312,185.87741629591255,187.18966046772039,-1.3122441718078335,187.24671540615964,-1.3692991102470842,190.11040141962712,109.78151860005164,481.84267987310886,205.15035890072465,151.93612609668412,151.41473946554842,176.34887048650259,170.72620849474359,201.26916154656328,198.91113878018913,236.3269692727371,229.20424994591912,259.42052146017619,255.00712168506206,-0.043206380037389636,1.3980430843799638,1.8565916421650002,0.45854855778503634,-1.0415675163881133,4.6687144036046959,5.7102819199928092,3.1438910621169782,5.7676102462923495,2.6237191841753713,-1.9792843056968934,5.0092429684069941,6.9885272741038875,-1.5222201762021541,2.8768651146860122,4.3990852908881664,57.607372721721731,92.400426014422919,-34.793053292701188,93.91316934810493,-36.305796626383199,61.651900909184405,44.614797472285318,140.80587347230176,212.08566940317434,155.93551651776949,156.19583843931491,182.15469641204476,176.48954147885908,212.73004736769025,199.743289910779,250.55336209555216,223.98941180682382,264.54015159266373,244.41456910111773,-5.045511555484353,4.1785310350070688,4.3025576503463583,0.12402661533928949,0.61854926656957332,7.5965477162694697,6.9779984496998964,-5.5842669693268761,8.4717138141650992,14.055980783491975,-17.486901012639407,8.8332139581169713,26.320114970756379,-13.152592364088463,7.5651729090630226,20.717765273151485,128.27004405338084,94.789233116898686,33.480810936482158,93.333545963942015,34.936498089438828,128.45850098963274,65.166721160803718,341.03680694103241,201.34407507894431,151.31720846060506,148.50648216000005,174.90496780971759,165.66033136710021,194.67852417329775,197.84419199440836,230.25310722960322,236.92330052185721,250.48201729651984,262.52539860793104,1.1618692163326045,-1.4873136315746649,0.4529963801871304,1.9403100117617953,-5.8551520613597461,2.2782773859935617,8.1334294473533078,2.9680542975344508,1.22904452803661,-1.7390097694978408,6.1575551338019068,-0.19264741042459832,-6.3502025442265051,11.223223539607517,0.82334013112324556,-10.399883408484271,-5.0023051754469634,-6.2073807718169576,2.780487950627105,5.6658446665817337,1.6601167829576866,6.4737013279293194,-8.7281580314438543,-8.5523212668613269,-15.507616706942514,-23.644456146441314,-11.630372187886309,-24.37581590369598,0.29222374719770022,0.32429525396194037,0.40639624994460888
2418,2017,114.32552295477265,40.475185144057932,3,10,23.540999287696838,8.649993896484375,179.88254497594244,181.85483330572242,-1.9722883297799854,181.94058416109328,-2.0580391851508466,186.48305514683307,104.90114456727133,462.77222650498152,202.40299587218672,148.79092121501478,145.23214352456418,172.25304905818743,166.32426302072011,198.34128097766853,196.38664669174668,233.31841149588337,228.49614398946309,258.43881585477783,255.67144637967476,-1.5337072637929907,-2.3436425946030113,0.65601212542733833,2.9996547200303496,-3.7442451832757229,2.3342954856986751,6.0785406689743979,1.4102102152191378,3.4612896275327785,2.0510794123136407,-1.2932056130674994,3.5373565454563334,4.8305621585238327,-0.82815738636008973,1.9731328225392417,2.8012902088993314,58.293529908629353,72.524037896948357,-14.230507988319005,73.142756259132511,-14.849226350503159,63.498576089950802,38.962129524501051,123.92629962624051,204.56037327053639,153.17909128150845,150.43728056405089,170.53977124854887,172.38811121906068,200.27852702538405,198.69495028701112,232.53344702599128,223.9649972413095,263.2861243095374,245.89190015961202,0.075757538388160128,2.1343968540502942,4.2499723584476214,2.1155755043973272,8.4706961846648596,5.8589794409720355,-2.6117167436928241,5.2671234510952445,6.8442267948851168,1.5771033437898723,-1.2523551379707953,6.653763217498124,7.9061183554689194,-12.900585322418038,5.6607752926536818,18.56136061507172,121.58901459746085,109.33079537897174,12.258219218489103,108.79782769930534,12.791186898155502,122.98447858703003,65.939015113923233,338.84592677652836,201.23296470597126,148.47984571937104,142.53072583357101,174.08126538769466,162.38196109941481,195.59226515579547,194.18773329408521,233.6950317138824,233.47487702413474,253.42867034363539,261.23813660234094,-2.3269281487677347,-4.1831475020244682,-0.27982094715707717,3.903326554867391,-11.014624658131851,0.1961025539646073,11.210727212096458,-1.2637836348305029,0.19110368398082755,1.4548873188113305,0.6311949829651553,-0.30337470630271923,-0.93456968926787454,7.122310565853212,0.078411537534350373,-7.0438990283188616,1.6094648021811508,2.4026856871558948,4.4780394486533055,6.3175443560747624,12.214941367940582,19.48532084279671,3.8569132358761067,6.5309070859257474,0.040850475096704031,-1.8835501209359506,-12.072427936057949,-20.02289588827125,0.26779113466288906,0.34050587620389039,0.37141758257475727
2419,2017,114.5755240983431,40.475185144057932,7,10,23.540999287696838,4.4285736083984375,133.9748548161042,140.25473971481188,-6.2798848987076781,140.52777795894872,-6.55292314284452,157.79011833920231,112.85544017150096,461.93928494304419,207.70114230882652,160.94709567316562,160.90033533806931,180.63978013441863,178.11593812735686,205.57885071279685,204.2332829345784,235.7767607965055,232.15547090350003,256.0978109088266,255.74529444026786,-0.28619831484400038,1.0177064741903621,0.66766461105152075,-0.35004186313884134,-1.2578810382562722,1.3299740656007657,2.5878551038570379,0.40398249985338452,1.7806686569482224,1.3766861570948379,-1.8974919303926754,1.5705841177996547,3.4680760481923301,0.40304426120849257,0.79969531818017003,0.39665105697167746,41.693938074705329,69.001144947849752,-27.307206873144423,70.188416520442843,-28.494478445737514,45.384534665167394,33.93671727451283,101.07372770700022,208.86512063548764,165.07352485738315,167.34173336373323,184.59221585026259,185.24607234497842,209.64344983355639,205.86114400654876,228.62347646009451,226.58378525335075,260.33511702644165,244.56311624829362,0.35071367268832887,5.319636432740225,2.2477399577322501,-3.0718964750079749,3.6708035160392001,3.2748053605867256,-0.39599815545247452,-0.5095903066551557,3.4924515390328565,4.0020418456880122,1.8667605269365311,3.4784539229875975,1.6116933960510664,-12.523385723807536,3.1570198307182409,15.680405554525777,92.280916515752324,71.253593183180783,21.027323332571541,70.3393620686129,21.941554447139424,112.40558357664486,78.918723156428314,360.86555759236217,207.21856794453132,158.69531844356209,157.46953865115788,179.88733641891747,172.27483680841192,203.72339534668805,201.67443335845095,237.6301968059006,240.17692608870891,254.64328237895222,262.66442590666196,-1.5403876614464025,0.20750416606716726,0.45194669746422278,0.24444253139705552,-7.1906324297233084,0.28124785634577165,7.4718802860690801,-3.9105804135699884,-0.76734620527429342,3.143234208295695,1.3820831368319944,-1.0392951031536768,-2.4213782399856711,7.2070541129479579,-0.60657377749930674,-7.8136278904472647,0.63691198753232925,1.8911013341347314,4.3019299585498629,5.1121322666730578,4.9286845542954723,10.861435945762508,-0.91357280650854022,3.4009901069148327,3.7642524573292064,0.4846773901045367,-12.926429985016028,-19.730439836755494,0.21880305702828959,0.28762596253083483,0.30070962660675321
2420,2017,114.82552524191357,40.475185144057932,7,10,23.540999287696838,14.125,175.84267771078521,174.64754768777857,1.1951300230066408,174.59558723362352,1.2470904771616915,177.36503112150604,102.23336144026689,444.52897905930877,203.10455050799979,149.25312654357396,147.66497271084847,171.67052262095035,166.13020336328637,199.11282333219907,195.35418177014591,236.49280221907159,227.13332970917918,257.82302636463612,253.7321533211713,-0.17315362295542513,1.623426117642623,2.6120357856540579,0.98860966801143491,-0.21330710263373476,5.3679915141362926,5.5812986167700274,2.7276956850107013,6.5694349803792704,3.8417392953685692,-3.1995063507533814,6.0880825775035987,9.2875889282569801,-0.2265881484186707,3.8531059067179001,4.0796940551365708,56.956634983464028,66.972830732234797,-10.01619574877077,67.40831833471384,-10.451683351249812,58.478988394184853,25.451853174344251,105.22819263488054,196.72793083722334,148.42157644780974,152.21109824284275,165.92736576973547,172.96646087229331,196.26373196940347,197.33061017818258,222.9465808036004,220.84111834130471,253.76207634113086,241.5079438646836,8.4867113562056034,8.2529264534810238,3.7846657749825567,-4.4682606784984671,14.308749931395852,7.2122815709691679,-7.0964683604266838,10.701225937463988,10.281114865313242,-0.42011107215074617,7.9349510785659163,11.073414478611397,3.138463400045481,-3.6087988474858719,8.8792133751213385,12.48801222260721,118.88604256340841,107.67471808803202,11.211324475376387,107.18726984265049,11.698772720757916,118.88604256340841,76.781507560601312,339.30078556761146,205.8397767854598,149.4396923265509,145.89265368599246,176.50417062027074,162.93283950238157,202.96964061403145,193.36056876408085,241.8606222866519,233.79929247365388,259.05264918902515,259.8708065612654,-5.0088300110212458,-0.31239471473918456,2.0229233985722601,2.3353181133114447,-9.070036553763714,3.4276451723433468,12.497681726107061,-7.63692607208705,3.0009892129764637,10.637915285063514,-6.9601698347593697,0.89402163798607148,7.8541914727454412,1.6143751783524181,1.647633395042476,0.033258216690057907,8.6598649791610285,13.495541367226849,6.6295003358384008,8.5653211682202084,14.522057034029586,23.378786485159566,7.9735302524532869,18.338152009551038,11.134457429319298,14.895120913325286,-3.3822106990672012,-5.2231740258382899,0.23671840890454313,0.32970979693355179,0.24895839103574141
2421,2017,115.07552638548404,40.475185144057932,7,10,23.540999287696838,13.043472290039062,187.3079767425661,176.36050522450751,10.947471518058592,175.88453107123132,11.423445671334775,190.75009787927775,121.53523004669114,500.89634964615107,204.20190264565878,151.37723097574437,151.11277455764838,172.71749321292282,168.72560477605134,200.90594103720881,197.36010128875296,236.64501116318462,229.15711972205665,257.44745646582379,255.42262301217332,-0.42132103815154665,1.8628648222847914,1.7441350468104133,-0.11872977547437813,-0.19699326061333977,3.7806826767276505,3.9776759373409902,1.2896893859866623,4.8260303438272558,3.5363409578405935,-2.9581532472336391,4.460691582382367,7.4188448296160061,0.44672549443566822,2.4766934175262065,2.0299679230905383,77.2957833546443,79.18713303502409,-1.8913496803797898,79.269366233926121,-1.9735828792818211,80.218782121992263,41.979612080107472,151.76331137807574,200.47403838151831,155.21815145304816,152.71058587190208,170.60789032464635,169.75633440393219,198.50579801430018,194.33565942685712,224.95467367224987,218.65894882634356,248.83965593627508,239.77384245084818,1.9113326076687827,1.2894524939747214,2.7805693057935059,1.4911168118187845,5.5451569616872973,6.0980321398906767,0.55287517820337939,4.0966084218420917,8.5737419669831922,4.4771335451411005,2.9061898197119831,9.6314666928768986,6.7252768731649155,-1.2297876705083297,8.5619244941303236,9.7917121646386533,110.01219395416592,97.173373918018115,12.838820036147808,96.61516481916442,13.397029135001503,110.53131632352961,79.555617641430217,349.1330389752984,206.59837984582438,149.34613800682791,150.08615073804731,175.41769569657342,168.00554570652994,204.98572811445359,200.49014376048308,244.24554068441225,239.21374166452728,259.45283779513903,262.29170207777224,-2.1606378974324514,2.8735544005283202,1.0443435817163618,-1.8292108188119585,-5.2354147203992341,1.7769807634583117,7.0123954838575457,-4.3508156667875824,0.97653953676172023,5.3273552035493026,-5.4737338397473536,0.15140393028735843,5.625137770034712,2.6213703722074797,0.914186845340339,-1.7071835268671407,2.3326536458203293,4.071970505101234,-0.57341232831007005,-1.5841019065535988,5.7421502223006371,10.780571682086531,2.8069190358554295,8.4474240886296741,5.8643430669456222,8.3799236594593367,-1.6765131649439979,-3.8511580427158094,0.30298346451373848,0.42054385824096019,0.34541105541150363
2422,2017,115.32552752905448,40.475185144057932,7,10,23.540999287696838,12,201.65112662998217,196.14476414764067,5.5063624823415012,195.90535829860892,5.7457683313732559,205.5381582447626,167.86074057022415,565.813381716609,203.65076347897454,148.77385599542703,142.66849219230969,172.85552389363889,164.55161055540549,201.49011141045685,195.07701478471955,236.62177132146968,227.48363996713687,256.95557280808845,255.05612568190139,-2.3271006986824148,-3.4112223395966907,2.5236445282154705,5.9348668678121612,-3.9004620899940505,4.440061038904787,8.3405231288988375,-0.45746872367405444,6.0151040903101887,6.4725728139842431,-3.6707351218547615,5.5083529018355648,9.1790880236903263,0.82135643491380961,2.7691006127885203,1.9477441778747107,107.9784104176033,99.673546704745604,8.3048637128576956,99.312465222614264,8.6659451949890354,110.46817117409591,73.828655564271969,197.69677014113404,198.55381558115442,151.39265616836687,149.38243441976411,170.99491115488431,170.59897997402916,197.99332854859736,194.64028294971658,224.81977873795748,217.91237956596208,245.05665285822727,237.31970479748577,4.8832461879157165,4.644961647779553,5.8993576103997043,1.2543959626201513,8.7573709127915436,9.1207228949058674,0.36335198211432385,6.6481535491793409,10.298345397066299,3.6501918478869584,3.7258405314770471,10.435064657189599,6.7092241257125522,1.7693562610623701,9.6724406466059918,7.9030843855436217,93.672716406093969,96.471217264082043,-2.7985008579880741,96.592892470013794,-2.9201760639198255,95.069987323986425,94.032085419356008,368.11661229655147,208.61819359448702,148.20451312647378,138.34840574352205,176.15474818483111,156.97584204780597,210.75676037220961,196.14880514834633,247.31418603559985,242.38789597887936,261.72147675661023,264.84422735247807,-9.4483204482036172,-7.5870674251306411,0.96225576698051896,8.5493231921111601,-16.404475415119123,1.8528550228902816,18.257330438009404,-17.659013730889939,-3.5479299690833273,14.111083761806611,-6.1141640736851457,-0.99790579788481182,5.1162582758003339,3.2913504735919332,1.5489354784527904,-1.7424149951391428,7.2103468865981313,14.331566636119334,8.0561839873762437,12.232029072910194,12.657833002785594,25.161846327910666,7.1056222728533953,24.30716728006928,7.3965756533318086,9.8400046051621928,0.94799982614856049,-1.5219942125295631,0.34940278284219095,0.53745821271078165,0.43982086170640911
2440,2017,110.5755058012157,40.225184000487467,3,10,23.627061005702974,-6.6999969482421875,166.86627422481615,149.90612643718123,16.960147787634924,149.16873082247184,17.697543402344309,212.12155504537623,128.12177504390638,526.78965913504362,204.97511268359943,152.57783209836418,154.17298910410338,173.55545089428875,178.37973202173868,203.75103508314751,209.28692069804075,235.65219468571564,238.1043748285565,259.76897022308032,260.47010565035703,1.1921945230910467,1.8341385189025914,-0.43731029857792691,-2.2714488174805183,2.6383389913792996,-2.3887248499044631,-5.0270638412837627,2.5693708265682176,-2.9914190084122083,-5.5607898349804259,-0.14078529575229481,-2.5884636122336531,-2.4476783164813583,-0.9238117483484416,-1.6563232116876065,-0.73251146333916495,84.384422545690541,72.950907323929641,11.433515221760899,72.453797773912811,11.93062477177773,107.34339543027181,58.23366566151708,188.59682400431484,202.43455899658565,153.14817161866267,161.40242892468302,170.94738673493623,182.96831620534115,198.79586143196727,210.233402349275,228.87466944985346,236.83314408500911,256.15841072652489,257.35805557598462,2.7509371709271875,5.5197014387361492,-3.5880632423794339,-9.107764681115583,7.7136906758215389,-4.5393001213765274,-12.252990797198066,6.1136303407645585,-4.8529168223674048,-10.966547163131963,3.2567515251092516,-4.9293624048301297,-8.1861139299393813,-4.6252647972861212,-4.2373408338122829,0.38792396347383828,82.481852334776704,76.955222099444654,5.5266302353320498,76.714932923388915,5.7669194113877893,104.7781603899648,69.888109597524817,338.19283640384674,207.3834620066003,148.4994282022335,149.55364947460077,175.18249014857062,173.74908740461743,209.32170110330648,208.32519949805081,239.92847764983776,239.43165112142015,264.07473364880229,263.09083665500873,-0.83409404279117894,3.6821522375329039,0.18998326866591242,-3.4921689688669915,-0.14856457900600617,0.37129257362343537,0.51985715262944154,-2.8729950859370206,-1.3821218667486903,1.4908732191883303,-0.86552227323201691,-0.28650000975977719,0.57902226347223973,-1.7756110562812069,0.091187959623312054,1.8667990159045189,1.5587426478361408,3.5850312137183664,3.6855629198335578,1.8375492012032453,5.0753516844422393,7.8622552548275451,3.5442595141963409,8.986625426701579,3.3975368208615464,4.1222737983412685,-3.7014530489376796,-2.8496537410049143,0.35801162899434907,0.50604661750339008,0.45451809921897224
2441,2017,110.82550694478616,40.225184000487467,3,10,23.627061005702974,8.899993896484375,179.78535858464602,163.12171835740446,16.663640227241558,162.39721310073219,17.388145483913831,191.28561799783711,131.51931655812405,508.17682123556733,205.31354789879393,153.33711040978133,153.4110046702678,174.42703074314105,173.17451533782346,203.3038571924919,201.49908859085167,236.23606223511868,231.74415403728551,260.16466274201127,256.097283205363,0.94002677994615169,1.7825794520883846,1.1704164652272482,-0.61216298686113646,2.0708827425853258,3.2598349993425586,1.1889522567572328,2.6792913774343674,4.5501650698366802,1.8708736924023128,-0.86175682341368542,3.7024611273171217,4.5642179507308072,-1.5255505156134745,2.4164156623485837,3.9419661779620583,82.968706771134748,74.882340627445956,8.0863661436887924,74.530758599543333,8.4379481715914153,86.113847738477489,45.453583675683149,151.68381536216475,199.56683072152467,153.20138946207047,156.62023666188492,169.01790648142875,176.10646710508067,197.42387891995557,200.06701253199972,226.53096178040315,224.21087218442315,252.09439156214327,245.01198211281812,6.9013106623520741,8.519825833293595,5.748380915836691,-2.771444917456904,13.090891484968239,6.4205060983530302,-6.6703853866152087,9.0414984938628322,7.0634442956178418,-1.9780541982449904,4.8632373094569346,7.0185708804663705,2.1553335710094359,-2.2200799880600641,6.1928006901911203,8.4128806782511845,96.816652022127528,88.239379655187804,8.5772723669397237,87.866454322374921,8.9501976997526072,105.17177065330907,86.065733477742469,356.49300671741366,209.26717001143379,155.08155831412714,151.03984173122527,176.94057010112317,170.79487049761096,209.78580927752489,202.65857160380136,244.51835317993417,239.24412567414004,264.3465369432671,262.47766529183576,-3.5005394684767168,-3.6170003191411695,-1.5356496467333898,2.0813506724077797,-4.1628237141273701,1.4076859858251112,5.5705096999524812,-5.8918788590317206,2.3274743679039602,8.2193532269356808,-4.7294521376487637,0.56995970357075976,5.2994118412195235,-1.5484900149887721,0.97510130301077425,2.5235913179995464,5.9612838824059224,10.401850130828791,6.7372463812052104,12.136826152434764,11.020008742382913,17.253715199095609,6.3622071164284648,14.933377352894553,5.72499413287062,9.5926894471056983,-0.69452947244658958,-0.67158997307129198,0.29848629261241166,0.45018464346572667,0.34560386158633399
2442,2017,111.07550808835663,40.225184000487467,3,10,23.627061005702974,-2.0555572509765625,152.91130376213914,141.34567076921303,11.565632992926112,140.84281832009219,12.068485442046949,189.33611094657499,130.84239545592936,520.11763241514564,204.71261665928358,152.70643107629579,155.05630277322396,174.50767635624248,177.04033613526843,202.48392548454888,206.39773480484612,235.29911325700087,235.25911556336672,259.83916574222116,258.00311710039364,1.0126990589183436,2.6115143254225188,-0.1831996663155735,-2.7947139917380923,1.7623792822567736,-0.87913568266569087,-2.6415149649224645,2.8595411230497518,-0.94837835685234495,-3.8079194799020968,-0.79800882313975308,-0.67636964373318165,0.12163917940657143,-2.2548359218618543,-0.47466459990863541,1.7801713219532189,72.531312112623709,68.370946528562854,4.1603655840608553,68.190060897706644,4.3412512149170652,84.226201813772605,46.568372943309214,146.46736273844726,201.02954317874793,156.60337240603246,161.56911482097763,174.96059025235067,181.18073801883844,198.74146343981425,205.2869198269704,225.24526136483945,231.15616267243928,247.76490437726306,251.21731575392698,3.4768017556151278,3.2978980462882816,-1.1807636393768917,-4.4786616856651733,4.5916395783056032,-1.5092913726972199,-6.1009309510028231,5.1371468422642579,-1.5565124120888356,-6.6936592543530935,4.5770001367750126,-1.616663664072945,-6.1936638008479576,1.1447091630344346,-1.4823423428239266,-2.6270515058583612,80.379991664416593,72.974727055314361,7.4052646091022325,72.652757362780903,7.7272343016356899,105.10990913280239,84.274022467088798,373.65026932582259,207.25626441012457,147.27085934586091,150.67656065129532,174.28628210791192,173.71116076664373,206.91604022625876,207.28505047512934,245.29757387364859,239.3499916271179,263.98364468556127,262.05314786288255,-0.70774489203620305,4.1963706808686538,-0.385512395106133,-4.5818830759747868,-0.34006488176279959,-0.21469383979791701,0.12537104196488258,-0.50630616540124151,-0.51519803030248568,-0.008891864901244162,-5.6473602038660715,0.0070670342401513153,5.6544272381062228,-2.4134592014025316,0.1905868971037421,2.6040460985062737,2.4641026966967843,4.1845466476513309,0.68638372086576283,-0.89847263458037219,2.8292602960488296,4.9317044600684028,2.2776057192145061,5.6434530076654994,5.3750089599147657,10.224360340641084,3.3995450848962889,3.5581683644369662,0.28160430181597934,0.44485017354950707,0.35591195637345602
2443,2017,111.32550923192709,40.225184000487467,3,10,23.627061005702974,4.9583282470703125,145.87975186276526,142.64684567518634,3.2329061875789193,142.50628348314785,3.3734683796174068,161.42247103408226,116.74091493985179,504.13591594994068,209.14165117335781,161.89310880818468,161.42750857648343,180.31116661842637,179.43568965117728,206.49640692306585,206.05720549648396,237.50912900950999,233.77841186074491,260.94827993445273,256.59503038580033,-0.30463358804311724,0.32869523842481385,0.52010244745824252,0.19140720903342867,0.85939023361515865,1.7372161272637356,0.87782589364857699,1.8077188927313159,2.4238779808321738,0.61615908810085784,-2.1862597382934439,1.5827952901834692,3.7690550284769131,-3.4960562305973326,0.80021083440880147,4.2962670650061341,72.02569506974487,72.43852085744038,-0.41282578769551037,72.456469713057231,-0.43077464331236115,82.348124011471555,37.690317478205088,142.65743775590454,199.82066641394451,161.69598910857067,164.8302990036733,179.17513789361217,183.01897785333085,197.21737547943076,205.60081567311559,223.7738171056979,227.20858764056709,238.97853531307953,246.76991795898786,8.4468892572378991,6.6030605148029338,2.8467268245709647,-3.7563336902319691,6.2859914853589771,3.776896709823319,-2.5090947755356581,10.892774044046632,3.8863616082124395,-7.0064124358341928,7.3219395616577287,3.9691431288604235,-3.3527964327973052,9.0207945659964253,3.1686664350267506,-5.8521281309696747,73.854056447809853,70.208324599194384,3.6457318486154691,70.049814932381196,3.8042415154286573,79.074346677400172,79.050596920858879,361.47847739607096,216.21755237035612,162.50468369652341,158.02677598312792,185.50594417944373,175.52536434780362,216.03274388387848,206.58248050592115,249.97381227589878,241.68002630779534,264.36128248896159,262.97958645704358,-7.8022488243089185,-3.1333836487796702,0.049182436640762717,3.182566085420433,-8.5309396905948347,0.43744620966245407,8.9683859002572888,-10.097295744897366,0.73236421296064691,10.829659957858013,-9.5988304208080706,-1.0231302108140028,8.5757002099940678,-3.0493983858035563,-0.43344663829071806,2.6159517475128382,8.7515228452810163,16.249138081546818,6.2743652763781199,9.736444163582604,5.4266012517438185,14.816931175953812,9.0850551513153164,20.990069788943998,9.5081992999511726,16.920769982465799,12.516850796593758,12.070192951799982,0.28297416082148374,0.51014040042841879,0.32285439511609276
2444,2017,111.57551037549754,40.225184000487467,3,10,23.627061005702974,29.75,211.02398884214927,205.1501547708358,5.8738340713134676,204.89477188479214,6.12921695735713,195.6591710440116,102.52996230715507,494.35251562669873,207.50650026675433,156.94744292806593,150.93572554899791,177.84911462917086,166.57363436390222,204.5917010428787,191.91609883639157,238.05765422968324,224.03062217990419,261.68345260357938,250.95511978594035,0.79717982630626238,0.99650729657909665,6.6637435869632213,5.6672362903841247,0.80370570718358181,11.922525897595847,11.118820190412265,2.6080628904377079,15.397342374990046,12.789279484552338,-0.89180725165434183,13.157561249526424,14.049368501180766,-0.44066110826372551,10.403141735145851,10.843802843409577,118.44587914024305,93.332422659823351,25.1134564804197,92.2405332191247,26.205345921118351,105.82979323838663,49.332520669719088,189.56574424906285,205.88456498921556,156.290359061347,151.085215509634,180.34211748637887,164.58547150487939,201.40242026096149,187.76313187061743,229.06264329833368,213.18704569865622,256.03869957536517,238.24707009594238,0.12332766671099193,3.3246047920744104,7.919562685089204,4.5949578930147936,-0.761513672983682,14.582189726454345,15.343703399438027,3.2806707550940075,17.398816309631684,14.118145554537676,3.8945255537144874,19.274174127420395,15.379648573705907,-2.8944564611495878,16.423619278960388,19.318075740109975,92.578109582696925,111.81773200372299,-19.23962242102607,112.65423842128803,-20.076128838591103,89.829377686415683,53.197441845819412,304.78677154704928,209.26605309306314,156.99296571267158,150.82677846535873,176.86356988727127,169.17709599109028,206.9319700978694,196.66189334304062,245.78028352816526,232.81469289519163,263.89496106692297,257.52134146734249,0.5702749109534011,-0.49097678501581754,5.8014229727416193,6.2923997577574369,2.0351231321521936,8.7952149321862407,6.7600918000340471,1.2417901568547336,12.278853481432179,11.037063324577446,-4.3077135660301451,8.7452108649654008,13.052924430995546,-0.24148979307432228,8.0089539362746223,8.2504437293489445,-0.67385215959527045,-0.44694724424240917,2.3280974954953138,3.8155815770902279,-1.5652193801672638,-2.7966368051358756,0.67260786465629963,2.0388805982392739,4.7863328053688292,8.2022391197446325,-2.4537953528858623,-2.6529666680752655,0.3834626875697138,0.54088848825073099,0.48115223647435601
2445,2017,111.82551151906802,40.225184000487467,3,10,23.627061005702974,-0.31817626953125,155.4525924999798,154.68930123736936,0.76329126261043712,154.65611294539121,0.79647955458858632,183.22296311088212,112.10075625849095,489.78595405071974,206.93777554534921,155.39914309612925,154.59309638126277,177.17509340152628,176.35291256655756,204.63777879328867,205.08059680578762,237.4278180911482,235.09650453251658,261.04490138191983,258.98450991457162,-1.0089111602319178,-0.68760054554931571,-0.027884374018867675,0.65971617153044804,-0.65987951665374567,-0.15678527323078129,0.50309424342296438,0.10674117781346126,-0.15930988871605223,-0.26605106652951349,-2.4565366197240053,-0.13063766243001851,2.3258989572939868,-2.0019074513185728,-0.09082688998194044,1.9110805613366324,72.476488174412225,72.348826483730591,0.12766169068163435,72.343277000763919,0.1332111736483057,88.520486394041654,42.689752216121633,159.81230134347425,200.68454793263888,152.38288425623904,155.007947360012,170.31758079529891,176.04230176837788,197.53462955680638,201.45595131756357,225.51031205501673,230.68889545642324,254.90743857608948,253.89747711321019,2.9038221723061781,3.2711231502329099,-0.1103011922640178,-3.3814243424969277,5.6833179515982408,-0.1278222041624133,-5.8111401557606541,4.8547830422516256,-0.19462395641264152,-5.0494069986642671,6.2802560319186682,-0.20370955476144559,-6.4839655866801138,-2.90144658934571,-0.1685639596372539,2.7328826297084561,82.976104586337897,82.340472380288702,0.63563220604919479,82.31283646481279,0.66326812152510684,94.702477024176915,69.411003790912218,329.97365270555019,211.9372885322864,158.6090556873383,154.01154342765838,178.86265211689147,176.54782964143695,212.64452369920636,207.83408657900489,246.18107978612105,238.8631405590111,263.68140460419363,262.35548973928343,-4.1538524934416898,-3.9475031745649005,0.16034428826495173,4.1078474628298522,-1.0662402043433303,-0.16230148107308651,0.90393872327024383,-5.024702678189982,-0.13913012568545469,4.8855725525045273,-7.7395078444092178,-0.091230140672337257,7.6482777037368805,-2.8105778818634803,-0.060650710159848131,2.7499271717036322,3.912733332538096,7.0576746657478679,3.9587236957822256,7.2186263247978104,6.3431974682519865,6.7495581559415712,4.7480418644381643,9.8794857204416076,8.7367926516426735,14.019763876327886,-0.89953913802713714,-0.090868707482229638,0.32629008656080183,0.48312987024705628,0.38081591633230527
2446,2017,112.07551266263847,40.225184000487467,3,10,23.627061005702974,6.826080322265625,171.43906497812713,174.5444915637745,-3.1054265856473648,174.67951300895584,-3.240448030828702,183.27143835541756,112.94972264127864,484.61065824329853,205.65694207458736,152.55846149229498,149.69009675687866,175.36531720470973,170.14759533655467,202.99734242710909,199.48596226147754,237.09348066770005,231.04070722546874,260.48015559372885,256.67624431836742,-2.0681992773304216,-1.9369424916042135,0.64880308113276897,2.5857455727369825,-2.5821846860709172,2.6805384573893321,5.2627231434602493,-0.3575252143391765,3.0353264516439253,3.3928516659831018,-3.4389663172833593,2.6568185574668348,6.0957848747501941,-2.2512862464910768,1.4717269283303267,3.7230131748214035,87.007124435800506,85.375038625466914,1.6320858103335922,85.304079588513559,1.7030448472869466,93.416298888118035,44.181646225539225,159.19384002051083,198.93459262958334,150.598417129338,148.90142572854711,169.22078656856121,166.99291896091324,196.35615999745545,192.97927700022905,223.95992694613412,222.7735621983168,251.64396042750644,246.756903534553,0.93864482230512181,1.8381632864162327,3.1149252703430932,1.2767619839268605,2.2530549139670768,3.7282517525176502,1.4751968385505734,1.880596012361508,4.5705345016414185,2.6899384892799105,3.8461162513112299,4.8062551008564469,0.960138849545217,-2.0773864378250266,3.740940537006253,5.8183269748312796,84.431940587030113,89.169455809695137,-4.7375152226650243,89.375434433721239,-4.9434938466911262,89.855139504552426,68.768076806894896,325.41681881248951,211.48825418189784,156.94376791209319,150.41515984820305,177.6865631751551,172.48018296864365,212.3365865267732,204.48820482825062,247.13664393483077,238.08002291462523,264.06427868733323,262.46131864915537,-4.7576354344839444,-5.6362399952407145,-1.3095969855588692,4.3266430096818453,-3.0258752940542877,2.2777809881716848,5.3036562822259725,-4.8287549939013559,2.6701210768271721,7.498876070728528,-7.7719749628386126,1.327101706165962,9.0990766690045746,-2.3278586256820972,0.48173996035529854,2.8095985860373958,3.0068440996355434,5.6962802567890662,3.7751057780204462,7.4744032816569472,4.835239600037994,5.2789302080213645,2.2381212267006845,6.7093510062628638,7.2850825685945892,11.618091214149842,0.17389980866605015,0.25047218785707059,0.32849842922890821,0.50971553301696793,0.39116206036076256
2447,2017,112.32551380620893,40.225184000487467,3,10,23.627061005702974,0.9565277099609375,173.99799647352484,178.3572848792719,-4.3592884057470656,178.5468190386855,-4.5488225651606626,194.92186860758648,129.45177032335414,486.8249364644289,200.60590988922408,143.05999608189759,138.44645042706577,166.44723647576848,162.66911866596487,199.4150686458828,196.5350202795905,236.25769139640849,230.10542934372194,259.74709807435823,256.20013819484745,-3.3451214274196559,-4.2995708909793962,0.050635267276021523,4.3502061582554177,-3.3882490287908809,0.29247341817094252,3.6807224469618234,-2.5714562243630326,0.34469355198203289,2.9161497763450654,-5.8464452341251842,0.34048758936572199,6.1869328234909062,-3.3421899274035809,0.2801232427422633,3.6223131701458442,84.631452208701376,86.491120116428647,-1.8596679077272711,86.571974269134444,-1.940522060433068,94.198990431871607,45.00034225005038,149.97259578921512,192.74815726152548,139.38142391041282,143.90939503521125,164.50394149127655,164.08793011702613,193.6154758822401,193.65632310288137,222.36134084007568,223.12048234979321,238.81518460803241,244.76066330715057,2.2099097112377706,5.7544006763661457,0.61230022772485881,-5.1421004486412869,0.59966295522423252,0.72359715502435051,0.12393419980011799,1.4758866931377668,0.77620115309133553,-0.69968554004643124,1.1362668069316157,0.76300129337613498,-0.37326551355548077,6.0594367709420283,0.69018883239129991,-5.3692479385507283,89.366544638283813,91.866164418172048,-2.4996197798882349,91.974844279757235,-2.6082996414734225,100.7228785193729,84.451428106831372,336.85234060883522,206.51274401630238,143.78296596220679,133.77055434124156,172.25392684710559,161.48316465741578,209.53772317657453,200.00411136264634,248.34656041737455,236.96610581702475,264.15060101198998,262.01551839605457,-7.1704648776637328,-7.1044636913761963,-0.036706585445415385,7.0677571059307809,-9.8570395868805463,0.028045703129095045,9.8850852900096413,-9.6565095166980655,-0.11191754726604586,9.5445919694320196,-11.834153841715505,0.10662626876592185,11.940780110481427,-3.3916766176179181,-0.048798205968807906,3.3428784116491101,5.5550311386574265,9.3803745889015033,10.053971567345542,12.858864367742342,3.9879119840151134,10.456702542104779,4.0473429175007993,11.132396209835832,6.9827120410568,12.970420648647121,9.4016266983456092,9.4511133885599463,0.30806268240569729,0.48326537758321758,0.34762245535650244
2448,2017,112.5755149497794,40.225184000487467,3,10,23.627061005702974,1.7916717529296875,169.78751215338707,166.7317461669445,3.0557659864425659,166.59888648986816,3.1886256635189056,187.28731570811578,122.00741895288229,473.79811649769545,201.64282203982791,144.62636401201192,139.99331382946474,169.2303657594376,163.80291958027843,199.49466131517306,196.95551249977211,236.67622975573263,230.63035744489699,260.46749365806323,257.2139959040685,-3.2732641154447606,-4.2380961027946,0.048001089880386871,4.2860971926749869,-4.8346039862178145,0.4967574091251663,5.3313613953429808,-1.7626386944042167,0.76481347698188529,2.527452171386102,-5.4106428835019642,0.70431963764630723,6.1149625211482714,-2.9623055868942743,0.37171220962028428,3.3340177965145585,56.036833502352238,69.807911098003387,-13.77107759565115,70.40665190666914,-14.369818404316902,63.079569956946671,34.56510260142386,106.8246762103081,196.25336560989365,139.765564777337,144.72780571279776,165.61610490639421,164.56020795800612,197.64450056322434,193.8397044935376,225.29626682131357,224.33999015951591,245.28718421682231,247.33675744326507,0.077401876544712422,6.5093208035256396,1.0680787315843645,-5.4412420719412751,0.82488903916413392,1.2675327898724618,0.44264375070832784,-1.8388344318385066,1.3479872919107549,3.1868217237492615,-0.29009284629799481,1.3184800284757046,1.6085728747736994,2.2865714767191605,1.0405898175242783,-1.2459816591948822,113.75067847967148,96.923835828900337,16.826842650771141,96.192233741283417,17.558444738388062,124.20774558601443,87.442316234111786,366.97343971580267,204.12924557036573,146.29681059234963,136.70637301174796,172.85868301664001,163.08750612133093,202.45951563939926,199.54954646995895,243.72332733692843,235.25909424751029,263.13189661491157,261.45715953275857,-4.2505075901317753,-6.7025571765178427,-0.58075093214353046,6.1218062443743122,-8.6205157226300457,0.16164612115090904,8.7821618437809548,-2.6414639925091024,0.31565128152769262,2.957115274036795,-8.2734393137154143,0.23398289446390663,8.5074222081793209,-2.460919479626682,0.1196087455457473,2.5805282251724293,3.350665991989473,4.3279094666764877,10.74741690632024,13.211877980043482,5.6594930253819484,9.4454047617941796,-0.076195737434289867,0.80262956067059577,5.1205500372039694,7.9833464674174195,5.2488770636134348,4.7474909563458425,0.22546454384401862,0.33680641808789202,0.28330328514508174
2449,2017,112.82551609334986,40.225184000487467,3,10,23.627061005702974,-12.4761962890625,135.72764141152584,143.78659414026333,-8.0589527287374949,144.13698492264666,-8.4093435111208237,175.34699972611998,112.09881298122491,460.27467381209135,204.59999188731948,149.70144769929303,147.3944997017324,173.86578449578658,173.68296893447683,201.89562241346434,206.37219818169982,237.32470518918657,238.13638126209787,262.00409237632397,261.67594425450534,-3.3162251116469292,-4.1052569985561433,-1.8090433108134221,2.2962136877427213,-5.1997345161268811,-5.0161483395585265,0.18358617656835463,-1.3702664835548717,-5.8103135430812927,-4.440047059526421,-4.5242702653828246,-5.3204162163762305,-0.7961459509934059,-3.1971010121787913,-2.7929407606596328,0.40416025151915846,44.550638481883652,68.575719135595136,-24.025080653711484,69.62028807626848,-25.069649594384828,62.287252495367284,37.050808408854209,114.68497391487472,198.50121468827263,138.9818097818048,155.55228671237077,166.21678471321468,177.96248552107664,198.36392355535085,207.77128299700007,226.3508719008083,237.23133791772915,255.0839572217165,257.89049610601597,0.61775500803119598,9.2536108043975958,-7.5434092974127225,-16.797020101810318,3.4973678370656671,-8.7076781343925802,-12.205045971458247,0.80781913930275095,-9.3284045984661645,-10.136223737768915,1.1144488838119742,-9.169266604022539,-10.283715487834513,-5.230485197812925,-7.1753729285426004,-1.9448877307296755,91.177003134533152,75.210874303604214,15.966128830928938,74.516696653372492,16.66030648116066,113.05974738721488,75.048004942571424,345.58970036357641,207.82070296474924,151.51757011026362,142.95125701782365,176.71813226722111,169.74667636010054,206.15426059154149,204.75853744820802,243.54338109848047,239.13741897893252,264.43100470026195,264.42930060393758,-4.9233530711465505,-8.181765427455872,0.30390718097478953,8.4856726084306615,-8.6335595548741537,-1.643992948463648,6.9895666064105058,-3.3874914858411671,-2.3435017222151657,1.0439897636260014,-5.3929957424441852,-1.3476482629430109,4.0453474795011743,-1.7786787526965782,-0.56198181188307217,1.216696940813506,3.9339801196781252,5.5411080791777465,13.358867802953739,17.435376231853468,8.6971023531925482,12.130927391939821,2.1780856228576226,4.1953106251439181,5.6387191491947988,6.5074446262561594,-2.0333841856341337,-3.4518064451163468,0.2491663792079406,0.35522280160285441,0.33051918591733648
2450,2017,113.07551723692032,40.225184000487467,3,10,23.627061005702974,3.5714263916015625,141.3292129127658,149.57606794945605,-8.2468550366902491,149.93462558389001,-8.6054126711242134,168.63823765055713,108.89593051597694,475.80896756052971,205.8802767949594,153.31716848841594,155.83035061475843,176.96536160259672,174.58603005805853,202.89591452690786,202.52607854043504,235.78842143435017,231.84434939524016,259.19531052032886,255.47840865177093,-0.79827743108600657,3.2393371410177565,0.65082147710418781,-2.5885156639135687,-0.83106110667151256,1.4602455195180255,2.2913066261895381,1.1186196123292973,1.608963106148309,0.49034349381901166,-2.7663321203373243,1.2013302411070015,3.9676623614443258,-3.3158971574509053,0.60107787144627878,3.9169750288971841,57.771365113516367,69.778181531703012,-12.006816418186645,70.300217298850839,-12.528852185334472,64.180862818804599,43.22360171369246,141.32166363141732,206.11369968042303,158.35929831224192,156.14131191922826,181.42542898987736,175.31888765471336,205.44465055488803,201.05680379719158,227.6687768543689,228.21511413142784,254.60849057376646,249.7715689273987,-1.9550910635616958,-0.71893355151740934,0.92747739281105623,1.6464109443284656,-3.8968460694207181,1.5660122927869793,5.4628583622076974,-2.0901019855777747,1.9258868698327376,4.0159888554105123,2.7031455214400069,2.1838250126055527,-0.51932050883445413,-4.3785175369579576,1.6449982923743391,6.0235158293322968,83.557847657688399,79.797885901178233,3.7599617565101653,79.634408543326572,3.9234391143618268,104.45737486155485,65.672328725073385,334.48730379343033,205.73291469667862,151.33336694714637,155.61231262545712,176.24253730748146,174.04659723385683,202.63736009575916,203.77271031967376,240.70906922386922,235.36459171806959,261.57043982312905,259.18585291379793,0.6361788205375376,5.0898757318903449,0.51414585606596575,-4.5757298758243792,0.18338357150872753,1.3845111123960692,1.2011275408873416,2.3720569608027517,1.2450994923618453,-1.1269574684409065,-4.5020751001493693,0.28386750803497307,4.7859426081843424,-3.3327421793633789,0.050976198847251908,3.3837183782106308,-1.1568136324756892,-2.5912698840992334,-3.9582706925351658,-5.8088092834077543,-3.0657849627492055,-4.0802296409294456,-3.208721597907072,-4.4621589463805265,5.4694776417773312,7.2052206215893762,-1.0626203795070523,-1.0457753575945787,0.29701345133525503,0.38058309736251306,0.39692577591180783
2451,2017,113.32551838049079,40.225184000487467,3,10,23.627061005702974,6.4736785888671875,185.38668388962105,193.9632931509841,-8.5766092613630462,194.33619081528741,-8.9495069256663555,198.48993000365044,120.1357504682237,474.48917672038078,201.27554641259539,143.75872235038042,135.68697548195635,168.93566475511778,160.52337933530893,198.68581874593676,194.45490215586273,236.33197262344231,229.22438973556598,259.83851100989278,257.29276023491803,-3.4786658646367528,-7.0276706124454051,0.20689402377573174,7.2345646362211369,-6.4728528104774057,2.0017144779874059,8.4745672884648116,-1.3407326242661384,2.8644166786556298,4.2051493029217681,-4.2595221994971553,2.9428976462217804,7.2024198457189357,-0.70896151097747406,1.8543688648277907,2.5633303758052648,68.668314023354469,78.73322093538809,-10.064906912033621,79.170824711269233,-10.502510687914764,73.60581099812498,45.379105661472408,132.12558090052335,198.05527368809433,135.25006480548467,141.08418464315233,161.83466145520717,162.96934496464266,199.50578634388836,193.69977859448585,228.04940611525672,225.06117244417521,256.19481336155513,249.51960336102019,0.96240952969077398,9.8394167386744869,3.7423314296975434,-6.0970853089769435,5.2734748347546088,4.5344284019772658,-0.73904643277734294,-0.64589331207679379,4.724343667543792,5.3702369796205858,2.2640199214770576,4.7035103992093639,2.4394904777323063,-4.0394259577645641,4.0938204044149131,8.1332463621794773,116.71836954589162,115.23007478957516,1.4882947563164635,115.16536595500656,1.553003590885055,124.88411866279876,74.756644456476351,342.3635950833559,203.19481317010397,149.61951103090632,132.01786888467211,174.37191975065232,158.58561717596365,195.64256148935826,195.06863985139597,240.66983782295995,232.5884486394404,261.41524659209847,261.70860735679696,-5.9875143288372215,-15.292915145213982,-0.018107050130311109,15.274808095083671,-14.055373460547628,0.05923368970806564,14.114607150255694,0.28170660716742191,1.2357880200332829,0.95408141286586101,-6.0961160168140793,1.3673370592632068,7.4634530760772861,0.56346083630677413,0.85864478972683855,0.29518395342006443,4.4410753943275267,6.9499238585279954,16.867087351119892,25.132331883888469,11.746327645232014,19.328848295302237,0.69483931218934458,-0.9275999192442157,6.5235421209742128,8.3601359382911369,-3.3304644467870901,-4.6028867940713383,0.27845857689265213,0.37082894329587041,0.37773190315629923
2452,2017,113.57551952406125,40.225184000487467,3,10,23.627061005702974,2.0555572509765625,161.22597809450053,165.08576049887779,-3.8597824043772562,165.25357576835813,-4.0275976738575991,171.74681258731653,123.80899017631782,436.6805992051959,196.86870531141915,137.18294243367711,127.84393572068001,163.10908790375495,154.36667811252974,194.65826216988972,190.75161311163049,231.81153052966854,226.91720704798394,258.70977664942671,256.03012840749631,-4.6106514502680795,-8.186277280000553,0.139967910454601,8.326245190455154,-7.7872278136564717,0.54808238633816586,8.3353101999946375,-2.8644842048209114,0.98239347448966896,3.8468776793105803,-3.8985104065355074,0.87648128306054218,4.7749916895960496,-2.1592015527781996,0.60189083829311585,2.7610923910713154,90.607812828179249,76.561251524834006,14.046561303345243,75.950531694257734,14.657281133921515,96.90996438693719,43.88624302784001,145.57920605380787,187.70038713817576,133.50060543093306,144.12152094133455,158.66718437645065,165.15258855806675,190.01004354259601,192.3936330952225,215.73320665117538,219.80067623085236,241.38243131646576,243.2681402910986,6.9776521595154293,12.442670191610148,1.5918126123040679,-10.85085757930608,7.5806723972052055,1.7240909282693906,-5.8565814689358149,4.4246482508639531,1.8071131681704458,-2.6175350826935073,5.8708071404183215,1.7355577465812075,-4.135249393837114,3.0491523760794053,1.5485962011788672,-1.5005561749005381,70.618165010931989,88.524507086563972,-17.906342075631983,89.303044529413455,-18.684879518481466,74.836848001283215,79.922746737040143,291.10139305889606,205.20979981080924,143.05029542210312,120.91041135625184,167.63963803554859,143.25623905588384,210.77611171190267,188.13594132542821,247.08999675697643,234.19309000777153,264.69671496306341,262.44696465578897,-14.392272930671851,-18.363311977584559,0.1481104292062696,18.511422406790828,-21.100256714768761,-0.0052171734988917251,21.09503954126987,-22.524744509167732,0.025151389373093025,22.549895898540825,-12.704013939952233,0.082080987354032686,12.786094927306266,-2.6874658659164083,0.29331595281479395,2.9807818187312023,11.588303609783509,21.36992509018728,20.628947471610701,30.805982169194706,15.367900210861677,28.680929111973967,7.2891324556848645,26.949392760031685,9.7693175469538289,18.574821080370555,5.2083539288576048,5.7366182419958136,0.333376857865399,0.56426062834597246,0.35446733686577286
2454,2017,114.07552181120218,40.225184000487467,3,10,23.627061005702974,0,151.9432789886996,148.1302205119573,3.8130584767422988,147.96443566918606,3.978843319513544,175.53859879622905,102.48483527405915,441.4942839294672,204.84515028683961,151.62211874354506,149.90055910707795,175.82155853569375,172.04874221277854,201.18414523124829,201.9614849175293,236.04947183275769,233.93702227271208,259.12976829205866,259.25258113353567,-1.3699604747177716,-0.91439779254457676,0,0.91439779254457676,-3.8787126239527936,0,3.8787126239527936,0.76923099046314292,0,-0.76923099046314292,-2.0469650276334903,0,2.0469650276334903,0.034998573967072844,0,-0.034998573967072844,51.185841291517136,58.16914675951557,-6.9833054679984343,58.472769226584205,-7.2869279350670695,57.901588714987156,35.994689928972662,117.87373318820755,208.90184195227016,157.59633353427787,153.40345751465637,182.11412073699557,175.93103386153612,205.24728311431988,203.50211665704899,240.6774082768118,232.16052409022464,262.35831971436812,254.70170244224744,-4.5491417129015019,-3.3677375199350763,0,3.3677375199350763,-5.2487233498919466,0,5.2487233498919466,-0.5628855599444762,0,0.5628855599444762,-8.394952832521767,0,8.394952832521767,-9.64849482155293,0,9.64849482155293,100.75743797471659,89.961073221962579,10.796364752754016,89.491665488927538,11.265772485789057,117.6370103662266,66.49014548366722,323.62055130302906,202.77642637218398,150.80460785595182,148.06854827013697,172.76507250453528,169.75625225790509,195.98090157769974,200.94665682122459,234.26856501970599,235.32975781375208,257.51341490462681,262.07344688108731,0.57544393270373462,-0.29402700288730443,0,0.29402700288730443,-3.0762433982747552,0,3.0762433982747552,5.1618400459904876,0,-5.1618400459904876,1.7485593357096434,0,-1.7485593357096434,3.3996290534890932,0,-3.3996290534890932,-3.1791812381837303,-5.1245856456052366,-2.4533397273904995,-3.0737105170477719,-1.370010725939153,-2.1724799516171913,-1.3321165504076191,-5.7247256059349638,-6.3479878048882767,-10.14351216823141,-9.6834933955200029,-13.048123875042023,0.26698812981016756,0.32985103625101403,0.35121966906340529
2455,2017,114.32552295477265,40.225184000487467,7,10,23.627061005702974,3.6999969482421875,149.69408532977104,144.49210631847382,5.201979011297226,144.26593363285065,5.4281516969203949,159.52107048827384,147.906307371195,443.45926335453987,199.05484028328533,144.99101606951203,135.59571101050796,167.66879510540613,160.34647984915762,196.3614404294907,192.53037569267408,230.49610154675315,226.20140272958753,254.71325318585178,254.14654438057977,-3.5692524842766318,-8.1625707712780979,1.1032398039206726,9.2658105751987705,-5.5234668638040887,1.8301143561351125,7.3535812199392012,-1.6955871616141849,2.1354354327433782,3.8310225943575631,-2.1714414905970614,1.9150711457258751,4.0865126363229365,0.51858524538872075,1.1315088720750452,0.6129236266863245,86.728383846580982,76.694771230220795,10.033612616360188,76.258525937795639,10.469857908785343,90.696237115557778,79.852808447220468,178.53680152876768,197.73686474285503,148.07146355896452,144.13953470741856,171.03643293622298,166.51609384519688,195.98131142790575,192.38055538124357,224.80250343324823,218.94730381603577,248.70204241702754,240.05764705234449,-2.2110381028840322,-0.46881575141381404,2.740322651203968,3.209138402617782,-1.792112603122348,3.1333839847262368,4.9254965878485848,-0.38325856699805172,3.2188041467009896,3.6020627136990413,-2.6081718986593785,3.230279426584957,5.8384513252443355,-6.067819611867634,2.9874520248376371,9.055271636705271,62.965701639652252,67.797338306903839,-4.8316366672515869,68.007408291101456,-5.0417066514492035,68.82483352917825,68.053498799037698,264.92246196419001,200.69702464134159,144.25699144074611,129.21363852712977,160.22033114250627,153.03763947251491,197.44371913428031,192.79822934864035,238.77142878340703,237.65675369893356,261.48465584456306,263.81823307062683,-5.2767973405760529,-12.627599043233687,0.78157351065320313,13.40917255388689,-6.8698505285158546,0.010067636616327036,6.8799181651321817,-4.8193042715567174,-0.17907853640048188,4.6402257351562355,-0.9694260899399012,0.11977791476337529,1.0892040047032765,1.6474952093103639,0.37488857979144541,-1.2726066295189185,1.3582143813925995,3.0657592376920206,7.6937550198642839,12.158783291819873,3.7313542606817407,5.0777379253935067,1.3123285946161332,4.4360457045586656,-0.43673040806231711,-1.6387458087194773,-6.5864048572563547,-7.7153148211779978,0.40260023024038138,0.56855333805087982,0.53988778346562882
2456,2017,114.5755240983431,40.225184000487467,7,10,23.627061005702974,5.0526275634765625,139.96367830684903,144.12434335131911,-4.160665044470079,144.30524224110923,-4.3415639342601935,163.1426869965162,100.03898716371259,451.5735415071249,206.09379854190419,158.66918882706011,159.74117730154862,178.19287733932177,177.03176065210428,200.73332295850298,203.77572608652565,235.41123531249769,232.92631131829907,257.56217662172253,256.74347209715387,1.5008663411167618,2.6706535151653554,1.2215406515132088,-1.4491128636521466,0.77886804164080559,1.8588053482286568,1.0799373065878513,5.0631759776514116,2.2109820861573439,-2.8521938914940677,-0.41351790302718427,2.0458180240611057,2.45933592708829,0.32079628852983433,1.1412204564989565,0.82042416796912221,46.77029335025054,67.242928987650885,-20.472635637400344,68.133044176167459,-21.362750825916919,50.409996384057649,38.98729494055442,112.85584809993452,210.23033435114451,165.00820357926835,165.00556998465248,182.4786442509874,183.54775930434855,210.74593815085447,206.35032918898736,231.43019600283674,229.47351653481223,262.35571415495963,249.61281518310491,-0.70715839127106506,1.5977058768672237,1.7053624209335965,0.10765654406637282,4.0971916557156192,3.2830135686296842,-0.81417808708593498,-1.5987015793224941,3.5143457629043269,5.113047342226821,1.2314125381902841,3.6330412725067163,2.4016287343164322,-10.826643463451887,2.7024984889607708,13.529141952412658,93.19338488640642,76.881414225637855,16.311970660768566,76.172197886127833,17.021187000278587,112.73269045070265,61.051692332293896,338.71769338846207,203.96590263705485,156.07015974327746,156.84778676899717,177.27321603869734,172.20721224616256,196.27932905860052,200.37899157714216,236.39545993323776,237.28440247157502,254.08873089901212,262.17367278591507,1.7917331968524479,3.6575441416862589,1.3191076083445807,-2.3384365333416781,-3.6609659544954241,1.4509487852319296,5.1119147397273537,4.0930387708040143,0.80264379945236897,-3.2903949713516454,1.2779043285877663,0.21925005332687419,-1.0586542752608921,6.2383019648380866,-0.043415888057950269,-6.2817178528960369,-2.2080247323878268,-2.498891588123513,-1.0729476382981318,-2.0598382648190352,3.3183236140748136,7.7581576102110432,-6.6618775569739057,-5.6917403501265085,1.6449304412174683,-0.046491790397482191,-11.147439751981722,-17.064945428289974,0.24991687449906513,0.30899329483971366,0.38972100823804007
2457,2017,114.82552524191357,40.225184000487467,7,10,23.627061005702974,10.736839294433594,192.23921233840883,197.60390411849949,-5.3646917800906522,197.8371501530055,-5.5979378145966621,195.05647858956445,141.52849804971402,487.70612268149853,197.39950284985005,141.77679747960892,129.66317291216464,163.59183248834466,153.06231081642221,195.04282229310186,187.95781921681075,231.20669033425114,224.26495977802779,256.58780597270521,254.31761927840833,-3.9666770871142774,-9.807894765150337,1.4944196429154317,11.302314408065769,-7.1494224811656579,3.458576239449485,10.607998720615143,-2.6716943272974731,4.4777295544651565,7.1494238817626297,-2.4914078874968766,4.3736585492667075,6.8650664367635841,0.44751480502679897,2.7430298139148874,2.2955150088880885,79.292353060611276,75.789834066679759,3.5025189939315169,75.637551507723401,3.654801552887875,81.604217822341752,52.200753779404238,142.05263614977594,192.4044632770395,134.85950461691095,137.65186492103291,163.08653667073108,159.77318288702449,193.63183559325068,189.50747670592406,222.41278705066728,216.49781183146115,245.93269302576351,238.27105244151451,5.0677173309220223,11.553687302518028,7.8873392102183573,-3.6663480922996712,6.0115638161402103,8.8437840070090488,2.8322201908688385,4.901120029942831,9.2423807973449641,4.3412607674021331,3.6048586625040002,9.4468784980132909,5.8420198355092907,0.68355843334285282,8.583475774359016,7.8999173410161632,112.94685931407002,121.81406611477723,-8.8672068007072085,122.19959884997661,-9.2527395359065849,113.45226080349516,89.327744446673023,345.65348673611879,200.6954941814185,144.2868409407514,125.03835177233367,163.75116931419777,148.48572992885769,196.34375494823553,186.31748684793507,238.18357624971878,232.11343040566652,260.49019327694901,262.06185298381035,-9.7617488878165375,-16.867500771093361,0.45633706814398067,17.323837839237342,-14.7245936215283,-0.62045210572071596,14.104141515807584,-10.173777917903863,0.21555329776998633,10.389331215673849,-5.8845176381945237,0.028291854003896333,5.91280949219842,1.0796068422536678,0.63265207913065069,-0.44695476312301707,9.0343944180362996,14.82946621873856,21.361582067668365,28.42118807361139,13.160986297305868,20.73615743766851,7.5728143572403042,15.074897947846694,6.0962665500008768,9.4893763006985239,0.23604362831605386,-0.39604840891081494,0.29126687064895607,0.41836199654794543,0.36883563733621999
2459,2017,115.32552752905448,40.225184000487467,7,10,23.627061005702974,10.25,205.69646451841982,190.87230472385636,14.824159794563457,190.22777376309023,15.46869075532959,212.63102684389742,137.98854517422933,518.49948548525572,201.98085416276592,147.45977351454954,142.64942172830939,171.01532222610214,164.19272369793907,198.90596308800909,195.46652461352227,234.99611556303071,228.42250447718897,257.72769345955794,255.96298232425315,-0.98342371475527557,-2.4408496935095627,1.8454298241311449,4.2862795176407076,-3.108190243966078,3.6391746793167385,6.7473649232828166,1.3008218038389998,4.9376414944184148,3.636819690579415,-1.7998441878539779,4.7484963690068014,6.5483405568607793,1.097020127425651,2.7398057522973716,1.6427856248717205,59.121567671141747,76.323217590999775,-17.201649919858028,77.071115271110102,-17.949547599968355,62.118329544506196,36.451231822416958,112.89289259281941,197.95812713367707,139.53986935738624,147.23206669371979,165.86897596799372,171.49926828076693,200.07655472689748,198.67650171030255,225.26847675835293,223.6976597161067,251.22078627026369,244.12715297661506,6.3169291449489435,13.308310321842924,4.7466062999010887,-8.5617040219418357,12.464992360580112,6.6458518269542424,-5.8191405336258697,6.1829151814076511,8.087087804170153,1.904172622762502,6.1165501270663185,8.1536689991909554,2.0371188721246369,-0.74491858368079988,6.7681706637425805,7.5130892474233804,146.57489709159563,114.54908702855028,32.025810063045355,113.15665953506141,33.418237556534223,150.51269755860994,101.53731310470084,405.60659265145659,203.5540277820906,149.11803683156441,140.23802773872205,172.46699689110091,159.28820560917134,198.36385487335301,191.79780249293367,237.52051855418634,234.5722455631969,259.33040808890252,262.65276797755354,-5.1306983639729538,-6.0942167601954793,0.40196887501025458,6.4961856352057339,-9.528640852511586,2.623014255401273,12.151655107912859,-5.270200899091094,1.2181392430559015,6.4883401421469955,-2.2640712508826368,0.015838824939606866,2.2799100758222437,3.2702469858850236,0.82621923723792179,-2.4440277486471018,7.3003528597042191,11.447627508921897,15.749160015352487,19.402527082038404,15.57318260454619,21.993633213091698,4.8820933775686512,11.453116080498745,7.9163943149202964,8.3806213779489553,-1.8419387111064509,-4.0151655695658235,0.21772999926347986,0.29214141730176674,0.26416128799961125
2460,2017,115.57552867262496,40.225184000487467,7,10,23.627061005702974,-0.850006103515625,231.10736185312271,208.95533680915833,22.152025043964386,207.99220639467239,23.115155458450317,260.33164463256981,172.02900378867707,634.65299154818058,199.83371132311083,143.77269795996358,139.13161598595877,166.56904850425579,163.11436563777431,198.31881938282351,198.53918415736183,233.51550813354632,233.37703366083053,256.70216841738824,259.55013182411591,-1.190641556570057,-4.4937834260832972,-0.090377566679023857,4.4034058594042733,-3.5528970761558867,-0.28693299616080026,3.2659640799950864,-0.070019519532678487,-0.33777127526883532,-0.26775175573615684,-0.5443461555845488,-0.39875595039384848,0.14559020519070032,2.6878275901721054,-0.2400180048860534,-2.9278455950581588,69.831488750874996,80.552138268947601,-10.720649518072605,81.018253415822983,-11.186764664947987,78.947703619915046,68.546289425558143,159.88792963227024,205.9005601344181,149.2380587026756,153.6361844206086,182.80064532585834,180.64686516804707,211.74434713287724,208.68348318694464,232.86520162090471,233.82498779535919,251.82227609246866,252.99492834795947,-0.42593086541256753,4.1161543636966371,-0.55507279032318024,-4.6712271540198174,-3.4658237621135584,-0.64497229586086746,2.8208514662526909,-4.1613647221691679,-0.72308221583602972,3.4382825063331381,0.085661293323056498,-0.70182169785718429,-0.78748299118024079,0.51194242610279161,-0.58089325549579485,-1.0928356815985865,161.27587312459946,128.4031997025013,32.87267342209816,126.97395247220993,34.301920652389526,181.38394121382044,103.48271429499255,474.765061840415,196.69250905032067,143.25133271742874,133.55432481900539,160.52436241329326,154.4242572365516,190.95550702905948,187.89889654933432,234.17358005474873,232.86396579761779,259.00407356015302,263.928058680182,-2.5281645559941239,-8.6718328121031334,-0.030992514993073428,8.64084029711006,-5.6884089143610481,0.018679289710831881,5.70708820407188,-3.1393351252893922,-0.098725107669849876,3.0406100176195423,-1.0604172954116109,-0.047622690421860625,1.0127946049897503,4.5281503263595368,-0.048506670177857814,-4.5766569965373947,0.76471069115748946,2.1022336905815564,8.6099377897799343,12.787987175799771,0.08707331404232832,2.2225851522474898,-4.0913452026364894,-1.0220295968797757,0.63000744890760529,1.1460785887346674,-2.1758851640693138,-4.0162079002567452,0.25192968718580777,0.30325819103298512,0.39845774791419125
2462,2017,116.07553095976587,40.225184000487467,7,10,23.627061005702974,18.722221374511719,278.11865675575245,242.24769055973593,35.870966196016525,240.6880839292935,37.430572826458956,275.82932698672266,172.04030728214275,603.56239527463913,194.26945101665567,133.96083901301884,124.88417546933599,160.96145162300377,148.83739823629332,192.66556901665891,183.55204297454839,227.63144200649739,219.41829590170943,256.44477718468329,250.64434516156419,0.40253719361635376,-3.7651530906139214,5.2445572222461863,9.0097103128601077,-3.1540547509665373,8.929754366305815,12.083809117272352,1.8205568755128638,10.799089315446111,8.9785324399332467,2.9346778795072623,11.166720361034976,8.2320424815277136,2.4681277261702803,8.1611965894683465,5.6930688632980662,217.65867963426717,159.34879729278327,58.309882341483899,156.81358941982035,60.845090214446827,215.55594191112186,121.23236150301091,345.82417567208176,190.37974571845598,129.59248247005905,125.66637977104777,158.7835189025451,148.21999815776314,190.33671934135154,180.19948728672182,222.28301736817733,212.01927310031337,250.71853728641935,237.64143396599485,3.7733407133989658,6.9629981624365485,9.9495794672521214,2.9865813048155729,1.6426709411148011,12.3762905755124,10.733619634397598,4.3318144254150752,14.106003915173261,9.7741894897581858,4.5896943436340223,15.045255833309483,10.455561489675461,0.06119580378103251,13.854233012628697,13.793037208847664,60.459977046979475,82.898889995320133,-22.438912948340658,83.874494532652534,-23.414517485673059,60.273385001094994,50.807945801483584,257.73821970820427,206.06267715817171,148.90392462833569,123.11683051308881,172.3746921604787,150.31085589210167,203.16549727252757,191.84602433002712,243.70257379283569,237.92557814711728,265.13878756460446,266.175369305716,-9.9923026349940756,-23.427484215322735,-1.3544086685949139,22.073075546727821,-21.092027979557997,0.65596159789805597,21.747989577456053,-8.0943670443601832,2.5922278693123246,10.686594913672508,-4.0532493069994189,1.911420962156086,5.9646702691555049,3.4415805476141941,4.231872358320345,0.79029181070615095,3.3708035197826121,13.765643348393041,10.72815125305047,30.390482377759284,4.7967256920813384,22.734698920672798,2.5112575499022114,12.426181469775258,1.65501646412676,8.6429436506334412,-2.4069319223892478,-3.3803847438331616,0.57297170661986208,0.78148304339479424,0.70467417443164759
2492,2017,110.5755058012157,39.975182856917002,3,10,23.712664941738129,22.611114501953125,254.84605497121811,218.02400231361389,36.822052657604218,216.42304050922394,38.423014461994171,241.00857775971963,122.06300852415006,541.94462732970715,201.02792156474408,145.64870875069766,141.08697283943295,167.82502563771354,161.07600049070172,198.56087235861955,190.49742787823118,231.91778006857066,223.48769902183042,260.31972907210866,252.76032053301432,2.0456991460269478,0.035091612331569877,3.6272235848440744,3.5921319725125045,3.0201767870121898,9.1675625313707485,6.1473857443585587,4.9892041892655925,12.877251966974541,7.8880477777089482,2.4482189500496645,11.081816805056519,8.6335978550068546,0.56675136644133772,7.9862631264265076,7.4195117599851699,158.75244796276093,92.649736553430557,66.102711409330368,89.77570578455925,68.976742178201675,154.14437106251717,55.136703085040608,239.01726183993742,193.0294772619591,140.56934159470427,138.78974177434543,162.45328233657824,157.07785651583262,192.71740359555261,185.153368640629,221.68282062904314,215.30793567969388,251.66541970092251,242.16031363571057,7.9762520287116274,7.4784682275992793,8.6377429164288628,1.1592746888295835,7.6002333138334564,11.575723987937494,3.9754906741040372,8.6381705458474016,14.657179382110854,6.0190088362634526,9.7541112995923811,14.993156617382169,5.2390453177897882,2.2330775683953448,12.671530477999767,10.438452909604422,96.093607187271118,125.37426242232323,-29.280655235052109,126.64733493328094,-30.553727746009827,86.864206965423364,66.926305262779351,302.92736539244652,211.91235764556836,149.48677981508106,143.82127775341931,178.13050181748093,163.93694817937609,211.21639490383993,194.19715805324174,245.87535846542852,230.13380282305602,270.82281881493759,258.12194222016228,-7.0822221638174199,-3.7472844647787724,-0.66587667067250322,3.0814077941062692,-6.603025366354899,7.9141174303497621,14.517142796704661,-5.4064832386734452,11.688112112719352,17.094595351392798,-9.0663553245188666,7.5329366080850662,16.599291932603933,-7.7077223152027727,6.0039574611454896,13.711679776348262,5.9305528826846796,15.058474192529047,7.4433766152677094,11.225752692378052,4.5800565268212665,14.203258680188355,3.6489663565818091,14.044653784520847,7.3058923495427166,18.820466624111248,1.666326201954007,9.9407998835981175,0.44103631586428588,0.63958043524988473,0.45170689918012186
2493,2017,110.82550694478616,39.975182856917002,3,10,23.712664941738129,22.77777099609375,247.81361413891136,219.00315751401649,28.810456624894869,217.75052794146177,30.063086197449593,237.40707525979087,120.3932444385573,530.39709702134132,198.49551548472445,141.67270064490921,138.89617257546396,164.62923617979476,159.55532682360186,197.12964707246505,188.98707753433135,229.4541870292164,222.30186273248248,257.77098204470934,251.91315787592791,2.6106470794169638,1.5298003812928869,3.4804345419165088,1.9506341606236219,3.5898809802207552,8.0679771705342205,4.4780961903134653,4.4035238198352715,12.406035315582301,8.0025114957470294,3.4545775839708597,10.640975967639349,7.1863983836684895,1.5368898714550596,7.3445281806691867,5.807638309214127,149.75652728856949,99.17113047366729,50.585396814902197,96.97176524335373,52.784762045215757,144.2192215758696,57.317729299204075,231.25221126549877,191.91364053425221,138.22111015174599,135.90772885361156,161.40061113036239,155.1291332671581,192.3433582209604,182.73383512428205,221.50521225900144,214.06397187314997,250.83979062727693,241.19547720956166,6.4842792726390996,7.7735878073806077,8.85050288798422,1.0769150806036123,4.8651035460860896,10.481243060174734,5.6161395140886441,5.561099580340823,14.951166564063101,9.3900669837222779,7.2089114182934395,14.504432255509357,7.2955208372159177,1.3143134507251659,12.119358063534833,10.805044612809667,98.057086801913101,119.83202671914478,-21.774939917231677,120.77876272791036,-22.72167592599726,93.187853635492502,63.075515474629356,299.14488603174686,206.98433171236456,144.10470125227238,142.0825497662936,174.66212507437044,162.51355638957332,207.20222731235171,193.72868336118984,243.31068079344755,229.70233552238076,269.47453407125079,257.76964812350138,-3.8376076009368205,-0.36596359888685015,-1.923699023277095,-1.5577354243902448,-5.0708007476715693,7.2984352496568192,12.369235997328389,-2.0807197197665914,11.05484080514492,13.135560524911511,-7.2721399760806946,6.7578349991644586,14.029974975245153,-7.5857842761895995,5.4690268546318634,13.054811130821463,3.8736321932221358,10.32188687357592,6.2437874260877209,8.1395514062674579,1.2752225658653344,9.9359042937576589,1.1575757605055514,7.6418193001074144,3.7543338343225798,14.481051394374134,-0.2225764207298937,8.9000977269147654,0.4359982597268891,0.60747651020110816,0.47608758752619362
2494,2017,111.07550808835663,39.975182856917002,3,10,23.712664941738129,16.050003051757812,230.42810625283164,215.28361846053303,15.144487792298605,214.62516446502559,15.802941787806049,230.36462259718246,124.26331455441687,521.15614522993565,198.70631649302058,138.95137064609071,137.38744738569858,164.75849387860805,160.43261657536587,197.41120079020254,191.90478961776333,231.47997161935922,225.45083732956687,259.88148142744683,255.32268673511044,1.3279360550072852,1.1859214771698134,1.964362474803238,0.77844099763342456,1.0237767994952094,5.0621085261207099,4.0383317266255006,2.6902436232731759,8.2464595385898463,5.5562159153166704,1.2952162980845117,7.3139947120040745,6.0187784139195628,0.42691126272347901,4.9153762231194378,4.4884649603959588,118.78419925289563,96.071636703822151,22.712562549073482,95.084134492492012,23.70006476040362,118.74143778191774,52.925003651358566,193.4221125881013,193.57716458610201,139.09708885016872,136.40124951859926,162.59989676021863,155.73952492095037,193.19382673751812,184.77738670743756,223.2371739330035,215.23973898586067,252.83328824126627,241.90625013997615,3.7190179418503817,5.9955402245927587,7.8568351200915743,1.8612948954988155,2.962286684880695,9.7299326815923166,6.7676459967116216,3.3116198837630293,11.652812508277492,8.3411926245144628,4.4162389807716238,12.090641752641488,7.6744027718698646,-1.6818787555504571,10.852774643477602,12.534653399028059,111.64390683900274,119.21198302629273,-7.5680761872899893,119.54102997253358,-7.8971231335308403,111.62318465433145,71.338310888902924,327.73403260856867,203.51882234082333,138.04243767807941,139.21410862232221,172.57292559942988,163.63876598617185,205.84520910472762,196.97411766036953,241.98570953618537,233.01717572890837,268.75819877633688,261.47458665761462,-1.514401573143914,-0.043423236157934753,-3.1878179333446042,-3.1443946971866694,-6.7955157416097052,1.8928682314258083,8.6883839730355135,-1.7944646420027084,6.7206097803515945,8.5150744223543029,-5.4855097671166106,4.1982497753725738,9.6837595424891845,-5.5072650263933838,3.3128661176901346,8.8201311440835184,2.3910818868430965,5.2334195149942957,4.8096187474229453,6.0389634607506935,1.9385098853854856,9.7578024264904002,0.62137626048985339,5.1060845257657377,3.1210226826871121,9.9017487478882344,-2.1087900182739361,3.8253862708429267,0.3711404237644802,0.51544996989207859,0.42591012352388097
2495,2017,111.32550923192709,39.975182856917002,3,10,23.712664941738129,7.2105255126953125,187.26892294357822,189.06070942651422,-1.7917864829360042,189.13861517159967,-1.8696922280214494,198.52254957242985,112.69298955429986,504.41700471937656,205.74568302211168,151.30667787254075,146.80178117616666,176.29381419145102,169.05140526579035,204.71697139292638,199.60329295845378,236.76189060834787,231.28950618637012,261.04264745393533,257.85018051512571,-2.7507330938220207,-3.5596233107988553,0.41592857492625512,3.9755518857251104,-4.8788337780783593,2.022327071340186,6.9011608494185452,-1.9714339072923224,3.1340881139002192,5.1055220211925416,-3.0075969553312802,2.4636761141914292,5.4712730695227094,-1.5427389979344639,1.461649619268087,3.0043886172025509,77.960777381260414,80.850340470431547,-2.8895630891711335,80.975973059234093,-3.0151956779736793,85.176292467396706,37.293993847619276,140.59342591295717,197.87082057168627,146.81472267856003,146.2127666730585,166.15085349032489,166.27843846111111,198.81863136216916,194.76860505225125,224.50626847958316,224.10478805952511,248.86164573403616,248.18956577828069,2.4685962773347967,2.8539165599282512,3.5360935351848184,0.68217697525656718,3.5801644109135964,3.6774687269130482,0.097304315999451774,1.6328175642894394,4.9451653085871214,3.3123477442976821,4.911107633667541,5.022117054288799,0.11100942062125796,2.3113209097388108,4.2246045888119852,1.9132836790731744,109.30814569642826,108.21036936547171,1.0977763309565489,108.16264176571713,1.1455039307111292,113.3462572391436,75.398994942996069,363.82357854396105,210.85540948206278,158.025761560603,147.66137699590007,178.62627831441355,170.57530272292729,210.23397046226026,202.6727796397098,246.46831971163533,236.55367496329643,267.46406667397724,262.7526911630182,-6.159031178280884,-10.420567000918368,-2.3756374348376141,8.0449295660807536,-6.1568546027345121,1.5154803441941738,7.6723349469286859,-4.8027101777404653,2.445840337017529,7.2485505147579943,-9.3848241607265948,0.81050348016262319,10.195327640889218,-5.4589951680509898,0.65528789256336495,6.1142830606143548,5.2193293711568174,8.6276274556156807,6.4135398707271065,13.274483560846619,8.4589981889919557,9.7370190136481085,3.6042514715817617,6.4355277420299046,7.9187045889988212,14.295931794394136,3.8540599076732747,7.7703160777898006,0.27872459611303912,0.42905097003260384,0.33093446180740094
2496,2017,111.57551037549754,39.975182856917002,3,10,23.712664941738129,-3.826080322265625,144.78978144157736,143.50219964599819,1.2875817955791717,143.44621797313448,1.3435634684428805,174.07792821621115,104.57480033286993,482.91419539600611,211.49515564022067,164.01631077950219,161.70915444107166,182.84772112991462,182.37664966935944,210.90676910927093,210.23140975292296,240.975332585339,238.47371006395099,262.94601414597946,261.21971834412676,-1.8785538385577638,-2.108279158381464,-0.44939326010256764,1.6588858982788963,-1.7390487127866265,-1.4743772192878737,0.26467149349875285,-2.4882961997676318,-1.8218503321036223,0.66644586766400948,-3.6861180456743625,-1.2332385538890946,2.4528794917852679,-2.4469879722027486,-0.79394290993940331,1.6530450622633452,57.786519471221254,62.581659084436978,-4.7951396132157242,62.790142939289581,-5.0036234680683265,73.126732231286951,39.812250604862129,140.70230459907907,208.35021654466175,161.02396841356972,162.29926823829857,183.06487859115299,183.83334746937965,210.13153160076621,208.85591462727012,228.22795811087232,235.71616945662453,256.02949714523373,257.3152569033395,-0.32558910184275192,0.76851614022973536,-0.40146373724914497,-1.1699798774788803,-0.50709096225088501,-1.6620560870398435,-1.1549651247889585,-2.3598065777958084,-2.3176556086662856,0.042150969129522764,5.8597346961402081,-2.0880387984455808,-7.947773494585789,-2.6603351375607929,-2.2003436485218231,0.4599914890389698,87.003261625766754,80.92054191950956,6.082719706257194,80.656075075308763,6.347186550457991,100.95119559004343,64.762549901395687,342.21189078316092,213.63852794207446,170.82555812000376,161.33752179242248,182.03590138136946,181.36130627109171,211.1884352580754,211.117487724542,245.36278555045834,240.43741656603245,265.4954438360603,263.75058831395154,-2.6944898758399916,-8.7488895796562929,-0.40093433774381992,8.347955241912473,-1.0490447988376559,-1.1784568250478173,-0.12941202621016146,-0.95225521194007001,-1.4886689670147177,-0.53641375507464772,-5.4865511363793189,-0.54599517971135469,4.9405559566679642,-3.5957960391653501,0.03909441956233195,3.634890458727682,1.5529647367150119,2.3689007739972396,2.8767952986111993,9.5174057198860282,1.2319577505357415,0.54195383658677088,0.12848962197182345,-1.4075513658557384,9.5458527418145707,11.346285832519527,-0.21334716535804432,0.93546090160455719,0.29136087930423826,0.4200804374260525,0.38070596815042018
2497,2017,111.82551151906802,39.975182856917002,3,10,23.712664941738129,-7.909088134765625,135.12903467626893,138.69929591456457,-3.5702612382956431,138.85452416648695,-3.725489490218024,166.23378712240992,106.02783971983263,457.09261048212647,208.11521914679841,156.8885122171757,151.47490207402265,178.12848916852647,175.38038490093373,205.9609303798795,205.55295812844679,240.94958159633674,236.23666692762527,263.34007668394793,260.022434970441,-3.8471695537441803,-4.7925280823806986,0.25132530029640066,5.0438533826770993,-4.2470190861842241,-1.4796497077846311,2.767369378399593,-3.0893464781506168,-2.7543218636616302,0.33502461448898657,-6.9553692811530823,-2.1662211879254869,4.7891480932275954,-4.3629674691458717,-1.1244093763879164,3.2385580927579554,55.006416048701794,57.777992150423415,-2.7715761017216209,57.89849599952322,-2.8920799508214259,70.798721244953413,31.498906338462803,119.10571911658189,198.05464570461461,150.7507811869238,156.51854385787814,168.46010603282249,176.75504999129407,194.84357237910444,203.79828942359489,223.72907910516383,233.29751153750016,251.57234404661625,255.04549148782598,2.3275492257298254,1.96743933487258,-4.2058499623131809,-6.1732892971857609,3.7095045093391263,-5.3234468595159399,-9.0329513688550662,4.2372458186216306,-5.9017343231381574,-10.138980141759788,4.3092539392201274,-5.5358593282539061,-9.8451132674740336,-1.4721932220913061,-4.1023845777390591,-2.630191355647753,80.122618657369458,80.921302596432724,-0.79868393906326673,80.956028584196247,-0.83340992682678916,95.435065907258831,74.52893270192726,337.98689050972462,214.17045895429413,160.21094107774437,148.40194686331404,181.43467181817908,174.0669072911007,213.03058403548735,207.04665310215751,248.09269036675443,238.94356267827692,265.81136448289845,262.87774214209026,-7.1690413503356751,-7.0828017298239843,2.8338402241552956,9.9166419539792798,-5.4466617972124425,1.1346949015632504,6.5813566987756928,-5.8902630307810853,-0.55634238164654448,5.3339206491345408,-9.4115669616203945,-0.40626636182463471,9.0053005997957598,-4.3024504252923634,0.13515922036856409,4.4376096456609275,6.1747187794740057,9.4965905760655005,6.7599674172532787,9.0502410646965643,7.9565235955233504,9.1561663065515688,7.3265922967722474,10.127508849402716,11.26462322037321,13.720820900840522,2.8907742470545656,2.8302572032010573,0.26057240127105324,0.42589850397151341,0.29708146861895268
2498,2017,112.07551266263847,39.975182856917002,3,10,23.712664941738129,2.86956787109375,144.15032707333739,152.40751669624296,-8.257189622905571,152.76652477012976,-8.6161976967923692,153.33950313193782,120.58369246353686,446.30029257014394,205.65240561081026,151.94500550206675,142.60053016474799,176.23109959960033,165.97457949334191,203.01574053517697,197.09709732409323,238.47031991510215,230.13748955857326,261.89026301745747,256.46130819764005,-6.077340023111077,-8.3974845679540806,0.60920234466840384,9.0066869126224844,-9.1213099124491919,1.1558951470119894,10.277205059461181,-4.5043347375001019,1.3681567132147165,5.8724914507148185,-7.2543185821260465,1.2279255859479861,8.4822441680740326,-4.8342122263630927,0.71874399321586679,5.5529562195789595,48.663140228587508,64.219097095320649,-15.55595686673314,64.895442607463337,-16.232302378875829,55.570443085032821,31.987966968472392,95.450216741650365,194.55301204531338,143.11997640778984,147.04984133433018,165.54926033798523,165.98252089477376,194.91110044623471,193.73380873062956,222.69821827840514,222.05953087229199,241.37405264674703,244.38941233627767,2.1614263959392304,5.1535672256891303,1.2535241089559293,-3.900043116733201,3.6205089244805038,1.9225269540105785,-1.6979819704699253,1.302374972174249,2.1304113159626752,0.82803634378842617,0.54916867552017834,2.2019206824681419,1.6527520069479635,4.0491397818726682,1.8128513096494885,-2.2362884722231797,95.487187368235027,88.188419368982068,7.2987679992529593,87.871082205425409,7.6161051628096175,97.769060600192461,88.595725547602342,350.85007633641362,210.86715274560916,158.60351099027753,139.84813667563546,178.61372112716478,165.96830941350618,210.2609087565946,199.93569179515052,246.98029954034294,236.13791003140858,265.16011830660494,261.31261326207073,-9.539796328948114,-15.426694576015734,0.53321452741789699,15.959909103433631,-12.142523507193744,0.41735944303641759,12.559882950230161,-9.2798297306981965,0.82776826731830511,10.107597998016502,-10.716743257275027,0.61545649470249941,11.332199751977527,-4.4315767361040912,0.35336553954471128,4.7849422756488025,8.2387664190503074,11.701222724887344,13.551051793643211,20.580261801704864,12.741818836929696,15.763032431674247,5.806709709674351,10.582204702872446,7.8034872576462249,11.265911932795206,8.8833520082357609,8.4807165179767594,0.21386993988279468,0.36240135092402365,0.26527606109047613
2499,2017,112.32551380620893,39.975182856917002,3,10,23.712664941738129,-1.1666717529296875,142.401997785204,154.95753267134205,-12.555534886138048,155.50342549593552,-13.101427710731514,162.9069044750222,127.0483028934068,473.43374434858561,205.09634855428092,152.08285832036341,146.6231985211401,175.37479389333799,169.01881955751153,203.8159452644795,199.47608241864404,236.82119427875091,230.43869825684038,259.5729240095792,254.4888392689856,-5.4649533512656774,-5.5277484297622266,-0.25763775712468373,5.2701106726375428,-6.8688289678597982,-0.49067197054790768,6.3781569973118906,-4.9186028421158596,-0.54921368176516694,4.3693891603506927,-6.8114656220425616,-0.44579117564754256,6.365674446395019,-5.3820780311392582,-0.12391669922553206,5.2581613319137261,69.096939132306943,76.337719634288078,-7.2407805019811349,76.652535439299754,-7.5555963069928112,79.953379502208918,50.273943166257595,150.50123495259322,198.12690612360785,147.92611470092018,150.21148673821276,170.0103847693203,169.68646767890141,198.12925286891326,197.82206791850803,223.68298099533524,225.59750243718122,243.5589536566192,246.87110732072341,-0.50022604892726008,1.5172494823473812,-0.6334460515093383,-2.1506955338567195,-0.44843718138955069,-0.80448103216028244,-0.35604385077073175,-0.63206734413648746,-0.85776088175276755,-0.22569353761628008,0.88803428452786193,-0.88547271332811306,-1.773506997855975,1.9926905052089126,-0.75071890613898518,-2.7434094113478977,73.305058891935914,78.619813017186971,-5.3147541252510564,78.850888665860111,-5.5458297739241971,82.953525245379751,76.774359662966162,322.9325093999505,210.77858627083717,158.01556295866288,143.55734890822802,176.98469426875184,168.2406665360071,211.54336413787362,201.28231724272504,247.42574461423081,235.57223854001691,264.4366730418908,259.17125479849193,-9.1722995800210754,-12.86650752550355,-0.31311915942595192,12.553388366077598,-8.5125055068427855,-0.10933084776883106,8.4031746590739544,-10.594278511681011,-0.081980621871423409,10.512297889809588,-11.605629126494421,-0.093702550595565981,11.511926575898855,-6.1893460084050389,-0.043394730587408503,6.1459512778176304,4.9647273023384173,8.6720735310938153,7.0449979121096078,14.383757007850932,6.4203917864702476,8.0640683254532348,4.2865354979793722,9.962211167544524,7.6994999065704235,12.493663411022283,7.3747685363481708,8.1820365136139515,0.31789291901799954,0.49079184065195847,0.39570731777847756
2500,2017,112.5755149497794,39.975182856917002,3,10,23.712664941738129,-3.875,155.15452834118332,163.16593562255366,-8.0114072813703388,163.51425621535964,-8.3597278741763148,180.87163404274906,129.5555108222361,481.62432149797678,201.13359046719196,143.29615635046261,141.49499109893219,169.42274272780395,166.37457585452051,200.56987976737409,199.61439137435917,235.32426977447841,231.53642237033876,257.88118789136814,256.32658253076784,-3.0544554215851747,-2.1630110915795626,-0.50392610504499658,1.659084986534566,-4.342290668476636,-1.3861415990500632,2.9561490694265729,-2.7377442529001428,-1.6652520165671945,1.0724922363329483,-5.274877461886291,-1.5274581477731601,3.7474193141131309,-2.2105146244602167,-0.5188395971994737,1.691675027260743,82.611277583990159,83.401370552295703,-0.79009296830554376,83.435721867088432,-0.82444428309827344,96.519880517389538,66.832328109952869,176.62105097947642,199.39382339252001,146.08939734085499,148.71900898602988,169.24700882890875,170.43714851812851,200.04793435834284,200.29560956746255,226.13437978335628,227.77192016504912,249.29752066046012,248.71238457575822,-2.63434271960665,0.50824687915323352,-2.4424823419363122,-2.9507292210895457,-1.1464499346040782,-2.8105612548911267,-1.6641113202870486,-2.9202497729981758,-3.01468837379403,-0.0944386007958542,-1.6555548222166863,-3.0508301631391248,-1.3952753409224385,-3.1362076050172618,-2.7444017459053498,0.39180585911191201,72.5432507050391,79.764563763923434,-7.2213130588843342,80.078534353238865,-7.5352836481997656,84.351753513252334,62.723182438474396,305.00327016040683,203.06590323337844,141.84732513056875,136.40355204002111,169.70969058147352,162.23664887060329,201.81312732723225,198.85519862764659,245.67903745060011,236.48622989626966,263.69739486756345,261.79153437071278,-3.4794424645207016,-2.7134012755884953,-0.34343336667225799,2.3699679089162373,-6.189757730392472,-0.12951273096697946,6.0602449994254926,-3.2145895436018463,-0.20046238389747373,3.0141271597043726,-8.993107834659952,0.10210855885031833,9.0952163935102703,-2.8323551704983174,-0.12101094705838022,2.7113442234399372,0.42011270197852468,0.8450997449140516,2.6712579707327961,3.2216481547417288,3.1958407338725578,5.0433077957883938,-0.182505520098033,0.29433977060367056,3.6193226396696048,7.3375530124432657,-0.92569298055704508,-0.30385243451894439,0.3667195427966326,0.53363746630705533,0.51585862836551899
2501,2017,112.82551609334986,39.975182856917002,3,10,23.712664941738129,5.578948974609375,165.45678498610505,183.67929043262848,-18.222505446523428,184.47157291238545,-19.014787926280405,178.92650736095311,122.84102933105169,473.12160907685757,200.94145939034891,143.24725160573067,133.34399088490051,169.56782351012382,158.29883101759538,199.02160620774492,192.49780016776194,235.90929207662944,227.34832385846221,258.9126787381511,255.45926721345793,-5.7981651661856404,-8.8842067648983232,0.094443408281307484,8.9786501731796307,-9.8831992035024427,1.5391599023570279,11.422359105859471,-4.2378875047280928,2.3328743033170554,6.5707618080451482,-6.4969383440161721,2.032880761635397,8.5298191056515691,-2.2481339791295341,1.3325331491825807,3.5806671283121148,66.157494040602614,75.535746022495005,-9.3782519818923902,75.943496351072099,-9.7860023104694847,68.933406324772477,36.103988514275443,109.66900505463127,194.41797053444492,137.9983681735601,139.54499964400654,163.70455185529502,160.01644351036748,195.16004748152264,189.79215741318259,223.60132917278455,219.60856030390161,249.16692500367489,242.93338724604527,0.45144806703089557,5.9565899951703614,4.0523458815619051,-1.9042441136084562,0.89308857754951987,4.4658153657531727,3.5727267882036529,-0.1477111581334043,4.5951682881534737,4.742879446286878,0.43601608025426231,4.476688922510192,4.0406728422559297,-3.225496225703381,3.694117686767612,6.919613912470993,99.299290325143375,108.14354446032667,-8.8442541351832915,108.52807569704601,-9.2287853719026316,109.99310031523873,86.737041146636329,363.45260383933783,204.42445546292805,143.91941623046401,129.06822578141569,175.08219540796307,156.99709157378757,204.18132328285319,194.73837891488736,242.51536990792602,233.4915079462632,261.18127453521163,260.99119627210797,-8.9312951658217514,-13.57246458396321,0.50841588766118662,14.080880471624397,-18.088829079783721,-0.74529622434320686,17.343532855440515,-8.8467859134703417,0.44518517851733463,9.2919710919876763,-8.6492522061300861,0.31977754309687612,8.9690297492269622,-0.73883052350231537,0.290676264169349,1.0295067876716644,6.2496132332165359,9.382743232852647,14.840796760068685,19.529054579133572,10.776287781051963,18.981917657333241,4.0901763465946885,8.6990747553369374,6.9329544242704344,9.0852682863843484,-0.97736224657384696,-2.4866657022010656,0.23179876579430508,0.38526100655232332,0.29390822195877753
2503,2017,113.57551952406125,39.975182856917002,3,10,23.712664941738129,14.166671752929688,171.16919543829863,177.15332300690352,-5.9841275686048903,177.41350404204422,-6.2443086037455942,172.76682486856498,110.55034442755277,480.2880195453763,207.02202152586281,153.80303697634238,152.62959912979528,178.43928840384635,170.63002533494856,205.91288520931872,197.65824189170291,236.910022023734,227.60808999202115,258.75054019659837,253.4456921736973,-1.6248365710466999,1.4651579686724006,2.4894741834555418,1.0243162147831413,-2.3475994125377611,5.5197250042732833,7.8673244168110443,-1.2960348318089814,7.0089519675817655,8.3049867993907469,-3.19260078033588,6.0585841689731694,9.2511849493090494,-1.4623866458019847,3.8491175882800803,5.3115042340820651,87.180997872401349,100.9212614261869,-13.740263553785553,101.51866463497208,-14.337666762570734,88.65718784834462,49.089591638508864,160.18799981585471,206.96105533895121,160.96133837450233,154.18838188953174,183.5166464240796,172.24648132358138,206.94147969716383,194.60245739998865,229.52140527264194,219.01849803182768,253.47156814003731,240.889201854915,-2.1133306108468446,-1.7838388145900694,5.1298324635215238,6.9136712781115932,-2.9124594212894408,7.8637076615083572,10.776167082797798,-2.7729074282100328,10.184854710454687,12.957762138664719,-0.36210567633457913,10.303053407817401,10.665159084151981,-3.4476583129977598,8.8602742324925146,12.307932545490274,83.988197979404504,76.232061481376149,7.7561364980283543,75.89483865208058,8.0933593273239239,84.109637433727585,61.460753026531165,320.10002025216818,207.07971106270071,151.09896556048119,150.9375880314212,176.25709014923848,168.56409451281638,204.90360798980674,202.73938653007338,243.90255865512148,239.88076225977849,261.07160814564088,261.8839955430654,-1.0545163820578694,1.090450439229727,0.43581429695609586,-0.65463614227363109,-4.6133078735032029,2.5869277953621577,7.2002356688653606,-0.89385944371107939,1.6696535487311621,2.5635129924422415,-3.7971112795171678,0.76143608848238387,4.5585473679995516,0.9805135266909133,1.9976679803323236,1.0171544536414103,-0.48849403980014472,-1.0588142287889752,-3.24899678326247,-2.8742892538197964,-0.56486000875167974,1.7008484522137621,-1.4768725964010514,-1.8790479844989534,2.8304951040013009,3.4350056031825886,-1.9852716671957751,-4.4281718396886731,0.33352487111271906,0.51316094924932454,0.44404738757443551
2504,2017,113.82552066763171,39.975182856917002,7,10,23.712664941738129,2.2916717529296875,133.57042714953423,136.36756405234337,-2.7971369028091431,136.48918086290359,-2.9187537133693695,158.76347671634358,88.871702020303928,446.72766418009996,207.56506833685322,160.74680522981495,161.07672687173923,179.38968695390639,178.82882391775846,202.71983382476986,205.71091522206714,235.83913184426902,234.60354644524901,258.70287897631215,258.23536484821022,0.76200246673232641,0.8699125443378648,0.40773342556522607,-0.46217911877263873,0.26571421806744411,0.77486530340303261,0.5091510853355885,3.8496888645138654,0.94555081635249394,-2.9041380481613714,-0.30393471269024985,0.83917596579402698,1.1431106784842768,0.015322878088682046,0.4330809653573624,0.41775808726868036,58.05209206789732,67.588834449648857,-9.5367423817515373,68.003474667668343,-9.9513825997710228,66.955874019169642,31.709276349793299,129.80465371877654,207.42332589190281,162.0442027424692,164.31640572134006,179.32694121994629,184.09493286321089,200.73317513877799,207.23812823747659,232.27099177206543,231.15873527956859,261.65549269877909,251.44476055206627,1.1337927606457185,3.2433094640799993,0.64868748945326615,-2.5946219746267332,5.4041140839213995,1.2145288230142626,-4.1895852609071369,7.285941331781089,1.4928308619434176,-5.7931104698376714,-0.05005480098117232,1.5965827352260078,1.6466375362071801,-9.779983477372042,1.3558919252501767,11.135875402622219,75.518335044384003,68.778732895851135,6.7396021485328674,68.485707029700279,7.0326280146837234,91.807602630118708,57.162425417191116,316.92301015555859,207.65894654677757,158.85609695345417,159.00866221174698,179.40425902836603,175.01904850353719,206.41743604259253,203.98140958848103,236.73976283059167,239.04464754442398,257.10644815275236,263.27082294866517,-0.1015058892558045,1.3127405232543765,0.20132046802009995,-1.1114200552342766,-2.9163560708185514,0.54259549994287681,3.4589515707614282,-2.7755114596535577,0.27555648644093367,3.0510679460944914,2.029392487730405,-0.10261532416711816,-2.1320078118975232,4.6831551518299079,0.00015130155412634849,-4.6830038502757816,0.37179029391339213,1.235298649901523,2.3733969197421345,1.9305689408256228,5.1383998658539554,8.3204701547399509,3.4362524672672237,10.061452791434647,0.25387991170907753,-2.0794472887115774,-9.795306355460724,-14.46313862920195,0.29056775330225643,0.42173348306548525,0.35679834670600652
2505,2017,114.07552181120218,39.975182856917002,7,10,23.712664941738129,6.0833282470703125,150.02148246765137,148.16399466991425,1.8574877977371216,148.08323538303375,1.9382470846176147,170.64607811730093,94.597021900590335,451.41589234024286,206.79254941924287,160.61545744558916,161.20257423212144,179.73161747237131,177.90411060336612,202.95875223269363,203.66959381631654,233.06932198809912,231.9902857275178,255.91828752857788,255.93387419202313,1.28926001545139,1.8134162669631451,1.1296356249582402,-0.68378064200490485,0.39507706601193604,2.143097432944046,1.7480203669321099,3.3367411307350778,2.6881409253780078,-0.64860020535707008,1.4822146845527868,2.4909683218713781,1.0087536373185912,1.4968459870817696,1.3751993633920563,-0.12164662368971335,91.303898140788078,93.343525111675262,-2.0396269708871841,93.432204604148865,-2.1283064633607864,97.10975660756958,48.150321092607101,180.83808534982381,206.99424661777826,165.52165758654422,163.19290092911035,183.06421609896933,179.89155321914421,201.14828331986774,201.78146949662565,228.13179590154388,225.2796451308069,254.63630664238067,244.25657332255085,-0.59629931134978165,-0.34377182880487567,2.0478541341593086,2.3916259629641843,-0.13387100939442576,3.4648767404375747,3.5987477498320004,4.0675135334201684,4.3032559486851767,0.23574241526500828,1.3587415885503162,4.4110540988129117,3.0523125102625954,-6.714485438260823,4.3645288574260803,11.079014295686903,58.717584311962128,54.820470333099365,3.8971139788627625,54.651030689477921,4.0665536224842072,73.536321926963865,46.446700866035826,270.57780762761831,206.54836011252718,154.14888424343357,158.70861250362555,176.68567805733332,174.70580834370793,206.32020598983974,207.53409938436641,237.06338377370244,245.30231886049086,257.69930113144926,266.06687706748153,3.2979741211394753,6.1137500006109917,0.63781665307701019,-5.4759333475339815,-0.57656992752265523,0.8116481857030351,1.3882181132256903,0.1402901506492924,-0.5013874694972742,-0.6416776201465666,6.5871752756951878,-0.9043979979557264,-7.4915732736509142,6.4586783704512527,-0.15924377282954083,-6.6179221432807935,-1.8855593268011717,-3.8942734324892569,-2.1571880957680207,-6.4575218294158674,-0.5289480754063618,0.44269891812822948,0.73077240268509058,3.927223382770876,-0.12347309600247058,-5.2284336871448716,-8.2113314253425926,-13.173163808712076,0.40060194693704282,0.56907113060528125,0.50900461901651706
2507,2017,114.5755240983431,39.975182856917002,7,10,23.712664941738129,-0.2272796630859375,116.09706888646542,121.08928990386084,-4.9922210173954227,121.30634398047005,-5.2092750940046244,145.89228880000155,78.645014052086481,396.24820034205914,208.23973360279814,162.72879028856229,163.35501800937811,178.93747066070955,181.02507709344655,204.25433258881014,207.85529699607602,236.98120230845316,236.98309327047301,259.3647171032257,259.75918508643662,1.416162742390469,0.96475270664521418,-0.060895123145826346,-1.0256478297910405,1.8380249782750582,-0.076848907385539178,-1.9148738856605974,3.3704453740842553,-0.10103695645017297,-3.4714823305344282,-0.050069263641603357,-0.091798432686630349,-0.041729169045026993,0.39199893221763205,-0.064166059868227876,-0.45616499208585992,46.942633753436894,54.078641300713571,-7.1360075472766766,54.388902759714256,-7.4462690062773618,54.127841925042958,30.746628500028237,115.6943554507161,212.15561962359055,167.17051557448909,168.8171842354636,183.96781022301454,188.64142428296145,214.02651522195436,212.83920922083684,240.74874783165046,236.6708463786438,261.39355660413935,256.14818604864286,0.032874472222971463,2.3434445198974743,-0.05786107218702341,-2.4013055920844977,4.8063562892637606,-0.11706350406188903,-4.9234197933256496,-2.3880757743901029,-0.14335269783396143,2.2447230765561415,-4.9291809498446639,-0.15503372577100549,4.7741472240736584,-6.9918304383027134,-0.11274708313089832,6.8790833551718151,69.154435611728331,67.010649372590706,2.1437862391376257,66.917441697592949,2.2369939141353825,91.764447443065364,47.898385562535623,280.55384604632854,205.8600112741193,158.48139934752243,161.30554295014599,177.17258422144278,176.59651214210263,201.6484513379414,203.10994178481161,236.80699779662555,237.32826474146503,257.92079732159345,262.60621853227985,1.5536816709858385,3.4276637949504334,-0.03467627130009987,-3.4623400662505333,-0.53962229168041631,-0.039868119279788061,0.49975417240062825,1.7499674922326278,-0.071638429248821467,-1.8216059214814493,0.789544913518057,-0.033292139977731949,-0.82283705349578895,2.7467605367000374,-0.03702327234537961,-2.783783809045417,-1.3832882701674976,-1.5208071987628671,1.3786918132522601,-1.0842192750529591,2.9683313109887024,5.3459785809441769,-5.7585211484743581,-4.1380432666227307,-4.8791116862030606,-5.7187258633627209,-7.3838293705203455,-9.7385909750027508,0.29197446285142387,0.37101235692617623,0.39095458079090417
2508,2017,115.07552638548404,39.975182856917002,7,10,23.712664941738129,5.5,132.30357381753493,119.9444267400977,12.359147077437228,119.4070743130942,12.896499504440726,143.12841847590971,158.16383846332428,416.01889197900891,193.70939683973407,142.47645925574406,138.60513750991896,164.52993418615296,160.69674273296508,192.03316593927985,189.43062355158395,222.59454451028691,219.85922391069593,247.31956962551266,244.78109776657206,-0.60797245059796978,-2.8280142433238211,1.062194657303337,3.8902089006271581,-1.3907051494396399,2.4541757926646994,3.8448809421043393,0.47204249056861158,3.0432901264188388,2.5712476358502272,0.11383567261057692,2.8969836429357372,2.7831479703251603,-0.72209686028423903,1.8038503322275687,2.5259471925118078,96.473280544654699,79.197070479429385,17.276210065225314,78.445928870740318,18.027351673914382,104.86297902025399,107.8879516201996,231.57436717697419,191.0363822091858,138.93401130081946,144.75950319988161,161.94636439518905,164.04163978424532,190.2687801405356,189.69279691436586,219.39353974421704,217.17859980817613,243.90127189510605,238.36221286743975,4.4173275951791879,10.217383417304205,4.2127702233117645,-6.0046131939924408,6.7943257811257922,4.7023166064780071,-2.0920091746477851,4.2278630743729479,4.814027832962779,0.58616475858983108,2.6433517183941433,4.9412809198715308,2.2979292014773876,-1.0560870419470518,4.7814173749231372,5.8375044168701891,35.83029322724542,40.747359347692509,-4.9170661204470889,40.961144322282962,-5.1308510950375421,38.265439410020917,50.275886865476423,184.44452471658587,200.13223205005818,148.8961596094218,129.33433947937846,173.06171824640688,152.22973177356229,199.47358179583497,188.83155319255678,230.76091499910629,227.0542547343164,253.53610404574718,256.91458978610376,-11.054986950499284,-17.817726771090236,-0.69967165936270703,17.118055111727529,-23.83121301352881,-3.3651109011359495,20.466102112392861,-12.322802446125593,-1.5137478758684892,10.809054570257103,-6.1649188189295785,-2.3190083880348311,3.8459104308947474,-0.39697322589489659,-3.2156839355331215,-2.8187107096382249,5.0253000457771577,15.472314545678472,13.045397660628026,28.035110188394441,8.1850309305654321,30.625538794654602,3.7558205838043364,16.550665520498541,2.5295160457835664,8.8082705373237218,-0.3339901816628128,-0.65911381605215524,0.55664387277070759,0.73264960332041762,0.68212780284298125
2524,2017,77.325353706344146,39.725181713346544,1,10,23.797809645576478,0.1904754638671875,120.98785274233887,118.92105439454463,2.0667983477942471,118.83119452568462,2.1566582166542503,145.63261401562158,95.715076897558902,374.0819063205272,199.34189294773918,141.59527186688084,142.6425281365575,164.43489943971156,165.48976343891812,197.7683639427853,199.60658305697157,232.49464037533272,233.97106845892591,259.40702191699074,260.40638524671266,1.343571691996317,1.2661225807140966,0.033451191019963744,-1.2326713896941328,1.127762966481157,0.057921477737750138,-1.0698414887434069,1.9066322845553714,0.087173306193903954,-1.8194589783614674,1.5137516675133327,0.088644809470878272,-1.4251068580424544,1.1048118275926413,0.063083534135444097,-1.0417282934571972,44.723704703829299,43.966585510010191,0.75711919381910775,43.93366725679607,0.79003744703322809,51.460399856873664,27.762322228208177,86.207310117548332,196.62698242627837,144.2907475728525,152.30494735093964,166.36691280541044,176.93022219281656,192.5903825360013,205.0820092384603,224.09460676626861,234.5722858177445,260.20176257947372,260.33844997840947,8.7868340895108474,8.3957613662658446,0.047048718654195909,-8.3487126476116487,10.512949456169537,0.12316887615702399,-10.389780580012513,12.682922962849318,0.13398763169183781,-12.54893533115748,9.3317702240027529,0.12224217408871141,-9.2095280499140415,-0.76123115325833624,0.080953531963189107,0.84218468522152534,76.264148353562632,74.954469386916571,1.3096789666460609,74.897527451959832,1.3666209016028006,94.172214676740623,67.952754322721376,287.87459622882307,200.66853974471965,140.06545459958645,139.77705353429806,162.59541304534881,159.13013530254634,201.87705156540815,195.26507067367262,236.37126721050817,233.59614608169269,258.90726790291916,260.44676877463036,-2.8089651679846668,0.036184080601572077,0.016152450096939219,-0.020031630504632858,-2.8307407257393891,0.02293022252356991,2.853670948262959,-6.6543348652427596,0.046607071922238674,6.7009419371649983,-2.7143842816588233,0.069141932748351564,2.7835262144071748,0.97697846863536597,0.052996958137953243,-0.92398151049741273,7.4432623975145304,11.595799257495514,7.129638785551748,8.3595772856642725,9.3851864896883797,13.343690181908926,10.776290678293947,19.337257828092078,7.8180185564894202,12.046154505661576,-1.8660429808509775,-1.7382096218937022,0.23045036036488417,0.35335766102058469,0.29005171523731205
2532,2017,109.32550008336338,39.725181713346544,3,10,23.797809645576478,7.18182373046875,248.9858729839325,227.23704993724823,21.748823046684265,226.29144716262817,22.694425821304321,270.92319071996462,114.47105317856403,578.66405442357063,193.4867891786715,135.65939188526946,135.65625987747705,159.10663256662147,158.45388134075955,191.18188737832705,193.06306247977867,226.0328802088145,227.94170382397411,256.07543230664601,257.02065916817918,2.9489514516662325,1.3027870541576476,1.0196655609933885,-0.28312149316425916,1.2931563833008113,1.7411717532232558,0.44801536992244451,4.4695623306288041,2.8178047008839826,-1.6517576297448215,4.3186577608553307,2.5251594122846654,-1.7934983485706653,2.3396831208709727,1.4924302943025509,-0.84725282656842182,128.35982625186443,94.039239376783371,34.320586875081062,92.547043025493622,35.812783226370811,133.71262725855922,41.80444982717745,197.69579677586444,189.56101282511398,137.56978598616169,138.31496035682494,161.66120835032063,158.01533179457607,187.12348536743445,187.32274721352167,217.97509115525284,218.87311587613314,251.49356116798273,248.45094603398144,4.30100421667413,4.23228289716684,2.6394930836117112,-1.5927898135551288,0.50674427148763357,4.02626240421273,3.5195181327250964,4.5921760870847663,4.7557728571408688,0.16359677005610251,5.2503449799472719,4.2210718468692789,-1.029273133077993,-1.9134315109447186,3.1878940070662907,5.1013255180110093,120.62604683637619,133.1978075504303,-12.571760714054108,133.74440497159958,-13.118358135223389,137.21056370727456,72.6666036501083,380.96825803816319,196.76985619939455,131.82201598967535,133.89009260283515,158.89078807596712,158.96647070904987,195.67904220908667,197.10369262043372,235.90513110605227,233.43289493667532,260.95324676785685,260.42774560238803,1.3906832785998802,4.1431302232495,0.53732236002824152,-3.6058078632212585,1.3077552427412513,0.063976933198489405,-1.2437783095427619,2.4774190529551845,1.9110893960656767,-0.56632965688950776,-0.36648254038865957,1.760719131235021,2.1272016716236806,0.30446919534477956,1.0335117730735419,0.72904257772876235,1.3520527650078975,2.9103209380742499,2.9294958430091924,0.089152673917340053,-0.78641211181317772,-0.80101097125361775,0.12261375645596218,2.1147570341295818,0.93168721909194119,5.6168275203359315,-4.2531146318156914,-2.2179007062894982,0.34164174405613768,0.49354441346724398,0.36519669092208362
2533,2017,109.57550122693385,39.725181713346544,3,10,23.797809645576478,8.9444427490234375,211.18801220791647,192.5266760390914,18.661336168825073,191.71531491345377,19.472697294462705,227.3090850980243,107.83478812566864,501.08576722443104,195.358450275481,137.96441082366573,136.65813675260813,161.52570407446302,161.0272423140878,193.59411902856476,194.95991838339953,227.53742515075874,227.96346883584422,256.47634799135665,255.71039314530364,3.0716722181669809,1.0712391953673261,1.5553559122476202,0.48411671688029401,2.2849979599646986,2.362161392670572,0.077163432705873447,5.2889639995141238,4.2823953951647695,-1.0065686043493542,4.1265249306982525,3.7332220732996859,-0.39330285739856663,1.7283960180945996,2.4771970848005083,0.74880106670590862,121.93641197889519,89.135148560881134,32.801263418014059,87.709005810926101,34.227406167969093,125.15873258569809,47.431753556724289,194.05568047071574,190.47347945409473,137.57182884083991,138.27973511403246,157.06494812948196,158.83059738875829,185.70940808590959,189.06248470664292,219.32559915472973,219.34828844351594,253.16859494984624,246.79066834135895,4.9268711252173318,5.5362881202800622,3.4959394862484032,-2.040348634031659,6.3971511046759133,5.0618923268110336,-1.3352587778648797,8.1655699858888227,5.3342250452924986,-2.831344940596324,5.14328464151302,5.5547420187756131,0.41145737726259313,-3.076211465889827,4.4978732791461482,7.5740847450359752,89.251600355681148,103.39152949483287,-14.139929139151718,104.00630758260922,-14.754707226928076,102.15035268741485,60.403035080938935,307.03008735179901,200.54505094507707,140.53648115009807,135.17063710251117,161.87680578947558,163.4194614528638,204.41968404343419,199.25077098554834,237.15468073916256,233.96311382663384,260.86560457012894,260.32486753891487,0.2923879037063557,-0.06123690631997647,0.6194235895102338,0.68066049583021027,2.6964830817107099,-0.79333514295055352,-3.4898182246612635,-2.8718168876799552,3.8874520980778016,6.7592689857577568,-0.47958269157467726,2.9777034367412796,3.4572861283159568,0.31024242345989705,1.5931941502962559,1.2829517268363588,1.855198907050351,4.6344832215109761,4.4650489249127361,5.5975250266000387,4.1121531447112147,3.7006680229652034,2.8766059863746989,11.037386873568778,1.0167597108147675,5.6228673330876973,-4.8046074839844266,-3.386453889349724,0.38727038994863378,0.5506103398010902,0.43985576807966842
2534,2017,109.82550237050431,39.725181713346544,3,10,23.797809645576478,8.888885498046875,207.38176911843038,188.06170002454746,19.320069093882921,187.22169752739137,20.160071591039014,218.25921600724632,128.82310777867679,513.16296994686127,198.67817529088359,140.62374896942924,136.6536889868143,165.07502652526685,163.83138670982856,197.62684664962032,197.08809616393373,230.8819803323313,229.75013007193567,259.22702673136803,257.05333833895969,2.0591523152579896,-0.84206603809576563,1.8934704663548985,2.7355365044506641,1.9051369965897607,3.0820203281113834,1.1768833315216227,4.5229551638381338,5.2366263113574405,0.71367114751930671,3.0649553671081833,4.4006129207479603,1.335657553639777,1.0231200909123004,3.218060811454734,2.1949407205424336,118.57049014045333,77.784057088629197,40.786433051824133,76.010734082647105,42.559756057806226,121.74863484637353,59.742448474295088,195.02284227777272,193.33283194895571,139.1973268032873,138.64820288159737,164.66345086579699,162.11442162156118,193.76449479165518,192.31254993530419,221.90682651531466,221.27389436886818,250.08534363690211,247.32354367787278,4.503426699485658,3.8928155334309906,3.7100602034028611,-0.18275533002812949,2.9707974399739783,5.1905560079311783,2.2197585679572001,5.0744423594314014,6.5444584918031126,1.4700161323717111,5.3008305299079552,6.7546331948954332,1.453802664987478,1.1718710323427217,5.6796273033781688,4.5077562710354471,88.81127899474086,110.27764376044797,-21.466364765707112,111.21096307387052,-22.399684079129656,96.510581177636595,69.080659033366828,318.14012771844864,204.5367709784187,141.8072157373785,135.2609263010624,167.17717308537576,164.76405729114364,206.45037863256036,200.23677171477965,243.45060117575713,234.36409864846476,269.69763798975407,261.40607900901449,-2.263619517661084,-0.46624360926904274,1.5432710968466097,2.0095147061156524,-0.4865741882365171,1.8409112514740968,2.3274854397106139,-1.8792705268467671,4.467737111809214,6.3470076386559811,-5.5969683485526502,3.8191359080745997,9.4161042566272499,-7.1456012471488179,2.3681423844826099,9.5137436316314279,2.4442743842276684,6.767046217146742,4.7348815715267563,4.3590591427000334,1.0656604433842176,3.4573716282104954,0.55148719559326764,6.9537128862781685,2.2358751627997719,10.897798878460605,0.14875094143042134,8.3174722794915397,0.38004075449553115,0.55781669646578136,0.46375568408840895
2538,2017,110.82550694478616,39.725181713346544,3,10,23.797809645576478,17.149993896484375,225.58991474874347,210.98681523194682,14.603099516796647,210.35189657833689,15.238018170406576,224.50012028809215,121.38183577933523,547.01306284964085,205.263598349153,153.50684855522559,150.57435807073298,175.96355546971444,168.75581710349292,202.76157029781893,196.28841918062986,235.34464293522774,227.90886272030338,259.2338747656093,254.72573855854583,0.036658656760948816,-0.79062549847807873,1.2377249256150549,2.0283504240931336,-0.7813170332283903,6.1636919825177472,6.9450090157461375,2.1064026508240659,8.6149694205122671,6.5085667696882012,-0.55515288215329406,6.8465478452601189,7.401700727413413,0.10104561891699859,4.4386058295623627,4.3375602106453641,134.79842820489284,97.317463505871274,37.48096469902157,95.687857442146196,39.110570762746647,133.83921174025818,50.879313520570577,218.99616022541886,199.47305383395005,152.00268219151772,148.17407154861124,170.74001995345324,166.56477644019,197.12917122312314,190.89408712796393,223.46544960378006,218.59278893770244,253.25423324751583,242.31621120928122,2.6970342306663042,1.4836793998330222,4.8627804900537797,3.3791010902207574,2.5250149226831411,6.6892104769792695,4.1641955542961284,5.2390846077249194,10.630769553163219,5.3916849454382998,6.4512617440407212,10.852405046160015,4.4011433021192943,-2.197454196338299,10.472011554788224,12.669465751126523,90.791486689602607,113.66934935977042,-22.877862670167815,114.66403909446672,-23.872552404864109,90.660908693585952,70.502522266215237,328.01690274477005,211.90046901726038,158.13858202679117,153.17334430770885,178.93637892209784,170.99406818853586,212.34255058651965,200.95529768817042,244.85683264268144,235.66420760990917,266.47299860094779,260.48853936387792,-4.4219213078782502,-5.0718750394408687,-2.6442740179248574,2.4276010215160113,-2.8084423686895832,5.041133608758912,7.8495759774484952,-4.0056211994779005,6.6373173854286165,10.642938584906517,-6.1049061705215593,3.2774477493251766,9.3823539198467358,-4.5960703191104244,2.9135567707899099,7.5096270899003343,2.6603755739053554,7.1189555385445544,2.2743048983111009,6.5555544392738909,3.3063319559115314,5.3334572913727243,3.1326819569008535,9.2447058072028199,7.0064146261940152,12.55616791456228,-2.2984998152552976,2.3986161227721254,0.40034905032170137,0.59616543442608227,0.4191674412723998
2539,2017,111.07550808835663,39.725181713346544,3,10,23.797809645576478,16.947372436523438,221.64379925187677,217.01271455036476,4.6310847015120089,216.81136210443219,4.8324371474445798,220.47919260066374,126.98276911774065,508.0470572412014,201.03972573843234,141.1835979278641,138.67285489894624,170.44340545800537,161.10374869253482,200.44529001738027,191.91345092934182,234.7133335497264,225.38022025865652,259.8823103682563,254.26022610513482,-0.73062431442653519,-0.16529055780245017,1.8958347865281553,2.0611253443306055,-3.2797705545539486,5.6561103872290346,8.9358809417829832,0.26870725183906075,8.7762159672091968,8.5075087153701361,-1.9135159757198608,7.4280701460499756,9.3415861217698364,-0.74662325655395989,4.6878287889093997,5.4344520454633596,113.83216961951985,95.243917563355353,18.588252056164492,94.4357331325009,19.396436487018946,113.18381483823214,47.276899191419943,178.67755487584509,194.28771818209384,143.47711912226433,137.08968344436505,164.35804950598913,157.33130147747889,193.22329450649264,185.83772274830258,222.12228056988678,215.30569306409294,251.23078211002701,240.89012971406291,3.9162092312789412,1.9998567135235419,7.9642909901967869,5.964434276673245,3.5293594877184944,9.5383586310894941,6.0089991433709997,5.9848053158839321,12.246328849960122,6.2615235340761899,5.827053650608093,12.514567447152842,6.6875137965447493,0.11109591778506456,11.380514481038432,11.269418563253367,107.81162993783073,121.7687933432826,-13.957163405451865,122.37562792885001,-14.563997991019278,107.2953780679054,79.705870485114247,329.36950361728668,206.83344093733811,138.65787584905806,139.99466405711968,174.77006466533004,163.35220352931776,210.17629269960926,196.44158733507228,244.32254667695807,232.61352705437875,267.7276153533835,260.36314021500584,-5.0431801269506309,0.78027469173991904,-2.5977522360743706,-3.3780269278142896,-7.9922083029573514,3.2566918118069736,11.248900114764325,-6.8115835313699904,6.663366692313673,13.474950223683663,-8.1645001400040087,4.2507628233308594,12.415262963334868,-6.0297995559917013,2.8956114020604105,8.9254109580521117,4.6468335457054764,8.9593893582295721,2.1651472713259921,1.2195820217836228,6.809130042272443,11.521567790675846,5.7160980640448713,12.796388847253922,7.7405696263279538,13.991553790612102,0.85771917433902445,6.1408954737767658,0.35169489189859787,0.51335372514372768,0.37230956231222184
2541,2017,111.57551037549754,39.725181713346544,3,10,23.797809645576478,-5.2727203369140625,130.24129953767624,138.4087754378088,-8.1674759001325583,138.7638807316107,-8.5225811939344567,156.91752005768012,103.98530404482517,433.87718281522393,210.33370094045196,160.54454779607102,155.84843170334543,181.04667270909673,178.51690253145497,210.40149678330076,206.82590154271506,241.10836502211353,236.29491313799917,262.05581905980887,259.91755761326647,-4.2225220137191286,-4.5128668399093215,0.21209864749624785,4.7249654874055693,-4.3242166129415978,-1.8666624864695791,2.4575541264720187,-5.7359211473337837,-2.1217377086301212,3.6141834387036624,-6.3990344354073727,-1.522501136953764,4.8765332984536087,-2.8168499264621687,-0.80761152281235127,2.0092384036498174,44.049690315507178,55.575793883524057,-11.526103568016879,56.076929830372137,-12.027239514864959,55.168768372929662,30.297073924906726,103.14329109418759,203.10868004507171,153.77477726012458,158.32874359291665,179.26119676818126,179.11331071606205,200.2394635795612,204.40023449582426,226.24508225990326,232.54876468912175,254.56093746215959,254.97545064210053,-0.045322020398742779,3.0372267804716557,-2.3164875379521561,-5.3537143184238118,-2.6985504405221832,-2.7697286453779384,-0.071178204855755212,1.7819456627220234,-3.6822075226035054,-5.4641531853255287,3.3833871148189019,-3.6761389505161901,-7.059526065335092,-4.0239601509750003,-2.7588047265582247,1.2651554244167755,86.191608947428904,82.832978677006395,3.3586302704225091,82.686951470192071,3.5046574772368331,101.74875144353791,73.68822998115138,330.73389146663249,213.85344051580759,169.62367212246957,154.5193318135417,184.23699741936906,178.17440886047098,213.14008863920608,208.83885254396083,245.97402964570611,239.06476273948741,264.8948835053489,262.594276719834,-5.6660015106717196,-13.475426868142335,1.5640784926072797,15.039505360749615,-6.2075195454635264,-1.3226297063721972,4.8848898390913291,-5.0399368639799036,-1.3667958128923203,3.6731410510875833,-7.4256389251521853,-0.61168107727058896,6.8139578478815963,-3.5232797250882868,0.079925641106626699,3.6032053661949135,4.1771999933203858,5.6206794902729769,7.5500936203809772,16.512653648613991,1.6256661724194146,3.5089691049413432,7.517866810055807,6.821882526701927,9.7824215502262746,10.809026039971087,-1.2071102245128316,-0.50068042588671346,0.23772462618324275,0.35157813068069516,0.29135918967786545
2542,2017,111.82551151906802,39.725181713346544,3,10,23.797809645576478,3.3478240966796875,147.07743509287866,155.05862126875218,-7.9811861758735176,155.40562949574814,-8.3281944028694852,154.99421347926182,103.51278666160761,421.96355570852757,206.19729866247292,155.84400745401837,144.2005966507443,177.17681414646037,167.15656468200507,203.60567564340485,198.17038842942185,237.47967243875956,231.21654410199733,261.9390201605205,258.00139109723887,-5.4387246420613735,-10.883161908069042,0.046969267263847314,10.930131175332889,-8.8535520145172768,0.98626933600792199,9.8398213505251988,-4.0338796965044992,1.3665178801128661,5.4003975766173653,-4.9659496234966412,1.3149940889743448,6.2809437124709859,-3.2205081135508067,0.71887758770458277,3.9393857012553894,42.167332533432273,57.656703017152267,-15.489370483719995,58.330153679731211,-16.162821146298938,48.779867206198105,26.891136298795573,87.044155403506011,197.80204591927443,144.28762447110316,146.17991071406408,166.1334807386871,165.27186508538585,194.1889836340568,192.27180384173647,225.49685033040657,224.15551497163199,256.91592658856791,249.67344371798026,-0.51696360821318876,3.9209073792018501,1.7516205735178687,-2.1692868056839814,2.1009553316099527,2.3119062026971733,0.21095087108722055,0.58562891446825915,2.3350861252328627,1.7494572107646036,0.22619638623714877,2.2008481130625341,1.9746517268253854,-7.2779968392844694,1.7243129315545502,9.0023097708390196,104.91010251101761,97.401921312170089,7.5081811988475238,97.075476456118849,7.834626054898763,106.21434622463494,76.621650178207346,334.91940015181899,209.67187265668471,159.62524086190979,142.83821786815906,178.85826961538166,168.8232101142093,209.17561621254046,201.79064231386701,241.54307710328416,234.85646282471029,264.6111794838161,261.23257876245526,-7.1731314305697822,-15.136318754366272,-0.62179206842543522,14.514526685940837,-8.8253001906657573,-0.25937538820954842,8.5659248024562089,-5.8389270747158832,0.72499703531673276,6.563924110032616,-5.5896212567684813,0.81440614451940974,6.4040274012878911,-3.8981862453201757,0.59335554376013988,4.4915417890803155,4.9217610338481848,6.6561678223565934,14.804069287270892,19.057226133568122,10.95450734612723,10.92625552227571,4.6195086109727583,6.4245559891841424,5.1921460097337899,5.8158176430056301,-4.0574887257336627,-3.3798105939642937,0.20628358593042095,0.31472056995679287,0.25978564741672988
2543,2017,112.07551266263847,39.725181713346544,3,10,23.797809645576478,0.13043212890625,150.09932159234813,154.40212176974092,-4.3028001773927826,154.5891999279047,-4.4898783355565683,169.8408949361874,121.49384517998624,445.5251588113606,201.71962128488792,144.30921657571679,141.95249168939355,172.30644803970731,165.50750886859089,199.91156453305621,197.65117397445889,235.7940261574328,230.71278327578369,259.2639055283334,257.16182548480236,-3.0570480851883985,-2.5336985908731151,0.03851491876162072,2.5722135096347358,-6.676795977261861,0.054126371991713995,6.730922349253575,-2.1414546218893804,0.062764684001791693,2.2042193058911721,-4.990604384093615,0.05201579896689168,5.0426201830605066,-2.1079808936905238,0.024486306854271334,2.1324672005447951,56.905727930456123,69.00939103669316,-12.103663106237036,69.535637495798255,-12.629909565342132,65.03236559787365,38.709354798515051,114.12711623890755,195.4775604514837,140.89856434349639,144.9237343366859,165.26760279968002,164.70253491594482,195.60689770316674,193.38962789726273,223.97597518964079,222.09067910567092,249.69558462646626,244.92035685094081,-1.2216623513675415,4.3815501588215113,0.084318620043973169,-4.2972315387775382,0.38192274835631679,0.091621418284518086,-0.2903013300717987,-2.3238762509854212,0.10069786404119441,2.4245741150266156,-2.4128009266054846,0.10209298237890607,2.5148939089843907,-4.7739357734233465,0.082638017510902273,4.8565737909342488,93.193593527781559,85.392730866513375,7.8008626612681837,85.053563260093142,8.1400302676884166,104.80852923400562,82.784490665848352,331.39804274216294,205.17157353526414,144.75248842254638,139.61883320202068,176.41780471059369,166.45379571256711,203.76597980654776,201.41694778579637,242.25785590006481,237.27390314285455,264.52124459889029,262.54778351906106,-3.4661252582104112,-3.2699711649499648,-0.01860090761820743,3.2513702573317573,-9.2627504013488817,0.0052657167429970286,9.2680161180918788,-1.7858973894046528,0.040490666912631923,1.8263880563172847,-4.8437339651655975,0.028094504730148628,4.8718284698957461,-3.1435983182223026,0.0095347528155116379,3.1531330710378143,1.835385733820857,2.2444629068428696,6.9152487496946264,7.6515213237714761,7.0587187256181778,9.6446731497051985,-0.18242162909604076,-0.53797886158076835,2.5778034574881303,2.4309330385601129,-2.6659548797328227,-1.6303374552010439,0.25616312341011926,0.38290168938586672,0.31861165264108104
2544,2017,112.32551380620893,39.725181713346544,3,10,23.797809645576478,-7.5217437744140625,115.52943846498601,119.10640861523279,-3.5769701502467797,119.26193066069027,-3.7324921957042534,147.60768904499491,109.2222640693526,438.40033044293523,205.16464399803129,156.76755314592936,152.9012089809554,177.34694764449381,175.24456506347556,201.94239636679887,204.54762864763345,235.14489259604977,234.27271211441465,257.34141981818107,256.6267432502857,-2.1731756676600469,-3.8186560763570014,-0.3911208413470888,3.4275352350099126,-4.0052491409026345,-1.7063875766706076,2.2988615642320269,-0.21286398181845811,-2.7819104525513865,-2.5690464707329284,-3.4200427051015652,-2.4143600182963212,1.005682686805244,-1.8761411097998177,-1.1154811853546107,0.76065992444520703,34.615736543571984,45.749090941678332,-11.133354398106349,46.233150065724658,-11.617413522152674,46.688083737768466,38.443109947579728,105.9324767596845,204.82228276700025,152.38096546533217,156.50322830784992,171.47763610258247,176.30429156229312,201.61317219566706,203.99738527953829,227.423893291669,231.62640997456793,256.79231717889149,253.16259426311476,-4.3248584836543102,1.0711221329511034,-3.7986186234037689,-4.8697407563548722,1.2142963684526364,-4.3962009942057421,-5.6104973626583785,-2.7077385592073142,-4.7159848480399091,-2.0082462888325949,-0.52064192285573085,-4.8035246719208828,-4.282882749065152,-8.7248546195703511,-3.3460929045340606,5.3787617150362905,80.913702252964868,73.357318964124715,7.5563832888401521,73.028780157001165,7.8849220959637023,100.91960555658807,70.779154515965274,332.46785431727767,205.33439255541813,158.59402445465469,150.73102557798191,177.83159714655056,174.49927563211492,202.01009121038638,204.85783809962666,237.22693781069862,236.11045066028953,257.53036618536936,258.15331066206795,-0.65522780096455335,-5.1593509102875714,1.5757108579867918,6.7350617682743632,-4.0511680271065131,-0.0377201267212115,4.0134479003853016,2.074176227471952,-1.4281577154268064,-3.5023339428987583,-2.3062712427030476,-1.3297959137408384,0.97647532896220923,0.34904870840125568,0.17188614741485253,-0.17716256098640315,-2.1516828159942634,-3.6696306826897569,4.8897782093081048,6.2304730432386748,5.219545509355271,5.2654643955591496,-2.4948745773888561,-4.7819147866792662,2.8994007822458343,1.7856293198473168,-6.8487135097705334,-9.0739033279716068,0.24163411704698362,0.31629845328407413,0.35197137026174075
2545,2017,112.5755149497794,39.725181713346544,3,10,23.797809645576478,-12.545455932617188,117.89028998728827,117.02575741163309,0.86453257565517561,116.98816829925636,0.90212168803191162,157.87594674035972,112.81080064805064,463.16452180594206,203.67356463071565,153.35381313350851,150.37191231417623,175.3436397436711,173.97064129805307,200.38885506791661,204.74848549943565,233.50228183790989,234.77599596842271,256.03825366110476,256.5335939306139,-2.5371773630629093,-3.3525733006963492,-0.83478348236471334,2.5177898183316358,-4.6473863362269299,-3.3036693769926444,1.3437169592342855,-0.39211871040149049,-4.7500899697811008,-4.3579712593796103,-2.9148009467960208,-4.1760083475141982,-1.2612074007181775,-1.7053970476236202,-2.1259946228618674,-0.42059757523824715,41.523172105786216,49.999084369245793,-8.4759122634595769,50.36760227738614,-8.8444301715999245,61.486344304563318,44.937091729670556,127.60904513021524,202.03954600905072,148.56281186873477,157.44535940612974,170.15469101701498,177.52561376032634,200.26210519815393,205.5627983806117,226.40022407787009,232.83155579915993,255.46321304363175,253.55816350862543,-3.7881917764451032,3.0421908587597102,-6.6733734083232434,-9.7155642670829536,-0.051146078753390611,-7.9416325398441359,-7.8904864610907453,-2.8019390974475584,-8.3729867811586871,-5.5710476837111287,-2.4823425289696956,-8.3934085251590886,-5.911065996189393,-9.1599244842429073,-6.3196571284835557,2.8402673557593516,76.367117743666313,67.026670918292439,9.3404468253738742,66.620564873126568,9.7465528705397446,96.389602155933972,67.87370843079043,335.55547574907541,204.7322177906149,158.51401773026015,146.44067755390407,176.7278646523217,171.34902489596496,201.1672086857582,203.95176948400257,237.61651704988395,236.4306556817387,257.05129162535889,258.44985424106278,-1.2753073376044597,-7.2110552732900146,2.4029823601696876,9.6140376334597022,-4.5638359258483661,0.33277900709359187,4.8966149329419579,1.1353410425051038,-1.523578410029188,-2.6589194525342918,-2.4211845084866184,-1.4619565373610044,0.95922797112561398,0.80673692975716449,-0.39580347169157903,-1.2025404014487435,-1.2510144133821939,-2.5128844388406435,6.3947641594560594,10.253246132049725,4.5962402574735393,4.5126898470949754,-2.4098203870460679,-3.9372801399526622,0.4324584178263251,-0.06115802048307728,-7.4545274366192871,-9.9666614140000718,0.27551558705889229,0.38945986120154696,0.39834033152433851
2548,2017,113.32551838049079,39.725181713346544,3,10,23.797809645576478,1.5833282470703125,139.85974989237002,139.70430942126768,0.15544047110233805,139.69755227629139,0.16219761607862893,164.32236909353014,96.00050468399786,449.87581913173199,206.4596332309662,158.92224617459991,158.34705675116942,177.54577297680589,176.54771620769603,201.83428590141637,203.66233833025328,236.13265043267032,234.1473162816221,258.85369982658153,258.53019272314737,-0.0045202231337952981,-0.33995319359181053,0.21771537666194263,0.55766857025375316,-0.40606581123947194,0.52954538358224568,0.93561119482171762,2.3741647713123086,0.67789914972271959,-1.696265621589589,-1.3740963996671667,0.51480868976580041,1.8889050894329671,-0.094986988860966903,0.27180086816929361,0.36678785703026051,40.187475636518684,59.829752874288715,-19.642277237770031,60.683765242594745,-20.496289606076061,46.585125279530075,32.40807080283048,114.71083471016027,212.54570029600893,160.08982934274786,158.59347834643432,184.15403788081954,177.2639117954152,212.40138322856419,202.85703927359299,244.89929801992758,229.7262154725471,265.26790927798726,252.19451784086547,-7.5050294131868043,-0.80728760161909463,0.23208945074051712,1.0393770523596118,-5.1874286240236245,0.75264953767350562,5.9400781616971301,-8.8814928727204858,1.0058667046065466,9.8873595773270324,-14.2972977208332,0.98493260982940001,15.2822303306626,-13.211521298498866,0.82495486369938931,14.036476162198255,99.672273735552153,79.874557542874754,19.797716192677399,79.013787455896818,20.658486279655335,117.73724320149995,63.592433294434159,335.1649831905961,203.80834145007387,158.05996501268714,158.1914456340007,176.28086876353825,176.02346306812231,195.52757730484242,204.36570084927905,233.30821495246431,237.85883717956364,252.92858010278044,262.06816202647269,3.8378335265977626,1.3530036417226654,0.2345043545311114,-1.118499287191554,1.287657830686129,0.42658558696905402,-0.86107224371707503,8.7085228737466025,0.41009603173114328,-8.2984268420154592,4.748150699045425,0.08760267510743347,-4.6605480239379915,8.116083977193199,-0.03148048625047295,-8.1475644634436719,-7.500509190053009,-11.342862939784567,-0.4673344080272841,-2.16029124334176,-4.7813628127841525,-6.4750864547097535,-11.255657644032794,-17.590015746467088,-12.923201321166033,-19.045448419878625,-13.116534309637899,-21.327605275692065,0.2549833305812127,0.28349837904913866,0.3375822961504964
2549,2017,113.57551952406125,39.725181713346544,7,10,23.797809645576478,-4.5,109.92693290114403,114.70034182071686,-4.7734089195728302,114.9078803062439,-4.9809474050998688,144.39341148734093,91.174805949976871,435.78095407038927,208.89293711182748,163.27176619898015,163.36372298094324,180.02447848987478,181.68652424981332,205.59293896674356,208.58533103145007,237.76818936449629,237.20596034292362,258.67157178979579,259.79175036023156,-0.15712974941845914,-0.46186893507319837,-0.85150848818346958,-0.38963955311027121,0.15033322702890928,-1.6587260242073683,-1.8090592512362775,1.0156289329589754,-1.9116272639545286,-2.927256196913504,-1.8643694701115123,-1.4359926249524904,0.42837684515902197,0.78392096135013389,-0.42023620505102599,-1.2041571664011599,33.258347470313311,51.908933877944946,-18.650586407631636,52.719829082489014,-19.461481612175703,44.209755503572524,37.023266241818874,106.54508822741627,213.40798242893416,166.38908075563725,165.1347758073143,186.86743536539285,184.60854272184037,215.41922075108832,209.86164060876931,236.83941713677666,234.45340432893644,264.75829112344661,254.90684305112293,-5.7733101728442193,-2.2491138619067215,-0.90622727754816879,1.3428865843585527,-2.9897858487010467,-1.7693225935807391,1.2204632551203076,-9.4693757030319148,-2.9091236290898337,6.5602520739420811,-5.7622524074027126,-2.9072171811656347,2.8550352262370779,-12.713866757541155,-1.8241869091380067,10.889679848403148,76.668585479259491,62.791406273841858,13.877179205417633,62.188051104545593,14.480534374713898,100.18365606665611,54.1515398280917,329.23586598783731,206.51648129657283,162.76367236181534,162.44626086401001,178.33493556605379,179.84636273680113,200.2867073356397,207.24399227517168,237.88036207326186,239.77012864602275,253.96235170729327,262.74282829500152,2.9811680657391832,0.10962179837792974,-0.89740079521197913,-1.0070225935899089,1.3976421626548756,-1.4732886651585773,-2.8709308278134529,6.1476741576809104,-0.84070267248884534,-6.9883768301697557,2.0548280723273251,-0.23264799510826606,-2.2874760674355912,7.6462825705819171,0.33009635586728336,-7.3161862147146337,-5.6161804234257602,-8.7544782385834026,-1.7872449268335231,-2.3587356602846512,-3.140119075729956,-4.3874280113559223,-10.48500463599089,-15.617049860712825,-3.8978829372912003,-7.8170804797300377,-13.497787718891288,-20.360149328123072,0.2444923010797912,0.30617571153825412,0.40606904348260109
2550,2017,113.82552066763171,39.725181713346544,7,10,23.797809645576478,4.388885498046875,115.56985682905361,116.8025386317604,-1.232681802706793,116.85613294104405,-1.2862761119904462,124.95083361530124,169.03322625278815,438.65853292495012,196.18623059845757,141.07037965857904,133.35475478458858,163.56625891369231,158.29938362408126,193.87940379374368,191.58622133973367,228.90848162450158,225.17236377919039,255.01956739402016,253.12901523810922,-1.9950770497580663,-6.3359281874514863,0.94835200793028207,7.2842801953817684,-3.3878112538837115,1.8688861996464823,5.2566974535301938,0.026360611464411932,2.262514717608326,2.2361541061439141,-1.4858734284312618,2.0774749241394375,3.5633483525706993,-0.99480083142344711,0.98457123529405521,1.9793720667175023,62.489590064624281,57.012044083316141,5.4775459813081397,56.773889951986348,5.7157001126379328,66.790991280518938,81.895477014669268,155.68209457478952,190.75627598026128,137.46325835496987,143.02387218584801,161.00326067252232,164.93466270963503,191.39097099615134,191.44471784755393,219.39478098080778,217.41725426202072,242.66555982189718,237.87397927994417,3.8529488257076991,9.2989516996815951,3.4818470499118064,-5.8171046497697887,6.8826575743601381,3.7933715597753803,-3.0892860145847578,3.8334343418887045,3.9368983793533232,0.10346403746461874,1.8706729293843694,3.9696049957808839,2.0989320663965145,-1.5465435183683383,3.8195404962876012,5.3660840146559394,53.080266857561583,59.790492412610547,-6.7102255550489645,60.082243008926525,-7.0019761513649428,58.159842395214582,87.137749480780258,282.97643876075745,201.74283191838771,143.99864075948787,127.0601739260629,165.86743852532254,150.26165383204335,201.75962980101397,191.81707151288302,241.43105056518834,237.3376781622699,260.86321308509594,263.19487522489192,-8.2334344281959488,-15.133025519262532,-0.15733550574120159,14.97569001352133,-15.974663878746696,-0.1896564203343587,15.785007458412338,-10.713582840136894,-0.79732886274877046,9.9162539773881235,-5.4626207101300963,-0.57805201767044423,4.8845686924596521,1.4604914467660706,0.16403777021213273,-1.2964536765539378,5.8480258754657655,12.086383253903648,15.634879887133081,24.431977218944127,10.27046882824385,22.857321453106834,3.8070737304242925,14.547017182025598,3.3565463578156312,7.3332936395144657,-0.55174268694489115,-3.0070349651344088,0.35490497252318376,0.53453818072278825,0.48449336754772154
2551,2017,114.07552181120218,39.725181713346544,7,10,23.797809645576478,7.625,174.22217470407486,172.75806128978729,1.4641134142875671,172.69440388679504,1.5277708172798157,184.55820789933205,97.644061550498009,447.76015953719616,202.21980307742538,152.35253191602669,151.33214141521745,172.38898097265215,170.16040506698496,198.72072871073649,198.42894612076907,229.91648956772207,228.62005591877841,255.5759647177664,254.83808266680788,1.4813932043475688,1.1867338476292844,1.8921308121876734,0.70539696455838907,1.1803065258133643,3.4834132390809884,2.3031067132676242,3.5905220768469803,3.9841289810230478,0.39360690417606747,2.452824912517741,3.654385394159732,1.2015604816419909,1.2915787287633975,2.0118766790766642,0.72029795031326671,69.275221694260836,95.326206266880035,-26.0509845726192,96.458857953548431,-27.183636259287596,74.74442021921277,37.909914578311145,141.41977733885869,201.96256811510372,154.40985026398914,153.89566538412114,171.87389997592163,173.12346335695872,199.49851990593717,197.41842027442419,225.39806532882577,221.41479278728011,255.67032337917666,241.81370798143939,0.74774328345793606,2.7337810195171528,2.7099584770336946,-0.023822542483458164,5.6461798630074611,4.7545205476477577,-0.89165931535970344,2.9301318289604126,5.644534379878138,2.7144025509177254,2.0158182442691555,6.0983872879180296,4.0825690436488742,-8.546430563732315,5.4487096874653105,13.995140251197626,104.94695281982422,77.431853592395782,27.515099227428436,76.235545337200165,28.711407482624054,109.81378756463528,59.734146937727928,306.34038261324167,202.39072010850933,151.96347911573639,149.29786069836624,172.54490870103277,167.0217878814947,197.17517584113259,200.37375995860452,234.42636914622085,239.98312459316165,255.09319711985987,264.1194058653947,1.9881727135986011,-0.18078418065019264,1.0709075760279916,1.2516917566781842,-3.7281717064265933,2.0457844865735808,5.7739561930001742,3.7559385463126773,0.98029127060482324,-2.7756472757078541,5.2111781909808315,-0.098064258218329314,-5.3092424491991608,8.0300135110577742,0.3398225755682347,-7.6901909354895395,-0.73364992088963277,-1.2404294301406651,1.5470471718878684,2.9145652001673454,4.4658733371940968,9.3743515694340545,-0.66039024788656775,-0.82580671735226474,-0.43700666824858558,-3.195359946711676,-9.8380092924957125,-16.576444074790089,0.31583823242565806,0.40499103816603155,0.38824598215535611
2564,2017,121.57555611831606,39.725181713346544,7,10,23.797809645576478,4,165.5286799245514,183.37888511345955,-17.850205188908149,184.15497997260536,-18.626300048053963,180.85130624705926,156.74813122992055,453.53432612121105,207.50765077468961,148.21353987344591,142.99344540962883,173.61646408516251,167.48639194502857,208.48555555525661,200.57455105162049,240.77465433781995,235.82436327394313,267.4395639429062,262.91680562677936,-4.1362768944358095,-4.3382673175296418,0.43084503610279512,4.7691123536324369,-4.6968360350851697,1.4710027996437987,6.1678388347289683,-5.9562646410861362,1.9153949850888523,7.8716596261749885,-3.3221932029792924,1.8225784933161151,5.1447716962954075,-3.370932314820152,1.3263697737288567,4.6973020885490087,85.208731520178844,104.52262215211522,-19.313890631936374,105.36235683593259,-20.153625315753743,89.501500680533354,97.464701817102195,209.72580806375481,213.19607661603635,164.75684164192705,149.5840352055458,187.98833955692962,173.40923119781763,217.14792103366199,202.4903108299952,240.64941480667815,233.8543840377225,257.80631941101615,257.21693537569803,-7.0418067237989703,-12.030948837721667,2.296036826269642,14.326985663991309,-11.888436195462589,2.9439700048541795,14.832406200316768,-12.059370734527192,2.9970077422116219,15.056378476738814,-3.9444319984436333,2.9828729835080594,6.9273049819516928,1.4709594370140735,2.2027898833291601,0.73183044631508665,80.319948694945197,78.856260698958067,1.4636879959871294,78.792622540626326,1.527326154318871,91.349805853606085,59.283429642004194,243.80851877108216,200.44716795964152,142.96909502455472,135.77554531726079,152.830942704997,159.06659318041983,191.73295636879993,197.46648642997695,240.92914555484583,238.87381865207482,274.83657392301586,269.77537570711024,-1.0571505688526486,-5.46740799062718,-0.40219241917500881,5.0652155714521712,4.7303785970277943,-0.21620679070574056,-4.9465853877335348,4.5108329471536024,-0.65996937530383093,-5.1708023224574333,-2.2310964001519267,0.18660580983262776,2.4177022099845544,-7.9841313456327612,0.37600882845799788,8.360140174090759,-2.9055298293631608,-5.9846561549463217,-7.6926815201920249,-6.5635408470944867,-7.1916001603774191,-16.618814792490383,-6.1031060934410561,-16.570203681680795,-0.62223879546434091,-1.7133355982917067,4.8418917518342255,9.4550907826468347,0.46242543504348499,0.49488998745890284,0.62179179459651412
2578,2017,109.07549893979292,39.475180569776079,3,10,23.882493677013397,13.619049072265625,228.07995785679668,198.53670536680147,29.543252489995211,197.25221616821364,30.827741688583046,234.22994897734679,113.02470230027393,525.80015279352665,195.73799149022983,138.5490242906707,137.89145536934973,162.19404397843385,161.1625045567524,194.56867120648485,192.53285253374665,227.24452647195534,225.55705383651735,255.89692053994057,254.16881560972004,3.3783189577169139,1.9024478766920936,1.9689677994737451,0.06651992278165153,3.3265483575765984,3.7467944363704078,0.42024607879380937,4.5582761700122774,6.8999575500994581,2.3416813800871807,4.0601832965549534,5.9374790332482235,1.8772957366932701,2.2753700164659847,4.0104116990969203,1.7350416826309356,134.34814328348148,102.03146062591986,32.316682657561614,100.62638800062996,33.721755282851518,134.6636624345465,58.721710217779673,221.30125328933354,194.59080366950772,139.22640268313134,137.71514144006369,164.49160943886966,157.37495671765606,193.98535347298497,186.66211870020234,221.98065440671996,216.16617425609476,253.3369706475878,245.39116175169096,1.5169092164081803,4.6385533716195653,5.3396319927548745,0.70107862113530928,-0.17037906155886162,7.1688960616187387,7.3392751231776003,0.82763493219979978,8.8309234235428846,8.0032884913430848,3.8114125741614941,8.7207868960995825,4.9093743219380883,-3.08862113999146,6.3420474452184976,9.4306685852099577,93.731814025697531,96.505245182241197,-2.7734311565436656,96.625829002048704,-2.8940149763511727,99.566285995182625,54.30299207560347,304.49889928102493,197.17979562371016,134.59524676773717,138.41997015536924,159.77843384009461,164.43731734850167,198.42274178996595,198.22589839229701,236.9553331100233,233.09077860644021,260.59678462259387,259.220874483952,4.9713738358789499,8.5672397719212654,-1.0121947704910781,-9.5794345424123435,8.4711574704481905,1.2214792504276204,-7.2496782200205701,3.860770891927757,5.2643099615636686,1.4035390696359116,1.0329655028270395,4.6452676315725512,3.6123021287455117,0.97389791853498764,3.1635179149607779,2.1896199964257903,-1.8614097413087336,-3.4544646194707695,2.7361054949274717,-3.9286864003017001,-3.49692741913546,-8.6415365320070521,-3.7306412378124776,-3.0331359597279572,-0.24877072239345921,2.7784470713344547,-5.3639911564574447,-4.0625190585264477,0.42088472609522998,0.57492076919493451,0.51954757696926357
2579,2017,109.32550008336338,39.475180569776079,3,10,23.882493677013397,18.409088134765625,240.27114507554506,228.55541782393993,11.715727251605131,228.04603979624517,12.225105279299896,234.378644027056,125.74639825756094,590.64425325393677,201.0388656650135,148.22722782013713,145.92130908067324,168.32998526110629,164.37144786758577,198.38478637566908,193.23844264495409,230.90476777011219,225.79748378305757,257.54610730581658,253.30776003249829,0.39603534945496222,-0.49929522111307278,1.6587047742753782,2.157999995388451,0.62843876650217112,4.4820058205045541,3.853567054002383,2.3616476875349406,7.6504075762995001,5.2887598887645595,1.1155798710172462,6.2697000693715381,5.1541201983542919,-0.047775833217485797,4.0766254416754748,4.1244012748929606,116.80871922259394,93.712369089589629,23.096350133004307,92.708180990710389,24.100538231883547,113.31491783906677,45.70437064098769,189.05503976845648,194.3386639452435,145.54774756721196,144.42223315984623,164.84523409384002,160.50561611962581,192.98035613778077,187.07042227866808,221.05359121781228,214.8702828276266,254.56861374283736,243.59304338401827,4.0268609824746022,4.76436956275532,5.0625762442240614,0.29820668146874141,3.228281066968492,7.4769649798214175,4.2486839128529255,3.3915612247359377,10.103655835014195,6.7120946102782568,5.2618619724962628,10.705892107867641,5.4440301353713778,-5.1162202410551174,7.3638868701312106,12.480107111186328,123.4624260541168,134.84304747994611,-11.380621425829304,135.33785913336033,-11.875433079243521,121.06372638915491,80.042027532754219,401.58921392261982,206.33688063313809,152.96995684695361,147.43579583574538,170.68816777149911,166.8989869311192,206.80346835368334,197.54743547120341,243.18429209971114,231.55023160560742,260.84575432468358,257.24775339338299,-2.9396228452984587,-4.8694817961004162,-1.226236302482306,3.6432454936181102,-1.0615610380862677,2.8991961465797829,3.9607571846660505,-3.5576714961655398,5.9683842533479776,9.5260557495135174,-6.3135413236169029,5.2088599346211311,11.522401258238034,-0.47766287006146513,3.4517736164272605,3.9294364864887257,3.63082563301964,6.966483827773061,5.2636647838683928,9.6338513588557362,2.5998423004663209,4.2898421050547597,1.0299135372009971,6.9492327209014775,4.1462821014790165,11.575403296113166,-5.0684444078376316,-4.6385573709936523,0.3200827549356951,0.48346946586987682,0.36346465007588841
2580,2017,109.57550122693385,39.475180569776079,3,10,23.882493677013397,19.521743774414062,223.34473870727379,206.82938287037541,16.515355836898379,206.11132736708532,17.233411340188468,214.59689442130912,114.39555368856236,512.27017866075039,200.76291828538868,147.48622920481952,143.32130631898261,168.39978266550116,163.44633256231191,199.25408171605281,192.47724611526394,230.31186227927569,225.05785347487003,257.47801691862827,253.01386254457722,1.0843418928280641,-1.9347530060116469,1.4653383049400475,3.4000913109516944,1.1445963172529048,6.1416196099095828,4.997023292656678,2.9201684851781522,9.8842888101485187,6.9641203249703665,2.6957303846320428,7.8620671131873792,5.1663367285553363,0.98460860736781797,5.4684576307542727,4.4838490233864547,126.52840318691233,100.48988833140902,26.038514855503308,99.357779456660865,27.170623730251464,125.0034177716243,46.326505877801537,191.03869799873792,191.4564562366906,140.89827270254801,141.43000621639717,163.90638116815856,159.17885911788176,192.63025530040935,185.41663402375616,219.38686455999476,211.59822270344316,231.60648248494715,239.60275850682405,6.7705586629833476,7.6232097548401896,6.2024837733107461,-1.4207259815294435,5.1278752705422619,9.2820431816930125,4.1541679111507506,5.1265859041045019,12.853071863705367,7.7264859596008648,6.6333837517563836,13.12185357079079,6.4884698190344068,17.164677039659068,10.492685395155547,-6.671991644503521,96.816335050974885,106.33949912269236,-9.5231640717174741,106.75354941997648,-9.9372143690015946,89.593476232452304,68.069048222871061,321.23148043453693,210.87613610724785,157.752646182831,145.60234609258441,172.80990155714156,167.33362914213672,211.5875163057581,200.0866363625284,247.74088289540077,234.44882651585959,264.48094004806285,258.8888736752325,-5.8000199319178023,-11.05164671124524,-3.3202053067485622,7.7314414044966782,-1.1999252338120527,3.6899906158172371,4.8899158496292898,-5.3726772372466485,6.2320998646138435,11.604777101860492,-7.9077522583928896,5.6901581472719442,13.597910405664834,-1.489508279503184,4.4826080559298589,5.9721163354330429,5.6862167701552835,12.57057859490115,9.5579627608518365,18.67485646608543,3.9832789532893571,6.3278005043543146,2.2064174189263497,10.49926314135115,3.9376533671243408,14.541136010149273,16.18006843229125,18.654185319162252,0.37292566687793238,0.58250338668093826,0.40496771407675275
2581,2017,109.82550237050431,39.475180569776079,3,10,23.882493677013397,18.521743774414062,225.64894601516426,209.75388668911182,15.895059326052433,209.06279839903436,16.586147616129892,218.44138050414585,132.17705086699152,537.1600988060236,202.45945554279845,148.7454739918858,143.45084409138229,169.97459227874444,164.04384315598546,201.09865659786558,193.52818796070326,233.45473074266394,225.97460543331925,259.23238577437598,253.77179427589724,0.40378567428302858,-2.9171461010452049,1.935762577440812,4.8529086784860169,0.92657332386514213,6.7487904272688581,5.822217103403716,2.2906730540806279,9.9289101791731582,7.6382371250925303,0.68658619131605292,8.2114618720099486,7.5248756806938957,0.15449124427590277,5.5824477080495569,5.4279564637736541,127.79092249196401,101.58921895376625,26.201703538197762,100.45001453423174,27.34090795773227,127.05082766917803,56.052675426784845,200.24253531079739,193.69236218368135,141.39537480793476,141.29401996760137,164.92074688890102,159.98210353724221,194.7973273361431,186.94738545655798,221.31015258783876,213.67515223913475,244.4661146454564,239.40974448043781,5.4731011968090968,7.1944758796092856,6.5161121351679583,-0.6783637444413273,4.7092600839650629,9.1155158259366544,4.4062557419715915,5.304402140441681,13.040868039058125,7.7364658986164443,6.1809555872296187,13.11896721798729,6.9380116307576714,4.3206374828414198,11.944478976822097,7.6238414939806773,97.858023202825279,108.16466873566605,-10.306645532840776,108.61278351365399,-10.754760310828715,91.390552514592855,76.124375373151452,336.91756312549114,212.04239552474823,158.40196651968398,145.79226972495309,175.18136504229923,167.21273510289643,212.57044355054356,200.05023867801447,248.309541981173,235.35926233917465,268.35578643891972,259.96978817195122,-6.113790265097208,-11.984486418490519,-2.5347399236246702,9.4497464948658489,-2.5428533265227315,5.3868520346317439,7.9297053611544754,-5.5729590286133543,6.8786298180913832,12.451588846704738,-8.4175339972157985,5.541883134222644,13.959417131438443,-4.1801272977696726,4.4401007575403924,8.620228055310065,5.0693155225260682,11.586891461906305,10.11162198065449,19.178962298099805,3.7826867600999208,7.2521134104877945,3.0137290863610531,10.877361169055035,5.4943693959135658,14.598489584445417,4.166146238565517,8.5007647806110924,0.37277998823048825,0.5816243578755752,0.42407267418297984
2583,2017,110.32550465764524,39.475180569776079,3,10,23.882493677013397,17.350006103515625,218.77469766139984,207.79814076423645,10.976556897163391,207.32089936733246,11.453798294067383,215.97871353117807,131.90554016828537,532.06545419991016,198.76131779399202,140.5302099513768,138.8579946226111,164.47366979649348,161.01647908129465,198.34262546056786,191.73628861531563,231.00045290686992,225.56611152740663,258.51140720418567,254.13026850039785,0.96603951709187186,0.20602684291446849,1.3406979224371014,1.1346710795226329,1.5975409083324337,4.4870040001831057,2.8894630918506721,1.588510169454878,8.1800073361478667,6.5914971666929887,1.3141675218953424,6.7210309341598133,5.406863412264471,0.22028826483364128,4.6284369177275835,4.4081486528939422,122.5423987545073,95.06368499994278,27.478713754564524,93.868958830833435,28.673439923673868,121.97412771359086,58.693532422184944,199.33859517180827,193.26615956207331,138.99342583677603,136.48453414225591,162.65749983128822,154.59510549360189,193.62650442029494,183.71526508796256,221.66982452871468,214.08775871660981,250.78332648224958,240.53711402856936,2.4807003888545296,5.6178591165511307,7.2903415709864419,1.6724824544353112,1.3249432981347695,9.7652814888753596,8.4403381907405901,0.83390877646061767,11.476936319777963,10.643027543317345,3.988139917886059,11.553424305356998,7.565284387470939,-1.6304821268807359,11.148510556698028,12.778992683578764,96.232299387454987,112.73445452749729,-16.502155140042305,113.45194067060947,-17.219641283154488,94.004586298149661,73.212007835507393,332.72685966640711,204.69851180629846,141.72953871384919,141.3699271817045,170.34705485147839,165.15797015227184,207.73785697883281,198.03343245308949,241.18886298929192,233.11084567887099,264.05062746338047,260.11074890592681,-2.0474066378356781,0.5407357647359845,-3.6669138945814552,-4.2076496593174397,-1.255731209016659,2.0921499575694327,3.3478811665860917,-3.6088190312113397,6.2608537586417583,9.869672789853098,-4.1893464622169461,4.6063605463898796,8.7957070086068256,-1.377748960766894,3.4109593499771336,4.7887083107440276,1.5146608717626577,4.5281070266902077,5.4118322736366622,5.0771233518151462,-0.27259761019766415,2.5806745071514285,-0.75460139299426032,4.4427278076719574,2.6739723959907167,8.1774863801030051,-1.8507703917143772,-0.25273316611384189,0.37465051263582283,0.56475069102577569,0.44496639297563706
2585,2017,110.82550694478616,39.475180569776079,3,10,23.882493677013397,21.857147216796875,208.88892344162741,207.30286510446967,1.5860583371577377,207.2339038853861,1.6550195562413137,202.17881180672339,109.24103780421501,493.98697077482939,207.01888341429563,153.41413388544134,148.9823155683919,176.07063982260087,167.19646299970228,205.66039466901222,194.34757420387115,237.50696206324255,226.89739215085143,262.38305084987235,255.59221484701285,-0.47671949726466778,-0.89475922224022497,2.2006549005283489,3.0954141227685739,-0.44297795110506399,8.1118698234249109,8.5548477745299749,0.34170346405431928,11.731748077852103,11.390044613797784,-1.0024154768467781,9.706425622930908,10.708841099777686,-0.33738726934802798,6.5747422162732221,6.9121294856212501,105.35002427833024,84.565813192606583,20.784211085723655,83.66215235080108,21.687871927529159,100.3002943777974,37.787417720360168,159.59631520323455,201.37652571428222,152.19006242020112,147.11256050984406,178.00132992162696,166.49233190317941,198.90240582107376,190.79028703820572,224.92880010680139,218.89428273063646,252.52609936910457,244.31315967543804,3.488829872520796,1.2111298794065135,5.4650550483754614,4.2539251689689479,-2.5674215600233481,7.9652340976981009,10.532655657721449,6.2761071840245961,13.378860917160495,7.1027537331358985,7.7453486485953249,13.308560310917244,5.563211662321919,3.0082621967155774,11.538124010252375,8.5298618135367974,103.53889951719975,122.73705151733702,-19.19815200013727,123.57175241730147,-20.032852900101716,101.87851778282857,71.453620077867527,334.39065607264638,211.51395439241929,156.86476782589796,150.44655535440668,175.97435981421197,168.08793280631338,211.34111507491073,197.12950738434387,245.08199862191435,233.74406840182289,268.3512602535929,260.99176773528404,-3.5954249864446695,-3.5195961844801218,-0.20845993341785629,3.3111362510622655,0.62848452870426286,7.6833538131525358,7.054869284448273,-4.0219734112726542,10.052510101643549,14.074483512916203,-6.0124095721166952,5.7216094510009441,11.734019023117639,-4.0127446243772056,3.9688982137402604,7.981642838117466,3.9655493697854638,7.0842548589654655,2.1058891016467385,4.7307260638866353,-2.1244436089182841,-3.1959060887276109,5.9344037199702768,10.29808059529725,8.747764125442103,13.75775822071202,3.3456494660636054,7.021006821092783,0.32307798513977853,0.4960969622953435,0.34590862994256688
2586,2017,111.07550808835663,39.475180569776079,7,10,23.882493677013397,19.409088134765625,203.9195189388447,206.13602219895984,-2.2165032601151324,206.23239057883256,-2.3128716399878613,199.24518375007028,125.13560620825956,509.89193846285343,206.87788374027957,153.545819896951,148.62882763506028,176.52654367310265,167.27183475435569,204.89972223173729,195.03465712865989,237.77870953758227,227.87470612225786,262.73644835485237,255.42196124332381,-1.9881033421804375,-2.3395793703533911,1.3963307316292912,3.7359101019826824,-2.5845109508212261,6.5779286636903862,9.1624396145116123,-0.57160045860456421,9.2994492978223491,9.8710497564269133,-2.5426002681263355,7.3607984699303017,9.9033987380566373,-2.6321344412316421,4.6592251907494244,7.2913596319810665,90.306609856657815,80.983966303299894,9.3226435533579206,80.57863439607172,9.7279754605860944,87.336736778301201,33.192512094281483,141.00134435336804,198.05990818760898,149.56490980252175,147.16958061981001,170.49906588433637,166.42105317612035,194.56565655292093,190.50171801846227,222.55485710398619,218.53019270995838,252.32447124728753,242.28680552144428,5.6823803647414195,4.7195803878423703,6.1457376942291546,1.4261573063867843,5.8020156010912274,8.2685644498548356,2.4665488487636082,9.3514739409868071,12.411342184540871,3.0598682435540638,8.7272186926477957,12.465372980128365,3.7381542874805689,0.62275151642481319,11.741927578632925,11.119176062208112,113.61290918649502,125.15205268784484,-11.539143501349827,125.65375668940032,-12.040847502905308,111.90844707607721,91.943094041334916,368.89059412479401,212.09159934703138,157.06603650609847,150.05958467869334,177.67982486170649,167.99288648355599,213.07735113668599,198.14569845458226,245.4438154830658,234.94607936218458,266.23687958196336,260.56755900041497,-6.217672168096982,-5.9441059618928591,-1.6601274693981054,4.2839784924947537,-3.8430909350308013,5.3446796592609758,9.1877705942917771,-7.472658881405863,7.3041629864702884,14.776821867876151,-7.2590054385773328,3.4321313201122621,10.691136758689595,-3.5251248189630928,3.2647905821166887,6.7899154010797815,7.670483706921857,11.900052532838401,7.0591597581957615,10.663686349735229,8.3865265519124534,9.6451065361220287,9.9230743995913713,16.82413282239267,11.269818960774131,15.986224131225129,3.2548859576564553,4.147876335387906,0.27653181726786658,0.43833800714528132,0.26525233784411567
2587,2017,111.32550923192709,39.475180569776079,7,10,23.882493677013397,15.5,165.78373277187347,174.71889698505402,-8.935164213180542,175.10738575458527,-9.323652982711792,166.04407054185867,91.613871707544604,421.40896497666836,207.96091351992845,158.29529502280283,151.17269489336249,177.89327583180932,170.1955072789824,206.48965957001846,197.92540259155774,237.76799834313061,230.60999939914441,261.98402505940419,257.24432482181197,-1.7246547468788833,-5.1151743366593792,1.0440232717711524,6.1591976084305315,-2.157173851256772,5.3214039167929172,7.4785777680496892,-1.1363501358940482,7.438497464806602,8.5748476007006502,-1.2939375628444054,5.9179639150907803,7.2119014779351858,-0.90448540228402408,4.0399667197186773,4.9444521220027013,58.319996818900108,61.839171171188354,-3.5191743522882462,61.992179393768311,-3.6721825748682022,58.580334588885307,28.5176613451913,104.03468212921325,204.51637154119882,152.23799813593817,150.28222679076552,178.94914959192116,170.42481837138118,200.06751371354048,195.14477718279511,228.863842618875,223.56409591692909,256.33061889184233,247.07668276125543,-0.10306164027187492,2.0595620639550987,3.2741803176715223,1.2146182537164236,-2.5979000368098468,5.6222998080827438,8.2201998448925906,3.7217938239551245,9.1012219445987341,5.3794281206436096,4.7465925745727873,8.7985500669894066,4.0519574924166193,-2.4064324242999362,8.6371716868197268,11.043604111119663,107.4637354016304,112.87973114848137,-5.4159957468509674,113.11520546674728,-5.6514700651168823,107.4637354016304,63.096210523472109,317.3742824755609,209.71990038441314,159.35227505315842,151.8673253938658,177.6005869111998,170.08683855866653,209.74556415346331,199.49046264636721,240.97916800236581,234.59432617372698,264.29280461101013,261.14446801512474,-2.7052100179188585,-5.2262420977465354,-0.78576921894810425,4.4404728787984311,-1.8493809607751928,5.2038907582250431,7.0532717190002359,-3.7832287714320785,6.461628020963218,10.244856792395296,-2.7609099385660159,3.9953704812191404,6.7562804197851563,-1.8447202050346618,2.8835137748445732,4.728233979879235,1.6215931066070084,2.6021483776469836,7.1747364006144778,7.285804161701634,-0.44072618555307486,-0.74851907603465406,4.8581439598491727,7.505022595387203,6.0405301374171927,7.5075025131388031,-1.5019470220159121,-0.56171221926527437,0.2468734430815282,0.35279991870662775,0.31128104089113406
2588,2017,111.57551037549754,39.475180569776079,7,10,23.882493677013397,2.3636322021484375,150.32359008202911,156.11404558700451,-5.7904555049753981,156.36580521393626,-6.0422151319071418,162.04124411955854,105.32944661225156,427.84447987005115,206.92993359434809,156.23577516499176,145.62599566719763,177.10974846840011,169.00397300134037,206.07082458024641,200.54137665948221,237.6182748249679,233.42070691625932,262.14058535560645,259.83695737503052,-4.6416315152964955,-9.9038538378989074,-0.25062295996897888,9.6532308779299285,-7.731257603949075,0.29642729798101186,8.0276849019300869,-4.7254744433565747,0.89928380109981276,5.6247582444563875,-3.3694163966285089,0.9055399325590372,4.2749563291875461,-1.7405826814891157,0.59850134469758132,2.339084026186697,50.144938753535826,56.066612320340937,-5.9216735668051115,56.324077241715713,-6.1791384881798876,57.164454805080368,25.91226267852835,95.588389430893585,196.44088120298844,145.24654743131839,148.73702737625609,164.47357102662275,169.28635094349883,194.10420112374206,198.30233778072946,227.00214425341449,227.71211340356447,254.51224332876868,251.94653552450094,4.237699396913257,5.2470899040409904,1.3920103928616072,-3.8550795111793832,6.9814442473185352,1.5435603292304734,-5.4378839180880618,5.203000532951819,1.6826309717527863,-3.5203695611990327,3.471666470654668,1.7162310487541674,-1.7554354219005006,-2.5473192738461989,1.4187835866075886,3.9661028604537876,100.17865153304592,100.04743200683879,0.13121952620713273,100.04172760375513,0.13692392929078778,104.87678950751615,79.417184192969216,332.25609114952385,211.6582273678678,162.45172296996793,143.90086752913564,179.70312310991591,168.82299723961009,212.51752615570646,201.94783867805666,242.45446307086203,236.58474859584061,265.08802214152541,262.8189111217302,-8.480671374189626,-17.759972611813538,-0.74830203421822716,17.011670577595311,-11.034439839827371,-0.50980931610894231,10.524630523718429,-9.9467626600298615,0.28579896448633235,10.232561624516194,-5.571065305282616,0.62483746568619836,6.1959027709688144,-2.3953805468949554,0.88612898901237713,3.2815095359073325,8.8793309122097526,12.718370771102883,15.150943741939898,23.007062515854528,14.71270185126761,18.015884087145906,9.9284749763083937,15.149763192981681,6.8410828672831769,9.0427317759372841,-0.80673659235708328,-0.15193872695124355,0.22341854091450838,0.35277719024980358,0.24601157142616492
2589,2017,111.82551151906802,39.475180569776079,7,10,23.882493677013397,12.380950927734375,165.61545733785897,181.15135080643086,-15.535893468571885,181.82682417856995,-16.21136684071098,172.96193265842521,115.61298975045975,428.23383052274585,202.51136776937798,145.70439584785711,140.25317590923254,172.1352881682792,162.37281016670156,200.99404999464747,193.7669995215694,235.36228891668398,227.38721485230832,259.17248665001961,255.71110093436548,-3.2062512666036582,-5.2092839832689322,0.12702302257491738,5.3363070058438495,-6.7014855234977233,2.6162758491386739,9.3177613726363973,-2.160219083304213,5.020845040304323,7.181064123608536,-3.2847292836843849,4.7664429466958609,8.0511722303802458,-0.30986631809321352,2.9996637441987275,3.309530062291941,88.833144090567657,79.551552201850427,9.2815918887172302,79.14800436450605,9.6851397260616068,90.153358411357033,51.506354940975143,156.65998781268718,197.87897855635751,143.72478221370608,141.01211758417037,166.87533201116858,161.41005289294878,197.40291675244666,188.90216235437612,226.852662396776,215.12628584253224,252.45316860120298,238.9646800718067,0.34970700825311951,5.169361573796067,7.062721760547845,1.893360186751778,3.5195635929887885,8.3150662492461436,4.7955026562573551,1.2664437939750997,9.6938967396498299,8.4274529456747302,-1.3917254992849735,9.9183262116806929,11.310051710965666,-5.3545195605740901,8.2363396199887688,13.590859180562859,76.782313664523826,101.59979779566129,-24.817484131137462,102.67881905197646,-25.896505387452635,82.808574637780112,64.106634844292785,271.57384327426553,206.97804568617417,151.45945309101987,139.4247173409436,176.11429268290706,162.98954674061966,207.15242298838328,198.46766987338731,243.06436517808689,237.2803126936995,265.49951298872918,263.07378566440622,-6.3026120945596062,-13.297906425047444,-3.7028889218865686,9.5950175031608751,-13.735608274272693,-1.8054377022539541,11.930170572018739,-8.1948966867308854,0.5003098636012453,8.6952065503321307,-4.5445020194156314,1.3017837616277461,5.8462857810433775,-1.41817641774702,1.4824439835679755,2.9006204013149954,3.5559582748567777,6.6523191028127258,10.378645557064999,18.467267998843511,10.221049116486512,17.255171867261481,3.4266628772793126,9.4613404807059851,1.8930037843994114,3.1527765201306579,-5.0446532424808765,-3.9363431428270701,0.36582814492132026,0.52123237191964589,0.44550664291397518
2590,2017,112.07551266263847,39.475180569776079,7,10,23.882493677013397,6.2083282470703125,153.07287889719009,160.94197034835815,-7.8690914511680603,161.28410410881042,-8.2112252116203308,163.67363293186645,110.10155111551285,425.38989471271634,202.29983713464273,148.93954384315018,140.80845598706415,172.96689812225102,163.15803562023385,200.59710725758137,194.76563633030872,233.33825899986132,228.33273708033306,255.90647672819458,254.89700407733443,-3.8992183672200724,-7.743988633567028,0.53116782424359599,8.275156457810624,-7.5914194763927867,1.9127985671729277,9.5042180435657144,-3.1813046859377039,2.6032397925623911,5.784544478500095,-2.4789083881758529,2.5299418531330389,5.0088502413088918,0.65614346709926963,1.5471276813571535,0.89098421425788388,65.866294553736225,65.941614158451557,-0.075319604715332389,65.944888740777969,-0.07859418704174459,71.328294774750248,41.793638248112984,122.91106089961249,197.81806422571239,145.0621664677866,143.55907699536635,167.1796429413904,162.51763194646071,197.28876458088345,189.68820101662482,225.74059540873296,217.71049666871792,252.58869460503027,241.14882330851574,-2.3034800066079413,2.5421208965470612,3.6184154931910371,1.0762945966439759,0.51865594252311098,4.4107919031515621,3.8921359606284511,-3.0237339214447445,4.7322041911039889,7.7559381125487334,-3.1995480055057044,4.8030710175562774,8.0026190230619818,-8.1346177628796568,4.0832711354081823,12.217888898287839,87.206584423780441,95.000355705618858,-7.7937712818384171,95.339215621352196,-8.1326311975717545,92.345338237442775,68.307912915945053,302.4788337983191,205.45562022221722,156.2654938456248,138.70604059106867,176.65808536878671,163.62753297618696,204.2280158638562,198.65856298547942,237.88531143397842,235.14396835726745,259.88823836583111,259.4831444563581,-4.9914643097752105,-16.961834437822347,-0.8319067879335762,16.129927649888771,-11.829627938380469,-0.13225595509234722,11.697371983288122,-4.4493006161454787,0.79905913189696776,5.2483597480424464,-1.4353497361251186,1.4113719980998383,2.8467217342249569,0.64856040261236103,1.5352318114440777,0.88667140883171669,1.5957383606121311,2.6879843031672692,10.286109530114089,19.503955334369408,8.1100754189158977,12.34828388090358,0.15757076449295937,1.4255666947007342,-0.72063961732985149,-1.7641982693805858,-8.7907612299789264,-8.7831781654920178,0.28893742523578164,0.43579587925712243,0.37959172985914852
2592,2017,112.5755149497794,39.475180569776079,3,10,23.882493677013397,12.75,182.88385000824928,187.75463002920151,-4.8707800209522247,187.96639996767044,-5.0825499594211578,185.13714152574539,111.40884098650349,461.37183939665556,198.17799451409974,141.29792288508216,134.48875168464511,166.27453876007553,158.32823444895936,195.31615286144705,190.24529840361785,230.64711505733047,225.79275395215623,257.21675624065273,254.86751580337946,-1.3902021983467137,-5.2978488795261569,0.53891890861260094,5.8367677881387579,-4.2591294109832631,3.7747570963163071,8.0338865072995702,0.71575179719999937,5.6712085525834937,4.9554567553834943,0.26884438543228839,5.1661618161201659,4.8973174306878775,1.0906976301140503,3.3210134202901429,2.2303157901760926,62.849872814491391,65.943263843655586,-3.0933910291641951,66.077758580446243,-3.2278857659548521,64.915471652522683,44.084574587410316,119.9690407262533,197.99856659422511,136.01099160672854,136.3640539295545,161.29380074558617,157.02212070806814,197.27085245179643,186.61956820690867,230.76834780986621,217.03687942802875,262.21891902190816,244.10923597407512,-1.6031428676953396,7.8836425764590672,7.4001040753993266,-0.48353850105974061,4.5036895676725806,8.6730570557681119,4.1693674880955314,-1.6882983104611355,9.1292821915029947,10.81758050196413,-5.0076166626728593,9.38999959380061,14.397616256473469,-12.267503219861368,7.8810638343935295,20.148567054254897,120.03397732973099,121.81136506795883,-1.7773877382278442,121.88864168524742,-1.8546643555164337,120.2216700091958,67.324266302002798,341.40279863774776,198.28227637022519,143.64232608843497,133.10704335205671,172.12517232197106,159.32892957007667,194.83599039527411,192.68108140586935,230.63037864582478,230.54490105562147,251.90885717386706,258.83935993255727,-1.4239112284080875,-9.4735674489453743,-1.1997954059238509,8.2737720430215234,-12.18182772829698,0.69143789005497069,12.873265618351951,0.79559431610658748,3.3162687815458298,2.5206744654392423,3.3130935763318803,3.4319465938022233,0.11885301747034305,8.3225938138666322,2.5070798668380689,-5.8155139470285633,-0.21294066934862599,-0.17923163928725216,13.181491455985224,17.357210025404441,8.7628189786558437,16.685517295969561,-2.4040501076611349,-2.483892626567723,-5.2764610481051477,-8.3207102390047396,-13.358200849975418,-20.590097033728,0.26002679505350612,0.35063451405560059,0.39570086356746942
2593,2017,113.32551838049079,39.475180569776079,7,10,23.882493677013397,5.5833282470703125,139.70818097962365,148.10886170125377,-8.400680721630124,148.47410843194302,-8.7659274523193744,149.29879112084745,107.47287057267204,404.99726506322622,200.49761647544452,148.78345431685008,143.18164675227104,169.70787577184495,164.72433117238444,197.43624483247413,195.19614308725141,231.14295288692978,226.95330108521333,254.25301097192136,253.85954355397033,-1.6500568218505407,-4.4545196019893183,1.120124040154991,5.5746436421443093,-2.8808658993596339,2.1393415489396546,5.0202074482992884,0.45323102666932868,2.6460929956840289,2.1928619690147002,-1.6959011599076064,2.2592316074868393,3.9551327673944456,0.7780836610627091,1.2241010856335492,0.44601742457084015,78.28550576293128,84.341323106300479,-6.0558173433691991,84.604617638389755,-6.319111875458475,85.100751099932495,64.314975777964719,158.28279021772323,200.40483611681836,147.76505606270814,147.94485177314402,174.65282714246686,168.74475933231645,198.74020847181058,193.86078958283545,227.69013338919672,218.92354273268961,250.15196328393989,239.53634508155537,-2.2122680106175494,3.9108417858466566,3.6552084533312836,-0.25563333251537301,-2.3166638283385623,4.2664499419613833,6.5831137702999456,-0.48194433017090432,4.7165750639118471,5.1985193940827514,-4.1825186134845751,4.8615874704130988,9.0441060838976739,-6.5831779233966756,4.6746714670489951,11.257849390445671,61.422674967097919,63.767539019635478,-2.3448640525375595,63.869490989752194,-2.446816022654275,64.198039771320509,43.157894970727284,246.71447465568781,200.62674642585674,150.55813195777108,138.49696117269016,165.61726427507418,159.44747600866208,193.85096076747317,197.41331943916379,237.48043582527612,239.80235907275747,258.24415167711095,264.3700326150115,-1.4391069211595777,-11.603878807759514,-0.39941027448395516,11.204468533275559,-6.230095842191929,0.080240208822317527,6.3103360510142466,1.5213506320581871,-1.0404114585780349,-2.561762090636222,0.9227296954498172,-0.98802058871575582,-1.910750284165573,5.6331598019804119,-0.050740173394046906,-5.6838999753744588,-0.56221118876700871,-0.77316108945797168,8.3653613878359749,15.514720593606171,0.56420207102107156,3.9134320138533667,-0.93517535684023301,-2.0032949622290914,-2.4866174535769687,-5.1052483089343923,-7.3612615844593847,-12.216337725377088,0.39082434345084499,0.57000294818897157,0.59842986825661837
2594,2017,113.57551952406125,39.475180569776079,7,10,23.882493677013397,7.304351806640625,150.71231368379449,148.80447407182328,1.9078396119712124,148.72152504093356,1.9907886428609345,159.5113488390889,116.32116663516717,407.25960227847099,196.28142920041051,144.13829498228981,135.82963311820473,166.50123138580824,159.73443333789632,194.74000783640446,191.3791760268696,226.81756800242027,222.76158481016836,249.89896031527081,249.89424343460098,-1.2762017150018323,-6.2680049000642271,1.5824866366534707,7.8504915367176977,-3.704259928798507,3.1515936651300649,6.8558535939285719,0.52557075955306232,3.9066548733201785,3.3810841137671162,-0.33094853313608041,3.5884920025753217,3.9194405357114022,1.6368283198768836,1.6225369799200848,-0.014291339956798765,75.240710504056551,77.968766176234567,-2.7280556721780158,78.087377022597138,-2.8466665185405873,78.120272687051511,63.135562730649326,148.08864304813324,198.49858990228935,143.92975817112657,143.72232628385046,170.9747209919577,165.86938898720385,198.89487029448881,191.75712117477147,225.74703965848428,215.69793825401007,250.47263369171532,236.03913595571032,-1.6596819205850011,5.2084677237173764,5.1196324160403606,-0.088835307677015862,0.96397605076424497,5.9076628040403705,4.9436867532761255,-0.61165803772377103,6.3690270415177963,6.9806850792415673,-3.6333496636499376,6.4477795763799577,10.081129240029895,-8.7495206499902167,6.0283239635597567,14.777844613549973,75.47160317601265,70.835708674337184,4.635894501675466,70.634148049434771,4.8374551265778791,81.39107612130374,53.18560393399639,259.17095934599638,193.954228992303,144.19313451111634,129.34550604979441,163.10594489385477,152.48779393904971,189.97844017691779,190.66961976399136,229.76636050410778,234.36886121961672,249.64831950239596,259.70803964650179,-0.66071417900013785,-12.677313944249164,1.4589380100339611,14.136251954283125,-10.224728147735561,-0.28566282148722166,9.9390653262483397,-0.10231030190320212,-0.74143013691823967,-0.63911983501503755,4.0900680771679561,-0.38587792506280039,-4.4759460022307564,9.8296930993623732,0.44447177162544449,-9.3852213277369287,-0.38348020558316875,-0.99896774158486323,11.476472623781603,17.88578166796654,4.6682359795627519,11.188704198499806,-1.1372287972768333,-0.50934773582056891,-3.3024011305138572,-7.7234177408178937,-10.3863489698671,-18.57921374935259,0.36362222577351289,0.48974742709910446,0.54276933903757518
2595,2017,113.82552066763171,39.475180569776079,7,10,23.882493677013397,4.0526351928710938,133.94598164533818,135.00326588304597,-1.0572842377077905,135.04923500784207,-1.1032533625038923,146.74160335099441,188.26277358812513,468.25389923900366,195.02586400776158,137.98521140067675,131.58072727975289,163.35186540191904,158.13095247658723,193.87596744618861,191.83682374635589,227.55247021869678,225.41293496868616,252.30007668087177,252.99138678060726,-0.96195364026470997,-4.3590071591192157,1.6938059576615103,6.052813116780726,-3.0047021100501468,2.1864259090431801,5.1911280190933269,0.4480508887800454,2.4194544444704889,1.9714035556904435,0.13650337858692296,2.1115881781328198,1.9750847995458969,1.7347203318317099,1.0979113544521226,-0.6368089773795873,70.391765369184213,65.541460985070444,4.8503043841137696,65.330578185879858,5.0611871833043551,74.838912825306352,91.116029138654085,172.23136678886658,191.76751138629447,137.55971948606538,142.06931363355417,161.92864308051381,164.39363619287607,192.04310411720542,191.64895572583796,220.11876713850907,218.18812830633411,245.25430884885202,239.67246871756313,2.8157213213649186,7.5380349761930177,3.2323155841078233,-4.3057193920851944,5.745759466747046,3.4341158144119959,-2.3116436523350501,3.0804723261819618,3.5766879162559917,0.49621559007402993,1.6423885252620209,3.5223534871267077,1.8799649618646868,-2.9276839263364707,3.2815791976457831,6.2092631239822538,63.554216274154896,69.461805578721396,-5.9075893045664998,69.718657187433564,-6.1644409132786677,71.902690547609382,97.146744108729763,296.02253212220967,198.22457153392253,141.67870050166243,125.31154639983221,163.9569552458378,150.68589021247308,197.51998413624557,192.12918306882662,236.11994370612859,235.29226117856257,256.25454245084489,261.37648063358915,-4.8173962978992506,-13.785604719182871,0.62559987578359255,14.411204594966463,-13.541352990466521,0.4566322088625725,13.997985199329094,-5.1515778687467844,0.44761752176583514,5.5991953905126195,-0.55315765212475299,0.49241975648865832,1.0455774086134113,5.2007488061779554,0.73395220633318559,-4.4667965998447698,3.7776749616296286,7.6331176192641692,11.897042135312233,21.323639695375888,8.7504615767971927,19.287112457213567,2.6324214374019164,8.2320501949287461,1.505885146675098,2.1955461773867739,-4.6624042581681806,-8.1284327325144261,0.36781619345567301,0.51000473700902349,0.48398325065578085
2596,2017,114.07552181120218,39.475180569776079,7,10,23.882493677013397,6.8333282470703125,182.44966503655087,186.61922639016484,-4.1695613536139717,186.80051201021342,-4.3508469736625557,188.99261396179918,111.48950281690122,458.65441653877497,203.21783684411434,152.18465778554594,147.77369443783857,171.62510869552025,169.5648197684261,200.2474516266285,199.76444878251576,233.62875505196416,230.3808566403824,257.18954405010447,256.82028990156755,-0.066553759360090226,-3.6076976468131363,0.56825488310326477,4.1759525299164011,-0.083590374569212145,2.2383859266901993,2.3219763012594115,2.8460719013042706,3.4309881709187664,0.58491626961449583,0.096780043608646338,3.1390575738864186,3.0422775302777723,1.2279218715926277,1.5956345710263804,0.36771269943375273,46.275482945395197,81.976012484839885,-35.700529539444688,83.528209528560183,-37.252726583164986,51.637505516961482,36.176235901872133,100.75497237185482,205.62981224556719,145.37810290115993,155.503268945988,175.76823986619425,179.16605620146018,211.83535440501595,203.11025030561271,232.50050423244093,225.38838554281568,258.66774751488128,244.60687252664235,0.93309499230235815,13.277234424959005,3.8604798391608881,-9.4167545857981168,8.0633435347751288,5.2543963713117137,-2.8089471634634151,-3.1482822231096748,5.9219687114177759,9.0702509345274507,-1.8542716536294677,5.8593961938763925,7.7136678475058602,-9.3554957762019058,5.116132993978141,14.471628770180047,136.17418254564109,104.64321511728485,31.530967428356234,103.27230331611827,32.90187922952282,137.35510889932311,75.313267037032347,357.89944467134774,202.22189846911866,152.86587282340435,143.90760884622134,171.05458651025441,163.00075795535523,194.92485782979372,195.2111422716066,234.14849768518079,237.00065083190279,256.16660887301828,263.58612426715223,-2.546872504973777,-9.353401377757109,-1.1058314788516554,8.2475698989054536,-8.4374382696890677,0.85910747007440591,9.2965457397634736,-0.99699863643664344,0.056280690643035314,1.0532793270796788,2.1243262207557336,-0.28824684103608433,-2.412573061791818,6.9848473755924942,0.51985749612737209,-6.4649898794651222,0.99964875166244838,3.4799674972761352,16.884932071772141,22.630635802716114,8.1469339093443409,16.500781804464197,-5.9943541244139453,-2.1512835866730313,-1.951051697238114,-3.9785978743852013,-10.583417647794533,-16.3403431517944,0.21967513827120624,0.2732249924190101,0.32448109452316981
2597,2017,114.32552295477265,39.475180569776079,7,10,23.882493677013397,-2.100006103515625,136.92888382077217,131.66897469758987,5.2599091231822968,131.44028329849243,5.4886005222797394,174.61067375709536,106.25444667041302,445.38076058402658,207.08698488790213,162.96036282481614,163.61091703840705,179.69285663451979,181.74198905832381,203.87169038713938,208.62535748417977,233.92756543392335,236.09224320645217,253.82768467019216,258.2098445103768,1.931461403874124,0.39229840693963069,-0.49337688491050358,-0.88567529185013427,1.3282176862127244,-0.69735543551433921,-2.0255731217270636,3.8142078611350314,-0.93062025943243043,-4.7448281205674618,1.486584443361636,-0.74317568311244031,-2.2297601264740763,4.0048766953559891,-0.41974751592834991,-4.424624211284339,49.867505289614201,69.116328686475754,-19.248823396861553,69.953235745429993,-20.085730455815792,61.391813890228605,43.090277392067946,133.81532407071791,210.68841104250257,166.16414297971414,167.90470292016872,184.91405112932262,187.87917823184947,212.38916538289041,211.04804610059318,235.51782222302799,232.36768839092747,256.14560883333286,250.30872400522952,-1.8482581445607309,0.65294076772570975,-0.76276065437301099,-1.4157014220987207,2.3977680876827492,-1.1684091185690875,-3.5661772062518367,-3.1815337906053855,-1.5590977622756554,1.6224360283297301,-4.743249404541956,-1.5198311695313578,3.2234182350105982,-7.557861306868972,-1.3709551544800718,6.1869061523889002,87.061379224061966,62.552643626928329,24.508735597133636,61.487047374248505,25.574331849813461,113.21886037872173,63.164169237017632,311.56543709523976,204.9536472826104,161.57066388552445,161.07405104612468,177.84086423701547,176.96201847730498,199.5793763072765,205.11983847623915,233.12031219702209,241.31572433750162,251.37515730067304,263.99985289233933,3.9459302061474091,-0.74359328430796268,-0.30058817293615903,0.44300511137180365,-0.58077725579838102,-0.21979807686358299,0.36097917893479803,4.718360105168756,0.0064120622054133491,-4.7119480429633427,8.1193930473000648,0.22739471325357385,-7.891998334046491,11.758081689623282,0.17713452360868587,-11.580947166014596,-3.7797195484348549,-5.79418835070814,0.26064236078607905,1.3965340520336724,1.0695504014700248,2.9785453434811302,-6.995741651740417,-7.8998938957741416,-6.229833847903592,-12.862642451842021,-11.562738002224961,-19.315942996492254,0.30045151455407781,0.35159256057640592,0.4055385797238979
2617,2017,77.825355993485076,39.225179426205614,1,10,23.966715605846407,-5.2857208251953125,116.91815962188775,114.85025400410086,2.0679056177868915,114.76034256191269,2.1578170599750592,148.83413210036633,134.01805661873368,388.4453386105597,203.34191148150748,144.82781316777042,146.90663527570351,170.46497373253794,172.10923917743528,204.54497628457878,205.07791644487372,234.25649121378342,237.58689061955675,260.66731738394566,261.87683554817278,-0.79708158553427211,0.92776701781968995,-1.539753136304796,-2.467520154124486,-0.39135898356147436,-2.2068996439203943,-1.8155406603589199,-2.4319352669196235,-2.8273685958168073,-0.39543332889718386,0.31034240449034201,-2.4464657071672775,-2.7568081116576195,-0.91076733457964565,-1.924020007008437,-1.0132526724287914,77.191114641813328,80.81561581850292,-3.6245011766895914,80.9732014028923,-3.7820867610789719,98.947829717673812,87.334782406064733,216.46657508642238,202.36503217400491,144.65097614538399,153.85006953240293,168.4414899929177,178.55073259560822,202.83047109438576,208.41719722493249,233.73675232863673,238.42404823665288,263.04495250804393,261.76614690458194,2.0595166240382525,6.8699086920620687,-2.4542697034232219,-9.3241783954852906,5.839453569370761,-3.2569740867388077,-9.0964276561095687,1.252259327450048,-3.3715099119118577,-4.6237692393619056,-0.067763324208925724,-3.1287850907660584,-3.0610217665571327,-4.1032885517910813,-2.1567701363877632,1.9465184154033182,39.727045009876747,34.034637151032257,5.69240785884449,33.787140912087125,5.939904097789622,49.886302412494842,46.683274302075915,171.97876378521323,205.22631065505493,145.62385147622985,138.42842126373938,177.30946309709935,157.66815283794827,206.33418218627119,195.44779667781506,234.4828735650002,234.84319142918793,252.91743012956837,262.15949092289344,-7.6805466466070982,-5.5239174917517175,-0.51448320053026464,5.0094342912214529,-15.71623617131516,0.38658787176558462,16.102824043080744,-12.050812239114663,-0.59433726892925165,11.456474970185411,-0.36463684743807789,-0.23664418428199951,0.12799266315607838,4.5852081830308578,-1.6033683729325503,-6.1885765559634081,2.8565982095725246,9.7400632706453507,5.9421416742423787,12.393826183813786,6.2308125529322353,21.555689740685921,3.6841945943696714,13.303071566564711,-0.37810572869926773,0.29687352322915217,-3.1925212172114357,-8.6884967348219391,0.55726392768853228,0.66481947602548808,0.6516642951667504
2628,2017,109.82550237050431,39.225179426205614,3,10,23.966715605846407,11.391311645507812,215.54127550541307,213.08359815939184,2.457677346021228,212.97674272153381,2.5645327838792582,227.95427756807476,134.9030941169076,542.33229551464319,201.10172955771284,143.13777087872143,140.41175008420521,168.68742535314743,164.32086460743866,200.70217278401955,196.09727468548041,233.63562647015846,228.41397122110746,259.37131759985493,255.9482433105552,-0.16724217550520848,-1.1799307384217457,1.2240108316745761,2.4039415700963218,-0.67759107081812431,3.713496516891297,4.3910875877094213,1.1771807261018239,5.8083341698037145,4.6311534437018906,-0.60769304062600327,4.5365832564277753,5.1442762970537785,-0.35680510759283379,2.972226216495244,3.3290313240880778,112.63820051014409,102.58858983029859,10.0496106798455,102.15164959950562,10.486550910638471,113.8998606985806,52.691812943816331,183.38419517234433,195.29662684776915,142.25180960493873,140.29959460000583,163.60531828328214,159.28214187231094,196.09096898364234,188.6189856593854,222.30950088939684,215.6880435843548,253.00596601320123,241.54190486033289,0.86866792294046036,3.8784557156340895,4.9644887114822893,1.0860329958481998,2.9316525097167414,7.2963974324834737,4.3647449227667323,0.7409724411665195,8.5744145831352228,7.8334421419687033,1.9673669184553546,8.363981558966799,6.3966146405114443,-6.2779530166362747,6.6771053227254242,12.955058339361699,102.90307461626071,110.49500884350346,-7.5919342272427457,110.82509387356549,-7.9220192573047825,114.05441652028821,82.21128123917515,358.94809997081757,206.0291406716695,144.13317031874195,140.60507951719811,171.49396183743548,168.05216746330956,207.8244267340192,202.70277250205476,244.07427055140226,237.90949060738581,263.45852793951752,262.94112971662037,-1.7065278575630032,-2.1093940683809933,-2.0209361922031519,0.088457876177841399,-2.1460099351665178,2.1821053586931782,4.3281152938596961,-1.7225340877273254,3.9243705896507208,5.6469046773780462,-4.2423701160441567,3.1003600190923351,7.3427301351364918,0.45128129159303398,1.3225194158678164,0.87123812427478242,1.0359100984456688,2.5751957805034635,5.0583864540558352,5.9878497840150828,3.6092435805348657,5.0776624448832592,-0.43620828493530439,2.4635065288938449,2.5750599590813579,6.2097370344995113,-5.9211479090434409,-6.7292343082293087,0.33813991290768131,0.49966099304526668,0.3905900994246535
2631,2017,110.5755058012157,39.225179426205614,3,10,23.966715605846407,9.4444427490234375,189.3399690895385,185.31653991352505,4.0234291760134511,185.14161011324904,4.1983589762894553,195.6967304537975,114.98622599629743,517.24511463940144,205.87294727559404,155.18021552650907,149.69824580555289,175.17441390877187,170.37684005822146,204.79558525459575,199.81481981093896,236.17006387960444,231.77581130245659,260.91741042060352,258.44764118168627,-0.83161715805550784,-3.5146798878039931,0.60890555647111455,4.1235854442751076,-1.1132138573613304,3.569239841918602,4.6824536992799324,-0.461578051643869,4.6069587722551262,5.0685368238989952,-0.99521148194588704,3.4714960913956077,4.4667075733414947,-0.034789598997861049,2.3538158929590622,2.3886054919569233,82.901403338346427,79.671215309341278,3.2301880290051486,79.530771312940487,3.3706320254059392,88.327413592215635,34.789673553196678,137.78985917707905,198.23120999200984,149.45395234299292,147.63230928059841,168.04997410716592,166.57207239533938,195.61448158516728,193.82118019803238,223.8901428621275,222.06701874682022,252.77322850541805,247.21742883707583,2.4048428179362702,2.0287467645723893,3.9500069290800752,1.9212601645076859,2.5307102461736122,3.8323803307131357,1.3016700845395235,4.0276812595390936,6.306844480090092,2.2791632205509984,4.9078726919207156,6.5008568237655311,1.5929841318448155,-1.9073284747676951,5.9948457576228691,7.9021742323905642,106.4385656187369,105.64532761090595,0.79323800783095066,105.61083887646964,0.8277267422672594,107.36931672912669,80.196552498902747,379.45525535568595,210.88893670394981,159.40229211514273,150.93195468891389,176.64944833563266,172.21226667030842,212.05964196771615,203.90415878132475,243.02831892804724,237.69253645991836,263.59892185982739,263.29691573327148,-3.4280662412498373,-7.3000737158769198,-1.4224710730539698,5.87760264282295,-1.7297588469104141,3.2555220864225021,4.9852809333329162,-4.0313704435274644,3.6530956455369221,7.6844660890643866,-3.8199385212112702,2.1325052917592302,5.9524438129705004,0.62310397442212206,1.2715215995248172,0.64841762510269518,3.236459975991778,5.8329090591861075,5.5434266523763824,9.3288204804493091,3.6439241035349426,4.2604690930840263,4.4892593111829626,8.059051703066558,5.9030841738666027,8.7278112131319858,-1.872538875769834,-2.5304324491898171,0.26639180395766437,0.45134843789875712,0.30255513868519268
2632,2017,110.82550694478616,39.225179426205614,7,10,23.966715605846407,21.105270385742188,188.03827801159059,192.91050673215068,-4.8722287205600878,193.12234532163711,-5.084067310046521,184.31225281841125,106.07184781334217,481.65549020469189,206.69509180985347,157.56810223245515,149.84350461738643,176.53611123657083,167.30793178988628,204.33372141658251,194.41171769398352,236.5033858477282,227.33652305693408,261.96943245931868,255.80064443529295,-0.29599735897480173,-3.6066421557999035,2.9557537240391127,6.5623958798390163,-0.61182753160878178,8.5375755432301332,9.149403074838915,0.95049914349493747,11.03904026737132,10.088541123876382,-0.46743941799513777,8.6768662609237595,9.1443056789188972,-0.39920254162092306,5.8441540144848432,6.2433565561057662,80.391428548315162,74.227362829769845,6.1640657185453165,73.95936047019859,6.432068078116572,76.952757645621205,27.463493374238169,121.20986343355617,200.2029816619287,152.66035451569721,148.10159693536093,175.81288395988076,166.63672761432701,197.2908350146472,189.59645242229473,223.13513560035892,217.07476341825605,253.09653496346934,242.45116473377504,3.3970842675740869,1.5638721968303173,5.3625184924098335,3.7986462955795162,0.070344311365801104,8.4894061423998437,8.4190618310340426,5.9616524483855926,13.136762175395035,7.1751097270094419,7.8398301497850582,13.253992847981038,5.4141626981959803,-0.054847149546105811,12.17766353099293,12.232510680539036,107.64684968875372,118.68314457685483,-11.036294888101111,119.16298435421049,-11.516134665456775,107.35949539826834,78.608354586620408,360.4456272162497,210.34024769163807,159.05992030818209,151.0345730044844,176.57553750554837,167.87756600845375,210.68715205603931,197.73726058211869,242.17181204476458,234.23186493695019,264.10259970303076,260.6746973709358,-2.3056538644067643,-4.8377950632116438,0.8141740736768952,5.651969136888539,0.033847704235768106,8.4286873650150085,8.3948396607792404,-2.9105061898957558,9.3850297009864505,12.295535890882206,-3.3265179759373211,5.3188068735002219,8.645324849437543,0.04282036268466527,4.0394111015500016,3.9965907388653363,3.6930816265488886,5.7027381319808512,5.1705143526302209,6.4016672600419611,0.68217184297458289,0.036496607130032999,5.0111533048906551,8.8721586382813484,8.307269567780196,11.166348125722379,0.34435539207481725,-0.097667512230771081,0.25165261457321897,0.41751297848568353,0.25891406570541231
2634,2017,111.32550923192709,39.225179426205614,7,10,23.966715605846407,3.0434722900390625,150.70320870399155,147.25992273732845,3.4432859666630975,147.11021407673252,3.5929946272590314,169.86663360682178,87.771884196288738,430.38840829394758,208.99068599203335,159.38993094148071,158.67942319700677,178.19983557642863,178.31630818353148,206.65145153800265,206.65889189747401,238.57797080741108,237.96446570926312,263.64513410870933,263.02812724990827,0.68586943761363273,0.18842289786141464,0.36279603771265556,0.17437313985124092,1.2674710890299252,0.95706400385665802,-0.31040708517326721,1.3325110814946015,1.2996884894919276,-0.0328225920026739,0.136493826151451,0.93236017344011657,0.79586634728866557,-0.28985176729901241,0.83479424697850391,1.1246460142775163,50.027506390688359,49.959405707140832,0.068100683547527296,49.956444707386254,0.071061683302104939,60.753065123672059,28.914970911006094,109.57052929114434,204.67402666367443,153.77780022651882,157.21177237607174,174.72246032783764,176.56279582146115,200.46582494453094,203.18306991422543,229.43366160746817,229.5199188635919,254.16570770332342,253.40758572328596,0.58713126091925005,4.0855755138016718,0.50875494205871519,-3.5768205717429566,2.9534910401890215,0.89591930211813064,-2.0575717380708909,4.1617110692840242,1.7159752462999052,-2.4457358229841191,1.8397420852733148,2.1000457960238634,0.26030371075054859,-0.89602327898847989,2.185362520227045,3.0813857992155249,100.67570181783958,97.300517663810751,3.3751841540288297,97.153770591241482,3.5219312265980989,109.11356793553205,58.856913215433451,320.81787824071944,211.29505736849151,160.1497701431513,159.18814674822767,178.41751913695234,178.92477309738709,209.41284806328957,208.26478122113392,243.1028816621145,241.86409810201459,265.84457557544022,266.10829957877775,0.078437929615745361,0.94719966409405743,0.41807695444191495,-0.52912270965214248,1.8141084330885917,0.90439186370969082,-0.90971656937890089,1.0181582318278117,1.014639927580987,-0.003518304246824755,-1.8276948822835379,0.39496373521100736,2.2226586174945453,-0.63523503325649244,0.29787938030136729,0.93311441355785973,-0.098738176694382673,0.50869333130350469,3.8971526159402572,3.1383758497076144,1.6860199511590963,1.1393826071004298,2.8291999877894227,3.1435528374562125,1.7032482591218638,3.6674369675568528,-0.60617151168946748,-0.26078824573198744,0.25458522390386878,0.3576515518891889,0.329433179836291
2635,2017,111.57551037549754,39.225179426205614,7,10,23.966715605846407,11.541671752929688,158.3793765604496,164.78741839528084,-6.4080418348312378,165.06603014469147,-6.6866535842418671,161.81227259278876,107.35777669399977,430.604935657233,206.87406321883205,153.13692014835505,148.13665443550514,176.14309649093659,168.07154902459615,206.18006151872029,197.62305639575573,237.9919210250689,231.02740250136938,261.91342854038021,257.8967229307687,-3.4880567818757129,-4.0147750390530916,0.36043917964408934,4.375214218697181,-4.698373157818537,3.0421860197487831,7.7405591775673201,-3.9558789137167878,4.6079843213286722,8.56386323504546,-3.2887093695362921,3.65293757420622,6.9416469437425121,-1.5017559004909344,2.4933975158345447,3.9951534163254792,68.744360158219934,66.935398928821087,1.8089612293988466,66.856748230755329,1.8876119274646044,71.9347066497985,38.476135664386675,124.19107060588431,200.28118387093349,149.2480780030659,146.8462670997566,168.59827324981975,164.91645899448309,198.966136469715,190.27609075606563,228.11312876088951,217.47665100306929,252.49789172964637,242.42094664035773,-0.93047238892637552,2.6750169018261545,4.8560599397375768,2.1810430379114223,3.0645011313529835,5.9640443136545116,2.8995431823015281,-0.50092715308650781,8.0117125306787216,8.5126396837652294,-2.6643883489553559,8.4012255144953087,11.065613863450665,-4.122448224059724,7.4212991364491074,11.543747360508831,89.635016113519669,97.852020993828773,-8.2170048803091049,98.209282472729683,-8.5742663592100143,89.877565654280261,68.881640739738941,306.41386408172548,211.45915390229348,158.37058111912472,148.83859481381788,178.20730952825829,169.73674735128347,211.92011939922961,202.8390359029888,245.28748822402207,238.51001777008716,265.87253126113194,263.73418906332029,-5.5924272634822501,-8.3015278931125636,-2.5241153346270835,5.7774125584854801,-6.556143336498053,1.5893526998690106,8.1454960363670637,-6.4887128231256099,2.602910317223035,9.0916231403486449,-5.5233114707370419,1.8275507396214152,7.3508622103584571,-2.1196707782834778,1.1517602126376687,3.2714309909211465,2.5575843929493374,4.6619548745558745,6.6897919408792461,10.976544794938718,7.7628742891715206,9.6206444678510366,3.45495176063028,5.9877856700391021,0.62432102058093619,2.8589231217816859,-2.6206923235687896,-2.0027774457762462,0.28841069927898361,0.44455655616942558,0.3583916959649287
2636,2017,111.82551151906802,39.225179426205614,7,10,23.966715605846407,4.81817626953125,130.76513403654099,134.68599140644073,-3.9208573698997498,134.85646414756775,-4.0913301110267639,144.23166788168601,97.620719879865646,391.22288551740348,207.14561213229706,159.83777486627571,157.41512986489187,178.13195037430222,175.80601392325883,205.50931591601835,202.88488852184321,235.20306567812753,232.59340543540961,258.22720180021861,256.5874789926886,-0.62666395153053145,-0.98023469432459365,1.1266240269873435,2.1068587213119372,-0.027554460366758349,1.98698372909314,2.0145381894598984,-0.47218966058647993,2.3063703960292798,2.7785600566157598,-0.88095884728414831,1.6666792488046838,2.5476380960888321,-0.60333085949679344,0.9011764276726808,1.5045072871694742,40.16381723433733,53.08883336186409,-12.92501612752676,53.650790393352509,-13.486973159015179,44.384864449501038,46.162475632503629,108.37607501883758,213.43295216812578,165.97878958561236,160.20418984234462,190.18894512847922,180.28359787099106,218.84412896690873,202.78179956400413,236.74671181095724,225.6354111818093,258.65641651693545,247.61160093870407,-7.2865652835099297,-4.1156422947015585,1.8035657741171747,5.9192080688187332,-8.0539342731293004,2.345502159182729,10.399436432312029,-12.793420052559043,3.4839626756292432,16.277382728188286,-6.6759616556373942,3.6863996708203217,10.362361326457716,-10.473961047746826,3.0505617022980118,13.524522750044838,90.601316571235657,81.597157984972,9.0041585862636566,81.20567262172699,9.395643949508667,99.846803163964069,51.458244323730469,282.84681046754122,203.38300197046348,159.06507554391538,156.23081873396234,175.02741725425125,174.03222507998942,197.35590125188196,202.95799635765076,233.72470949260654,237.52150635849915,257.7773436020513,260.63976265770896,3.5450504346763694,-2.0165417420116398,1.1866526427172914,3.2031943847289313,1.2895099876441805,1.5856981211314007,0.29618813348722028,6.4674114886388452,1.1184405777109419,-5.3489709109279033,4.6943699840732052,0.72116099164148295,-3.9732089924317222,3.2766402220345299,0.81574174251318254,-2.4608984795213473,-6.6599013319793983,-10.831615718186299,-3.1354076003769649,-2.0991005526899187,-8.0263798127625421,-9.3434442607734809,-12.321230391972563,-19.260831541197888,-5.7950028083532459,-11.370331639710599,-9.8706301882500327,-13.750601269781356,0.27701875077043897,0.30773314280682224,0.47287579613541325
2637,2017,112.07551266263847,39.225179426205614,7,10,23.966715605846407,5,144.81046012091974,145.7763581978943,-0.96589807697455399,145.81835322051484,-1.0078930995950941,152.7212825720344,116.22934670450559,418.93665661476552,203.01842872538066,151.48366836062564,143.11327578202048,174.34730929924373,165.49096076885857,200.51963194422365,196.49760736847244,233.10730105318191,228.65115934222544,255.40093828692815,254.79537845755777,-3.947621955121889,-8.3191419279541208,0.048109297477424207,8.367251225431545,-7.6096053669133994,1.1552942070227346,8.7648995739361339,-2.1958997449025617,1.9211863745763367,4.1170861194788984,-2.5807812269762564,1.8567341036855396,4.437515330661796,0.49465304030107404,0.95354911707170231,0.45889607677062827,61.548182640146479,60.519537670412319,1.0286449697341595,60.474813788408937,1.0733688517375413,67.098024699758753,56.68314981316604,132.64289214051678,203.44893245078524,151.81283051982058,149.53696301585902,178.88401995125216,170.94030883699142,203.64650468663132,197.03366018989041,227.70058087575669,220.6087947978221,251.95268134866504,240.43223609473787,-3.0954894324692646,2.2803442126772211,3.9364911562224165,1.6561469435451954,-3.3195763099405156,3.9203049648280626,7.2398812747685781,-2.2398919068570251,4.4084824591229221,6.6483743659799472,-2.7072841476618237,4.3203066055355634,7.0275907531973871,-8.1474648345554499,3.9475011786704215,12.094966013225871,83.262277734093004,85.256819752621595,-1.9945420185285911,85.343539899009556,-2.0812621649165521,85.623258155397707,59.546196929979487,286.29376489296556,202.65135245437347,151.41642924900796,139.15071260972485,172.27925674558782,161.78168826647163,196.06252011842435,195.85366589617354,237.65151500308502,235.90720121245383,260.26146669201393,260.51753786819057,-4.1439529896881879,-12.600944612126028,-0.8000627068124686,11.80088190531356,-10.118182077498489,-0.55241446295423202,9.5657676145442565,-0.81745029513788836,-0.31314220807465176,0.5043080870632366,-1.8383942395667816,0.047673656084697313,1.8860678956514789,0.63608879814830743,0.71049065773763687,0.074401859589329433,0.8521325226526244,1.0484635572189234,10.599486140631342,14.881288824803249,4.2900290569728838,6.798605767557973,-0.043992161954463427,-1.4224416117191367,-0.12650292068556723,-0.86888990809504207,-8.6421178748565239,-8.7835536327037573,0.31661801383613214,0.43934953642175228,0.48768363085851141
2638,2017,112.32551380620893,39.225179426205614,3,10,23.966715605846407,8.434783935546875,157.57407653017799,162.94898174725677,-5.3749052170787763,163.18267271224613,-5.6085961820681405,169.41513973226211,102.70231296747806,456.55351201444864,206.84196117134664,159.38914638902617,155.97314695270029,178.18052640490671,174.04896109985157,203.19136565568056,201.57162711101623,235.72271869721928,232.23675376523965,257.86363914112439,257.51901276259963,0.463147020964783,-0.84232405998622539,2.3704368113930059,3.2127608713792313,-0.23309186500523538,3.8649658557851581,4.0980577207903934,2.5754631846288305,4.1989614223454055,1.623498237716575,0.19852844605807718,3.4263865912232347,3.2278581451651576,1.7738310680720133,2.1652157756124097,0.39138470754039645,54.987777938840736,75.225320588022441,-20.237542649181705,76.105213816019386,-21.11743587717865,58.326517335661265,43.474516915382992,127.16491299698828,210.2374575577725,160.04329304819677,156.95319120552989,180.70639604575459,176.15804351860803,213.55870798046593,200.52544644654543,238.58712697668372,224.65886893038837,261.34506826372632,247.19529150758447,-4.5480366342675325,-0.86079769297876396,2.7994341853381002,3.6602318783168641,-1.5369516424460983,4.1262091380657751,5.6631607805118733,-7.9736654818848649,5.7254131508085493,13.699078632693414,-7.4832852355463615,6.1224091389073863,13.605694374453748,-10.127552867359384,5.2144602268097628,15.342013094169147,102.58629821135764,87.723660201672828,14.862638009684815,87.077459500047553,15.508838711310091,111.08862192348897,59.227796350118297,329.38859901949763,204.81241515138498,159.11634019587152,155.10151596146792,177.78711645939981,172.71262164064871,197.72516390900446,202.59936028163696,233.92549274553235,238.97009165218245,252.00343916156595,262.7615192534418,3.3200835962103099,-1.4453346503920272,2.4728293309991045,3.9181639813911318,-1.1840266063527167,3.7844820287162975,4.9685086350690142,7.07754341198617,2.6185384012216275,-4.4590050107645425,6.762028029816463,1.7719955603635924,-4.9900324694528706,10.997314426703156,1.6190285454147784,-9.3782858812883774,-5.0111836552323155,-7.8681202304778424,-0.018473632992538569,0.58453695741326328,-1.3038597774408629,-0.35292503609338155,-10.549128666513695,-15.051208893871035,-7.6818136816044387,-14.245313265362824,-11.901383935431397,-21.12486729406254,0.27853232896161328,0.34428161159527121,0.42330611316562777
2640,2017,112.82551609334986,39.225179426205614,7,10,23.966715605846407,9.3333282470703125,175.04819862682416,180.06597466000676,-5.0177760331825993,180.28413780754272,-5.2359391807185602,183.11150862389786,115.01901350632033,432.90438807010651,199.26414110415871,144.34446571911803,136.9735687165921,168.34871774570158,161.14044110734159,197.62768730973855,192.73250351645831,230.34024893023522,225.01062641050555,254.69906241474982,253.6001658188714,-1.6346705313076768,-5.1976119498706055,1.7317503687843043,6.9293623186549098,-3.3842557358304362,3.7235375370474628,7.107793272877899,-0.049979228319500635,4.923567846363909,4.9735470746834096,-0.72923121771199817,4.4326763986075832,5.1619076163195814,1.0713747290552647,2.1819619002235129,1.1105871711682482,90.566235340518688,94.377511862219762,-3.8112765217010747,94.543220234425462,-3.9769848939067742,92.900594686652767,54.152154916115094,155.9426779106725,196.47187331770667,141.02038139727907,144.97904437501006,167.16659365844009,166.90283918981973,196.69612396088908,192.79834652705321,225.46528166381211,217.46046908331391,248.64203378655279,237.45145311317384,2.6026213236555407,10.011964960390685,6.4420064675317121,-3.5699584928589729,5.6614119301845847,7.4079938712993396,1.746581941114755,3.1302697615369652,8.0774973981239953,4.94722763658703,0.050460489721103841,8.1670500313713319,8.1165895416502281,-3.9573296588385745,7.6731731985853457,11.63050285742392,84.481963275129601,85.688462864014582,-1.2064995888849808,85.74091884799418,-1.2589555728645792,90.210913940970386,60.866858829865578,276.96171001344919,201.98201715217922,144.86532954822255,130.62684695458768,170.89521525831913,153.86192772668085,198.92504180729037,192.61575835330135,237.52414131245942,237.9854193062697,259.08558814615265,264.04585427261327,-6.6654513671905988,-10.755332831808545,1.330802750973902,12.086135582782447,-16.245172348277293,-0.54028542715272465,15.704886921124569,-7.9643162782084005,-1.0201612275200773,6.9441550506883232,-1.4082580274477152,-1.169772261571751,0.23848576587596426,4.7070747513750462,0.3973749389635941,-4.3096998124114521,4.2372918549632175,9.2680726908461395,15.209576910261291,20.76729779219923,9.0456676660150208,21.906584278461878,3.1802489898564659,11.094586039745366,0.77969170743310201,1.4587185171688191,-5.0287043878938391,-8.6644044102136206,0.36022429480529644,0.50734437930641529,0.47081046224709111
2641,2017,113.07551723692032,39.225179426205614,7,10,23.966715605846407,13.210525512695312,173.42369231400517,185.08400619281019,-11.660313878805027,185.5909765467477,-12.167284232742531,176.56519800694514,111.39073773103519,400.23345260694623,196.38799434967362,139.13425760241105,130.60978076071476,165.79357885638512,154.96031370024997,194.6862079026302,186.8729585277429,227.83708548890121,220.51137620568178,253.18647535845886,251.6082301987845,-1.2066497152501938,-4.370879442780307,3.5759423671436537,7.9468218099239607,-4.2565708292468116,6.7119051833425374,10.968476012589349,0.22197376091801857,7.9866744890152859,7.7647007280972673,0.14104940499711915,7.2730110816536637,7.1319616766565446,3.0315458838697111,4.5379476935936509,1.5064018097239398,102.00871409278989,106.87311785170277,-4.8644037589128857,107.08461360683395,-5.0758995140440675,102.43770005041387,55.616610875598099,164.82469221256906,192.73816029390164,138.95749720255264,136.70789763950239,164.47330608032087,157.24397877158481,191.37647327564005,183.0797092652665,221.42933584161054,208.85941231322707,246.33816477378636,230.65823703118716,1.8467921785759245,7.9539203015750388,10.041140492473005,2.0872201908979662,3.8587116230987988,11.32961723273479,7.4709056096359916,3.4144251096516882,11.807711978437965,8.3932868687862765,-0.87792583417288483,11.892320564003569,12.770246398176454,-4.5706797278943441,11.531748890751771,16.102428618646115,71.414978183962376,78.210886688647406,-6.7959085046850305,78.50636201447287,-7.0913838305104946,74.127497876339476,55.774126957419867,235.40876005962491,200.82883187855296,141.13783398150571,123.63839103103052,168.82424145109803,150.4777553781837,200.20105215453285,194.8418612774048,237.47077893323711,239.8618729703073,258.72317925538505,265.27904778247768,-5.0500248998058055,-12.849769866102463,1.8348140236021351,14.684583889704598,-19.053734485456602,-1.7005518976965845,17.353182587760017,-6.6724805755489172,-0.033837156808289137,6.638643418740628,3.5622007685543906,1.592168456268638,-1.9700323122857526,8.2006102240532641,2.0773261228957267,-6.1232841011575374,3.0534418938261183,6.89681707838173,12.324799744355346,20.803690167677502,8.1152824523456104,22.9124461085554,3.1924513487336696,10.086905685200605,-1.018975239170004,-4.4401266027272754,-7.6022256117640552,-12.771289951947608,0.41182137859534945,0.58016925875950087,0.49929295746196001
2643,2017,113.82552066763171,39.225179426205614,7,10,23.966715605846407,-0.142852783203125,159.31876763701439,160.72121095657349,-1.4024433195590973,160.78218686580658,-1.4634192287921906,174.69229024273227,102.61023068961367,421.85464534163475,199.56038214015373,149.31154455703799,141.96317013333038,169.18609364699486,165.88831202833308,196.32556951664517,198.61070741171099,229.65564991298845,230.25135631611067,253.00823582037123,255.81201559029788,-0.93356953879583671,-7.2686699197520284,0.033533164166556162,7.3022030839185845,-3.3396255183940582,-0.038302071743913757,3.3013234466501444,1.7956279921772875,-0.056838000118659693,-1.8524659922959472,0.65682943278034145,-0.063347740909392769,-0.72017717368973422,2.7486843520489685,-0.038725376055197103,-2.7874097281041657,40.487975399941206,62.535824567079544,-22.047849167138338,63.494426101446152,-23.006450701504946,52.240347788319013,33.324893134543345,96.186095093507902,196.69406094417437,137.28038446481622,152.42991791450058,159.46194061013279,176.39689126669256,197.55817128145296,205.296693243964,227.34148793866711,228.98933338018901,259.30047879553643,249.22631181456251,4.7973353805307397,15.533444799779971,-0.09202713311884736,-15.625471932898819,15.18525746024514,-0.103940217012223,-15.289197677257363,5.2907372591773765,-0.11381516885592191,-5.4045524280332984,1.0796781497106451,-0.1189277346087465,-1.1986058843193916,-11.151623473646481,-0.08727992282635455,11.064343550820126,118.83079198002815,98.185385882854462,20.645406097173691,97.287760496139526,21.543031483888626,122.45194223036378,69.285338180387043,325.66855060402304,200.83951526263414,152.27008667894449,137.00528458781761,174.05514646433761,160.64479673328731,196.00506934103873,193.09874149987195,231.58550560358339,231.76399244205695,249.85238850307061,259.58032956033378,-4.497533627931972,-14.056330730188478,0.039515548262585298,14.095846278451063,-13.270907265287605,0.021298159479385959,13.292205424766991,-3.1802978490382259,0.0044847993527810104,3.1847826483910069,-0.014835452035271146,0.025789508221862434,0.04062496025713358,9.0015400158766568,-0.0041882231050749397,-9.0057282389817317,5.7309049193265764,9.2948690084627117,22.802114719532,29.589775529968449,18.524882978639198,28.456164725532744,3.4951092670000889,8.4710351082156023,0.42284871693030368,1.0945136017459163,-13.90030782569545,-20.153163489523138,0.22800767078341061,0.29904209118634745,0.32477164226779709
2645,2017,114.32552295477265,39.225179426205614,7,10,23.966715605846407,-0.4782562255859375,201.43718480639291,187.96466854124083,13.47251626515208,187.37890699007039,14.058277816322516,224.30191716039735,137.06050543744459,483.535375315696,197.42204571477097,144.11673244367643,140.41909029052493,166.02278659087739,163.92293198513019,194.44248800104111,196.13235436165834,228.6220117603244,228.80484674690646,252.7891504841746,254.87121850525193,-0.52923410734172194,-3.5055285764928215,-0.091823733447625955,3.4137048430451955,-2.2117601465539565,-0.1838175534034292,2.0279425931505273,1.4233643744288145,-0.24554152431318244,-1.6689058987419969,-0.03473349177994578,-0.23224766341124337,-0.19751417163129759,1.923114319437758,-0.11280288311860431,-2.0359172025563623,142.23724738325836,122.19887118645966,20.038376196798708,121.32763655649796,20.9096108267604,162.22112463399571,92.992884816099433,275.88352542510256,195.36180167504457,140.29737799521354,146.12989360128515,163.19360840118182,167.29715988818475,192.98574348908556,195.76094845141466,226.57365655948237,224.23352743976614,251.91682500455198,246.12568678531261,0.39518674122089692,5.7242980429009833,-0.31758796290645819,-6.0418860058074415,3.9246871748559897,-0.37369608731967219,-4.2983832621756619,2.5424152907617383,-0.37910345768511888,-2.9215187484468572,-2.8986909247701078,-0.37434937277660651,2.5243415519935013,-7.159387688821397,-0.37693846875544068,6.7824492200659563,59.199937352354027,65.765798990020812,-6.5658616376667851,66.051271236939101,-6.851333884585074,62.080792455621122,44.067620557205373,207.65184950642288,202.37551721668623,150.88761649454966,134.09046573267412,171.26109245084996,157.70771051977303,198.82970375495722,196.80854621224796,233.78044839793918,238.34704355895963,254.73249054563109,265.48401074644062,-3.7765685158726114,-15.138029892581898,-0.091081404172484781,15.046948488409413,-12.593105300468864,0.2212866488304428,12.814391949299306,-2.0000656771829597,0.064852084502831531,2.0649177616857912,4.5725138361951281,0.066854289917841925,-4.5056595462772862,9.7376046284273912,-0.0057325212002865555,-9.7433371496276777,0.92442084856261886,4.1717552570935084,9.2298266193938048,20.862327935482881,6.1364473214099462,16.517792475324853,1.1190509163329239,4.542480967944698,-2.863957432990162,-7.4712047609652359,-9.082502008259155,-16.896992317248788,0.57055499868025294,0.72322665221801052,0.67848053324553115
2657,2017,76.075347988491828,38.975178282635156,1,10,24.050474011951447,8.590911865234375,128.29768318215793,141.37574509224214,-13.078061910084216,141.94435592717491,-13.646672745016986,138.633075488342,90.987981452570239,357.94814183190465,200.9286560079799,134.63113208656233,133.09764977515425,164.14165871794404,153.93986368497312,203.07085831204188,191.12427853318451,239.96465938723915,229.71331283963272,261.34598837335574,255.06061022824841,-6.1868206750029628,0.013701973855489769,1.1126448165555018,1.0989428427000121,-8.4422437135538644,0.80475217486872452,9.2469958884225889,-10.364536498037637,2.1925634505626306,12.557099948600268,-7.4076203443933935,2.9065912813594537,10.314211625752847,-3.4065685275959936,2.8864917592672725,6.2930602868632661,38.399512407126167,45.122230187247624,-6.7227177801214566,45.414522917781142,-7.0150105106549745,39.324512207073894,24.634720418129291,67.840558241980034,206.72323159755669,148.61064353065316,146.80792470082372,175.83789947634642,171.32819693812979,207.87502931019762,200.24142671700125,235.02283625735345,228.24372122302071,260.35546210668599,250.25810223115403,-0.40606997530639433,5.2383513953109286,4.1026121442276064,-1.1357392510833222,3.1093165139954237,5.3900026388613185,2.2806861248658947,0.51017305662270473,6.2662280683860843,5.7560550117633795,-1.0218667510670514,6.1209066204884266,7.142773371555478,-6.0493004200868938,5.3535850822951545,11.402885502382048,89.898170625088824,96.253514755982906,-6.3553441308940819,96.529833348056854,-6.6316627229680307,99.308563173319271,66.353260959935142,290.10758367739618,198.69146825830501,130.22972024077322,130.05493858210048,159.4625223480837,145.8543092581294,198.30087483476231,182.91777882928869,241.0434081788635,230.8238020199569,261.50794446552436,256.83840016540654,-8.6485157068699152,1.6527868194537518,0.78444916295782718,-0.86833765649592465,-10.743619722861723,1.7417797379712283,12.485399460832951,-15.160780996590205,-0.61974649081011535,14.54103450578009,-9.2243725081881394,0.22561128137164133,9.4499837895597807,-2.7740704633476412,2.6822061929169649,5.4562766562646061,5.7807506996965685,8.2424457315635209,5.2246494214554389,3.5855645758571768,11.551560227549288,13.852936236857147,10.874709554660342,15.67095405321291,6.3857535933263421,8.202505757121088,-2.6427318924909002,-3.2752299567392527,0.18952621990097804,0.2836589469616202,0.2707469714664541
2673,2017,109.82550237050431,38.975178282635156,3,10,24.050474011951447,8.2083282470703125,212.80502951145172,209.61479955911636,3.1902299523353577,209.47609156370163,3.3289379477500916,229.93820079122634,143.97738846601897,551.57685309648514,200.08204246963433,141.68906076266123,138.72489726474987,166.66737240465071,164.95553945920054,199.20115035055534,197.00972981457852,231.95650871200795,228.8337838783051,260.81607527842351,255.86639783866261,-0.078789058496028019,-1.60407947945248,0.69336594004371932,2.2974454194961993,0.6212115610387059,2.1989540550496827,1.5777424940109768,2.0108603945366781,4.2690717967059868,2.2582114021693087,0.27438409138954967,3.3815140017713645,3.1071299103818149,-2.7768275504652138,2.0331611638451648,4.8099887143103786,124.79743932187557,105.03836369514465,19.759075626730919,104.17927333712578,20.618165984749794,127.30949357927511,42.58152705893815,184.85109958495013,189.58885156138689,144.133230457899,143.88154222891168,163.1854724522662,163.77698783765422,191.28972408579855,192.03872398636466,214.87663426373229,219.11765850222579,236.11500950139094,243.58361757213652,8.3221394568196843,4.6154256675590943,4.6179549474567239,0.0025292798976295217,6.4971317129798933,5.67625062806448,-0.82088108491541334,6.7348868116156098,6.5786733646416735,-0.15621344697393624,10.803178129813858,6.2723460016525792,-4.5308321281612791,11.066151477624629,5.2952343348762554,-5.7709171427483739,88.007590502500534,104.57643413543701,-16.568843632936478,105.296819627285,-17.28922912478447,102.62870756957909,101.39586155578218,366.72575400769711,208.81971032522029,141.12292059761921,134.84844566404993,172.81721830853294,165.86017022465703,214.26793837014264,202.25350457465319,249.81453322048793,238.12158851290681,265.93356385239048,262.50345555978805,-7.5117206302051898,-4.2402165059648667,-0.93112402170356745,3.3090924842612992,-8.9469125031951648,-3.6614057303967797,5.2855067727983851,-11.072604140925506,2.0842923703662848,13.156896511291791,-11.598119349385883,0.963390021950147,12.56150937133603,-2.9456936486215,0.95046446498548676,3.8961581136069867,8.4009285153157123,15.833860087024874,6.2195051470115743,8.855642173523961,5.8759201519411874,15.444044216175058,4.7240264170789317,17.807490952541116,10.528794038424309,22.401297479199741,13.842979028089843,14.011845126246129,0.33513208276819201,0.55366830366245434,0.29575148926241351
2674,2017,110.07550351407477,38.975178282635156,3,10,24.050474011951447,2.5,209.9537555715724,200.21802213072078,9.7357334408516181,199.7947291208111,10.159026450761303,230.95766203018866,140.52352935082854,544.06063082069159,198.73420474131197,139.7182924931688,134.82416692862529,166.00301680856651,163.03158066861403,197.27337642338065,198.82637075754883,230.86716967244209,231.49766812792157,258.76894126232423,259.11633560722208,-0.093681515222471035,-3.947939715938702,0.36191254378505278,4.3098522597237547,-2.4409426966120975,0.62619520720738819,3.0671379038194857,2.7878412939130612,1.272282191781926,-1.5155591021311352,1.5925171557170188,1.0523627956213772,-0.54015436009564155,1.0216955007867909,0.57376161356592092,-0.44793388722087002,120.56570919204205,99.768060435802909,20.797648756239141,98.863814303884283,21.701894888157767,125.3557838105753,61.197013937129441,197.74748438663664,194.34376949111765,140.85347803743622,143.51710835870236,165.61389764516792,166.11163895656489,194.05662333608294,197.09369998019022,222.12043340042868,225.19295193211985,250.73003205999558,250.13723824899029,3.7393781847777063,4.9764848042092069,1.5031261319452085,-3.4733586722639984,3.3607998367772041,1.9720860111243326,-1.3887138256528715,4.1224643690811433,2.0587205574371126,-2.0637438116440308,4.7659177755670896,2.0199483188818306,-2.745969456685259,-0.81577992868466254,1.6783065927027963,2.4940865213874588,89.388046044254224,100.44996141315096,-11.061915368896734,100.93091478712449,-11.542868742870269,105.60187788619987,79.326515339373145,346.31314616650343,203.16320542349271,134.03613667952965,129.53643142187255,168.49805493916071,157.70331526576501,205.86379921453133,200.78205963500207,244.54857697233331,238.35092263712767,263.97143276636689,264.6291640660931,-4.1225733168261911,-2.0626012193435201,0.74932135985949344,2.8119225792030136,-9.113360726818712,0.21407545695257113,9.3274361837712831,-5.385093275959548,0.65211838124122323,6.0372116572007712,-7.349282072153045,0.27506400073843906,7.624346072891484,0.71371796385500375,0.1234848034598599,-0.59023316039514384,3.8330597000001774,7.8619515016038974,8.9244245201479089,7.0390860235527271,5.8017425333893016,12.474160563595916,1.3346230751680821,9.5075576450406913,3.1734006198500708,12.115199847720135,-1.8374754294714535,-1.5294978925396663,0.36346589549834407,0.54276520947025331,0.43549300405305125
2675,2017,110.32550465764524,38.975178282635156,3,10,24.050474011951447,13.4761962890625,207.62778278588667,198.69195704469894,8.9358257411877275,198.30344130714366,9.3243414787430083,211.60640831965429,118.87647286416086,532.91226883232594,204.11583362444858,152.50015625461873,146.55882044793728,173.15570140742997,167.42907696078899,202.25249593562432,196.98562463438071,233.77627675700853,229.03276751178277,259.34406126849359,256.28962172667633,-0.5717432500149755,-4.6722928265656662,0.84648363140800598,5.5187764579736722,-1.4084812489214471,4.2958065782499659,5.704287827171413,1.2288712845428051,6.5918840814834994,5.3630127969406942,0.59548904815241599,5.3669900980770535,4.7715010499246375,0.47172869023023623,3.4198616218623101,2.9481329316320739,109.30510138569298,99.808471006817854,9.4966303788751247,99.395575113947416,9.9095262717455626,112.62106611658601,50.767518655106926,180.73034212266793,199.00021322357514,146.83430505053451,144.21868548096606,168.72102659256092,163.11967765643627,198.01474600950388,190.83282848157975,223.94166176271295,219.15992652810783,253.67193795290211,244.5255414789616,0.77662706509622126,2.8008391167626598,5.120935592956215,2.3200964761935552,0.99108857609380152,5.5343524909895621,4.5432639148957605,1.1487182155489393,8.7065983931438495,7.5578801775949103,4.6180407122893996,9.3468600501315393,4.7288193378421397,-2.754685181940232,8.6518659764690824,11.406551158409314,98.322681217654463,98.88348370620588,-0.5608024885514169,98.907866759440367,-0.58518554178590421,98.98534202052906,68.108954185016955,352.18192640691996,209.11800298199074,159.31125435871317,148.67649362128384,174.50861586447974,170.66582878092422,208.17737590413722,202.63075781357674,243.15383912839761,236.61387858503406,263.37986048431088,262.53987645648425,-2.6687833124093743,-10.461519195774571,-3.2521002894860089,7.2094189062885619,-0.012795864858446748,3.6400819859781848,3.6528778508366315,-0.069598367230128133,4.7248842019166091,4.7944825691467372,-3.8357266887255719,3.1301110338744138,6.9658377225999857,0.54295876871583459,1.8321651230307907,1.2892063543149561,1.3483703151111968,3.4454103775055955,7.4731319433283261,13.262358312537231,2.3995698250152486,1.0038844409522483,-0.080153068993865872,1.2183165827790674,4.0225516641369836,8.4537674010149715,-3.2264138721704683,-3.2976439506560666,0.3391371388740394,0.53221954387345272,0.42706111168959848
2676,2017,110.5755058012157,38.975178282635156,7,10,24.050474011951447,13.714279174804688,207.58367768368043,195.33368254202287,12.249995141657564,194.80107458182829,12.782603101852146,209.82752889748554,115.25910284283236,542.06436825543642,203.89845535423973,153.49015414869774,148.38898170780868,172.7740727600256,168.42182126382295,201.02647193754132,197.46933302129966,233.67656682035783,230.14693923153962,260.357468975431,257.58038128684751,0.86676257593913419,-2.8366868718454157,1.2739048782369764,4.1105917500823921,0.79530018671192693,4.8961426488831989,4.100842462171272,3.0613034279879514,6.6675992380424134,3.606295810054462,1.5383236473861359,5.1241879175870793,3.5858642702009433,0.5166505973237463,3.275349185224286,2.7586985879005397,106.59055220349728,85.642050158530765,20.948502044966517,84.731247318160968,21.859304885336314,108.36788630125375,39.345926678847263,163.82482223112311,196.68060052118159,148.37522043320664,145.90536756468973,167.58447051318973,163.83950567144194,194.60451882385581,190.67261238220098,221.47377883819041,218.28152151685325,251.99816016875849,243.65612054356603,3.1755364499332188,2.8203324016294005,5.1280811635521104,2.3077487619227099,2.8573155934833778,5.563880815987261,2.7065652225038832,4.0392971474565513,8.6293941706912562,4.5900970232347049,6.0950938689064458,9.5395489435369427,3.4444550746304969,-2.2635114929494478,8.8544421158219393,11.117953608771387,100.9931255397878,109.69163068050148,-8.698505140713678,110.06982720406268,-9.0767016642748786,101.45964265583643,75.913175674026206,378.23954543098807,209.90939233096668,159.14192876336344,150.5997911649624,174.96294258853305,171.25450603620635,209.36922262808523,202.57986059277565,244.06960366030208,237.42946239452198,263.87542921900831,263.11743819344622,-2.2693521682400046,-7.4861854623334807,-1.7833995495653312,5.7027859127681495,0.84562172775341082,4.0344683252252764,3.1888465974718656,-1.1329650283049375,4.9351600340536379,6.0681250623585754,-4.1654803894267616,3.2596356411922329,7.4251160306189945,0.58226197971384863,1.730815492443412,1.1485535127295634,2.3087738739940846,5.4448886181732234,5.6570192734748161,10.306517863962881,2.0620154067714509,2.011693865729967,0.97799371946859992,5.1722621757614888,4.5567702215203099,10.260574258333207,-2.7801620902731941,-2.8457734726632964,0.30222392731396819,0.51646171915887429,0.34136936440065374
2677,2017,110.82550694478616,38.975178282635156,7,10,24.050474011951447,19.608688354492188,208.56204957945738,196.99658126696158,11.565468312495796,196.49373369748355,12.068315881973831,204.21345201124313,107.23183334649366,500.77350543439388,205.16295927604537,153.85482297701637,147.75476203354114,174.55596123215574,166.59524377139149,202.38711720870114,195.49990485021456,234.48845362716082,229.80529671747968,261.56472015200166,258.8142203827,0.70311156954790022,-3.09719151479635,1.9744981632070449,5.0716896780033949,-0.91767562133463798,6.8650787682013856,7.7827543895360236,2.3171016625373397,9.2165277168458033,6.8994260543084636,2.7442159545738321,7.6352939285895047,4.8910779740156727,2.1896344537295818,5.2338306760903492,3.0441962223607675,94.56701377986974,72.511137983405206,22.055875796464534,71.552187377614246,23.014826402255494,91.879129663933782,35.213201104448672,143.47366197640076,200.87148661221826,149.73485006807738,145.20842742935366,174.97849159142146,164.05859084299368,198.12364552324212,188.49795555292488,224.73530670298183,217.30679269207036,254.59581493382507,244.49381005585681,0.46291432553192635,1.4755596169503917,5.8622474332249794,4.3866878162745877,-3.4196711260984216,6.6206541673273875,10.040325293425809,1.7370445269319248,12.206412270497964,10.469367743566039,5.7552227733901304,12.836964914614526,7.0817421412243959,-1.2898555382701318,11.11775750861031,12.407613046880442,113.99503566547719,124.48544131012386,-10.490405644646671,124.94154642093781,-10.946510755460622,112.3343222131989,72.018632205723407,357.29984321817756,208.1214866510883,157.04644667555274,150.11586854922794,174.46691207377566,168.24247759201288,206.64368526879511,199.59129061988017,240.56942914677913,237.23794186964747,263.82347528058051,264.0956969661616,-0.21199116318393862,-4.9607130835949249,-1.0939673600361175,3.8667457235588074,0.83091201884400334,6.4879407682812769,5.6570287494372735,1.2272312752833727,7.6054230910129945,6.3781918157296218,-0.52984750730462338,4.2473065048826015,4.7771540121872249,2.409912227834468,2.8058254999349401,0.39591327210047211,-0.24019724401597387,0.67490548871586498,4.5727511317467417,6.4362727005453166,-2.5019955047637836,-4.250583144942425,-0.58005713560541494,0.50981325164855207,3.0110068188162984,6.2850702806947538,-3.4794899919997135,-3.6997677661045998,0.28650409899769985,0.44991712719725879,0.32838383906638763
2678,2017,111.07550808835663,38.975178282635156,7,10,24.050474011951447,8.5,170.06787623361015,170.53584549433435,-0.4679692607242032,170.55619343413855,-0.48831720052839955,174.28526539996528,95.650658213511633,418.71020556613803,208.54419830422876,155.98138352549688,150.13666278649831,175.6872609742677,171.98678018156809,208.63913878033068,202.68476296989556,238.88733267988377,235.42220053618004,263.29573731897881,261.6750526940387,-1.1789524872245636,-4.3882668196541772,-0.034788005268097777,4.3534788143860794,-0.46016389146191727,3.0190661570231612,3.4792300484850784,-1.6351516605039933,4.2905476038283439,5.9256992643323372,-0.021196928717756691,3.6505097036769598,3.6717066323947165,0.89939038623236911,2.9453542763101836,2.0459638900778145,53.196958131293286,54.218822162461947,-1.0218640311686613,54.2632499789961,-1.0662918477028143,57.088216788271893,34.529542791520726,105.62299142504344,208.32163358615432,151.20934144668595,149.0100758554141,180.75613900529524,172.00626862099347,212.41518380782111,202.22249433993358,242.05679397229349,230.59617539694904,256.72835191362634,253.16805472985067,-2.3228330820074348,1.7216811702418227,3.4975037683257142,1.7758225980838915,-4.456478137368606,3.1979085107095955,7.6543866480782015,-4.8542587112623039,5.3819274797153582,10.236186190977662,-5.9028534640502812,5.5324371999361688,11.43529066398645,0.44316369507521358,4.8747547610090578,4.4315910659338442,116.87091852476442,116.31702616607436,0.5538923586900637,116.29294359521373,0.57797492955069174,117.19704903414095,61.12111541118793,313.08721465989947,208.65854936883738,158.38893476795337,150.52100385778655,174.69816750508127,171.98230825981889,207.90240114521143,202.87864445109312,238.46266908417263,237.99544744396962,264.50565885389778,264.99939165744041,-0.97520613421229996,-5.7663905071117085,-1.5295819431215421,4.2368085639901665,0.74170566201712518,2.9547427567817977,2.2130370947646725,-0.7621869132188408,3.8556199030453513,4.6178068162641921,0.65484292521782095,2.6242259327233057,1.9693830075054848,0.85735488360677437,1.4580996583376304,0.60074477473085608,-1.1438805947828712,-1.3476269477951348,6.1099479898959999,7.4880716773535312,-3.9963142459066887,-5.1981837993857312,-3.2191070507583106,-4.0920717980434631,-5.8816565353325245,-6.5576963892681022,-0.45622669115715553,-0.41419118853156078,0.25225798182356363,0.32755618587297547,0.36099639496932467
2679,2017,111.32550923192709,38.975178282635156,7,10,24.050474011951447,14.714279174804688,183.08446506515611,185.99282443450647,-2.9083593693503644,186.1192759401747,-3.0348108750185929,184.43768034871027,108.1820717024566,423.71570430975407,199.81365156168218,141.67536082003292,136.75971432403841,165.9791034120928,160.29890007984503,199.20423920163657,192.13718169201982,232.23720247311391,226.78100209800164,260.41037990625023,256.56323431935562,-0.53425554302833689,-2.6974552880917031,1.6920225224835974,4.3894778105753005,-1.5256433820734969,3.6660219424200591,5.191665324493556,-0.26114859697099746,6.8739966242290791,7.1351452212000765,0.34209743883400279,5.8598038646823341,5.5177064258483313,0.35274205734680208,4.3188192878695872,3.9660772305227852,91.453945265355287,78.152509489060321,13.301435776294966,77.574185292534821,13.879759972820466,92.06061293401217,45.279912899510236,145.77586820576107,196.92724567205562,144.06647631206744,136.3953287221141,166.59572157641293,155.26124137381132,194.80272599742668,183.93120258349333,226.08507707769536,211.64938550869334,253.10429076329723,237.98470880032511,-1.3571356328453703,1.1680150012107902,8.2395393900316947,7.0715243888209045,-1.010277525128032,10.269129730641851,11.279407255769883,0.31970476062537045,11.429454444164151,11.10974968353878,-2.4875869033882338,12.019800584384512,14.507387487772746,-5.8782074702445755,10.633982575456798,16.512190045701374,91.630519557191292,107.8403182222828,-16.209798665091512,108.54509142108145,-16.91457186389016,92.377067142286251,62.902158923086972,277.93983603827655,202.36660423123857,141.57399545476503,137.15763971184143,163.60119207589597,163.64431016896506,205.99606612066285,198.61937230253395,238.67107606074768,236.57037725593293,265.21454725861878,263.8458332703828,-0.59110026532638926,-3.2216740087714015,-2.5390693892825027,0.68260461948889883,0.64638700114562653,-1.3642131049787736,-2.0106001061244001,-3.7865645092173281,3.6697454007446311,7.4563099099619592,0.08370394047864238,3.0533182118534228,2.9696142713747804,-0.27866737810433051,2.1705924183892193,2.4492597964935499,-0.82288008981703342,-0.76603536751898105,3.8654702893024933,4.3896890099821917,0.51536585694546488,-1.6566645262736586,0.58085335759636791,4.1062692698426986,-2.8296843422222366,-2.5712908438668762,-6.2309495275913775,-5.599540092140245,0.34404169286865222,0.49914211000678488,0.41855283585294867
2680,2017,111.57551037549754,38.975178282635156,7,10,24.050474011951447,1.4285736083984375,117.6538199390634,117.82941649868008,-0.17559655961667886,117.837051587936,-0.18323164887260646,136.76079737821874,92.479343882539979,391.11938546597958,209.09303149033752,164.75150374315109,162.55261389455885,181.54483795405432,180.90143848243881,208.25114053535526,206.96285067165647,234.87129458150088,235.36036147326851,257.45397830749721,258.51659327611173,0.14072791087477299,-1.4516562666240134,0.24190866512086018,1.6935649317448735,0.23014698566939273,0.506282053776971,0.27613506810757826,-0.55845852297105125,0.64528961737659074,1.203748140347642,1.0241413523005178,0.47031557253077949,-0.55382577976973835,1.4126977994129675,0.30390653863088346,-1.108791260782084,35.460858112895949,42.196240180464883,-6.7353820675689349,42.489083406026111,-7.0282252931301628,41.548257847681271,38.582337949661451,95.844781697232975,212.77251237780962,164.6082276732989,163.04073416070094,189.45910895017212,182.00547863631729,216.24122155049892,204.31272507118132,240.76570398837504,228.78053542952108,256.97679150604125,251.03401827044254,-6.7973514078113624,-1.2339567900450277,0.48606565958502301,1.7200224496300507,-7.3925878940712551,0.58389367846911,7.9764815725403651,-11.228736309212053,0.9533594964383667,12.18209580565042,-10.827426208258686,0.93506564519293534,11.762491853451621,-8.3199058440040687,0.80935049846320339,9.1292563424672721,82.192961543045385,75.633177135649021,6.5597844073963643,75.347968306796247,6.8449932362491381,95.212539135656698,53.897005749407981,295.27460307069123,207.11570005796312,164.91622994734772,162.29075313299833,178.02268523942891,180.44553901513962,205.21813422003549,208.51125673575461,233.08229056741143,238.78750557751709,257.83057102735523,261.64251200330079,3.4826335474383825,-0.78997188452950695,0.068219920680007817,0.85819180520951477,3.6900168226675589,0.46027925926739499,-3.2297375634001639,4.7781995222387366,0.59158334262818357,-4.186616179610553,5.8251810012907868,0.35970923996094939,-5.4654717613298374,3.3373892767487519,0.19895838880398742,-3.1384308879447644,-6.9380793186861354,-10.279984955249745,0.2176994765789857,-0.44398490551552072,-7.6227348797406478,-11.082604716738814,-10.670277786241002,-16.006935831450789,-11.851567560559204,-16.652607209549473,-9.7326036434170362,-11.657295120752821,0.24505249614013255,0.30380239545384857,0.41719952077802058
2681,2017,111.82551151906802,38.975178282635156,7,10,24.050474011951447,3.5263214111328125,121.67774127863231,114.10179480045917,7.5759464781731367,113.77240930326661,7.9053319753656979,141.04103586452038,116.93830836532288,430.49532324448228,208.2226361882737,165.56852426891962,163.73750767059352,181.99835550644568,180.32236657071968,205.91696647917038,205.25809959465013,233.35111527446534,231.95714869990124,253.87710463508142,253.87923946117922,0.11041672902328514,-0.51293164852336304,1.0225201777099926,1.5354518262333556,0.049379569955306124,1.6439360273855925,1.5945564574302864,1.0273235997037489,1.6775635897443522,0.65023999004060329,0.07308199901862622,1.38296390825397,1.3098819092353438,0.41648544604819904,0.56596121975209712,0.14947577370389808,65.315543140903173,57.563707023375173,7.7518361175280006,57.226670149255369,8.0888729916478042,72.511431483499564,78.192409449829938,170.67471065817517,213.17538932644814,173.00212954239896,167.15039207876578,191.35716556401576,185.29739168542221,213.64328385879645,205.62550434384684,236.13749189194206,226.32257381712154,254.98489473738806,244.58369083023769,-5.4118605683085548,-3.8485526387423192,1.2503628727727119,5.0989155115150311,-4.3214491955200174,2.3583337455374078,6.6797829410574252,-6.0158499947702637,2.4285939256012057,8.4444439203714694,-7.1535855921150358,2.5587759889647259,9.7123615810797617,-9.7871363485076301,1.832428675618047,11.619565024125677,56.36219829419133,56.538091205919045,-0.17589291172771482,56.545738990882455,-0.18354069669112505,68.529604661202029,38.745898942501299,259.82061281986535,201.26486012216466,161.64644030556184,160.82674018824753,172.99527060177513,176.08079413196211,195.49369032233318,204.74046873090805,230.16177038943408,239.11448718195291,249.54810144826482,259.94725851602726,7.1885017094467685,2.5256284246877669,1.2964428353581923,-1.2291855893295747,5.3683444987219673,1.6754184527427753,-3.6929260459791919,9.60599383122414,0.62718833239910055,-8.9788054988250394,8.5173157413720162,0.19321830510045856,-8.3240974362715576,9.8203502873566606,0.26033657149105238,-9.5600137158656082,-5.5222772973318399,-12.600362277755323,-3.3356209902189562,-6.3741810634300862,-4.3708287654753235,-9.6897936942419847,-7.0431735944740126,-15.621843825994404,-7.226667591133662,-15.670901333487052,-10.203621794555829,-19.607486635864291,0.39646124230076113,0.5141158460659051,0.66866376419224194
2683,2017,112.32551380620893,38.975178282635156,7,10,24.050474011951447,9.2608642578125,176.13071086134732,177.52703864641808,-1.3963277850707527,177.58774727887067,-1.4570364175233408,182.66454094854271,129.83815279598684,448.50477364659309,197.63288923401402,140.5640392477882,134.23855789954541,165.60706595998485,158.0436536971059,195.73601377711472,191.07261515210283,229.81114186122508,225.47103085789084,255.46986862211529,255.20882154994058,-1.7086801454917691,-4.363448937010844,1.2788966851297516,5.6423456221405957,-4.0944833380948467,3.4307446017353698,7.5252279398302164,-0.46296640204806749,4.1807983812074099,4.6437647832554774,-0.62681313769246572,3.6362618662851673,4.2630750039776331,1.2843340477637923,1.5193823941968958,0.23504834643310346,77.818707430071299,78.134418391317013,-0.31571096124571341,78.148145175608079,-0.3294377455367794,80.479320883643595,56.41258622202286,143.13942863437114,195.57539069788055,140.21950504272641,139.79783137460512,164.0899119032178,159.14003493300672,195.04111279542721,186.17891885928844,225.44754580424717,212.50238147495548,252.44594488500323,234.41758412134166,-1.2226595954097377,6.0525651823857913,6.6472965865762603,0.59473140419046899,2.4919609303738071,7.4519190644605544,4.9599581340867474,-0.42830918963113618,7.8785764863087309,8.306885675939867,-4.5147390721358818,8.0259296717608208,12.540668743896703,-10.617117117745011,7.6621641874718307,18.279281305216841,98.312003363289477,99.392617565117689,-1.0806142018282117,99.439603481943777,-1.1276001186542999,102.18522007141837,73.425566609495945,305.36534531414509,199.23674799210386,141.44508349068232,129.92831761730397,167.53713409927698,156.78374896281449,196.37516698271941,195.9356328950208,233.81548616602248,236.96423906867841,257.33227139387742,263.26459652739055,-1.7868148830190478,-8.6511024001674457,1.4847304121245486,10.135832812291994,-10.183765481840481,0.20267994783421273,10.386445429674694,0.31069457755233998,0.43267909286294071,0.12198451531060073,3.4777306130483225,0.49601870242625523,-2.9817119106220673,6.238522880999767,0.63660121417041182,-5.6019216668293552,0.48602055008203138,0.56415528760931011,10.416014119396635,14.703667582553237,6.5864442684686537,12.675726412214289,0.034657212416931316,-0.73900376718347616,-3.8879259344434161,-7.9924696851842043,-11.901451165508803,-16.855639998744778,0.31914806050015482,0.44058535097030643,0.43448389404201776
2687,2017,113.32551838049079,38.975178282635156,7,10,24.050474011951447,9.0526275634765625,150.14161417932701,142.37139895942164,7.7702152199053671,142.03356424417507,8.1080499351519393,154.93969713784918,140.25206655709553,386.798714062199,197.4080773864541,141.94745058735828,134.06536354705329,167.45850906574827,158.20571134626485,195.12021517154943,190.18708639194844,228.58037098825253,222.32830512046314,252.90279884428335,249.79866334094942,-1.9775527520113201,-4.8476818700309821,2.9141185500048152,7.7618004200357973,-4.5418049061840975,4.775646410569891,9.3174513167539885,0.43230536056324809,5.3277627287482119,4.8954573681849638,-1.1548869200606759,4.9972559770847624,6.1521428971454384,-0.073039534984928878,2.9743251417096985,3.0473646766946274,100.76251683256123,86.808589305510395,13.953927527050837,86.201896820970433,14.5606200115908,104.81150031633251,95.516034232801758,212.87301684927661,197.29042445237602,140.29751876785332,141.09637559895188,167.29643864709868,161.71317927194715,195.3004367776324,189.34375278018877,227.67517323707665,216.43776288245235,254.31671181386241,238.51749905171357,-0.62267077297045148,7.6506605680895632,6.6270503199942254,-1.0236102480953377,2.0118617246934036,7.4892541788035771,5.4773924541101735,1.704565377805153,7.6344185976410017,5.9298532198358487,-3.5091101770536568,7.7119550704107382,11.221065247464395,-8.964165106968295,6.9806147144092563,15.944779821377551,49.379097385881323,55.562810606014864,-6.1837132201335407,55.83166760201857,-6.4525702161372465,50.128196860632215,44.736032353164774,173.92569747939706,197.65652845948458,143.91643282661386,125.42023315869442,168.39863933196048,150.46659177085826,194.95111585816636,192.23432743024824,230.68406008428323,235.48676857312068,249.96938151955899,262.89758194514047,-3.8919303980916595,-13.642507227108041,2.5449788566222367,16.187486083730278,-18.185354275755145,-1.2240893379110389,16.961264937844106,-3.186568408376985,0.23106439539364487,3.4176328037706298,4.4979754072887772,-0.4113894696994862,-4.9093648769882634,12.828225009331192,0.71559168057490297,-12.112633328756289,1.3548819790408686,3.269259625121208,12.498342438120545,21.293167795197604,6.5536666308775011,20.197216000448549,1.272260017241905,4.891133786182138,-2.3542232569929809,-8.007085584342434,-8.8911255719833662,-21.792390116299487,0.55034572016453409,0.67646640759264021,0.68103120743620504
2688,2017,113.57551952406125,38.975178282635156,7,10,24.050474011951447,2.15789794921875,118.40333782495873,111.00714440182492,7.3961934231338091,110.68557098491874,7.7177668400399853,129.566732085892,178.83475248597097,399.36015197634697,195.57007146566374,138.89067681909322,134.89518341942059,165.31484002605512,160.60896693798944,194.35012750471904,192.3562907469759,227.04174670128535,224.02245057902843,251.74300671827658,249.38143261555871,-1.9601026496644351,-3.1341233587838531,0.79856286224912765,3.9326862210329807,-3.4620445682781735,1.3392876827090561,4.8013322509872296,-0.63733793034492692,1.4380646064014684,2.0754025367463953,-1.6976316062347223,1.362116724486242,3.0597483307209643,-1.4531662055198069,0.9302219641422198,2.3833881696620267,83.172829969946179,68.199435219808947,14.973394750137231,67.548416858102428,15.624413111843751,88.854373422932895,118.59863495272293,217.46884827991016,194.75332864916018,139.41074042426817,145.61035846734291,162.99469426296278,166.02479041110166,193.03244110279215,193.01844181534375,224.92666325530899,220.67954512430046,251.05730891881817,242.40060035801608,0.43334074930737643,8.218376968129661,1.8102771629508254,-6.4080998051788356,4.7573785683448477,1.9005599477688975,-2.8568186205759503,1.7699311070651333,1.9303591709256978,0.16042806386056441,-2.4487856649159596,1.9148244529417866,4.3636101178577462,-7.2152134365160236,1.8160888078339212,9.0313022443499449,35.230507758154999,42.80771113328592,-7.5772033751309209,43.137154687570728,-7.9066469294157287,40.712358567277988,60.236117525797454,181.89130358025432,197.24850945110975,135.54757283113622,124.26132851385262,169.66136144797997,147.48867427445765,195.65324446128838,190.99504253526956,231.00779660289575,231.47801710183907,253.56138268899099,260.17665400330247,-5.9412254146735677,-9.5919925736376399,0.51748306768540431,10.109475641323044,-21.716990323303918,-0.52629560065633996,21.190694722647578,-5.1761856003543585,0.18483348493472818,5.3610190852890867,0.31039476437419466,-0.015730489611996745,-0.32612525398619141,6.3876314024807357,0.12390333447666535,-6.2637280680040703,2.3934433989718116,6.3745661639809441,11.352500326913514,17.810369541767301,8.2194231366230213,26.474368891648766,2.4072690374100603,6.9461167074194918,-0.7511540586812373,-2.7591804292901543,-5.7620472309962167,-13.602844838996759,0.54454318289820325,0.6857807709777678,0.66317442948918237
2690,2017,114.32552295477265,38.975178282635156,7,10,24.050474011951447,16,209.74687654804802,207.58053420497163,2.1663423430763942,207.48634412076353,2.2605324272844882,209.74687654804802,149.19926948522334,487.24035257101059,196.08965317846508,134.97412719205118,126.6284293135537,162.90032900401644,151.03907123932362,194.87316610878943,186.5941515445638,229.35280777807037,222.0043308559585,257.04619729609669,252.77047707932505,-0.86874921914622405,-3.9285703237576683,4.5248065652894667,8.453376889047135,-4.5245133589851605,7.1514316910660511,11.675945050051212,0.62670367581318942,8.885126994119247,8.2584233183060576,1.5524179447989752,9.0140131062503883,7.4615951614514131,1.617281377880488,5.7219897970627756,4.1047084191822876,116.19115064068501,113.46431876526185,2.7268318754231586,113.34576077833481,2.8453898623502027,116.19115064068501,88.1575804458721,210.94902152186114,196.56503772171112,133.40873093192226,130.80949997797396,160.74027861246006,152.74972081959237,197.43478047994577,184.92095008804228,228.95026291271571,214.90670612882914,258.8602149128385,239.33135559469457,-0.032366547201320373,7.5966269904987769,9.8299981180622069,2.23337112756343,3.9777281452386433,11.661829016353977,7.6841008711153336,0.28902380816325035,12.616284518715617,12.327260710552366,-1.0732340197058363,13.087816065566386,14.161050085272223,-8.0044358976958563,12.277944643066604,20.28238054076246,93.555725907363012,94.116212936314696,-0.5604870289516839,94.140583410974614,-0.58485750361160171,93.555725907363012,61.04168917089919,276.29133118502796,195.46128415292068,142.68255252268804,121.89911645462072,164.9563213927228,148.20075004926719,191.93003998727923,189.51403497195929,229.73622614808113,233.84319729267364,253.83363129376048,264.27975443035581,-1.7366575731894898,-15.576334675642457,1.9850666727047184,17.561401348347175,-15.49602009600045,0.014548129769764273,15.510568225770214,0.095392337838973162,2.461672789687924,2.3662804518489509,6.3955789136271619,2.3442960631135747,-4.0512828505135872,12.393578462358988,2.3006397860717129,-10.092938676287275,0.83638267194490368,1.7042910259881694,11.525197314256445,23.172961666141234,8.5022415042238038,19.473748241239093,-0.33767986764993907,0.19363147032427719,-2.6256519645048115,-7.4688129333329982,-9.6217172755763443,-20.398014360054844,0.43294653328434524,0.55395890776980594,0.59087139467933658
2701,2017,77.325353706344146,38.725177139064691,1,10,24.133767485233307,2.31817626953125,127.70563823230623,115.90237694381358,11.803261288492649,115.3891890984487,12.316449133857532,143.65915278186367,89.239313111413139,339.71809098962694,198.43745926061763,140.67185078783632,138.84569194399575,164.88484095516566,161.83705813620381,198.62744509703273,196.50779943170437,230.52755103714702,231.57004136289871,254.48631139486349,256.92384953755288,-0.61784727385682459,-1.013421444806994,0.59411445648635208,1.6075359012933461,-2.7909798440911402,0.69425923093388064,3.4852390750250208,-1.7296699179680957,0.9796003192517162,2.7092702372198119,1.355572991671778,0.92540460543901304,-0.43016838623276499,3.1563492009107108,0.74595332408830473,-2.4103958768224061,60.73045733482104,75.494263899661746,-14.763806564840706,76.136168120394359,-15.405710785573319,71.865193814302984,38.481987904565358,136.67916011344641,190.20947527098281,135.93670822514659,140.89494904009817,150.61432604745258,164.00158369657257,184.01499683646347,196.8922056312272,224.51564861326841,229.06391824845255,257.49330310723695,254.13004490471033,6.0554279489685996,5.3481997147575839,0.66055456323525163,-4.6876451515223323,12.690245630006643,1.0411204472097211,-11.649125182796922,11.471617821592588,1.1877099892962519,-10.283907832296336,2.6757049927097682,1.2856464642810863,-1.3900585284286819,-3.275365504920785,1.0367357149764302,4.3121012198972153,66.975180450450353,40.408111115129032,26.567069335321321,39.253020680031113,27.722159770419239,71.793958520525848,50.757325051063162,203.0389301283285,205.84607070983662,154.56710052362476,136.15392627867772,182.36523751641053,157.23697630796485,204.7045810658652,195.76890352119054,234.09240087540545,238.30630221746068,252.75003727614703,260.58018721294536,-8.5959126680739075,-15.643243677366456,0.7887559556795054,16.431999633045962,-22.373177912145991,-0.025569830342334399,22.347608081803656,-10.232040675442192,0.41718088133512765,10.64922155677732,0.41945195884926534,0.36859256635295878,-0.050859392496306555,5.5524530727259105,0.48393255770770338,-5.0685205150182071,6.6732752228254242,14.651340617042507,6.361621159564578,20.99144339212404,15.481225474097783,35.063423542152634,13.201287739560684,21.70365849703478,1.3201320010379902,2.2562530338605029,-6.4317147058314958,-8.8278185776466955,0.40233112023939821,0.50024793006697754,0.43122236784276363
2706,2017,99.825456627685796,38.725177139064691,1,10,24.133767485233307,-5.5,69.899201429227105,67.171571769305956,2.7276296599211491,67.05297796963896,2.8462234595881455,99.622639274934045,103.30153307666842,277.24277976062149,195.18603342368058,146.00104976675169,147.42512787671834,168.26867905658281,170.1982285876461,193.77478224009292,199.9135632346798,222.5641933521853,227.12221942870082,245.62249756112203,246.92122685801687,1.6229071069333258,1.1078366626327067,-0.36907041147577502,-1.4769070741084818,0.31023532154765121,-1.5727406207663535,-1.8829759423140047,3.551966025062967,-2.5941720622067521,-6.1461380872697191,2.1042776286886351,-2.4304864487730811,-4.5347640774617162,-0.39301900195741268,-1.6904746540736824,-1.2974556521162697,38.704296062311187,30.072959357579748,8.6313367047314387,29.69768325872792,9.0066128035832662,40.292207960581436,55.487252288519812,99.727556717814878,200.04159990760328,168.68066803229698,174.27690520091292,180.94437951954467,189.72736679704607,196.76588957750394,209.46528335162353,218.54699345878493,228.73480608295239,235.75521359262851,244.38473619012203,4.1587766832473108,0.78566738733641728,-5.1604385538297208,-5.9461059411661381,3.771842373215236,-5.1592581934914392,-8.9311005667066752,7.597336403462009,-5.043144775449349,-12.640481178911358,5.3468342816630923,-4.7629681702535436,-10.109802451916636,3.7856205998500343,-4.4017971181196174,-8.1874177179696517,31.194905419069983,37.098611196603997,-5.9037057775340145,37.355293950951818,-6.1603885318818357,59.33043139072106,47.814280795260856,177.5152230290696,190.84551553080541,138.86537628748192,141.02397279040204,150.69012012571338,155.57077886364678,185.420192075199,185.6534869324343,228.56476763704646,224.91423232742687,252.12529868442911,249.45020554028159,0.061887823068872194,1.4439829300911526,-0.87776780302209545,-2.3217507331132481,4.0794064152826763,-0.97601861187439454,-5.0554250271570709,1.1550476682365343,0.81055417960567411,-0.34449348863086016,-2.8817516766936251,0.74033710711378831,3.6220887838074134,-2.8147963464904819,0.064815866551725776,2.8796122130422077,2.5358695763139849,4.0968888601784386,-0.32216927529628947,-0.65831554275473536,3.4616070516675848,-0.30756404206744037,4.045370378399042,6.4422887352254747,3.2425566529744572,8.2285859583567174,4.178639601807447,6.6004169463405162,0.35971200694179378,0.40444830867595094,0.53713871068436359
2718,2017,109.07549893979292,38.725177139064691,3,10,24.133767485233307,19.285720825195312,218.16831200110391,201.15057109974077,17.01774090136314,200.41067049056073,17.757641510543181,207.86283850183099,111.41854999369389,528.36874904483557,198.04622973327403,142.77326504437602,142.24055261157071,164.98711526105018,162.6717791057697,196.72208978842144,192.2089939334584,228.40728864012942,224.47866838602883,256.12398967661198,252.12348621844643,2.5816286733743823,0.85188664609850662,1.1078331236559507,0.25594647755744404,3.3272349287770737,5.4397568658271496,2.1125219370500758,4.4264839462952352,9.0304608579222077,4.6039769116269724,3.5741304940969201,7.603902188596237,4.0297716944993169,1.0753901503229599,4.9106601877063554,3.8352700373833954,127.65427523706603,101.46642464268371,26.187850594382326,100.32782230539306,27.326452931672975,126.81344671684474,51.192562787971838,207.31465616566857,190.64987443168312,138.44582725546687,139.35909937173892,154.70480915193016,158.37142819052534,190.70021397488594,185.23889213736021,219.5321340707095,212.34717617880867,251.71885894896607,238.18245763232284,6.5911484631054122,8.4684804693974627,6.6979571778322793,-1.7705232915651834,12.218484897223505,8.297176865378276,-3.9213080318452285,6.401779277535212,12.403158426687781,6.0013791491525694,6.3986025777544455,13.027065177369991,6.6284625996155455,-3.2429984090766197,11.081431588437852,14.324429997514471,90.514037121665751,99.684147498010134,-9.1701103763443825,100.08284862368782,-9.5688115020220721,81.049392155386158,60.225987498390168,321.054093927145,207.36558678168606,156.78850973719793,145.50977326457541,170.85467640564141,166.54095408882412,209.83242895768331,199.60694838508036,243.70302131422514,234.70452993817025,261.74963915094764,258.64020176311493,-3.6532154719426728,-13.409412561307022,-4.3451289589899886,9.0642836023170332,0.14007905711761737,3.9341104319012459,3.7940313747836285,-4.8610133409157754,5.4264139279775918,10.287427268893367,-5.2961764350293947,4.1990373271162582,9.4952137621456529,0.078555201863252933,3.6700994999855538,3.5915442981223009,4.00951978973103,10.244363935048085,7.6165938232989561,21.877893030704485,8.8912499684464308,12.078405840105887,1.9752953312399768,11.262792618450987,2.8244720836575254,11.69477901278384,-4.3183885593995797,-3.3215536109398727,0.39236736945635775,0.61008233905998388,0.45946175740816281
2720,2017,109.57550122693385,38.725177139064691,3,10,24.133767485233307,7.2727203369140625,198.58961837953393,202.70376610514722,-4.114147725613293,202.88264395109218,-4.2930255715582462,218.7919842755955,140.23749126307303,563.76855684071779,197.9737555955154,139.05378960486865,137.65587265422155,164.49078314039093,164.05309818265903,196.91842564982346,196.59590544814102,229.91759637873045,228.55929429859637,259.28517829967888,256.28833020346349,1.2643307258978211,-0.36258743475841015,0.55039723138662566,0.91298466614503582,1.3082312745301294,1.8500176909394952,0.54178641640936576,3.4386025949431769,3.7058067805507733,0.2672041856075964,1.7535123932015608,3.0935822893982845,1.3400698961967237,-1.1580306131704106,1.7723607390487928,2.9303913522192033,107.79291710576854,103.45681866179257,4.3360984439759704,103.2682935876237,4.5246235181448355,111.57587110029817,25.404429459000596,154.25827272047172,184.42320723827197,138.13957888319385,144.80113616235863,154.05459064300283,165.79208904182613,189.79634617685008,193.58040834076286,201.42901075903043,220.09591635872954,225.31402949590196,244.20624424674352,13.301120993998211,10.943581765411551,4.2057118678617087,-6.7378698975498423,16.161417473437638,4.8318189327025607,-11.329598540735077,8.1064514709723028,5.9298356174787727,-2.17661585349353,23.353627325496092,5.6358953928937012,-17.717731932602391,21.129386738336109,5.0713260585407056,-16.058060679795403,90.796700624887308,99.246950808306792,-8.4502501834194845,99.614351837328286,-8.8176512124409783,107.21611255715288,114.83306203427856,409.51028428971767,206.33297701415546,141.21728845510751,132.4771449495849,166.09321530128361,162.10934400280209,212.93018889997484,200.4348691315771,248.020526330644,237.96382560053016,265.42050615750975,263.63927699395737,-6.8645447762252729,-7.6050874087283376,-0.1839554015545275,7.4211320071738101,-5.1977753452034392,-3.8272211230535902,1.370554222149849,-12.564418350748696,1.0520224694691933,13.616440820217889,-10.633846617818165,0.31386861111670328,10.947715228934868,-2.1267722512748719,0.51753585449523598,2.6443081057701079,12.03679026810039,20.165665770223484,11.306169200169961,18.548669174139889,14.853186198907508,21.359192818641077,4.6678488760291259,20.670869821720999,21.600114932294531,33.987473943314257,22.287417351506519,23.256158989610981,0.2736198584484989,0.50996324874385979,0.18115290875636211
2721,2017,109.82550237050431,38.725177139064691,3,10,24.133767485233307,3,199.93427470421011,178.62475666269893,21.309518041511183,177.6982565591461,22.236018145064008,224.72572252248938,142.68158579077499,547.35231000185013,199.65635076387085,141.47932716179599,139.21368931699763,166.66813975696715,167.2608850367742,199.03390593048553,200.78848977884138,231.07658581592258,231.67429256247303,258.9995627478923,257.64271616593152,1.0634703136517487,-1.4853121197790813,0.24457185766692646,1.7298839774460077,1.1212864055415821,0.63489522620858452,-0.48639117933299758,3.3753959905304214,1.672922664531427,-1.7024733259989944,1.9156220859577502,1.3393101928030262,-0.57631189315472398,-0.30480861230807932,1.0312945896179713,1.3361032019260506,111.45098998054891,91.316472385959059,20.134517594589852,90.44105798813689,21.009931992412021,118.82827364729746,73.63911830510915,208.10467601759592,200.24903393700802,147.4548371240673,145.20898148269256,170.45288293532812,168.56149465752446,198.15063582525318,199.30717285678881,224.04903904918862,226.00693929755562,256.33741925554739,250.12590156792066,-0.24960175065385215,-0.99993240828786156,1.2368478715796982,2.2367802798675598,0.37041830768288264,1.7041011327283115,1.3336828250454289,3.6014765854010591,2.2719242894262379,-1.3295522959748212,4.5132813584351652,2.3631894863571006,-2.1500918720780646,-6.2632218662901096,1.8208216337158944,8.084043500006004,88.483285148344294,87.308284111473768,1.1750010368705261,87.25719816867786,1.2260869796664338,105.89744927426364,69.042467443756323,339.24763404577971,199.004285731344,133.3806474238485,134.91588560947093,161.2559322466897,165.55411505738689,203.36675469453957,202.34171796800501,236.54883580447523,237.3461594759184,260.91028593696763,262.6076521265274,2.2769659306504764,3.0603155543594767,-0.32007269358845747,-3.3803882479479341,4.3576731548025691,-1.7447322935459511,-6.1024054483485202,0.22590856306752016,0.98654169000749903,0.76063312693997887,0.76516451612221204,0.78414098803861521,0.01897647191640317,2.3936064451069683,1.0105658102846746,-1.3830406348222937,-1.3130720643056009,-2.5265676813043285,0.48537971149121972,-4.0602479626473382,-0.75086809785869946,-3.9872548471196865,0.2260805948706377,3.3755680223335389,2.597659272477415,3.7481168423129532,-5.9584132539820303,-8.6568283113970779,0.38020242577745311,0.52877023739641438,0.51610807307042317
2723,2017,110.32550465764524,38.725177139064691,3,10,24.133767485233307,8.76190185546875,239.17263217849177,217.8904979122126,21.282134266279172,216.96518801758793,22.207444160903833,246.18154683561806,125.49407186451936,553.79493571072817,198.3438432466935,137.03009675956096,133.60005431552051,164.17201792240067,160.10568962739941,197.34024943094224,195.02387082784873,230.50283605733961,229.33884886192786,259.47697881511698,258.70122073754709,0.10870024179487814,-2.6063873356619069,0.77108564628326803,3.377472981945175,-1.8729142824258815,1.9726050721776573,3.8455193546035389,2.0348009827418423,4.2492324065290461,2.2144314237872038,2.4001461865726128,3.5891842254486335,1.1890380388760207,1.7797617694558312,2.4730785634708354,0.69331679401500423,124.5862772819728,102.08239414314266,22.503883138830133,101.10396418610617,23.48231309586663,129.29231613034608,48.167434635464815,189.14530453714542,193.41270541780767,138.00598226757538,138.23805809196486,163.60429055910595,158.87628220828671,193.05945548562605,190.09104504109905,222.33546590134421,220.09405541437877,254.35969284589177,246.48827261214416,3.0757026107034164,5.3501092997647106,4.4155174897463496,-0.934591810018361,1.7448749277483273,6.5329824635730063,4.788107535824679,2.7372960405710671,6.6403141645359938,3.9030181239649266,4.2822302659840545,6.7534573596742007,2.4712270936901461,-4.2364727907308293,6.1122154907542949,10.348688281485124,114.58635436380246,115.80810336673858,-1.2217490029361215,115.86122322053416,-1.2748688567317004,116.88923014275315,77.326637233711153,364.6496304422617,202.84954360158531,133.8349104151082,130.17978710895437,168.25406524738119,161.8742168170962,207.18061083436405,199.28624652799868,237.16260557645836,237.15349008378698,263.52510641601856,265.35939280686142,-3.2671756838632575,-2.0194172635046925,0.094408347027979289,2.1138256105326718,-8.9716714823333348,-3.2633633189295779,5.7083081634037569,-6.5210700973433973,2.6663744144655084,9.1874445118089056,0.58573840072057237,1.5255638192911363,0.9398254185705639,2.2797906610835525,0.90194510723455323,-1.3778455538489993,2.9670023689085383,6.342878294566674,7.9564966354266176,7.3695265632694031,3.6177892101742088,10.716546410081662,0.70249505782922483,9.2583661379144644,1.8820840794114417,3.6964918652634822,-6.0162345601866605,-6.5162634518143818,0.34154394043780939,0.52519093243279513,0.38382239033143589
2724,2017,110.5755058012157,38.725177139064691,7,10,24.133767485233307,19.666671752929688,224.75016702007997,208.6782502081951,16.071916811884876,207.9794698062251,16.770697213854874,220.86806483981127,110.0259340208213,542.3829030841589,203.20494418175107,150.26412597670691,145.79793375327483,172.14240695408159,165.84973479922826,200.75974048237455,194.6428968701326,231.89259125688997,228.12233763487671,260.47766939600342,257.05380242329369,1.5489052430378365,-2.6837314877521692,1.3955514298668277,4.0792829176189969,0.6508342964423548,6.3858088718581882,5.7349745754158334,3.6171493146630667,9.7745185074415417,6.1573691927784751,4.3711124431505652,8.2524668432779151,3.8813544001273499,1.94929254657103,5.5136450681352471,3.5643525215642171,110.69033325648797,93.172249388107048,17.518083868380927,92.410592680244008,18.279740576243967,108.12656263328063,41.010458356694016,166.3056728218653,197.36469946254783,145.82454143927632,142.9769784299715,165.23556032519249,161.28811377371585,193.45151259883852,187.94574182184672,225.81680821116922,216.6955287214831,256.5413908770355,243.14073068735973,3.5484940466050148,4.1928801588262559,6.4938168795463298,2.3009367207200739,5.6207965760950742,8.0529353807665416,2.4321388046714674,5.8152771772491576,12.277635878570891,6.4623587013217332,4.5236879442642248,13.284454069438624,8.7607661251743991,-3.3108606020520881,11.912912253112921,15.223772855165009,114.05983360393657,115.50600028364715,-1.4461666797105863,115.56887650864701,-1.5090429047104408,112.74150204687521,69.015475282762054,376.07722967118025,207.9970391097543,158.97605597159492,149.99697950271161,176.44788763990087,169.3915921764418,208.10036572332265,200.4078060415074,235.52068352913633,236.99730176943527,261.57476736267506,263.64600834632,-0.83156433492186466,-11.39330035582779,-4.622217815317839,6.7710825405099513,-1.4203988235410918,4.7600046509350875,6.1804034744761793,-0.089531206905860472,7.0112617951749883,7.1007930020808487,4.8828687191542315,4.1534548841020751,-0.7294138350521564,4.372724830127197,2.7719276848934555,-1.6007971452337415,1.9995888035671783,4.3800583815268794,6.8766116465784251,15.586180514654046,4.9699622796527194,7.041195399636166,2.1981278625860909,5.9048083841550181,0.15257550111365958,-0.35918077489000666,-5.2601531486231181,-7.6835854321792851,0.30662041866769624,0.48955272330430138,0.37273447139229193
2725,2017,110.82550694478616,38.725177139064691,7,10,24.133767485233307,20.409088134765625,193.49381168292166,189.14635380755135,4.3474578753703099,188.9573336384201,4.536478044501564,190.16619975479443,100.35903704058001,470.6051170155406,208.28246734666817,157.85455179146152,151.22901814221805,177.49180738842642,169.50756652763664,206.7474688279498,197.38220750891421,237.73594301312869,230.50900163821746,262.80559840049989,258.77517845689982,0.26514652780829806,-2.990938612241024,2.855670709119579,5.846609321360603,-0.11037867578184546,7.60232017085454,7.7126988466363855,0.78293236868586291,10.265066342536727,9.4821339738508641,1.2141991670215759,8.5647167872154739,7.350517620193898,1.6289176941839401,5.8427102779799043,4.2137925837959642,89.169275361159634,68.825729482717179,20.343545878442455,67.941227704628545,21.228047656531089,86.178588251391375,43.162495180918086,148.36476117011625,206.2334965008958,154.56046525735709,149.1673120277774,178.9754391982033,167.96588837570249,202.20719040454023,192.6033184131779,231.8448195892604,220.16310099770865,255.57933521396751,244.83852684319538,-1.202729554032004,0.070427092134650593,4.811282357178726,4.7408552650440754,-3.1570163768641635,7.5213668998167975,10.678383276680961,2.3137697251861766,12.362563384392672,10.048793659206495,1.5893005871275534,13.063888188780567,11.474587601653013,-0.65711059593954246,11.816885766131008,12.473996362070551,104.32453659269231,120.32062451719503,-15.996087924502717,121.01610668426838,-16.691570091576068,103.98761177433335,57.19654169583373,322.24035600200295,209.92664941057669,158.54227076130175,152.19465106097036,175.0841236480874,170.96515533547867,209.82962548734301,200.47257767851241,242.27619211028716,237.35779861806671,266.71925168728393,264.08936833410758,0.326345232106803,-2.5997235443039131,2.0070262346933987,4.6067497789973118,3.39282038969003,7.051900807935823,3.659080418245793,-0.21632323018124566,8.606594420502006,8.8229176506832516,-0.63944995243036828,5.1429197828437054,5.7823697352740737,-0.040044951255822525,3.5171524363456683,3.5571973876014908,-1.467876081840302,-1.529074786138807,3.0613657043756746,2.6701506364385637,-3.046637701082318,-6.5498367665541934,1.5308373565003137,2.5300929553674223,0.37510142010597747,2.2287505395579217,-2.2860282901234825,-0.61706564468371994,0.31526380782046803,0.45317510873389927,0.43008080242405478
2726,2017,111.07550808835663,38.725177139064691,7,10,24.133767485233307,11.25,162.31533027115802,175.77872455402394,-13.46339428286592,176.36408807730186,-14.04875780614384,166.39929962578753,108.66978774544259,420.82415612414479,208.32229875057965,152.90399016940279,147.34113851627023,176.67525522809115,169.99182186898634,209.71390200836257,200.72119299081564,238.46208956400372,234.41465598876241,263.42053479430109,262.20871503030583,-2.3950711066377153,-5.9389302236307628,-1.3683181568993064,4.5706120667314565,-3.7638270231866215,2.6555092600795831,6.4193362832662046,-3.8894182574477441,5.0909340668086145,8.9803523242563585,-0.04515726003319287,4.2417460756026344,4.2869033356358273,1.3572332792678594,2.8713192393162217,1.5140859600483623,61.932898374935576,55.027642943706269,6.9052554312293069,54.727414680166476,7.2054836947691001,64.388011532565542,45.561920285960696,120.87419666127244,207.98604197666151,150.34022776671586,147.20204484524368,178.67355338057567,169.71504361511435,210.19576481536751,197.81013004005837,240.71086997799421,225.68940546922775,258.9832334484492,248.87344987655155,-2.89622620496678,2.7060916779215631,5.3714403464976783,2.6653486685761152,-2.1897914594683527,5.8424188214504227,8.0322102809187754,-4.3393547453611916,8.3764173199627976,12.715772065323989,-6.5069402110583212,8.384457808117503,14.891398019175824,-4.0315221485135737,8.0769892376521284,12.108511386165702,100.38243193142625,120.75107951223436,-20.368647580808101,121.63667458922828,-21.254242657802024,102.0112881284258,63.107867323229584,299.94995965994895,208.54620609210801,156.64023954474681,147.38371035837204,175.31659556496524,170.05764727617134,209.40977136611556,202.19148912075121,238.12407395174714,238.4224255374632,264.82603863037167,266.2957053125171,-2.5997751004030647,-11.129879337286326,-3.7219406371135619,7.4079387001727639,-4.0153020125241596,1.2246917085081179,5.2399937210322776,-3.5644066035148967,3.4614727550147393,7.025879358529636,1.6114775925778133,2.4663926620927157,0.85491506951490237,1.3322182705862815,1.2096768771062898,-0.12254139347999171,-0.50115509832906469,-0.29645110456371526,8.645021901552326,13.835971015207889,1.5740355637182688,1.8255105530558069,-0.44993648791344754,-0.7749481418462949,-6.4617829510251283,-8.1184178036361345,-5.3887554277814331,-5.3637404190998552,0.28723207758447705,0.38694881335057668,0.41926943294201363
2728,2017,111.57551037549754,38.725177139064691,7,10,24.133767485233307,10.590911865234375,166.05216937553269,161.58966559516193,4.4625037803707528,161.39564381606033,4.6565255594723567,171.61167942537577,112.25100480183573,436.07204091176391,203.99654494730206,154.94266424080595,149.17851986218673,175.26266978248319,168.23623956343644,201.99461212498559,196.26465890824775,231.97507338061325,226.9839329097338,255.31069144950007,253.58549820336611,-1.7860868921161455,-4.1751721783895732,0.79104787740138249,4.9662200557909557,-3.4750172841393692,3.6243573601116168,7.099374644250986,-0.7188039071150456,4.9390691548734367,5.6578730619884823,-0.71296958245963538,4.3380981310649247,5.0510677135245601,0.64543028006897885,2.4392479327722185,1.7938176527032397,102.50304229617541,85.210463244649873,17.292579051525536,84.458612492449902,18.044429803725507,107.50564852619573,69.833882320578368,194.17232948081801,202.29465699326144,153.18725197986095,147.88735125340992,173.76431612955105,165.08246732788535,199.72034685539518,190.03929598257432,229.07372364898592,215.88971121696505,252.05578864253883,238.50203636007683,-3.8066533955922921,-0.54017044629338784,4.50483544756122,5.0450058938546078,-2.1155064299098285,6.1372697214169989,8.2527761513268274,-2.0927497801689867,7.5199880971286746,9.6127378772976613,-4.4535575824167495,7.9706165826887343,12.424174165105484,-7.9056152548628802,6.904146301432263,14.809761556295143,63.54912725072063,76.37920239657069,-12.83007514585006,76.937031442819716,-13.387904192099086,64.106031070543395,42.417122423092223,241.89971139468253,206.82984449800529,158.26569169113813,150.25685427077829,176.46571899285766,171.29961569134292,204.31736282866626,203.52885319943434,235.51973811472516,238.05166393079679,264.21137405080708,260.47047040104059,-0.71671866408948404,-7.180915937083995,-2.9037164218077294,4.2771995152762656,-4.0600347763539446,1.3329774427110408,5.3930122190649854,1.7542723528103181,1.9535349991852797,0.19926264637496161,3.6778236284550587,1.4390730304062345,-2.2387505980488243,-1.8918715573437339,2.541798681972125,4.4336702393158589,-2.0205665034761466,-3.0899347315028081,3.6350017320961854,6.6407454907906072,1.3595108542295407,1.9445283464441161,-1.3739458730539411,-3.8470221329793048,-3.7405879999571141,-8.1313812108718082,-8.551045534931859,-6.0137436975191463,0.44527580597653454,0.62644715608032886,0.62212255866983845
2729,2017,111.82551151906802,38.725177139064691,7,10,24.133767485233307,2.590911865234375,112.55409704944032,114.40732126903094,-1.8532242195906292,114.4878941472889,-1.9337970978485828,124.30699964854648,164.32174945664156,398.14279833063483,195.00989994038761,137.55222594249665,132.84347486849748,165.15424491948232,158.49527364399756,194.51467075805931,191.44091455115137,225.68658026284885,223.79436669216207,251.1988003598772,250.28545789716901,-2.1127650130929112,-3.5381641010816338,0.91094494301486861,4.4491090440965024,-5.4884044422013289,1.2308984509787706,6.7193028931800995,-1.5084160147891907,1.6136637787309951,3.1220797935201858,-0.40948206077592886,1.452492414982089,1.8619744757580179,-0.030701329335698802,1.002636024823488,1.0333373541591868,72.960542236032779,70.23911946426233,2.7214227717704489,70.120797256742662,2.839744979290117,79.360020805713248,107.58142564047694,199.0611135120962,194.38226010269165,139.59176146636534,142.78294971086703,165.54165021144078,163.69911078702742,193.33273972499543,191.03317848243921,223.15735716208201,218.52775461128556,249.42648153816526,241.42381542048938,-0.97432303520068331,5.0965434040468836,1.9159734495167982,-3.1805699545300854,0.2712594833930666,2.1571292614991933,1.8858697781061267,-0.14558754814254371,2.2546488930979081,2.4002364412404518,-2.6114079788167999,2.2120652408736134,4.8234732196904133,-6.3099393854859898,2.1017175097426843,8.4116568952286741,39.59355473145115,44.168199864909184,-4.5746451334580343,44.367096681929979,-4.7735419504788297,44.946978713294811,56.740323549129243,199.08168466389179,196.16375001189428,126.47593887610603,124.68568679096198,164.46902635174399,146.76172704146271,199.35301406072853,192.41128499809065,231.53167478534274,234.35062697864348,257.07610856779473,261.56451017718348,-3.6236178790339295,-0.051369719449823492,0.44425860374933279,0.49562832319915628,-16.229899435971362,-0.44453370424636773,15.785365731724994,-7.0933911329437365,0.053448405363582197,7.1468395383073187,2.7588304951352143,-0.0075586037251014204,-2.7663890988603157,4.421181288992841,0.087356008190738521,-4.3338252808021025,1.1384419778922279,2.6492948438332462,8.6347075051285174,5.147913123496707,5.7596639255943956,16.501158919364428,1.362828466646647,6.9478035848011928,-2.201925918040871,-5.3702384739520141,-6.279238056150291,-10.731120674478831,0.49997416591920202,0.63841956631636232,0.65469985559558386
2730,2017,112.07551266263847,38.725177139064691,7,10,24.133767485233307,5.86956787109375,186.33595972194234,176.85597691312796,9.479982808814384,176.44380523775544,9.8921544841869036,200.2373183132695,135.49091073704039,468.54510082677007,196.55418256953149,141.3123258932772,134.09267266024548,166.5836292437514,159.14802203443202,194.28501349519752,191.05205232903882,227.25328243244724,224.23462145738119,253.5082800776778,251.9798306767685,-1.9873187407532669,-5.9072036282783813,0.7220947813819123,6.6292984096602936,-5.379819463995716,2.2344443280318558,7.6142637920275718,-0.42390247757137445,2.9223513887292825,3.3462538663006569,-0.14362812306217165,2.7622319075036614,2.9058600305658331,-0.013067930903190472,1.4329803886475077,1.4460483195506981,130.64982022453114,108.49632102835494,22.153499196176199,107.53312478742191,23.116695437109229,134.39316762065937,87.199854891408904,230.9244496494648,195.64324119878151,144.91313545178696,144.73127829842454,165.98661668512591,164.30853223892922,192.34673848861271,190.18384784990153,224.17259868541763,217.57879681190724,251.95280212384111,239.84290142744908,0.67088692635957159,4.8049547906071268,4.6461812570027519,-0.15877353360437496,3.452523057573984,5.0365694598217488,1.5840464022477647,3.1645720097971548,5.1319474607985853,1.9673754510014305,-1.8548696673468612,5.0235562359205232,6.8784259032673845,-7.8681486874361326,4.6780810942678102,12.546229781703943,55.686139557015849,68.359657587391666,-12.673518030375817,68.910680713371221,-13.224541156355372,65.844150811819418,48.291055756224523,237.62065110355616,198.32277126917836,128.67352983455802,126.05974322212244,169.31201400557615,148.16754659405015,198.77554876104776,192.84156937178878,233.10658216439995,237.52133545732656,257.82000328463971,263.3254841576362,-5.3054086499280118,0.14701873601200077,0.53264959177869287,0.38563085576669209,-20.592371868361937,-4.4338743600505666,16.15849750831137,-8.6970910308803013,-2.2100966452565842,6.4869943856237171,2.2892150597712657,-1.3867698502837413,-3.675984910055007,5.5856800733380965,0.35258367809575475,-5.2330963952423417,2.6582056671128385,5.9762955762875833,10.712158418885508,4.6579360545951261,8.8323425215697,24.044894925935921,3.5884744873685293,11.861663040677456,-1.7112415442846896,-4.1440847271181269,-7.8550807565329421,-13.453828760774229,0.49285426150436246,0.67116943411318797,0.64358453579698527
2731,2017,112.32551380620893,38.725177139064691,7,10,24.133767485233307,4.0833282470703125,148.62576759982403,142.57062569668415,6.0551419031398837,142.30735926901252,6.3184083308115078,161.46512631804126,129.75027221810524,415.66743072867393,195.83197569485992,140.64413639511224,134.25566357378574,166.19981170205142,160.03816119887236,194.24341022087626,192.14475125224493,226.02395952158628,224.43643109865937,252.35659228227044,251.70611885657209,-1.3389197546735829,-5.1203862558584774,0.88295702623742045,6.0033432820958978,-4.4366897931920164,1.8459214325805817,6.2826112257725981,0.1146019905085609,2.2517105310128898,2.1371085405043289,0.37715884215771212,1.9743512260904765,1.5971923839327644,0.15321321826672829,0.7714749630025608,0.61826174473583251,94.909800206507498,80.356358948680281,14.553441257827217,79.723599904638832,15.186200301868666,98.221959475578387,73.893748467125988,178.4336005243822,195.58223465407747,144.75061821210775,146.21090185456524,167.2710798838468,167.11894613998197,193.03913624492327,192.68434354730425,222.9348470223434,218.13858882821151,250.5730433587849,238.66456905457198,0.62591815800357153,4.9340479072370158,3.2521666824555382,-1.6818812247814776,3.7760580403494544,3.5597618104457069,-0.21629622990374742,3.2466320868153673,3.5909044662907377,0.34427237947537037,-1.2681465326097623,3.6275586180383073,4.8957051506480695,-8.5147964850205256,3.4533667004066047,11.96816318542713,53.715967248030211,62.214267517897497,-8.4983002698672863,62.583758529908664,-8.8677912818784534,63.243166585417839,55.856523742131685,237.23382994905114,196.19288656321868,130.10186127363644,127.1387133947653,163.40670372593075,148.45226699634708,195.321865153061,191.28137302339374,230.46252500610618,236.49492639813175,254.97485053004723,263.05120851609456,-3.2428240399485162,-1.790263811511636,0.16066329160409509,1.9509271031157311,-14.557214491562092,-1.5443440506762727,13.01287044088582,-5.2289950400192424,-1.0166374493256001,4.2123575906936424,5.0060010492368008,-0.88265607240631994,-5.8886571216431207,7.8522016831500707,0.30173291070144614,-7.5504687724486246,1.9648379126771545,3.8687421979520877,10.054434163095493,6.7243117187486519,8.2127478335414708,18.333272531911547,3.1320300963068064,8.4756271268346097,-1.6453053747674744,-6.2741475818465631,-8.6680097032872538,-16.366998168170596,0.42927010233056812,0.60831686516696193,0.56950746386807904
2733,2017,112.82551609334986,38.725177139064691,7,10,24.133767485233307,17.652175903320312,193.6279024854739,192.88756961346007,0.74033287201382336,192.85538359010388,0.77251889537001261,192.18184486965038,102.16669796029601,412.16176661476493,200.39138313872286,147.36085901711519,139.99323937902827,170.22326795261651,160.68276112762592,197.99639232158833,191.52270018498967,230.92192651494977,225.49202934199522,254.64582813349068,255.48530951576683,-0.13925171957680504,-5.9775498375601046,1.0377152721881941,7.0152651097482988,-4.0937956811991398,5.5108696757879159,9.6046653569870557,1.9123612572608693,8.2965570431249489,6.3841957858640797,2.0742862279504379,7.5679599587400901,5.4936737307896522,5.4021235093775317,4.4509836968484535,-0.9511398125290782,66.069441774820916,79.06466510991595,-12.995223335095034,79.629675827529354,-13.560234052708438,65.376965088656107,39.043018445993312,116.09643829448032,200.55934543270232,140.17528931264334,140.1466943556166,167.36586153246319,161.2418748713458,200.56804290912652,188.70690717333557,232.0881687704547,215.37108831597587,259.14699061201088,238.43040645095402,0.35587285358954546,9.2451077248214233,9.1989691588778442,-0.046138565943579124,5.1753544230010107,11.359783664977698,6.1844292419766873,0.96746857193451774,13.887930919863635,12.920462347929117,-2.7192941196273637,14.218906445053534,16.938200564680898,-8.7477408330933883,13.299903971565556,22.047644804658944,127.55846066076629,113.82290607270079,13.735554588065497,113.2257081202024,14.332752540563888,126.80487973110758,63.123679455437014,296.06532818637788,200.29903986218466,151.54103224575906,139.88888763290981,172.457985700535,160.26292151325561,196.49202272030055,193.99535197845086,229.92716732545509,234.47253973576912,251.48338836705278,262.79364645092414,-0.84337847644528097,-12.736386001859245,-3.1821591560801039,9.5542268457791408,-10.740888035909421,1.4456564898650015,12.186544525774423,0.42823956428568977,2.9706494367089533,2.5424098724232636,6.3197587285454233,2.0335288974115713,-4.286229831133852,12.819915618008054,2.1491036126345193,-10.670812005373534,0.4951245731663505,1.1992513300348264,15.222657562381528,21.981493726680668,9.2691501042001505,15.916242458910432,-0.94489268532635151,0.53922900764882797,-4.7935803475778016,-9.039052848172787,-14.14986434247092,-21.567656451101442,0.28167687470874059,0.34018283638081842,0.38215014506161488
2734,2017,113.07551723692032,38.725177139064691,7,10,24.133767485233307,11.125,192.41293711748949,184.33238796851219,8.0805491489772976,183.98106022493448,8.4318768925550103,196.14361735967032,100.00024526335801,421.55988059565425,203.0797946925328,152.52648784877434,148.66817661986619,174.87998199067297,168.81768855429138,199.18970273370067,198.74405849555671,232.13199979895126,230.50870852326989,254.93346233167568,258.04589150507502,1.1877617623421486,-3.1189892111050312,0.56643677351706856,3.6854259846220998,-2.6669163478562155,3.4596522922884674,6.1265686401446828,4.4820288151458954,5.2623111133952136,0.78028229824931827,2.9183357234965399,4.5915636250184377,1.6732279015218978,5.7088158679001708,2.3967330561852691,-3.3120828117149017,59.007018575428447,82.560896735596543,-23.553878160168097,83.584978869357656,-24.577960293929209,61.801690096019229,40.728460495840181,115.65715199708939,207.35627377350986,152.30127043821645,152.76918417530689,178.86159258397788,173.78057216434695,211.9968304146098,199.0130857600731,235.2429732351377,223.17896825999401,258.4416597112978,243.99837357022426,-1.4285821558274847,4.7035119272729276,4.7414491281068933,0.03793720083396579,1.1843320134022406,7.3277652576682044,6.1434332442659638,-4.9131991125258594,8.9170744321731092,13.830273544698969,-3.7009362651108688,9.1278094062749346,12.828745671385803,-7.9721113159473305,8.3483462075064665,16.320457523453797,133.40591826266427,101.77149122794799,31.634427034716282,100.39608080671769,33.009837455946581,134.34192698425431,59.271784490449136,305.90272774361074,200.81514075535441,152.56250374971637,146.84920568058635,173.36097493639656,165.48258937167986,194.49221828679376,198.40442177284788,230.348558264697,238.90394874256418,251.91372376340598,265.41366995668955,1.3905180823274463,-7.1386122883477867,-2.8039061396781335,4.3347061486696532,-7.4588641738275498,-0.52687907466497563,6.9319850991625742,3.5149596090416253,-0.08839195591826865,-3.6033515649598939,7.8820651818874694,-0.40526329890857937,-8.2873284807960488,13.529829174636291,0.66464294638655019,-12.86518622824974,-2.6163439181696333,-2.819100238154931,7.8225011383779588,11.842124215620714,3.851248361258456,8.6431961872297904,-9.3952279276717547,-8.4281587215674847,-6.6192719886074087,-11.583001446998338,-13.680927183847501,-21.501940490583621,0.27435521576120703,0.31508387031882312,0.40728360604095304
2735,2017,113.57551952406125,38.725177139064691,7,10,24.133767485233307,3.7142868041992188,194.9193663263668,178.29324441826247,16.626121908104324,177.57036742543642,17.348998900930383,205.85034419299518,143.28050360437737,447.87465468421578,196.12289483707914,140.91870365596066,133.73088340817304,166.27605175482924,159.64532065470681,194.65728695296016,191.59179158602353,227.06778940010412,223.91947709301911,252.45201099578955,250.63114523223032,-1.9931073744050423,-5.4343279983305024,1.1815748019882051,6.6159028003187075,-4.6019767980676818,2.2914909102701699,6.8934677083378517,-0.69007766607836629,2.4645544961570636,3.1546321622354299,-0.77874786772207472,2.3511358138533751,3.1298836815754498,-0.23958389325991902,1.5594221199760341,1.7990060132359531,138.63698664173535,115.71682341596897,22.920163225766373,114.72029673939323,23.916689902342114,146.17770791274415,99.988948478772727,262.45109303458594,195.34806482898142,139.6151629182161,143.26703439852824,165.17537255827469,164.0693157119411,193.16703860404616,191.39049138526374,225.87654177686616,219.86437550232449,252.73413508516424,242.37074074295884,-0.14696482400765376,6.9417030378928075,2.882966082540122,-4.0587369553526855,2.4485342107341523,3.1576475590810844,0.70911334834693207,1.5052988579184614,3.2194155516792478,1.7141166937607863,-3.0193473279419152,3.1905444034703123,6.2098917314122275,-7.6271188814075686,2.9423494917608934,10.569468373168462,56.282379617576225,62.576417200368269,-6.2940375827920434,62.850071511993519,-6.567691894417294,59.672636257899285,43.291555026884453,185.42356137000024,197.97535740956974,143.85667727556336,124.50730671571114,170.4330716148599,147.86148751466627,196.13967349785403,191.99317482428094,229.10976298567851,233.45636345668373,250.97727976171925,262.31029900094376,-5.080300836055045,-16.556639845941618,0.50558131259354866,17.062221158535166,-21.316782558981373,-0.56460119624853178,20.752181362732841,-3.7298978458811973,0.70738832430950538,4.4372861701907027,4.803002874618727,0.34200595839325842,-4.4609969162254686,11.113804818339844,0.63626660799081947,-10.477538210349024,1.8461425503973885,4.9333360120473913,12.37603103622331,23.498342883834425,7.0505110088018341,23.765316769715525,2.1953765239968277,5.2351967037996587,-2.2405994602198405,-7.8223502025606422,-7.3875349881476495,-18.740923699747412,0.58599228665804515,0.71011641241510437,0.69785452984489615
2748,2017,77.075352562773688,38.475175995494226,1,10,24.216594625568391,2,136.8757837531557,129.98075616344795,6.8950275897077518,129.68097126849534,7.1948124846603605,162.88558406805896,101.07597491585693,426.90279526822269,196.37100763825987,142.32503097019369,143.26533946450772,161.04657973082271,165.15400008212239,194.73000657905678,197.91877557250112,228.88151300445719,231.42242214972663,255.38105173788691,255.9315047263442,3.1083253275765514,1.3536618869623567,0.276759090438361,-1.0769027965239957,4.3713726017096803,0.49457186086814886,-3.8768007408415315,4.1098904504351594,0.84385103403405992,-3.2660394164010995,3.1605147364456627,0.68284524569537552,-2.4776694907502872,1.1092589081125368,0.53418174335138247,-0.57507716476115434,47.891309466269149,61.820542562815717,-13.929233096546568,62.426162086760087,-14.534852620490938,60.639972295668258,28.829799247929486,107.74138563568704,186.40338845535416,138.89958575245149,146.72508147470285,149.29642138628284,169.51044646695726,175.61414131315954,200.47951513152944,219.5815724606563,230.31719573088137,254.20927508076917,254.16371007371805,14.35953317508185,8.4911439762581438,0.29375977819969989,-8.1973841980584439,20.537312006029083,0.75356150680272549,-19.783750499226358,25.089824396766375,0.99934399373847782,-24.090480403027897,10.763901253475808,0.99382007365818481,-9.7700811798176233,-0.37844941635603391,0.70049774473093862,1.0789471610869725,88.984473889522633,68.160211107171563,20.82426278235107,67.254808953251086,21.729664936271547,102.24561143463143,72.246175469244918,319.16140889190137,201.48185331655404,146.75933553453663,141.11561998397971,169.32764609111891,161.36143733918414,201.2379545498425,195.29354765195319,235.43442480634761,232.75598418309511,255.73999296902252,257.3174846255605,-3.7780749448414213,-5.0739717737584442,0.15637684216594039,5.2303486159243846,-7.344889053635967,0.18127292517996807,7.5261619788159351,-6.2101182953448983,0.46740853639440161,6.6775268317393,-2.5649556551341561,0.2109833175212259,2.775938972655382,1.6001367367787793,0.50137369792702202,-1.0987630388517573,11.251207847505299,18.137608119923271,7.1374820892957871,13.565115750016588,16.165939404319403,27.88220105966505,20.979933946331215,31.299942692111273,7.6033865170301453,13.328856908609964,-1.4877083244685707,-1.9785861531348132,0.25237919926945712,0.37228569147243185,0.28522899998668855
2750,2017,99.825456627685796,38.475175995494226,6,10,24.216594625568391,-0.888885498046875,89.330280810594559,84.0831458568573,5.2471349537372589,83.855009794235229,5.4752710163593292,109.70420912549162,92.903805556547013,259.43949699308723,199.88733515921976,150.94182888746494,151.46983052383177,175.65502660773421,173.22558701278263,198.19331089172618,201.14631348761782,225.32798630986903,227.43201034975377,246.61804979409069,247.79802488567734,0.12910738349037842,0.20300934064488274,-0.24495623197523742,-0.44796557262012016,-2.865257699012119,-0.36606241469183942,2.4991952843202796,2.305693730923025,-0.46962226267871188,-2.7753159936017369,1.7114423249223876,-0.40123008316629694,-2.1126724080886845,0.99062057337752663,-0.25469096898854104,-1.2453115423660677,54.623021513223648,33.907676845788956,20.715344667434692,33.007009886205196,21.616011627018452,56.911200072616339,45.131142885196823,106.45377130713314,202.0453367962088,169.58844815881955,174.45312598494021,182.83640335807061,189.73872418773263,198.60419858811943,208.66330578409875,221.17900599798955,227.26645141407241,238.30528600002549,243.03432154630715,5.6199070544670633,4.2824982945332408,-0.78733796072040718,-5.069836255253648,6.3707743101961682,-0.78897195591514446,-7.1597462661113127,9.242370882653745,-0.79514215229869478,-10.03751303495244,5.430194458248252,-0.76108129746700115,-6.1912757557152531,3.8209710964501085,-0.68607331388534476,-4.5070444103354532,34.707259386777878,50.175468802452087,-15.46820941567421,50.847999632358551,-16.140740245580673,52.793009168359276,47.772662698254862,152.985725867562,197.6976461178368,141.7709682610359,144.94699602077148,164.21867100197883,160.57429569998112,195.32379778726445,190.39105445352223,232.4271313182451,227.65517622460777,255.23317396548154,251.49264348848024,-3.1359424177379651,3.153018718372806,-0.082956124062434355,-3.2359748424352404,-3.7842959509965226,-0.17530071348087972,3.6089952375156429,-4.908987650867914,-0.038240545973366125,4.8707471048945479,-4.8560869989896105,0.056031755637008018,4.9121187546266185,-3.8097386928851051,-0.049500001829869689,3.7602386910552354,5.4907996709766849,8.7558494722050284,4.0794889538883581,1.1294795761604348,9.2360320092082873,10.155070261192691,6.93667715173072,14.151358533521659,3.7187521333258644,10.286281457237862,2.8303505230725818,7.6307097893352136,0.41032214655415244,0.51876952148221689,0.48578357597770538
2751,2017,100.07545777125625,38.475175995494226,6,10,24.216594625568391,-0.1666717529296875,85.079126421907858,82.31067125750269,2.768455164405168,82.190303794413921,2.888822627493937,107.77546142356005,89.724058046933351,268.7626896025613,197.61507079043579,147.55303043215051,147.73032253335512,170.63421854243359,167.30749969565278,196.70415251286857,197.54367680504154,224.3007795989715,226.0889401074318,247.17031232597876,248.0276228388976,-0.15307008055202687,0.14041651718895309,-0.031618462614176224,-0.17203497980312932,-3.3651489279634745,-0.041960535949499445,3.3231883920139751,0.67268703214037373,-0.074654310284557823,-0.74734134242493155,1.7830834339119406,-0.077341376787700256,-1.8604248106996408,0.74782415708676808,-0.029402569086641961,-0.77722672617341004,34.772632471276665,17.05841122849597,17.714221242780695,16.288227277384976,18.484405193891689,35.992177071972037,37.35461759250029,76.552860169205815,204.81488319797859,174.82883195873038,174.08083031669264,189.22422864169272,191.43838408798138,201.42371913073583,208.54640601582665,221.54452537223398,225.21431754290768,238.23554904461528,241.32031354409582,2.9982989125423956,-0.43795231820197955,-0.13173321858593567,0.30621909961604388,1.9963044065792417,-0.15022808234547824,-2.1465324889247199,6.6542146038572696,-0.13888792792349136,-6.793102531780761,3.9317697313632323,-0.13283994903585494,-4.0646096803990872,3.249205744187492,-0.14162855015862874,-3.3908342943461207,50.306494028862289,65.252259216893435,-14.945765188031146,65.902075906495156,-15.595581877632867,71.783284560204265,52.369440420077808,192.20982967782766,193.36157433447519,140.99262495879759,144.54296122091588,159.17025354671796,161.06843128218304,186.79349881317034,190.45154923564664,227.75036256428922,226.69527499722577,253.20117586272806,249.98585790257781,0.82498359195872695,3.5692523826225795,-0.020572893066059805,-3.5898252756886393,1.6829676983888362,-0.037558427798131788,-1.720526126186968,3.4342801102343117,-0.025442862247729181,-3.4597229724820409,-1.0956726353637407,-0.0058857127751252847,1.0897869225886154,-3.2578734425117375,-0.0064802274959845363,3.251393215015753,3.1513689930944224,2.1733153205836686,-0.57836883539093265,-4.007204700824559,5.3614533345427162,0.31333670819040549,5.9815275717168959,3.2199344936229579,2.1486862974512917,5.027442366726973,2.5013815871007239,6.5070791866992295,0.28483440273056515,0.33395521203590073,0.41632777658095482
2752,2017,100.32545891482673,38.475175995494226,6,10,24.216594625568391,4.0434722900390625,104.15959703520639,97.11129929411436,7.0482977410920284,96.804851832377608,7.3547452028287807,113.28287934515083,89.776255121929353,249.96502385381609,193.93656501389898,139.21593998724893,137.19068658691958,163.80408988594723,160.4471220052699,193.09043817642831,193.24075890896586,223.70855660623971,224.0749785901634,250.58601411996753,248.79227218437387,0.58610460065173697,-0.83533701098954793,1.0743745517216041,1.9097115627111521,-1.8298894462865292,1.6002136753751302,3.4301031216616593,2.1971866926317603,2.0653778094751942,-0.13180888315656603,2.2217684025011692,1.8402189061445426,-0.38154949635662661,-0.79541882096552285,1.1643171322070884,1.9597359531726113,39.574613645596401,25.983917822500189,13.590695823096212,25.393018044916971,14.181595600679429,39.574613645596401,35.763282075613688,79.857748477719724,200.19329323406481,166.62250861139049,164.22786615523501,181.60931967796645,182.4767932280979,197.51331516384602,202.66930815272386,218.91850814904419,221.95921651807333,235.54360083266076,240.04002790490685,5.2979000175427302,1.3258652784703884,3.6762158865390973,2.3503506080687089,4.6896366242412171,3.7962374180058873,-0.89339920623532976,8.4574087366993069,3.7149269653501733,-4.7424817713491336,6.6537052466223088,3.5818640358041023,-3.0718412108182065,7.3009427211606521,3.050610212302189,-4.2503325088584631,64.584983119526441,71.1273813326452,-6.5423982131187586,71.4118334559098,-6.8268503363833588,73.708265429470885,54.012972931965123,170.10727518890053,190.24595923930352,132.71575792388856,132.39565735064926,148.79893266458154,150.40777118485488,184.76725440585432,183.83006515569002,229.2351082284568,225.87604332295493,256.2266313797216,252.42226750373982,-0.93430578943309683,0.16552609501013649,0.53506280821937935,0.36953671320924286,3.0501327566104521,1.4533637609616505,-1.5967689956488016,-0.26982151249623598,0.71972560232075011,0.9895471148169861,-2.8955749984949364,0.44406413341837947,3.3396391319133159,-3.2431103063617286,0.69240749327826734,3.9355177996399959,4.7117954168909932,6.232205806975827,2.1612022894599363,1.1603391834602519,6.5195260705277462,1.6395038676307649,6.2602220440675467,8.7272302491955429,4.4319368441211395,9.5492802451172452,8.096361542126175,10.544053027522381,0.31947569002462495,0.34934328889205113,0.39836014575392897
2756,2017,101.32546348910857,38.475175995494226,1,10,24.216594625568391,-0.15789794921875,96.455813187287276,80.079524327165927,16.376288860121349,79.367511376985931,17.088301810301346,119.9812583963394,124.0072230133992,367.9981371127069,191.59958633187722,133.76837050475785,133.43896780529994,159.12097297927741,158.34735875746736,191.60900856614802,194.95271142397866,223.7349003171241,226.5801196385938,249.90170177678897,250.97404967212123,1.6191241040083355,-0.32870137674876787,-0.019208881819110957,0.30949249492965691,-0.76800658647414366,-0.018078788666628043,0.74992779780751562,3.1732401712953902,-0.064671788219868631,-3.2379119595152588,2.8364363692415964,-0.063692957956561713,-2.9001293271981581,0.85735342998245301,-0.033016401421122055,-0.89036983140357506,37.99409241837202,30.822345536503235,7.1717468818687848,30.510529647062867,7.4835627713091526,39.907292360931024,69.979983728925617,117.75108132193418,200.01719302303803,163.99705545054931,154.06476037539571,178.60055291800498,175.32254103448651,197.81138300564524,199.72462973800634,221.7321584264869,219.64862277022598,237.86007308899633,238.97735903791161,-2.2806213064097278,-8.5741471266736653,-0.12004695981380564,8.4541001668598597,-3.0077745519287191,-0.12705464120162446,2.8807199107270947,1.635002780059466,-0.14295107639964044,-1.7779538564591064,-2.1251076222404492,-0.14560550765702374,1.9795021145834255,0.76107006807401945,-0.11686684124478575,-0.87793690931880519,58.461721100466093,49.257179046334386,9.2045420541317071,48.856981916187578,9.6047391842785146,80.07396634833276,54.027239216928137,250.24705582484603,184.70190125583619,126.66478661027305,128.54117280898714,140.92284962755528,147.09018172333396,178.06073365027106,188.3566760141648,229.58560254073595,232.98235552508999,255.26196297294197,255.8775564084803,5.7937840303855523,1.9822437030079101,0.0048301622118458454,-1.9774135407960642,6.9941811280178001,-0.01852586349659191,-7.012706991514392,9.7508725809057637,0.046841443683092621,-9.7040311372226711,3.0347936127151627,-0.013453745035917564,-3.0482473577510802,0.45893207744029496,-0.030478028132222335,-0.4894101055725173,-3.8997454104180633,-8.0744053367952802,-8.2454457499248974,-10.556390829681575,-2.2397679654545755,-10.001955679946519,-1.5382373912359242,-8.1158698008462977,-4.9615439914820456,-5.1599012349556119,-0.096283361908433562,0.30213799063372448,0.31997738424928635,0.3326127171387343,0.56432183568342753
2764,2017,108.57549665265199,38.475175995494226,3,10,24.216594625568391,10.428573608398438,196.7603517639036,178.17912192628501,18.581229837618594,177.37124234184375,19.389109422059846,211.32343717521508,115.18916739528504,509.7779152020812,198.04090906590193,137.88965395555368,139.06033015855365,164.42318052030078,164.31731064263764,198.12810411463329,197.29778608780944,229.19460893669068,229.36703534197767,258.06208991586277,256.75528496970384,3.2419516280051823,2.9031026052190896,1.4050007274521477,-1.4981018777669419,2.8348832677243365,2.7364976360338744,-0.098385631690462105,4.5020854988435133,5.3379207720564352,0.83583527321292195,4.6942639374252337,4.7439425865869396,0.049678649161705835,2.0165280726042738,3.1664226127415418,1.149894540137268,116.88749965847637,87.919208911802343,28.968290746674029,86.659717274849754,30.227782383626618,118.64310580066194,63.70585767776538,208.10518437056453,196.35758845375548,139.87113494238977,139.53823888129895,164.793277927047,160.37929939812133,198.327612497123,191.89562056071748,223.55938759170579,219.71742984851025,250.20144295222914,246.22644728356633,1.8092909567623394,3.4835425669227789,3.8794508020556293,0.39590823513285045,0.91213467131808557,5.6661158002011405,4.7539811288830549,0.89499084939166096,7.3776618077154694,6.4826709583238085,4.698444281210385,7.6103675822827483,2.9119233010723633,0.85109751249876808,5.8642496515169285,5.0131521390181604,79.872852410901032,90.259914881386067,-10.387062470485034,90.71152524154968,-10.838672830648648,92.68033182903855,51.483309587600161,301.67273099720478,200.17009872142896,131.01354107444772,138.60769574542283,163.09416507603291,167.3335788381751,197.34749428015607,202.21220097142842,241.83933658771664,237.16803017350566,268.45895935124679,262.30906259444811,3.8578326071996685,9.5334800302694589,-0.41065795015597928,-9.9441379804254382,6.4006110827079112,1.4385245594282878,-4.9620865232796234,8.3084219261606052,3.7665350639570079,-4.5418868622035973,-1.6042811382789068,3.0016806418122144,4.6059617800911212,-4.9524157976022138,1.7557579681953257,6.7081737657975395,-1.4326606712428429,-2.0485416504373291,0.58043996170368928,-6.04993746334668,-1.922748596406251,-5.4884764113898257,-3.6070946494518523,-7.4134310767689442,0.0041803437851513081,6.3027254194892919,-1.1654305601055057,5.8035133101009819,0.40822714787098907,0.56142899901013399,0.55305424215066434
2765,2017,108.82549779622246,38.475175995494226,3,10,24.216594625568391,9.6363677978515625,201.48008373931225,188.21010464544815,13.269979093864094,187.63315113744466,13.846932601867593,216.92215115818908,117.46855361552116,527.23977458104491,197.97044405010647,138.19459649228983,138.99182738665721,163.66262021985199,164.56576117693342,197.6560477601536,197.33786987250579,229.70751375589066,229.94319318165242,258.24421413822535,256.73948732368285,2.7980855285586586,2.2023099254058138,1.294282469303937,-0.90802745610187685,3.2013390492246003,2.2313042018518843,-0.97003484737271606,4.1078924532340579,4.4480093322323455,0.34011687899828758,4.0416404033582012,4.0413799492883982,-0.00026045406980301777,1.3328700288744812,2.7411410408407733,1.408271011966292,120.63182346814574,97.281041374146298,23.350782093999442,96.265789093755302,24.366034374390438,123.15215827991869,67.708549702800156,214.65102885651868,196.93235252556045,140.23800359953279,139.98975837537822,164.44090524849429,160.73054146125813,197.79131223141476,191.49196072748558,225.15003479472736,220.15600181978908,253.30977522799162,245.85329334273564,0.77225554841334088,3.7743794638609529,3.9322519392060258,0.15787247534507287,2.2119562007818843,5.4348869892764355,3.2229307884945513,-0.45272562317097709,6.7351808457033258,7.1879064688743028,2.2184554367304656,7.0282826466344659,4.8098272099040003,-2.6699485728968284,5.8338864319837,8.5038350048805285,80.848260271166509,90.929067385375674,-10.080807114209165,91.367362781973497,-10.519102510806988,93.769992777687548,49.760003579307522,312.58874538168311,199.35085839889769,132.00089831777387,137.93111900024152,161.49747628730873,168.03066315397558,197.05292709480491,202.79598166197283,241.09626625537226,238.47188883619606,264.2408794705018,262.90435992896437,4.413441043914645,8.0009192268483673,-0.61351806813485155,-8.6144372949832189,7.7357702533606698,0.16525082728671237,-7.5705194260739574,8.8392848292770054,2.8741813552069573,-5.9651034740700482,-0.87163414566009578,2.173626823751448,3.0452609694115438,-0.30341770360411147,1.4680116973572126,1.7714294009613241,-2.0258299801453177,-3.6411854955013041,1.5720695384551391,-4.2265397629874144,-0.98938284844271607,-5.5238140525787855,-4.560618076405035,-9.2920104524479825,-1.8231849666277355,3.0900895823905614,-4.0028186017713097,-2.3665308692927169,0.40712222257337205,0.56772513836132288,0.57639723669717347
2766,2017,109.07549893979292,38.475175995494226,3,10,24.216594625568391,0.695648193359375,180.66743170743212,176.51455497889765,4.1528767285344657,176.33399268714857,4.3334390202835493,208.01939535242309,133.65814339540702,529.96006511896849,198.39165153722354,136.87463451025249,135.9303150381825,165.12602273828222,164.41036216633285,197.830495073636,200.42337531612236,231.14907043406342,233.06501863135506,258.40227206495882,259.37609489319641,0.96388097607970735,-0.39725929672653137,0.012949361851980257,0.41020865857851163,-0.48765969674107623,0.2174721459475677,0.70513184268864393,2.9753237731620175,0.35319436638306456,-2.6221294067789529,2.1229618647177517,0.33355995927422555,-1.7894019054435262,1.4130023446390396,0.27951475251347802,-1.1334875921255616,94.872677851935805,92.430534698343763,2.4421431535920419,92.324353948530188,2.5483239034056169,104.15036682319987,73.640454437116205,193.39982856111601,199.52734011232508,140.61412821736431,145.67156325098983,172.53603614789174,169.25064222356946,199.65251472353251,200.34469420896639,227.163729257634,227.86411774901305,254.00310269329711,251.67953486548754,0.11187436410966711,5.9218659057959826,0.4023423639734176,-5.519523541822565,-1.7255401027148309,0.46206838602762446,2.1876084887424554,0.2019105506558958,0.54300469331033696,0.34109414265444116,1.8473188947046424,0.58023946580846086,-1.2670794288961815,-3.7035750709589479,0.45700077154214114,4.160575842501089,85.794753844320439,84.084020206048081,1.7107336382723588,84.009639100780987,1.7851147435394523,103.86902839883805,60.017689401600364,336.56023647636175,197.15961165573725,128.32414717024179,130.299337744892,160.44336497718231,157.21269190987192,188.5482426871057,200.54890963182837,240.68098235582352,238.83296109413797,263.2679230905901,264.60642203719834,1.9282851177600264,4.5302310441805673,0.25634409458345431,-4.273886949597113,-1.0519247738216109,-0.18721591589149966,0.86470885793011121,10.715749003482074,0.046405600572398953,-10.669343402909675,-1.9062608516167927,0.15494749843031741,2.0612083500471101,0.93475770894434618,0.1683627288111893,-0.76639498013315688,-0.85200661197004024,-1.8164107536503593,6.319125202522514,1.3916348616154153,-1.2378804059737547,-0.67361532889322007,-2.7734132225061217,-10.513838452826178,-0.27564297001310933,3.7535797463214351,-5.1165774155979875,-4.6383327799032941,0.3649328341706285,0.50067623091947755,0.55096122515529988
2767,2017,109.32550008336338,38.475175995494226,3,10,24.216594625568391,8.8000030517578125,187.51315861178591,179.1810166585783,8.3321419532076106,178.81874670013349,8.6944119116524234,202.75880569772562,144.12885392466524,543.92820566147566,201.81077381272704,143.59144433276077,142.553817926465,169.6041456576848,168.44958913721558,201.60527393276456,199.47394208796467,232.42112876174582,231.03452583525882,259.03958057329635,258.10889595513277,0.96279882083388202,-0.4030295588067645,0.22619102319708873,0.62922058200385322,0.72971295339874587,2.2480871844023511,1.5183742310036052,2.2214500582684025,4.334801392905888,2.1133513346374855,1.9462824178263816,3.5256160701574402,1.5793336523310586,1.6275480001653477,2.3821870761484547,0.75463907598310698,93.389290004652139,90.643842937202862,2.7454470674492768,90.524475946222083,2.8648140584300563,97.016175093136553,81.997994421366457,196.23272909037769,203.79346645151443,147.48361702210798,145.74090917757854,175.81688111579294,167.98829702136007,203.08509200931738,196.1265593589236,228.78765957565966,220.94808459809545,255.70315184332856,245.67986058827239,-2.2085339051880339,3.1987514040010865,5.0601794051497109,1.8614280011486244,-2.1814341827747228,5.8460343861544004,8.0274685689291232,-0.81310130026338356,6.9270023170938941,7.7401036173572777,-0.19869921432757565,7.0844537345058711,7.2831529488334468,-5.5948053565044802,5.7870664850447326,11.381871841549213,94.123868975191726,88.537168657960137,5.586700317231589,88.294269827059907,5.8295991481318197,105.74263105460341,62.130859893337401,347.69547734409571,199.69650276315986,141.5194129557554,139.40718743307062,165.71320991051201,168.87886994751193,188.87420940619563,203.17341770293041,240.08901617847633,240.46291436951418,261.84024680020616,265.36124458915634,4.1108169842101177,-0.68634565290412297,-1.7820493283659289,-1.0957036754618059,1.4763608933672572,-2.592267908720288,-4.0686288020875452,15.883856453997936,1.5482436631421592,-14.335612790855777,1.2183680919594622,1.3434401178355699,0.12507202587610777,3.3571167864841414,0.8608256792574025,-2.4962911072267389,-3.171332726021916,-6.3193508893981516,3.601780962807851,3.8850970569052095,-2.9111471361734687,-3.65779507614198,-3.034551358531786,-16.696957754261319,-2.1449816321539572,-1.4170673062870378,-7.2223533566698279,-8.9519221429886215,0.36076954099436231,0.47848069907143276,0.56892143515014715
2768,2017,109.57550122693385,38.475175995494226,3,10,24.216594625568391,7.350006103515625,208.72384512095596,200.67989125902022,8.0439538619357336,200.33015370802605,8.3936914129299112,220.30147691665115,155.28297230413409,559.98460600525141,198.35667694563884,137.43618143771045,133.60977022537503,163.5115111682492,161.38354403824519,198.30404471557642,196.30971841821727,231.97244370312285,229.48246714072491,259.38159908590501,257.51541527177307,-0.23426002646843358,-2.9889232793015879,0.14817594073079476,3.1370992200323826,-0.87485753412417466,1.3726111647787036,2.2474686989028783,1.598834527473258,3.595617089839152,1.9967825623658939,0.4528712951697571,2.8670827198878328,2.4142114247180757,-0.049586285653560935,1.7826151002744268,1.8322013859279878,100.24794033266153,98.141346211923519,2.1065941207380092,98.049755269188609,2.1981850634729199,103.51390336640725,79.093215518374564,193.29860837580782,200.66327164906704,144.4198762290508,143.75411156065525,172.1636566038537,165.72071006495153,200.62138510268599,194.76096697458721,228.03897323782189,220.32186335852009,255.19902001341106,244.45387402727295,-1.4681995176504188,3.9394558191456497,4.7293166333266186,0.78986081418096887,-0.78258891119193663,5.2647755887044809,6.0473644998964176,-0.26883004913457853,6.2495393368806731,6.5183693860152516,-1.1918365865064118,6.0594659555364956,7.2513025420429074,-6.5299294880171033,5.2780933219898714,11.808022810006975,108.4759044902712,102.53854402189609,5.9373604683751182,102.28039813485339,6.1955063554178196,116.7875732075172,76.189756411367853,366.6859969496727,196.17403388026128,126.86462151933976,127.30514298211986,159.82986176838611,154.32585834787014,188.01691904026293,198.3094137568055,240.86042544198639,239.20888594901183,263.25734617916135,265.27625453361281,0.84142666418730983,2.4221237776782658,0.26316550353551804,-2.1589582741427478,-5.7669885045553144,-4.4622103918372886,1.3047781127180258,9.9367781196031615,-0.13635171128206025,-10.073129830885222,-2.2932868814867504,0.10897618148416655,2.402263062970917,1.5868220918202383,0.14145305801997665,-1.4453690338002616,-1.2339394911819852,-2.3096261818377286,6.9283790984472375,1.5173320414673839,0.092268622932238031,4.9843995933633778,-1.8676645766078366,-10.20560816873774,-1.6447078816761689,1.1014502949803386,-6.4803432023635423,-8.1167515798373415,0.34518557528703764,0.46987385112071078,0.50934892824864397
2769,2017,109.82550237050431,38.475175995494226,3,10,24.216594625568391,12.304351806640625,218.80481311542098,197.18849586625583,21.616317249165149,196.24865261047671,22.556160504944273,231.16089035508048,136.74199401706574,559.04694152250886,198.89402377593055,141.92994185263996,140.28067445543087,167.40867270539115,164.40840187562571,197.11007602524717,195.06905502222844,229.26444565187683,228.01999495608135,257.53285706335248,256.39333627039844,2.0159761890453183,-0.1251967543281296,1.2291403785108912,1.3543371328390208,0.72058988431538751,3.6917385973488877,2.9711487130335001,4.0662706503782147,6.0825120147082714,2.0162413643300567,3.5966341400271631,4.9143461637612518,1.3177120237340887,2.2144709306680284,3.2001488188532221,0.98567788818519375,145.15793843101892,106.83493363309935,38.323004797919566,105.16871667636224,39.989221754656683,145.25983945559892,83.32436983100888,244.11199698597193,199.89839044503984,148.82587919173497,142.72511419543557,176.24570003696968,163.37316368832884,197.82082252677048,190.73538751856799,224.2934020850991,217.84962111974559,253.30075791095791,244.10924851780467,0.13357990962856547,2.0214479271531332,7.475145924303007,5.4536979971498738,-4.5385903122795526,8.0973675735590973,12.63595788583865,1.9871241884602853,9.4316264453618714,7.4445022569015862,2.7766164562037261,9.3474643123092847,6.5708478561055585,-3.3143200720620598,7.9919545362786835,11.306274608340743,73.646875146338061,90.353561249679842,-16.706686103341781,91.079938288497942,-17.433063142159881,85.901051331615236,53.417623956020179,314.93494473770261,197.2461299638031,127.40475800897552,136.59135474995699,159.49455379132522,165.73197470902213,188.30781691402839,200.90389078004327,242.30621639109498,238.8502108897483,263.16776083238381,264.35958974367611,4.1972528142335364,10.093698911207284,-1.7063901510019548,-11.800089062209238,4.3771245246691421,-4.6786589276699999,-9.0557834523391421,13.325992048100829,1.6316305319320747,-11.694361516168755,-2.9250213285184259,1.1977673246022391,4.122788653120665,1.6522404876165524,1.0525705352629871,-0.59966995235356535,-1.8823962794167528,-4.0636729046049709,2.1466446814812628,-8.0722509840541505,-5.2591801965949401,-8.9157148369486947,-2.0791464619179294,-11.338867859640544,-0.82001768382343698,5.701637784722152,-5.5287910027300882,-4.9665605596786122,0.43665742329464702,0.6283928013621547,0.60935464946203577
2770,2017,110.07550351407477,38.475175995494226,3,10,24.216594625568391,20.909088134765625,246.59250088113913,228.10938430026363,18.483116580875503,227.30577283336606,19.286728047773067,237.02741250763211,111.4055373134106,558.26167377084494,200.96691119595528,143.47046625329955,140.71066392661251,168.46997959575947,162.03396722593772,200.23693783705716,192.11149080474706,231.62429967654276,226.44823377074189,260.27811267732415,256.74601001443551,1.3919321899575152,-1.1030056019305903,1.2196858066103857,2.322691408540976,-0.32621239525386159,6.0199546380945321,6.3461670333483937,2.2701621431565968,10.371690792950488,8.1015286497938916,3.7359415250237191,8.8086898929219615,5.0727483678982423,2.1957510958994817,5.722684745613833,3.5269336497143513,109.51327446293908,103.6549818205649,5.858292642374181,103.4002737853607,6.1130006775783841,107.49129874726623,42.239497312648382,166.01475540282263,195.82018705240432,140.1039778367506,137.86120605184729,163.61161699233736,156.34337761910095,194.50599126601011,184.61905692827057,226.27797252784566,213.00261030227827,254.33333017689492,239.49732268015265,2.950524139185319,6.9992370631337621,8.9035859780707653,1.9043489149370032,4.830445384706394,11.053681144886809,6.2232357601804154,3.3391719520750485,14.088890850484688,10.74971889840964,1.9522703061380184,15.027645159985269,13.075374853847251,-4.4292438330327002,13.74736162327639,18.17660545630909,137.07922719043563,124.45440257181508,12.624824618620551,123.90549800492408,13.173729185511547,129.53611448112497,69.166039701056434,392.24691900610924,204.84519359344753,145.28576885282303,143.83417818510523,172.35001526680887,166.2390844321738,206.39167528745378,199.36120271172703,238.28292565423982,237.75714507827163,262.99252367244827,264.38788344936393,-0.070410779953419933,-4.1255418504704267,-5.1005486045906991,-0.97500675412027249,-3.2167192419045705,3.0182414313834443,6.2349606732880147,-0.57857035459909412,6.2304698584728158,6.8090402130719099,2.3567491133333647,3.5736886176363498,1.2169395043029851,3.8289567454137341,3.3141436858280713,-0.51481305958566281,1.5585919492278038,3.0209349191387389,8.1022426650643524,11.124778913604189,5.1566577799602555,8.0471646266109644,1.0690098089184517,3.9177423066741426,-1.7836712188857007,-0.40447880719534623,-6.6249949289321819,-8.2582005784464343,0.29737802755015619,0.45349733016135879,0.37915078847309452
2771,2017,110.32550465764524,38.475175995494226,7,10,24.216594625568391,11.409088134765625,220.72588499427002,206.76053282298017,13.965352171289851,206.15334432046438,14.572540673805634,227.10067240920034,120.95887900780144,568.56249824166298,202.52550604247895,148.76981440784041,143.32723197122658,171.78409018555107,166.43182417276032,200.5884974978363,197.42380618967115,231.90511214082343,230.76421830845766,260.35325722066733,259.07494697205027,0.10236987858110069,-4.8861692861196957,0.2202515942663581,5.1064208803860538,-2.3671814394624846,2.7910950670068075,5.1582765064692921,1.9616257240011521,5.1810277032444105,3.2194019792432584,3.0066694756217487,4.1080662362259659,1.1013967606042172,1.3083237167437574,2.5540186409590433,1.2456949242152859,104.8244106486045,91.605539206593676,13.218871442010823,91.030806375392785,13.793604273211713,107.80421667671999,39.143357583544457,161.11915717775992,196.19642430653025,146.49412040512621,144.57856332083094,167.72190373211569,164.33341185193538,194.30880780781555,191.69837600912729,222.10443010719101,218.36470276951317,253.85571305964604,243.10627270745653,3.8617141432727635,4.7965987379533601,6.0397129303118788,1.2431141923585187,4.1579505990839891,6.6997163580599874,2.5417657589759983,5.8810423107063912,8.352034742739761,2.4709924320333698,4.8597154986707665,8.8800016721529289,4.0202861734821624,-5.1399199517124714,8.0399481175842595,13.179868069296731,115.90147381007046,115.1549948220254,0.7464789880450553,115.1225382132925,0.77893559677795565,119.29645519146652,81.815521818756679,407.44334118440747,207.15001056820773,155.46584691265525,141.60377817552023,173.72252893925327,168.04238671349276,207.90561529945478,202.21349530711601,241.91239049591815,240.03233563393735,263.36052566133458,265.71662625633263,-3.0744370469640501,-13.932726542449331,-1.3637798366929985,12.568946705756332,-5.4910261999923193,-1.3435846134666463,4.1474415865256731,-3.850740336500877,2.3854001695584373,6.2361405060593142,-1.3256126056945163,1.351084349380244,2.6766969550747604,3.0777074984183628,0.93971090673630897,-2.1379965916820538,3.7593442646916628,6.9361511902368136,9.6827680240730558,18.729325280402691,6.5251320385464737,9.6489767990763085,3.9194165867052391,9.7317826472072682,1.8530460230490178,6.1853281043652828,-6.4482436684562288,-8.2176274501308342,0.28337985300830992,0.47469791935478484,0.32360879916074486
2772,2017,110.5755058012157,38.475175995494226,7,10,24.216594625568391,30.095245361328125,236.76010679934552,225.24687507097769,11.513231728367828,224.74630138184148,12.013805417504045,212.79796179089863,104.34649275373158,508.50480923801661,203.69121139705464,148.69196190272595,141.73578185200259,172.25611841329683,160.16876054988148,202.36173042852963,188.68459374665508,233.61342950088152,224.88481588979937,261.18180967769467,255.33546088640193,0.12901275130488443,-4.2571630886661467,2.2189968951800267,6.4761599838461734,-2.2141154516955339,9.4194387605535894,11.633554212249123,0.88708306327640685,14.571100814619484,13.684017751343077,3.2121934757297765,12.047440098887051,8.8352466231572748,3.2121152162314388,9.0830680663079022,5.8709528500764634,117.64136098491508,87.538770022281824,30.102590962633258,86.229962125977181,31.411398858937901,111.46338901965737,40.916459820433374,165.08504818403162,196.39231766505313,145.07401609501633,138.31457926796753,166.07018781831101,155.47749369321264,194.47375082673238,179.49023510119366,225.48690983554494,205.62848646724683,253.15534437732342,230.67753519729663,3.2783612121841372,5.0640331103728613,11.459112838971805,6.3950797285989438,4.3752111860415823,13.742582374276168,9.3673711882345856,4.6022246851677266,19.845457844399533,15.243233159231806,2.6415037632471865,22.497805567349218,19.856301804102031,-3.0662288818690513,21.887264464911254,24.953493346780306,119.11874611990424,137.70810479537613,-18.589358675471885,138.51633966387271,-19.397593543968469,101.3345730990668,63.430032829921402,343.41976147145033,210.44147374851966,158.13836914955272,144.24146547965887,175.63730183083473,165.15176399638517,211.37999243155625,196.39988145301544,244.40746364718217,235.97864180455821,265.57939627762391,262.45884062298643,-4.2826963330091701,-14.88590308659019,-2.8826731939375634,12.003229892652627,-3.8077517548187814,4.7558258705452374,8.5635776253640188,-5.1717079022363066,9.7573046974917474,14.929012599728054,-1.9202533915986635,7.5036814829705634,9.4239348745692268,3.0123678657022879,7.5807843660332992,4.5684165003310113,3.1493484608792528,7.5610575451933073,9.321196199039008,19.949936196963051,6.5893266377371162,8.1829629408603637,3.7151416218913198,9.7739325874040333,-0.57068971248259004,4.56175715484585,-6.2783440981004901,-6.0785967475713392,0.32464795845570854,0.52379913830746405,0.39212108371481552
2773,2017,110.82550694478616,38.475175995494226,7,10,24.216594625568391,17.68182373046875,172.64066153764725,187.06119418144226,-14.420532643795013,187.6881765127182,-15.047514975070953,166.45563931295328,108.90633180410896,411.83564289286733,207.81219028777525,147.42985486070532,142.36571730563375,177.8133130815161,165.39897734084954,209.58935400307539,196.2851277832379,238.83215285429591,229.80421360477436,264.35836370834528,258.82073382385192,-2.6774476958582625,-3.7563648903248463,0.76985145003743582,4.5262163403622822,-6.1110708354804615,6.0900708522236471,12.201141687704109,-3.7534625158246797,9.4785530478532962,13.232015563677976,-0.54846319211000605,8.5973958294241868,9.1458590215341928,0.5866697584080498,6.1899866913949495,5.6033169329868997,65.37972340034321,60.509484186768532,4.8702392135746777,60.297734156250954,5.0819892440922558,65.377207698634408,45.932772168889642,122.2718974086456,206.80053106410438,149.49403456594831,141.27117739248962,176.22102044117699,162.58740317457904,207.13027412670439,192.0767266917689,242.34942305019518,221.55027428118154,257.47987760859166,245.8148745364395,-3.2990138517300238,-0.80283031712420438,7.5064631982110654,8.3092935153352698,-2.983244128109078,9.8998739263460607,12.883118054455139,-3.210757766545953,12.484866794724724,15.695624561270677,-7.9086471996766079,12.887904578874725,20.796551778551333,-0.87978812076238455,11.793184591268812,12.672972712031196,107.26093819737434,126.55171313881874,-19.290774941444397,127.39044308662415,-20.129504889249802,101.07843166137172,62.973559808445316,289.56374562159181,208.49860544027729,143.72089338733463,142.80069365033231,179.42553583555988,166.35580057744852,210.37294470378171,198.49285346253367,238.0618583328768,234.47950306666866,266.89205938152548,263.2917100830602,-2.9008639065506259,-0.53318027960168024,-1.632641568098677,-1.0994612884969968,-8.0995353555834413,4.6906476117733007,12.790182967356742,-3.6628637271771822,7.7538953675896209,11.416759094766803,1.6289145527363473,5.8577835516277048,4.2288689988913575,-0.39083306884094782,4.3285819468715658,4.7194150157125137,-0.62156615587176134,-0.39814994517939795,2.9535345732006419,-0.26965003752252414,3.1278267073713835,5.1162912274743633,0.54270474927872669,0.45210596063122921,-7.3601840075666018,-9.5375617524129552,-1.4664578791704344,-0.48895505192143673,0.29689488881964676,0.3927605455031698,0.42176401874878527
2777,2017,111.82551151906802,38.475175995494226,7,10,24.216594625568391,9.565216064453125,169.93332866594574,174.86707283990108,-4.9337441739553469,175.08158214187279,-5.1482534759270493,180.11378083710406,122.23470025289862,406.45230383425951,201.28560161152831,145.24750788741693,137.85937282974692,171.22845114799267,162.81988549342128,200.77600522505537,194.91191470788732,231.50483876028539,227.64220353012828,257.41593776248823,255.95747841331607,-1.4199924717393344,-5.4570129895921298,1.7205322456860586,7.1775452352781883,-4.5802913596045585,3.6749776280471451,8.2552689876517036,-0.64647227408951835,5.2470939814345172,5.8935662555240356,0.98516388782408626,4.864125269569314,3.8789613817452278,1.416150760917958,2.8211953796780733,1.4050446187601153,85.609847624014947,74.127906115896621,11.481941508118325,73.628690556415677,11.98115706759927,87.201813664629299,59.576884359354835,156.27360478101764,200.59641908775879,146.5353678241118,141.80829579076547,173.86192157555777,164.28144802580562,199.63080871393441,193.90098109968798,227.43464967163169,219.85931220825509,252.40074314161259,242.83625762326136,-1.2886323461247002,0.76392697627110806,5.5972290256206065,4.8333020493494985,-3.3445935557638222,6.3696276087206343,9.7142211644844565,0.9101473524839605,7.4636291228630682,6.5534817703791077,0.45263924933206567,7.8541406493291106,7.4015013999970449,-4.1587080746662934,6.863980633279283,11.022688707945576,84.323481006540533,100.73916581309095,-16.415684806550416,101.45289239854174,-17.129411392001202,92.911967084930438,62.657815857728565,250.17869878560305,201.93583919315577,144.30643193385473,134.40065532153773,170.21048291244824,161.59523559793527,201.78579437894962,195.78934767831868,235.50283337305882,234.60545546984761,264.30502639640912,262.07384363559493,-2.02623907861323,-6.9659717790553941,0.39798849798478386,7.363960277040178,-7.0919414732640007,1.1552443755534512,8.2471858488174519,-3.3319383295460057,3.2508752917780157,6.5828136213240214,1.3523957903989015,2.5544802501237029,1.2020844597248015,-0.15159626171555374,2.3632032742718252,2.5147995359873789,0.13136012561463417,0.73760673248852981,6.2209399658632378,7.7298987553265022,1.2356978038407362,3.7473479175001785,1.5566196265734789,4.2420856820299662,-0.53252463849202059,-0.89975654106683578,-5.5748588355842514,-4.0071118129507397,0.38448202484476968,0.48414848247228304,0.48739747580754633
2778,2017,112.07551266263847,38.475175995494226,7,10,24.216594625568391,6.6363677978515625,178.96286863452769,170.28461685806178,8.6782517764659133,169.90730212743802,9.0555665070896794,188.19362901719978,120.34661430798315,437.7758288551122,204.02508071606303,152.22194261224095,144.90767105254693,175.08313870111868,167.54000055313412,201.88326158167817,197.92745588530272,233.3967487247663,229.68370733922794,257.11470467452068,256.46088105994153,-3.1779669886241493,-7.8765050921376769,-0.57454337330426597,7.3019617188334109,-6.3294041300630681,1.1142978131106247,7.4437019431736928,-1.4412588174810708,2.4764468492444962,3.917705666725567,-1.2745647076689011,2.5248136064497544,3.7993783141186555,0.23012778899811792,0.89093940575696706,0.66081161675884914,102.1473578530622,81.509449778190174,20.63790807487203,80.612149047070488,21.535208805991715,108.94529751457867,65.411554457687089,184.7178921565428,201.45400447666191,148.84155656084121,146.94598820057902,174.06198708856667,168.10758235764769,199.38313845972667,195.81775623730687,229.10162924489245,221.64837051559553,252.61155866654533,243.35278882858901,-1.1032326573158855,2.4805989589680166,4.5844710906734463,2.1038721317054296,-1.4948017524710906,4.8987544430173102,6.3935561954884008,1.3382334938957854,5.3899522135945688,4.0517187196987834,-1.4566873949920307,5.570024630147401,7.0267120251394317,-5.79407655663681,4.8528559758061647,10.646932532442975,76.815511057136973,88.775168076894261,-11.959657019757287,89.295152722739658,-12.479641665602685,79.248331778292595,54.935059906175411,253.05793738923967,207.36591710605333,158.37148870948508,142.85514719959457,175.76250056729381,167.03916419505092,205.17466608863441,199.96844281050298,238.24526630894883,238.01540573375212,264.91101212140524,263.0659744974634,-6.3810052521745604,-17.594606308586947,-3.9431004435018053,13.651505865085142,-11.850968460463235,-3.2631532961932237,8.5878151642700118,-6.2221978114532135,-0.40404597254607211,5.8181518389071414,-0.89427131743772748,-0.3656609620509812,0.52861035538674628,-1.5531205980139475,0.80033202693130079,2.3534526249452483,2.0747343313082638,5.2777725948586749,10.357104051105694,20.075205267554963,4.8346023775919775,10.356166707992145,2.7794923113768562,7.5604313053489989,-0.18212268732312964,-0.56241607755430323,-6.0242043456349279,-4.2409559586228625,0.42194630215108947,0.57890003016319813,0.54352633710400977
2782,2017,113.07551723692032,38.475175995494226,7,10,24.216594625568391,7.6999969482421875,207.22049726604382,203.98186284584881,3.2386344201950124,203.84105237585754,3.3794448901862779,216.25603664994924,108.16129926660142,404.24521555751562,195.25571963040773,137.86090078487376,130.1570614917818,165.79497771087043,157.45929923747792,194.10063621106443,189.92756249608487,226.72723461085465,223.28004890866413,252.58630436907072,252.38874266232253,-0.4287761471571514,-4.6088184177056917,2.6642462976346053,7.273064715340297,-3.8981495598612241,4.5503145409063848,8.4484641007676089,0.86756940692214357,4.9598118941095777,4.0922424871874341,1.1112751209748524,4.4515837322054495,3.3403086112305971,2.7946590212100375,3.0028408805486038,0.20818185933856626,142.21744034937365,130.60828811364627,11.609152235727379,130.1035424143156,12.113897935058048,144.12741576321753,76.417037351011004,229.89567727630492,197.12212969270249,141.59978892553994,139.34717414935139,168.99784658397616,162.09837505822676,195.6196100440666,188.72488841919437,226.34275227045887,216.57125541434459,252.01895566994429,239.54624557863804,-1.6633090218901714,3.2744399629926022,5.7767294628666264,2.5022894998740242,-0.58395977732598681,6.6846958767769422,7.268655654102929,-0.040395115850913044,6.7936605986916732,6.8340557145425862,-2.8872869810824113,6.8651643496484382,9.7524513307308496,-6.5813286463805412,6.3771181400533692,12.95844678643391,65.003057173715206,73.373573110956386,-8.3705159372411799,73.737508870776765,-8.7344516970615587,72.128621093857873,31.744261893145449,174.34953840263188,191.29292996172626,124.56321461090072,121.60899188407132,155.74642532814585,147.4749922054086,192.33788992240304,192.99489061263077,227.97972862694942,238.63120736104716,257.00274824708265,266.53832424390919,2.4738356327689246,0.020568308785328782,0.18321612144184485,0.16264781265651607,-8.9571280466192889,-1.3295209301634827,7.6276071164558061,0.85344415657374384,0.21584817125534528,-0.63759598531839856,10.714102710563793,-0.30637077927374889,-11.020473489837542,9.7544859177129979,0.45460585247434437,-9.2998800652386535,-1.23453287473302,-4.137144654659096,7.8832583806982939,3.2538716542072734,3.3141897825352373,8.373168269293302,-0.90796452277305661,-0.89383927242465688,-3.9985621020572637,-13.601389691646204,-9.3759876675905787,-16.335814564093539,0.56870352060751994,0.66646655508865471,0.70650997971700069
2801,2017,100.32545891482673,38.225174851923761,6,10,24.298954042915344,2.3478240966796875,117.23444809107968,111.18741022311588,6.0470378679638088,110.92449680991558,6.3099512811641034,136.18899637136838,106.10286996353716,293.18053088709712,199.77530855925804,147.11708190835208,147.93652283188871,172.6031508153801,170.25407057488601,198.01093765769932,199.62386309103786,227.04656705015259,228.00531027641532,253.46317017794181,250.80246823087251,0.70739357466862884,1.5471764681208526,0.71892205457120895,-0.82825441354964369,-1.2977164843317439,1.0117665485742293,2.3094830329059732,2.9204600242405832,1.4028327323075587,-1.5176272919330245,2.1504534785554767,1.1232486031369433,-1.0272048754185334,-1.9155286373322156,0.79155825049849682,2.7070868878307124,57.846443119271498,43.978334429790266,13.868108689481232,43.375373033406504,14.471070085864994,58.628617117925387,56.714819448647631,119.63423916883767,207.44261373593545,173.63866183079489,171.81826395744068,188.03338630485004,188.08732285585489,203.36181009643175,207.19283156592914,226.35256028494095,226.77380946447212,246.90294972797864,243.49986838947694,1.8765118220138106,0.45720916524163613,2.1998543147717271,1.742645149530091,2.3930856834447525,2.2041032792672297,-0.18898240417752277,6.0656330515551531,2.1893538787406328,-3.8762791728145203,2.5772608846220066,2.0634931681003081,-0.5137677165216985,-1.7093427557105656,1.8643688012176369,3.5737115569282025,59.388005018374315,67.209077517325568,-7.8210724989512528,67.549123722736113,-8.1611187043617974,77.56037933726202,49.388050404102614,173.54629169777036,192.80891012789689,139.20864193700965,140.77221620510664,152.2433813425676,156.73449902693716,185.6527929275467,187.05811609029413,228.32864116488989,229.79227491210528,258.28201177662913,256.28728663318685,1.0618145271778872,2.3690850942946611,0.41828022362255979,-1.9508048706721013,4.965740243078443,0.61340376020925191,-4.3523364828691911,1.7066712565214175,0.24043232713191287,-1.4662389293895046,1.3573673584493235,-0.22134838152877023,-1.5787157399780938,-2.004978474619918,-0.025978515545943992,1.978999959073974,1.1691182473451818,0.81469729483592346,-1.0899673028792165,-1.9118759290530249,3.6908021677764964,-2.5726545596336905,3.1451730273145699,4.3589617950337356,0.42680740606652989,1.2198935261726831,0.20618588162164997,0.29563571890935236,0.40805656094165554,0.43049452364017232,0.53452672362338549
2802,2017,100.82546120196764,38.225174851923761,6,10,24.298954042915344,-3.2608642578125,96.479721486539347,89.802917293163773,6.676804193375574,89.512621440640942,6.9671000458984054,125.77668351668399,110.66487975283235,321.61714158765972,194.93966993313964,140.64695511192045,142.40705931384278,164.94198663254375,165.76375845978487,194.03832423607716,198.31207276877865,224.44063379748792,227.70989330203903,249.21426194197224,249.71011543274989,1.3062271987909071,1.4198857080685627,-0.36208878282195656,-1.7819744908905193,0.10312530767876638,-0.68374495729750606,-0.78687026497627244,2.9517923964198474,-1.3787490867292433,-4.3305414831490907,2.0377941332421017,-1.3132501672533579,-3.3510443004954595,-0.30591144476403542,-0.7782478148704115,-0.47233637010637608,42.700795416269102,32.105302018635484,10.595493397633618,31.644628361958894,11.056167054310208,43.124623914263793,52.948624192842544,99.796352236531675,203.70913214702486,171.80786079353908,173.92522544328105,184.99130675517367,190.17787448816458,199.44425482622734,209.82703376450038,222.40382393109485,229.05148710207888,240.92810226793637,245.75830776010639,2.9934976640661546,-0.76524001107762274,-3.0546917917117185,-2.2894517806340957,2.1484355735871645,-3.0895781493506149,-5.2380137229377794,7.1615062305253048,-2.9855756182014943,-10.147081848726799,3.9652369838205175,-2.7937398087999838,-6.7589767926205013,2.02707014814834,-2.3351103309601342,-4.3621804791084742,53.778926097744261,57.69761478797227,-3.9186886902280094,57.867993024259704,-4.0890669265154429,82.652059764470323,57.716255478033418,221.82078946940601,188.93752675704644,136.40857072400024,136.56233682194016,148.26932718597419,152.51279336227239,181.96012471780548,184.04304077553201,228.04213735149835,226.01758270513045,255.07912328350602,252.41046024648625,0.75193644206856902,0.020208009931508286,-0.21642045835463364,-0.23662846828614192,3.5044989199248562,-0.59682173862677246,-4.1013206585516286,2.1246223847631995,0.25992409525301241,-1.8646982895101871,-1.6500039938615316,0.55045174303543831,2.2004557368969699,-2.7337833234140021,0.10868664505758829,2.8424699684715904,1.6872704652752475,2.2415612219975856,-2.1851257191461855,-0.78544802100913103,2.0453102659083982,-1.3560633463376917,4.2097138341054574,5.0368838457621052,1.9274428505784158,5.6152409776820491,2.3329815929123754,4.7608534715623421,0.31029550148940449,0.34286660061714386,0.47845914901911218
2815,2017,108.07549436551108,38.225174851923761,3,10,24.298954042915344,9.1999969482421875,177.37402760982513,150.25189161300659,27.122135996818542,149.0726672410965,28.301360368728638,184.42162678604018,84.519708260893822,467.63524625077844,205.97554698768164,159.51601576958601,157.72165899626458,175.92524119970503,176.71699910327132,203.08476225211925,203.97190621989137,230.14069075907307,234.08559757204446,258.53211987564765,258.72942240514868,3.3427051189938481,-0.23975579428974925,1.120939372742555,1.3606951670323042,4.1851389330560664,3.0257164879836012,-1.1594224450724653,5.3299666322907626,4.6865958507948733,-0.64337078149588933,7.3092500797508251,3.6644982775821404,-3.6447518021686847,2.6648801972975207,2.4692902834490837,-0.19558991384843694,101.17081461660564,77.135487973690033,24.035326642915606,76.090474486351013,25.080340130254626,107.71403075368562,42.415537992492318,191.7775760787772,204.23448350277235,161.92010936674995,155.98761732819216,182.18757224507934,174.66999542935025,199.95449639801544,200.03764978060642,225.7450220318911,225.76865258571678,252.08788737794745,251.00048291905989,1.5156097582340919,-3.6916602129513478,1.5600672021039657,5.2517274150553135,-3.4231877383577967,3.6933062060721227,7.1164939444299193,5.7817073250665487,5.4012996954000414,-0.38040762966650732,4.372593320954195,5.1392647173621242,0.76667139640792925,1.3180133839138648,3.9261349319133103,2.6081215479994455,76.203212797641754,73.116400957107544,3.0868118405342102,72.982191950082779,3.2210208475589752,76.707595836776818,42.104170434176922,275.8576699718833,208.17554051343512,159.10642113615751,160.13044795753154,170.69239315018552,178.47950684067206,206.76543633626412,209.12382558541887,240.28133180039467,240.64755639420582,268.07454995543594,262.88040284766095,4.2120099472222705,1.6451272700593904,-0.50090083361573079,-2.1460281036751212,10.995874401087036,2.563440718031444,-8.4324336830555922,6.2958003263456419,2.5575261782927043,-3.7382741480529376,2.6207957363502885,3.0758956968601581,0.45509996050986956,-4.0016857457500805,1.3404105281547345,5.342096273904815,-1.8270953607597562,-2.6964001889881786,-3.4519044186615986,-5.3367874830107382,-7.6083266714138631,-14.419062139444833,0.4517406927757861,-0.51409300127909319,-2.9366567587966301,1.7517975846039064,-1.3468668133836559,5.3196991296639453,0.4101007732337027,0.58406398767239942,0.50184198295579585
2816,2017,108.32549550908153,38.225174851923761,3,10,24.298954042915344,18.421051025390625,202.40076753915491,177.16752212517895,25.233245413975965,176.07042610480858,26.330341434346337,198.77864193026471,88.584008931597054,493.17304067313671,205.15815749676756,155.76018494638924,153.4322541532255,174.08388432755464,172.31389856628749,203.48589761358011,198.85371854049509,231.35182296710838,228.75978947800641,258.36231176025353,254.76271452527772,2.9947626443423871,0.62410306033112306,2.2327988561947336,1.6086957958636106,4.5335512946018355,6.129764631552149,1.5962133369503135,5.0627065995606984,9.7125781400854123,4.649871540524714,5.4146934466346579,8.2166006051010925,2.8019071584664346,1.6115325113232188,5.0777590121317075,3.4662265008084887,128.10723597277683,88.601113628410531,39.506122344366304,86.883457691445074,41.223778281331761,124.981126866267,46.643250475164677,216.67806194711011,203.24212417140669,151.82916287820322,151.84899483547943,179.64665096128394,170.79801941336652,200.28199593103005,194.74119744217151,226.36572609382924,219.85032108621286,253.36340946980766,245.16478374379832,1.9563553657686441,3.7171207889236939,3.0375275480549249,-0.67959324086876904,-1.3993783005231535,6.5816100308190073,7.9809883313421608,5.4311136222522123,11.340965623907266,5.9098520016550538,4.7657133913774601,11.268462461730905,6.5027490703534454,-0.60540405501063788,8.4644959355999561,9.0698999906105939,74.293531685587368,88.56640929358764,-14.272877608000272,89.186968472968147,-14.893436787380779,73.797515183206997,41.94075838146091,276.49497857689857,207.99937848897997,158.50912953051414,154.38824208190709,170.48647302959827,174.33533950937274,206.74221047818213,204.03181214946349,242.30904305292952,236.35629788012912,263.57254913249886,260.60732575363568,2.6985626067256021,-0.86060403525115703,2.1185073292912193,2.9791113645423764,8.9906771683606053,4.9875449050380212,-4.0031322633225841,4.3384528437666745,7.010236496610105,2.6717836528434304,-0.34472166431228857,5.9350158168533937,6.2797374811656823,-0.43273017629303467,2.8315461558868265,3.2642763321798611,-1.038407278573743,-0.742207240956958,3.0930177285925708,4.5777248241748509,-5.932929595124989,-10.390055468883759,0.36840702269151393,1.0926607784855378,-0.64898005525719782,5.1104350556897487,-2.2169365663338567,-0.1726738787176032,0.43935504189637797,0.62874524975431079,0.52654255590511534
2817,2017,108.57549665265199,38.225174851923761,3,10,24.298954042915344,18.894729614257812,194.27644872507881,185.05449955317818,9.2219491719006328,184.65354758244212,9.6229011426366924,190.28938558221853,101.668271681443,490.84929212927818,204.39878934383194,149.33238704008338,147.00574885697372,170.79948180889642,167.97178828462816,204.50120402541592,197.305680117517,235.23579894016001,228.76815848913157,261.6505548145127,256.12571639100537,1.4363386592285394,-1.5010352911337179,0.12456441071839208,1.62559970185211,2.4805272222008625,5.5643435163489698,3.0838162941481073,2.5359647083683399,9.7190951819995917,7.1831304736312518,2.0273678668807804,8.6987345608523015,6.671366693971521,0.35462423555247824,5.9456729250933336,5.5910486895408553,112.63541174720012,86.261155402293298,26.374256344906826,85.114449250915641,27.520962496284483,109.81117230992277,50.181852372428693,184.8612528888043,200.24164025278262,146.02206643373356,144.10248432113386,171.06048823021686,164.54043043958691,199.95453635973732,192.55673951722423,226.64107552619316,219.01335427593276,253.19219752248799,245.13706438947474,2.7756164433101276,3.9047086980432368,5.0631073159865139,1.158398617943277,1.1850312993441037,7.151667666156527,5.9666363668124234,3.5892818509546203,12.062508735164641,8.4732268842100211,5.1382821126066744,12.617122212960254,7.4788401003535796,1.098437534376643,10.306423788255984,9.2079862538793407,81.641037184632296,98.793347539723982,-17.152310355091686,99.539098733857827,-17.898061549225531,80.478213479049373,51.486418784214038,305.9880393370986,209.43888847958092,156.69195688409377,150.58189605197938,170.78858008278334,170.95572368650835,207.22408215299856,202.74000301040687,244.50746356202239,236.57421886468754,268.60119978462035,262.93409585104763,-1.3773905247815037,-8.8608907935073091,-5.1925221695062191,3.66836862400109,4.3090904498006353,3.4542480261557387,-0.8548424236448966,2.2473472804244068,6.3003884183198693,4.0530411378954625,-2.4200184746946434,5.9329954704324734,8.3530139451271168,-3.4548635110687087,2.3561125665144687,5.8109760775831774,1.3392777840815882,4.1530069680916313,5.4057439891769548,12.765599491550546,-1.2954959228567589,-3.1240591504565316,1.0533171425862804,1.3419345705302135,3.110914245725894,7.5583005873013178,0.7438132988241648,4.5533010454453517,0.37661509520954178,0.57707460652069076,0.49358419831964284
2818,2017,108.82549779622246,38.225174851923761,3,10,24.298954042915344,17.899993896484375,212.44506886177987,211.61795209512275,0.8271167666571273,211.58199013324338,0.86307872853649314,206.01835335663054,110.98269807225734,504.46634585410357,204.77666097407658,144.1386929002434,142.77949583334438,170.05124795269481,165.36197825258748,204.40293447587405,195.87303517138596,240.8041699949467,229.45160779140443,263.87978427265517,258.1122155127004,-0.34683003594730621,-0.96236680880585368,-0.20357867645233796,0.75878813235351572,0.16112449050547184,5.3326007320298743,5.1714762415244024,0.51916605525383375,9.149155502793036,8.6299894475392023,-2.956894582646953,8.3825141795635432,11.339408762210496,0.50415082670212996,6.2619861100123444,5.7578352833102144,112.21899972805113,101.54644405314866,10.672555674902469,101.0824198594546,11.136579868596527,112.04112254032225,55.133939347739215,184.30721730459481,203.76029692482717,148.13758040965575,141.41608457864402,176.53498279213704,162.50771490878031,201.71166844067503,190.35687773735282,230.22418001056792,218.04572139720344,255.33834709491987,243.96477414609868,-1.2356682726450288,0.44602978286195594,7.0240680928818904,6.5780383100199344,-2.9566354508446864,9.4048238973052491,12.361459348149936,0.89406893906081564,12.597401283241652,11.703332344180836,0.48562265377015024,13.134899479212407,12.649276825442257,-0.899636037730005,11.842615492531678,12.742251530261683,100.22606939077377,110.07150707339861,-9.8454376826248335,110.49957030955193,-10.273500918778154,93.977231073353323,55.848758578300476,320.15912850946188,205.9107147491342,141.31620734760673,144.07829802546689,162.52583113977241,167.78423481279845,206.69994257724173,202.54794731204242,245.81025826088228,239.88775876869715,270.57031972092614,265.99054898703014,0.54203304488947879,0.54324480453701085,-5.625065675039167,-6.1683104795761778,7.6801354067062846,1.771075666512445,-5.9090597401938396,0.23569219256376073,4.5553999175288027,4.319707724965042,-2.4451831824685542,4.3723940560222445,6.8175772384907987,-1.6134067963604934,3.6338566067645388,5.2472634031250323,-0.88883823669772255,-1.7777013175345076,1.4083965916678096,-0.097215021675054913,-3.1177599413501582,-10.636770857550971,0.37490288380698189,0.65837674649705491,3.4425172364171033,2.9308058362387044,-1.403786864432135,0.71377075863048844,0.36535086794055077,0.54384049146520519,0.49677959092185026
2820,2017,109.32550008336338,38.225174851923761,3,10,24.298954042915344,1.6666717529296875,181.43859067359153,167.42984458711726,14.008746086474275,166.82077042846504,14.617820245126495,205.1082799126284,137.66615577254561,520.97477651014924,198.82774682790671,140.19390128222489,138.37829874906438,165.79707667806392,167.15786842272931,198.53878257865568,201.14357673140532,229.95017664942506,232.00107508267453,258.01668312933839,257.64890822630957,1.4719373639314028,-1.0080349948202922,0.27570659314221757,1.2837415879625098,1.7480783913181313,0.48873635503647961,-1.2593420362816516,3.4897362314755753,0.99216024900877642,-2.4975759824667989,2.8312063965368566,0.73846282847512157,-2.092743568061735,0.26507071061354281,0.56939318800260708,0.30432247738906426,112.08164017382478,90.298093479097588,21.783546694727193,89.350981286741444,22.730658887083337,119.07092960726459,78.258646231000967,210.72367977630347,199.58898226372722,146.8686068370076,148.15877964028866,171.52568806828054,171.72194484353463,198.32991038970647,200.94335675754533,225.84129012765175,226.70895507225137,254.01019549619031,249.78521743699011,1.0363690370172094,2.0117469451212742,0.81940768044881906,-1.1923392646724551,0.91983791290940076,1.1107607189944986,0.19092280608509782,3.5368989346522142,1.3266953280405005,-2.2102036066117137,2.0790877549470963,1.3411654567082394,-0.73792229823885691,-4.065039261398141,1.0735052207210174,5.1385444821191584,69.356950402909206,77.131755200161933,-7.7748047972527274,77.469789752671204,-8.1128393497619982,86.037350283012074,59.407509579728867,310.25109666213393,197.79495503446228,126.70259420264783,131.60721311252567,158.92220877698946,159.03630504149766,202.94547716593198,201.39612458908647,238.68883104821342,238.4194217833751,262.27251471338673,263.53144835624386,2.132593534122293,6.8853522321452232,0.37202553172093644,-6.5133267004242867,3.2827867723164843,0.06982283035441128,-3.212963941962073,-1.060129410476577,0.56575262877228738,1.6258820392488644,-0.27063415419991088,0.25262982958093971,0.52326398378085059,1.0530722160100368,0.37327512170611499,-0.67979709430392177,-0.43556832691419345,-1.0962244971050836,3.0197819399415664,-4.873605287023949,-0.8282404784087305,-2.3629488594070835,0.047162703176638843,4.5970283451287912,-0.75211864158976027,2.3497219091470072,-4.3301099720116838,-5.1181114774081777,0.40447962027620027,0.58052717158949496,0.56846685223273941
2821,2017,109.57550122693385,38.225174851923761,3,10,24.298954042915344,1.3000030517578125,190.7403281932493,175.1271685867614,15.613159606487898,174.44833429677237,16.291993896476924,218.29338022934462,142.35526444111383,545.77885266020894,198.56601144903436,140.21104546945082,140.04972729272779,165.0214916791403,167.18685704129499,198.23191080845464,201.08982754562797,229.82247564659781,233.01100069528917,257.77206391580643,259.07376127737052,2.159398050193289,0.15486444677372901,0.086589296360557455,-0.068275150413171559,2.4689138391866265,0.2156268006776827,-2.2532870385089439,3.4343846366205355,0.62511956280039271,-2.8092650738201428,3.5434829784716158,0.47132582308748283,-3.0721571553841329,1.7917060653023782,0.34940613397810694,-1.4422999313242713,115.1479199627156,93.216194012227788,21.931725950487817,92.262640903099964,22.885279059615641,123.49341972315551,77.085803593051423,216.32709664851427,199.73209619934849,146.59828383936204,149.37821429696316,171.59204090285829,170.51182849108216,198.05471258452846,199.39800289572619,226.24107414417475,226.17606729575488,255.07438155663294,250.13312621022925,0.084899620882708859,3.2043987688780646,0.82189302074505122,-2.3825057481330134,0.04107865559527113,0.90120627990472713,0.860127624309456,1.9295985127860718,1.0449094051997747,-0.88468910758629704,0.8453632348640383,1.013010721829545,0.16764748696550669,-5.5425513892976142,0.82593610609441726,6.3684874953920314,75.592407312622527,81.910973149981146,-6.3185658373586193,82.185694496358337,-6.5932871837358107,94.799959609139478,65.269461305713776,329.45175578445196,197.10481843260047,127.82020205918856,134.08996161248922,159.09939580507921,160.47742675959245,202.12674416817035,203.02970981068034,237.87751573202146,240.306224597327,261.60172907577339,265.32660844680146,4.0406951156353728,7.4059191955756916,-0.33856222993949814,-7.7444814255151897,2.5404967494033315,-0.34851219658727928,-2.8890089459906108,0.92755098182561824,0.14396557308600677,-0.78358540873961147,1.6803226003305838,0.0077895776528578153,-1.672533022677726,2.9614731913201808,-0.053079250539497025,-3.0145524418596779,-2.0744984293105801,-3.9557954947526639,3.0495343221043356,-4.2015204266976269,-2.4278351835913554,-2.4994180938080603,-1.5047861238344638,1.0020475309604535,-2.6981197436075774,-0.83495936546654548,-7.3342574545999923,-8.504024580617795,0.39636401372846014,0.56572223854617198,0.54150300584730715
2822,2017,109.82550237050431,38.225174851923761,7,10,24.298954042915344,25.636367797851562,253.99137391550903,234.78649984702497,19.20487406848406,233.95150535882567,20.039868556683359,236.43021275193223,107.67582547869097,584.08336980640888,204.54914361937065,151.93937767594764,148.59815077318888,173.34710851791024,166.02997069301321,202.76956852684802,193.05138121074262,233.95718643964636,226.46644366150323,260.58678549599546,255.98735637199883,1.9954058868739253,-0.22634796420604175,2.3975281322192927,2.6238760964253345,1.8208018703733728,8.7586861653303458,6.937884294956973,3.0432144075185761,12.809014056287708,9.7657996487691321,3.2235711559362983,10.69350872999425,7.4699375740579512,2.2512615798767683,6.8530114525391355,4.6017498726623671,146.44342922213764,114.14595356738209,32.297475654755544,112.74171579734684,33.701713424790796,136.63499014859008,52.990870851530644,218.67616619711043,202.3015359944599,150.16385675616215,145.61344767665469,176.82065135059804,162.62392230038213,198.90400847366408,186.48713637624368,227.7891759648671,213.4266933291253,255.57465560196223,239.65562420510204,-0.012238242576273706,3.1782814624451987,7.3878988119367364,4.2096173494915377,-3.8133808759737349,10.022921169855948,13.836302045829683,2.7490528336732325,15.44106959893324,12.692016765260007,1.8201556942066759,16.031824954409643,14.211669260202967,-3.4221441639955401,14.345828852708877,17.767973016704417,107.54794433574352,120.64054606289938,-13.092601727155852,121.20978959128115,-13.661845255537628,99.795222394725897,54.684954640706565,365.4072033315897,207.30810305212486,155.78058364566698,150.9985912757175,172.12005810840023,170.39400486791837,207.48644993799175,200.68367844262076,243.45706616251633,237.5171793393813,263.48304971337501,263.09299013578391,2.7326192653126213,-3.0781210420092862,-1.9570333730805203,1.1210876689287659,4.401492426117386,6.3428008411658539,1.9413084150484679,3.204580172392923,8.7721013294004706,5.5675211570075476,-0.11910192472277004,6.3750464161635136,6.4941483408862837,3.7998873005216183,5.5381844816380976,1.7382971811164794,-2.007644129450199,-2.744857507888895,3.4046294266512405,6.2564025044544849,-5.6341827463471077,-8.2148733020911209,-0.29416157384534358,-0.45552733871969053,-1.4034154617296224,1.9392576189294459,-5.6734057438723084,-7.2220314645171584,0.37439204315916308,0.57790833311117695,0.49213340706654279
2823,2017,110.07550351407477,38.225174851923761,7,10,24.298954042915344,21.31817626953125,214.48699635372759,204.27349187740401,10.213504476323578,203.82942742919477,10.657568924532825,208.54467579455377,107.24220727918873,547.57394601404667,205.01243506119192,153.86124337908828,148.16239360888366,174.2064051993562,166.97342789427927,203.71501201385283,195.01922679082577,233.80232128523681,228.62669613769518,260.68669864514607,257.74252102353171,1.2565957136015697,-3.3846131048970278,1.112412726569346,4.4970258314663738,0.61630900166360902,7.5166117114550559,6.9003027097914469,2.0206537976190475,10.673393377458154,8.6527395798391069,3.4356197710377216,8.7313941451675703,5.2957743741298486,2.5361880018090801,5.5023493111594917,2.9661613093504116,109.61604624689426,92.889181788485075,16.726864458409182,92.16192698290979,17.454119263984467,105.29355909204241,51.670264397689152,173.92094349906802,202.70770192162354,151.36319658200907,145.26182762691937,178.13481432941299,163.84952744111777,198.44109118384509,188.69329267327919,228.09356640017802,215.86990277816801,255.05041989066535,242.49996855621546,-0.079563732003151699,0.94626187330871403,7.1023830045131717,6.1561211312044577,-4.6620448492984679,9.0600937614088082,13.722138610707276,3.8843715649464343,13.439095915407705,9.5547243504612709,2.0957713654526913,13.733995787191162,11.638224421738471,-2.4286922990463893,11.939232321814416,14.367924620860805,104.87094953686392,111.38431117805885,-6.5133616411949333,111.66750131597109,-6.7965517791071761,103.25111613254194,55.571942996528378,373.65300207957625,207.29018832569901,156.74237617899669,151.47830976349158,173.23685473036235,171.0732199556887,207.13976789181211,201.53917037748997,241.91761026187697,238.65953339842287,262.79288190797524,264.46003080806997,1.5605098197331699,-6.5024426776264477,-4.5988855027574971,1.9035571748689506,2.5285764766474017,4.5779386685316581,2.0493621918842564,2.1222681240584507,6.9374575020735278,4.8151893780150772,0.53888843951241938,4.4071134328414701,3.8682249933290507,3.7902073067539277,3.6251836324667011,-0.16502367428722664,-1.3361594456047214,-1.6400735517363216,4.3308749782057419,7.4487045509351617,-5.2783538509620769,-7.1906213259458696,1.8637177673273868,1.7621034408879837,-1.3398484055850304,1.5568829259402719,-4.9648803008554694,-6.218899605800317,0.31762092547516224,0.50489689411093663,0.48180903497420097
2824,2017,110.32550465764524,38.225174851923761,7,10,24.298954042915344,18.347824096679688,207.25195950971101,207.63845936231519,-0.38649985260417452,207.65526565231994,-0.40330614260892617,204.70900324983086,112.22678817782071,524.48066701740026,205.87827226565082,151.19898036976127,145.634833075242,173.90109378624794,166.36725696808415,205.1359273153395,196.17201258592976,236.60246184608397,230.98101663291357,262.47566592632541,260.52382164389098,-0.96168658200960522,-4.7023513216049366,0.29269501958242472,4.9950463411873613,-2.1422126059471509,5.1661413011034085,7.3083539070505594,-0.79677069928166588,8.1867490967224512,8.9835197960041171,0.94356200543600721,6.6614434956647131,5.7178814902287058,1.9824241318510758,3.8607745972238945,1.8783504653728187,92.786788450715903,86.036996768480094,6.7497916822358093,85.743528219478321,7.043260231237582,91.790465745926667,39.977475254168894,143.84789661178365,200.91412725456118,149.85130022923201,143.10678407751956,176.25817105549908,160.69776155101653,197.12771422046933,188.02570170937366,228.65570488420443,215.01279148672074,253.95561185389133,239.53650320941654,-0.41898665559955361,0.92794276796257691,7.5256342139890933,6.5976914460265164,-5.0060832071453945,9.4403732629315584,14.446456470076953,2.9511132301668397,11.965945446853794,9.0148322166869548,0.4519732895613231,13.93484723953955,13.482873949978227,-3.8131604349950408,13.405356880039562,17.218517315034603,114.46517076858436,121.60146268712924,-7.1362919185448845,121.91173638198597,-7.4465656134016172,112.91853715388879,72.24931260358062,380.63277004286647,209.4108247950044,155.26083514810415,148.24070707072326,173.4300430395686,169.76650904622812,211.51968770393938,202.89204851585762,244.83909651972368,241.59239928343015,265.03375817813276,267.43675480648722,-2.039333825190198,-10.22534630489659,-4.5738736058906397,5.6514726990059501,-0.57877711544503541,2.7595922210397532,3.3383693364847886,-3.4176022046868297,4.2911802418829552,7.708782446569785,-1.8622728173339453,2.2470927789697726,4.1093655963037179,3.3967407959547131,2.3540373705363322,-1.0427034254183809,0.5426999264100516,1.6203471695906444,5.6302940895675135,11.153289072859167,-2.8638706011982435,-4.427306091700359,3.7478839294485056,6.3687154348536694,-0.49158871587468411,2.3142461068952684,-5.7955845668461166,-7.2099012309497539,0.2742673003178806,0.44839486436218828,0.35622043456171554
2825,2017,110.5755058012157,38.225174851923761,7,10,24.298954042915344,19.611114501953125,176.06674804745853,187.09376987808719,-11.027021830628655,187.57320474170047,-11.506456694241933,172.4198924901666,116.08589381517231,470.93496070429683,207.64986910249056,153.95096483153097,147.28044321058013,175.03400585696016,167.82176496512182,208.14369056719858,197.41607285571467,237.67545813849333,231.06193354895117,262.61405324320799,259.47069036717812,-1.3106199907305154,-5.7495919793437906,-0.016316297390460477,5.7332756819533301,-1.3267809582492589,5.460856096758306,6.7876370550075649,-1.6689439371895674,9.0582195333441859,10.727163470533753,0.93856784698454021,7.7278906787949211,6.7893228318103809,1.7709385522325078,4.8860057513707034,3.1150671991381955,69.178244228144649,63.223198892312212,5.9550453358324376,62.964283630545651,6.213960597598998,67.820192556436268,45.979407586487469,124.51882393332198,205.29495932121196,151.08738089697107,144.03524836100721,177.25342008815039,163.04245841320397,200.59112509299126,192.21751246299269,232.60529266745021,220.46112892596253,256.46333388085873,244.54557948631998,-1.7556574877778246,0.52159375171342504,7.9161422737034854,7.3945485219900604,-4.9708636578227754,8.9554428665172452,13.926306524340021,3.2882510367302018,12.520523631408054,9.2322725946778519,1.1761415965151514,13.064441241560786,11.888299645045635,-1.1375560608564683,11.992429702586435,13.129985763442903,106.88850396584166,123.87056906849466,-16.982065102652996,124.60892097207761,-17.720417006235948,104.59970008025812,70.106486546887027,346.4161372743547,209.18380326750511,155.84804236555766,150.62717558017491,174.35989323902882,170.35468876370601,211.11922066715559,200.64041288459589,240.90151931147849,237.80365926903781,264.19940697275592,264.30400088458219,-1.8809330482113182,-8.0083374181251656,-5.7348210563732209,2.2735163617519447,1.1448136013744374,3.5958095667324983,2.4509959653580609,-3.3796839828533223,6.6454678793750759,10.025151862228398,-0.20741213485891308,3.6578449786109388,3.8652571134698519,2.4299913807821554,2.9834334055266254,0.55344202474447002,-0.44503749704730922,0.12527556043349364,6.2711857310572157,8.5299311698385907,-3.6440826995735165,-6.1156772591972128,4.9571949739197692,6.6679350195835241,0.23757374953061117,1.3835537313740645,-2.9084946130889762,-3.5675474416386237,0.26440768752249882,0.39334320174398768,0.39608091969980597
2826,2017,110.82550694478616,38.225174851923761,7,10,24.298954042915344,13.333328247070312,148.10694145446541,166.97948971376536,-18.872548259299947,167.80003580855919,-19.693094354093773,149.49657536030918,89.217385462374295,358.57705035433173,210.5192713324389,155.22193234368996,148.00843156332067,179.8866608141079,170.30529016142464,212.78465041873525,199.98337957403933,241.61842426039163,232.28703129706386,263.95561943209822,260.42389953279985,-3.6202828205833271,-6.3139403906302221,-0.34677792438881738,5.9671624662414047,-4.376873932409211,4.9592192226940313,9.3360931551032422,-5.7873141442260021,6.9971418763995814,12.784456020625584,-3.2740045786339635,6.0538617373629222,9.3278663159968858,0.35123834582731206,3.9983727030335672,3.6471343572062551,52.210251101048925,57.67046263406246,-5.4602115330135348,57.907864142243852,-5.6976130411949271,53.599877655597084,37.672547162288538,103.4134899568453,207.18987526873667,150.02600435913897,146.89363112144173,177.09734470293134,167.76147996725442,210.37896744160469,196.31450116307002,242.43265891636125,223.91272306329967,256.99249517852485,247.71860628946246,-1.6598319054416208,2.6147554866483347,5.3148552080186846,2.7000997213703499,-1.1210380785842631,7.3975850434192409,8.518623122003504,-3.3332578920482092,9.725938592155984,13.059196484204193,-8.4175927362536243,9.5394738217282509,17.957066557981875,-0.99747502467940308,9.0007016740225936,9.9981766987019967,95.896690193229006,109.30902717904428,-13.412336985815273,109.89217217295482,-13.99548197972581,95.896697544524613,51.544838007184808,255.16356013342738,212.58030556168598,158.05403091565148,148.52825933374965,184.61151287306669,171.18863375585445,213.19334803144213,202.08287720774319,240.86939000879929,236.89330377144799,265.84648834802169,264.82407810961899,-4.7933812386750674,-9.9760318265446983,-3.2517435420147649,6.7242882845299334,-8.4834442874542049,4.126060176059724,12.609504463513929,-4.9898822219224712,5.3839299116837935,10.373812133606265,-0.30818629720587865,3.8787819333306004,4.186968230536479,0.24322312353473308,2.1011551269075426,1.8579320033728095,1.9604509151417062,3.1335493332334465,8.9286958772785567,12.590787313193033,3.2558358538249479,7.3624062088699418,2.4540562521777929,1.656624329874262,-5.1435881576196607,-8.1094064390477456,-1.3487133705067151,-1.2406981482141362,0.28839963364821075,0.35853582282011032,0.42225567323059704
2827,2017,111.07550808835663,38.225174851923761,7,10,24.298954042915344,2.18182373046875,148.57548434671116,153.47116065908995,-4.8956763123787823,153.68401585502943,-5.108531508318265,166.2080775676659,102.16086957469452,405.16036282107234,207.80747711273702,153.94317314674043,147.87812230289094,177.83150171268778,173.59035270033203,207.52357856355647,204.69809120440587,236.73874022159413,236.45264467171552,262.26967835957805,263.13557386538764,-2.0397155312899713,-5.1471515009799589,-0.42002970732860945,4.7271217936513494,-4.0754508243756788,0.4310160632498139,4.5064668876254927,-2.0282087349658013,0.83451063151929361,2.862719366485095,0.33083947476774256,0.7476242336992982,0.41678475893155564,1.4670385328840894,0.7332496073553898,-0.73378892552869956,70.953598500741464,59.495788398347941,11.457810102393523,58.997623096258394,11.95597540448307,78.003988028703134,45.964393752115029,135.5316730682971,204.50743003754388,151.1041184239709,151.62042400197714,175.89198790337485,173.09754353124504,201.54219871707383,202.33092330552128,232.83064826994215,228.59255629591689,256.0706055679521,251.23968090881294,-1.1465631905263365,2.0035345507096167,1.4698616174909489,-0.53367293321866782,-1.0031616650063313,1.5861611615210336,2.5893228265273649,2.7023648130488596,1.7141722918735525,-0.98819252117530709,-2.5710008698810611,1.6913237296598425,4.2623245995409036,-4.9215678903160835,1.4299138486479706,6.3514817389640541,77.621886471140897,93.97537164843925,-16.353485177298353,94.686392907782647,-17.06450643664175,88.204090097078733,56.196475871685834,269.62869034707546,210.64057883238894,157.18978750426294,145.72442520084374,180.27800412674694,173.83168993082492,211.4911054164194,206.18584841444334,238.37212979613935,241.39765317397095,265.82377902859918,267.38658587352916,-3.7346847083116756,-9.4116573048477505,-1.1831604321635325,8.228496872684218,-7.5513923995905543,-0.43242601581772533,7.118966383772829,-4.7869794132468826,0.24011422360538859,5.0270936368522712,2.8877781092885186,0.033447846620617838,-2.8543302626679008,1.0642657588966813,0.051918753584232036,-1.0123470053124493,0.89315234076363481,2.5881215177853392,7.1506860516895756,11.415191855557367,3.0722891593693475,6.548230734584223,4.7305735480146609,7.4893442262957421,-2.9018403446488037,-5.4587789791695798,-6.3886064232001729,-5.9858336492127648,0.3345136531239381,0.46931526536035229,0.44992171604910181
2829,2017,111.57551037549754,38.225174851923761,7,10,24.298954042915344,14.833328247070312,185.43570696806273,180.83091332999174,4.6047936380709871,180.63070600240098,4.8050009656617476,185.99317530821099,111.35722578073182,428.32616030052304,205.25651389813129,159.2832958119819,149.75230744053206,178.24339547992628,168.82978353843021,203.19334794772502,196.01248956539067,231.42399788329848,225.64488257041322,254.41764401966211,251.92783226942171,-0.72303080876304193,-5.7477967200111948,3.4733828769549575,9.2211795969661523,-2.6260386587354958,6.9840556855860427,9.6100943443215385,1.0588859115625553,8.3982212204422524,7.3393353088796971,1.2616454222742846,7.0570147352588606,5.795369312984576,2.0043448691073706,4.4954067967343292,2.4910619276269585,87.822207935281767,91.511620637846136,-3.6894127025643684,91.672030170551807,-3.8498222352700395,88.217920832810705,68.603852316609846,172.79103545524413,208.68527581452184,162.20081870480232,152.09195894157364,184.92674287750043,171.41841767875246,212.08039356945298,194.30252242894215,232.5280984591295,216.95376108573768,253.27435718636445,237.35432078148921,-4.3104351054608117,-4.0382268350572872,6.4878766813929474,10.526103516450235,-4.6635979068977065,9.3306434582067368,13.994241365104443,-6.8557341762523833,11.789373087472313,18.645107263724697,-3.7002626103684406,12.065873975244443,15.766136585612884,-6.350245584912301,11.161309028556843,17.511554613469144,97.613498703092773,89.319293352764362,8.2942053503284114,88.958676278884013,8.6548224242087599,97.775254145712097,42.753373443632881,255.5351247806102,201.43021510231119,158.54452335977652,147.71669438553562,174.79632792746722,166.78328671793412,195.84238197774019,198.43830375732776,229.92816170778278,236.7195299492065,260.3595944180052,261.01114243169422,2.3465594529503733,-8.2493588644250622,1.0161377672897345,9.2654966317147966,-4.9507314583771631,3.9276086094637606,8.8783400678409237,4.3376477860851708,3.5099802339881023,-0.82766755209706844,8.3060457959398093,1.4658143846019698,-6.8402314113378395,2.8896802821489587,2.4844461678426342,-0.4052341143063245,-3.5874042966977697,-6.6569945584111849,1.7095698849539076,4.211132029367775,-2.0375592481622107,0.28713355147945663,-7.9146200878149386,-11.193381962337554,-4.9619080326427252,-12.00630840630825,-8.3545904540196716,-9.2399258670612596,0.40340995127173679,0.47430730018251466,0.61607005594494968
2830,2017,111.82551151906802,38.225174851923761,7,10,24.298954042915344,5.695648193359375,183.13626715834835,180.59609420083871,2.5401729575096397,180.4856538020249,2.6506133563234471,199.5000652312865,111.54391241302801,418.73348380066454,201.99696636975602,145.67651276678023,140.24938010371829,172.44000432155596,165.08824302340386,200.34005184899789,197.65841306763718,233.07854750661235,231.45017704690824,258.8821942952236,259.85001276028856,-1.0551010683930144,-4.3085045627457816,1.1310943322637854,5.4395988950095671,-5.2416169581694305,1.7928382094437438,7.0344551676131744,-0.014240491792008925,2.7702479197336061,2.784488411525615,0.81771931261516784,2.4956493828002237,1.6779300701850559,2.2886244916693954,1.2387350941908721,-1.0498893974785233,76.505605369071418,74.630767875838501,1.874837493232917,74.54925393493977,1.9563514341316477,80.412089547417963,47.266166777902754,137.36675163012114,201.17415467727335,146.67498098773862,144.20271219176084,170.8359811989242,165.34519582719309,200.00076321155905,195.34847418407537,230.27795784531219,223.59904347564407,254.08915728860268,246.84690501703449,-2.2806915319993379,0.33482684863429313,2.8489297562544778,2.5141029076201846,-1.8947777043834435,3.6369405858447692,5.5317182902282127,-0.66919066885449752,4.2504986468826473,4.9196893157371449,-2.1845057098918517,4.4964175507452069,6.6809232606370585,-3.7323005304261869,3.9516998677048605,7.6840003981310474,106.63066143164906,105.96532724757708,0.66533418407198042,105.93639893543877,0.69426249621028546,119.08797532437802,64.277745863582822,281.3667321279645,202.56989345141633,144.74486702053463,137.80114950283212,173.32897735176718,164.84863980659605,200.69540739573014,199.27870561928123,235.0056564890474,237.71869323358541,264.02785447152706,265.29452846562629,-0.47327271389534076,-4.4310710060327381,0.23981739846965411,4.6708884045023922,-7.9758172534790219,-0.093585189103009725,7.8822320643760122,-0.073882008476687133,1.904554856655551,1.9784368651322382,3.4075545454471978,0.88531833078116051,-2.5222362146660373,1.7726098941082569,0.76532546521519862,-1.0072844288930582,-1.2255904636063235,-1.8074188181039972,4.6433314113800748,4.7658978546670312,3.346839253785987,6.0810395490955784,-0.65495017706248859,-0.59530866037781038,-3.0022250225070195,-5.5920602553390495,-6.0209250220955823,-5.5049104245344438,0.32805294284875897,0.40306798623947204,0.42374492480489862
2831,2017,112.07551266263847,38.225174851923761,7,10,24.298954042915344,3.565216064453125,183.59035871112428,167.13007319765165,16.460285513472627,166.41441049976856,17.175948211355717,192.55906664792928,125.57158004286794,451.67812879383564,195.48796710178544,137.47100817749094,130.32832824700017,164.71298122355492,156.88545228368204,193.75560969972886,191.95336143896787,227.12858950812208,226.59780072479299,253.6090345677666,255.39368484383709,-1.4394400086439134,-5.3720228717478165,1.5152813188814775,6.887304190629294,-6.4196353712767973,1.5298968788493426,7.9495322501261398,0.22580266155711115,1.9541570161619291,1.7283543546048179,1.3347305783527759,1.6636679587303433,0.32893738037756748,2.8416407725288479,0.93186669204374084,-1.9097740804851071,112.38521199836759,86.3607340996532,26.024477898714395,85.229235060847714,27.155976937519881,117.17604032482677,74.800545424374036,197.74001501973544,195.55380818179188,140.91177272991351,141.63937828503171,167.62289077716855,163.29257519646819,193.48106379102666,191.5470915111386,224.46039568235724,219.50738774316031,251.02419082059805,241.41848027786563,-1.251354360516217,2.7120539730118196,2.7448448726449612,0.032790899633141635,-1.9172417070830932,3.0681897850832343,4.9854314921663274,1.0638594600959834,3.1085610881824834,2.0447016280865,-1.7660030908026556,3.0788088388538029,4.8448119296564585,-7.2270182951610593,2.8455290938726989,10.072547389033758,71.205146847190917,80.769339756239788,-9.5641929090488702,81.185174753467436,-9.9800279062765185,75.3830264734097,50.771034592103206,253.93811381980777,195.38777248112783,125.48545593791334,125.06357683462419,159.71312194313353,148.43905592141866,195.44257393285591,192.48378772820021,232.98564620920286,236.65711706336702,260.8852866610581,264.75217895152457,-1.615494014144133,1.58447087012064,0.044255761424921047,-1.540215108695719,-11.311317089027852,-0.50391806127058203,10.80739902775727,-3.136382096531662,0.15803994442930502,3.294422040960967,3.6301900902670923,0.14939121342140993,-3.4807988768456823,4.2273418020134841,0.59754286140361046,-3.6297989406098736,0.18808564812769646,0.364139653627916,8.0840768447596361,1.1275831028911796,4.5023936641937041,9.3940753819447593,0.83805679853887227,4.2002415566276454,-3.1007336691554315,-5.3961931810697479,-10.068659067689907,-11.454360097174543,0.43778966129660013,0.60851998487855596,0.59568053056940462
2835,2017,113.32551838049079,38.225174851923761,7,10,24.298954042915344,5.4000015258789062,233.20652345751296,198.53596767514682,34.670555782366137,197.02855208895198,36.177971368560975,247.39315149006325,167.54664318874165,493.37523237615824,192.60189995097255,132.73101872042457,129.20826004232646,162.39936461193199,155.69211518662632,192.47954012303694,189.17557802849325,223.97956299598172,223.21349243612329,251.63750335534024,251.53601131598023,0.17006945523181116,-1.1311733635709231,2.3541148031121395,3.4852881666830626,-3.5717505308859927,3.1385497220555294,6.7103002529415221,0.13060929337257221,3.5258330598513794,3.3952237664788072,2.5894951022974908,3.2416694044997598,0.65217430220226902,2.0117398758222294,2.1471641617158355,0.13542428589360611,176.59433335328504,138.9381045727896,37.656228780495439,137.30087732300672,39.293456030278321,180.96297621827026,122.29530587439058,317.73160358029418,192.78182694315913,135.85082736769562,135.44531128938894,161.88414541163442,157.76608414921168,192.2182138849179,187.56942384379641,222.85699487398614,218.51265585354187,251.31455038083269,243.54881417941252,-0.084998374254382725,3.7736897879885873,4.0712754833978124,0.29758569540922508,0.17585376442303868,4.6031468731235634,4.4272931087005247,0.03366179386443946,4.6294659428929492,4.5958041490285098,0.20785612032213407,4.5694627796974032,4.3616066593752691,-4.0329572782399055,4.0742617500474694,8.1072190282873748,56.612190119129082,59.597862226168218,-2.9856721070391359,59.727673925519412,-3.1154838063903298,66.430175446881549,45.251337610930932,175.64362939819694,192.1133289508015,123.6879263031101,120.25733972649674,163.22390984619278,149.53435332298585,194.00060569644441,193.56244564638513,227.92733787885973,235.37515077646123,252.69589679929828,264.81677931308542,0.77326326389311362,-0.58602179760615059,-1.0413374809913449,-0.45531568338519435,-14.679641213205628,-1.847429646340629,12.832211566864999,0.19605940795415222,0.58732001213152785,0.39126060417737563,7.4456442719422853,0.35235171649733843,-7.0932925554449469,11.853589892044852,0.21750659293149965,-11.636083299113352,-0.25506782948619389,-0.85826163814749634,4.9048631515595105,4.3597115855947379,3.7476042953090314,14.855494977628666,-0.096947499508132751,-0.16239761408971276,-2.3816389819753567,-7.2377881516201512,-6.0446971540621348,-15.886547170284757,0.64399585291312278,0.73147932805867821,0.72991797118026802
2858,2017,100.07545777125625,37.975173708353296,6,10,24.380844357189179,0.8095245361328125,108.98880104950513,107.53739779099851,1.4514032585066161,107.47429402514535,1.5145070243597729,130.75019068818619,98.720120185547785,316.35221598669887,204.37543393864797,155.0539971727936,155.3127084554809,179.12658375359905,176.41031705289345,201.36286032725226,203.67616386391865,228.78323546944179,231.25433344215267,255.25440226456655,253.87829869444425,0.10447078989832903,0.53632318268080326,0.054988459169635462,-0.48133472351116779,-2.5549332449179758,0.30397993062030082,2.8589131755382766,2.643954938976691,0.43461167256913313,-2.2093432664075578,2.6354504894686102,0.34813869240286976,-2.2873117970657404,-1.1980981257531198,0.20872204562411412,1.4068201713772339,66.44033012528962,53.514657094634458,12.925673030655162,52.952671066366747,13.487659058922873,67.631778733702959,51.47249525481493,122.03676637393073,205.95276829912348,173.54370488530321,173.53911100586433,187.07654917387782,189.02060935622598,202.03773581967741,208.02485115923409,224.25142197272018,227.76706988138741,243.21136176386355,244.98600667063704,3.3366822466074098,0.92395707846947062,0.75731103117095699,-0.16664604729851362,2.7419578833136597,0.75758974586861427,-1.9843681374450455,6.5939424679166905,0.76295383066656086,-5.8309886372501296,4.2041375618882739,0.73192583809918688,-3.472211723789087,2.1157717049338203,0.67659343295900953,-1.4391782719748107,42.548470872061444,54.02274155530904,-11.474270683247596,54.52162286937164,-11.973151997310197,63.118412090456331,47.247624922350951,194.31544968858361,202.6732139809578,147.1487965067144,148.56732908781856,167.42164588021211,163.56875126638175,200.35433232226259,195.31010005512383,239.7916475660063,236.44568651639412,264.13720089206805,260.555441163588,-2.4642927689010321,1.4814440190699258,-0.08588133240237994,-1.5673253514723058,-3.7370191511730866,0.01176766845964039,3.748786819632727,-5.2840869787347344,-0.32081167633603513,4.9632753023986993,-3.5999850676940639,-0.20687176973856936,3.3931132979554945,-3.9819550803719039,-0.15081856751294254,3.8311365128589614,3.2322114567090807,5.8009750155084419,0.38763389578866736,-0.55748694060045523,5.2968911282316355,6.4789770344867463,3.9499875289399995,11.878029446651425,1.5686870724196638,7.8041226295823378,3.3138698306869401,6.0977267853057242,0.38576232505057528,0.51725950362085216,0.52139822315927742
2860,2017,100.57546005839718,37.975173708353296,6,10,24.380844357189179,1,114.92635075397266,108.52238544758438,6.4039653063882724,108.24395325483056,6.6823974991420982,135.08473942823184,96.090897634036082,299.66083709616214,198.77300446762163,148.57955334805195,150.09304827216451,172.67633542248291,172.11511957767138,197.44235992271234,200.38632798445539,225.11150667437673,228.11065063067298,248.57343268668063,249.69696854573115,1.7856983533489483,1.5471913518602491,0.20355767260775792,-1.3436336792524912,-0.28538103096073542,0.38788840401630864,0.67326943497704406,3.4321346454552781,0.55192298741729928,-2.8802116580379789,3.5313668351612932,0.49149152012626018,-3.0398753150350331,1.4395737702719487,0.28118607129133011,-1.1583876989806186,64.50722647945986,54.11044341104207,10.39678306841779,53.658408246159524,10.848818233300335,66.086850245703317,50.16828374861052,120.01256842608564,203.39542149292049,169.03774070650533,169.22889669017096,184.10236901448334,185.72198974192884,199.84198244589737,206.65410750430681,222.82646478822744,227.37236189522403,242.00362811926104,244.48852321019902,4.0405285801105038,1.3207749483401585,0.88514363837722954,-0.43563130996292898,2.6792017622348112,0.93089341233314826,-1.748308349901663,7.6205582696373426,0.92344116085803307,-6.6971171087793095,5.5613835195207457,0.88969893260761523,-4.6716845869131305,3.3215203290939144,0.82572234028756952,-2.4957979888063448,50.41912444587615,54.411943270361007,-3.992818824484857,54.58554402221489,-4.1664195763387397,68.997889182528525,45.922613962911782,179.6482687080279,194.09690502750058,139.91274610195333,141.93677900824312,153.482732970352,156.90121184471457,188.73172258553302,188.25376206985527,229.3579000835071,229.40470515634701,256.09242059108993,254.90330487535505,-0.34134805049723127,2.305214653513957,-0.083174802069379439,-2.3883894555833365,3.466965247808929,0.056901816353047252,-3.4100634314558818,-0.7634605039696396,-0.17347583289748059,0.58998467107215902,-0.19746647975071596,-0.21839010076519116,-0.020923621014475202,-1.4629271355160824,-0.083784723628781421,1.379142411887301,2.2548302267615554,4.381876630607735,-0.22641640352009063,-0.98443970517379853,2.9645827931955466,-0.78776348557411779,4.1884236241820645,8.3840187736069822,2.0300166843594525,5.7588499992714617,1.8819465588219657,4.7844474646099968,0.40049467120581128,0.48922513768340281,0.52209194610375409
2861,2017,100.82546120196764,37.975173708353296,6,10,24.380844357189179,4.8095245361328125,125.51942755194614,125.65312236268073,-0.1336948107345961,125.65893469728326,-0.13950714533712016,140.65960868960246,106.7354149946259,318.71445670537651,202.27320618545571,150.45740552281904,150.39488002187369,175.33846374032936,171.54928313335049,199.4590478612422,199.66118698054362,228.12556618090218,228.79421100021625,255.29788501861918,252.3597527846446,0.3991653849593888,1.0267689067370611,1.1818200787276112,0.15505117199055007,-1.8377344417634163,1.9921421921325759,3.8298766338959922,2.7784524153773873,2.5462066645944788,-0.23224575078290854,3.1329379141174343,2.5248434488663065,-0.60809446525112776,-1.3333970464151719,1.7146170678586827,3.0480141142738546,64.462118430885312,60.805935881833648,3.656182549051664,60.646971968792059,3.8151464620932529,65.535489565583703,49.010634596037562,116.97893423284404,204.30470874599922,172.04230047431957,167.52940618953701,186.83241946956164,182.9123686613608,200.249773632445,203.33533120018751,223.22417553506943,224.32495376364977,238.83150122542222,241.68133381620112,3.927429583834197,-0.12827061933427331,4.3603686592743145,4.4886392786085878,0.91878228626370628,4.53825009708126,3.6194678108175538,7.4359168259300077,4.5551529659831544,-2.8807638599468532,5.58507503987002,4.3796618170101169,-1.205413222859903,6.9762297364947585,4.1184901422293194,-2.8577395942654391,61.057309407908178,64.847184041312175,-3.789874633403997,65.011962194887928,-3.9546527869797501,75.124119358712051,57.724780238400854,201.73552251048386,200.52158639108802,143.79871310518365,143.99891435527476,162.86362418538866,158.46126074431132,194.48857732893762,191.92610343429706,239.16975291275915,235.87513089385899,263.63487965035955,260.94055186846339,-2.9202294841870753,0.55357453287052749,0.0069404491368061372,-0.54663408373372135,-4.1092055450422151,0.42887532094417224,4.5380808659863874,-3.5876161820149832,-0.89110590561955405,2.6965102763954292,-3.7682904460609166,-0.42442570849394201,3.3438647375669746,-2.0757675905614974,0.61488687436104783,2.6906544649225452,3.5282641988748082,6.8476590680212723,-1.1550395260713344,-0.6818451522048008,2.7565167280271226,5.0279878313059214,4.6574644105526204,11.023533007944991,2.4521371257525857,9.3533654859309365,8.3096267829099304,9.0519973270562559,0.36703366217548389,0.4659154833154891,0.45917875148098908
2863,2017,101.32546348910857,37.975173708353296,1,10,24.380844357189179,1.5,95.329524032382324,95.747275553792861,-0.41775152141053695,95.765438165850355,-0.43591413346803165,112.86411740591939,102.0870189436755,282.45664384961128,197.5768936266999,147.26852144530861,147.69780210794613,170.23530091904601,169.16499160872047,195.9806170995594,197.78617382838931,225.10064673765788,225.72247454736689,248.61372440996317,247.92009126182296,0.88900628299185769,0.78254077753484808,0.38834526369933542,-0.39419551383551266,-0.45186465749247873,0.62361697821654616,1.0754816357090249,2.6403761055540826,0.82865368110148552,-1.8117224244525971,1.4032717684554257,0.78578898695971588,-0.61748278149570979,-0.10801212946768146,0.57997261082121554,0.687984740288897,48.080192167697533,45.217364775349779,2.8628273923477536,45.092894003071706,2.9872981646258268,48.759612630856282,50.40010592350518,102.33132868970279,202.43657308146274,169.4356246232702,166.9518509853107,182.89893885605278,182.86684324667118,198.50820110155965,203.23746333144575,221.9855415974364,223.34522395733271,239.3905627146718,240.81224635745156,2.4705874134039618,-0.65624432226056229,1.4426609338029266,2.0989052560634889,1.6469441325362197,1.4357779989706501,-0.21116613356556968,6.1866077232684518,1.4228833151545928,-4.763724408113859,2.9025752940368932,1.3833878018414794,-1.5191874921954138,2.7099024052856748,1.2394903464896458,-1.470412058796029,47.249331916838855,50.529909968813627,-3.2805780519747714,50.672543641238008,-3.4232117243991524,64.104504968196125,51.686913122615806,180.12531555444002,193.41523416779384,139.52963400557041,139.26552665572689,152.46382074476674,153.87469638508185,188.25672887683223,187.15000953576336,230.49898066044699,229.77522894378288,255.89370192823586,253.99547276058055,-0.87396831306816125,0.66291752630581868,0.39046112509765862,-0.27245640120816006,2.0401660816294509,0.35439115011124045,-1.6857749315182105,-1.2371037582523172,-0.11078695244927417,1.1263168058030431,-0.86975965594214699,-0.12421969747748562,0.74553995846466137,-1.880865534222437,0.091615674253716861,1.9724812084761538,1.5815811304121041,3.3445557264721231,-1.4387850997954104,-1.319161848566381,2.0988087900286985,-0.39322194909323116,3.5462316177143691,7.423711481520769,1.4993035255814675,3.7723349499790402,2.8179145347533563,4.5907679395081118,0.36229039365130733,0.43202050174627943,0.49369749890838172
2864,2017,101.57546463267903,37.975173708353296,1,10,24.380844357189179,0.826080322265625,115.39371089404449,109.9462207495344,5.4474901445100841,109.70937231326025,5.6843385807842424,137.04814784869995,121.5758813029388,344.52840787917376,197.64870969640089,146.18169534657784,146.01466209754167,168.89448450092891,167.7450702051822,196.15352339025588,197.238714908389,225.47913212974075,226.46875019021601,251.09505391572426,249.20611973688113,0.16082629400767701,0.0029220922597801291,0.17212924042129885,0.16920714816151872,-0.79614711692491369,0.32216329831587132,1.118310415240785,1.5965982617495058,0.4409880309542018,-1.155610230795304,1.4052985551084589,0.39911262137320591,-1.006185933735253,-1.7192865905177257,0.23592458835776142,1.9552111788754871,70.085862575062492,56.009528090873573,14.076334484188919,55.397514089898323,14.68834848516417,70.31122455928562,70.826261818465809,144.46491291420534,203.12453334437905,168.11767762213177,167.23789782008575,181.79707188994962,182.4638338888748,198.73912572815576,203.73734695603113,222.74888932698101,224.80848676666218,243.5584540105024,242.52925435828936,1.8232535169289861,0.4443010214990295,0.81214090816297357,0.36783988666394407,1.7747503383662888,0.80631527410531589,-0.96843506426097292,5.6871846235667931,0.79203610803315883,-4.8951485155336343,2.8826056632966015,0.769280181609588,-2.1133254816870135,-0.44296003595655975,0.70321108194391968,1.1461711179004794,45.307848128992191,53.936692299413153,-8.6288441704209617,54.311859254781666,-9.004011125789475,66.736923021193434,50.749619674948917,200.0634948387742,191.0705608541752,136.99169582471811,137.13955522110697,147.94921338413874,150.77227286537027,183.4215408849926,182.67629601587311,232.99715328657334,229.91193239305397,258.71720255533018,256.04358367598314,-0.65539974690122449,0.47215132629975187,0.15264581467712901,-0.31950551162262286,3.0445187855609674,0.23898176456242481,-2.8055370209985426,-0.88550418182668977,-0.33903585425858296,0.54646832756810682,-3.6460057545295399,-0.33863721935904323,3.3073685351704967,-2.8524105839092613,-0.10466165134513972,2.7477489325641216,1.6624272229213091,2.4786532638302106,0.44137892923924937,-0.02785030480072237,2.5708974552912025,-1.2697684471946786,4.0905863618172873,6.5726888053934829,1.4773071081881426,6.5286114178261414,1.2763265545611659,2.4094505479527015,0.41931204977694975,0.5130403122040631,0.58256836026533299
2876,2017,108.57549665265199,37.975173708353296,3,10,24.380844357189179,15.227279663085938,203.00963261043216,190.96218840591609,12.047444204516069,190.43838399354354,12.571248616888624,204.90726175551754,118.45892078206089,503.79905266687274,201.89610403742077,138.99137028226627,141.29291590960509,167.30466499779638,166.2893245834054,203.77053820870916,197.39520519579989,235.08140405694149,229.72916303489058,261.1927837275187,257.30919386360983,2.0239282038671433,3.2468323015939404,0.68313880434047292,-2.5636934972534675,3.9339033355275035,4.9011359730161246,0.96723263748862109,1.7553699329465644,8.1859953561588839,6.4306254232123194,1.639991238163077,7.0937533610293997,5.4537621228663227,0.86246384476493176,4.6802734624757818,3.81780961771085,102.87237160331279,91.468748625286025,11.40362297802676,90.972940207053398,11.899431396259388,102.9379255406144,67.455079748333446,185.34248672379181,207.81967913516061,153.9556636636276,141.97276658659834,182.13076218693308,165.39695175566581,209.14380562894365,193.53838165485868,231.65625524038668,220.12997358901623,256.32282464416039,244.30335196607129,-4.5637234523019288,-5.0941504919880458,6.6300755555028559,11.724226047490902,-7.0909840035099876,8.7828258981976148,15.873809901707602,-4.6893597437056656,11.425088568348031,16.114448312053696,0.57953070170293586,11.456631951076616,10.877101249373681,-2.9530198843658866,10.846575387328215,13.799595271694102,100.13726085065719,99.493436885741176,0.64382396491600957,99.465443821711233,0.67181702894595219,101.9693360411693,51.003841059507977,318.45656577125192,195.29798164785953,128.73870104821023,140.54214655472279,157.06888039044838,167.17314082749715,195.74598092422804,201.82213660182245,235.99231570168538,238.60187765640066,263.29135241522317,264.92785371690979,9.3376298267740481,11.277871337843663,-2.5052480958844399,-13.783119433728103,13.070764586086028,1.1557763063122195,-11.914988279773809,11.01023435424446,4.2523531219509891,-6.7578812322934709,5.2317337590811235,3.2179378101998566,-2.0137959488812669,2.6287417256244794,1.1042763942121496,-1.5244653314123298,-6.5876516561690721,-13.901353279075977,-8.3409827935819862,-16.372021829831709,-11.024887339037491,-20.161748589596016,-6.44472967665223,-15.699594097950126,-1.0604605364601412,-4.6522030573781876,-3.8154837291308183,-5.581761609990366,0.3678897086897579,0.50236348218558236,0.56943858092744559
2877,2017,108.82549779622246,37.975173708353296,3,10,24.380844357189179,10.863632202148438,201.36724774936738,193.30819033141597,8.0590574179514078,192.95779388352821,8.4094538658391684,215.64450415102147,125.84929775411729,523.11542408168316,199.40579411425426,139.64628442490573,140.21248837096562,164.08695639612156,165.63191832038873,200.111686141718,197.58381464657234,230.81722148071464,230.51855420447157,258.99435418663501,258.22210558824287,2.7575091330189707,2.1003006708632768,1.1533226864800952,-0.94697798438318159,4.786023272619758,3.1566499714634233,-1.6293733011563347,2.8083785487535806,5.4987947078282104,2.6904161590746298,4.0610445530824393,4.4649897618441514,0.40394520876171214,2.2819215714411598,2.7470739962919879,0.46515242485082808,115.11659926886205,103.52874437448918,11.587854894372867,103.02492385394726,12.091675414914789,115.49007943333254,76.447538400006124,206.77956465637544,203.5156877933581,148.67310197825427,143.73091249596024,176.89213864179038,165.41072143418972,202.119519586362,193.43412459337313,229.10302534210658,220.49826018798069,255.66294119943723,245.08513294444725,-2.0391731846255254,1.7058654900347676,6.1185265339702539,4.4126610439354863,-3.4600351078867391,7.2616739383614117,10.721709046248151,0.017666873863078081,8.5517630127602899,8.5340961388972119,-0.85717139769738537,8.2308909993556369,9.0880623970530223,-3.7242584237641552,7.6298978547737022,11.354156278537857,86.250647780150757,89.779444668653014,-3.5287968885022565,89.932870557895512,-3.6822227777447551,100.15442405458725,49.401759364609461,316.33585885167122,194.13123327840688,128.24488817815893,136.27807234933744,156.26127190893402,165.82703693508051,188.55938134703482,203.00709315156749,234.9516474813795,241.30090475551029,262.93218030543204,266.05839816766695,9.0964987463844125,9.6692941149730984,-0.92151985371381784,-10.590813968686916,8.9428474500200252,-3.549202452174768,-12.492049902194793,15.559369549149551,1.5047008768232217,-14.054668672326329,6.6071093642643461,0.89674743764678055,-5.7103619266175656,3.9672985986628646,1.1283693453635806,-2.838929253299284,-4.7966823176444962,-11.135671931009938,-0.39443518082850915,-7.9634286249383308,-8.2460583805064971,-12.402882557906764,-2.7907116748905025,-15.541702675286473,-4.9182159507798247,-7.4642807619617315,-6.006179995205315,-7.6915570224270198,0.3952847787261714,0.53555772213166086,0.60745303918475835
2878,2017,109.07549893979292,37.975173708353296,3,10,24.380844357189179,6.4285736083984375,234.79675662319642,220.75886808111682,14.0378885420796,220.14852618526493,14.648230437931488,249.05406549057989,127.60617775352966,554.69971065968275,198.32131028303769,135.28483665179658,134.29959001384321,162.3887688593509,161.45154764166762,197.78083157917149,197.25893526063754,231.37676565718769,232.38720882216015,261.42606046668936,262.22345727605926,1.4559087942778319,-0.088392287634036393,0.35296686800504062,0.44135915563907702,0.5887262767521122,1.5593896047807334,0.97066332802862121,2.5826122481211939,3.0460659868470543,0.46345373872586038,3.7002965071175709,2.6915847210378558,-1.008711786079715,2.6946142844851124,1.7139869258787712,-0.9806273586063412,121.46434552324354,114.5124247300264,6.9519207932171412,114.21016659206725,7.2541789311762841,124.58677131728973,58.032263118686387,193.41867037443444,198.75392020373695,146.25387489288295,141.41882040130042,168.98151310341345,162.38349870199568,197.63117354589946,192.96980745670939,224.44104955788777,222.0539338016921,254.79570531333627,248.03291240388953,-0.37690996136268495,-0.087446905266318709,3.8290615651929727,3.9165084704592914,-0.8926780052994161,5.0203704029401877,5.9130484082396038,0.63861315250616713,5.3472674123354977,4.7086542598293306,2.4287073700119777,5.2580409326740494,2.8293335626620717,-3.3932142889040051,4.4822178998686297,7.8754321887726348,113.33241067713243,106.24644466097561,7.0859660161568172,105.93835811585268,7.3940525612797501,124.467293837748,69.573915039968597,361.28104043751955,197.91416595090774,126.71949748963229,129.02260456999372,157.88412230444766,158.88627849013204,198.34429647465333,201.95517048210743,241.84517831875792,242.51979258203144,265.90084384753118,270.10515576405447,3.4012264215965615,2.8025321397830965,0.045727153720150682,-2.7568049860629458,1.8774395503282051,-3.0271942237250471,-4.9046337740532522,4.1204436991434932,1.2011228097505864,-2.9193208893929068,0.77140351539708263,0.98198457523488969,0.21058105983780706,4.2043313601554928,0.98351739331525323,-3.2208139668402396,-1.8328187556405169,-3.7781363829592465,0.00094538236771768425,-2.8899790450494152,-1.4814042820515283,-2.7701175556276212,-1.9439990956150268,-3.4818305466373261,-1.2715891371055932,1.657303854614895,-6.0878285733891175,-7.5975456490594979,0.34869077206550037,0.50023986186245195,0.45477628231115308
2879,2017,109.32550008336338,37.975173708353296,3,10,24.380844357189179,23.809524536132812,236.44790245582408,209.19932971808521,27.248572737738868,208.01460906838474,28.433293387439335,218.45448020902222,96.854405380676326,573.91218888759613,210.67748158699544,161.6694161887628,158.38157150975047,181.44056405395162,174.8314426704967,208.47285359442836,199.76779908957792,238.50356274978964,230.97966905286646,262.35887667274363,258.42915982898887,1.9781565688881244,1.2223878761081721,4.2449536511894337,3.0225657750812616,1.9259576987641935,8.1056136755077262,6.1796559767435326,2.8238700344298877,11.538314266290058,8.7144442318601705,2.4903127844756625,10.152036180462716,7.6617233959870532,2.5599744648462206,6.3720363285536905,3.8120618637074699,138.92703819542294,106.76100471139762,32.16603348402532,105.36248104888909,33.564557146533843,132.76810705250864,45.263628798608352,223.12863851513248,207.77008056758018,162.27977776683659,158.4453902772257,183.17196328624479,172.96936673362384,202.85984248646929,194.45150649266739,229.60067727432826,220.33728658213707,256.18120018246896,244.30064519956903,0.25415836334036612,-1.5096225770336105,2.0823584498798482,3.5919810269134587,-3.2617357699341198,6.6496263250943173,9.9113620950284371,5.0079520503799984,13.359523338089417,8.3515712877094188,4.7873303415924795,13.279288264839522,8.4919579232470426,-1.1542166812623975,11.743078955460703,12.897295636723101,97.520864156093012,102.43832661104534,-4.9174624549523287,102.65212858077211,-5.1312644246791024,85.686373141612421,51.590776468468903,350.78354977816343,214.44802654411913,161.4096255718421,158.33251172675867,177.00687268307922,176.97779724942185,212.67185701113641,205.37768453115294,246.76409104143829,240.62821741677166,265.34823395255091,264.74495364485398,2.6247074311535812,5.0305455921519524,6.9436005733506647,1.9130549811987123,9.5519047450059134,8.4247098318903397,-1.1271949131155736,2.9040009756979259,9.8065720912393033,6.9025711155413774,-0.1281489423552955,6.9225090525848145,7.05065799494011,3.9510326701622489,5.8248351814306147,1.8738025112683658,-1.7239982055477583,-2.3705490678132151,-2.7320104531417826,-6.5401681691855629,-5.1876934686983134,-12.813640514940033,2.1840820159501106,2.1039510746820724,2.297017557116817,4.915479283947775,-3.7141911461086181,-5.1052493514246464,0.38878532785236497,0.60776097118938965,0.46733680952047862
2880,2017,109.57550122693385,37.975173708353296,7,10,24.380844357189179,24.15789794921875,240.011968908977,213.83385813810673,26.178110770870262,212.69567814919355,27.316290759783442,223.50731105037266,98.112631739106291,571.82134575396776,209.64643160355277,159.51489956468259,156.40348216328385,178.74314355513735,173.07762884709885,207.74120718298713,198.47707370826936,237.99041825723288,231.07523451241823,263.17239222089722,259.34186749884628,2.3771431698537526,1.28231928944777,4.1125832068648833,2.8302639174171134,3.3959839776986769,8.5612612427669603,5.1652772650682834,2.7535314627267837,12.042774770831613,9.2892433081048296,3.0921149671926855,10.128533074679495,7.03641810748681,3.0043309916011367,6.6694545983120292,3.6651236067108925,121.54785805758002,103.25952419098212,18.288333866597895,102.46437955743022,19.083478500149795,115.19802339192393,44.573396296669671,191.51388847705675,208.98470684265314,162.58699904896642,155.67380860438746,183.36883846524447,170.78993959838476,203.33254894168508,192.69693078982473,231.28139720030205,219.55185385650117,258.45896276920456,244.42502552209152,-1.075264726855778,-2.4073079585928099,4.2843500809400439,6.6916580395328538,-3.6609857609531389,8.514309355385393,12.175295116338532,4.0500877367014994,14.718692691419534,10.668604954718035,2.8294797767850355,13.94259277573309,11.113112998948054,-2.5976125018253811,12.191296808841628,14.788909310667009,118.46411133568472,110.5743303912368,7.8897809444479208,110.23129775729831,8.2328135783864127,108.30928803842835,53.539235523927346,380.30745789408684,210.29966397399156,158.97497677996779,156.94956688257628,175.03885148930246,175.43222823194313,209.75165432116884,204.43995338471308,243.7243138981498,240.66245550018624,264.39978981496085,265.51826651539244,5.267446846132998,3.1097837694991597,4.0937433404839965,0.98395957098483677,9.243537951903761,7.8763251493246003,-1.3672128025791608,4.2955769693773505,9.4342148240946528,5.1386378547173024,2.8286685158396949,6.5371137215452961,3.7084452057056012,6.2832052962472176,6.123872013720586,-0.15933328252663159,-3.4524078967095306,-6.342711572988776,-3.6896272480405798,-5.5170917280919696,-7.0569697386518158,-12.9045237128569,1.2965562739747156,-0.2454892326758511,-0.26263519040765004,0.00081126094534056392,-5.6019434934265178,-8.8808177980725986,0.33491909649601931,0.51541053780545609,0.45430843619806144
2881,2017,109.82550237050431,37.975173708353296,7,10,24.380844357189179,9.304351806640625,166.02509358570387,164.26078348583542,1.7643100998684531,164.184075301353,1.8410182843508665,180.09466785256882,127.3184241153358,546.99131118133664,205.58720967757151,154.03514358738497,153.543860041214,173.4188320278555,173.45681463619303,206.00591409421352,202.43176030723191,235.68712635452295,233.91467313005546,260.55418943013808,259.68505854958977,1.3395268723081131,0.10753896425711673,0.33708199198130728,0.22954302772419055,3.1323083485841607,2.6535014186590331,-0.47880692992512763,0.29958895481442482,3.9078894701829938,3.608300515368569,1.1831058524125808,2.9606660932274167,1.7775602408148359,0.61509930265054891,1.3213119760256973,0.70621267337514837,91.919005894684233,85.944358242901217,5.974647651783016,85.684590855300485,6.2344150393837481,94.537557254370768,71.978365980670787,182.11232634447515,207.21360162026531,163.84307127877932,153.36042515344386,182.31809402103966,171.14880744887859,208.98281974500841,196.80706496714345,228.29320318032933,221.42254845544048,254.20555563107084,244.4149728108535,-4.0725869938226253,-6.0288410983212657,4.3080457270376087,10.336886825358874,-6.3150576482729832,5.6628652339946655,11.977922882267649,-5.7467238867140509,6.7289639072276373,12.475687793941688,0.19133354709765626,7.0706407189006768,6.8793071718030205,-4.8635788613061095,6.2092955233247551,11.072874384630865,74.106087825130089,78.31642647908302,-4.2103386539529311,78.499484849031433,-4.3933970239013433,85.557110767698759,55.34005813676049,364.87898524850607,203.66509753332386,144.53443342736207,153.85247961791754,161.49159354210883,175.44199053212895,204.05992298987294,209.60779477757771,246.41997625931808,245.34553619165624,264.5944852106112,267.07022417152035,5.8675666260662638,7.9019972694940748,-4.5080629334718196,-12.410060202965894,14.607119193930117,0.19084436956296713,-14.41627482436715,5.9249354686559172,-0.26852786014222829,-6.1934633287981455,-1.7571166133529346,-0.19960516226183245,1.5575114510911021,2.4744356689213305,0.11892860520151771,-2.3555070637198128,-5.4121138661307384,-9.9401536198888891,-6.1363800625783824,-13.93083836781534,-9.447365996857144,-20.9221768422031,-6.0463128415284757,-11.671659355369968,-0.99177230531492455,1.9484501604505908,-5.4786781639566584,-7.33801453022744,0.33293458711650709,0.52493257230559542,0.56534132024338202
2882,2017,110.07550351407477,37.975173708353296,7,10,24.380844357189179,22.81817626953125,210.59686803903242,210.23847534538072,0.35839269365169457,210.22289465072026,0.37397338831215166,203.14204436041837,100.5887341765665,516.33543472737074,206.18095416341478,152.40734304054487,149.66898673953526,173.45524241043185,167.9863571492383,205.3462425314421,196.41352497933173,237.48918703673232,230.38587970706556,261.87370925732029,259.47977419911689,1.6328900054027145,-0.20768400360532269,1.6234278772551249,1.8311118808604476,2.2129473762996099,7.4609446598831823,5.2479972835835724,1.8112230201082298,10.766178983015038,8.9549559629068085,1.7188799209626779,8.9445717164454095,7.2256917954827315,2.9767312238486738,5.3346436511039883,2.3579124272553145,116.05933266585271,96.102130483832298,19.95720218202041,95.234426231376347,20.824906434476361,111.55253936019471,51.024325554393727,178.4654533434441,206.70180112528519,154.84281472769263,146.57615557444802,180.24110106411069,164.53236769710909,205.34917952727525,188.36138203335935,230.90562548349533,213.26218920223678,255.57703875899878,235.79388550046912,-3.0497679947088159,0.63647566167162495,8.8684377500015046,8.2319620883298796,-5.3607464070688309,10.840683098240106,16.201429505308937,-1.4665736314325386,15.666367498372466,17.132941129805005,-0.41285936398512035,16.812288069087202,17.225147433072323,-4.5107276920896027,16.570589231974481,21.081316924064083,94.537535790412221,114.13634715632725,-19.598811365915026,114.98846830013463,-20.450932509722406,91.589505393072614,49.564408475023811,337.86998141929507,205.58105805595443,144.56178718731422,151.97901331946835,165.5749251500412,172.54272035539449,205.34465542814368,205.99352439329402,245.32751053441461,243.38134921982439,267.06018367818052,267.12285827300548,5.2506136473897698,6.3832834542085095,-4.0796828430185599,-10.462966297227069,10.049567131510798,2.9688189221550942,-7.0807482093557041,5.6901949539350767,4.1248247145303196,-1.5653702394047571,1.6641264675999992,3.8341904111641156,2.1700639435641165,3.1809046617654531,4.1993433683895773,1.0184387066241243,-4.6826580001115303,-8.3003816420985856,0.84415966527694763,-5.7468077925368846,-7.5736937833684408,-15.410313538579629,-3.2777966515407684,-7.1567685853676153,-2.1317392849477983,-2.0769858315851195,-7.4874589159382765,-7.6916323538550557,0.34563859332581987,0.54913565387909624,0.50725686104001622
2883,2017,110.32550465764524,37.975173708353296,7,10,24.380844357189179,28.217391967773438,212.8518461844069,208.96494453892228,3.8869016454846133,208.79594577074749,4.0559004136594012,191.2836395528775,98.829132769842545,452.85938038676977,206.95235932077046,149.24812074344206,147.04477288834218,173.23178506727137,165.73942725750649,207.07396454276693,193.44176375759983,238.48230527344066,228.00047238444819,263.62198359382592,257.92056069234388,0.87856397825797217,1.0279292952457979,2.3959410479335475,1.3680117526877495,2.1451686948807378,9.259475387212035,7.1143066923312972,0.23221408981706304,13.881767134908841,13.649553045091778,1.2583012428277982,11.754531486267751,10.496230243439953,2.5783025265718607,8.1506718052152678,5.5723692786434071,99.687209468087531,78.762366169714369,20.924843298373162,77.852590098700603,21.834619369386928,94.631725120159899,46.373185102842399,155.85989346029237,206.07775104475593,150.69235440747744,144.51290950341803,179.35547923345371,162.23325995113339,212.34576376838677,186.67954630973458,231.16283599273879,212.34227535653898,256.19074083422777,237.28214201871415,-1.3690529724175633,3.0955179850176933,8.6315622673567134,5.5360442823390201,-5.0543039265700429,12.543566704576193,17.597870631146236,-6.4147186022740073,19.277692050749948,25.692410653023956,1.8517237304342018,20.064495727128559,18.212771996694357,-2.0248124593548482,18.33997120120523,20.364783660560079,113.16463671631936,130.20257574789866,-17.037939031579299,130.94335662442609,-17.778719908106723,96.651914581729216,52.455947622995154,296.99948697909713,207.7794387948874,145.31043988032036,148.4474697387586,172.10616600276282,168.02943340831195,205.98435529330516,198.90433854414411,245.82863055966655,237.39442413527112,274.42138359897234,264.35381048509487,1.8421609386134037,5.0694002431289675,-1.074953485428324,-6.1443537285572916,3.9891031119671538,7.1149613693470997,3.1258582573799458,3.3216401645660198,9.2720635631870607,5.9504233986210409,-1.355065771642046,7.3199228178180249,8.6749885894600709,-4.4024750322676027,6.4861513175052892,10.888626349772892,-2.2476169506755355,-3.211213911030967,2.0675886897718954,-1.9738822581112743,-7.1994726214507807,-9.0434070385371967,-6.6469326920910703,-9.7363587668400271,0.59342248760640359,3.2067895020762478,-4.6031149859267089,2.3776625729127545,0.34416841123436248,0.49471938813669619,0.46922586289245533
2884,2017,110.5755058012157,37.975173708353296,7,10,24.380844357189179,5.6999969482421875,173.83297921595658,173.98980951436533,-0.15683029840874951,173.99662433210324,-0.16364511614665389,182.21183548300814,105.18676004959707,427.29914606362581,207.44320715509943,146.45406875803201,146.11907034764803,173.25288016276119,172.71416310015945,207.84157548703664,205.03763223344868,240.71222800257087,238.59964854944522,264.64144353300122,266.76047613453375,0.28828192794867391,0.54592591139382307,-0.18148893401553323,-0.7274148454093563,1.3028117029712689,1.4618234583494711,0.15901175537820222,-0.31681463468436277,2.5435636071927377,2.8603782418771004,0.051304489500864747,2.4072361252029282,2.3559316357020634,3.1246299265512789,1.1730686698781483,-1.9515612566731306,78.369385869984399,59.204192894785592,19.165192975198806,58.37092420402405,19.998461665960349,83.713423116683998,50.93662535045587,144.9985510148108,208.07296041068321,152.44334067537397,147.98074464233241,181.68092047991959,169.3675438848384,214.06983057417568,201.92830487330522,232.66351402571726,230.93634918397285,256.8668210029208,254.93067574628284,-3.0060428539603379,-1.1830779483618699,3.2397278733832309,4.4228058217451007,-8.5873078887667873,3.3401342807169385,11.927442169483726,-7.7292110143258128,4.1202165129329273,11.84942752725874,2.6408861755730015,4.1726485705663379,1.5317623949933363,1.0558733733179224,3.8789986269163421,2.8231252535984197,95.463593249114638,114.78561331748278,-19.322020068368147,115.62570145130303,-20.162108202188392,98.498412273936992,54.25013439925533,282.30059442482889,206.88807053997976,144.26670290156429,144.64912150187482,167.4369537852192,174.23006808307443,206.18075499999065,206.57150407732354,244.87843210574047,242.21371698029293,276.46020095610652,271.02708543078541,1.8889169203980885,1.2186542835552814,-0.49778490179679125,-1.7164391853520726,7.7892322062743631,0.45578333499270229,-7.3334488712816608,2.5198537980406854,1.6898266266897224,-0.83002717135096304,-1.6247883025210115,1.5127903584747742,3.1375786609957856,-5.1651126751252718,0.64202834773738005,5.8071410228626519,-3.2943247819090118,-4.8949597743584263,-1.7290038597556929,-2.4017322319171512,-9.8901195917380562,-16.37654009504115,-7.41239637964145,-10.249064812366498,2.5895816860721368,4.265674478094013,-2.0687565532333565,6.2209860484431942,0.33933732924713167,0.45942911938061537,0.48424939913006654
2885,2017,110.82550694478616,37.975173708353296,7,10,24.380844357189179,4.7826080322265625,157.06422078874311,156.18182874753256,0.88239204121055081,156.14346363482764,0.92075715391547419,176.00880343541667,96.272388127777958,422.05030056647956,209.1050231856895,156.24953399418115,154.91509175199764,177.61409521265901,177.01346931507538,208.85511043225813,206.40328560199185,237.32709899940005,238.52357373940507,262.31579675998779,265.48745558322543,0.83330932143670111,-0.41061321459682176,0.54517867710049472,0.95579189169731649,1.229281942833552,1.636035600521069,0.40675365768751703,-0.20100561222713509,2.3031937633503503,2.5041993755774854,2.7963018995381788,1.8289979391740303,-0.96730396036414845,3.8895302098483171,0.80405507599158454,-3.0854751338567326,77.548570849176031,56.323403950722422,21.225166898453608,55.400570617719495,22.148000231456535,82.420569620597234,48.914777519006748,146.26904142601416,209.97280559730848,163.60765193527564,157.50683201390936,183.7378212895045,177.36078384660414,211.53929838176603,205.01553915871909,235.4117236545826,230.91597958352708,256.46177904462792,252.78296650906449,-1.8581430345637671,-4.3323567699479213,1.5514719051033978,5.8838286750513191,-3.8637510637436492,2.5184872770496725,6.3822383407933216,-2.429225119217449,3.5763789020950583,6.0056040213125073,-0.72780570027805425,3.4348417033399414,4.1626474036179957,-1.7622614386616249,3.4757134669149821,5.2379749055766069,79.515649559587473,99.858425303449621,-20.342775743862148,100.74289449297066,-21.22724493338319,93.588233520521499,47.357610640436178,275.78125896863639,208.29641119940632,150.34820010579486,154.01195566049839,173.33079724524865,176.87006223212103,207.8288444526008,207.21369906837808,240.76666412266496,242.7510775482987,271.55503478516454,269.80000504555852,2.406087189582621,4.7811431303117047,-1.022005546142708,-5.8031486764544127,5.2186036013844728,1.1399474952640958,-4.078656106120377,0.84297460986903161,1.5869951784746092,0.74402056860557764,2.5185831179442459,1.1307510867914345,-1.3878320311528114,-2.429254068026296,0.56858119226882309,2.997835260295119,-2.6914523560004682,-4.2642302241463881,-3.9217435553510995,-9.113499900259626,-5.0930330065772011,-9.082354665128122,-2.2282195069903139,-3.2721997290864806,-3.524107599816233,-3.2463888182223002,-5.651791648509942,0.66699262936467107,0.34656779353003797,0.46827526812225623,0.5080872976173022
2888,2017,112.07551266263847,37.975173708353296,7,10,24.380844357189179,-8.619049072265625,177.20638341848826,160.52260394695622,16.683779471532034,159.79722155330819,17.409161865180067,215.98347612407269,109.44277190820321,500.22683951258659,198.67037387868245,143.56238464529267,141.04399171736401,168.14637700849528,166.92068805856707,196.84996727090106,202.1917420824737,229.1331649764152,235.49377243339634,255.47153158758226,261.49445404906345,0.38879103645930968,-3.7737478797213271,-1.5462169197498383,2.2275309599714888,-3.8486407362496209,-2.8502969184170581,0.99834381783256276,1.5734133352791844,-3.7864393406249803,-5.3598526759041647,3.0742965716618471,-3.253004561758928,-6.3273011334207752,4.372511557282337,-1.6241132446438087,-5.9966248019261457,85.11893580999822,78.338981474717002,6.7799543352812179,78.044200695705513,7.0747351142927073,105.95128142442081,50.19431297349297,169.52776741288835,195.8153134592354,139.34253268431158,147.19246010848937,163.24322268569222,168.43135048828174,193.42293632234339,198.68182610043701,224.8913793763798,230.02511468385057,256.5935371010579,254.86968985119307,-1.4792322705436334,3.4705858821602078,-4.820383879348924,-8.2909697615091318,-0.62228987630970778,-5.4517354623989149,-4.8294455860892072,-0.91276694696168192,-6.1911951623024208,-5.2784282153407389,-0.60422941757499871,-6.1124043120519502,-5.5081748944769515,-8.9825109076949445,-5.2682044416858957,3.7143064660090488,92.08744775750165,82.183623723936762,9.9038240335648879,81.753021692067705,10.334426065433945,110.03219496414749,59.248458648395172,330.69907209277153,201.30390034774186,144.78032059522053,138.39680570396848,173.16287205152457,165.43449787573559,200.5829299760112,205.17229646031524,233.23404115495086,240.60994794571116,252.46311660226806,266.7843262828319,1.4370083988897591,-4.6458641649581409,-1.2575306616154194,3.3883335033427215,-7.1698406447456193,-0.027163892286665714,7.1426767524589536,1.8534399203224723,-2.1884068483277872,-4.0418467686502595,5.4701815437157393,-1.7575987722345872,-7.2277803159503264,12.541575992667021,-1.0529953956339568,-13.594571388300977,-1.8680233070029431,-2.9162406694333924,7.2443337618815349,8.1164500471183487,3.2263508599399131,6.5475507684359116,-2.4861802822408663,-2.7662068672841542,-3.6785259892368458,-6.074410961290738,-13.355022464977282,-21.524086900361965,0.33890178219560074,0.49055271878093404,0.45863524925697435
2917,2017,100.57546005839718,37.725172564782838,6,10,24.462264198368072,5.3333282470703125,135.38326633334145,131.71358892571516,3.6696774076262955,131.55403678753282,3.8292295458086301,152.1734506318935,118.61560643851772,352.50578980054706,203.96989241122438,150.4465726873662,150.49956699452056,176.22469140215586,172.38513215654518,202.49600953702267,200.7500750010945,230.40001346791141,229.51824848074648,257.64179779146383,253.5104303638314,0.045428145003256759,1.3825829588944885,1.3057531971616072,-0.076829761732881252,-1.2541397503237306,2.6655956205129883,3.9197353708367189,1.5304870269696096,3.3694112517070494,1.8389242247374398,2.2284150570759778,3.1345212287368156,0.90610617166083784,-1.6670535926401442,2.4904692079563802,4.1575228005965243,88.57796462616534,76.349785476588295,12.228179149577045,75.818125225150652,12.759839401014688,89.425471201451728,75.970054574863752,169.85333741421346,208.28535853573288,170.05171649799169,165.84654893356532,186.92867324342015,182.5782738993255,205.28008114241268,204.58317133155137,227.94909579961376,227.80977579710071,253.65743344698549,248.07874584351421,2.0661207880330608,0.70560438119247237,4.8176526385763054,4.1120482573838331,0.84878972197051894,4.9654270367148001,4.1166373147442812,4.3768624196934525,4.9962784824311086,0.61941606273765615,4.569567478033008,4.7885599981368614,0.21899252010385339,-1.4740550319840509,4.4495210447228146,5.9235760767068655,46.805301714626694,55.363803637876117,-8.5585019232494233,55.735911641855637,-8.930609927228943,62.747979609255708,42.645551744910335,182.65245237853378,197.19757161290681,139.25339635924416,140.7272667089087,152.28247227177411,154.76356718857988,191.05625635244101,188.49405024902885,237.23502937668621,233.86661636778885,264.6913694621357,262.21880046750715,-2.219486003294179,1.9763139980457822,-0.048736160707392173,-2.0250501587531744,2.7125644749008018,0.14336392166345036,-2.5692005532373514,-3.5578155997001488,-0.85385173042882911,2.7039638692713197,-4.4996823048911381,-1.0878363359583147,3.4118459689328233,-3.021472614113577,-0.40439376929805348,2.6170788448155236,2.020692643029804,4.2856067913272398,-0.67697857770201608,-1.2707096168533099,2.1029294722942495,-1.8637747529302828,2.8463753927238429,7.9346780193936013,2.3411524209570302,9.0692497829241461,0.19299856065609333,1.5474175821295262,0.4818455251765339,0.5876548821763351,0.64047267350305603
2919,2017,101.07546234553811,37.725172564782838,6,10,24.462264198368072,0.2272796630859375,93.026969568418281,94.444438186048501,-1.4174686176302203,94.506066353475035,-1.479096785056754,101.27831707610721,98.200704689461418,248.43149695266038,203.22963134113516,159.48615077053475,150.8370323093138,177.8691974713978,172.45011372253197,201.03798609838555,200.80873604195358,227.79049225872828,228.6201918988323,253.15270320955401,250.46594976264842,-2.4476016202498272,-8.4860974755776226,0.11672739933968046,8.6028248749173031,-5.4927428174520685,0.12190479617376582,5.6146476136258343,-0.19717744014175764,0.15408855138602462,0.35126599152778226,0.96550116940903763,0.11848882816633477,-0.84701234124270286,-2.5823375622690037,0.092899789235644903,2.6752373515046486,50.131531502796861,41.112154696857033,9.019376805939828,40.720008383468667,9.4115231193281943,50.131531502796861,49.404909631020018,103.00643025751924,205.69862626408096,173.164163857387,171.89852833115708,186.97421804306069,187.44133007718992,201.46831150163416,207.59301157548984,224.23281049201017,227.93779697576346,243.44055100424112,245.17248853904991,2.327893674384427,-0.97526379656071072,0.22895819956238483,1.2042219961230956,0.89002756283832696,0.19812800871170566,-0.6918995541266213,6.1912899560901735,0.23375235880715195,-5.9575375972830216,3.953646555157178,0.20278059970229378,-3.7508659554548842,1.6215635483160042,0.18057667081191653,-1.4409868775040877,42.895438086110516,53.332282526712333,-10.436844440601817,53.786058645300727,-10.890620559190211,51.14678559379945,48.795795252834068,145.4250670010224,200.77066983354393,148.32497497077063,142.37351462289794,167.47926339972523,158.56474260630679,198.99880671368018,189.11399243339679,234.68406587473194,229.62778973469995,258.64609254713758,255.02019860225764,-6.0300473824029268,-4.2924470268376069,0.038596669210932077,4.331043696048539,-8.6204839044681592,0.068233039314691268,8.6887169437828504,-9.6027840210343527,0.030080722044459662,9.6328647430788124,-4.8951654958879374,0.006035757566223765,4.9012012534541611,-3.7947081087805543,0.0094341955204981787,3.8041423043010525,4.7754952946342542,8.3579410567873538,7.5108336790169119,3.3171832302768962,6.3827703802903955,9.5105114673064861,6.3884673962319312,15.794073977124526,2.9881453857481404,8.8488120510451154,4.2039011105850079,5.4162716570965586,0.4146270964874777,0.49498780143754478,0.50310137577171576
2931,2017,107.8254932219406,37.725172564782838,3,10,24.462264198368072,4,121.25969270795576,118.32066532193494,2.9390273860208254,118.19288159892312,3.066811109032642,142.14984170526259,118.94688970502648,496.22550705447793,210.02044145242951,161.9544626852182,163.71054416822361,180.06234042874081,182.38164646008795,208.54423471886074,209.62933047404971,237.20082905144838,237.29126909729968,260.29270623733385,259.46402119669904,1.7579041816160554,2.2170216996330794,0.12444814892006661,-2.0925735507130128,3.8229222155738682,1.3479022262475553,-2.475019989326313,2.8182530584761878,1.9076129806047391,-0.91064007787144874,1.5703259600039132,1.5071075537605054,-0.063218406243407799,0.19758248238548504,0.81859837886025844,0.6210158964747734,66.659034918900943,61.578845072528566,5.0801898463723774,61.357967715652194,5.3010672032487491,72.886040048580981,71.293898288253331,168.88562805177935,212.13294222277466,169.50086518356468,164.98416913588974,186.32677505908578,184.68940978546837,213.67442007973463,207.72284859845911,235.14912231357846,229.82133926342834,256.73979510392439,250.58284686420907,-2.361304639883997,-2.2469255712665586,1.5458879055671844,3.7928134768337429,1.2010041027091347,2.3571111840957997,1.156107081386665,-3.9951065516313236,2.7528506742945638,6.7479572259258873,-3.338713113124868,2.7294954866490286,6.0682085997738966,-5.3565384709620218,2.2163364489796038,7.5728749199416256,54.600657751801918,56.741819474545991,-2.1411617227440729,56.834914538922021,-2.2342567871201027,69.263801684621285,47.652991588136501,327.33987952396274,207.41533904668103,158.84548595312623,162.34554268435988,172.16275491948957,180.48801556058567,206.03870849916578,212.43498579552991,240.57311690951749,244.90568260140327,264.06166752037302,264.58008970250108,5.8769898010652071,3.6815855394710582,-0.90459368936964779,-4.5861792288407059,9.6238664758128607,0.3240911529963455,-9.2997753228165152,7.1404819811567108,0.33873113213738293,-6.8017508490193279,4.1420423671088429,0.65494278773746828,-3.4870995793713746,0.99829973965597674,0.40385028861328465,-0.59444945104269209,-4.1192088215000524,-8.238294440949204,-4.4639472708996379,-5.9285111107376167,-2.6219181128647335,-8.422862373103726,-6.8133596101075113,-11.135588532788034,-4.9090390731287812,-7.4807554802337108,-5.5541209533475069,-6.3548382106179986,0.3403404815972878,0.51274091602370486,0.59937589343490483
2932,2017,108.07549436551108,37.725172564782838,3,10,24.462264198368072,7.9545440673828125,174.93504231330007,164.48191979578405,10.453122517516022,164.02743728471978,10.907605028580292,186.17540013017606,111.12259555365108,502.9080459587276,205.84073799664932,154.95176803847153,151.6056670412583,174.56166652125944,173.75697331900909,203.93614205730572,203.20854141999175,236.33091444982995,233.77267160845585,260.46717616954101,258.92666795939812,1.1097588773557163,-2.858030624990306,-0.18717992883284751,2.6708506961574585,2.008209307608837,2.6160411303453373,0.60783182273650027,3.0963087103244789,4.0011988481169567,0.90489013779247784,0.70137628275281827,3.3224485685562115,2.6210722858033932,0.86021503779898012,2.2107968399471929,1.3505818021482128,96.278315078627202,86.953399611469649,9.3249154671575525,86.547969292645575,9.7303457859816262,100.73140189705691,64.54090113700795,188.42087206244469,208.25856943247194,162.43219573359002,154.99874008740773,182.18527869041259,175.4182965080077,202.75938677230016,200.57308717960825,235.5823786749491,224.39533156251173,258.26885369120606,247.85340764654808,-2.4368675073148722,-3.227340718492627,2.7667854892917489,5.994126207784376,-0.92846728976812187,5.0228181833405472,5.9512854731086691,3.0447161749774807,6.190380129655324,3.1456639546778433,-6.0429425396355896,5.7219354695449454,11.764878009180535,-7.020847252255578,5.1036967003071823,12.12454395256276,78.656727590438095,77.528521341188025,1.12820624925007,77.479468330737291,1.1772592597008043,85.443998526909127,46.5816943328241,314.48717422410846,202.81404993435353,148.24439474981696,149.317417202706,165.13495080768217,172.03255705241534,204.99657898571652,206.9261074143518,236.69003617009446,243.05689448439153,261.64492767790011,265.6968926172753,5.0542684459484235,1.1478866911506884,-2.9095920490197216,-4.05747874017041,8.6003273690787978,0.54902387546675868,-8.0513034936120391,3.6306566314787005,0.95119994752511161,-2.6794566839535889,6.6443886892727733,1.3391321656798425,-5.3052565235929308,4.8203348406125883,0.68900974118434988,-4.1313250994282384,-3.5466263846705885,-7.4911359532632957,-0.36931009350232102,-4.3752274096433155,-2.9366765973769589,-9.5287946588469197,-0.051592535346998147,-0.58594045650121984,-6.7443188223884079,-12.687331228908363,-7.8810622900545582,-11.841182092868166,0.37466267158888905,0.54105645443288597,0.58080807792009292
2933,2017,108.32549550908153,37.725172564782838,3,10,24.462264198368072,4.380950927734375,168.7638643567625,153.45996807535994,15.303896281402558,152.7945804107585,15.969283946003998,188.093599954409,129.58030903464714,540.95513973385096,207.22575945111524,157.51826780504609,156.24217659457534,176.85345896582237,177.92185019388069,206.66567248336722,206.43175203667184,234.72167590408736,236.3079687488345,260.43792594857524,260.73231760329281,1.6979772627892942,-0.97964739675595069,0.024887299621440206,1.0045346963773909,2.7007893853932217,1.3562706842278942,-1.3445187011653275,1.8112869659007629,2.2237044406278983,0.41241747472713541,3.3094816467374244,1.7215061719448386,-1.5879754747925858,1.8524946223953975,1.2388210938249813,-0.61367352857041624,100.74272147662123,85.935473895966425,14.807247580654803,85.291679342626594,15.451042133994633,106.13140582423057,84.797445110017179,207.26961701503024,211.01894901166975,168.39842513269937,159.18773819216045,186.68880612391854,178.95924460516841,212.69427963748308,203.56314916800355,230.68155314350403,226.9220658569526,256.11172940964479,249.59923326821971,-4.6209230131352399,-6.7802850132244714,1.8233542906396281,8.6036393038640995,-4.9347857657288614,2.7011070614971402,7.6358928272260016,-6.3410427279124804,3.441146971345006,9.7821896992574864,-1.0732622046618872,3.1678890022216137,4.2411512068835009,-5.0830876941455472,2.7552353040565549,7.8383229982021021,68.021142615645658,67.524494748475263,0.49664786717039533,67.502901248364651,0.51824136728100711,81.962193826744624,44.782863974389329,333.68552246317267,201.51169591693537,146.78387041471606,153.91010610883149,161.75200436535781,176.7466760485143,200.70125420951794,210.68342736455551,237.33605782048127,246.02859355658615,263.87747771022651,267.6379686698935,9.4528808787547121,6.0779007946661352,-3.0660207859078241,-9.1439215805739593,15.632630890317756,-0.28396097227968653,-15.916591862597443,10.74723328319044,0.52850353643120229,-10.218729746759237,8.0387938544782287,0.59578325747182248,-7.4430105970064062,4.3584753644886973,0.20179658674049961,-4.1566787777481977,-6.3189002759245341,-14.073803891889952,-5.8006376164685207,-12.858185807890607,-7.6355751511220831,-20.567416656046618,-8.1523296938132432,-17.08827601110292,-4.3827438513993116,-9.1120560591401158,-6.9355823165409447,-9.4415630586342445,0.38315490840332261,0.5642478311327721,0.65440070132371786
2935,2017,108.82549779622246,37.725172564782838,3,10,24.462264198368072,-1.0526275634765625,182.91208863945212,163.86395684570016,19.048131793751963,163.03577616016264,19.876312479289481,214.28776955841749,130.44532897305726,537.71147760003805,200.19370585015494,144.67492125226099,144.11301635708151,168.51272637285601,169.68583978606313,197.6117476885596,202.54238838900645,229.27131568493917,234.56543330446831,258.31065963005659,260.44034266391492,1.9682885167049164,-0.49296511635148477,-0.21481932263455406,0.27814579371693071,0.99442787090953288,-0.23587317659630003,-1.2303010475058329,4.3538126463951983,-0.45972744623480821,-4.8135400926300065,4.6525186815544259,-0.35131784358836171,-5.0038365251427877,2.271109723263578,-0.2398491422478628,-2.5109588655114408,119.258658061186,91.367426175258515,27.891231885927482,90.154764200424324,29.103893860761673,130.60261302293293,71.233876119629258,217.92388752632542,199.21319065621253,150.33265356950241,153.82831989721245,175.57202984153611,174.95408508088983,195.84933707302824,201.61696065626074,222.7264401076819,227.62722744127663,253.16179896570944,250.54755808263582,1.6262376710015189,3.4944160869497694,-0.70760969425518283,-4.2020257812049522,-1.3669479468011048,-0.78090348431786083,0.58604446248324393,5.1207759888308999,-0.86503221603214797,-5.9858082048630479,3.3981325970610214,-0.86233503421783553,-4.260467631278857,-4.0913990232484423,-0.75717465686244623,3.3342243663859961,63.653430563364964,72.496530938662545,-8.8431003752975812,72.881013674155838,-9.2275831107908743,83.685156561561598,59.211452479979926,319.78758994489908,201.57864926985684,137.08854375983847,138.17427590164394,160.49753155949102,162.29457835905916,203.97644657580375,203.90775297056271,244.30535970734192,242.92024472593346,265.22271337385797,266.99124717137977,1.6894591059968036,3.1889004282263329,-0.033391209897217777,-3.2222916381235507,4.5475177773049325,0.24861299521271008,-4.2989047820922224,-0.53788267495417585,-0.051659725222293673,0.48622294973188218,-2.3746022969593241,0.04547480930929737,2.4200771062686215,1.8764230142631959,-0.0077539979277503335,-1.8841770121909462,-0.3420508457033975,-0.063221434995284653,3.9873812033012541,0.30551565872343645,-2.3613758177106376,-5.9144657241060372,0.76696334243570163,5.6586586637850758,-1.2543860844934045,5.7727348940203456,-6.3625087465120203,-5.9678220375116382,0.40528033453736712,0.60947301515184715,0.546082229853874
2937,2017,109.32550008336338,37.725172564782838,7,10,24.462264198368072,30.263153076171875,225.02294652758246,209.99325467250128,15.029691855081182,209.33978712293538,15.683159404647085,207.001069480355,80.804944885503573,503.5688196234405,206.71792180644161,156.59200636206018,152.72192634347442,175.28470955156746,169.07047725543066,205.16532764921436,194.16607931605563,236.0337039163164,226.58356195458867,261.53447122665693,255.2810067236212,4.076684745470402,2.0221978176484185,5.6183734514574155,3.596175633808997,5.6641038001133097,11.313909781870649,5.6498059817573392,4.5507998255332325,15.526099643976522,10.97529981844329,3.9884421627987763,13.52219978051923,9.5337576177204539,3.280740216322954,9.5116001218707424,6.2308599055477885,111.29759371255295,90.432560529346119,20.865033183206833,89.525385154223841,21.772208558329112,100.55985333804355,31.165480712333192,157.32087701756973,208.19233704247921,163.01231898203085,152.61898462778001,182.60011626114434,167.28121584382262,205.01561304460989,188.89900390971721,229.08046209832443,215.95212572926695,256.42205133118978,241.70459907235096,-1.0961319086658818,-4.6658277047462775,4.7238525237628437,9.3896802285091212,-4.3464328482434951,10.094075580504665,14.44050842874816,2.0332081018149495,17.644872381073952,15.611664279259003,4.7285018417115054,17.811963683486312,13.083461841774806,-1.0116402643220965,14.382701839623735,15.394342103945831,113.72535316252925,119.56068982417037,-5.8353366616411222,119.81440214752547,-6.089048984996225,106.44121636601358,49.639464371076429,346.24794291332364,205.47357918834703,155.25627164517425,152.79017042906594,172.34032788177768,170.88031233853681,205.34005176143907,198.07101002740919,240.46341893070974,234.21352410857602,263.05940787334725,259.7922980851954,8.204912780218649,4.6959845896828369,6.3297434968281152,1.6337589071452783,10.526979047731317,11.504268411409328,0.97728936367801111,6.9482535553694618,14.208806022448073,7.260552467078611,3.4142381307439109,10.410442439855842,6.9962043091119313,5.152998565769451,9.7825463530708703,4.6295477873014192,-5.1728166541362839,-9.3010446888845308,-6.6880255223946961,-9.3618122944291144,-10.010536648356805,-14.873411895974812,-2.517591723718283,-4.9150454535545123,0.74005967891272917,1.3142637109675945,-4.2923804806450505,-6.1646388300915476,0.31241187080489097,0.48579388304844956,0.38568779121739477
2938,2017,109.57550122693385,37.725172564782838,7,10,24.462264198368072,18.090911865234375,188.26437246799469,177.32890963554382,10.935462832450867,176.85345423221588,11.410918235778809,179.95140872876073,81.189259720693371,460.1545689329505,210.33375542566665,160.04672851714275,159.05433558950475,178.14136416191837,176.31826011942601,208.81227784578417,202.62233458264726,241.80373351914682,234.78312934313453,263.15968815329614,262.16855016834927,2.5358435760419127,2.1172830886299323,2.5301724642611418,0.41288937563120953,5.0554976885683232,6.3744439512027213,1.3189462626343982,2.4477654233710382,8.7847586538995301,6.3369932305284919,0.12490945719719093,7.2278677516233358,7.1029582944261449,3.176415991288934,4.2078743831801262,1.0314583918911922,90.092688970267773,76.783456325531006,13.309232644736767,76.204793870449066,13.887895099818707,90.047100597506869,35.187818364007398,152.73047963343561,210.39519387210734,163.74340058462184,156.31620262723871,182.8430922001952,173.26273760288123,211.89254785231091,197.33709552178576,236.28394508980213,223.94863189036985,260.26383968064368,247.52665773746253,-2.119359632108484,-3.4808691627072221,3.8185729020106862,7.2994420647179084,-2.9925530271410423,6.0289335720067641,9.0214865991478064,-2.9456226952529505,10.660339688520622,13.605962383773573,-0.98565901750075113,10.464057300000405,11.449716317501156,-5.2506090440818127,8.9814338216154965,14.232042865697309,98.171683132648468,100.54545184969902,-2.3737687170505524,100.64866009354591,-2.4769769608974457,89.904307760756637,46.001441431890271,307.42408929392695,210.2771409626796,159.07109921131467,160.74951577424051,174.76117396958622,178.67829256153848,207.90280819132218,207.28789947312552,243.06956067787866,243.09364246179706,264.53605676929249,267.35053651272017,5.8930073319811527,5.0702570979914867,2.0129570668894701,-3.0573000311020166,10.734244578536845,5.8790975754045576,-4.8551470031322879,6.6676791239870568,6.7422205171316421,0.0745413931445853,3.2658066580034415,3.8672392215188154,0.60143256351537389,5.5687703548679224,3.8881373156401651,-1.6806330392277573,-4.6552032081503967,-8.0123669640896367,-5.5981522513371544,-8.5511262606987088,-8.0480507157093655,-13.726797605677888,-5.3933881186239887,-9.6133018192400073,-1.1105684746979421,-4.2514656755041926,-8.4270250353707468,-10.819379398949735,0.33191125318520981,0.50039675284361973,0.43340484301815591
2939,2017,109.82550237050431,37.725172564782838,7,10,24.462264198368072,25.199996948242188,201.51215950457117,206.98124892115084,-5.4690894165796635,207.21903526980896,-5.7068757652377826,192.40880856586318,86.035722016229556,439.36768049001694,206.99045806794754,150.6091891497241,149.83165863851374,173.5724858244576,168.13338170986214,206.45312166342248,196.38585054095512,240.08511508314351,230.34717143590331,263.60373143438233,259.64979805074887,2.0209078565808625,1.6444475289388549,1.3765206496015878,-0.26792687933726711,3.6620629946135352,8.5573337488858385,4.8952707542723033,2.066798148879144,12.1611289488105,10.094330799931356,0.43989799478180203,10.401356749767075,9.9614587549852729,2.9894534315122883,6.9628672577049429,3.9734138261926546,90.536115784729191,83.11321899383438,7.4228967908948107,82.790484180117346,7.7456316046118445,85.402502455468039,36.97893996390485,140.6329012948554,210.0538791672559,159.57077314564569,145.95379724305479,183.41396993217643,164.31972923406053,211.24552139927644,189.86070721444943,237.79847618132325,216.18160077576542,263.15328330146485,240.77693086856539,-5.42226606432925,-6.0701812972769176,6.9913432398890052,13.061524537165923,-9.5739495718448779,9.5747100300109764,19.148659601855854,-5.0099568047701553,15.836549618518319,20.846506423288474,-4.6561367582041271,16.563968092556678,21.220104850760805,-8.8442657434410705,15.007509503051438,23.851775246492508,110.97604381856218,123.86802983195048,-12.891986013388305,124.42855020158277,-13.452506383020591,107.00630620911534,49.056781837189192,298.73477928340435,204.58818659713901,144.83662033431204,151.7669045639351,164.41253224689248,171.03358678601847,206.10857890769822,201.56296804757508,240.3780991162827,239.67377094068203,264.1764188520109,265.38036504909894,7.0624624787973289,8.5449172887239513,-1.7792113026006007,-10.324128591324552,15.0308643315214,7.2134855985593163,-7.8173787329620836,5.3245588081096002,9.0539222601030644,3.7293634519934642,4.7384140092336224,6.1769371655840928,1.4385231563504703,6.3773257927276745,6.2857861925925249,-0.091539600135149612,-7.4431739209101124,-12.484728543126579,-7.7146288262157725,-14.615098586000869,-13.236012566458413,-24.604813903366278,-7.0767549536492993,-10.334515612879756,-5.0960347529859291,-9.3945507674377495,-11.833719174953359,-15.221591536168745,0.32008021422515803,0.44385962935908951,0.42980914319437263
2940,2017,110.07550351407477,37.725172564782838,7,10,24.462264198368072,22.727279663085938,202.53023221946933,210.74607462574204,-8.2158424062727136,211.10328263771953,-8.5730504182502045,194.34560403470823,94.562379766695813,445.22167920321226,206.76757403452714,149.03859232231292,148.1583874977635,173.46800402189356,167.11508182431035,206.159992114137,196.68561774802058,238.77768819188796,231.66829826775438,263.49458940823735,261.29133619718658,0.87990015570511559,0.028808769036885451,0.36701861307344075,0.3382098440365553,1.0694974417729952,7.4766481249943979,6.4071506832214027,1.0671918270492426,10.516744271001727,9.4495524439524843,1.1349711915729017,8.4609905025115495,7.3260193109386478,3.3268882342819097,5.5679882776142904,2.2411000433323807,81.556315452042327,81.525716723148435,0.030598728893892257,81.524385915892708,0.031929536149618798,77.962981901445346,39.66040888538555,132.73747360220659,207.10293755080943,150.98144340574916,144.42535171028743,178.53803043957109,163.00591419320409,211.01583885423014,189.33072192995544,236.48235249204856,214.71390946898433,262.27922405179118,239.61723379654535,-3.6989435367973158,2.1632727639578206,7.851645555221296,5.6883727912634754,-5.3866361057247047,10.302531061110727,15.689167166835432,-6.2933669846377427,14.880863312851517,21.17423029748926,-5.1986284463691561,16.737817310946269,21.936445757315425,-9.7092134445564113,15.038686942110843,24.747900386667254,120.97391691457597,129.22035613071057,-8.2464392161346041,129.57889647392585,-8.6049795593498857,116.38262232511534,54.90197055662793,312.48420535214245,206.53727542732648,145.44644060717138,150.92849075348477,172.11285949785679,170.82765222408989,205.91142490928783,202.68844462362188,241.71514594933592,241.74975061228588,263.92104486864355,267.42654422977409,3.5193797548922419,4.0249531933234834,-4.5696529851971945,-8.594606178520678,4.5098984145929819,4.4470545246271911,-0.062843889965790822,3.6269170642057986,6.3240279965568504,2.6971109323510518,3.3734160468773382,4.2841541364411739,0.91073808956383573,7.0576664906576525,4.6769286563050514,-2.3807378343526011,-4.5788436925024314,-7.2183232916895577,2.1344639949209352,-1.8616804293656628,-6.4561335474977,-9.8965345203176867,-7.3605588116869853,-9.9202840488435413,-6.3335996379420578,-8.5720444932464943,-13.036101678838321,-16.766879935214064,0.29813793847541126,0.40115639501432671,0.4194100125571677
2941,2017,110.32550465764524,37.725172564782838,7,10,24.462264198368072,15.31817626953125,188.68775123357773,174.93830406665802,13.749447166919708,174.34050154685974,14.347249686717987,189.18727889233196,88.09800411046308,404.73727054521441,207.55593011211707,154.29316519819528,154.63119310746569,175.56473725790045,173.77793103216885,206.80448894483149,201.95505129707917,237.00503998114749,234.25840375539352,262.76327624301047,262.73529037341655,2.9346123903475245,1.7131217284963327,0.66400842909402513,-1.0491132994023076,4.3122162373748836,5.6583758862616378,1.3461596488867542,2.8941150994783129,7.7169160440008397,4.8228009445225268,3.6315146957519744,6.4956551811047802,2.8641404853528059,3.6528851106671709,3.5964966512707406,-0.056388459396430335,72.080074764788151,65.572904795408249,6.5071699693799019,65.289984822273254,6.7900899425148964,72.563569469959475,43.540560457855463,136.19713101483649,212.95663855096123,162.11047303745752,151.58180996160596,185.87751967738166,172.54799449245763,218.63581084110649,198.9434361860738,244.66589381664235,224.16445907130995,261.41845163108155,248.45654962948899,-4.8520640485044453,-4.9356775935300448,4.9291824830498001,9.8648600765798449,-6.5994367769906432,6.6860519615123337,13.285488738502977,-8.6669149270685466,10.481308697635086,19.148223624703633,-9.2819218659305136,10.460467338723191,19.742389204653705,-5.4034034580102457,8.5758453472308531,13.979248805241099,116.60767656564713,109.36539646983147,7.2422800958156586,109.05051591992378,7.5571606457233429,116.62370951923003,44.557443611629424,268.5401397049427,203.66562063910916,145.79805102267085,156.83320324323046,173.17468780097519,174.80920925514937,203.51024602723226,204.27246159928603,235.25972793361871,241.34987166495318,264.08928617474589,267.64573220034106,8.1476664835796555,9.9847524066255176,-2.3987199194116045,-12.383472326037122,7.0860252961555545,4.7387738174715821,-2.3472514786839724,7.000155052367262,5.5641827105675077,-1.4359723417997543,8.6290114437323098,3.1660734674715059,-5.4629379762608039,5.3620376994147705,2.6146937111111583,-2.7473439883036122,-7.7866764388519698,-12.999730532084101,-6.6487993220263775,-14.920430000155562,-10.911653014365527,-13.685462073146198,-11.56103002654686,-15.667069979435809,-12.913436561682488,-17.910933309662823,-9.0562885686774166,-10.765441157425016,0.33650750975161675,0.38355416862492114,0.49422868199444608
2942,2017,110.5755058012157,37.725172564782838,7,10,24.462264198368072,14.095245361328125,168.40613388753991,168.8057217720343,-0.39958788449439453,168.82309285891097,-0.41695897137105931,169.48834911559243,94.994280841507134,376.98123073391616,207.10787128020979,150.87434479779768,146.68416628273735,175.0309392999086,170.28789554757685,207.51858635314886,200.07760025917455,236.85245535851325,232.41549991724622,262.23854537240362,261.00670904048923,0.11384379725586768,-2.8546356230965273,0.024025272535084241,2.8786608956316115,0.63376205617157666,5.0131927170976383,4.3794306609260616,-0.045753601867630778,7.3841519670470461,7.4299055689146769,2.236001753405958,6.5948463625052227,4.3588446090992647,2.987670732297147,4.1206611377917284,1.1329904054945814,76.21299857172562,57.161759096983587,19.051239474742033,56.333443652267306,19.879554919458315,77.217479190190716,50.784839374093281,141.94474626146257,209.30532640377709,152.76727405981939,146.89229949922105,182.84150664419593,168.60453810457045,216.0345794263298,198.27797656481175,236.00235398710186,224.42749352223458,257.56545798273606,248.1976569056018,-2.905065401181588,0.060278559941110643,5.489245773668074,5.4289672137269633,-6.6408885348772344,7.930765955966308,14.571654490843542,-7.0330065967500843,10.394372042951403,17.427378639701487,-1.616023550197383,10.22548399767507,11.841507547872453,-2.1647090435400003,8.8223643393147029,10.987073382854703,92.193135472276481,111.64396000561464,-19.450824533338164,112.48964859782427,-20.29651312554779,92.270870081863904,44.209441325852822,235.03648441843688,205.04691935321685,145.13800052038366,146.59402486191098,172.55924741732252,170.81970132468257,205.30444150358105,201.08417931623342,237.34608357434706,237.59483004504654,266.34695892361481,265.71233493199821,2.4174099818963839,1.7474372083673018,-2.260264558178477,-4.0077017665457788,1.6019537337202223,4.0139308578366411,2.4119771241164187,2.0685336915526307,5.7548698658004014,3.6863361742477707,4.1404744824564261,3.8901378582203563,-0.25033662423606984,0.77458919490879907,2.422819640621924,1.6482304457131249,-3.0189091984374556,-5.3224753830779719,2.9149141830376379,-1.6871586484261911,-7.2746505910488111,-8.2428422685974567,-6.9872529948824535,-9.101540288302715,-3.8520253036033409,-5.7564980326538091,-5.1523797758371472,-2.9392982384487993,0.37653000916019375,0.45559166510925048,0.53460944094966167
2943,2017,110.82550694478616,37.725172564782838,7,10,24.462264198368072,10.809524536132812,157.59061112237032,170.1452317192925,-12.554620596922177,170.69108891137876,-13.100477789008437,161.09445443125151,100.04886703096781,380.61087388917804,207.81228050369157,150.60064108886553,145.74825764256286,174.85515390199529,170.11522990244731,208.44362656297875,201.25058593969263,237.71539562134672,234.55309427333867,263.14060348749933,263.89000539760491,-1.0128653174355406,-4.0966985079105882,-0.29518191883298073,3.8015165890776075,-1.3997521563704822,3.636702405493196,5.0364545618636782,-1.6999619040773553,5.5790407803197866,7.2790026843971418,1.6951838847408283,4.983945735792787,3.2887618510519587,3.6847833978914082,2.9031462211335111,-0.78163717675789712,75.777819804206956,57.159513737558882,18.618306066648074,56.350021103802646,19.42779870040431,78.180832793228092,51.861455844162265,142.07460779412759,208.19562966552439,154.0903062234047,148.29348169913578,180.27689911056061,169.24436326667362,212.68656682451285,199.92264498564782,234.2918499283617,226.97227550674992,257.86126823754654,250.66551363195782,-1.6643313392636117,-1.0915498308074234,4.9366353441211857,6.0281851749286091,-3.9892678671354815,7.2554633913145494,11.244731258450031,-4.0486670820591826,8.3799282643485355,12.428595346407718,0.55019000859914513,8.1930134776886518,7.6428234690895067,-0.47962634394275483,7.2680345163778384,7.7476608603205932,81.812791374042718,112.9857236384978,-31.172932264455085,114.34106747975056,-32.528276105707846,82.91362169957938,48.187411019836873,238.53626591339707,207.43202707178764,144.84741714702562,144.49124582548913,172.24710741891934,170.49760928891951,207.28783876898569,201.92229476490351,242.29745695646085,238.95226517366061,273.99977322113369,268.34429367272145,-0.72037132037792162,-0.49407269966562239,-1.7079341695579728,-1.2138614698923504,-1.2863709297593289,1.7328936614194106,3.0192645911787395,-1.1002987450151807,4.1072934768946254,5.2075922219098061,-0.63240733641472957,3.0215610259521952,3.6539683623669248,-4.578016487718287,1.9990994092784149,6.5771158969967018,-0.65146602182807101,-0.94396001888569003,3.0051486771031648,-0.59747713114180101,-2.5895157107649993,-2.7028969373761527,-2.3487051779818273,-2.9483683370440019,-1.1449938761416831,1.1825973450138747,-4.164409741834163,4.0983901437755321,0.37328047499634825,0.48531051592835839,0.51836125068872341
2944,2017,111.07550808835663,37.725172564782838,7,10,24.462264198368072,13.227279663085938,167.3536925859371,167.62076655619603,-0.26707397025893442,167.63237573991501,-0.27868315397790866,169.43088316675221,97.336539668584919,401.51090198941529,205.25382890414349,150.82889163909724,147.20270589015109,173.03896383950092,169.3015306798487,205.51725505059161,199.05210257194202,235.2217494808225,232.69918925314195,260.76959244902986,262.20248669262378,0.89484342865179656,-2.4740306354952679,0.26255861467089403,2.7365892501661619,0.30082056363502829,3.98397788016959,3.6831573165345617,-0.030172452858323595,6.4396853555846576,6.4698578084429812,2.8581094537267688,5.42139927773502,2.5632898240082511,4.6952960505441297,3.2071868815241373,-1.4881091690199924,75.060197346807399,61.118657709623221,13.941539637184178,60.512503537353041,14.547693809454358,76.842335323793122,53.984483171405714,141.56295737728033,208.17187093626632,153.39020109265502,148.69051579156525,181.08870422420836,167.83827357605,211.25095163424606,196.02064025918909,233.23494020958404,221.50109936976398,257.8799245047839,244.83647829513663,-3.4691454604419221,0.48187547765888894,4.9559635196998499,4.474088042040961,-5.3429183963774278,7.8633952610573772,13.206313657434805,-5.3742529154248189,9.922379678594865,15.296632594019684,-1.5856232555962606,10.155330554585589,11.74095381018185,-4.7762414936934761,10.104642429261389,14.880883922954865,92.293494890815055,106.50210805003735,-14.208613159222296,107.11987180429423,-14.82637691347918,92.588547494644445,43.352056417805215,259.9479441922158,202.44555721439366,144.97405017893055,146.59036368746578,167.42980842696824,170.0045879388577,203.19768577338746,201.06560895076765,235.6256056294915,239.95058851178578,263.77591000338759,267.77690116660165,4.2486434559829718,1.6187532983420283,-1.8527497453378032,-3.4715030436798315,3.7343153982894535,1.780361848433671,-1.9539535498557825,2.5289560869849481,4.1264741027614775,1.5975180157765294,5.8173776996775359,2.222601437451118,-3.5947762622264179,4.869569291629773,1.739770052225424,-3.129799239404349,-4.3639888890937186,-7.7177889164248938,2.9559061131541569,-1.1368778206831394,-5.6437389600124561,-9.0772337946668813,-5.3440804625664953,-7.903209002409767,-4.4437327093230294,-7.4030009552737965,-9.4715375442376057,-9.6458107853232491,0.3525756254085779,0.45353204733145169,0.55461683099906878
2978,2017,99.575455484115338,37.475171421212373,6,10,24.543212206378936,-3.3333282470703125,116.38681975827421,105.23062041705634,11.156199341217871,104.74556932177802,11.641250436496193,142.9833208015225,115.10437320842539,395.04168113321066,205.02270783329746,156.17265155313012,155.20094806742304,181.38731615546979,178.23450150978297,203.82645158371093,206.54653042700133,228.09846606903724,233.79704052330857,253.4689306819329,254.74393568668773,-0.26077558709420146,-1.2748339838204004,-0.40939934917653886,0.8654346346438615,-4.4162358020521708,-1.0943731373971559,3.3218626646550149,1.067594904187871,-1.6115607738856284,-2.6791556780734993,4.1907276802461979,-1.5016114750324618,-5.6923391552786597,0.22842644224112973,-0.98273542507675415,-1.2111618673178839,69.00503814712647,56.775341457430841,12.229696689695629,56.243615620167475,12.761422526958995,69.215848231022392,69.05101235091206,140.70588491950184,211.05173691965302,181.71936290463142,180.86695985801435,193.63086759599241,195.86924599698142,209.92415650420719,214.73758617237237,225.71962682749691,234.68356871559209,244.55414170190116,250.84464740717959,1.1936081406058463,-3.509920226822544,-3.0990352710645084,0.41088495575803563,-0.95589221978659111,-3.1558431110600225,-2.1999508912734314,1.8384246126102255,-3.1558555626301938,-4.9942801752404193,5.9022503805323936,-3.0535166307285238,-8.9557670112609173,3.1198837475196797,-2.8725229836618382,-5.9924067311815179,47.381781495663745,48.45527954822046,-1.0734980525567153,48.501953078245606,-1.120171582581861,73.767472443840234,46.053360991623776,254.33579616248608,198.06552945354417,145.02233941614668,147.58371979019159,162.15879164600921,160.57045493587063,191.98488327392857,188.37052426015165,233.39111085985232,231.96077447393816,260.77410806396244,259.25709421189225,-0.72103189766926334,2.4238951028287374,-0.14463435214645415,-2.5685294549751916,-1.7634220824409397,-0.25536170460964058,1.5080603778312991,-2.6043315659293569,1.0550173342358562,3.6593489001652131,0.18885948735982083,1.6563634145553863,1.4675039271955654,-0.78599491372756347,0.77075198430418368,1.5567468980317472,1.4543837277000478,1.9146400382751096,-2.2350862430021436,-5.9338153296512814,3.4603435822655797,0.80752986265434856,0.77082970842235454,4.4427561785395824,1.7115227002861957,5.7133908931725728,2.8914573052785499,3.9058786612472431,0.35617984541751402,0.48408337310267152,0.59989912134683065
2979,2017,99.825456627685796,37.475171421212373,6,10,24.543212206378936,-8.25,123.43069019470931,101.50032021640072,21.93036997830859,100.54682390049129,22.883866294218024,156.62475344095947,114.17697923900778,395.6860657222569,203.91378420916124,152.68448773100965,153.85839599947226,179.38659452883076,178.18390661609493,202.7824603059521,208.32117845186866,228.13614157078987,234.93650736564416,253.71251467464913,255.06856279559707,-0.42315057641314979,0.36245496526791499,-0.92012160208361138,-1.2825765673515264,-3.7478352885351285,-2.3661396381474447,1.3816956503876838,1.2821859969677689,-4.1916882189345017,-5.4738742159022706,2.8410471516050109,-3.9198928515422722,-6.7609400031472831,-1.5586727952763795,-2.8089789168213883,-1.2503061215450089,78.397407934528019,59.132518518357756,19.264889416170263,58.294915466329257,20.102492468198761,78.776115641456272,73.067015858405284,155.02992512097944,211.75838108768545,180.29980546115226,184.91676101041432,192.77688827205034,200.44253809446332,209.8834827008418,219.11031335193184,227.70758252395638,238.56193599278504,250.38103883195163,254.44572676344725,0.26108377173562758,-2.6978534302009507,-7.8709985185013238,-5.1731450883003731,0.034573299754868003,-7.8671208361743652,-7.9016941359292332,1.7155029578063932,-7.7727860342742474,-9.4882889920806406,3.5893475133268851,-7.3554510149245971,-10.944798528251482,-2.923644707823172,-6.6777428625437381,-3.7540981547205661,45.033282155873167,42.367799433066466,2.6654827228067006,42.251908788809487,2.7813733670636793,77.848637724997388,41.109963401464483,240.65614049509168,193.90065243247946,142.23111701140766,145.69612108726997,157.50660944350511,158.52640280321694,185.66690726714083,184.67551880063681,229.33271846215004,226.9676315883612,258.01137088626268,255.94202104430536,0.71276288329198678,2.6465823820068124,-0.84257077428011939,-3.4891531562869318,0.32278014698474067,-0.75968063782451623,-1.0824607848092569,0.60415972594614686,1.6051792666588653,1.0010195407127185,0.98387894847661528,3.6173632293110529,2.6334842808344376,-0.51829205025779856,1.7851935522527356,2.3034856025105341,0.68423434814877737,-0.4516791115563592,-3.0603083954688657,-5.3444358122077631,3.7824085882899965,-0.28820684722987266,0.43331696083862425,1.1113432318602463,0.7483003617218742,2.6054685648502698,-1.3649719125467925,-2.4053526575653734,0.39180031482281025,0.5029608277796993,0.63994525293451132
2980,2017,100.07545777125625,37.475171421212373,6,10,24.543212206378936,0.75,140.57208436727524,124.73540744185448,15.836676925420761,124.04685428738594,16.525230079889297,162.84797340631485,121.33302463310429,393.41610769182444,203.60337513383678,152.05885028828914,151.37216476617883,178.8907829880381,176.15330497757171,202.52809149370856,204.46575005956407,228.18920276494381,231.78276195299489,253.75604904632354,254.2302858746865,0.6750656314194714,-0.48799485695562339,0.067611468821468179,0.55560632577709157,-2.4134057126738355,0.25613453630290905,2.6695402489767446,2.3442936079091794,0.41441562656586939,-1.92987798134331,4.0884473791085441,0.40045266179265582,-3.6879947173158882,0.79096930983433822,0.28729929474073401,-0.50367001509360421,92.415985325351357,72.179761588573456,20.236223736777902,71.299925841391087,21.116059483960271,92.466515140607953,75.635205939412117,168.92677517647826,208.73991160767554,176.61694338723305,174.74215581708972,190.1142160747398,190.80143453841015,205.1659570338565,210.12967681032006,226.01968656027637,230.90009860126611,245.29450441330079,248.37395037754953,2.981441951101317,-0.53740756269846202,0.71167850630075691,1.2490860689992189,1.2866525616819331,0.7182746081600726,-0.56837795352186049,5.7749104186187026,0.71920521813396476,-5.0557052004847378,5.7750495465818972,0.71309994892689588,-5.0619495976550013,3.3446652313628533,0.65185021841409707,-2.6928150129487562,48.156099051237106,52.555644102394581,-4.3995450511574745,52.746928311884403,-4.5908292606472969,70.381458282470703,45.697818917209588,224.48933279514313,196.16483285393599,139.94440853125727,141.35764901736104,152.39649289889741,154.39031754056191,189.18387058878147,186.49800336779512,234.54196368754017,234.16356118997197,263.25532187943816,263.1991166663305,-1.3832258141507907,1.5672426455517154,-0.078699214412409901,-1.6459418599641253,1.8442746004567709,-0.02503557076187235,-1.8693101712186433,-3.139390055186027,-0.46124636624477944,2.6781436889412475,-1.1022359168175626,-0.52861186349500144,0.57362405332256117,-0.55545985737171577,-0.20437199657993688,0.35108786079177889,2.3063763196818456,4.3646677652521078,-0.049412705742838625,-2.1046502082501775,3.7000582743557686,-0.55762203877483785,3.4306168107095232,8.9143004738047296,1.6866021674733531,6.8772854633994598,2.5536959215285151,3.9001250887345691,0.42938449106106269,0.56780881706092101,0.62336866791315393
2984,2017,101.57546463267903,37.475171421212373,6,10,24.543212206378936,3.095245361328125,158.3517698443502,143.83209279393486,14.519677050415339,143.20080351122306,15.150966333127144,175.35205269868811,134.76419411227835,377.1735564135015,200.40814046542224,149.16854424812831,146.15273162048425,172.62129774380068,167.77288052011014,198.84239635091919,197.53836171159,227.0341300858947,227.97960391721585,254.94027438030196,252.39515063821975,-0.74923366436851779,-2.2643972915380459,0.73981466666549522,3.0042119582035411,-3.5921198059235167,1.3234662846862761,4.9155860906097928,0.31398358310536878,1.6556184143508119,1.3416348312454431,2.3276843007668617,1.5111533490086799,-0.8165309517581818,-1.7172450052949841,0.96063746437209829,2.6778824696670824,108.02879546028635,83.598493572277221,24.430301888009126,82.536307114278316,25.492488346008031,108.02879546028635,86.332604124118916,197.68498365441337,204.32551099018511,167.5438131797963,163.1738312938061,182.28158749398506,178.92145949303156,200.40002297484858,201.78304065548568,224.78978821753438,224.94830997690181,246.26620612822964,244.7413645924978,1.2702369973061138,-0.97848872363132955,2.9403784169799678,3.9188671406112974,-0.18104358281948407,2.9428721701137306,3.1239157529332147,4.2985762793188371,2.9144408755966538,-1.3841354037221834,3.0603305545078854,2.7893798147477185,-0.27095073976016693,0.64714009260245575,2.5781668943733962,1.9310268017709404,50.322974588954821,60.23359860432538,-9.9106240153705585,60.664495981841355,-10.341521392886534,67.323257443292732,48.431590000222059,179.48857287317514,193.83057033588059,137.80535771303116,136.12196809094442,148.66288966227884,149.4890330187369,185.78916939702998,184.33413840150436,236.46571160950413,234.62810454620075,264.50741505158385,261.82860892438759,-2.0576998704074754,-0.98334616413259823,0.57338521174546031,1.5567313758780585,1.5096129269503251,0.76758347541939997,-0.74202945153092514,-2.8990006502253607,-1.7473035485776904,1.1516971016476703,-3.5179841049098854,-1.1704206600556972,2.3475634448541882,-3.474052294325702,-0.36520731973479315,3.1088449745909088,2.0194706616746316,3.3279368677135892,1.2859085679067164,0.0048574405012686839,3.4110762231040326,-1.6906565097698092,3.9845926962134683,7.1975769295441978,0.73264625374102366,6.5783146594177708,2.3643850978974399,4.1211923869281577,0.524122066069998,0.61606804025222883,0.64061974838948088
2986,2017,102.32546806339042,37.475171421212373,6,10,24.543212206378936,-0.6999969482421875,81.502712775532927,75.663279668760879,5.8394331067720486,75.409391010294712,6.0933217652382154,93.977695260079599,91.430825035507951,232.17941180616617,198.94739159052028,150.88960727536647,149.65897128651386,173.28819281928105,171.51932160755831,197.58516960760923,199.91948015470916,225.19012265521457,226.57334694583176,247.87516218293362,246.86769963487606,-0.19748280593975664,-1.4450644097850613,-0.16106587125682381,1.2839985385282375,-2.1731747400395136,-0.26484401761157983,1.9083307224279338,1.8947527759157197,-0.3521104177927441,-2.2468631937084638,1.1073334445870273,-0.34496695203492322,-1.4523003966219505,-1.2585496306231505,-0.18404234754669346,1.074507283076457,35.373190472095303,28.553565084444926,6.8196253876503761,28.257059402409141,7.1161310696861619,35.373190472095303,42.786026059689902,82.777919555315748,204.8798588300314,173.26369003669427,173.41167860444187,187.03591248221608,188.31522899756968,200.29522058105036,207.64491421242269,223.98244846798676,226.42147045333508,242.64726634159027,242.40060505240103,1.8830442472744267,-0.52619810296516789,-0.62880053465730157,-0.10260243169213368,0.73460718707244155,-0.68856339932199262,-1.4231705863944342,6.6480691717058278,-0.65466586737446164,-7.3027350390802894,1.8557109417226627,-0.60514754463955001,-2.4608584863622127,-0.92942405072557222,-0.55787278930685602,0.37155126141871619,46.12952244616281,47.109715342784511,-0.98019289662170195,47.152332066841154,-1.0228096206783448,58.604504930709481,48.644799050323854,149.40149234235287,194.62403488952495,144.06240826911593,142.50911397324529,162.10076388314235,158.52356965947067,190.07721986869075,189.5727679475028,227.01321601123539,226.75399254344228,251.70464496245944,250.18888198491334,-1.4225842591220044,-1.0365355445317732,-0.069526762365683226,0.96700878216608999,-3.4222031682161571,-0.19315093877398226,3.2290522294421748,-0.70760585978891299,-0.071876734881726634,0.63572912490718636,-0.2701380454612945,-0.03898183262180055,0.23115621283949395,-1.4716308733158314,-0.0031713106936592794,1.4684595626221721,2.0805270532141833,3.305628506396431,0.91886630681989345,0.51033744156660532,2.9077819271119552,4.1568103552885987,4.7533163957901081,7.3556750314947408,0.74837749713563539,2.1258489871839572,0.32912557989757829,0.54220682259025921,0.35652566655833584,0.37639985077524385,0.4679606253478909
2989,2017,103.57547378124274,37.475171421212373,1,10,24.543212206378936,2.2727203369140625,58.648080825805664,75.909383535385132,-17.261302709579468,76.659875631332397,-18.011794805526733,75.683590617831214,95.3603750243783,379.84345860034227,185.36050091975414,133.03183214063267,134.69332329017627,153.22858010556257,154.24026350766508,186.45909995340702,185.58093904814319,219.7985199978614,215.56621137913473,233.37821302052805,233.35426963000802,-0.10491554109003687,2.9606026147806404,0.32962167367466577,-2.6309809411059746,1.9516336318927188,0.39881443362466484,-1.5528191982680539,-0.39947528961994294,0.62081007801731403,1.020285367637257,-4.5631619409921598,0.59493016420893241,5.1580921052010922,-0.2208248879315704,0.32148345654962895,0.54230834448119936,13.466849220916629,29.404344707727432,-15.937495486810803,30.097279071807861,-16.630429850891232,16.261645311489701,35.162423288449645,62.290566843759734,191.69082208185239,139.74210470032523,143.17066296019331,173.10164780196655,160.34287898398767,198.53714107775798,187.16381322134635,223.48303153944804,211.53490913752034,228.8720506263985,227.52177687838835,-1.9346308529254372,10.12010199178556,0.99059111973207337,-9.129510872053487,-5.0392497935470146,1.5923184664499388,6.6315682599969534,-7.3733247249652152,1.4195274889285088,8.792852213893724,-9.8510319073463108,1.7112718315834456,11.562303738929756,-0.97794262126151921,1.2568701324004223,2.2348127536619415,45.181231647729874,46.505038619041443,-1.3238069713115692,46.562595784664154,-1.3813641369342804,59.421945315654739,60.197951905429363,317.55289201438427,182.63912372022142,126.14626521114388,131.50280483007322,147.20517442026551,148.60857608665873,180.37632389624935,184.46177188328284,219.01539531439084,219.00867919623724,238.10087549506585,236.03061997532404,1.718967738994678,7.9852477575459204,0.26346145704744117,-7.7217863004984792,7.6922781373982616,-0.071746154180544863,-7.7640242915788065,4.6375393802312601,-0.13837509822013772,-4.7759144784513978,-4.4746501648631067,-0.29288530760399567,4.1817648572591111,-3.9607006366224766,-0.11635817015070415,3.8443424664717725,-1.8297153118354004,-3.6535985919201153,7.15949937700492,2.1348542342396399,-6.9908834254397334,-12.731527930945276,-6.9738494353452722,-12.010864105196475,-5.2878699663541511,-5.3763817424832041,-0.75711773332994881,2.9827580153609574,0.16399010021994256,0.2148635546852401,0.36873201557209256
3001,2017,107.57549207837015,37.475171421212373,3,10,24.543212206378936,-7.15789794921875,89.527393630170991,93.392029659422406,-3.8646360292514146,93.560058818124162,-4.032665187953171,126.14945471361352,63.860746540576656,429.49371384084225,222.01045983673879,180.04814670371002,181.45517702997898,196.99493496322347,198.2633591230703,220.26568811704269,222.71446708451441,248.95454440150189,249.34898664838909,266.02354272803512,268.70115315081819,-0.31880270794519561,0.57843826918141872,-1.8787281210175024,-2.4571663901989211,-0.67596460819015647,-1.9590491402576049,-1.2830845320674484,-0.65262856155476356,-3.3444307711791907,-2.6918022096244272,-2.9647582896210736,-3.1066209429462788,-0.1418626533252052,0.7043794698771535,-1.9488238420216248,-2.6532033118987783,43.601338980819719,44.64906119992429,-1.0477222191045712,44.694614100989384,-1.0932751201696647,56.041350706306048,31.185360148123209,118.04667083267123,224.90201934909601,182.72828742600842,182.18156750056093,200.84571664659885,201.14943678223722,222.93377149690335,222.27731890980718,252.48173726815051,244.81029649371038,265.51737185873344,264.93758457167394,-4.5403555624852459,0.465856007067174,-0.8140912808819678,-1.2799472879491418,-1.7746459869289595,-3.0709292587971504,-1.2962832718681909,-4.6551969691557815,-4.6001763150253794,0.055020654130402136,-11.633868532773192,-3.2873850809066312,8.3464834518665612,-4.9480537993399025,-1.2509921901041707,3.6970616092357318,45.926054756796475,48.742968923786975,-2.8169141669905002,48.865444074031984,-2.9393893172355092,70.108103886529534,32.675386584110129,311.44704274088144,219.55655196998438,174.92445735138566,181.16296567818591,195.45032246028586,195.32551442741035,213.09651642168615,223.24762577099429,244.82577590377053,252.39108715984901,268.47407825626345,270.53970878341983,3.2625350549775476,5.9541083460297273,-2.4051591948108069,-8.3592675408405341,-0.0089694514713301032,-0.38274012420941972,-0.37377067273808962,7.0013983975973986,-1.7572127982987524,-8.758611195896151,5.0500490734820858,-2.8907433958280251,-7.9407924693101108,-0.38273281502949885,-1.8612708083153393,-1.4785379932858405,-4.2215528545400502,-7.8028906174627934,-0.11258226211424471,-5.4882523389625533,-1.098681378738803,-1.7656765354576294,-4.002568407601018,-11.65659536675318,-8.6691102431521188,-16.683917606255278,-5.652433269217056,-4.5653209843104037,0.27485075340687259,0.44424568329313829,0.48833378620633972
3002,2017,107.8254932219406,37.475171421212373,3,10,24.543212206378936,-8.4444427490234375,95.373687573382995,91.781040351452248,3.592647221930747,91.624839207512196,3.7488483658707992,137.04187028683555,64.488230398823362,449.11371306702495,219.97004751316203,176.80160795318506,181.29606873118465,195.70054992029091,196.92452967921034,217.76816437499585,221.66923075794216,246.89244584742912,247.7805595510178,264.58715141479104,267.27330615782392,0.43506458876996135,3.0794855176605154,-2.048148511613249,-5.1276340292737643,-1.0081519194890518,-1.9397903646482177,-0.93163844515916594,0.22993432110314416,-3.9477305256151283,-4.1776648467182724,-2.098591844981911,-2.9405893964557777,-0.84199755147386668,1.0190322398148055,-1.7549814859742128,-2.7740137257890183,57.262708670172515,47.08723484523307,10.175473824939445,46.644822257586384,10.617886412586131,76.430282393224161,31.649982441035831,132.63241996831493,220.24331100723532,181.79422722167641,182.79768812196161,197.51464923380422,200.24019341604452,218.90172869313437,221.31671639677378,249.87279820184918,242.19887702834842,263.74943758287441,262.63008262213208,-2.5159035240065748,-0.8354767280280555,-2.3343849951120887,-1.4989082670840332,-0.84705843876517406,-4.3249229951450729,-3.4778645563798989,-3.4623159476570038,-5.701787502210891,-2.2394715545538872,-12.056456956129068,-4.2946686030466878,7.7617883530823804,-6.088139683454699,-3.3399420143519478,2.7481976691027512,38.110978952880942,44.693806499631137,-6.5828275467501953,44.980016771111877,-6.869037818230936,60.611587943281847,32.838247689566742,316.48129305243492,219.65400203302127,174.35133837727747,180.1915078424762,195.27587541841476,194.77874613885595,214.50263425384847,222.04548778619039,245.90894588423427,252.12472259665992,268.05565090774456,269.94933561404031,3.1047047766251126,5.5416870351911882,-1.6150501997786932,-7.1567372349698815,-0.14638919977198839,-0.75789353834710482,-0.61150433857511644,6.068149505167753,-0.83720738508793602,-6.905356890255689,4.3040733204524031,-2.3257660213280076,-6.6298393417804107,0.20704482187545636,-1.1616604396486423,-1.3687052615240987,-2.9509681127765361,-5.6206083006316874,-3.9149622456885709,-6.3771637632192437,0.16109348072387775,-0.70066923899318567,-3.6922502687601479,-9.5304654528247568,-9.9578651111471572,-16.360530276581471,-7.1071719232695045,-6.2951845053301554,0.29532035230578924,0.55771482272718353,0.49078695826042251
3004,2017,108.32549550908153,37.475171421212373,3,10,24.543212206378936,18.136367797851562,209.38589463895187,189.89771955947799,19.488175079473876,189.05040568696859,20.33548895198328,204.30190735912038,87.684294729884641,535.95101876556873,207.24506564330758,159.84543306340214,157.79855392941113,177.48062006683236,174.37312402109754,204.81714247643723,199.99372544746942,233.08542175932845,231.49221893718595,260.01147788402045,257.43141027771259,2.2838358298041612,-0.25383153945986692,1.7649087825539027,2.0187403220137696,3.1482006528984243,5.9150246480728299,2.7668239951744056,3.4733397881704775,8.2748457835548095,4.801505995384332,4.9688106604441487,6.622017251124106,1.6532065906799573,1.5349873340560976,3.8532598513524476,2.3182725172963501,111.81757952935732,90.999487527704332,20.818092001652985,90.094353769527515,21.723225759829802,111.33789897080533,39.644738926443097,180.27395119867288,206.24106240813322,162.53695363638786,156.35600766004663,180.196595903071,172.11019508482104,203.02995480976679,194.1019638039985,227.7154838964104,217.91621390859683,255.89995740103885,242.98427985073201,0.017299271442141162,-0.96164180740774441,4.5281116432246904,5.4897534506324348,0.45909399849512056,8.2669652295426488,7.8078712310475282,2.506963003517825,11.779588309350061,9.2726253058322357,2.4176030152746364,11.295102036768725,8.8774990214940885,-5.1001346575091304,9.2824324753332235,14.382567132842354,97.568314796670165,98.89822917075071,-1.3299143740805448,98.956051857836428,-1.3877370611662627,92.96400800088486,48.03955568982019,355.67706747353077,208.32012395505052,159.22384860512219,158.80798078186538,174.0878819931302,177.32549584887875,206.82710169604832,207.74864714543381,240.08410953118278,241.00531891248593,262.89815076782872,263.8125625044097,4.1152410418458487,-0.38963763992774147,0.032265762830604672,0.42190340275834615,7.8552452668225214,2.9069141986801696,-4.9483310681423518,5.1648446508146719,3.213597015940195,-1.9512476348744769,5.109933841499128,4.1969915345433719,-0.91294230695575607,2.2470498032113255,1.6601440072890341,-0.58690579592229142,-2.2665365583620201,-4.0979417704037076,-0.70781026794787749,-0.57200416748000293,-2.6891066544033038,-7.3961512683274009,-0.96637678465265253,-2.6578816472968469,-2.5512076451695123,-2.6923308262244916,-6.635121991565228,-7.3471844607204559,0.33636273630730201,0.54496749643700781,0.45213044192885937
3005,2017,108.57549665265199,37.475171421212373,3,10,24.543212206378936,14.782608032226562,192.11139823998928,171.69928803906441,20.412110200924872,170.81180387385393,21.299594366135352,194.08708040415149,88.09906900916576,532.29824398830533,208.51574000316148,162.53344780281097,160.84051583080728,180.0188890172555,176.69756936930875,206.24335628937814,201.94083798894417,233.35450060981049,232.44825476585305,258.94792348344566,256.95600391615835,1.8125837073935713,0.66910998587866288,2.1001309401025026,1.4310209542238397,2.2627744758666211,5.2934348007494236,3.0306603248828026,2.5928611262518473,6.9304080548706963,4.3375469286188491,4.3221746552779337,5.3201632672480343,0.99798861197010069,1.5194841501320298,3.2675077724362609,1.7480236223042311,116.84939883694096,87.033960638766075,29.815438198174888,85.737638280173996,31.111760556766967,118.62081162693175,46.532929159020568,201.66224455670454,208.73278845882223,167.21085093627789,159.14670607057434,182.87538602222631,174.25273463283557,205.46900567068235,196.09823730843084,228.35077096248745,219.61106334247685,255.70101433623654,243.39692686912483,-2.9464841768340762,-4.0556016427205748,3.7221769873436301,7.7777786300642049,-2.5484257806155313,6.4907742347444071,9.0392000153599383,-0.80504797307540343,8.7621556417220745,9.5672036147974779,0.28820841470584924,8.7548781530914255,8.4666697383855762,-5.6273074753429171,7.7322004434817302,13.359507918824647,75.261999812364593,84.665325214362383,-9.4033254019977903,85.074164490994008,-9.812164678629415,75.46626918653601,41.566139805674538,330.63599973917007,208.20944551509177,159.93996897924799,162.04169515751173,174.04790491730714,180.28845349699168,206.50819159756648,209.55966487119417,242.17094250104435,241.82525245981893,261.59997058398682,262.50967939923078,5.8263539101878337,4.6631893418764605,0.9804056750313066,-3.6827836668451539,10.094557315471263,2.9604352370979825,-7.1341220783732808,6.7658395824070965,3.3184853525414724,-3.4473542298656241,2.8145650940322469,3.5187627307280991,0.70419763669585222,2.709793511937562,2.2412175177179279,-0.46857599421963414,-4.7590678842276475,-8.7728380870219098,-4.7247116285992377,-8.7187909845970353,-4.8112002564821523,-12.642983096086795,-3.3979090993272507,-7.5708875554824999,-4.0339662405720844,-2.5263566793263976,-7.1467916254749468,-8.3371009872804791,0.37885198163669892,0.61117314650684229,0.52818865945313587
3006,2017,108.82549779622246,37.475171421212373,3,10,24.543212206378936,15.052627563476562,249.89009555941448,222.26888953064918,27.6212060287653,221.0679672973929,28.822128262021579,250.61869734894481,111.94556267992812,536.00932766497135,197.31184394845269,136.56882740214328,134.85402741511754,163.53274089468752,160.03858911585726,195.29634291930282,192.45757819568104,228.59840072403384,227.97129544888699,259.38830191441014,258.45166518466141,2.71765988681355,1.2553384892927113,2.6964625514469276,1.4411240621542163,1.4239861775987492,4.5638557947234517,3.1398696171247025,4.7835621986495767,7.5370254828224859,2.7534632841729092,5.5434909970372246,6.3683182736343724,0.82482727659714783,3.470474618423566,4.1657925858408476,0.69531796741728158,113.15122718457133,100.77157212796737,12.379655056603951,100.23332490710891,12.917902277462417,113.74033951014189,47.710835078573382,180.52906310471008,197.49590416395449,142.76734566691189,136.39381222979043,167.52371148029417,156.10411675772514,195.35225693073755,184.79436062013741,223.62124607469607,212.79058928665404,254.84446748496237,240.59512896854056,-0.97532998845346697,0.31362452898861193,7.0255716993073065,6.7119471703186946,-0.40204078634172902,10.120857296786113,10.522898083127842,0.66070206665884257,11.379649480382227,10.718947413723384,1.3794964366007605,11.738256137134186,10.358759700533426,-5.0899689333704146,9.5973437647533615,14.687312698123776,136.73886854061857,121.49731784344476,15.241550697173807,120.83464325455134,15.904225286067231,136.87835800457833,64.234727863402441,355.48026529699564,197.16408267141253,132.37185268219216,133.53236494787845,161.05639712210575,162.79264529450259,195.27935731453323,198.94419893585487,235.42474560707569,238.44950895012335,263.06521355518879,265.8848191316859,5.3490069588609401,3.7205383340384515,0.11727863591616483,-3.6032596981222866,2.0973258617583781,-0.67036192488782831,-2.7676877866462064,8.3400148737192126,4.746898408430468,-3.5931164652887446,6.1427525802322123,3.6744933016858283,-2.4682592785463839,4.7295684865865724,2.0472093128710753,-2.682359173715497,-3.6929898752670169,-6.3243369473144071,-0.94171396030409937,-3.4069138050498395,-1.8260269639404783,-2.4993666481001071,-4.1228601319907341,-7.67931280706037,-4.1639945604364641,-4.7632561436314518,-8.5604435517939805,-9.8195374199569869,0.33680209240229569,0.45383820406574615,0.42619675078133268
3007,2017,109.07549893979292,37.475171421212373,7,10,24.543212206378936,26.72222900390625,226.62605766749766,208.58523100146704,18.040826666030625,207.80084634909872,18.825211318398942,207.1312731901744,96.847821785449923,483.11422182992101,202.47997583851625,146.94070171688563,143.92310376023897,169.31986271724267,161.83809067232062,201.69211321594108,190.83668196196342,230.932544971906,225.61017805253988,260.74513167464289,255.79799564190125,2.4020284783314878,-0.63741464054754715,1.7471183846402312,2.3845330251877783,3.1975635343344493,10.441355316455571,7.2437917821211215,2.701905201084486,13.701890003444504,10.999984802360018,6.2887926822559734,11.826270327048888,5.537477644792915,3.3576866453752245,8.1829905481965852,4.8253039028213607,109.704043014528,91.142183339417898,18.561859675110099,90.335145106628261,19.368897907899736,106.50600840429979,42.633043595502386,168.7165042895067,201.20294583889125,147.40129573315045,140.28846483695909,174.17439418624929,158.11285572892984,199.42656063038493,183.54171956513051,225.65572466925752,211.62957803889708,255.30973638973657,239.73645728817945,-0.8717578803301933,0.92776716585788677,7.3102830483752825,6.3825158825173958,-4.0039748940314155,10.745089944867345,14.749064838898761,0.36835589413104231,15.732755944112711,15.364400049981668,4.1482928806569817,16.44419542332713,12.295902542670149,-3.222039412127458,14.261721204631783,17.483760616759241,116.92201412025315,117.44304771503084,-0.52103359477769118,117.46570083186089,-0.54368671160773374,100.62526433511448,54.214778059096716,314.39771712571383,203.70998758532858,145.32415169353408,146.96535982236099,165.66939012084299,166.53271415030596,204.38271257115485,197.89949136251829,237.70938073276304,235.07339961337001,263.83448475735923,261.67908529090101,4.4937969564581692,0.51422708150423091,-2.5020784872425565,-3.0163055687467875,8.6584285272612362,7.8412223815447248,-0.8172061457165114,4.2678060883553997,9.9950109991420391,5.7272049107866394,5.1494193625766229,8.6721063770471289,3.522687014470506,4.4105452923258781,7.1115490533463799,2.7010037610205018,-3.2737863586616811,-5.3655548367883625,1.5651818064054339,0.41354008435365586,-7.2015384283658648,-12.662403421292652,-2.3335493069534436,-3.8994501942243573,-2.1404998015989918,-1.0011264819196413,-6.5797260575026826,-7.6325847044533361,0.34922694606349813,0.5141956922483305,0.44020653030223778
3009,2017,109.57550122693385,37.475171421212373,7,10,24.543212206378936,30.25,233.58516251479159,230.7409510040452,2.8442115107463906,230.61728625676187,2.9678762580297189,207.56056677733432,92.189489861339098,456.58904800564051,205.36155616266336,147.51968550859704,146.89979426044221,170.61533666902184,165.37595811854521,205.2600044789379,193.89626085308009,236.69343464328296,230.29931711149055,263.44105821473431,259.89874710124485,2.4898173744388998,2.6561991047214235,2.9251984012927323,0.26899929657130883,3.5226098137404165,8.8238154518037106,5.3012056380632941,1.5193985305912179,13.010472001660531,11.491073471069313,3.7905352605587552,10.487121487279325,6.6965862267205694,3.9683233028454765,7.7053758664922043,3.7370525636467278,91.274175427937735,88.523995843146622,2.7501795847911126,88.404422776467982,2.8697526514697529,85.280191999012459,33.628782414747548,138.15849353960948,205.66672109221312,152.49561989115242,142.02288292049806,178.12268813587627,157.92316165207154,200.90496888959802,181.97569243479509,229.81165944837528,206.46607896819651,258.6971783388372,230.22121972766905,-5.4176919005369371,-0.38451022745462637,9.4926663831693077,9.877176610623934,-7.6982887610041644,11.868021469640524,19.566310230644689,0.35021623142364433,17.886032520764473,17.535816289340829,-3.1315096581238606,21.238684466891016,24.370194125014876,-9.042358036932626,21.315972363026191,30.358330399958817,142.31098737183856,142.21695387045838,0.094033501380181406,142.21286403461636,0.098123337222205009,122.28037509683418,58.560707266846293,318.43055466189981,205.16090010577201,145.14096275474989,149.71718490704984,162.85682361757148,170.45241142319605,206.27144648776624,203.70937464077929,242.88390439138877,241.8165882167873,263.9254693073899,266.16551958887339,6.5495691655816302,5.030326084267557,-0.83705774326250548,-5.8673838275300625,14.369838351763917,6.0805421918890943,-8.2892961598748229,4.8777668032251427,7.4273321905076841,2.5495653872825415,4.7505614102901745,6.6174871200419716,1.8669257097517971,8.1301423897020868,7.2264379371096652,-0.9037044525924216,-7.9075092749758369,-11.967261066118567,-3.0407093321760499,-5.4148363117221834,-11.220898574744581,-22.068127112768082,-1.1691822991675735,-4.5275505718014983,-6.9220449186826158,-7.8820710684140352,-13.010681339778102,-17.172500426634713,0.30258827745229389,0.41086894935346208,0.36477891856575106
3010,2017,109.82550237050431,37.475171421212373,7,10,24.543212206378936,20.636367797851562,201.53815702405336,195.91306114712279,5.6250958769305726,195.66849061077664,5.8696664132767182,197.11583162221177,96.182122918904497,425.39064115472138,205.68482097061082,149.95805893545614,149.03493503155246,173.00953895533118,167.77953559312971,205.26107994478286,197.45321027560152,236.40598685750138,230.86168380603533,262.31316537681909,260.2390315216644,2.3391699940449087,1.4013332018444657,1.325610210255519,-0.075722991588946797,2.9472751082833497,7.7599328228042168,4.8126577145208671,2.232650015716473,10.151026713267328,7.9183766975508547,3.0463621589490231,8.7204759751789425,5.6741138162299194,3.4308341601973211,5.3510851804376784,1.9202510202403573,92.836721169014709,79.584694566845428,13.252026602169281,79.008520222821971,13.828200946192737,88.785154717883415,44.807030701826079,155.25062886707019,207.70189232059818,152.74471153486871,145.78549307069829,178.88027202868827,163.59191404455413,203.78578986054333,190.66703378363644,237.17665961395275,216.67477646144354,262.69007725850332,242.33411811689805,-4.8804035025463861,-0.90685235261605612,5.5734829512207682,6.4803353038368243,-6.6223134506869599,8.8229188025573535,15.445232253244313,0.54766502984566046,12.11557268892841,11.567907659082749,-6.3276192126334934,13.786005742373504,20.113624955006998,-10.173834385811745,11.7824075730434,21.956241958855145,108.70143589601685,116.3283647813023,-7.6269288852854515,116.65997055322259,-7.958534657205746,108.33067694530655,51.375092306485385,270.14001271966845,203.99756225435911,145.19344799262856,152.00293214635357,164.1368498448918,172.00367723226853,205.44450800391257,203.13505909395721,236.02379364521383,240.20341683745303,261.77835895937386,265.71524077801052,7.0784170688784798,6.8496308307243225,-2.2844536077466557,-9.1340844384709783,14.380560195220482,5.4054601558731576,-8.9751000393473248,5.7960148913042531,7.4165392616472445,1.6205243703429915,8.7106619863348556,5.33149346311248,-3.3791685232223756,7.9912032737745449,4.9867910596562979,-3.004412214118247,-7.2195734965912948,-11.958820571424866,-2.3081855544605219,-7.7564831833403787,-9.5695885589703096,-21.002873645907442,-1.6849849858708126,-5.2483498614585926,-9.3739813715825164,-15.038281198968349,-13.604668546009066,-18.165037659586289,0.36496014215461559,0.45042122688575947,0.46585612109648394
3011,2017,110.07550351407477,37.475171421212373,7,10,24.543212206378936,16.619049072265625,198.58589129852771,193.87139432075492,4.7144969777727965,193.66641717741732,4.9194741211103974,198.05954869560264,94.35254575070212,427.13894965685904,207.19700043924061,153.27998611461385,151.83073264660271,173.97796353338319,171.21481090848184,205.99682859122049,200.70827385292452,237.40863632945789,233.80957499544843,263.92179347772174,263.38693649641647,2.1436935794928047,0.54484440490546149,1.2718275268858008,0.72698312198033932,3.2906441277228851,5.6473233346787595,2.3566792069558744,2.6349516502693575,7.9280841854798325,5.293132535210475,2.8402332728684883,6.5857021528934183,3.7454688800249301,2.9252935404185223,3.3934210081690708,0.46812746775054848,90.005079896720417,85.986797880257654,4.0182820164627628,85.812090909290418,4.1929889874299988,89.592776494393547,44.6673405733236,154.79118558054324,208.93210486565422,158.01445670837373,148.98075983082077,180.39430029967897,166.7441906811967,212.61863366399589,194.44141065500193,236.92811392153956,219.31573187322172,262.16096819887406,242.54767604488146,-4.7927958363008543,-3.7944069639073064,4.6108072911128488,8.4052142550201552,-6.4838249985781147,7.4265697402592821,13.910394738837397,-6.9670585307138708,10.198911743756668,17.165970274470538,-5.0658648836462135,11.660416399207293,16.726281282853506,-9.2153297086988175,11.486521232565337,20.701850941264155,108.58081134592794,107.88459673568286,0.6962146102450788,107.85432623690576,0.72648510902217822,108.46677214532974,49.685205141988263,272.34776404127479,205.72401642160523,145.70369378323542,155.34807487009934,167.58680372392934,175.23637885720956,205.38411113510301,206.73820775750997,237.78737322687365,244.89849761226793,271.7942343686837,269.7954317194766,7.2959819513860396,9.1872296326678793,-2.8696721212465945,-12.056901753914474,11.896843614390633,3.620674363939969,-8.2761692504506641,6.5372571792802603,4.8677520879737415,-1.6695050913065188,9.2244081701091432,2.5432045782807791,-6.6812035918283641,0.12548198411781186,3.2268727918955165,3.1013908077777046,-6.936489415793659,-12.088777787686894,-4.3392513688127679,-12.981636596575186,-9.7744691263009997,-18.380668612968748,-9.6020101809832283,-13.504315709994131,-7.9060981565147017,-14.290273053755357,-12.14062324911734,-9.3408116928166294,0.36239070612711471,0.45235272464489212,0.47340896017096823
3012,2017,110.32550465764524,37.475171421212373,7,10,24.543212206378936,8.173919677734375,200.65011534860241,188.2668665618221,12.383248786780314,187.72846527174261,12.921650076859805,209.06982615021116,106.9228015241124,449.36592543683946,204.579701006676,146.67474132423212,144.79732803030947,169.81607010117764,169.10031431389984,205.00834665954184,202.0041273210395,235.94491292743405,235.4674860798475,262.27625496317324,265.00882991738416,1.3558547488499073,-0.88470049154850017,0.76026022001019555,1.6449607115586957,1.9549028416876695,2.5902210828380134,0.63531824115034397,0.88639558890920966,3.835485881085674,2.9490902921764643,2.7975361622681589,3.2882732646353929,0.490737102367234,4.0899987386569592,1.3569823507888827,-2.7330163878680764,89.218796758483222,79.2266036133733,9.9921931451099226,78.792161250928984,10.426635507554238,95.003480960036541,49.846361122989038,159.90143481566338,204.65609684114835,148.87740390101473,144.78626854780103,176.32959033922413,163.60474799932044,202.84002889751471,195.84384700367741,232.84994798945459,223.37382479109357,257.21762927845225,246.84450574902911,-3.9999866890730686,0.088844492312830425,3.7217330083007596,3.6328885159879292,-7.2248407998520463,4.6638926381347119,11.888733437986758,-0.78934071300560049,5.5699740160881106,6.3593147290937111,-3.006163541320177,6.4931816749314635,9.4993452162516405,-5.5242277276203993,5.8815896766028004,11.4058174042232,111.43131808580802,109.04026329571025,2.391054790097769,108.93630405061595,2.4950140351920709,114.06634465606112,57.076440330342848,289.46449019387364,204.51504209512294,145.55233479313279,144.80738530242766,165.35710417264764,172.60628585870421,205.64621554792035,205.98743121916573,236.979635213346,244.08574180389181,264.84475434905931,271.70471275611271,4.441220652156062,-0.26766178358937509,-0.85198436601805838,-0.58432258242868329,8.3344164564809375,1.5438366626410698,-6.7905797938398678,3.5000610570219521,2.2251912125505555,-1.2748698444713966,7.9835766015182514,1.4504884021953046,-6.5330881993229468,6.5270745645851775,1.06009420141703,-5.4669803631681475,-5.355841437922976,-8.4412073412291306,0.97354498386133059,0.35650627590220552,-9.1797436415397158,-15.559257256332984,-1.6757363019148102,-4.2894017700275526,-5.803699703588336,-10.989740142838428,-9.6142264662773584,-12.051302292205577,0.35583791686078409,0.45441029300794006,0.4661901896738842
3013,2017,110.5755058012157,37.475171421212373,7,10,24.543212206378936,14.76190185546875,188.61383193251822,185.68556793800235,2.9282639945158735,185.55825195147918,3.0555799810390454,189.85012966658542,91.682358716752788,411.36606826633215,206.96060523182285,150.93227881322542,146.5628904443127,174.15364428777323,169.47844201730214,206.59443409217408,199.72877809654278,237.03984935972386,233.37460728189981,263.76885469725437,263.530429450008,0.4191133887236731,-3.2472697803833341,0.46997923314137324,3.7172490135247074,0.34291673693803659,4.9497896975342428,4.6068729605962062,0.47661491511618692,7.4128949035511482,6.9362799884349613,2.5703915637975001,6.3075834187802684,3.7371918549827683,3.5673660867579997,3.5738540744980583,0.0064879877400585428,78.534204785224574,67.96893176001322,10.565273025211354,67.509571257005518,11.024633528219056,79.235829890814784,42.153392983971571,135.92058161026216,206.90835853657796,149.93251102376681,145.00990508806419,178.78860973597014,164.17401395177464,213.58253303686053,195.05928357099086,236.93248791794966,222.12656062498252,257.48898197975041,246.70066625650699,-3.1862950985032228,0.44214056771457422,5.106418160362864,4.6642775926482898,-6.5879416715941375,7.4869967343727239,14.074938405966861,-8.5714550635119906,9.8510849799676521,18.422540043479643,-3.4556473047674672,10.670521604733352,14.126168909500819,-1.9573919864801326,9.9182074539650955,11.875599440445228,110.07962752354797,117.71663767236168,-7.6370101488137152,118.04868061358138,-7.9690530900334124,110.61430015202495,49.52896599995438,275.4454875793308,207.0002084147491,153.80748808525564,147.39215824982634,173.45839366513104,171.65804997293321,205.68674921676075,202.51166014313526,237.12000637636288,240.51916862814491,266.60666017134309,268.68999567937306,2.2084543460332213,-5.9825781482100808,-2.2091039169544899,3.7734742312555909,2.3221315645928939,4.0253890637004588,1.7032574991075649,2.9755258499051251,5.6965710694819336,2.7210452195768084,6.5006880362278707,3.4508557036887169,-3.0498323325391539,3.8736401005887728,3.1070637753744563,-0.76657632521431651,-3.6054084872268959,-5.3947494445364441,3.6894103480979084,6.424718715924655,-6.9308584085321741,-8.9100732361870314,-9.0480699786281775,-11.546980913417116,-6.0260388685649673,-9.9563353409953379,-5.5247580732381323,-5.8310320870689054,0.3304127201912595,0.41735989345895447,0.45977648889032163
3014,2017,110.82550694478616,37.475171421212373,7,10,24.543212206378936,19.714279174804688,191.86648339472595,187.82773599871143,4.0387473960145144,187.65213900294839,4.2143443917775585,185.74611162988003,101.19760355437029,402.17979712970555,201.92000107224288,143.0564606172766,140.45036189562356,167.60240637305969,163.6530709624999,202.8411725732322,194.77316339629894,235.25860623619832,229.40447549230856,261.71702633226636,260.27392787632232,2.7105045306952036,-0.90731465326567218,1.3572208503781837,2.2645355036438559,2.1952716775182068,5.985110525234461,3.7898388477162541,2.0733471959345309,10.174566355834827,8.1012191599002961,3.2208166956231139,9.2242132575863707,6.0033965619632568,4.5871785194646009,5.760422419939232,1.1732439004746311,74.324902735070282,68.966552466495159,5.3583502685751228,68.733580869681646,5.5913218653886361,72.521905384377533,45.899947529990754,130.76268334267661,203.61773671896731,147.2967419230126,138.57739568266066,170.16981370574379,157.81203063456357,203.40315702998146,189.58915555596863,231.11275006369806,217.05329708917327,257.70540892814677,241.27981389708648,-2.3379768194213284,-1.0800880447964687,7.1964369267133748,8.2765249715098435,-1.4779860771126323,10.200780376384671,11.678766453497303,-0.68866368682520829,13.064218909327934,13.752882596153142,0.39192143912327992,14.740525441380669,14.348604002257389,-2.8418865282447143,14.645912999855483,17.487799528100197,117.54158062240276,118.86118374367106,-1.319603121268301,118.91855712282631,-1.3769765004235524,113.2242062082496,55.297655825841503,271.41711355373263,200.72698661750434,141.31386712145346,141.45196597234732,163.26102699686604,166.41071765167965,202.47660508793126,197.93622700207314,236.58033669124254,237.90994816260655,263.67855314083698,266.61105804488221,5.5888155650733609,-0.84075347095858888,-1.7306159266728685,-0.88986245571427958,7.5490461233141275,4.9309288319213351,-2.6181172913927924,4.1554764462881622,8.044921321328701,3.8894448750405388,5.9893173657827958,5.0154468258016891,-0.97387053998110673,6.2221948899743325,4.090022942709254,-2.1321719472650784,-5.048481350116532,-7.9267923844946893,-0.17277339153079652,-0.23933457383787982,-3.6732577546308391,-9.0270322004267598,-2.7620108827597392,-4.8441401331133704,-2.828895256499834,-5.5973959266595159,-7.4290650477093152,-9.0640814182190468,0.32513488811698021,0.39043565837268007,0.45356753438662367
3055,2017,100.57546005839718,37.225170277641908,6,10,24.623687031166078,9.5555572509765625,171.10754883947084,153.99856899469887,17.108979844771966,153.25470382275671,17.852845016714127,182.56729411698689,120.40216628292546,443.96027690917253,202.58248743102411,145.5412120900848,145.60776702026453,172.33400083199425,168.55754916963943,201.90619445723391,197.81287901041304,230.8511230974548,228.50719268023067,259.43297002033341,254.77931999693143,0.22310481484487354,0.91163148619060053,0.73589956737973239,-0.17573191881086814,-1.2613132504858413,2.715873662389896,3.9771869128757373,0.82895606129775956,4.943200744485722,4.1142446831879624,2.6527243828862481,5.1295433515370803,2.4768189686508322,-0.8479154253092247,3.850028899478815,4.6979443247880397,83.275528365375067,63.71727424690107,19.558254118473997,62.866914941849245,20.408613423525821,83.275528365375067,58.030688834340253,141.72211641015019,208.3808971957308,177.92283825297321,167.5731605291702,191.5245194511607,182.54101223373002,205.41535907794966,201.78733153588325,225.27147501069334,222.26451628348963,242.50584556555836,239.34384994124949,3.2158696427018185,-1.0878572221500065,9.04338222942107,10.131239451571076,0.47682151493461333,9.1654584236368066,8.6886369087021933,5.611071318294222,9.1599455070612237,3.5488741887670017,5.7201881985964178,8.9719855431365545,3.2517973445401367,4.9124437477851188,8.5604036607461467,3.6479599129610278,87.832020164431015,90.281298990901632,-2.4492788264706178,90.38778894879033,-2.5557687843593158,99.291765441947064,62.371477198117645,302.23816000670195,197.51422740056609,138.58407143243073,138.91659111948707,150.82014277779152,154.22178874047202,186.32955218878021,189.44700883286976,245.36908121368009,238.44423208628206,271.43678627206168,263.98998407344737,-1.2012308276559622,0.84956891462158524,0.42432615507379978,-0.42524275954778545,3.7913293393697813,0.14142480335988239,-3.6499045360098989,0.96706871701329078,-2.1245617848608163,-3.091630501874107,-7.7852319263745642,-0.76689720050160304,7.0183347258729611,-4.5851076649279889,2.8410753348742332,7.4261829998022222,2.992764827856945,4.4171004703577808,-1.999488708340607,-1.9374261367715917,1.7381347654204546,-3.314507824435168,4.7821152569964624,4.6440026012809312,3.0674638157101697,13.505420124970982,5.7603591730943435,9.4975514127131078,0.31922251557461834,0.45613607173261345,0.4819737935443586
3061,2017,102.07546691981996,37.225170277641908,6,10,24.623687031166078,-1.826080322265625,109.76563323222945,108.20819142655455,1.5574418056748982,108.14047516315259,1.6251580690768606,137.90902414457014,122.33595671570947,346.97247911244631,197.23391393710972,141.15985574880591,142.9385483478375,167.11780432699479,167.09079623509297,195.92335011673035,198.77854628880928,227.41124006131918,229.59699684132784,254.20362012947697,252.32964804491888,0.48673599127380385,1.8302413090141272,-0.054998269335698069,-1.8852395783498253,-0.46015535898925464,-0.53457589201880751,-0.074420533029552871,1.8577111349222264,-0.87011227358510723,-2.7278234085073336,1.408788670865448,-0.77189460995458603,-2.180683280820034,-2.5200929257671874,-0.58337704613828123,1.9367158796289061,58.057844721941365,50.305818013324824,7.7520267086165404,49.968773170639906,8.0890715513014584,58.393294428704394,72.362026124032127,134.69388775341213,207.05798261304324,169.68541475631531,172.43061440252154,184.098894461112,187.49403145231469,202.43238434062923,209.21257038351791,227.75988246230244,231.67297180745967,251.46047181384375,249.62986844672,1.1219311244727521,1.1105734452936247,-1.7639878965941307,-2.8745613418877554,1.5998395242513368,-1.7517859394683057,-3.3516254637196425,4.8253054011883023,-1.7020125669890831,-6.5273179681773854,2.3450556137821934,-1.6019847982024658,-3.9470404119846592,-3.4964844329396954,-1.4761067405799224,2.0203776923597729,51.707788443232857,57.902372062894756,-6.1945836196618984,58.171702620629731,-6.4639141773968731,79.515729689788714,49.973930591677345,212.27859111875296,187.3138226416427,133.72929052704711,134.65577674942074,147.00873495567285,148.99242394241435,177.94880399655179,178.91799397378406,225.83163056207482,226.05160768026306,256.62108802884603,255.34485177351866,0.74396780875690638,0.90641656655546399,-0.14106708616751007,-1.0474836527229741,1.8679210242164572,-0.19786372369736682,-2.065784747913824,1.2117722368921022,0.34419386239298433,-0.8675783744991179,0.82805904244185058,0.66500220877102834,-0.16305683367082224,-1.0888165428342234,0.40109533558299404,1.4899118784172174,0.63519513319894827,0.37796331571584574,-0.71966786372050251,0.20415687873816069,2.0599948832405914,-0.26808149996512043,2.9675942662660759,3.6135331642962001,0.93626694291674539,1.5169965713403428,-0.976391507172508,-2.407667890105472,0.38819761180471246,0.42341895166693849,0.59150251542308763
3062,2017,102.32546806339042,37.225170277641908,6,10,24.623687031166078,-2.31817626953125,102.3610107749264,91.697527292932136,10.663483481994263,91.233897203735978,11.127113571190421,127.21024168063741,106.33418175154657,301.21691180206835,198.17001462936577,143.0286298952777,143.66154403728609,168.63475702138695,167.61744927146202,196.26339360936808,199.80344106092588,227.52418400826315,230.16582015659861,254.45020933010008,252.84459324219617,0.24475293254110397,0.63669563084960146,-0.067740776909914757,-0.70443640775951621,-1.6062653261030277,-0.55656639454201695,1.0496989315610108,2.4747987546196555,-1.0574016802975166,-3.5322004349171721,1.6571561841185769,-0.98542024606777545,-2.6425764301863524,-2.3135720621543214,-0.61233415343684783,1.7012379087174736,47.227411704963743,35.569562875019983,11.657848829943759,35.062699822676223,12.16471188228752,47.740782024104419,53.83196869550784,105.2761677284725,208.07255810389583,175.36386275039951,176.02619071933725,187.89106905031835,190.39999962774414,202.5088699690379,210.71888752706229,227.16768051023948,231.11599890325496,249.24309150408803,247.71374201911294,0.97980471853816198,-1.5028097436006931,-2.2682927196086098,-0.7654829760079167,0.79751328753644657,-2.2936207093860617,-3.0911339969225082,6.0231812996216547,-2.1879853328611603,-8.211166632482815,1.9264209270886852,-2.1097429075844332,-4.0361638346731183,-3.5761207238122665,-1.9191079718189314,1.6570127519933351,55.133599002907431,56.12796362815061,-0.99436462524317903,56.171197308924093,-1.0375983060166618,79.469459571020707,52.502213114119513,195.94074404425919,190.54846560862998,136.76916141419304,137.18094118588161,150.47834439309364,152.98527082372843,182.28557407452058,184.18528926240336,228.30287071430365,228.91408467739487,258.2119027502207,256.60652502937148,0.76596713814222994,0.41031753356000422,-0.077444139337870865,-0.48776167289787509,2.1384760004036707,-0.54125272683091907,-2.6797287272345898,2.1046663780388428,0.29576182240751336,-1.8089045556313295,1.0026673348105248,0.45401268086646951,-0.54865465394405533,-1.5693393900081105,0.23434393036109213,1.8036833203692026,0.735051785997058,0.21383758039593204,-2.1395053744502945,-1.9131272771606973,2.4037786136394743,-1.3409627128672241,3.5483825450019992,3.9185149215828119,0.26926474297010827,0.92375359227816034,-1.2625486616579451,-2.006781333804156,0.34950284530388576,0.37529039638143391,0.50625271957504747
3064,2017,102.82547035053135,37.225170277641908,6,10,24.623687031166078,7.1363677978515625,144.35517932971925,133.10362164082471,11.251557688894536,132.61442193330731,11.740757396411936,161.11628111490791,107.29950068393737,393.18554159998894,196.1113763451074,144.69757825643205,146.2679785012661,167.45206790257674,166.79632046112073,194.27180289845111,195.22380695478546,224.58020768321035,224.0343449887076,249.90959732335656,248.00739889709857,2.2311586002986701,2.542832655710157,0.93603794750779912,-1.6067947082023579,1.4291681944428092,2.0848044187871722,0.65563622434436297,3.9748007566360286,3.1451601048615032,-0.8296406517745254,2.4853752537992193,2.9434801835256508,0.45810492972643146,-0.49992928770004141,1.5519633580373124,2.0518926457373539,88.321215222599676,73.439157902777879,14.882057319821797,72.792111186394322,15.529104036205354,88.321215222599676,55.645078123537132,147.73749219765887,200.79803226786353,167.1931965007856,157.51863763396753,180.35988472139775,173.17679168708474,197.20417172146338,195.1756911127537,221.36395636279258,216.42693713106797,241.52008515888028,234.21473410323384,1.0029754737559813,-3.4742415799103696,6.4676213162786382,9.9418628961890079,-0.24678854181752286,6.5533603872130186,6.8001489290305415,4.7775559270516794,6.6400504606897641,1.8624945336380847,1.8253459990035878,6.520060991260749,4.6947149922571612,-1.2916342439257846,6.1886316670742758,7.4802659110000604,56.033964215152992,59.664462484994147,-3.630498269841155,59.822311059837375,-3.7883468446843835,72.795066000341649,51.654422403938042,245.44804939627647,190.68973493618904,137.12806301265744,139.36966216301187,147.96310647717939,154.97756586682564,180.1905155379261,195.33404032109513,231.77829399093005,236.8111168549197,257.33393447873135,257.81779997756962,3.9227429934087752,1.8847549829975776,-0.63478299324663112,-2.5195379762442087,5.6639988046478607,-2.0346482762692517,-7.6986470809171124,10.096581151352865,-5.2387332023317867,-15.335314353684652,2.8300814399047738,-2.1372620187506755,-4.9673434586554492,0.19055958867681966,-0.24792372962497211,-0.43848331830179177,-1.2281831265426888,-2.9197675196527939,-6.0170742356205267,-5.3589965629079472,-1.675956736260332,-5.9107873464653835,0.80275517041565081,-5.3190252243011855,-0.66002925479563146,-1.0047354409011859,-0.79170495622574322,-1.4821938326026043,0.37574497677730229,0.54818305519110833,0.5185958720110535
3065,2017,103.07547149410182,37.225170277641908,6,10,24.623687031166078,0.25,102.99790696306445,98.741083351835186,4.2568236112292652,98.556006410999544,4.441900552064908,124.16863193614699,119.97943806795956,351.27172800526023,192.55212762033509,137.93953149319242,137.20963122896018,161.93793182380313,161.76550313495767,192.45499470253819,194.18871263230088,222.43576640638153,224.76056583580132,248.75414376573337,247.98913341637001,0.98367912470848751,-0.77469499211034076,-0.033331025400855196,0.74136396670948557,-0.10893425232410436,0.036559078851666982,0.14549333117577135,1.7712875618433657,0.10259547656377777,-1.6686920852795879,2.3632310592823558,0.10087638376967334,-2.2623546755126824,-0.71773863247855729,0.066901852908699766,0.78464048538725706,52.198609051112726,50.633787619839495,1.5648214312732307,50.565751646145145,1.6328574049675808,52.445066758016765,68.073717464943911,127.42960587186099,199.35955734349778,164.52393563079465,159.12457826282795,178.72626530574297,176.11657225557494,196.5920087735407,199.75029625858738,219.24422019901741,222.21947221769517,240.88413673317305,240.95444315202616,0.53347011581720949,-4.9036848014990255,0.23016410673207588,5.1338489082311014,-2.0192053750952539,0.23543786523404719,2.2546432403293011,3.6324230267472046,0.22841763375691926,-3.4040053929902854,3.3576948401249354,0.2200163670201789,-3.1376784731047564,0.3561996593406036,0.21311234824011649,-0.14308731110048711,50.799297918660159,48.107297438179558,2.6920004804806013,47.990254511534658,2.8090434071255004,71.723565314990992,51.905720595565072,223.84212222322822,185.91597213065918,130.28798853315081,128.62515038633887,141.3459641527119,144.62019815924958,178.19161457746335,182.89768490641782,228.84556239443569,228.83685576070485,255.22427768243335,254.49235100957986,1.4989584359615264,-1.1696555462329172,-0.025205654062688154,1.1444498921702291,3.2540993230138042,-0.069702291559963214,-3.3238016145737674,4.7978402174895791,-0.1334148389287293,-4.9312550564183084,-0.15776616406287758,-0.089294888968197483,0.068471275094680095,-0.88018139167834875,-0.0095329341895933339,0.87064845748875541,-0.45020900889127802,-0.96548832014431696,-4.1289898093886848,-3.7340292552661083,-1.9102711227711495,-5.2733046981090581,1.861135464903839,-1.1654171907423745,0.99446378084257958,3.5154610041878129,1.0739382918191609,1.2363810510189523,0.36276647311039151,0.42236969144498859,0.56737819880757512
3066,2017,103.32547263767228,37.225170277641908,1,10,24.623687031166078,0.25,123.59787953209161,113.02621665672268,10.571662875368929,112.56657915681717,11.031300375274441,153.77292263817071,126.97033597453446,424.1848802678287,191.93206894125828,128.28143636098912,133.49856644465112,156.81471782123299,159.26072105199933,190.86802281261873,196.05817885176481,226.7549107624414,228.76334010747769,256.09350220383448,254.84347337108056,2.9076429332659472,5.4161180243885099,0.054221234300086962,-5.3618967900884229,2.7376759134276369,0.088707835719901595,-2.6489680777077353,5.1238310800183342,0.10749910725300538,-5.0163319727653288,2.1179498065224038,0.097918863013632063,-2.0200309435087718,-1.3414420826781566,0.042165322821006157,1.3836074054991627,50.080775080656167,38.706773645784779,11.374001434871388,38.212251513636147,11.86852356702002,50.080775080656167,47.322250166530921,101.79083315789103,199.19622944267769,167.61717208326201,149.56088828271425,179.27559267886767,172.6698663705414,196.49588603308783,200.1674838141239,217.80308451763298,220.75318798750735,235.81398568903421,239.63224501581857,-1.8482811754884381,-17.173149342133144,0.16413343900026689,17.33728278113341,-5.4397623986173471,0.22942288184390236,5.6691852804612495,4.3702582897658999,0.22411502162572106,-4.1461432681401789,3.2491171878488672,0.24645809734732893,-3.0026590905015382,3.3007066822414401,0.19398055884150267,-3.1067261233999375,73.517104794162151,74.319443398369003,-0.80233860420685232,74.354327812060546,-0.83722301789839548,103.69214790024125,79.648085781305781,322.39404756948352,188.07284386002794,122.32062825584416,129.09197370710393,141.59931442763616,151.10336935050495,178.2940591503606,191.81684868796449,237.21503170750614,235.54255863073516,262.10302434567654,259.77800225516046,5.6670009791800737,7.8749582764416175,0.0594702342517337,-7.8154880421898838,10.959370425344758,0.03458003916463781,-10.924790386180121,13.559125865550016,0.031258934661082094,-13.527866930888933,-1.9295301313250661,0.0082699550972336056,1.9378000864222997,-2.7318742464842103,0.011867544530161922,2.7437417910143722,-4.7559241087543853,-7.5152821546685118,-22.589267366521653,-25.048107618574761,-8.1774383120449841,-16.399132823962105,-0.75357279025243429,-9.1888675757841156,1.1311673813264633,5.1786473191739333,4.6421487649195967,6.0325809287256504,0.23996808442021952,0.32568006266289645,0.37270319719420136
3073,2017,107.32549093479969,37.225170277641908,3,10,24.623687031166078,-17.166671752929688,82.854202443980284,93.440719115387765,-10.58651667140748,93.901001543052189,-11.046799099071904,135.71931971218055,69.545700747549745,405.80174689739943,216.10776521900266,161.96316861329419,166.28913327923217,182.52986217555048,191.15295391846152,216.35720319152765,222.48912093650191,248.98119773976708,251.25658454437414,267.01009436799632,272.28261645882878,0.79742696911867483,5.3657334191116206,0.6116599088187229,-4.7540735102928977,4.9354056837233031,-4.6453625751296954,-9.5807682588529985,-0.74962962123876764,-7.2150534962697179,-6.4654238750309503,-3.5777769317441823,-5.6490832855736244,-2.0713063538294421,1.4492273284285488,-3.9202100196255856,-5.3694373480541344,38.810724580543365,40.53036405832836,-1.7196394777849946,40.605131267924662,-1.7944066873812972,55.944363879417551,35.175043295254682,127.00718609523028,224.11634277162176,174.25272239340254,169.52122101129029,197.46295699068037,191.70317460269851,226.34254704804741,223.09807479879339,254.1058145602785,247.63160343995946,267.29824284010368,269.35598510559464,-9.4572409100715618,-6.1047196963371562,-4.4032569687445289,1.7014627275926273,-9.4151244581158835,-4.9197039691319731,4.4954204889839104,-12.143710931247682,-9.7926539796870316,2.3510569515606505,-14.559506717207967,-7.241444478583162,7.3180622386248046,-5.0546001500559896,-4.025866418659632,1.0287337313963576,44.043477812110723,52.910354388162887,-8.8668765760521637,53.295869977104303,-9.2523921649935801,79.774955817758382,34.370657262408713,278.7945603504777,209.71473066801445,158.5021729929035,164.16988263403621,173.46376816028328,190.89163298595611,208.22447825826444,222.21727913304562,241.844676537157,253.2254130634131,265.17152008671127,273.6913955381612,9.0382625080854666,11.436400792550216,4.8807433749130382,-6.5556574176371782,14.335731798832484,-4.5402216642585529,-18.875953463091037,9.7058969362569485,-4.8095184669622881,-14.515415403219237,6.5435938388255295,-4.2446345806198451,-10.788228419445375,4.0356478679092334,-3.3957410079111696,-7.431388875820403,-10.254667879190237,-18.495503418157028,-11.470453115448777,-17.541120488887373,-14.350530141839187,-23.750856256948367,-11.394081310008914,-21.849607867504631,-10.981729785463784,-21.103100556033496,-6.5038274784845385,-9.090248017965223,0.31297841141955962,0.41220633877371737,0.50578314571794691
3074,2017,107.57549207837015,37.225170277641908,3,10,24.623687031166078,19.22222900390625,157.87935205551912,164.88750946068467,-7.008157405165548,165.19221321070654,-7.3128611551874201,154.8847295041669,71.891748619524151,425.27710643783212,211.04763802555374,158.4271557365885,155.42805450614111,177.58257588411209,173.53347401991022,211.01090482243839,201.11982408358759,246.11138347794972,233.86545257039268,265.46453920233978,261.13323176002683,0.16310626037076759,-1.8252600627885727,1.0976203265964273,2.9228803893849999,2.600007223724333,6.0338361048426066,3.4338288811182736,-0.46902321323108254,9.1590520639500141,9.6280752771810967,-3.9817649393655472,8.4580702607488263,12.439835200114373,1.3787257157513864,5.6284864909125076,4.2497607751611213,67.120289386657532,68.479815056314692,-1.3595256696571596,68.538924802207475,-1.418635415549943,65.897034881596483,32.278884093335364,128.16905980138108,216.10577444431365,169.27263977513451,153.77750020961477,188.41922181764869,171.6988785533876,217.56512090358675,195.81621268061113,250.59307063567658,225.19993235719454,264.77017142092473,253.73993888202546,-7.1325074691106352,-9.7959642532834437,3.683321355290559,13.479285608574003,-8.3372796251126431,7.6740226015093924,16.011302226622036,-9.8090323992835522,11.874623329321963,21.683655728605515,-15.161780171614168,10.291556797839348,25.453336969453517,-5.7589105007689909,8.2987066082438901,14.057617109012881,90.759062586905202,96.407696354766813,-5.648633767861611,96.653288766126934,-5.8942261792217323,88.987694570416352,39.612864694292512,297.10804641619325,207.18616826424008,155.50099000019401,156.21990275530547,169.14490106301761,175.49514604987164,207.59763031139838,205.71102550714821,243.11067122862485,238.7768800381601,268.72513511862331,264.6396004620521,6.0467733544761018,1.1514567892596688,-0.51353088101740241,-1.6649876702770712,11.893643887395029,4.1643026046165232,-7.7293412827785062,5.7978798349420799,6.5024187740204411,0.70453893907836118,1.9617741199309648,7.3618532405957069,5.400079120664742,-0.34925969821324543,4.5839510190201054,4.9332107172333508,-7.2956137294814027,-13.179280823586737,-7.970704190494871,-10.947421042543112,-10.937286848836976,-20.230923512507673,-9.3400091860524697,-15.606912234225632,-11.180015232248621,-17.123554291545133,-7.1376362165203773,-5.4096508025557455,0.30137775549438633,0.42545856581570646,0.44899289157878625
3075,2017,107.8254932219406,37.225170277641908,7,10,24.623687031166078,25.789474487304688,181.61758628057942,178.308093477086,3.3094928034934128,178.1642031464653,3.4533831341141195,172.07256574355324,74.026616972743795,445.47769541293383,208.63577258718635,157.66220989933984,154.28136193002527,175.92350200757014,171.64619972349408,207.71425816117002,197.6821148129907,240.03944187215569,229.80751947786342,263.14040076642715,258.01324235072565,2.2127697410857934,-0.68948132367290782,2.604269511591724,3.2937508352646319,4.4265073989687949,8.2537842450371386,3.8272768460683437,2.3387550370791814,12.350927776078237,10.012172738999055,1.1208913706344106,11.54335158144869,10.422460210814279,2.2354750393361087,7.4716100945012727,5.236135055165164,83.924611156415267,74.111820807479489,9.8127903489357777,73.685178389557223,10.239432766858044,78.966884813166871,28.310784496620784,130.25666811785777,209.84094714348288,165.53543688971197,153.29877392059871,182.54154627230957,168.59983818997972,205.0601498203967,190.92257742495366,230.37651744949605,218.65440483093107,260.83777382941474,248.33815571520117,-2.1191415951665533,-6.6714700068044408,4.1702188462399192,10.84168885304436,-3.6941285045375309,10.096946179136978,13.791074683674509,1.4943784245241147,15.537031109751211,14.042652685227097,3.6075710742605338,14.376078453238335,10.768507378977802,-3.8993518673956942,10.417264843992285,14.316616711387979,97.692974242900164,104.19627228845093,-6.5032980455507641,104.47902475063347,-6.7860505077333073,93.105680064023545,45.715832535152003,315.22102656587958,207.70444499321755,155.08406936778044,154.84462142276547,169.34280604463876,174.01520670219668,208.78778379090733,203.25035245813308,243.04133105380404,235.48600805106531,264.82220297278877,262.31748567944095,5.888298468333403,1.1219357989745902,1.4399233413502373,0.31798754237564708,13.136985522686246,6.572164275310314,-6.5648212473759315,5.5638504046220589,9.5649722120693923,4.0011218074473334,2.4538531999269821,10.579888339229285,8.1260351393023029,2.9998809255120591,6.097076195237662,3.0971952697256029,-4.3319113362523467,-8.0074400634999563,-5.981988683131533,-7.793405805779031,-8.1206359035063258,-16.831114027223776,-0.84437661255506669,-4.0694719800979442,2.4866797036261232,1.1537178743335517,-6.1348269067318029,-6.8992327929077533,0.29239773272400732,0.45891618150713481,0.38244060926145879
3076,2017,108.07549436551108,37.225170277641908,7,10,24.623687031166078,33.22222900390625,186.54736263117411,190.12434041238703,-3.5769777812129178,190.27986209697337,-3.7324994657992647,164.54262144396671,70.877480002045559,435.5818542316556,211.18740737265873,159.70031179252729,153.19305068623677,179.54642958690388,169.68183306648902,212.10224673057721,194.41366902755277,242.78453354473868,226.62085337307326,264.29972039388701,255.68454087058785,1.0137941745742296,-0.65803212967301761,5.8727086166226456,6.5307407462956633,2.5159158430166144,12.049724589925376,9.5338087469087611,-0.94522768016290115,16.75064545057856,17.695873130741461,-0.61039588994000837,15.645066972416004,16.255462862356012,1.9145509705060135,10.496387530671484,8.5818365601654705,88.937047014826931,72.870372756001416,16.066674258825515,72.171821445034766,16.765225569792165,82.406056384438671,27.216033312143736,129.32782646060514,211.45795820218873,168.20674736905895,153.75767521128543,184.19427469117784,166.78084115718892,214.02318591671502,187.1181896301803,230.15925362165189,214.57858511610442,260.62603091150629,244.74597246216413,-1.6733844717654165,-7.2224944179624799,6.3169127909846168,13.539407208947097,-1.0815088796863392,15.413710151693266,16.495219031379605,-5.0823071162608926,21.58981952386398,26.672126640124873,4.8976797594781658,19.72895108526177,14.831271325783604,-2.7566300570463795,14.764802630420803,17.521432687467183,97.610315507899941,117.25396758684656,-19.643652078946616,118.108040502927,-20.497724995027056,82.136564891476155,43.661446959933528,306.25402763113379,210.95164579475437,157.85575102120757,152.88239856974619,172.78146058965962,171.50118463307618,211.76531039746644,200.31144637036357,244.26753343392019,232.0099777112178,270.92437556437426,259.77014371480027,3.3129421369134491,0.26618324648774205,5.7228597941819999,5.4566765476942578,10.328101608900567,9.9423153005399172,-0.38578630836065031,2.0371489911582614,12.597802551013558,10.560653559855297,1.9675718003894929,14.480481894515265,12.512910094125772,-2.7364379487505062,9.2159700583300719,11.952408007080578,-2.6871786463396461,-4.9863266086788656,-6.5644622882894623,-7.488677664450222,-3.5974247227029537,-11.409610488586907,-4.1370794360979914,-7.119456107419154,5.5080756494181742,2.9301079590886729,-4.6711810275523931,-0.020192108295873368,0.29690820497730075,0.50081891039095427,0.3839870338414722
3078,2017,108.57549665265199,37.225170277641908,7,10,24.623687031166078,14.300003051757812,199.67780891030452,193.34847478472147,6.3293341255830455,193.07328572951519,6.6045231807893288,202.03857238797536,79.736905319654397,453.94392373040318,201.77081760833818,144.32583413921319,144.18766503480478,170.06006994728335,166.34670850911402,200.30872420781733,196.51172671128896,230.03905918801883,230.81128424954434,260.24061455750564,259.37570224482403,2.1268736333078664,0.9353348711735805,0.86313276094901425,-0.072202110224566241,1.3651702060000446,4.9607961160602088,3.5956259100601642,3.0621073957423732,6.9399332875711082,3.8778258918287349,6.3132773217145655,5.7650699431771955,-0.54820737853737,2.8736209099490111,3.6521328020351689,0.77851189208615779,95.234622416104685,78.905105883467513,16.329516532637172,78.195126407125827,17.039496008978858,95.993259682759799,29.257228856422444,143.29042780864984,201.258447901252,150.73253918159276,142.99500073743386,175.72427454671089,161.89734202389084,199.07363754197772,187.62891693019168,223.63357650666606,215.16134604759273,255.42715496229229,245.2359540580762,-2.1930873411033929,-1.9209301687698996,5.4551689491839284,7.376099117953828,-5.981192221965415,6.7236998806529584,12.704892102618373,-1.3694638104851435,9.6862259065803755,11.055689717065519,3.5366965496487524,9.9320722899976488,6.3953757403488964,-5.9237208549941158,7.1139456589947088,13.037666513988825,104.44318649419984,114.44337078774151,-10.000184293541679,114.87815949822289,-10.43497300402305,106.0453127260771,50.479676227141681,310.65349581092596,202.18081309285674,142.00517268618421,144.88582884322597,161.90543262284098,169.27135553504775,203.36749174701484,201.93976577342934,237.02810851262802,238.12977936685874,262.3428692291605,264.02053391971288,4.6146308679281844,3.039033384039584,-1.5792559730928417,-4.6182893571324257,10.027979596007611,3.7376691866636804,-6.290310409343931,4.244953085301745,4.8430155993524124,0.59806251405066746,4.9253749269430784,4.6198534360065651,-0.30552149093651337,3.4085378017144876,2.4066046586496554,-1.0019331430648322,-4.3199609744112593,-6.8077182090315773,-2.8562650399434801,-4.9599635528094836,-7.3463624279654596,-16.009171817973026,-4.4315712062275168,-5.6144168957868885,-2.7765807720658131,-1.3886783772943261,-8.7973417649431269,-9.3322586567086034,0.31565667105118006,0.47512343087845432,0.36692205120244126
3083,2017,109.82550237050431,37.225170277641908,7,10,24.623687031166078,14.363632202148438,229.637928627355,212.9810001976075,16.656928429747495,212.25678483621596,17.381143791139039,234.8497554348105,121.20468783605156,482.65958160441369,199.3693989708361,141.44498918681947,139.6014013822855,163.2289974696366,162.568622776268,198.48950474475942,195.67605991949449,231.52726752383597,230.97610788480077,260.90156341892197,262.10208438954288,3.1743885009437918,0.0032863500979090077,1.6908808088706735,1.6875944587727645,3.9100426147079475,3.8455422955289293,-0.064500319179018106,3.8434994303146084,6.7235896570882119,2.8800902267736035,4.9416081019493561,5.5155900580874686,0.57398195613811254,3.8574964204617572,2.7544684189096529,-1.1030280015521043,120.95702568982961,95.586019090422269,25.371006599407337,94.48293152365477,26.474094166174837,120.95702568982961,66.6901892622991,204.88333152080304,203.09769180154711,149.28363675853794,139.06736843072403,176.73631331715816,157.61389264632535,199.33908979517852,188.44818961772111,229.98001173741858,215.70574120399982,257.98827984527827,240.83412168224339,-5.2579159023358955,-3.6653814023405289,6.2338531938925712,9.8992345962331001,-10.318200808901679,8.7482535912998571,19.066454400201536,-0.4296362447209674,10.020978185019231,10.450614429740199,-3.1037991344353202,11.188956219939371,14.292755354374691,-8.3729439605253617,10.438295413756236,18.811239374281598,108.68090274867063,117.3949811640814,-8.7140784154107678,117.77385408471309,-9.0929513360424608,113.89272955612614,54.514498706000268,277.77624997496605,195.21516063619609,134.46850852945408,140.18650549363787,154.5387786345737,166.19529865131329,196.50697916000641,201.67547672566641,234.63675585929352,243.28133954451837,263.79367128300572,269.76131374161088,10.314800084018827,5.641931193033912,-1.7082099110867262,-7.3501411041206381,13.13344733520529,0.35417886093540574,-12.779268474269884,9.5254778932371096,3.4847366688165664,-6.0407412244205432,9.2082372705032185,1.1874607049055328,-8.0207765655976857,6.8844134932023167,2.0218218163643655,-4.8625916768379511,-8.4323044032796872,-15.572715986354723,-3.6686677524384379,-9.3073125953744409,-14.228243423609626,-23.451648144106969,-4.2731356750355758,-9.955114137958077,-8.0454072363846763,-12.312036404938539,-12.230440380987119,-15.257357453727678,0.42448827150545371,0.5150400325769332,0.5502278043280644
3084,2017,110.07550351407477,37.225170277641908,7,10,24.623687031166078,14.7391357421875,213.82769505155738,202.64208867992784,11.185606371629547,202.15575908528263,11.671935966274759,215.8054764069675,105.2423270396539,458.75245172902942,202.59191152914485,144.89282385085394,143.09051587395413,168.1077481200652,165.63646572459299,202.48252110034636,197.51867225777056,233.31093416170773,231.77485780923729,261.69483904803224,262.860826709067,2.0619108721719499,-0.18509024256655948,1.3691175550596029,1.5542077976261623,2.2993869406653857,4.7642250786550733,2.4648381379896875,1.9355151988692398,6.9384816193782513,5.0029664205090114,4.1840534664329709,5.65235293355218,1.4682994671192091,3.6627513236616664,2.5211214537878845,-1.1416298698737819,103.4479736935682,83.994476876752742,19.453496816815459,83.148672430652368,20.299301262915833,103.89657998061739,47.729512060213892,165.53756440186407,203.6987685913638,149.06107683412745,141.9110263819602,177.41743357908157,160.48029581211912,200.5108922746187,190.48628627314025,229.9189711580712,216.46832548823346,260.32043238384887,241.05525220862114,-4.0389540256597343,-0.70428774759486146,5.4772654289860156,6.1815531765808771,-8.1626200723801787,7.6527311086494194,15.815351181029598,0.88620668445506112,9.6741467830372017,8.7879400985821405,-1.4471502402350893,11.544758139874233,12.991908380109322,-9.8909776821785158,10.346380740915208,20.237358423093724,110.37972170909779,118.64761561787236,-8.2678939087745675,119.00708760830457,-8.6273658992067794,111.90889679300744,57.512814826703107,293.21488754637539,201.60131581426495,144.09168628050159,143.7243005357773,160.43207855663516,169.00578553701348,203.97633690253164,202.84359543435178,236.20495326377642,242.59039114611139,264.94043796022373,269.60119645573781,5.9858614267255916,-0.34777154052628134,-0.82233857409289612,-0.47456703356661478,11.569467675634087,3.3856411130873312,-8.1838265625467557,3.8430329434114583,3.9980291219435742,0.15499617853211589,7.6231958930949872,1.946169556117809,-5.6770263369771783,5.38714344439245,1.9183064372373337,-3.4688370071551162,-6.1008648978316842,-10.024815452385326,-0.51919750502830198,-0.35651620706858012,-10.462007013045564,-19.732087748014266,-1.0493085144141787,-2.9568262589563972,-5.6312037066680602,-9.0703461333300766,-13.553729005840182,-15.278121126570966,0.36084289855663132,0.48143625319632055,0.45352011308368401
3086,2017,110.5755058012157,37.225170277641908,7,10,24.623687031166078,9.25,192.82089471367362,188.19362691937567,4.6272677942979499,187.9924400248492,4.8284546888244222,203.02036644068721,107.27395030636399,420.40815971791744,200.58542192539764,139.07932601859889,136.59037605079993,163.42798672232678,164.12960948617069,201.75413622256366,198.48834717388442,234.81126204751115,233.77003749304214,262.61556632799488,264.47171123919401,2.3409818253502408,-0.82300478389069553,1.326513470843139,2.1495182547338345,3.4862973762029981,2.0286488093609307,-1.4576485668420673,1.6802750608702297,4.980649577738717,3.3003745168684873,3.1492970015424646,4.1729843097076298,1.0236873081651652,4.1772004155833429,2.2313779539895222,-1.9458224615938207,83.871204954235509,73.907372579647927,9.9638323745875823,73.474163182980192,10.397041771255317,86.710309569387391,52.266640573882228,151.81756985047832,203.74089499021835,140.87386114640765,138.31281408780788,169.82974488093384,159.55922401283371,200.98550325739791,193.66251403283542,237.87701654536352,223.27610005136069,261.89154753869462,248.62918269729838,-4.5227236798339732,1.2769164248192055,3.3719897814976036,2.0950733566783981,-4.1079371490207848,6.0956989464292803,10.203636095450065,-0.37980780715597007,5.987423463932771,6.3672312710887411,-6.7640164759111201,7.128190623732678,13.892207099643798,-6.8366371602784852,7.0004717987829963,13.837108959061482,108.94968991739006,114.28625240257679,-5.3365624851867324,114.51827737234998,-5.5685874549599248,116.31005705160351,55.007309686381632,268.59059004299343,198.02562291410098,128.30000572391356,135.31124601452578,159.30773462820096,166.66168471842275,202.10808265233891,201.05428838293724,232.63225769252765,240.26667855465547,264.31342923988274,270.56652897614418,7.009981732744393,7.862782335669408,0.38107237329236909,-7.4817099623770389,7.8971725219346354,0.32422741483716777,-7.5729451070974676,3.4443935633778437,4.1415573729390474,0.69716380956120361,10.439566248021066,2.6155995600463484,-7.8239666879747176,6.971936836766929,1.7968053669116557,-5.1751314698552733,-6.863705505184214,-11.532705412578366,2.0999212087099011,-6.5858659108502025,-7.5942345252237828,-12.00510967095542,-2.0600828680261998,-3.8242013705338138,-9.9133134774535847,-17.203582723932186,-11.013837575861828,-13.808573997045414,0.36111946531281369,0.42710153217421154,0.48722584024000026
3087,2017,110.82550694478616,37.225170277641908,7,10,24.623687031166078,18,227.83611198523431,208.63382967779762,19.20228230743669,207.79894793280982,20.037164052424487,225.72091373064904,109.53986825075845,457.41342070139945,198.46575704979523,138.4598181886075,138.34984468716135,162.17813934875358,161.65454702964874,198.01123943967792,194.17010606775011,231.31333336216505,229.57857130865148,260.29882439661606,261.74249515387856,4.2924640827015708,1.2872363677814178,1.2351355265084578,-0.052100841272959997,4.4820524221770768,4.1166930210982002,-0.36535940107887654,4.766217945333608,8.6044659883050656,3.8382480429714576,5.9850369047503307,7.809932195145592,1.8248952903952613,5.4473470940271227,3.8870533935768776,-1.5602937004502451,106.32836846739519,90.745334245802951,15.583034221592243,90.067812027351465,16.260556440043729,105.04898951679934,60.220094311207049,179.63395040899195,202.30001524616216,146.53777144973492,136.16689411207355,168.88968391882381,154.92411059600369,200.11403403189215,186.43509462231361,231.63473473375507,214.62270536518116,259.05510388366582,238.59603872214834,-3.2965339335157466,-1.111555230421942,8.8557152594626132,9.9672704898845552,-3.0014068818215094,11.060649577566693,14.062056459388202,-0.59833320318054461,12.750051006132111,13.348384209312655,-2.602084315069618,14.54756193223534,17.149646247304958,-6.1088668103084558,14.369111363744565,20.477978174053021,121.50774309315602,117.88849349768134,3.6192495954746846,117.73113578624907,3.7766073069069535,120.67192378916661,49.31977375315364,277.77946943975985,194.73802008960976,127.75826109372269,140.4227333851079,158.2429262852811,166.2166082690741,192.21348754643478,200.26794725887444,230.04458790811128,242.64947856864305,261.66521393135883,270.45611266115799,10.548734895569197,10.128547173345623,-4.0622203517853848,-14.190767525131008,8.676965306662396,-0.85012508407163523,-9.5270903907340312,12.940723346932003,4.8604866288204676,-8.0802367181115358,13.792530325182554,1.3885955414179136,-12.40393478376464,9.7142766548934674,2.2117732706445281,-7.5025033842489393,-7.5889980162173174,-13.845268829084944,-2.3987915982033599,-11.240102403767565,-7.4834593039985862,-11.678372188483905,-5.3645511485141526,-13.539056550112548,-8.5871212198199487,-16.394614640252172,-11.556213904335578,-15.823143465201923,0.3927168340044343,0.46539324948043342,0.54975503689078142
3126,2017,81.325372003471543,36.97516913407145,1,10,24.703687332660675,2.3333282470703125,124.2139618396759,108.53806805610657,15.675893783569336,107.85650813579559,16.35745370388031,149.04050022622687,86.455696539807832,383.35741310566664,184.20663395793724,128.01861099434166,131.83472368453965,149.46691818863243,154.14481525555115,181.18200377352755,187.42058218652815,216.54575087315641,222.28052123561511,246.80675523463162,248.05889147667742,5.3368956832580352,4.3712500914205918,0.26478875359245535,-4.1064613378281365,5.7052910528670679,0.82026168991842496,-4.885029362948643,7.1308581325929197,0.83298702483546094,-6.2978711077574587,6.487562151337869,0.8741226156257369,-5.6134395357121321,1.5901391009189183,0.47991834226360197,-1.1102207586553163,109.1675318479538,83.935307502746582,25.232224345207214,82.838253259658813,26.329278588294983,115.83124675697559,72.203851183359802,218.31662882843557,188.78136224376206,139.26114757947622,137.55103035934954,153.75192087968463,159.3712693223093,184.67272119106661,191.61048446505686,219.88993528494797,223.77270891945579,248.98522976875023,247.79706219613314,4.3902331645131767,-0.7639583250233386,1.2315940451031224,1.995552370126461,6.6880376813204805,1.3486978789114801,-5.3393398024090004,8.7534387104500695,1.3405788975168207,-7.4128598129332488,5.1902274875835985,1.3208198836326801,-3.8694076039509184,-0.94592410108580793,0.63132402947005062,1.5772481305558586,15.046429872512817,24.602762013673782,-9.556332141160965,25.018254831433296,-9.9718249589204788,33.209253486636044,14.25184535644803,165.04078447073698,166.08211707652279,118.05982386824687,122.1443633930796,120.13829743563588,135.50215909105145,158.30747740146245,170.40131924166579,205.26126717289003,213.17314089241111,238.4723867572275,248.72684050302033,9.3814236348851523,8.7416454630129721,-0.56316573286802907,-9.3048111958810011,23.663406447294875,-0.44111765334110942,-24.104524100635984,8.4546976984474327,-0.62781247852331035,-9.082510176970743,-0.26413021154101557,-1.776807350157469,-1.5126771386164535,-0.42492119574473008,0.29362830804893747,0.71854950379366755,-0.94666251874485852,-4.9911904703719756,-5.1352084164439304,-9.5056037880363107,0.98274662845341254,-16.975368765974395,1.6225805778571498,0.29874101200263681,-1.2973346637542704,5.4543576991246141,-2.5360632020047262,-0.52100290534107785,0.56948586714367233,0.77717966982905096,0.83515435157143314
3131,2017,99.575455484115338,36.97516913407145,6,10,24.703687332660675,5.565216064453125,146.48105251678498,133.79575461034256,12.685297906442429,133.24421895764681,13.236833559138176,160.20418194767626,100.64530963208381,405.42892490141094,202.81738166992682,150.25986341120887,150.16218142465473,178.67847783448678,173.11445078552453,202.37354357295627,201.41790916664661,227.22932333527197,229.15248215364898,254.1654241503291,253.02108967600807,1.4181129968011419,0.88551365319128195,0.96738621394328561,0.081872560752003665,-3.1372869877960738,2.4938061169711716,5.6310931047672454,2.4656470704972833,3.4776099607461788,1.0119628902488955,5.3338181145810495,3.438903176852051,-1.8949149377289984,1.4002762418111558,2.6604211821134811,1.2601449403023253,85.814248852988385,70.599613947602847,15.214634905385537,69.938107732745266,15.876141120243119,86.037908809816145,50.49558856096337,138.32598950022293,205.93551166035044,179.15274619002579,167.93757385773117,190.37126169762925,184.69033352986801,203.11750637778948,204.15883276860629,220.8795687084899,223.93948883278753,234.89747359199797,240.64919042032119,3.4676592041714116,-5.4457876252018877,5.2193560635573704,10.665143688759258,-0.18394200727851739,5.3171074106199683,5.5010494178984857,6.4231176077085195,5.3290058037669326,-1.0941118039415869,8.231055062971592,5.1855259275959327,-3.0455291353756593,9.7089918507774371,4.9595204438662677,-4.7494714069111694,60.666803814670857,63.196139905047858,-2.5293360903770008,63.30611169720396,-2.6393078825331031,74.166273253344116,50.149721022691665,267.10293543897569,199.3928086774049,139.94626983482146,141.76284744901159,155.04479144564479,157.3908085138294,199.82676259735743,193.80110724192548,242.97777345793003,239.77236445337849,266.7092970607419,264.2270646694322,-0.38940854923532697,2.5362228260473785,0.15098863483751757,-2.3852341912098609,3.1164203235739478,0.37067642129244405,-2.7457439022815038,-6.66756008274686,-1.3289956467827722,5.3385644359640878,-3.5684390406197224,0.12038511657181061,3.688824157191533,-1.0779554497096342,1.4937194982928759,2.5716749480025101,2.0495462073702697,3.8570677534067386,-6.3313012783931697,-7.9820104512492662,2.9533449805175565,-3.3003623308524652,3.9574705372112362,13.090677690455379,2.8972369483905425,11.799494103591314,8.3087156089662813,10.786947300487071,0.34118431370889479,0.53705157857812158,0.50171824942020282
3133,2017,100.82546120196764,36.97516913407145,6,10,24.703687332660675,1.2173919677734375,164.37280832022225,153.52140263932597,10.851405680896278,153.04959998166669,11.32320833855556,185.21317145688408,125.25584975344645,439.79008872807026,198.3820866652546,142.96631347755454,144.25677336134729,167.05988514058572,168.39847278528109,198.10085846835202,199.8139235572506,227.07157286944209,230.20357177183908,255.52792657981033,255.72515963639114,2.120096872438495,1.6396884045489628,0.34615920465120098,-1.2935291998977618,2.0154842019484818,0.60523345480316948,-1.4102507471453123,2.4085180923086682,0.77269303212625573,-1.6358250601824125,3.9312987439434153,0.78019174363512889,-3.1511070003082864,0.70382523932400431,0.56785590086155935,-0.13596933846244497,106.66462100877288,91.128132313970127,15.536488694802756,90.452633608809265,16.211987399963618,107.51305015516488,77.559612281217596,187.35063564026495,203.12212031942607,164.06022448185058,162.90908640666524,181.45394478393288,180.74175155275131,201.01588110881008,204.05514669375643,224.38038251626304,226.49483955755505,244.85703155969853,245.83093544522058,1.9149401240016175,0.16487691906513646,1.0973286173696692,0.93245169830453278,0.41562079638481464,1.111504964606155,0.69588416822134036,4.2736032205786785,1.1471747884648096,-3.1264284321138689,3.3401739404307307,1.1384313679807292,-2.2017425724500015,1.8617026094585469,1.0878389753779629,-0.77386363408058401,57.708187379435913,62.393267148817358,-4.6850797693814457,62.596966399420126,-4.8887790199842129,77.700121397341718,47.696237543009374,252.43945346400142,191.38626435885175,132.5765625776576,134.04612255141996,143.8600682170931,148.98405259615026,179.2832745180522,186.91117923688734,238.0267645796024,239.57800921310516,268.51582751099022,267.32949920362211,3.2372858225635639,2.2214317669101717,0.28830213141739591,-1.9331296354927758,5.7217594287784834,0.29514341300895808,-5.4266160157695253,7.227063604216255,-0.29608165856620872,-7.5231452627824638,0.77397197520454597,-0.22900650996274408,-1.00297848516729,-1.0696561215195857,0.20151712009578659,1.2711732416153723,-0.20515674843687748,-1.3223456985619464,-1.4748114854838263,-2.0565548478450353,-1.5998634055636671,-5.3061386323936688,1.8650851282700103,-2.9534603836375766,-0.59112480351268459,2.5662019652261847,1.1578773701345426,2.9313587309781326,0.42600013152207955,0.58048274487969087,0.61920950146349163
3134,2017,101.07546234553811,36.97516913407145,6,10,24.703687332660675,2.75,171.82702611053173,157.75585059787045,14.071175512661284,157.14406298727408,14.68296312325765,191.04783582353775,126.67331786042269,451.85372114181519,200.00880604867075,146.29584631805605,144.55362975181896,170.26067491157204,168.30165505602773,198.88395133406641,199.41478549044865,227.48226214171683,230.02412030765845,256.14742966826043,255.3901466274433,0.80561632211103529,-1.2566415138222453,0.32763325863845694,1.5842747724607023,-1.0264936807305673,0.93757114018947618,1.9640648209200435,2.0968606698428118,1.5802568527680307,-0.51660381707478109,4.1383911227798649,1.5010749335024798,-2.6373161892773851,0.25679381204037099,1.1179751494329935,0.86118133739262248,98.034200034493551,81.384505912075838,16.649694122417714,80.66060482967805,17.373595204815501,98.61008824714736,79.161594266613974,181.27911444206256,207.43830047278098,170.96640593821502,166.83919761315923,186.84462595564469,183.81782741648209,203.80712498704963,205.56240149638131,226.72121481051454,227.45162619719298,250.29156595166197,246.40623891095825,0.90200962441755905,-1.5873640475572017,2.5219323390963382,4.1092963866535399,-0.43830704392792086,2.6036121984171245,3.0419192423450454,4.2680424652471913,2.6292512172376803,-1.638791248009511,3.5410373790018923,2.5568817496969132,-0.98415562930497913,-1.826347412613643,2.4209310910062527,4.2472785036198957,73.792825791053474,76.371349431814451,-2.5785236407609773,76.483459141072672,-2.6906333500191977,92.437747227959335,47.511723567731678,270.57460648566484,190.57144483076846,136.16690597710496,135.82305684238361,148.69447070865854,150.33965860904075,178.85646633612618,184.16588880897027,230.95122048641991,235.3867093326368,265.64288282875231,264.620970683172,2.396397266980955,0.074897296559868209,0.22369159961081664,0.14879430305094843,2.1875475132532927,0.57489120048515474,-1.6126563127681379,4.4987376386778237,-0.75561277419507178,-5.2543504128728955,3.672227548167001,-0.59214581779676223,-4.2643733659637633,-0.92742777281728195,0.14048916954050128,1.0679169423577832,0.096393302306523765,-1.494387642563396,-0.33072253373495641,-1.6622613441170699,0.58818663680264649,-2.6258545571812135,2.1711817954043795,-0.23069517343063239,-0.59735374377797257,-0.13119016916510873,-2.083141224654014,-0.89891963979636103,0.40118982307809248,0.51615391413399225,0.62492714017201023
3135,2017,101.32546348910857,36.97516913407145,6,10,24.703687332660675,-3.7727203369140625,93.54449188709259,90.741066694259644,2.8034251928329468,90.619178652763367,2.9253132343292236,118.51608922512969,105.34342572337482,329.08416040800512,198.69659481120507,147.06709388862487,146.74920496951512,171.21483778162056,171.63577062353804,198.56122018381149,201.80828988593203,225.83547516746759,230.14303231400061,250.84105030342744,251.60433092562118,0.66504087328013384,-0.4686188330660741,-0.12191501243034963,0.34670382063572447,-0.70671543664877845,-1.0621386449173826,-0.35542320826860418,1.3268711088459781,-1.8884475790330271,-3.2153186878790052,2.4865492008821661,-1.87241019939475,-4.3589594002769161,-0.63130642061696562,-1.3993128126175804,-0.76800639200061482,50.598925473168492,45.642060503363609,4.956864969804883,45.42654412984848,5.1723813433200121,51.577546317130327,54.349110931828363,110.41655109997373,205.76329569429208,172.70480966129259,172.52783384946358,186.5944150270812,188.70738375520972,202.25280752490892,209.63447103439472,224.90843823763109,230.21577309950311,244.47278883906526,247.41712571436761,0.45306969998284785,-3.8036176260593777,-3.5056530281324569,0.29796459792692076,-1.4292487577334327,-3.5563299366090462,-2.1270811788756134,3.9027054950373952,-3.5609232676581541,-7.4636287626955493,2.034935512747154,-3.4530015910315228,-5.4879371037786768,-0.32626009007285006,-3.1565990315251611,-2.830338941452311,42.945566356182098,45.099006742238998,-2.1534403860569,45.192635238170624,-2.2470688819885254,66.938542986230459,50.994314837265847,218.66760945133865,192.34932214404861,139.08741983135923,138.7882104298566,153.73373255290991,154.26425433075596,185.58954167892412,187.89124420894723,230.20982053906977,230.0333006641273,256.09683270656626,255.3980091599428,0.84999634237581745,-0.38188198282966823,-0.15334082135464655,0.22854116147502168,0.46930987151682757,-0.10361234586727619,-0.57292221738410376,2.9238132313956555,0.84475164165638716,-2.0790615897392684,0.21910973937127665,0.56130947686739319,0.34219973749611654,-0.53858715782260447,0.26966100119065572,0.80824815901326019,-0.21197117329728599,-0.3969266423929696,-3.3349987929933036,-3.4217356432297095,-0.72253332108465429,-1.8985586292502603,2.575834386191417,0.97889226364173965,-0.45161368813501213,1.8158257733758774,0.30504633054411556,0.21232706774975441,0.33552678732114327,0.43519446730270633,0.51592313956587754
3137,2017,102.07546691981996,36.97516913407145,6,10,24.703687332660675,1.31817626953125,114.77599457011092,115.00934109320224,-0.23334652309131343,115.01948878073017,-0.24349421061924659,142.5677284252306,135.00069175284807,408.72406326234341,196.27231404267599,139.98805914522728,142.00456479848665,165.76967559897309,165.24804660123527,195.14831867269652,196.17822604564725,226.19649088871151,227.06607360755356,253.40498424066729,250.8574091665939,0.58531254061853133,2.0219144316622248,-0.046961003066599005,-2.0688754347288238,-0.069115405610034486,0.35780447217791789,0.42691987778795237,1.4623907671482641,0.57119087421057202,-0.89119989293769208,1.4592543663516722,0.49749118912620816,-0.96176317722546401,-2.4176184756645398,0.32955638758164696,2.7471748632461868,55.940753212234995,60.52437777769228,-4.5836245654572849,60.723666199322906,-4.7829129870879115,56.776307780141224,84.762656970864555,147.20026685926132,206.38011306646592,170.93189343949973,163.86796449046568,185.1077290676613,179.46918990080729,202.65407989528728,202.15925916393726,226.50834483386876,224.53468997816748,248.46246970584622,242.54473814104844,-2.6751125427421982,-5.4762657409407893,1.2592576490410465,6.7355233899818359,-4.2023474506096932,1.2632117835712791,5.4655592341809722,0.79232707661108748,1.2324904764481914,0.44016339983710395,-0.89957204536841573,1.1996647643298957,2.0992368096983114,-4.9477821449343651,1.0967796090357069,6.044561753970072,58.835241205139027,54.484965726787777,4.3502754783512501,54.295823326465324,4.5394178786737029,85.791420607412874,50.238034843619971,261.52379659563303,185.75512570509679,132.82007799573736,133.2771451589586,144.06783283330395,147.06382351359576,173.42569615666724,181.73058268835698,224.76393082173038,232.33937588252738,258.4816165483744,259.09492835479153,3.7105625839880361,0.55565151468891827,0.043659030017522582,-0.51199248467139569,3.1346235024095392,-0.04479271889911729,-3.1794162213086565,7.5897069733977673,-0.76921962286201051,-8.3589265962597779,6.6922497401795624,-0.73623539136798399,-7.4284851315475464,0.41942409394272318,-0.26030794751812891,-0.67973204146085209,-3.2604250833607296,-6.3856751267302343,-7.4981801726030142,-6.0319172556297076,-4.1332320449996587,-7.3369709530192324,-0.67006369053717663,-6.7973798967866799,-2.3588264117200879,-7.5918217855479782,-2.5301636692698253,-5.3672062388770883,0.36014582964443531,0.3982409512116023,0.62786831586050995
3138,2017,102.57546920696089,36.97516913407145,6,10,24.703687332660675,1.0833282470703125,120.83311459448669,116.09034724416779,4.7427673503188998,115.88414019741322,4.9489743970734708,144.8525369397139,144.23923227164414,418.15220027044415,194.68555323100179,138.335681357917,138.64325838466485,162.66670861429893,163.4672211292087,194.84488241772175,196.67574655725542,225.67607203753195,227.70076320771162,252.09577639131544,251.21476556477839,1.3480864750521562,0.3322226525323515,0.013482905830557002,-0.3187397467017945,0.96959780035859922,0.19795203873869127,-0.77164576161990794,2.1172223500743996,0.44573503564376438,-1.6714873144306353,2.4584051664583626,0.40527584573081299,-2.0531293207275496,-0.74201359673702427,0.28551488914720835,1.0275284858842326,45.695665959312464,51.291485931411444,-5.5958199720989796,51.534781592637955,-5.8391156333254912,46.681765686711287,76.027606461153482,129.54430974076968,203.62797492000618,166.68880603939513,162.46393446066139,184.42334278006081,180.13996978030289,200.83657465030529,203.06529549096498,224.07982901916688,224.63836231404522,243.84740081314155,242.35487235912277,-0.3893990947491659,-3.2920310265524506,1.0050248747034516,4.2970559012559022,-3.1132207265336262,1.0202503977977528,4.1334711243313791,3.2628321383464538,1.0102786859326898,-2.252553452413764,1.1891663564552459,0.97157157621651891,-0.21759478023872703,-1.0185038382243761,0.88793122415887638,1.9064350623832524,75.137448784185835,64.798861464249967,10.338587319935868,64.349359026975435,10.7880897572104,98.170771518740366,68.211625847743562,288.60789093747735,188.09039065905785,132.22982351830214,131.13732742494909,147.19478975865485,147.63880770553811,178.69216514096243,184.84777979632818,228.40985870891993,232.25734139751108,256.46551212575866,257.37803747210421,1.8265840413707508,-0.82988396797847486,-0.10254944139472855,0.72733452658374631,0.49244620681071183,-0.078587609988517215,-0.57103381679922904,5.9438260915158878,-0.51633665181074662,-6.4601627433266344,3.3708793228686602,-0.38607891047169574,-3.7569582333403559,0.89994831758718874,0.001725455444329782,-0.89822286214285896,-1.7374855698013221,-2.2159831361199167,-3.6242536790848021,-2.4621470585739758,-4.0828185268922255,-3.6056669333443381,1.1456097882720542,-2.680993953169434,-1.2692388100031167,-2.1817129664134143,-0.2764902414873518,-1.9184521558115648,0.3098018129690232,0.3222709568845159,0.52709380980322706
3139,2017,102.82547035053135,36.97516913407145,7,10,24.703687332660675,-2.0833282470703125,94.186730149684081,89.902720065701942,4.2840100839821389,89.71645688857825,4.4702732611058309,117.59358845063434,108.31136990756022,322.83619060926139,196.23159780441608,139.63240449584836,139.01785571243653,166.08015586187116,164.42832311660305,195.53849774711307,197.76233618600835,225.96312391918448,228.40466131218068,253.02483830522678,251.77586815094747,-0.12314363604301093,-0.39509945335385055,0.069480909289012516,0.46458036264286307,-1.9989115820201562,-0.32217348220700615,1.67673809981315,1.3041661074581725,-0.72867719243515694,-2.0328432998933295,1.6217146056251863,-0.88731789497441582,-2.5090325005996021,-1.8357003137510901,-0.46295050236841462,1.3727498113826755,43.956117936992086,40.331099051007186,3.6250188859849004,40.173490040959223,3.7826278960328636,44.804315960616805,59.438128496869467,110.13677720178384,205.54101472379674,171.97416943355822,166.72778406628078,186.09474810960594,183.68029772681939,201.55280966460248,206.2239222049125,224.85070581325738,227.521292534488,246.87660611366667,245.73292772021065,-1.6020403262388641,-6.8434130571268952,-1.9505821484735009,4.8928309086533943,-4.2852213912889283,-1.9707273467803077,2.3144940445086206,2.713554331892766,-1.9581170924648461,-4.6716714243576121,0.89343751364052082,-1.8875008234069526,-2.7809383370474734,-3.0784691959190127,-1.7509646359368105,1.3275045599822022,50.230612358909639,49.571618402023887,0.65899395688575169,49.542967026432962,0.68764533247667714,72.789272603638892,48.873241328734366,212.69941337965429,188.25513613222719,133.15208910966606,131.51460487954094,146.80843785945208,148.25566800105324,177.70997536682955,184.19413722654289,229.46838948346235,229.61559768165444,258.44955121656818,256.49818814500622,1.6795764990034172,-1.0086246126800518,0.3340942060368377,1.3427188187168895,1.6417120050309109,0.048122040103180552,-1.5935899649277303,7.2883065855394022,0.62148118382788198,-6.6668254017115203,0.63380105927717523,0.61005676585091351,-0.02374429342626172,-1.7688715883480199,0.26483412610218693,2.0337057144502069,-1.4788966901958531,-3.2816168252422813,-6.4483136037730446,-5.8347884444468434,-2.2863098092687721,-5.9269333963198392,1.4093882244345934,-4.5747522536466363,-0.7282770919846655,0.25963645436334559,-1.2427688821679226,-1.3095976075709927,0.34115375043278773,0.38100985394646414,0.54877090510070858
3140,2017,103.07547149410182,36.97516913407145,7,10,24.703687332660675,-0.8000030517578125,123.20198877591974,124.99041688138459,-1.7884281054648454,125.06817459866579,-1.8661858227460471,150.86166619456799,105.12630185404123,393.66291634365916,196.88076437053238,137.68775587723167,140.51163477390102,161.44313569636324,164.51244834630916,194.3178784918162,199.47244265096981,229.32766124938823,231.3278185484271,260.21296585043251,257.42756675204635,1.8068834932632853,2.8405076714755637,0.071958332391403701,-2.76854933908416,2.9352278609851794,-0.1286671944154989,-3.0638950554006783,4.667702807355596,-0.28567627040035859,-4.9533790777559545,1.7399184776904804,-0.22146879009488885,-1.9613872677853692,-2.896210087973202,-0.089731430474273566,2.8064786574989284,46.332098896147727,48.690239280536844,-2.3581403843891167,48.792767432923938,-2.4606685367762111,47.409019573124169,21.400074650746774,72.94147637533024,200.33561970965124,166.57460473504023,159.21378298649728,182.41147342282486,182.16308018588836,197.52495037117467,205.07457563490263,215.42952007622569,225.33961499618172,243.63852196360921,243.87583942100559,2.0352292661303295,-6.5306250332107822,-0.55317846715703922,5.977446566053743,-1.7941070859637591,-0.70256576411676974,1.0915413218469894,6.0615729785521069,-0.73596234442084096,-6.7975353229729478,9.2108665426547986,-0.71973817304498766,-9.9306047156997863,-0.32407660849244735,-0.65866565867011673,-0.33458905017766938,76.869890303698412,76.300178238616354,0.56971206508205796,76.275407278991224,0.59448302470718772,103.45264703419434,83.726227307788577,320.72144066542387,195.61072004786348,133.26014353290827,135.08525117793272,152.82534317156066,154.49578879650545,187.34551024232897,192.39560971695371,238.17798379582251,236.98267706828054,264.39371814381457,262.88693021793466,0.67783731437995698,2.7096983136916322,0.16046080395028639,-2.5492375097413458,2.3335092937032584,0.2865569812949218,-2.0469523124083366,4.7867929355894603,0.21064947320695637,-4.5761434623825039,-1.0634053351321029,0.109818378426354,1.1732237135584569,-1.7069185295570151,0.1003714592412166,1.8072899887982317,0.22834577286704416,1.3573919517503725,-9.371132704686346,-9.2403233469024144,-4.7293349469489385,-4.1276163796670176,1.3938701711965109,1.2747800429626466,7.4709480649643183,10.274271877786902,2.5721334794807547,1.3828419210645677,0.18528917341976381,0.31425491159550251,0.20356537111387144
3141,2017,103.32547263767228,36.97516913407145,7,10,24.703687332660675,8.27777099609375,111.82516312334337,113.7455159662386,-1.9203528428952268,113.82900905325732,-2.0038459299139504,121.83547642763733,97.087096337272669,397.35084487870336,200.45477997483127,149.61846724504855,147.54311356222794,169.46547560654133,167.69904872657966,198.77812616887314,197.27740499585249,228.58016853950562,227.80009890248536,253.92764864686731,251.41040442898907,-0.62197901976503545,-1.1807727997945108,0.63973861814204724,1.820511417936558,-0.681708154482493,0.99346223038713788,1.6751703848696309,0.8107768155964834,2.3570936444493782,1.5463168288528948,1.0277442806192028,1.8038326890867324,0.77608840846752969,-1.4142202738011065,1.1341170153330893,2.5483372891341958,46.017556358731326,28.875618513764493,17.141937844966833,28.130316882422449,17.887239476308878,47.920238012648952,15.484681996879317,69.987088619731367,197.329338779815,167.80042358975501,152.75372027914992,178.6281240106288,172.62466216627888,194.97358453208369,198.15454086026045,205.16365081855525,219.26193528682148,243.36195708821035,239.38267341844295,4.7159912572468556,-10.429986675336409,3.6533116026440666,14.083298277980475,-1.1460334112441899,4.3810154318017851,5.527048843045975,10.110107315046235,6.4027926686132446,-3.7073146464329909,20.076338585605356,6.0422390755955178,-14.034099510009838,0.26566456449427278,4.7896199012884892,4.5239553367942165,65.807606479420429,84.86989588122924,-19.062289401808812,85.698691839697858,-19.89108536027743,73.915238068950202,81.602414176997627,327.36375546827912,201.72902991539988,146.53980466389422,145.81890233613979,163.79010092238107,166.37366147154879,209.66828727295629,196.81211130914261,234.24191304768902,231.52431670181335,255.83817991514812,254.32314209435043,-2.7572120483381184,0.14493112657169149,0.45322216311487296,0.30829103654318146,2.1712087007388448,-1.4503269073438219,-3.6215356080826666,-12.633374367620263,0.21117525826579708,12.84454962588606,-2.3770852384447494,0.078436638854498142,2.4555218772992475,-1.3844994165776257,0.24286510091843638,1.627364517496062,5.3379702770118911,7.473203305584974,-9.2492138755418978,-10.5749178019081,-0.46432525676169689,-3.3172421119830346,9.2993304994497521,22.743481682666499,19.048594304986153,22.453423824050105,1.6798848382953793,1.6501639810718984,0.17613423885155161,0.393319248364499,0.15949268832890823
3152,2017,107.32549093479969,36.97516913407145,7,10,24.703687332660675,-3.1999969482421875,137.69830717772493,140.95947984884151,-3.2611726711165829,141.10126667220902,-3.4029594944840937,163.27168759420601,68.164204751072248,377.37128191441298,208.21814880637106,154.23249501829301,153.66395488007061,173.88101156248138,178.47851038301533,208.30050997973078,209.92403226458987,240.29424812412714,241.50009097875514,264.44878802765584,266.58712082587869,0.98499852546072475,0.013653378962715124,-0.48383171283188631,-0.49748509179460143,3.8241231616312064,-1.1172508762957989,-4.9413740379270052,0.063592351398625624,-1.5793468935677026,-1.6429392449663283,-0.084815082636936268,-1.3611563103568471,-1.2763412277199109,1.1901774580678079,-0.95753389675064682,-2.1477113548184548,68.924310349648295,62.46458039274421,6.4597299569040842,62.183722025545649,6.7405883241026459,77.729681828423963,29.124211940194073,131.43692878812726,208.86142247319793,163.25898737690264,156.3376938279992,177.98908779393048,176.94693682364465,206.13087689777765,205.96321048810466,234.54613803332416,232.17355701377147,263.95868944932562,257.23689105542934,-4.0021235424962356,-7.1364930523009207,-1.3415848786640936,5.7949081736368271,-1.2369312231271294,-1.7121524710842095,-0.4752212479570801,-1.7748769965995166,-2.0387719930434969,-0.26389499644398029,-3.6642739164444436,-2.1761359199213359,1.4881379965231076,-9.8614092889679625,-1.6032027718025006,8.2582065171654619,68.773996999439987,78.494897161318477,-9.7209001618784896,78.9175454811284,-10.143548481688413,85.542005916656308,39.039992829504627,245.93435325473547,207.66641334089496,146.84512447467733,151.96327287437074,164.08135746174739,179.44011278168259,210.04015869401488,212.49703058336104,242.41986969855299,247.4945926072273,267.61199633469965,270.17932260967797,4.8031256094112962,7.942313716171526,-0.384437096415013,-8.326750812586539,14.647919998289012,-0.72458275647608161,-15.372502754765094,2.7793009369046047,-1.0869634374878387,-3.8662643743924434,3.0222222764638786,-1.0256142011516829,-4.0478364776155615,1.7000119586434721,-0.36252569854957528,-2.0625376571930474,-4.9871220679569603,-8.8052491519075318,-7.1501464312636358,-15.078806768472447,-5.0610543847583358,-15.884851221416142,-1.8384693479981422,-4.5541779335041213,-3.5794588338075073,-6.6864961929083222,-11.05158674703577,-11.561421247611435,0.34829605507166517,0.47607569305961128,0.42726548408438575
3155,2017,108.07549436551108,36.97516913407145,7,10,24.703687332660675,2.0555572509765625,195.30966297311534,186.63339156466827,8.6762714084470645,186.25616163844825,9.0535013346670894,216.89553691379115,103.7099226363207,441.28553533181548,194.06517391923867,131.35383963889234,132.2669608322239,157.50997847074666,158.44483243948216,192.62984855280334,196.76129143811491,227.35869607180544,233.79614507753885,259.76533672595792,263.39371419113291,3.731483102128891,1.4888345166826582,0.40689076931215595,-1.0819437473705023,1.9593891662412375,0.56384125325214995,-1.3955479129890875,5.1144889359779881,0.94052553099714942,-4.1739634049808387,6.9727515345439031,0.80610851980659959,-6.1666430147373035,4.0695462428057567,0.50919419913230968,-3.560352043673447,102.8051603992717,79.620767701308068,23.184392697963631,78.612750632666575,24.192409766605124,108.46962927424465,43.295386439385766,162.84697200864321,194.06149730217825,145.3715169504413,138.60345601373507,168.45369446474226,161.010347785113,191.57015581350618,190.79767578675887,221.44164402509526,219.73253641413976,255.21759808669782,244.83596636146643,-1.5213222879578439,-5.2886375116181057,1.3279055495982277,6.6165430612163334,-6.9581791825989683,1.5917070461603373,8.5498862287593056,1.4285166831577669,1.7360720641680984,0.30755538101033153,-0.66850517010064436,1.7467186333632014,2.4152238034638458,-8.9007910010585363,1.4869371995262384,10.387728200584775,92.504503289099375,107.01262378057436,-14.508120491474983,107.64341115810385,-15.13890786900447,108.42590835480223,60.414536407355627,278.43856418505311,194.06847867593913,126.47448837113676,129.66351941545946,144.09449112769863,156.40486254830483,195.88330578479341,202.0361534261061,240.83531608174113,243.12476503374765,264.21299629201701,269.82093294579812,6.4299790775920087,4.4956222125162384,0.56614966286380763,-3.9294725496524308,12.147929781862814,-0.091973454923333975,-12.239903236786148,5.0947758524908977,0.38811794668143307,-4.7066579058094646,1.5912079598722926,0.29270562676978784,-1.2985023331025047,4.8445952643509145,-0.17803291923257802,-5.0226281835834925,-5.2528053900867349,-7.9513013655498526,-6.7774720283007639,-9.7842597241343441,-8.9175683488402058,-19.106108964461782,-3.6859722528202212,-3.6662591693331308,-7.6412567046445474,-2.2597131299729369,-12.970337243864293,-13.745386265409451,0.36902857440408465,0.50010078961356297,0.417466191650818
3164,2017,110.5755058012157,36.97516913407145,7,10,24.703687332660675,12.363632202148438,216.80766563827638,203.09500671488058,13.712658923395793,202.49880408549507,14.308861552781309,224.05985015797796,107.33045794012833,450.7252256385982,197.63541050128887,137.60310212435499,136.46812355690548,160.26882833941625,161.59344873844219,196.88443699527141,195.18024440640284,231.18635376325773,231.11963262315652,260.76668008492402,262.63894968821506,3.7586392397444115,0.93886154348751916,1.8315346761248463,0.89267313263732717,4.1749358540374146,2.2239650623951093,-1.9509707916423054,4.3729695938345969,6.1921458184443168,1.8191762246097198,4.9297437858629962,5.2852082103029261,0.35546442443992987,4.6670153798924616,2.8087124475941323,-1.8583029322983293,115.73673412355129,88.859977594562224,26.876756528989063,87.691422156400222,28.045311967151065,117.41555954930936,52.752543255337969,184.84096153848805,199.07515720075858,148.32233621229079,137.99646855853769,170.26046147955395,158.22966863467019,194.90772768721899,190.73088587822045,226.48658500611037,218.9653998365068,256.52867323085394,243.70015135457857,0.43379766625406546,-3.0721703469624799,6.831324414709627,9.903494761672107,-3.5846634019851251,8.2986384077084665,11.883301809693592,6.0726908223095677,9.0649172642875158,2.9922264419779481,3.1340236051808859,10.193441263499579,7.0594176583186936,-3.2443485683207314,9.5823299232228294,12.826678491543561,101.07093144208193,114.23502788487531,-13.16409644279338,114.80738064759498,-13.736449205513054,106.64429053602544,54.577915076157296,265.88426445610821,196.11577531138317,127.32133275376312,135.07254099914113,146.80672024598513,163.74984590141625,198.9376128137317,198.68710874579313,238.55087883588692,241.17438870103626,265.66957273548871,270.68232974536568,6.7307558955829165,7.7778882481542979,-1.0580784278793658,-8.8359666760336637,15.797226919649489,-2.6398239280702001,-18.437050847719689,3.4288419285265377,3.7254915655799152,0.29664963705337755,3.685609196649466,1.3659470143637691,-2.3196621822856969,5.3083491940479348,1.7023752809471944,-3.6059739131007404,-3.324841573490346,-6.2969582293288511,-4.0110318904499991,-10.850058595116778,-7.7595992560225397,-19.381890321634614,1.6997212284749708,2.64384889378303,-1.7957201806821104,-0.55158559146858011,-7.911363948213193,-8.5526977623686662,0.41009677520622678,0.52403658873521131,0.49149648913978067
3165,2017,110.82550694478616,36.97516913407145,7,10,24.703687332660675,10.600006103515625,204.59041538348538,192.10755668936326,12.482858694122115,191.56482148070791,13.025593902777473,217.27660056379864,114.20919579753536,456.44671396538615,196.41479244172362,137.46945874093589,137.0540207840607,160.17071078874602,162.49710720537811,195.69117790867921,195.59206589416027,229.13512681572945,230.00764359295488,257.51589666427446,260.92400837545728,4.5827133544734409,1.9595159319860613,1.8642866871930153,-0.095229244793046064,5.5108909410098192,2.3308303220482571,-3.1800606189615621,5.4938127658683129,5.6621337313721938,0.16832096550388087,5.1330397177203793,4.4463442043225143,-0.68669551339786494,5.4721624271761584,2.2143932406523845,-3.2577691865237739,103.28846883917504,78.630416822346888,24.658052016828151,77.558327500060841,25.730141339114198,104.81985010028257,50.389819183812506,166.92126806406304,196.5936236269749,147.58069998148713,140.67259253156283,168.54511039083027,160.97877501175469,193.75749887501718,192.24828483926123,222.48095757672419,218.63865306623032,255.07279189937165,242.51346712108972,2.4493266960021174,-1.1505165218925697,5.3831974687592208,6.5337139906517905,-0.81794000968727687,6.6891423985914003,7.5070824082786771,6.8321444676113288,7.9720846822476688,1.13994021463634,5.3671870165267421,8.6781273976861826,3.3109403811594404,-3.3724398590757403,7.8768857869049214,11.249325645980662,101.30194656852473,113.47713705368005,-12.175190485155326,114.00649398064706,-12.704547412122338,112.45675054360981,63.819376480543724,289.52544599212706,196.25733309188095,127.03901732278396,134.25329249181524,154.57543255749718,163.38925912976089,199.19779503651051,197.76628289737786,235.9894077505854,238.39015918810861,261.50611893708833,267.82050444250143,5.6986471356872244,10.203830963036268,1.266345508808854,-8.9374854542274136,8.3281879108839973,-1.4879781233883307,-9.816166034272328,1.7553135644347719,4.1979523306331998,2.4426387661984279,4.2897729567418992,1.7271885628618691,-2.5625843938800301,6.5011316303104536,0.75490646411770967,-5.7462251661927439,-2.1333866584713235,-3.249320439685107,-3.110032453878631,-11.354347484928837,-6.3288309506970961,-9.1461279205712742,1.3383317017430159,5.0768309031765568,0.23414729880636287,1.0774140597848429,-8.8446022862518987,-9.8735714893861939,0.36569716235643934,0.48242585638900609,0.44120632171459456
3172,2017,113.07551723692032,36.97516913407145,7,10,24.703687332660675,9.9583282470703125,224.80198226052016,197.13469398311645,27.667288277403713,195.93176804734685,28.870214213173313,237.00144859785814,116.56150668630653,486.32944992929697,197.37840263125062,142.75308524157631,136.94251412968185,166.09662060620937,159.57059074036601,195.10194669186848,192.57101222087638,226.90246691298225,227.03683340759014,256.33758166819416,257.7290192277203,1.3331378018995679,-2.9210320149032896,2.5223777390046394,5.4434097539079289,-2.4784889392356604,3.9514360662479078,6.4299250054835682,2.3209002779825028,5.0236281220561807,2.7027278440736779,4.6137637574406938,4.422916043310579,-0.19084771413011481,4.0171695158277885,2.403964899411676,-1.6132046164161125,128.86208259169507,101.02463408023868,27.837448511456387,99.814309793086068,29.047772798609003,130.71535336549914,60.907794519904314,203.73867951682769,197.82165081741675,147.57265171886868,140.66375150451361,169.79780528269646,161.27694617515641,196.35226352610235,191.17915924517445,223.64239296104827,219.24583145409412,254.07830478504928,243.02043308239817,0.24186100349561457,-1.3493257394866305,4.8435790344269094,6.1929047739135399,-2.1116057636982077,6.7263493467400508,8.8379551104382585,2.0474388344508725,7.3863001176706291,5.3388612832197566,2.8694100258820185,7.8601319351251675,4.990721909243149,-3.4481877612486755,7.4298379328381259,10.878025694086801,95.939899788034381,96.110061065168338,-0.1701612771339569,96.117458562217507,-0.17755877418312593,106.28609537298871,55.653712131477732,282.59077053330839,196.85390757584381,138.74468802523739,133.81636444495325,161.46306102113226,156.61729924595829,192.86002598842441,194.19957997262614,231.98903379262504,236.82018463674385,261.46417762133581,267.21482298223822,2.1221972066941248,-1.7419697309207152,0.45363579596326531,2.1956055268839805,-3.6041355487396345,1.8277494170892794,5.4318849658289139,2.9684324287684944,1.8881980438007417,-1.0802343849677527,5.4380428108075591,0.76619267479924247,-4.6718501360083167,6.2279678462681431,0.90184820518351216,-5.326119641084631,-1.0912767984039533,-1.8803362031985102,1.5717062754166591,0.39264399143408468,0.36688317553745264,1.4925297850414267,-0.27346144353163027,-0.92099359431762196,-1.7443537315586752,-2.5686327849255406,-7.465357277076464,-9.6761556075168187,0.41893140451693273,0.55153820425501165,0.5225378107355888
3209,2017,101.07546234553811,36.725167990500985,6,10,24.783211780761718,-1,115.14631775334419,108.49933142611917,6.6469863272250223,108.21033303716467,6.9359847161795187,140.19872609093727,119.61939957572031,400.65248141437769,195.88223930524353,142.98180429357396,143.24090519612477,167.2033558617801,167.17955758543815,195.41351122027714,198.22406884878066,223.24897210193589,227.7378949924572,251.05579077385275,250.9717860001212,1.529371325978957,0.21222157425398791,-0.068438476395073167,-0.28066005064906108,-0.25889651198153274,-0.30493402912091483,-0.046037517139382089,2.309337532944653,-0.50028022087064983,-2.8096177538153029,4.154571455307746,-0.46070479945350939,-4.6152762547612554,-0.37949358266109812,-0.23513646401696064,0.14435711864413747,58.437595001003501,50.87119945023187,7.566395550771631,50.542225845836583,7.8953691551669181,58.679037835030613,66.196257828055423,128.27388990670443,203.64864769647735,171.9500463537473,168.52859833358718,185.27133468472945,184.54997409311432,200.27005024421075,205.3562114238423,221.59113714718541,225.87727088402735,241.61064979999017,242.61125874173837,0.7914446254694667,-4.005644354164275,-0.89112374672791361,3.1145206074363614,-1.3514892152225855,-0.93099063516706337,0.4204985800555221,4.4221294984773181,-0.93714041130098735,-5.3592699097783054,3.5417096228457581,-0.91400579122978343,-4.4557154140755415,0.068781463354270045,-0.8712778810749171,-0.94005934442918715,56.708722729988949,57.628131908154501,-0.91940917816555157,57.668106973906106,-0.95938424391715671,81.519688268013851,53.423141915980523,272.37859176471829,188.69525105542075,135.04421173683912,135.83884708950859,148.72261675347534,150.63275089436385,178.76376885133683,183.87696113063859,227.94989177594152,231.27265637868194,257.82355895579059,257.83645649275775,2.6230822191161565,0.91667502924701694,-0.14154706980073684,-1.0582220990477538,1.8150543825356351,-0.14395032686209674,-1.9590047093977319,5.7186481769936108,0.30779747914908739,-5.4108506978445234,3.5586421340827883,0.30228469584162099,-3.2563574382411673,-0.026390413372382682,0.00085621304231153772,0.027246626414694219,-0.73792670050949027,-1.8316375936466898,-4.2178659284182629,-4.9223193834112919,-1.0925927032410527,-3.1665435977582206,2.112791965532665,-1.2965186785162928,-0.61286183246198789,-0.016932511237030212,0.44827504601536816,0.095171876726652727,0.32016247460610692,0.41854187602938386,0.55339065454974556
3210,2017,101.32546348910857,36.725167990500985,6,10,24.783211780761718,-1.5454559326171875,109.33209651933066,108.48689860725062,0.8451979120800388,108.45014955475199,0.88194696457867394,134.75946301199383,127.92683243796637,392.33121392689645,197.20837882649923,143.4134952572675,144.54196750024954,168.08479710333731,168.58994011429041,196.30827337434167,199.40399562865954,225.50846468715926,229.03277432861873,251.88545189242939,251.73918159116991,1.0835779478042298,0.90222000591060691,-0.27340055302579458,-1.1756205589364015,-0.086805609406439999,-0.60792233713570454,-0.52111672772926454,2.2176392021204947,-0.83219783353121102,-3.0498370356517057,2.8659105734236903,-0.71650613330541546,-3.5824167067291057,-0.67642311706731562,-0.48724778099557398,0.18917533607174164,62.379774691031344,59.996488103832235,2.3832865871991089,59.892866731446702,2.4869079595846415,63.348032802846582,75.68558128042423,145.16476030519698,202.87915756884277,166.76096129306808,164.41548525151586,181.77894118045316,181.62868332851866,200.11800466096349,205.06736361868548,223.14532135870937,227.44752061952369,244.65690572573746,246.01593911364844,0.61523985647517065,-3.6039770451231448,-1.3542297478598186,2.2497472972633261,-1.419764975356486,-1.402911773521538,0.016853201834948095,3.7300677335034607,-1.4198106587821826,-5.1498783922856433,2.987326111450642,-1.4057393314818114,-4.3930654429324534,-0.11348689986081695,-1.2826725324069912,-1.1691856325461742,46.952321865552221,48.4904097990011,-1.5380879334488782,48.557283232409645,-1.6049613668574239,71.411430477272916,52.241251075585751,247.16645381785929,190.83222207616549,135.03123689152974,135.55833689722627,148.98697371938309,150.65452411272625,183.30277270714629,186.67371402553675,231.4205823018662,232.26733735302034,258.74557147117173,258.18713705716431,1.570717968445166,0.48655334073916379,-0.21975336000355128,-0.70630670074271507,1.6682174683373603,-0.11312911752582977,-1.7813465858631901,3.9211216572898309,0.67395954549709813,-3.2471621117927327,1.0611070356520997,0.26861839249536956,-0.79248864315673018,-0.3921158820919004,0.14642003288639671,0.53853591497829711,-0.46833809132905913,-0.95547811196999533,-4.5061970510337517,-4.0905303858623085,-1.332959365950046,-3.0879824436938463,1.512428531382966,-0.19105392378637021,0.12141553802695171,1.9262190757985422,0.56293621720649867,0.27862898223108346,0.37000563593251518,0.47008225906338391,0.5916317932527978
3214,2017,102.32546806339042,36.725167990500985,6,10,24.783211780761718,-4.0416717529296875,87.028257548809052,84.681893736124039,2.3463638126850128,84.579878330230713,2.4483792185783386,115.56214499474845,101.91259474923208,316.73366089724004,196.23403358370985,138.49029161246258,140.28327546532395,165.03963275736237,165.95522175041103,197.06884703125277,199.62914355002724,226.09614231194914,229.51319831802158,253.2051153953837,252.66143354968838,0.6060740158655733,1.5211822532409087,-0.33794637287707019,-1.8591286261179789,0.23841535658411317,-0.69998434240477536,-0.93839969898888853,0.62329353529867149,-1.7148181876248429,-2.3381117229235144,1.5891107208290407,-1.8634138793864565,-3.4525246002154972,-1.8249161907268956,-1.1170853497699227,0.70783084095697291,33.177890146151185,35.908954262733459,-2.7310641165822744,36.027696631848812,-2.8498064856976271,33.613914080895483,53.374734015294962,93.940263445139863,210.58488723870715,177.64183136703295,171.60288427440219,193.24907262959476,189.00687851400568,207.62185409530281,209.57120382963464,227.48398568138532,229.69466555637788,249.39578768066588,247.57287126671642,-5.2019124793757499,-10.414954312012753,-3.72661426940806,6.6883400426046933,-8.1902911342042728,-3.8400874837514891,4.3502036504527837,-2.1959605955054826,-3.8454434609184034,-1.6494828654129208,-2.042727776303991,-3.7490834552920944,-1.7063556789881034,-5.9911981370805449,-3.4845750392375123,2.5066230978430326,53.850367665290833,48.772940769791603,5.0774268954992294,48.552181392908096,5.2981862723827362,81.948231160653449,48.537860752563574,222.79339784942567,186.66702651210844,132.54728196734644,133.61472517251281,147.17736479564445,150.06383728459443,178.45006887849237,184.76483235286764,222.32161992949574,229.2634022887473,255.94308086214093,256.5477658660102,4.1159620039837819,1.0891550165543435,-0.10529145490437486,-1.1944464714587184,2.870884323075245,-0.10234304580106368,-2.9732273688763087,7.1173543610149466,0.75114293135973753,-6.366211429655209,7.6460843642657039,0.71672819813679212,-6.9293561661289118,0.95350606607482291,0.36432228554849644,-0.58918378052632647,-5.8079864952413232,-9.3178744833595317,-11.936136565253662,-11.504109328567097,-8.428706490788386,-11.061175457279518,-2.8192541308041541,-9.3133149565204292,-3.6318384971330318,-9.688812140569695,-4.1662819463536493,-6.9447042031553678,0.29659071656301639,0.29087305434165328,0.5237304981452956
3215,2017,102.57546920696089,36.725167990500985,6,10,24.783211780761718,-1.3333282470703125,98.934778587441542,91.25312106338788,7.6816575240536622,90.919135416341305,8.0156431711002369,122.27018753455468,124.47875868714982,348.3027075137943,196.30075690206084,140.90676255666418,141.57053288712132,167.92516976735322,167.19627776362151,195.97423717154481,198.8003124785553,224.53751471200817,227.93290954335401,250.746727959434,250.53565851915582,0.78112395438051863,0.66152359972383579,-0.0059101389642250979,-0.66743373868806088,-1.0833279886021785,-0.3843702175796011,0.69895777102257739,2.0219848000571119,-0.68109670441745607,-2.703081504474568,2.9174413397436751,-0.65722060954374228,-3.5746619492874174,-0.74936589042317792,-0.41394159419158427,0.33542429623159364,48.784147465406932,44.885662717726518,3.8984847476804134,44.716162520599028,4.067984944807904,48.94112696758566,73.00859027569777,127.98254830669612,204.99572342476355,170.20276409874546,164.93166647584351,184.27271990414573,182.64443677548155,201.24854781638291,205.19431311519418,224.72291750659969,227.11131179973196,246.76786259410162,245.63342016895413,-1.2731659270080797,-6.5841102390469359,-1.2224121931703564,5.3616980458765795,-2.7527332793294192,-1.2369033512525789,1.5158299280768404,2.7766054179068078,-1.2441605281181296,-4.0207659460249374,1.1221663609235009,-1.2072659132986701,-2.3294322742221709,-2.550233890776326,-1.1176282442808088,1.4326056464955172,50.150630913418354,46.367457739681413,3.783173173736941,46.202972515762667,3.9476583976556867,73.32906041888873,51.470168496512997,220.32015909813344,187.80432055473645,132.7442147664006,133.05969818381701,147.06257333550269,149.55850005055964,180.92038961575125,186.64214122870695,223.98714239550685,229.39568591171476,255.35188790568165,255.2778642147716,2.9250592779422107,0.37801805680834377,-0.055478114695461045,-0.43349617150380482,2.70343412130876,0.069894413032471903,-2.6335397082762881,5.8922916989557734,0.47117917052742087,-5.4211125284283526,5.5050537637018522,0.35254524163363499,-5.1525085220682172,0.060373099329979141,0.153855444944071,0.093482345614091855,-2.0542898813885984,-4.1982252049502904,-7.2456338387707717,-6.9621282958552797,-1.6694052907272408,-5.4561674006381793,0.75462061784969592,-3.1156862810489656,-1.7952749788201743,-4.3828874027783513,-1.8008680003531481,-2.6106069901063051,0.36744632053033194,0.4002703189913277,0.58651444668715669
3216,2017,102.82547035053135,36.725167990500985,6,10,24.783211780761718,-5,94.313005290649016,94.540000342683925,-0.22699505203490844,94.549870270566316,-0.23686497991729993,129.13272156538733,147.72028503879847,403.19388207048178,193.96520775858312,136.22344599335577,138.32583226240797,161.26248744594287,164.5206806762742,193.34036991724736,199.06181795395509,224.75846724807846,230.5348800380248,254.08615066369791,254.80050991103397,2.252698454183701,1.8350396301581497,-0.34293461239724365,-2.1779742425553934,1.8669244356130719,-1.4052523819183875,-3.2721768175314594,3.3051397741076016,-2.2516481784932978,-5.5567879526008994,3.5728267419408155,-2.2698766972278293,-5.8427034391686448,-0.64824827827709441,-1.2516878599450649,-0.60343958166797051,41.949842442638328,47.371813360025044,-5.4219709173867159,47.607550629811158,-5.6577081871728296,43.715511749844154,82.837703889759723,134.07106854961603,202.11781206576987,163.44777022277734,163.03665861495773,180.98304343828636,181.90855979689636,199.25425951991539,206.3951393079534,223.01410732902986,228.78666779166005,246.86209220894114,247.45664351742377,-1.0445306204655935,-4.1231061221030529,-4.4117387737238403,-0.28863265162078733,-3.4512821024165135,-4.6475401523607331,-1.1962580499442197,2.3429020189897187,-4.6704737474239835,-7.0133757664137022,1.3749611335217367,-4.5167202153159849,-5.8916813488377215,-3.4350886666072995,-4.1699348112226744,-0.7348461446153749,52.36316274370256,47.168188751362322,5.1949739923402376,46.942319988016607,5.4208427556859533,85.417209851399093,64.882581302383187,269.12281374633312,187.10067205437213,128.87338907402807,129.79200554102408,142.51440323664866,147.1641743846651,178.70592500766304,185.32913967658476,228.37344480968403,233.35334411273337,260.07765158982522,261.32905533387765,4.651473365905531,1.454483637604028,0.28245281892486673,-1.1720308186791613,4.7074872344082905,0.031162339369075198,-4.6763248950392153,8.5403243021580693,1.7090730742662572,-6.8312512278918121,6.6610994957952983,1.556436893455043,-5.1046626023402553,1.4782212543210562,0.36521111804529482,-1.1130101362757614,-3.2972290746492945,-5.6960039863711245,-5.9581457522612027,-5.5775897597070809,-5.3182065380295853,-8.158769336824804,-0.9622377551178829,-6.1974222831683505,-2.1978656084190789,-5.2861383622735616,-2.7868403883302051,-4.9133099209283557,0.33252257663517637,0.33853163799160291,0.5607740593514462
3217,2017,103.07547149410182,36.725167990500985,7,10,24.783211780761718,1.2857208251953125,124.09668361388322,122.65488066164835,1.4418029522348661,122.59219318292162,1.5044904309615958,145.50894952712224,111.26852335599233,388.14655348658562,194.93136300758661,136.23062700402517,136.9877664130893,159.7004598740711,161.51008033629668,193.97356008951715,196.74049458212556,226.34931078797703,229.53285177890538,258.27670087687136,256.92082627727882,1.9887128714778441,0.95509088627696315,0.053917968173692543,-0.9011729181032706,2.1234805817982476,0.31553188409537825,-1.8079486977028694,3.0876171808516517,0.58605921030897434,-2.5015579705426774,3.8221208196166572,0.4699836391412191,-3.3521371804754381,-1.1695158549189841,0.29760952704577903,1.4671253819647632,42.885625056922436,49.73585223138798,-6.8502271744655445,50.03368790778768,-7.1480628508652444,45.223643237740987,36.090794862783241,88.728608869365416,199.60235387953068,152.5883847348035,154.9671597935405,186.34297075052811,176.78915549085733,199.29683843775263,201.17710527836923,216.72451545033533,222.76370910138849,238.14246336245904,242.29402152774878,1.2500673965027147,4.3521320546311699,1.0394543884276004,-3.3126776662035695,-8.6186822300823849,1.0915911433619385,9.7102733734443234,3.0443564144753736,1.1639695968393937,-1.8803868176359799,7.1854471466755854,1.1375881560580865,-6.0478589906174989,4.9085162842563648,1.0411769036178953,-3.8673393806384695,81.21105874881323,72.919028398329829,8.292030350483401,72.558505005494226,8.6525537433190038,100.28530660310389,75.177728577493781,299.41794531792402,192.7666962338979,130.8175587989335,131.42010552969484,150.23773894270911,150.43302206613401,183.99365378744747,190.5322813709852,231.44146392275474,236.86662919221061,263.91945281493588,263.5278955265473,1.5003198298998655,1.1376517191121707,0.010332958621773969,-1.1273187604903967,0.23503842144179998,0.057832644321507587,-0.1772057771202924,6.0275523755285008,-0.20800745761252415,-6.2355598331410249,5.3918584890907937,-0.10605643768244022,-5.4979149267732339,-0.43862499303264713,0.11294255643690576,0.55156754946955289,-0.73864547497512945,-0.25025243339715075,3.3970411683542068,3.2144803355189993,-10.742162811880632,-8.8537206515241849,-0.04326076637627807,-2.9831959610531271,3.3633263270589282,1.7935886575847917,6.0780321391753489,5.3471412772890119,0.22859563758159684,0.31079630074101727,0.32435763299665993
3226,2017,106.82548864765876,36.725167990500985,7,10,24.783211780761718,5,135.67377312753524,156.45584586343466,-20.782072735899419,157.35941270639159,-21.685639578856353,144.54525566373195,85.179725627933294,382.275899104774,207.48677492939751,145.1130535041938,143.44317839020974,168.33007396359474,169.39616716417586,211.40700131402093,202.8303311513958,245.52200322791165,236.94018136717983,265.35505108977554,264.29626199328482,-2.3122029015455894,-0.52304268360612127,0.91322223891842214,1.4362649225245434,2.1854353586184629,1.1385207674524906,-1.0469145911659723,-5.9912276916313942,2.5873877441251238,8.5786154357565181,-6.4401253750358478,2.0448814469094998,8.4850068219453476,0.30844794854345992,1.2915991004764464,0.98315115193298652,48.218767967086023,60.361807705863612,-12.143039738777588,60.88976599615853,-12.670998029072507,49.962604638199991,39.195912246581429,107.70394543278962,218.44371945275546,169.85505529916207,146.71203819165964,195.861843574235,168.17181037333779,221.30063179219357,198.8635270634442,251.52789902205944,226.29691666858415,265.87641107979749,253.63856100677259,-16.06358629118418,-19.091982323542368,1.9645961389691706,21.056578462511538,-23.260470633275304,2.3319554534888027,25.592426086764107,-18.421848009378181,3.0267996972017954,21.448647706579976,-21.237734517788425,3.3425732126954131,24.580307730483838,-11.719294869005523,2.4025573474020803,14.121852216407603,87.455005041239929,96.094038185805402,-8.6390331445654738,96.469647008256288,-9.0146419670163596,94.582650921223831,45.983813382283188,274.57195364311337,200.53700261094784,141.85853847570317,141.70987160511592,159.1896921602216,170.02259127948903,198.91869448343397,204.98173575694025,242.77383903741094,242.70735672384251,263.93592773384921,267.96689864248805,6.5435566175368081,2.4997442030837647,0.80086707480720065,-1.698877128276564,11.084466999721599,0.53019027825118314,-10.554276721470416,9.1102333839250775,1.8377371804593849,-7.2724962034656926,0.38834659763878676,1.5570509622734789,1.1687043646346922,4.2084292084029471,0.72392141485903494,-3.4845077935439122,-13.75138338963859,-22.607142908720988,-18.568939639936247,-21.591726526626132,-25.445905991893767,-34.344937632996903,-12.430620317746786,-27.532081393303258,-14.797609142752577,-21.626081115427212,-12.027742817548983,-15.92772407740847,0.28174401181192482,0.34565371522419452,0.46015541794287929
3229,2017,107.57549207837015,36.725167990500985,7,10,24.783211780761718,12.649993896484375,159.36640826061921,171.00207422165658,-11.635665961037375,171.50797232835612,-12.141564067736908,169.40462743164244,70.551312124131073,343.22555682808161,201.96938347456162,141.62540381716178,141.56433802356977,163.55521573329145,166.26740502536066,203.44774652620671,198.19990420559941,234.64940930796791,233.39298161927181,264.01091464662352,262.71900505801489,3.1069532643745958,2.4757824068757657,2.1883421805612215,-0.28744022631454413,7.3702586531603629,4.2916389088810263,-3.0786197442793366,1.4299165276472934,6.7555879642836487,5.3256714366363553,4.2345283788036454,5.6288951784380572,1.3943667996344118,2.4887490983881548,3.6160794703666284,1.1273303719784735,60.311955473239323,63.041104376220574,-2.729148902981251,63.159763045420732,-2.8478075721814093,60.384299932832619,21.550875496364768,101.70724018008332,201.4965770357538,152.76105330112679,141.18691489025105,172.97044685885777,161.83092953009077,194.19559058495076,190.15766434498028,228.17511447304022,218.63677150043966,263.64037713983407,246.78199884887019,-1.6542352278236194,-5.8523063313459431,4.5755884695899169,10.42789480093586,-3.6826280067743653,6.1690336035722453,9.8516616103466106,5.6938276340524965,8.7607731681319478,3.0669455340794514,0.72157373997885088,9.0523575629817685,8.3307838230029176,-11.228737495172055,6.9747341649629959,18.203471660135051,99.054452673991364,107.96096862056038,-8.9065159465690158,108.34820895809025,-9.2937562840988903,109.0203274226742,49.000436609326243,241.51831661909819,202.21453774067649,138.99071038238739,141.91862515907388,158.55186891201822,168.4168139398669,208.53829513790666,202.21689752278687,237.53613726730234,240.42672334186634,264.63307531489511,267.38240530446757,5.8641970881874954,5.3591102967392601,0.96310887776525078,-4.3960014189740093,14.056402189908653,3.9024143060164249,-10.153987883892228,0.17567120864941899,5.228652575905727,5.052981367256308,6.1466627488482857,4.648588765354134,-1.4980739834941517,4.7849692978631992,2.8396750327551672,-1.9452942651080321,-4.7611884921982153,-7.5184323160111148,-8.3280887382217088,-11.211416628085203,-11.052886659934728,-17.739030196683018,4.2639111064052031,5.5181564254030775,-3.5129546388247945,-5.4250890088694348,-13.71748659356021,-16.013706793035254,0.29632770100225231,0.35645012092245637,0.30546385102586343
3232,2017,108.32549550908153,36.725167990500985,7,10,24.783211780761718,6.6842041015625,231.07157972594359,200.82669420661841,30.24488551932518,199.51169920886241,31.559880517081183,243.2148225887031,125.80992037827491,490.33859513700008,194.14412960309383,132.40588877101646,132.44548367541603,157.88050815916907,157.01888260047744,192.96915103168928,193.83148845872989,226.0253848451639,230.98310959425177,258.13620891095962,263.11933854245768,3.4418138548321053,1.223838720296186,1.0426841031429888,-0.18115461715319725,1.3799823103397557,1.899664370751907,0.51968206041215126,3.8389025074602898,2.8244916026445139,-1.0144109048157759,7.353121592117617,2.2961098707070562,-5.0570117214105608,6.0501089120043616,1.0581622927155649,-4.9919466192887967,137.43499764195803,93.162251207830195,44.272746434127839,91.237348384656798,46.197649257301237,142.63873237544976,61.347698302462959,217.65224487474188,194.75738524856772,146.22056780675391,137.81794839132954,168.73847130409072,158.88191871957906,192.71063039231734,187.859001325995,221.42504033419866,216.08414067667803,250.23701274451034,239.2158363723203,-1.8535445231798064,-4.1706252672710207,3.7968590819205019,7.9674843491915226,-5.302068167334312,5.3984604950063613,10.700528662340673,0.30459980748818793,5.7224791700645881,5.4178793625764001,0.54333285875091519,5.9918185042324978,5.4484856454815827,-6.1478840145781248,5.6987195198088614,11.846603534386986,93.636582300983719,107.66444392579615,-14.027861624812431,108.27435165867064,-14.637769357686921,100.57609051965846,64.462222062773435,272.68635081499815,193.38614895077291,126.28267082616875,128.88797449931292,143.45184083554176,154.22652828082104,195.44699124066918,199.72260809719839,237.66796316914099,244.71739701497947,264.99363490803336,272.33662951180293,6.7141689184552718,4.5263757889919134,0.80586967400864751,-3.7205061149832659,9.946321432197152,-0.27744948970729411,-10.223770921904446,3.8460454971020397,0.71418244405907672,-3.131863053042963,6.2661590432566072,0.073451587986511413,-6.1927074552700958,6.9990605158864128,0.60046388556696684,-6.3985966303194459,-5.2953583780119118,-8.5677134416350782,-5.3944639875672067,-8.6970010562629341,-6.6820504776740677,-15.248389599531464,-3.5343026999721019,-3.5414456896138518,-6.8097887333667018,-5.722826184505692,-12.197992926582486,-13.146944530464538,0.44388152805701553,0.58647220123036647,0.48762210577677617
3274,2017,100.07545777125625,36.47516684693052,6,10,24.862259055339813,1.695648193359375,87.622451855229883,88.07763839432846,-0.45518653909857676,88.097429183841086,-0.47497732861120312,105.07780936287236,74.408073873339163,331.08393826335669,195.17824045033549,143.20814780232524,142.27002511557092,158.93241432908252,161.63230698877283,191.41828576071563,196.3968059127686,228.15075577047469,232.01733172057769,256.98819314109357,256.55631296854949,2.7517100510349906,-0.35518243869555022,0.17274820869721452,0.52793064739276474,2.9324409915016361,0.023162936152772318,-2.9092780553488637,4.9777703829397524,0.29189697577922402,-4.6858734071605284,4.2529036716772453,0.17293185141591039,-4.0799718202613349,-0.29902467887472994,0.18535581198278805,0.484380490857518,13.468899420457092,9.2700965836897922,4.1988028367672996,9.0875400827003432,4.3813593377567486,13.574443619227168,7.3426057354135992,21.824175023473799,203.31965774445052,188.91485778049011,167.04425337377532,196.18929706205449,188.14047143983859,200.59874221236848,205.60697165636037,211.378651975585,220.51764767245425,224.8990361325956,236.22319910355156,-2.3348831995079991,-21.945967389730185,0.93717431243803162,22.883141702168217,-12.010670493439392,1.3780702977207966,13.388740791160188,3.3452434616562527,1.5077354155227738,-1.837508046133479,6.814050929470767,1.3674575566884926,-5.4465933727822744,4.5117248053221886,1.1926675198039618,-3.3190572855182268,74.153552450605275,78.807541699689864,-4.6539892490845887,79.009888850574498,-4.8563363999692228,91.503365748767465,67.065468198694361,309.25976338982582,194.104294072729,142.20527178792887,141.23944396642003,156.15760713710577,158.71307127685219,182.41868853717656,193.35764159193181,234.01896857684099,234.49305067841573,259.38264535105577,258.09000178084989,2.9289283236637402,-0.32750453062729434,0.062427312537948865,0.38993184316524321,3.4251955061472756,0.2891034142421347,-3.1360920919051409,10.604615123440198,-0.1480921822287371,-10.752707305668935,0.47494562330507506,-0.027671104005833058,-0.50261672731090812,-1.4752559692176987,0.091014434389705912,1.5662704036074047,-5.0865932505429896,-5.2638115231717393,-21.590784951034635,-21.618462859102891,-14.943111484941028,-15.435865999586667,-1.6325269212834996,-7.2593716617839448,2.5611472577935217,6.3391053061656919,4.8107494841969185,5.9869807745398873,0.065917347540169785,0.12918468420244295,0.098680228544989881
3275,2017,100.32545891482673,36.47516684693052,6,10,24.862259055339813,-2.1666717529296875,82.438589406883693,86.55952979419817,-4.1209403873144765,86.738700913247158,-4.3001115063634643,111.61185935761569,76.420170823101216,324.71202711947262,192.16588514497712,137.02469213712575,140.79034328984866,155.43003924945313,161.20513278759466,188.94227022887767,196.92688770350165,224.4143775844195,229.69593768316739,256.01299430444487,256.16327529730296,4.4589441359612181,3.2487626110228405,-0.48999162681400321,-3.7387542378368437,5.1551983836516229,-0.44428400227724296,-5.5994823859288658,6.9997925288516569,-0.61654631751102329,-7.6163388463626802,5.2156808564798496,-0.52405497095361397,-5.7397358274334636,0.052183459004993438,-0.14712880981113585,-0.19931226881612929,17.450372700906883,21.278034677902724,-3.8276619769958415,21.444455259781535,-3.994082558874652,17.571218964039872,13.644175135671048,31.762289763460558,204.134889136411,188.45132170773391,179.11883523213811,196.42042157780688,192.64935611766333,201.1690258719054,209.36060518270634,214.5167661992617,225.01474350957892,225.44339566273109,239.72345151877147,0.65868869455306367,-13.233597877658923,-2.0245981198451375,11.208999757813785,-6.0664099246712055,-2.0785582694385596,3.987851655232646,4.8025935628545824,-2.1054039456974465,-6.9079975085520289,5.7657557194253286,-2.1024392609757001,-7.8681949804010287,7.9693298096326544,-2.0758474242195462,-10.045177233852201,64.988216499223199,65.28149347654562,-0.29327697732242086,65.294245159243474,-0.3060286600202744,94.040640118835654,62.775995594765845,292.94973696954548,189.78337532522247,134.89068911095524,137.36462869943387,149.58068262283751,152.83688602543529,177.33271542387396,185.28874118960599,230.34866855194289,233.49209355415547,259.51492288042323,260.45079479015652,3.422102633885487,2.1824696981531986,-0.45179994859034878,-2.6342696467435474,2.8893123711691544,-0.55893123132693745,-3.4482436024960919,8.3267328660336091,0.29991661808247727,-8.0268162479511318,3.2184755004275303,0.45451663631072847,-2.7639588641168018,0.93497518693862958,0.033052409327865462,-0.90192277761076411,-3.8002554414081544,-2.7634139393324233,-16.482360488681763,-15.416067575812122,-11.221608308322828,-8.9557222958403599,-2.1971989659970745,-3.5241393031790267,0.55007486294547903,2.5472802189977983,7.9171463506276609,7.0343546226940248,0.097816794915865951,0.15743146888844409,0.17854154196088923
3276,2017,100.57546005839718,36.47516684693052,6,10,24.862259055339813,-8.8333282470703125,60.842278093099594,64.962606549263,-4.1203284561634064,65.141750752925873,-4.2994726598262787,100.46051937314405,75.757654228815227,312.46236732043326,193.337809902115,141.00779591514717,144.05491641634433,157.10919483108711,163.04625214618275,188.99163559160561,197.65379844649684,225.53202374388144,230.66839741089123,256.66150428119772,256.97895468562774,3.6473304995758156,1.4015132524580736,-1.7301779007443088,-3.1316911532023823,4.4724315944935995,-1.5664958682388033,-6.0389274627324028,6.2172268400567532,-1.999159177547881,-8.2163860176046342,3.4794629359090834,-2.1024457485697496,-5.581908684478833,2.1069359377179353e-06,-0.21643830853236068,-0.2164404154682984,7.5288772284984589,17.651637621223927,-10.122760392725468,18.091757647693157,-10.562880419194698,7.972490768879652,9.1621371181681752,19.550252479806659,201.20043487546741,194.95818383610543,178.60342395212837,197.4511165313931,195.34648548328195,200.5166758507097,212.51642919208624,202.79695937172045,227.64159391664057,226.01863867663059,241.46000658423708,-0.36834494029187681,-25.616486103475381,-7.6015238863458308,18.01496221712955,-14.383105066860878,-8.3644096166634654,6.0186954501974128,2.7112874168316239,-8.573852535153037,-11.285139951984661,14.199762885829443,-8.6634627177039647,-22.863225603533408,4.0628805780259256,-8.5312478978246418,-12.594128475850567,53.313400909304619,47.310968108475208,6.0024328008294106,47.049992971122265,6.263407938182354,92.488028660143755,66.5955170631496,292.912114886567,192.49093944657358,139.60634167479134,141.26949670930424,154.54288453374133,156.55620651783576,181.90689606436314,187.69687400735216,228.40990063881273,232.73091611281311,258.7406538079419,260.94539890190322,2.8060375752968127,0.28457905470574474,-1.5514927793198865,-1.8360718340256312,0.47703382909210745,-1.8713190191813283,-2.3483528482734357,6.6929827929078272,0.95847039277128943,-5.7345124001365377,6.0948652356030379,2.0089160901063963,-4.0859491454966417,2.6002857832361883,0.40326040658811735,-2.197025376648071,-4.0156754398676924,-3.1743825155886896,-27.017999355933455,-25.901065158181126,-18.855536661354478,-14.860138895952986,-3.5059394232251293,-3.9816953760762033,10.72029994992036,8.1048976502264054,4.0628784710899879,1.4625947947897373,0.062568342701435409,0.079359442083582588,0.12094008468761773
3277,2017,100.82546120196764,36.47516684693052,6,10,24.862259055339813,12.391311645507812,163.23148933777702,158.5041594352806,4.7273299024964217,158.29862278603832,4.932866551738698,168.48704859061399,87.075255977642882,400.33743222430348,196.77312833562922,141.01716388778755,139.16698741059892,162.34065360944155,161.483546376248,194.87413709201266,193.88922172747121,226.60093587688058,226.59088074603346,257.87857154527637,256.35051363699057,2.5300710438189924,0.052431146964437403,1.8358826242539124,1.783451477289475,1.1156602603712145,1.9031506713550073,0.7874904109837928,4.2268615052181531,5.3487902474498412,1.1219287422316881,5.4161839680243986,5.4453424526131755,0.029158484588776901,1.8925779690201807,3.1528977704556951,1.2603198014355144,25.072562421722978,33.995559839851921,-8.9229974181289435,34.383515974928741,-9.3109535532057635,25.072562421722978,19.625591771393374,44.894737090566196,212.54265086834968,189.62310913121124,168.32407059285799,198.36917448924913,185.0188472999003,209.8078278538209,201.00974232715663,227.50756280928346,217.7836981098057,241.83675462666784,232.32792654792192,-0.12385557812490333,-10.06352309674719,11.847954748521403,21.911477845268593,-1.4351917064508086,12.125390562348315,13.560582268799124,2.9908641604017134,12.15790007755902,9.1670359171573068,2.0911660818348139,12.054797630961076,9.9636315491262621,1.4485045124965552,11.838478696575322,10.389974184078767,138.15892660271493,124.50859957866487,13.650327024050057,123.91510717665369,14.243819426061236,143.4144858555519,67.449663890713055,355.44269440695643,193.43036686446138,138.00305739676924,135.85103276772432,156.53509048063177,153.15680085896619,185.50891017436788,186.71054127209283,225.91793689089786,233.5338072171925,261.41106554357788,262.13367861007475,1.4167052754913811,-0.17225313220180283,1.6846457444421219,1.8568988766439247,-2.0316289203562121,1.1801362952421641,3.2117652155983762,1.5087986877165349,0.74502277300675246,-0.76377591470978246,7.7814604073556382,0.43126361129270663,-7.3501967960629315,3.0380641099354762,2.2693766311364243,-0.76868747879905186,-2.6539266219438957,-1.5405608536162845,-10.115954243711627,-9.891269964545387,-2.5508519668220231,0.5964372139054035,-1.2359973448164396,1.4820654726851785,-3.3250178861895847,-5.6902943255208243,-0.44407345652362551,-1.5895595974389209,0.11214224171126796,0.1488100280196831,0.22538655271288974
3278,2017,101.07546234553811,36.47516684693052,6,10,24.862259055339813,-6.8333282470703125,88.39586353302002,87.532244175672531,0.8636193573474884,87.494695574045181,0.90116795897483826,127.0459096126342,117.48511070758104,401.36836683191359,197.12974306709407,143.15542806201367,144.83913183068751,166.98887178910684,167.83759584286025,196.32979246983751,201.4363804264984,225.02739367567457,231.00456148004866,254.21644899359711,253.95299712303026,1.4001591699931453,1.2294478965143867,-0.59258270708983218,-1.8220306036042189,-0.0017705410485575612,-0.89941738581575237,-0.89764684476719481,2.3666161601653926,-2.6521825847472087,-5.0187987449126013,3.227779626929788,-2.7546724688689039,-5.982452095798692,-1.4894909616679399,-1.1852202029308216,0.30427075873711829,24.14476104057394,33.68075817078352,-9.5359971302095801,34.09536699205637,-9.9506059514824301,24.14476104057394,49.255094459280372,74.060672868043184,208.77538995837241,182.89387909969554,181.53120656799928,194.47348114777574,195.37869724459489,203.97991099588941,213.70890320617264,222.67128590661542,231.464099912829,239.83773200681992,246.93630318157412,-1.3096793241109026,-7.8442718874683237,-6.6898255543952132,1.1544463330731105,-5.4002609904453038,-6.6402070117459857,-1.2399460213006819,2.9292608056419454,-6.5514766025547715,-9.4807374081967168,2.2834635431883896,-6.3453984355509476,-8.6288619787393372,0.73638831886592016,-5.9276283868105679,-6.6640167056764881,64.251102283596992,53.851486273109913,10.39961601048708,53.399328231811523,10.851774051785469,102.90114836321118,68.230016134679317,327.30769351311028,192.13480948215107,139.02626113272163,139.40254477541214,155.80312920149518,154.36211967533703,184.18229544119401,185.03266847185381,227.38226655573132,230.44703888907912,257.56537212376065,258.20867623743288,1.1994397850386918,-0.16740579626357999,-0.53117346811714583,-0.36376767185356584,-2.0368359168917323,-0.63261254927286359,1.4042233676188687,2.3563493618787845,1.657245029826413,-0.69910433205237155,4.8054172404185351,1.6899443233654665,-3.1154729170530686,0.93662359149556096,0.25460319127790854,-0.68202040021765242,-2.7098384941040479,-2.5091191091495944,-9.0737197839827104,-7.6768660912047437,-5.3984904493967463,-3.3634250735535716,0.5626446454765528,0.57291144376316083,-0.94431608374139842,-2.5219536972301455,2.2258792805338601,-0.2002352726296408,0.18452045300086781,0.19004752781251952,0.41924541895249756
3279,2017,101.32546348910857,36.47516684693052,6,10,24.862259055339813,-3.434783935546875,81.549069107801188,83.860557500905998,-2.3114883931048098,83.961057446786072,-2.4119883389848837,106.56868353010213,99.24986804726359,321.94443345908076,195.03395716099971,140.5998242181673,141.04432436604594,166.98369867693069,165.25321014932115,195.66338983561974,197.61299567914739,222.80307522900097,227.19200317828356,248.83444176998196,249.37697444165289,0.48188096452159357,0.37866157378175558,-0.23265618768084551,-0.61131776146260108,-2.3445751845362963,-0.51040442836375632,1.83417075617254,0.51724804805465396,-1.3799824172634203,-1.8972304653180743,2.7515200263286204,-1.5930787169426992,-4.3445987432713196,-0.49802025538488692,-0.95999632910582022,-0.4619760737209333,29.766855955222127,32.80154914025843,-3.0346931850363035,32.933492478150583,-3.1666365229284565,30.063782343739149,44.835835342570135,77.852131120240301,205.46546038254255,174.36747594358215,172.57600541276753,188.25035721540252,188.39658748429119,202.35207357733202,208.44590863115599,222.82490453880749,228.16562930617533,242.31632927576229,244.42263357909511,-0.19942598418396074,-4.902752361896404,-3.2300954083808051,1.6726569535155988,-2.9672946683982104,-3.2323183768160391,-0.26502370841782863,3.0075761545590467,-3.2273265687335311,-6.2349027232925778,2.1241626587511746,-3.0698381943561515,-5.1940008531073261,-0.77692329867375065,-2.8506206901861049,-2.0736973915123542,51.78221288808345,51.059008986496337,0.72320390158711234,51.027565028240133,0.75464785984331684,76.504900960982923,54.414032362128637,244.09230171982199,189.06602272973254,135.99104575914293,134.80346535824989,151.85458970544917,150.71272055384355,184.42062280022901,183.48510492733138,222.77485582416583,226.03684596331658,252.30316118785197,252.90462324987666,0.17047190487275543,-1.2904589211553343,-0.15131949644404585,1.1391394247112885,-0.96891830845220284,0.065678513412308348,1.0345968218645112,-0.51449529138298544,0.43861614421393824,0.95311143559692368,3.4663249654998367,0.19781514130414735,-3.2685098241956894,0.56832701865735658,-0.016022869212520163,-0.58434988786987674,-0.6813069487055543,-0.36989788905671617,-5.2814139356781595,-3.6122934407410696,-0.62271948386191411,-1.9983763599460076,2.4903281065043927,3.5220714459420321,-0.62735736757744576,-1.3421623067486621,-0.27890304328886373,-1.3452503173311072,0.24181853459545941,0.282107100771749,0.45174705241138402
3293,2017,105.57548292980644,36.47516684693052,7,10,24.862259055339813,-0.565216064453125,100.13189437928668,130.06994716174086,-29.938052782454179,131.37160030656378,-31.2397059272771,120.4584148995873,111.74601367842843,386.43618284910917,199.04016624712136,137.11365178097364,137.84889126561464,159.93440545465353,163.47098332710837,201.25254663304108,199.02782960269448,231.39436966428826,230.37591301350844,262.60491534124674,257.16458269556432,-1.1512724595499435,1.0031709716413957,-0.063125945882319456,-1.0662969175237151,3.609080425585887,-0.16280676946595918,-3.7718871950518462,-2.6311082757899555,-0.27980384126018976,2.3513044345297658,-0.97525628093234218,-0.25258846003876556,0.72266782089357662,-5.5796625815013385,-0.10818631351412478,5.4714762679872138,33.497255681999377,67.480332187886233,-33.983076505886856,68.957856885142974,-35.460601203143597,35.683538292377307,41.162114222548553,80.621781608555466,206.20295518812466,165.39919270305714,156.65877529001924,192.20698735421882,177.76633478939559,205.63488258572411,203.00346826674141,226.40164791398274,225.16126851306606,249.34534030729807,244.02768655395647,-5.2328863128701926,-9.1589565205414658,-0.44218905101294581,8.71676746952852,-14.627933439072677,-0.50012062126410228,14.127812817808575,-3.8306657970857998,-0.51916120002371713,3.3115045970620827,-1.780856008634629,-0.52881883398271157,1.2520371746519174,-5.3636827223543833,-0.49198446626488135,4.8716982560895019,66.634638442104915,62.589613576383272,4.0450248657216434,62.413743690936826,4.220894751168089,84.774876270071218,70.583899223049229,305.81440072506666,195.49721104188646,132.03873156096225,130.45741549903278,151.24757923940356,148.74505064268229,188.36697823119709,190.87848521203716,243.99779188336456,239.57773880529874,267.20023422625246,266.13780731440988,-0.63199449641768979,-0.50422794172772001,-0.014306800121204333,0.48992114160651568,-1.2610877421126645,0.015886079219825433,1.2769738213324899,1.1038932723069763,0.32604195476321252,-0.7778513175437638,-4.8796263933528508,0.15907414014338883,5.0387005334962396,-1.4484541780870472,0.070613632123809111,1.5190678102108564,-4.0816138533202491,-4.6008918164525028,-10.162127492182861,-8.6547285788137458,-18.237013864658564,-13.366845696960013,-1.1995575212958443,-4.9345590693927761,-0.80559972770228683,3.0987703847182217,0.21597985914695528,-3.915228544267336,0.20862896692061483,0.29623117921751402,0.36835420671918367
3295,2017,106.07548521694737,36.47516684693052,7,10,24.862259055339813,-31.833328247070312,82.618354108333733,97.233358358036639,-14.615004249702906,97.868793060217286,-15.250438951883552,164.2273115917269,84.262382497534418,403.80906868353486,206.47000507701949,146.06900527650694,154.79427591311978,166.52203461788326,181.08513571041871,207.52654657823396,219.78444000561296,243.74534703987572,252.13553677028057,266.68438228305382,274.520721948676,1.8126982350362937,5.1724319336167355,-4.2669047487482885,-9.439336682365024,8.3526139796672112,-5.9009956569653639,-14.253609636632575,-0.53309079475732801,-12.576803334552096,-12.043712539794768,-3.1932335158663818,-11.574014194898751,-8.3807806790323696,1.2792593733578315,-6.8031115246942022,-8.0823708980520337,43.383664946346471,51.299753693614548,-7.916088747268077,51.643931985830932,-8.2602670394844608,61.130538713476653,30.63304906726944,105.56580041465349,212.63250301624802,173.00407285578964,173.70876606135519,190.65699089618965,199.55723578793535,206.8157811555144,229.69452579651568,229.61135240900944,252.85856431094169,264.04316052909104,271.40861414430628,-8.4325819137025064,-16.291390055996402,-17.245215464428497,-0.9538254084320954,-13.276652705212058,-22.305742563920234,-9.0290898587081756,-3.0028244998691491,-25.012431112292063,-22.009606612422914,-1.6365743074715908,-25.149570936799677,-23.512996629328086,-12.724132089103875,-19.620623994586936,-6.8964919054830602,39.234689175025778,45.93360377035242,-6.6989145953266416,46.224860895572419,-6.9901717205466412,103.09677311210908,53.629333533777753,298.24326857924461,202.86184466368323,141.96928582972058,148.94675108116056,158.32108234737814,170.07532306396601,207.85871762368618,211.08619604147438,246.7210911118122,251.10085942447972,271.56365419827284,276.79633816890885,8.5001959514171119,7.4501239615736381,-1.5100852150232242,-8.9602091765968623,14.773498016571608,3.7397210470547009,-11.033776969516907,1.9682945360895303,-1.4206510792085112,-3.3889456152980415,3.0289828726720032,-0.32655200695847952,-3.3555348796304827,1.8135144067329634,-2.8291244450450677,-4.642638851778031,-10.2452801487388,-16.932777865119618,-21.463821989613137,-23.74151401757004,-21.629266684879269,-28.050150721783666,-2.4697337051118211,-4.9711190359586794,1.556659208394791,-4.665557180143594,-14.003391462461707,-14.537646495836839,0.26142503624004887,0.37223125752340552,0.36354359038169598
3297,2017,106.5754875040883,36.47516684693052,7,10,24.862259055339813,2.6666717529296875,146.97568970918655,161.65734601020813,-14.681656301021576,162.29567956924438,-15.319989860057831,164.01281494950308,90.390694772124334,377.94762164726853,199.23143666099978,137.73651215535202,133.91294512374552,161.05357601275824,160.40546955848765,200.91050519368829,198.30922296800665,231.57621789387579,233.70983094525866,263.28582441165827,262.92178385505952,-0.035271086657473916,-2.818438075098527,0.15681567751747139,2.9752537526159983,0.91981118158173558,0.55270250848320757,-0.36710867309852802,-1.4099993402422797,1.1420594068237904,2.5520587470660701,3.0231499393561023,1.1653711572672876,-1.8577787820888148,0.53934011239135771,0.8643070298908242,0.32496691749946649,61.393991273827851,64.686967432498932,-3.2929761586710811,64.830140590667725,-3.4361493168398738,63.478833947940075,38.746753260667901,123.5858977882308,209.82121770400548,167.82389863927071,141.47780682852914,183.31783131665031,163.78311168631649,205.11735444180954,194.75161610204154,230.95101833585846,223.43935488528874,264.03505232351375,250.71348320599063,-12.527128438341634,-24.167286237024399,1.4341219712592022,25.601408208283601,-17.030647478505415,1.9713126038605253,19.00196008236594,-8.2753888665043576,2.0213796763063385,10.296768542810696,-5.3947733077369833,2.0311539934236009,7.4259273011605842,-12.532524489146198,1.3712824298694386,13.903806919015636,85.581698447465897,96.970378339290619,-11.388679891824722,97.465537905693054,-11.883839458227158,100.53398100249433,51.643941243410154,254.3617237098515,192.11774646942879,129.51029991460055,130.47936518359515,145.91229355358445,157.11331792486737,187.32292665446374,201.0182944794868,232.13873449882516,239.89345437542855,261.65338258178156,266.88404617804542,8.3229941852311811,3.3576227894976682,0.30065539609552161,-3.0569673934021466,12.838387032272152,-0.074527912866415136,-12.912914945138567,14.0159455803919,0.64369384489546633,-13.372251735496434,8.4208589034966224,0.58298647666146053,-7.8378724268351618,5.7180093812580139,0.51566404273114586,-5.2023453385268681,-12.49185735168416,-20.850122623572815,-21.348848161925872,-27.524909026522067,-17.950458660087151,-29.869034510777567,-6.8653895262620779,-22.291334446896258,-8.4179232470930856,-13.815632211233606,-13.071864601537555,-18.250533870404212,0.32699212988717047,0.38703581770414824,0.42865865074218951
3299,2017,107.07548979122922,36.47516684693052,7,10,24.862259055339813,1.909088134765625,160.12052497451805,172.43612737385774,-12.315602399339696,172.97159011832991,-12.851065143811866,177.27432133919592,81.104649549968599,354.45622106641531,199.40299824577403,136.99238703777971,134.47552456113263,161.73659547087291,161.27505028256613,199.35378462662311,199.41564589694005,231.32437804371312,235.26963849462206,263.73810444730128,265.15656832571113,0.82481011360729894,-1.3973922521997793,0.23306303251672489,1.6304552847165041,0.8180283650752358,0.5438132262037243,-0.2742151388715115,0.86055973213353809,0.87997439541328504,0.019414663279746947,4.6117508146037949,0.86574928992530431,-3.7460015246784906,1.8431600063668725,0.57281529521276298,-1.2703447111541095,54.611030268441937,66.612124603730081,-12.001094335288144,67.133911245174204,-12.522880976732267,56.657903401730437,29.9435137145515,106.33001413580496,206.48626743336288,163.00076486533067,138.85065233030446,179.82868573683265,162.67720924721348,202.92864760221306,194.17732769604208,231.11794466647407,224.07453084280351,264.58547020940057,250.41237472245484,-10.081261050068406,-21.107576427014749,1.0905731151183602,22.198149542133109,-15.030025556274182,1.4525435269992215,16.482569083273404,-6.6539310276305343,1.4655514044111726,8.1194824320417069,-5.752137074714966,1.4789255026912542,7.2310625774062203,-14.144287401160369,1.0877050826908885,15.231992483851258,105.50949463579309,105.82400378069724,-0.31450914490415016,105.83767839360917,-0.32818375781607756,120.61641790816066,51.161135850614301,248.12620702013373,195.83197779779604,129.98323737252409,132.33403446462174,155.36396101520009,159.91620550339221,189.81199745600688,202.61768692172265,231.54473229792052,242.05220045313644,261.91969593158746,269.84571914238899,6.7055202716950362,4.1401666114855402,-0.016472147336685339,-4.1566387588222256,6.8804030175352295,0.12060017272008849,-6.759802844815141,13.018295656311011,0.84159053131523365,-12.176705124995777,10.775119190613083,0.39138830987306505,-10.383730880740018,7.5747035055712217,0.20531829420644954,-7.3693852113647722,-10.906071163675705,-16.786781321763442,-19.71018417481497,-25.247743038500289,-15.848053921349418,-21.910428573809412,-7.5144907597640724,-19.672226683941545,-10.363887889318761,-16.527256265328049,-15.987447407527242,-21.718990906731591,0.29998066846139976,0.31960581190617815,0.3691960187326041
3354,2017,99.575455484115338,36.225165703360062,6,10,24.940827846244812,-2.1666717529296875,68.325805863576534,77.616552268469604,-9.2907464048930706,78.020497576449998,-9.694691712873464,92.182077354034845,67.738459069081728,266.43702756427228,197.37735753095569,146.0947674190636,147.22974888016205,165.02313193350062,166.06942252721103,195.66667561703585,197.29087446689442,227.90772822946175,230.05276476728653,253.47847033264927,252.86648082203163,0.86065953371755199,1.3029365439569744,0.023511937567093355,-1.2794246063898811,0.68117113780309069,-0.29050364675788387,-0.97167478456097456,1.0121924717185209,-0.47262255330096536,-1.4848150250194863,1.5052364302583214,-0.45379266405052476,-1.9590290943088462,-0.90738039402884851,-0.27295303096033763,0.63442736306851089,0.72792410850524902,6.1058140745087712,-5.3778899660035222,6.3396353566736252,-5.6117112481683762,0.72792410850524902,0.4076900382696067,1.5754501228220761,207.6791234268959,197.01141913209938,182.18631386033138,198.14920481765998,196.91967626688839,198.69319709324947,211.03203722614077,213.58018007446967,225.56888313523453,219.87461318785026,242.23429066540888,3.7968020083828833,-14.090072354415952,-1.8471243153450132,12.242948039070939,-2.2237363390250948,-2.0392213740947511,0.18451496493034369,13.729865374997615,-2.0439346991232128,-15.773800074120828,13.549244203217825,-1.8601891559799242,-15.409433359197749,19.865900086178954,-1.1487461618856116,-21.014646248064565,67.597881725268962,71.510738241768195,-3.9128565164992324,71.680862328430521,-4.082980603161559,91.454153215727274,67.330769246982527,264.86157756112516,197.30368034128628,145.93859833126828,146.21756968412214,164.71074070865487,163.57951692794998,195.36761608161049,194.17004952138706,228.05157180291266,230.70773227604613,253.50920676461993,253.59393205454074,-0.096525673470296169,0.47933418340133471,0.016316827424788016,-0.4630173559765467,-1.4009080579281203,-0.09366493780851215,1.3072431201196082,-1.3719095167349167,-0.13483021974573717,1.2370792969891795,2.3778938734812129,-0.21016518490259273,-2.5880590583838057,-0.1408830230812157,-0.25437782071281845,-0.11349479763160275,2.9361424746653313,3.8933276818531795,-15.393008898372926,-14.569406537817287,-2.9049074768281855,-0.82282828109697448,12.717672903279094,15.101774891732532,12.044007772959503,11.171350329736612,20.773280480207802,20.006783109260169,0.0059130299464177595,0.0078965904153969202,0.0060185903823680442
3357,2017,101.32546348910857,36.225165703360062,6,10,24.940827846244812,-0.0434722900390625,110.49113288521767,99.161068677902222,11.330064207315445,98.668457388877869,11.822675496339798,133.57870038843066,95.268180491149906,353.59255006164312,196.64544820717322,139.92138812433245,139.42927680115244,166.62989981405107,163.23749035002174,196.24701104571753,197.69329145134392,224.82478084656674,228.97080512299203,255.12645767119704,255.54575675651427,0.68321383300175853,-0.46427898015599567,-0.0018749964136475228,0.46240398374234815,-3.5064277833944573,-0.00083247506901784618,3.5055953083254394,1.2698701907491454,-0.015450956835508123,-1.2853211475846535,4.1906475608315361,-0.015118222335161136,-4.2057657831666972,0.35243359123242612,-0.0057239858186335368,-0.35815757705105966,40.973736479878426,31.375508343800902,9.5982281360775232,30.95819453895092,10.015541940927505,41.323465554994982,38.061663797358051,81.577263272105483,206.21046649682933,175.10467919641809,173.4927426637947,187.95335062385936,188.57224985730736,202.96003965184363,207.72509433653292,223.11769284931677,226.46528504370059,243.7964264991011,243.96896743553975,1.6899576574683408,-1.6211280358615454,-0.037824913395866133,1.5833031224656793,0.75384360120258975,-0.046347869387062701,-0.80019147058965245,4.404789046508796,-0.041561613766674554,-4.4463506602754705,3.1473274073092625,-0.040875929157976998,-3.1882033364672395,-0.50707266226049796,-0.037311002996943898,0.46976165926355407,69.517396450042725,67.785560250282288,1.731836199760437,67.710263133049011,1.8071333169937134,92.255234990596364,57.206516446292881,272.01528653502464,191.56508326663698,134.99388741955917,134.4568153367486,152.05171707281824,151.59656105428698,185.49463863973696,186.24707593709331,226.85843909699315,231.37609073619618,259.89393467748312,260.2059256709025,0.74644340718896274,-0.44072081585522938,0.0016542989439471967,0.44237511479917657,-0.42879881699582256,0.000538595911621087,0.42933741290744365,0.70486767532952399,0.013734553015922302,-0.69113312231360169,4.4246851548424218,0.0091800733139564272,-4.4155050815284653,0.27694231843298667,0.0033571611562592807,-0.27358515727672739,1.0067438244665823,0.94351425027937807,-1.1568490557055497,-1.180407220006316,4.260271384597047,1.1826424181984123,3.1349188557596506,3.699921371179272,-1.0433201535222736,-1.2773577475331592,-0.85950625349292409,-0.78401498069348463,0.23070979085357937,0.309356697099398,0.39952126304011709
3358,2017,101.57546463267903,36.225165703360062,6,10,24.940827846244812,-5.8636322021484375,97.886523511355335,97.928043755162435,-0.041520243807099178,97.929850270425959,-0.043326759070623666,130.59632351208347,136.01258466559739,397.27160807698965,190.34901172101291,131.10448001645989,133.07622282831008,156.90045192544011,158.97791347140284,191.60170481951801,195.87685459172516,222.13056042267783,228.36414489112624,251.53546626284287,252.04701549647271,1.6667742337375273,0.6200589803263199,-1.2364328730818954,-1.8564918534082153,0.33814955151058257,-1.7756683005981131,-2.1138178521086957,1.5631690325427599,-2.711193540134019,-4.2743625726767789,3.3195747343807795,-2.7991240108622719,-6.1186987452430515,-1.1044726034126597,-1.572097037999356,-0.46762443458669622,26.823097323371258,32.155174948824424,-5.3320776254531665,32.387004541733404,-5.5639072183621465,26.985003297520961,74.981405173357416,105.29874067212222,205.78745525447536,174.57248664773303,174.05302264246012,188.89324112144305,190.87189144976654,202.38476102923761,211.4166058395902,222.60345617556214,231.33606393077574,243.7308350524836,247.74310241821871,-0.24809091500671343,-5.680664442054308,-5.2653599503828161,0.41530449167149186,-3.4095560729209069,-5.453625442917172,-2.0440693699962651,3.6432825463600125,-5.4420196091147659,-9.0853021554747784,3.3111908107409249,-5.3042447436303632,-8.6154355543712882,-1.0084675056126287,-4.7294119298217083,-3.7209444242090797,71.063426495553358,65.772869400352647,5.290557095200711,65.542846026715779,5.5205804688375792,103.61132055193411,61.031179343228359,291.9728674814105,180.78767329913023,124.26717701623093,126.23426227385525,139.84877687561129,143.30387307532487,170.10188134624966,173.40695392398135,221.20895762394167,223.43388570496924,255.93203493739784,255.59000895589062,2.2649569372051701,0.80499592160585109,-1.3061444637224184,-2.1111403853282695,1.6169845423874563,-1.9232524803602757,-3.540237022747732,3.3933025384281166,-0.033990420892592965,-3.4272929593207095,3.3706141574941455,1.3317242747017701,-2.0388898827923754,-0.46532264466884499,0.15851950816309568,0.62384215283194067,-1.9148651487442407,-2.5130478522118835,-6.3007234223806279,-6.4856603636601591,-3.7477056244314895,-5.0265406153083632,2.0801135138172526,0.2499800079318959,-0.0083839236398546291,-0.059423346753220585,0.096005097800031081,-0.54314486094378367,0.26505478501679319,0.20662911919587204,0.5512828489930387
3359,2017,101.8254657762495,36.225165703360062,6,10,24.940827846244812,-2.3478240966796875,97.194555201302137,97.242555797462046,-0.048000596159909037,97.244643364234435,-0.050088162932297564,122.71316942800331,139.29911842539514,388.75606450811028,191.68834061776965,133.62846396557904,133.81772772325237,159.22578816913284,159.19733639130163,192.6369854072646,194.45830267473642,222.30692123350372,227.09992957826157,251.25307824120176,251.23749277959837,0.9415074693255292,-0.44207192495693448,-0.61971262151161,-0.17764069655467551,-0.83941340981070311,-0.82713636159868997,0.012277048212013142,0.74048286387514395,-1.0426527071496139,-1.7831355710247578,3.6128030490102958,-1.1314499370689646,-4.7442529860792604,-0.72859074644301813,-0.64284638960805296,0.085744356834965174,33.284828180630939,35.262721073138891,-1.9778928925079526,35.348716386182787,-2.0638882055518479,33.950395287198262,79.060438519160016,117.68773074389901,204.16687547962974,169.62567359703641,166.15988748414634,184.82115570071915,183.90587782583614,201.44222213228826,206.86148197898527,223.04255548894091,228.7064688508635,245.70839306387487,246.92504471970307,0.078745948738514926,-5.1898461230049975,-2.1046740212603083,3.0851721017446891,-2.5700059245109514,-2.1682185885748595,0.40178733593609195,3.3140404599475346,-2.1600275825962569,-5.4740680425437915,3.5870886411848346,-2.0946329616723176,-5.6817216028571522,-0.67890080513910789,-1.8699226070256429,-1.1910218018865351,63.909726795291135,61.979836129245996,1.9298906660451394,61.895927529394612,2.0137992658965231,88.762773921944245,60.238680012405894,271.06833384558558,182.22393885991497,126.1667814767649,126.61304471120835,140.79204948152983,142.83688649735979,172.47954832766183,175.81957090168251,220.81173896836242,224.52144517596304,255.39276679014205,254.93995795936584,1.8403642202227957,0.15404931412162171,-0.33389148395428947,-0.48794079807591118,1.6489646278819521,-0.50440351707410969,-2.1533681449560618,3.4813132608014996,0.059123001564955757,-3.4221902592365439,3.9864543698828072,0.37776674884409545,-3.6086876210387118,-0.40863592396985382,0.20811883276880394,0.61675475673865776,-0.86276152058701427,-1.7616182714842807,-4.747774198048063,-5.3438954371266192,-1.7305925147002483,-4.2189705523929035,2.5735575960723907,-0.16727280085396501,-0.025714407825461194,-0.3993657286979726,0.049689941303910246,-0.27026488116925407,0.30272898994594022,0.27666464361934029,0.56755878581889707
3360,2017,102.07546691981996,36.225165703360062,6,10,24.940827846244812,2.18182373046875,100.09964340573424,95.287234640059978,4.8124087656742631,95.077998481314353,5.0216449244198884,118.35922747116638,95.635436505710459,326.84963990747929,193.80813648736134,137.43436955590175,137.17213192257435,162.02714183968553,161.17212228643731,192.86565977471076,195.10359924305169,223.14982984900089,226.71564237278858,253.59490086677712,252.31040062847134,1.7257782627318647,0.22211478959991382,0.49968226857237141,0.27756747897245759,-0.278505086334917,0.43173095586678301,0.7102360422017,3.0124257019940046,0.87333597569440258,-2.139089726299602,4.5271919889181049,0.87775739484143855,-3.6494345940766664,-0.87521218887431473,0.43546717158150727,1.310679360455822,42.7462698953168,35.832321987452815,6.9139479078639852,35.531715976794658,7.2145539185221423,43.106654266444821,44.603345574887953,94.922074452786546,201.18951542537633,167.34668400257553,163.91204151797814,181.92317196519369,181.16217457661233,198.91982724818337,202.59918218154098,217.95433308424126,223.16657327099517,243.15988730047366,240.83397782790072,2.987925819249142,-1.0426150571714743,1.8289488706386123,2.8715639278100866,1.5878322639782709,1.9906975295848497,0.40286526560657876,5.7960432490271501,2.029255836963813,-3.7667874120633371,7.1757750985948405,2.0113213857784444,-5.1644537128163961,-0.40239400197125974,1.8545796069589926,2.2569736089302523,57.353373674330214,59.454912411479199,-2.1015387371489851,59.546282742938274,-2.1929090686080599,75.252573413104983,51.032090847680593,231.92756543681026,188.68145884552416,131.14902527787567,131.71065840944055,146.05669510313916,147.31626262514388,181.43287915051599,183.90657595998994,228.66321797635484,231.44273260713294,258.65572238723627,259.12036878690208,1.2737216319388835,1.1683034588784551,0.49134138282352069,-0.67696207605493441,1.6814960028987969,0.3057743102496886,-1.3757216926491083,1.934794142552164,-0.5846421302825604,-2.5194362728347244,2.3088314126468958,-0.4342160566628479,-2.7430474693097437,0.3289703661186536,-0.24102899637227893,-0.56999936249093253,1.2621475565172773,1.7142041873102585,-1.2647298467713881,-2.2109185160499294,1.8663373503131879,-0.09366373892052593,2.7836175470331455,3.8612491064749861,2.6485831096767356,4.8669436859479447,0.47281818690305499,-0.73136436808991334,0.29041511099616313,0.36420188934526526,0.46638931346566975
